g A005_L_001
v 0.7449365 -24.187386 3.6750708
v 0.74487793 19.333239 3.641836
v 1.144956 -24.187386 3.2732153
v 1.1448975 19.333239 3.2399778
v 1.144956 -24.187386 3.2732153
v 0.74487793 19.333239 3.641836
v 1.144956 -24.187386 3.2732153
v 0.74401855 -24.588331 3.2741284
v 0.7449365 -24.187386 3.6750708
v -3.1329346 -24.18739 3.1294994
v -2.7310889 -24.187386 3.5295434
v -2.7320068 -24.6571 3.128601
v 1.2070653 -24.187374 -19.856052
v 1.2079736 -25.16138 -19.45511
v 1.608911 -24.18738 -19.456018
v -2.2689502 -24.187378 -20.001581
v -2.6689696 -24.18738 -19.599731
v -2.2680614 -25.161377 -19.600647
v 1.2079736 -25.16138 -19.45511
v 0.74401855 -24.588331 3.2741284
v 1.608911 -24.18738 -19.456018
v 1.144956 -24.187386 3.2732153
v 1.608911 -24.18738 -19.456018
v 0.74401855 -24.588331 3.2741284
v -2.7320068 -24.6571 3.128601
v -2.2680614 -25.161377 -19.600647
v -3.1329346 -24.18739 3.1294994
v -2.6689696 -24.18738 -19.599731
v -3.1329346 -24.18739 3.1294994
v -2.2680614 -25.161377 -19.600647
v 0.74401855 -24.588331 3.2741284
v -2.7320068 -24.6571 3.128601
v 0.7449365 -24.187386 3.6750708
v -2.7310889 -24.187386 3.5295434
v 0.7449365 -24.187386 3.6750708
v -2.7320068 -24.6571 3.128601
v -6.811958 -20.01134 2.7935545
v -6.813457 -26.567549 2.8091576
v -6.9819384 -20.01134 2.587268
v -6.983447 -26.567549 2.6028686
v -6.9819384 -20.01134 2.587268
v -6.813457 -26.567549 2.8091576
v -0.40575194 -26.827106 3.0458128
v -0.40424803 -20.011343 3.0302148
v -0.19947265 -26.827106 2.8758202
v -0.19795898 -20.011343 2.8602197
v -0.19947265 -26.827106 2.8758202
v -0.40424803 -20.011343 3.0302148
v -0.19947265 -26.827106 2.8758202
v -0.58230954 -26.917921 2.6275487
v -0.40575194 -26.827106 3.0458128
v -6.983447 -26.567549 2.6028686
v -6.813457 -26.567549 2.8091576
v -6.694336 -26.917921 2.4018114
v -0.2122168 -26.567535 -20.317865
v -0.23037109 -26.921938 -20.12973
v -0.042236328 -26.567535 -20.111584
v -6.619917 -26.567535 -20.554522
v -6.826201 -26.567535 -20.384535
v -6.5443554 -26.917917 -19.917055
v -0.23037109 -26.921938 -20.12973
v -0.58230954 -26.917921 2.6275487
v -0.042236328 -26.567535 -20.111584
v -0.19947265 -26.827106 2.8758202
v -0.042236328 -26.567535 -20.111584
v -0.58230954 -26.917921 2.6275487
v -6.5443554 -26.917917 -19.917055
v -0.23037109 -26.921938 -20.12973
v -6.619917 -26.567535 -20.554522
v -0.2122168 -26.567535 -20.317865
v -6.619917 -26.567535 -20.554522
v -0.23037109 -26.921938 -20.12973
v -0.58230954 -26.917921 2.6275487
v -6.694336 -26.917921 2.4018114
v -0.40575194 -26.827106 3.0458128
v -6.813457 -26.567549 2.8091576
v -0.40575194 -26.827106 3.0458128
v -6.694336 -26.917921 2.4018114
v -1.9382129 -20.517187 -7.5838494
v -2.1436815 -20.68059 -3.672251
v -2.1454687 -20.517187 -3.4667919
v -5.423501 -20.517187 -3.6975486
v -5.219844 -20.517187 -3.490283
v -5.2180467 -20.68059 -3.6957445
v -2.1955907 -20.517178 -19.142864
v -2.1973975 -20.68058 -18.937405
v -1.9919385 -20.517178 -18.935604
v -5.2699656 -20.517178 -19.166351
v -5.4772263 -20.517178 -18.962694
v -5.271782 -20.68058 -18.960897
v -0.98944336 0.7054077 -12.769057
v -0.99004394 3.7269933 -12.786087
v -0.79126465 0.7054065 -12.9815645
v -0.79185545 3.726994 -12.998598
v -0.79126465 0.7054065 -12.9815645
v -0.99004394 3.7269933 -12.786087
v -0.79126465 0.7054065 -12.9815645
v -0.9966162 0.35630935 -12.9744
v -0.98944336 0.7054077 -12.769057
v -4.7789645 0.70540726 -12.834579
v -4.5664597 0.7054074 -12.636394
v -4.573628 0.35630935 -12.841738
v -1.4327295 0.70541257 -17.803684
v -1.4255712 0.3563147 -17.598341
v -1.2202295 0.70541257 -17.605505
v -5.009746 0.70541257 -17.671019
v -5.207925 0.70541245 -17.458515
v -5.0025926 0.35631484 -17.46568
v -1.2863916 -1.8876861 -7.7364264
v -1.2867285 8.796906 -7.757248
v -1.0391308 -1.8876861 -7.9914823
v -1.039458 8.796907 -8.012311
v -1.0391308 -1.8876861 -7.9914823
v -1.2867285 8.796906 -7.757248
v -1.0391308 -1.8876861 -7.9914823
v -1.2903076 -2.1388762 -7.987578
v -1.2863916 -1.8876861 -7.7364264
v -6.7809324 -1.8876873 -8.011636
v -6.525879 -1.8876879 -7.7643695
v -6.529775 -2.138878 -8.015527
v -1.5855273 -1.887677 -21.089909
v -1.5816357 -2.1388664 -20.838749
v -1.3304784 -1.887677 -20.842651
v -6.825 -1.8876764 -21.117851
v -7.0722604 -1.8876776 -20.862797
v -6.821118 -2.1388679 -20.866693
v -0.19152832 -19.315947 -11.426444
v -0.19103515 -10.515139 -11.443477
v 0.019863281 -19.315948 -11.625809
v 0.02036621 -10.515139 -11.642842
v 0.019863281 -19.315948 -11.625809
v -0.19103515 -10.515139 -11.443477
v 0.019863281 -19.315948 -11.625809
v -0.18552734 -19.521414 -11.6318245
v -0.19152832 -19.315947 -11.426444
v -3.9690576 -19.315948 -11.734763
v -3.7696922 -19.315947 -11.523363
v -3.7636817 -19.521414 -11.728744
v -0.16723144 -19.315937 -17.348337
v -0.17325196 -19.521406 -17.142958
v 0.032124024 -19.315937 -17.136944
v -3.7453954 -19.315937 -17.445253
v -3.9567919 -19.315937 -17.245892
v -3.7514257 -19.521406 -17.23988
v -1.00104 -17.559172 -4.542834
v -1.0009521 -12.460698 -4.5580945
v -0.81586426 -17.559174 -4.725837
v -0.81577146 -12.460698 -4.7411003
v -0.81586426 -17.559174 -4.725837
v -1.0009521 -12.460698 -4.5580945
v -0.81586426 -17.559174 -4.725837
v -0.9999658 -17.743267 -4.726921
v -1.00104 -17.559172 -4.542834
v -4.3911524 -17.559174 -4.7399073
v -4.2081494 -17.559172 -4.5547266
v -4.2070603 -17.743267 -4.7388144
v -0.95523924 -17.559153 -14.706231
v -0.956333 -17.743248 -14.522139
v -0.7722412 -17.559153 -14.521054
v -4.1623435 -17.559153 -14.7181225
v -4.347524 -17.559153 -14.535118
v -4.163442 -17.743248 -14.534028
v 0.117778316 -18.452513 5.542983
v 0.11774902 -8.446464 5.5259542
v 0.32297364 -18.452515 5.3372436
v 0.32295898 -8.446464 5.320217
v 0.32297364 -18.452515 5.3372436
v 0.11774902 -8.446464 5.5259542
v 0.32297364 -18.452515 5.3372436
v 0.11749511 -18.657982 5.337517
v 0.117778316 -18.452513 5.542983
v -3.667412 -18.452513 5.350337
v -3.4616747 -18.452513 5.5555444
v -3.4619482 -18.657982 5.3500733
v -0.11271972 -18.452492 -8.39304
v -0.11245605 -18.657959 -8.187571
v 0.09301269 -18.452492 -8.187844
v -3.692168 -18.452492 -8.380478
v -3.8973682 -18.452492 -8.174744
v -3.691914 -18.657959 -8.175014
v -1.9352881 2.2675078 -7.2924404
v -1.9396044 12.547713 -7.0338483
v -1.773916 2.2876396 -7.436224
v -1.7782274 12.567846 -7.1776323
v -1.773916 2.2876396 -7.436224
v -1.9396044 12.547713 -7.0338483
v -1.773916 2.2876396 -7.436224
v -1.951626 2.1022112 -7.5489297
v -1.9352881 2.2675078 -7.2924404
v -6.6885986 2.2005095 -7.491617
v -6.5456247 2.215865 -7.329
v -6.488291 2.0591571 -7.5807743
v -1.8788965 2.3253589 -18.607956
v -1.8683447 2.1543152 -18.456203
v -1.7359277 2.3407128 -18.445347
v -6.489233 2.273717 -18.644514
v -6.650605 2.253585 -18.500734
v -6.4536276 2.1109788 -18.489262
v -1.8683447 2.1543152 -18.456203
v -1.951626 2.1022112 -7.5489297
v -1.7359277 2.3407128 -18.445347
v -1.773916 2.2876396 -7.436224
v -1.7359277 2.3407128 -18.445347
v -1.951626 2.1022112 -7.5489297
v 0.08030762 7.5488205 -9.091691
v 0.080209956 16.34963 -9.108731
v 0.28461912 7.5488195 -9.298308
v 0.28453124 16.34963 -9.315349
v 0.28461912 7.5488195 -9.298308
v 0.080209956 16.34963 -9.108731
v 0.28461912 7.5488195 -9.298308
v 0.079145506 7.343352 -9.297157
v 0.08030762 7.5488205 -9.091691
v -3.7056737 7.5488195 -9.268083
v -3.4990575 7.5488205 -9.063763
v -3.5002148 7.343352 -9.269229
v -0.10193359 7.548829 -16.21974
v -0.100791015 7.3433604 -16.014277
v 0.10467285 7.548829 -16.015429
v -3.6812987 7.548829 -16.191807
v -3.885615 7.548829 -15.985194
v -3.680161 7.3433604 -15.986348
v 0.2867578 -12.811296 -6.332189
v 0.287041 -5.023553 -6.349221
v 0.4956787 -12.811296 -6.5341454
v 0.49597168 -5.023553 -6.5511765
v 0.4956787 -12.811296 -6.5341454
v 0.287041 -5.023553 -6.349221
v 0.4956787 -12.811296 -6.5341454
v 0.29023436 -13.016765 -6.5376267
v 0.2867578 -12.811296 -6.332189
v -3.4942772 -12.811298 -6.5940228
v -3.292329 -12.811296 -6.385086
v -3.2888427 -13.0167675 -6.5905266
v 0.31069335 -12.811281 -15.346846
v 0.30719727 -13.01675 -15.141408
v 0.51263183 -12.811281 -15.137919
v -3.2683885 -12.811281 -15.399741
v -3.4773192 -12.811281 -15.197793
v -3.2718945 -13.01675 -15.194306
v 2.497251 -7.0346355 11.061704
v 2.4958692 9.3908 11.016663
v 2.707993 -7.0368924 10.861657
v 2.7066162 9.388545 10.816626
v 2.707993 -7.0368924 10.861657
v 2.4958692 9.3908 11.016663
v 2.707993 -7.0368924 10.861657
v 2.502749 -7.1740594 10.85881
v 2.497251 -7.0346355 11.061704
v -5.555571 -7.0381036 10.879597
v -5.3555174 -7.035391 11.090324
v -5.3500147 -7.174816 10.887434
v 2.3090918 -7.073799 -5.0788593
v 2.3039062 -7.208255 -4.870987
v 2.5091357 -7.0710883 -4.868138
v -5.543677 -7.074555 -5.0502286
v -5.754419 -7.072298 -4.850192
v -5.548872 -7.2090106 -4.842365
v -3.4278808 15.597683 18.833904
v -3.4447997 -11.103346 18.94404
v -3.631748 15.597688 18.587158
v -3.6557078 -11.103341 18.582151
v -3.631748 15.597688 18.587158
v -3.4447997 -11.103346 18.94404
v 3.3486814 -11.103355 18.931404
v 3.3504686 15.597658 18.91272
v 3.5954149 -11.103353 18.727526
v 3.597207 15.597658 18.70884
v 3.5954149 -11.103353 18.727526
v 3.3504686 15.597658 18.91272
v 3.5954149 -11.103353 18.727526
v 3.3700976 -11.324367 18.706097
v 3.3486814 -11.103355 18.931404
v -3.6557078 -11.103341 18.582151
v -3.4447997 -11.103346 18.94404
v -3.4233642 -11.324361 18.718723
v 3.6910937 -11.103329 -2.7405176
v 3.6696727 -11.324347 -2.515211
v 3.8949804 -11.103331 -2.493778
v -3.154414 -11.103321 -3.1190698
v -3.4011474 -11.103324 -2.9151952
v -3.1758494 -11.324342 -2.8937645
v -4.872295 -22.574717 -0.006685791
v -4.718384 -22.529467 -0.14047486
v -4.860332 -14.287563 -0.0051904297
v -4.706416 -14.287563 -0.1389746
v -4.860332 -14.287563 -0.0051904297
v -4.718384 -22.529467 -0.14047486
v -1.8889501 -14.2875595 13.272131
v -1.735039 -14.2875595 13.138342
v -1.8889403 -22.529463 13.272126
v -1.7350292 -22.529463 13.138342
v -1.8889403 -22.529463 13.272126
v -1.735039 -14.2875595 13.138342
v -4.718384 -22.529467 -0.14047486
v -4.872295 -22.574717 -0.006685791
v -4.728003 -22.669502 0.011383057
v -6.421909 -22.529463 12.447346
v -6.412295 -22.669502 12.295495
v -6.5565867 -22.529463 12.277429
v -0.050742187 -22.529463 0.85423213
v -0.18541503 -22.529463 0.6843103
v -0.19503418 -22.669497 0.836167
v -1.7350292 -22.529463 13.138342
v -1.8793212 -22.669497 13.12028
v -1.8889403 -22.529463 13.272126
v -4.728003 -22.669502 0.011383057
v -4.872295 -22.574717 -0.006685791
v -6.412295 -22.669502 12.295495
v -6.5565867 -22.529463 12.277429
v -6.412295 -22.669502 12.295495
v -4.872295 -22.574717 -0.006685791
v 2.6225927 8.279107 7.8662767
v 2.6224267 18.011147 7.8492455
v 2.8261132 8.279105 7.6588745
v 2.825952 18.011147 7.641853
v 2.8261132 8.279105 7.6588745
v 2.6224267 18.011147 7.8492455
v 2.548833 18.011171 -13.20681
v 2.548823 8.279118 -13.206828
v 2.7562256 18.011173 -13.003297
v 2.7562158 8.279118 -13.003309
v 2.7562256 18.011173 -13.003297
v 2.548823 8.279118 -13.206828
v 2.8261132 8.279105 7.6588745
v 2.6206446 8.073638 7.6608176
v 2.6225927 8.279107 7.8662767
v -4.876792 8.279104 7.6346164
v -4.6693945 8.279105 7.838137
v -4.671333 8.073637 7.632683
v 2.548823 8.279118 -13.206828
v 2.5507567 8.073648 -13.001371
v 2.7562158 8.279118 -13.003309
v -4.7431593 8.279116 -13.234965
v -4.9466796 8.279116 -13.027564
v -4.7412353 8.0736475 -13.029504
v -0.27478516 11.669852 -10.128459
v -0.27910644 19.915514 -9.869869
v -0.11341797 11.689984 -10.2722435
v -0.117724605 19.93565 -10.013654
v -0.11341797 11.689984 -10.2722435
v -0.27910644 19.915514 -9.869869
v -0.11341797 11.689984 -10.2722435
v -0.29112792 11.504556 -10.384949
v -0.27478516 11.669852 -10.128459
v -5.026206 11.602854 -10.327635
v -4.8832374 11.618209 -10.165018
v -4.825898 11.461501 -10.416792
v -0.21839844 11.7277 -18.129366
v -0.20784667 11.556656 -17.977613
v -0.075429685 11.743054 -17.966757
v -4.826841 11.676058 -18.165924
v -4.9882126 11.655927 -18.022144
v -4.7912354 11.51332 -18.010674
v -0.20784667 11.556656 -17.977613
v -0.29112792 11.504556 -10.384949
v -0.075429685 11.743054 -17.966757
v -0.11341797 11.689984 -10.2722435
v -0.075429685 11.743054 -17.966757
v -0.29112792 11.504556 -10.384949
v -2.4779882 2.1018176 -0.7028711
v -2.298457 2.1656213 -0.92114013
v -2.524033 22.10324 -0.700437
v -2.3441553 22.104284 -0.9187182
v -2.524033 22.10324 -0.700437
v -2.298457 2.1656213 -0.92114013
v 7.2740674 22.154894 11.426113
v 7.453935 22.155935 11.207825
v 7.3364844 2.2163098 11.422997
v 7.5163574 2.2173498 11.204712
v 7.3364844 2.2163098 11.422997
v 7.453935 22.155935 11.207825
v 7.5155516 22.15803 -0.5561621
v 7.2923923 22.156868 -0.757727
v 7.5779734 2.2194495 -0.55927
v 7.354814 2.2182872 -0.7608398
v 7.5779734 2.2194495 -0.55927
v 7.2923923 22.156868 -0.757727
v -2.298457 2.1656213 -0.92114013
v -2.4779882 2.1018176 -0.7028711
v -2.2757518 1.9714563 -0.7112549
v -2.3167772 2.1636438 11.262708
v -2.337368 1.9693578 11.052727
v -2.5399463 2.162483 11.061135
v 7.5779734 2.2194495 -0.55927
v 7.354814 2.2182872 -0.7608398
v 7.377519 2.0241222 -0.5509619
v 7.5163574 2.2173498 11.204712
v 7.315903 2.0220227 11.213025
v 7.3364844 2.2163098 11.422997
v -2.2757518 1.9714563 -0.7112549
v -2.4779882 2.1018176 -0.7028711
v -2.337368 1.9693578 11.052727
v -2.5399463 2.162483 11.061135
v -2.337368 1.9693578 11.052727
v -2.4779882 2.1018176 -0.7028711
v -1.6684033 6.197279 -17.08939
v -1.4888672 6.2610826 -17.307655
v -1.7144433 26.198704 -17.086952
v -1.5345654 26.199745 -17.305233
v -1.7144433 26.198704 -17.086952
v -1.4888672 6.2610826 -17.307655
v -1.4888672 6.2610826 -17.307655
v -1.6684033 6.197279 -17.08939
v -1.4661621 6.0669174 -17.09777
v -1.5071924 6.259104 0.9586633
v -1.5277783 6.064817 0.74868286
v -1.7303565 6.2579417 0.75709105
v 4.097451 6.314911 -16.945786
v 3.874292 6.313749 -17.147358
v 3.896997 6.1195836 -16.93748
v 4.035835 6.31281 0.9006677
v 3.8353856 6.1174827 0.90898067
v 3.8559618 6.31177 1.1189538
v -1.4661621 6.0669174 -17.09777
v -1.6684033 6.197279 -17.08939
v -1.5277783 6.064817 0.74868286
v -1.7303565 6.2579417 0.75709105
v -1.5277783 6.064817 0.74868286
v -1.6684033 6.197279 -17.08939
v -2.2030272 -24.279055 -9.455597
v -2.0234911 -24.21525 -9.673863
v -2.2490673 3.0163922 -9.453156
v -2.0691893 3.0174353 -9.671438
v -2.2490673 3.0163922 -9.453156
v -2.0234911 -24.21525 -9.673863
v -2.0234911 -24.21525 -9.673863
v -2.2030272 -24.279055 -9.455597
v -2.000786 -24.409416 -9.463978
v -2.0418165 -24.217234 25.898415
v -2.0624073 -24.41152 25.688429
v -2.2649853 -24.218395 25.696842
v 7.8529344 -24.161423 -9.311994
v 7.6297803 -24.162584 -9.513565
v 7.6524854 -24.35675 -9.303687
v 7.791323 -24.163527 25.861023
v 7.590869 -24.358854 25.869333
v 7.61145 -24.164568 26.079308
v -2.000786 -24.409416 -9.463978
v -2.2030272 -24.279055 -9.455597
v -2.0624073 -24.41152 25.688429
v -2.2649853 -24.218395 25.696842
v -2.0624073 -24.41152 25.688429
v -2.2030272 -24.279055 -9.455597
v -1.5574707 -8.497617 -8.5458975
v -1.5617871 -0.25195372 -8.287307
v -1.3961035 -8.477485 -8.689681
v -1.4004102 -0.23182067 -8.431091
v -1.3961035 -8.477485 -8.689681
v -1.5617871 -0.25195372 -8.287307
v -1.3961035 -8.477485 -8.689681
v -1.5738086 -8.662913 -8.802387
v -1.5574707 -8.497617 -8.5458975
v -6.310781 -8.564615 -8.745073
v -6.1678123 -8.54926 -8.582456
v -6.1104784 -8.705968 -8.83423
v -1.5010791 -8.439769 -19.861414
v -1.4905322 -8.610813 -19.709663
v -1.3581152 -8.424415 -19.698803
v -6.1114206 -8.491411 -19.897972
v -6.272788 -8.511542 -19.754192
v -6.0758104 -8.654149 -19.742722
v -1.4905322 -8.610813 -19.709663
v -1.5738086 -8.662913 -8.802387
v -1.3581152 -8.424415 -19.698803
v -1.3961035 -8.477485 -8.689681
v -1.3581152 -8.424415 -19.698803
v -1.5738086 -8.662913 -8.802387
v 2.969878 -11.588845 2.14583
v 2.9698193 3.0740929 2.112588
v 3.3698974 -11.588845 1.7439746
v 3.3698437 3.0740929 1.71073
v 3.3698974 -11.588845 1.7439746
v 2.9698193 3.0740929 2.112588
v 3.3698974 -11.588845 1.7439746
v 2.9689598 -11.989794 1.7448877
v 2.969878 -11.588845 2.14583
v -0.90799314 -11.58885 1.6002587
v -0.50614744 -11.588845 2.0003028
v -0.5070605 -12.058563 1.5993603
v 3.4320116 -11.545729 -21.385298
v 3.4329197 -12.519737 -20.984358
v 3.8338573 -11.545738 -20.985266
v -1.7673535 -11.5457325 -21.530825
v -2.167373 -11.545738 -21.128977
v -1.76646 -12.5197315 -21.129892
v 3.4329197 -12.519737 -20.984358
v 2.9689598 -11.989794 1.7448877
v 3.8338573 -11.545738 -20.985266
v 3.3698974 -11.588845 1.7439746
v 3.8338573 -11.545738 -20.985266
v 2.9689598 -11.989794 1.7448877
v -0.5070605 -12.058563 1.5993603
v -1.76646 -12.5197315 -21.129892
v -0.90799314 -11.58885 1.6002587
v -2.167373 -11.545738 -21.128977
v -0.90799314 -11.58885 1.6002587
v -1.76646 -12.5197315 -21.129892
v 2.9689598 -11.989794 1.7448877
v -0.5070605 -12.058563 1.5993603
v 2.969878 -11.588845 2.14583
v -0.50614744 -11.588845 2.0003028
v 2.969878 -11.588845 2.14583
v -0.5070605 -12.058563 1.5993603
v 6.595967 -23.935766 0.13076904
v 6.595908 -9.272825 0.0975354
v 6.995986 -23.935766 -0.27108642
v 6.9959326 -9.272825 -0.3043225
v 6.995986 -23.935766 -0.27108642
v 6.595908 -9.272825 0.0975354
v 6.995986 -23.935766 -0.27108642
v 6.595049 -23.967245 -0.27017334
v 6.595967 -23.935766 0.13076904
v -6.677959 -23.93577 -0.414801
v -6.276113 -23.935766 -0.01475708
v -6.277026 -24.036015 -0.41569945
v 7.0581 -23.892647 -23.40035
v 7.0590086 -24.497187 -22.999414
v 7.459946 -23.892656 -23.000322
v -5.8139744 -23.89265 -23.545883
v -6.213994 -23.892656 -23.144033
v -5.813081 -24.497183 -23.14495
v 7.0590086 -24.497187 -22.999414
v 6.595049 -23.967245 -0.27017334
v 7.459946 -23.892656 -23.000322
v 6.995986 -23.935766 -0.27108642
v 7.459946 -23.892656 -23.000322
v 6.595049 -23.967245 -0.27017334
v -6.277026 -24.036015 -0.41569945
v -5.813081 -24.497183 -23.14495
v -6.677959 -23.93577 -0.414801
v -6.213994 -23.892656 -23.144033
v -6.677959 -23.93577 -0.414801
v -5.813081 -24.497183 -23.14495
v 6.595049 -23.967245 -0.27017334
v -6.277026 -24.036015 -0.41569945
v 6.595967 -23.935766 0.13076904
v -6.276113 -23.935766 -0.01475708
v 6.595967 -23.935766 0.13076904
v -6.277026 -24.036015 -0.41569945
v -1.3812792 -10.925339 1.7050195
v -1.3813379 4.5389752 1.6717749
v -0.98125976 -10.925339 1.303164
v -0.98131347 4.5389752 1.269917
v -0.98125976 -10.925339 1.303164
v -1.3813379 4.5389752 1.6717749
v -0.98125976 -10.925339 1.303164
v -1.3821973 -11.326289 1.3040771
v -1.3812792 -10.925339 1.7050195
v -5.2591505 -10.925344 1.1594483
v -4.8573046 -10.925339 1.5594921
v -4.8582177 -11.395059 1.1585498
v -0.91914546 -10.882221 -21.826107
v -0.91823727 -11.856225 -21.425165
v -0.5172998 -10.882233 -21.426073
v -4.395166 -10.882226 -21.971636
v -4.7951856 -10.882231 -21.56979
v -4.3942723 -11.85622 -21.570704
v -0.91823727 -11.856225 -21.425165
v -1.3821973 -11.326289 1.3040771
v -0.5172998 -10.882233 -21.426073
v -0.98125976 -10.925339 1.303164
v -0.5172998 -10.882233 -21.426073
v -1.3821973 -11.326289 1.3040771
v -4.8582177 -11.395059 1.1585498
v -4.3942723 -11.85622 -21.570704
v -5.2591505 -10.925344 1.1594483
v -4.7951856 -10.882231 -21.56979
v -5.2591505 -10.925344 1.1594483
v -4.3942723 -11.85622 -21.570704
v -1.3821973 -11.326289 1.3040771
v -4.8582177 -11.395059 1.1585498
v -1.3812792 -10.925339 1.7050195
v -4.8573046 -10.925339 1.5594921
v -1.3812792 -10.925339 1.7050195
v -4.8582177 -11.395059 1.1585498
v -5.841318 18.749784 -10.709958
v -5.857744 12.127799 -10.698163
v -5.9805956 18.751118 -10.876444
v -5.997031 12.129133 -10.864652
v -5.9805956 18.751118 -10.876444
v -5.857744 12.127799 -10.698163
v -1.822539 12.088313 -10.678725
v -1.8061084 18.710302 -10.690518
v -1.6560595 12.08689 -10.818021
v -1.639624 18.70888 -10.829813
v -1.6560595 12.08689 -10.818021
v -1.8061084 18.710302 -10.690518
v -1.6560595 12.08689 -10.818021
v -1.8524853 11.924257 -10.934782
v -1.822539 12.088313 -10.678725
v -5.997031 12.129133 -10.864652
v -5.857744 12.127799 -10.698163
v -5.8136816 11.963078 -10.947481
v -1.5766699 12.088275 -16.66897
v -1.5917969 11.918505 -16.51617
v -1.4373926 12.086933 -16.50249
v -5.611875 12.127756 -16.688406
v -5.778354 12.129173 -16.549116
v -5.601201 11.963119 -16.531445
v -1.5917969 11.918505 -16.51617
v -1.8524853 11.924257 -10.934782
v -1.4373926 12.086933 -16.50249
v -1.6560595 12.08689 -10.818021
v -1.4373926 12.086933 -16.50249
v -1.8524853 11.924257 -10.934782
v -2.2335057 -13.966367 -16.085968
v -2.2335644 0.69657654 -16.119211
v -1.8334863 -13.966367 -16.487823
v -1.83354 0.69657654 -16.521069
v -1.8334863 -13.966367 -16.487823
v -2.2335644 0.69657654 -16.119211
v -1.8334863 -13.966367 -16.487823
v -2.2344239 -14.367314 -16.486912
v -2.2335057 -13.966367 -16.085968
v -6.111377 -13.966372 -16.63154
v -5.7095313 -13.966367 -16.231497
v -5.710444 -14.436084 -16.632439
v -1.7713721 -13.923246 -22.554312
v -1.7704638 -14.897253 -22.153368
v -1.3695264 -13.923257 -22.154278
v -5.2473927 -13.923252 -22.699839
v -5.647412 -13.923257 -22.297993
v -5.246499 -14.897248 -22.298906
v -1.7704638 -14.897253 -22.153368
v -2.2344239 -14.367314 -16.486912
v -1.3695264 -13.923257 -22.154278
v -1.8334863 -13.966367 -16.487823
v -1.3695264 -13.923257 -22.154278
v -2.2344239 -14.367314 -16.486912
v -5.710444 -14.436084 -16.632439
v -5.246499 -14.897248 -22.298906
v -6.111377 -13.966372 -16.63154
v -5.647412 -13.923257 -22.297993
v -6.111377 -13.966372 -16.63154
v -5.246499 -14.897248 -22.298906
v -2.2344239 -14.367314 -16.486912
v -5.710444 -14.436084 -16.632439
v -2.2335057 -13.966367 -16.085968
v -5.7095313 -13.966367 -16.231497
v -2.2335057 -13.966367 -16.085968
v -5.710444 -14.436084 -16.632439
v -3.1289647 0.5944299 6.6487546
v -2.9494336 0.65823364 6.4304857
v -3.1750097 20.595856 6.651189
v -2.9951317 20.5969 6.4329076
v -3.1750097 20.595856 6.651189
v -2.9494336 0.65823364 6.4304857
v 6.6230907 20.647503 21.462545
v 6.802959 20.648542 21.244255
v 6.685508 0.70892334 21.459425
v 6.865381 0.7099646 21.241144
v 6.685508 0.70892334 21.459425
v 6.802959 20.648542 21.244255
v -2.9494336 0.65823364 6.4304857
v -3.1289647 0.5944299 6.6487546
v -2.9267285 0.4640686 6.640371
v -2.967754 0.6562585 21.299133
v -2.9883447 0.46197143 21.089153
v -3.1909227 0.6550964 21.09756
v 6.9269967 0.71206176 6.792356
v 6.703838 0.71089965 6.590786
v 6.726543 0.5167346 6.800664
v 6.865381 0.7099646 21.241144
v 6.6649265 0.5146374 21.249454
v 6.685508 0.70892334 21.459425
v -2.9267285 0.4640686 6.640371
v -3.1289647 0.5944299 6.6487546
v -2.9883447 0.46197143 21.089153
v -3.1909227 0.6550964 21.09756
v -2.9883447 0.46197143 21.089153
v -3.1289647 0.5944299 6.6487546
v -0.20947266 -0.3205969 23.210737
v -0.21163574 14.342341 23.177563
v 0.16427246 -0.32059935 22.784336
v 0.16210938 14.342341 22.751162
v 0.16427246 -0.32059935 22.784336
v -0.21163574 14.342341 23.177563
v 0.16427246 -0.32059935 22.784336
v -0.2357959 -0.7215466 22.81066
v -0.20947266 -0.3205969 23.210737
v -4.1141257 -0.32060423 22.912056
v -3.6877294 -0.3205969 23.285824
v -3.7140527 -0.79031616 22.885746
v -0.15825196 -0.2774774 12.849731
v -0.13192871 -0.7500018 13.249806
v 0.26813963 -0.27748474 13.223486
v -3.6365087 -0.27747986 12.924816
v -4.010249 -0.27748474 13.351211
v -3.6102002 -0.74999696 13.324887
v -0.13192871 -0.7500018 13.249806
v -0.2357959 -0.7215466 22.81066
v 0.26813963 -0.27748474 13.223486
v 0.16427246 -0.32059935 22.784336
v 0.26813963 -0.27748474 13.223486
v -0.2357959 -0.7215466 22.81066
v -0.2357959 -0.7215466 22.81066
v -3.7140527 -0.79031616 22.885746
v -0.20947266 -0.3205969 23.210737
v -3.6877294 -0.3205969 23.285824
v -0.20947266 -0.3205969 23.210737
v -3.7140527 -0.79031616 22.885746
v -3.978252 19.620642 20.511415
v -3.9946775 12.998654 20.523207
v -4.1175294 19.621975 20.34493
v -4.1339645 12.9999895 20.356724
v -4.1175294 19.621975 20.34493
v -3.9946775 12.998654 20.523207
v -1.7975243 12.959169 20.54265
v -1.7810937 19.58116 20.530853
v -1.6310449 12.9577465 20.403355
v -1.6146094 19.579733 20.391562
v -1.6310449 12.9577465 20.403355
v -1.7810937 19.58116 20.530853
v -1.6310449 12.9577465 20.403355
v -1.8274707 12.7951145 20.28659
v -1.7975243 12.959169 20.54265
v -4.1339645 12.9999895 20.356724
v -3.9946775 12.998654 20.523207
v -3.9506152 12.833933 20.273891
v -1.8178076 12.95913 17.043161
v -1.8329345 12.78936 17.19596
v -1.6785302 12.957789 17.20964
v -4.014961 12.998611 17.023724
v -4.1814404 13.000029 17.163015
v -4.0042872 12.833974 17.180685
v -1.8329345 12.78936 17.19596
v -1.8274707 12.7951145 20.28659
v -1.6785302 12.957789 17.20964
v -1.6310449 12.9577465 20.403355
v -1.6785302 12.957789 17.20964
v -1.8274707 12.7951145 20.28659
v -6.067998 16.836592 -8.791704
v -6.084018 10.214605 -8.779367
v -6.212744 16.837925 -8.953457
v -6.228774 10.2159395 -8.941124
v -6.212744 16.837925 -8.953457
v -6.084018 10.214605 -8.779367
v -2.0504053 10.175119 -8.894375
v -2.034375 16.79711 -8.906709
v -1.8886572 10.173697 -9.039139
v -1.872622 16.795685 -9.051474
v -1.8886572 10.173697 -9.039139
v -2.034375 16.79711 -8.906709
v -1.8886572 10.173697 -9.039139
v -2.0888672 10.011065 -9.149292
v -2.0504053 10.175119 -8.894375
v -6.228774 10.2159395 -8.941124
v -6.084018 10.214605 -8.779367
v -6.048286 10.049884 -9.030016
v -2.0042381 10.175081 -14.889484
v -2.0142674 10.005311 -14.736267
v -1.8594922 10.17374 -14.727736
v -6.0378513 10.214562 -14.774477
v -6.1995993 10.21598 -14.629719
v -6.021953 10.049925 -14.617959
v -2.0142674 10.005311 -14.736267
v -2.0888672 10.011065 -9.149292
v -1.8594922 10.17374 -14.727736
v -1.8886572 10.173697 -9.039139
v -1.8594922 10.17374 -14.727736
v -2.0888672 10.011065 -9.149292
v -7.0642285 7.205808 -13.722166
v -7.0799217 0.5838214 -13.709415
v -7.213149 7.207141 -13.880083
v -7.2288523 0.5851556 -13.867335
v -7.213149 7.207141 -13.880083
v -7.0799217 0.5838214 -13.709415
v -4.6726856 0.5443353 -13.688193
v -4.6569824 7.1663256 -13.700942
v -4.5147753 0.5429132 -13.837133
v -4.4990673 7.164902 -13.849882
v -4.5147753 0.5429132 -13.837133
v -4.6569824 7.1663256 -13.700942
v -4.5147753 0.5429132 -13.837133
v -4.717793 0.38028014 -13.9420185
v -4.6726856 0.5443353 -13.688193
v -7.2288523 0.5851556 -13.867335
v -7.0799217 0.5838214 -13.709415
v -7.050747 0.41909972 -13.960912
v -4.783154 0.5442993 -19.682463
v -4.7891746 0.3745282 -19.529036
v -4.634228 0.5429571 -19.524551
v -7.1903906 0.5837799 -19.703686
v -7.3483005 0.5851965 -19.554749
v -7.170405 0.41914183 -19.547634
v -4.7891746 0.3745282 -19.529036
v -4.717793 0.38028014 -13.9420185
v -4.634228 0.5429571 -19.524551
v -4.5147753 0.5429132 -13.837133
v -4.634228 0.5429571 -19.524551
v -4.717793 0.38028014 -13.9420185
v -6.8036766 11.660637 -12.401102
v -6.81937 5.038651 -12.388351
v -6.9525976 11.66197 -12.559018
v -6.968301 5.039985 -12.546271
v -6.9525976 11.66197 -12.559018
v -6.81937 5.038651 -12.388351
v -5.464619 4.999165 -12.608696
v -5.448916 11.621155 -12.621444
v -5.306709 4.9977427 -12.757636
v -5.291001 11.619731 -12.770384
v -5.306709 4.9977427 -12.757636
v -5.448916 11.621155 -12.621444
v -5.306709 4.9977427 -12.757636
v -5.5097265 4.8351097 -12.86252
v -5.464619 4.999165 -12.608696
v -6.968301 5.039985 -12.546271
v -6.81937 5.038651 -12.388351
v -6.790195 4.8739295 -12.639847
v -5.5750875 4.999127 -17.086332
v -5.581108 4.8293567 -16.932905
v -5.426162 4.9977856 -16.928421
v -6.9298387 5.038608 -16.865988
v -7.087749 5.0400257 -16.717054
v -6.9098535 4.873971 -16.709938
v -5.581108 4.8293567 -16.932905
v -5.5097265 4.8351097 -12.86252
v -5.426162 4.9977856 -16.928421
v -5.306709 4.9977427 -12.757636
v -5.426162 4.9977856 -16.928421
v -5.5097265 4.8351097 -12.86252
v 0.74487793 19.333239 3.641836
v 0.7449365 -24.187386 3.6750708
v -2.7311668 19.333239 3.4963086
v -2.7310889 -24.187386 3.5295434
v -3.1330028 19.333239 3.096267
v -3.1329346 -24.18739 3.1294994
v -2.6689599 19.333261 -19.5997
v -2.6689696 -24.18738 -19.599731
v -2.2689404 19.333261 -20.001547
v -2.2689502 -24.187378 -20.001581
v 1.2070849 19.333261 -19.856022
v 1.2070653 -24.187374 -19.856052
v 1.6089306 19.333261 -19.455997
v 1.608911 -24.18738 -19.456018
v 1.1448975 19.333239 3.2399778
v 1.144956 -24.187386 3.2732153
v -2.7311668 19.333239 3.4963086
v -2.7310889 -24.187386 3.5295434
v -3.1330028 19.333239 3.096267
v -3.1329346 -24.18739 3.1294994
v -2.6689599 19.333261 -19.5997
v -2.6689696 -24.18738 -19.599731
v -2.2689404 19.333261 -20.001547
v -2.2689502 -24.187378 -20.001581
v 1.2070849 19.333261 -19.856022
v 1.2070653 -24.187374 -19.856052
v 1.6089306 19.333261 -19.455997
v 1.608911 -24.18738 -19.456018
v -2.2680614 -25.161377 -19.600647
v 1.2079736 -25.16138 -19.45511
v -2.2689502 -24.187378 -20.001581
v 1.2070653 -24.187374 -19.856052
v -0.40424803 -20.011343 3.0302148
v -0.40575194 -26.827106 3.0458128
v -6.811958 -20.01134 2.7935545
v -6.813457 -26.567549 2.8091576
v -6.9819384 -20.01134 2.587268
v -6.983447 -26.567549 2.6028686
v -6.826201 -20.011328 -20.38453
v -6.826201 -26.567535 -20.384535
v -6.619917 -20.011328 -20.554514
v -6.619917 -26.567535 -20.554522
v -0.21220702 -20.011328 -20.317858
v -0.2122168 -26.567535 -20.317865
v -0.04222656 -20.01133 -20.11158
v -0.042236328 -26.567535 -20.111584
v -0.19795898 -20.011343 2.8602197
v -0.19947265 -26.827106 2.8758202
v -6.826201 -20.011328 -20.38453
v -6.826201 -26.567535 -20.384535
v -6.619917 -20.011328 -20.554514
v -6.619917 -26.567535 -20.554522
v -0.21220702 -20.011328 -20.317858
v -0.2122168 -26.567535 -20.317865
v -0.04222656 -20.01133 -20.11158
v -0.042236328 -26.567535 -20.111584
v -6.694336 -26.917921 2.4018114
v -6.5443554 -26.917917 -19.917055
v -6.983447 -26.567549 2.6028686
v -6.826201 -26.567535 -20.384535
v -2.1453223 -17.808687 -3.4838305
v -2.1454687 -20.517187 -3.4667919
v -5.2197022 -17.808687 -3.5073242
v -5.219844 -20.517187 -3.490283
v -5.423354 -17.808687 -3.7145872
v -5.423501 -20.517187 -3.6975486
v -5.4772315 -17.808672 -18.962688
v -5.4772263 -20.517178 -18.962694
v -5.2699656 -17.808672 -19.166346
v -5.2699656 -20.517178 -19.166351
v -2.195581 -17.808672 -19.142853
v -2.1955907 -20.517178 -19.142864
v -1.9919287 -17.808672 -18.935598
v -1.9919385 -20.517178 -18.935604
v -1.9380566 -17.808685 -7.6008916
v -1.9382129 -20.517187 -7.5838494
v -5.2197022 -17.808687 -3.5073242
v -5.219844 -20.517187 -3.490283
v -5.423354 -17.808687 -3.7145872
v -5.423501 -20.517187 -3.6975486
v -2.1454687 -20.517187 -3.4667919
v -2.1453223 -17.808687 -3.4838305
v -1.9382129 -20.517187 -7.5838494
v -1.9380566 -17.808685 -7.6008916
v -5.4772315 -17.808672 -18.962688
v -5.4772263 -20.517178 -18.962694
v -5.2699656 -17.808672 -19.166346
v -5.2699656 -20.517178 -19.166351
v -2.195581 -17.808672 -19.142853
v -2.1955907 -20.517178 -19.142864
v -1.9919287 -17.808672 -18.935598
v -1.9919385 -20.517178 -18.935604
v -2.1973975 -20.68058 -18.937405
v -2.1436815 -20.68059 -3.672251
v -1.9919385 -20.517178 -18.935604
v -1.9382129 -20.517187 -7.5838494
v -5.271782 -20.68058 -18.960897
v -2.1973975 -20.68058 -18.937405
v -5.2699656 -20.517178 -19.166351
v -2.1955907 -20.517178 -19.142864
v -5.2180467 -20.68059 -3.6957445
v -5.271782 -20.68058 -18.960897
v -5.423501 -20.517187 -3.6975486
v -5.4772263 -20.517178 -18.962694
v -2.1436815 -20.68059 -3.672251
v -5.2180467 -20.68059 -3.6957445
v -2.1454687 -20.517187 -3.4667919
v -5.219844 -20.517187 -3.490283
v -0.99004394 3.7269933 -12.786087
v -0.98944336 0.7054077 -12.769057
v -4.5670652 3.7269933 -12.653425
v -4.5664597 0.7054074 -12.636394
v -4.7795606 3.7269933 -12.851608
v -4.7789645 0.70540726 -12.834579
v -5.2079296 3.726997 -17.458513
v -5.207925 0.70541245 -17.458515
v -5.009746 3.726997 -17.671015
v -5.009746 0.70541257 -17.671019
v -1.4327197 3.726997 -17.803679
v -1.4327295 0.70541257 -17.803684
v -1.2202197 3.726997 -17.605503
v -1.2202295 0.70541257 -17.605505
v -0.79185545 3.726994 -12.998598
v -0.79126465 0.7054065 -12.9815645
v -4.5670652 3.7269933 -12.653425
v -4.5664597 0.7054074 -12.636394
v -4.7795606 3.7269933 -12.851608
v -4.7789645 0.70540726 -12.834579
v -5.2079296 3.726997 -17.458513
v -5.207925 0.70541245 -17.458515
v -5.009746 3.726997 -17.671015
v -5.009746 0.70541257 -17.671019
v -1.4327197 3.726997 -17.803679
v -1.4327295 0.70541257 -17.803684
v -1.2202197 3.726997 -17.605503
v -1.2202295 0.70541257 -17.605505
v -1.4255712 0.3563147 -17.598341
v -0.9966162 0.35630935 -12.9744
v -1.2202295 0.70541257 -17.605505
v -0.79126465 0.7054065 -12.9815645
v -5.0025926 0.35631484 -17.46568
v -1.4255712 0.3563147 -17.598341
v -5.009746 0.70541257 -17.671019
v -1.4327295 0.70541257 -17.803684
v -4.573628 0.35630935 -12.841738
v -5.0025926 0.35631484 -17.46568
v -4.7789645 0.70540726 -12.834579
v -5.207925 0.70541245 -17.458515
v -0.9966162 0.35630935 -12.9744
v -4.573628 0.35630935 -12.841738
v -0.98944336 0.7054077 -12.769057
v -4.5664597 0.7054074 -12.636394
v -1.2867285 8.796906 -7.757248
v -1.2863916 -1.8876861 -7.7364264
v -6.526211 8.7969055 -7.785196
v -6.525879 -1.8876879 -7.7643695
v -6.781255 8.7969055 -8.032462
v -6.7809324 -1.8876873 -8.011636
v -7.0722656 8.796924 -20.862783
v -7.0722604 -1.8876776 -20.862797
v -6.8250046 8.796924 -21.117834
v -6.825 -1.8876764 -21.117851
v -1.5855175 8.796923 -21.089891
v -1.5855273 -1.887677 -21.089909
v -1.3304688 8.796924 -20.842634
v -1.3304784 -1.887677 -20.842651
v -1.039458 8.796907 -8.012311
v -1.0391308 -1.8876861 -7.9914823
v -6.526211 8.7969055 -7.785196
v -6.525879 -1.8876879 -7.7643695
v -6.781255 8.7969055 -8.032462
v -6.7809324 -1.8876873 -8.011636
v -7.0722656 8.796924 -20.862783
v -7.0722604 -1.8876776 -20.862797
v -6.8250046 8.796924 -21.117834
v -6.825 -1.8876764 -21.117851
v -1.5855175 8.796923 -21.089891
v -1.5855273 -1.887677 -21.089909
v -1.3304688 8.796924 -20.842634
v -1.3304784 -1.887677 -20.842651
v -1.5816357 -2.1388664 -20.838749
v -1.2903076 -2.1388762 -7.987578
v -1.3304784 -1.887677 -20.842651
v -1.0391308 -1.8876861 -7.9914823
v -6.821118 -2.1388679 -20.866693
v -1.5816357 -2.1388664 -20.838749
v -6.825 -1.8876764 -21.117851
v -1.5855273 -1.887677 -21.089909
v -6.529775 -2.138878 -8.015527
v -6.821118 -2.1388679 -20.866693
v -6.7809324 -1.8876873 -8.011636
v -7.0722604 -1.8876776 -20.862797
v -1.2903076 -2.1388762 -7.987578
v -6.529775 -2.138878 -8.015527
v -1.2863916 -1.8876861 -7.7364264
v -6.525879 -1.8876879 -7.7643695
v -0.19103515 -10.515139 -11.443477
v -0.19152832 -19.315947 -11.426444
v -3.769204 -10.515139 -11.540398
v -3.7696922 -19.315947 -11.523363
v -3.9685595 -10.515139 -11.751792
v -3.9690576 -19.315948 -11.734763
v -3.956797 -10.515125 -17.245884
v -3.9567919 -19.315937 -17.245892
v -3.7453954 -10.515125 -17.445244
v -3.7453954 -19.315937 -17.445253
v -0.16722168 -10.515125 -17.348326
v -0.16723144 -19.315937 -17.348337
v 0.032133788 -10.515125 -17.136936
v 0.032124024 -19.315937 -17.136944
v 0.02036621 -10.515139 -11.642842
v 0.019863281 -19.315948 -11.625809
v -3.769204 -10.515139 -11.540398
v -3.7696922 -19.315947 -11.523363
v -3.9685595 -10.515139 -11.751792
v -3.9690576 -19.315948 -11.734763
v -3.956797 -10.515125 -17.245884
v -3.9567919 -19.315937 -17.245892
v -3.7453954 -10.515125 -17.445244
v -3.7453954 -19.315937 -17.445253
v -0.16722168 -10.515125 -17.348326
v -0.16723144 -19.315937 -17.348337
v 0.032133788 -10.515125 -17.136936
v 0.032124024 -19.315937 -17.136944
v -0.17325196 -19.521406 -17.142958
v -0.18552734 -19.521414 -11.6318245
v 0.032124024 -19.315937 -17.136944
v 0.019863281 -19.315948 -11.625809
v -3.7514257 -19.521406 -17.23988
v -0.17325196 -19.521406 -17.142958
v -3.7453954 -19.315937 -17.445253
v -0.16723144 -19.315937 -17.348337
v -3.7636817 -19.521414 -11.728744
v -3.7514257 -19.521406 -17.23988
v -3.9690576 -19.315948 -11.734763
v -3.9567919 -19.315937 -17.245892
v -0.18552734 -19.521414 -11.6318245
v -3.7636817 -19.521414 -11.728744
v -0.19152832 -19.315947 -11.426444
v -3.7696922 -19.315947 -11.523363
v -1.0009521 -12.460698 -4.5580945
v -1.00104 -17.559172 -4.542834
v -4.2080665 -12.460698 -4.569986
v -4.2081494 -17.559172 -4.5547266
v -4.3910594 -12.460698 -4.7551646
v -4.3911524 -17.559174 -4.7399073
v -4.3475294 -12.460678 -14.535112
v -4.347524 -17.559153 -14.535118
v -4.1623435 -12.460678 -14.718112
v -4.1623435 -17.559153 -14.7181225
v -0.95523435 -12.460678 -14.706221
v -0.95523924 -17.559153 -14.706231
v -0.7722314 -12.460678 -14.521047
v -0.7722412 -17.559153 -14.521054
v -0.81577146 -12.460698 -4.7411003
v -0.81586426 -17.559174 -4.725837
v -4.2080665 -12.460698 -4.569986
v -4.2081494 -17.559172 -4.5547266
v -4.3910594 -12.460698 -4.7551646
v -4.3911524 -17.559174 -4.7399073
v -4.3475294 -12.460678 -14.535112
v -4.347524 -17.559153 -14.535118
v -4.1623435 -12.460678 -14.718112
v -4.1623435 -17.559153 -14.7181225
v -0.95523435 -12.460678 -14.706221
v -0.95523924 -17.559153 -14.706231
v -0.7722314 -12.460678 -14.521047
v -0.7722412 -17.559153 -14.521054
v -0.956333 -17.743248 -14.522139
v -0.9999658 -17.743267 -4.726921
v -0.7722412 -17.559153 -14.521054
v -0.81586426 -17.559174 -4.725837
v -4.163442 -17.743248 -14.534028
v -0.956333 -17.743248 -14.522139
v -4.1623435 -17.559153 -14.7181225
v -0.95523924 -17.559153 -14.706231
v -4.2070603 -17.743267 -4.7388144
v -4.163442 -17.743248 -14.534028
v -4.3911524 -17.559174 -4.7399073
v -4.347524 -17.559153 -14.535118
v -0.9999658 -17.743267 -4.726921
v -4.2070603 -17.743267 -4.7388144
v -1.00104 -17.559172 -4.542834
v -4.2081494 -17.559172 -4.5547266
v 0.11774902 -8.446464 5.5259542
v 0.117778316 -18.452513 5.542983
v -3.461709 -8.446464 5.538513
v -3.4616747 -18.452513 5.5555444
v -3.6674364 -8.446464 5.3333154
v -3.667412 -18.452513 5.350337
v -3.897373 -8.446455 -8.174731
v -3.8973682 -18.452492 -8.174744
v -3.692168 -8.446455 -8.380465
v -3.692168 -18.452492 -8.380478
v -0.11270996 -8.446455 -8.393023
v -0.11271972 -18.452492 -8.39304
v 0.09302246 -8.446455 -8.187832
v 0.09301269 -18.452492 -8.187844
v 0.32295898 -8.446464 5.320217
v 0.32297364 -18.452515 5.3372436
v -3.461709 -8.446464 5.538513
v -3.4616747 -18.452513 5.5555444
v -3.6674364 -8.446464 5.3333154
v -3.667412 -18.452513 5.350337
v -3.897373 -8.446455 -8.174731
v -3.8973682 -18.452492 -8.174744
v -3.692168 -8.446455 -8.380465
v -3.692168 -18.452492 -8.380478
v -0.11270996 -8.446455 -8.393023
v -0.11271972 -18.452492 -8.39304
v 0.09302246 -8.446455 -8.187832
v 0.09301269 -18.452492 -8.187844
v -0.11245605 -18.657959 -8.187571
v 0.11749511 -18.657982 5.337517
v 0.09301269 -18.452492 -8.187844
v 0.32297364 -18.452515 5.3372436
v -3.691914 -18.657959 -8.175014
v -0.11245605 -18.657959 -8.187571
v -3.692168 -18.452492 -8.380478
v -0.11271972 -18.452492 -8.39304
v -3.4619482 -18.657982 5.3500733
v -3.691914 -18.657959 -8.175014
v -3.667412 -18.452513 5.350337
v -3.8973682 -18.452492 -8.174744
v 0.11749511 -18.657982 5.337517
v -3.4619482 -18.657982 5.3500733
v 0.117778316 -18.452513 5.542983
v -3.4616747 -18.452513 5.5555444
v -1.9396044 12.547713 -7.0338483
v -1.9352881 2.2675078 -7.2924404
v -6.5499463 12.496068 -7.0704083
v -6.5456247 2.215865 -7.329
v -6.69291 12.480717 -7.2330227
v -6.6885986 2.2005095 -7.491617
v -6.6556883 12.533588 -18.229433
v -6.650605 2.253585 -18.500734
v -6.4943113 12.553721 -18.373215
v -6.489233 2.273717 -18.644514
v -1.8839648 12.605365 -18.336655
v -1.8788965 2.3253589 -18.607956
v -1.740996 12.620717 -18.174046
v -1.7359277 2.3407128 -18.445347
v -1.7782274 12.567846 -7.1776323
v -1.773916 2.2876396 -7.436224
v -6.5499463 12.496068 -7.0704083
v -6.5456247 2.215865 -7.329
v -6.69291 12.480717 -7.2330227
v -6.6885986 2.2005095 -7.491617
v -6.6556883 12.533588 -18.229433
v -6.650605 2.253585 -18.500734
v -6.4943113 12.553721 -18.373215
v -6.489233 2.273717 -18.644514
v -1.8839648 12.605365 -18.336655
v -1.8788965 2.3253589 -18.607956
v -1.740996 12.620717 -18.174046
v -1.7359277 2.3407128 -18.445347
v -6.4536276 2.1109788 -18.489262
v -1.8683447 2.1543152 -18.456203
v -6.489233 2.273717 -18.644514
v -1.8788965 2.3253589 -18.607956
v -6.488291 2.0591571 -7.5807743
v -6.4536276 2.1109788 -18.489262
v -6.6885986 2.2005095 -7.491617
v -6.650605 2.253585 -18.500734
v -1.951626 2.1022112 -7.5489297
v -6.488291 2.0591571 -7.5807743
v -1.9352881 2.2675078 -7.2924404
v -6.5456247 2.215865 -7.329
v 0.080209956 16.34963 -9.108731
v 0.08030762 7.5488205 -9.091691
v -3.499165 16.34963 -9.080804
v -3.4990575 7.5488205 -9.063763
v -3.7057714 16.34963 -9.285118
v -3.7056737 7.5488195 -9.268083
v -3.88562 16.349644 -15.9851885
v -3.885615 7.548829 -15.985194
v -3.6812987 16.349644 -16.191803
v -3.6812987 7.548829 -16.191807
v -0.10192382 16.349644 -16.21973
v -0.10193359 7.548829 -16.21974
v 0.10468262 16.349644 -16.015423
v 0.10467285 7.548829 -16.015429
v 0.28453124 16.34963 -9.315349
v 0.28461912 7.5488195 -9.298308
v -3.499165 16.34963 -9.080804
v -3.4990575 7.5488205 -9.063763
v -3.7057714 16.34963 -9.285118
v -3.7056737 7.5488195 -9.268083
v -3.88562 16.349644 -15.9851885
v -3.885615 7.548829 -15.985194
v -3.6812987 16.349644 -16.191803
v -3.6812987 7.548829 -16.191807
v -0.10192382 16.349644 -16.21973
v -0.10193359 7.548829 -16.21974
v 0.10468262 16.349644 -16.015423
v 0.10467285 7.548829 -16.015429
v -0.100791015 7.3433604 -16.014277
v 0.079145506 7.343352 -9.297157
v 0.10467285 7.548829 -16.015429
v 0.28461912 7.5488195 -9.298308
v -3.680161 7.3433604 -15.986348
v -0.100791015 7.3433604 -16.014277
v -3.6812987 7.548829 -16.191807
v -0.10193359 7.548829 -16.21974
v -3.5002148 7.343352 -9.269229
v -3.680161 7.3433604 -15.986348
v -3.7056737 7.5488195 -9.268083
v -3.885615 7.548829 -15.985194
v 0.079145506 7.343352 -9.297157
v -3.5002148 7.343352 -9.269229
v 0.08030762 7.5488205 -9.091691
v -3.4990575 7.5488205 -9.063763
v 0.287041 -5.023553 -6.349221
v 0.2867578 -12.811296 -6.332189
v -3.2920506 -5.023553 -6.402117
v -3.292329 -12.811296 -6.385086
v -3.4939892 -5.023553 -6.6110473
v -3.4942772 -12.811298 -6.5940228
v -3.4773242 -5.0235486 -15.19779
v -3.4773192 -12.811281 -15.197793
v -3.2683935 -5.0235486 -15.399736
v -3.2683885 -12.811281 -15.399741
v 0.31070313 -5.0235486 -15.346838
v 0.31069335 -12.811281 -15.346846
v 0.5126416 -5.023549 -15.137919
v 0.51263183 -12.811281 -15.137919
v 0.49597168 -5.023553 -6.5511765
v 0.4956787 -12.811296 -6.5341454
v -3.2920506 -5.023553 -6.402117
v -3.292329 -12.811296 -6.385086
v -3.4939892 -5.023553 -6.6110473
v -3.4942772 -12.811298 -6.5940228
v -3.4773242 -5.0235486 -15.19779
v -3.4773192 -12.811281 -15.197793
v -3.2683935 -5.0235486 -15.399736
v -3.2683885 -12.811281 -15.399741
v 0.31070313 -5.0235486 -15.346838
v 0.31069335 -12.811281 -15.346846
v 0.5126416 -5.023549 -15.137919
v 0.51263183 -12.811281 -15.137919
v 0.30719727 -13.01675 -15.141408
v 0.29023436 -13.016765 -6.5376267
v 0.51263183 -12.811281 -15.137919
v 0.4956787 -12.811296 -6.5341454
v -3.2718945 -13.01675 -15.194306
v 0.30719727 -13.01675 -15.141408
v -3.2683885 -12.811281 -15.399741
v 0.31069335 -12.811281 -15.346846
v -3.2888427 -13.0167675 -6.5905266
v -3.2718945 -13.01675 -15.194306
v -3.4942772 -12.811298 -6.5940228
v -3.4773192 -12.811281 -15.197793
v 0.29023436 -13.016765 -6.5376267
v -3.2888427 -13.0167675 -6.5905266
v 0.2867578 -12.811296 -6.332189
v -3.292329 -12.811296 -6.385086
v 2.4958692 9.3908 11.016663
v 2.497251 -7.0346355 11.061704
v -5.3569093 9.39004 11.045293
v -5.3555174 -7.035391 11.090324
v -5.5569577 9.38733 10.834562
v -5.555571 -7.0381036 10.879597
v -5.75625 9.35335 -4.878191
v -5.754419 -7.072298 -4.850192
v -5.5455027 9.351091 -5.07823
v -5.543677 -7.074555 -5.0502286
v 2.3072753 9.351848 -5.106853
v 2.3090918 -7.073799 -5.0788593
v 2.5073192 9.354559 -4.8961267
v 2.5091357 -7.0710883 -4.868138
v 2.7066162 9.388545 10.816626
v 2.707993 -7.0368924 10.861657
v -5.3569093 9.39004 11.045293
v -5.3555174 -7.035391 11.090324
v -5.5569577 9.38733 10.834562
v -5.555571 -7.0381036 10.879597
v -5.75625 9.35335 -4.878191
v -5.754419 -7.072298 -4.850192
v -5.5455027 9.351091 -5.07823
v -5.543677 -7.074555 -5.0502286
v 2.3072753 9.351848 -5.106853
v 2.3090918 -7.073799 -5.0788593
v 2.5073192 9.354559 -4.8961267
v 2.5091357 -7.0710883 -4.868138
v 2.3039062 -7.208255 -4.870987
v 2.502749 -7.1740594 10.85881
v 2.5091357 -7.0710883 -4.868138
v 2.707993 -7.0368924 10.861657
v -5.548872 -7.2090106 -4.842365
v 2.3039062 -7.208255 -4.870987
v -5.543677 -7.074555 -5.0502286
v 2.3090918 -7.073799 -5.0788593
v -5.3500147 -7.174816 10.887434
v -5.548872 -7.2090106 -4.842365
v -5.555571 -7.0381036 10.879597
v -5.754419 -7.072298 -4.850192
v 2.502749 -7.1740594 10.85881
v -5.3500147 -7.174816 10.887434
v 2.497251 -7.0346355 11.061704
v -5.3555174 -7.035391 11.090324
v 3.3504686 15.597658 18.91272
v 3.3486814 -11.103355 18.931404
v -3.4278808 15.597683 18.833904
v -3.4447997 -11.103346 18.94404
v -3.631748 15.597688 18.587158
v -3.6557078 -11.103341 18.582151
v -3.4011376 15.597724 -2.9151635
v -3.4011474 -11.103324 -2.9151952
v -3.1544042 15.597714 -3.1190429
v -3.154414 -11.103321 -3.1190698
v 3.691118 15.597724 -2.7404797
v 3.6910937 -11.103329 -2.7405176
v 3.8949852 15.597714 -2.49374
v 3.8949804 -11.103331 -2.493778
v 3.597207 15.597658 18.70884
v 3.5954149 -11.103353 18.727526
v -3.4011376 15.597724 -2.9151635
v -3.4011474 -11.103324 -2.9151952
v -3.1544042 15.597714 -3.1190429
v -3.154414 -11.103321 -3.1190698
v 3.691118 15.597724 -2.7404797
v 3.6910937 -11.103329 -2.7405176
v 3.8949852 15.597714 -2.49374
v 3.8949804 -11.103331 -2.493778
v 3.6696727 -11.324347 -2.515211
v 3.3700976 -11.324367 18.706097
v 3.8949804 -11.103331 -2.493778
v 3.5954149 -11.103353 18.727526
v -3.1758494 -11.324342 -2.8937645
v 3.6696727 -11.324347 -2.515211
v -3.154414 -11.103321 -3.1190698
v 3.6910937 -11.103329 -2.7405176
v -3.4233642 -11.324361 18.718723
v -3.1758494 -11.324342 -2.8937645
v -3.6557078 -11.103341 18.582151
v -3.4011474 -11.103324 -2.9151952
v 3.3700976 -11.324367 18.706097
v -3.4233642 -11.324361 18.718723
v 3.3486814 -11.103355 18.931404
v -3.4447997 -11.103346 18.94404
v -4.860332 -14.287563 -0.0051904297
v -6.544619 -14.287573 12.278937
v -4.872295 -22.574717 -0.006685791
v -6.5565867 -22.529463 12.277429
v -6.409941 -14.287573 12.44885
v -1.8889501 -14.2875595 13.272131
v -6.421909 -22.529463 12.447346
v -1.8889403 -22.529463 13.272126
v -1.735039 -14.2875595 13.138342
v -0.05074707 -14.287551 0.8542285
v -1.7350292 -22.529463 13.138342
v -0.050742187 -22.529463 0.85423213
v -0.18541992 -14.287554 0.68431395
v -4.706416 -14.287563 -0.1389746
v -0.18541503 -22.529463 0.6843103
v -4.718384 -22.529467 -0.14047486
v -6.544619 -14.287573 12.278937
v -6.409941 -14.287573 12.44885
v -6.5565867 -22.529463 12.277429
v -6.421909 -22.529463 12.447346
v -0.05074707 -14.287551 0.8542285
v -0.18541992 -14.287554 0.68431395
v -0.050742187 -22.529463 0.85423213
v -0.18541503 -22.529463 0.6843103
v -0.19503418 -22.669497 0.836167
v -0.18541503 -22.529463 0.6843103
v -4.728003 -22.669502 0.011383057
v -4.718384 -22.529467 -0.14047486
v -1.8793212 -22.669497 13.12028
v -1.7350292 -22.529463 13.138342
v -0.19503418 -22.669497 0.836167
v -0.050742187 -22.529463 0.85423213
v -6.412295 -22.669502 12.295495
v -6.421909 -22.529463 12.447346
v -1.8793212 -22.669497 13.12028
v -1.8889403 -22.529463 13.272126
v 2.6224267 18.011147 7.8492455
v 2.6225927 8.279107 7.8662767
v -4.669565 18.011147 7.8211107
v -4.6693945 8.279105 7.838137
v -4.876953 18.011147 7.61759
v -4.876792 8.279104 7.6346164
v -4.9466844 18.011175 -13.027547
v -4.9466796 8.279116 -13.027564
v -4.7431593 18.011173 -13.234951
v -4.7431593 8.279116 -13.234965
v 2.548833 18.011171 -13.20681
v 2.548823 8.279118 -13.206828
v 2.7562256 18.011173 -13.003297
v 2.7562158 8.279118 -13.003309
v 2.825952 18.011147 7.641853
v 2.8261132 8.279105 7.6588745
v -4.669565 18.011147 7.8211107
v -4.6693945 8.279105 7.838137
v -4.876953 18.011147 7.61759
v -4.876792 8.279104 7.6346164
v -4.9466844 18.011175 -13.027547
v -4.9466796 8.279116 -13.027564
v -4.7431593 18.011173 -13.234951
v -4.7431593 8.279116 -13.234965
v 2.5507567 8.073648 -13.001371
v 2.6206446 8.073638 7.6608176
v 2.7562158 8.279118 -13.003309
v 2.8261132 8.279105 7.6588745
v -4.7412353 8.0736475 -13.029504
v 2.5507567 8.073648 -13.001371
v -4.7431593 8.279116 -13.234965
v 2.548823 8.279118 -13.206828
v -4.671333 8.073637 7.632683
v -4.7412353 8.0736475 -13.029504
v -4.876792 8.279104 7.6346164
v -4.9466796 8.279116 -13.027564
v 2.6206446 8.073638 7.6608176
v -4.671333 8.073637 7.632683
v 2.6225927 8.279107 7.8662767
v -4.6693945 8.279105 7.838137
v -0.27910644 19.915514 -9.869869
v -0.27478516 11.669852 -10.128459
v -4.8875537 19.863869 -9.906428
v -4.8832374 11.618209 -10.165018
v -5.0305176 19.848518 -10.069043
v -5.026206 11.602854 -10.327635
v -4.9932957 19.901392 -17.750849
v -4.9882126 11.655927 -18.022144
v -4.8319187 19.921526 -17.894627
v -4.826841 11.676058 -18.165924
v -0.2234668 19.97317 -17.85807
v -0.21839844 11.7277 -18.129366
v -0.08049805 19.98852 -17.69546
v -0.075429685 11.743054 -17.966757
v -0.117724605 19.93565 -10.013654
v -0.11341797 11.689984 -10.2722435
v -4.8875537 19.863869 -9.906428
v -4.8832374 11.618209 -10.165018
v -5.0305176 19.848518 -10.069043
v -5.026206 11.602854 -10.327635
v -4.9932957 19.901392 -17.750849
v -4.9882126 11.655927 -18.022144
v -4.8319187 19.921526 -17.894627
v -4.826841 11.676058 -18.165924
v -0.2234668 19.97317 -17.85807
v -0.21839844 11.7277 -18.129366
v -0.08049805 19.98852 -17.69546
v -0.075429685 11.743054 -17.966757
v -4.7912354 11.51332 -18.010674
v -0.20784667 11.556656 -17.977613
v -4.826841 11.676058 -18.165924
v -0.21839844 11.7277 -18.129366
v -4.825898 11.461501 -10.416792
v -4.7912354 11.51332 -18.010674
v -5.026206 11.602854 -10.327635
v -4.9882126 11.655927 -18.022144
v -0.29112792 11.504556 -10.384949
v -4.825898 11.461501 -10.416792
v -0.27478516 11.669852 -10.128459
v -4.8832374 11.618209 -10.165018
v -2.524033 22.10324 -0.700437
v -2.5856445 22.101145 11.063561
v -2.4779882 2.1018176 -0.7028711
v -2.5399463 2.162483 11.061135
v -2.3624756 22.102306 11.265126
v 7.2740674 22.154894 11.426113
v -2.3167772 2.1636438 11.262708
v 7.3364844 2.2163098 11.422997
v 7.453935 22.155935 11.207825
v 7.5155516 22.15803 -0.5561621
v 7.5163574 2.2173498 11.204712
v 7.5779734 2.2194495 -0.55927
v 7.2923923 22.156868 -0.757727
v -2.3441553 22.104284 -0.9187182
v 7.354814 2.2182872 -0.7608398
v -2.298457 2.1656213 -0.92114013
v -2.5856445 22.101145 11.063561
v -2.3624756 22.102306 11.265126
v -2.5399463 2.162483 11.061135
v -2.3167772 2.1636438 11.262708
v 7.377519 2.0241222 -0.5509619
v 7.354814 2.2182872 -0.7608398
v -2.2757518 1.9714563 -0.7112549
v -2.298457 2.1656213 -0.92114013
v 7.315903 2.0220227 11.213025
v 7.5163574 2.2173498 11.204712
v 7.377519 2.0241222 -0.5509619
v 7.5779734 2.2194495 -0.55927
v -2.337368 1.9693578 11.052727
v -2.3167772 2.1636438 11.262708
v 7.315903 2.0220227 11.213025
v 7.3364844 2.2163098 11.422997
v -1.7144433 26.198704 -17.086952
v -1.7760546 26.196604 0.7595288
v -1.6684033 6.197279 -17.08939
v -1.7303565 6.2579417 0.75709105
v -1.5528857 26.197763 0.9610937
v 3.7935448 26.25035 1.1220801
v -1.5071924 6.259104 0.9586633
v 3.8559618 6.31177 1.1189538
v 3.973418 26.251394 0.9037915
v 4.0350294 26.25349 -16.942677
v 4.035835 6.31281 0.9006677
v 4.097451 6.314911 -16.945786
v 3.81187 26.252329 -17.144241
v -1.5345654 26.199745 -17.305233
v 3.874292 6.313749 -17.147358
v -1.4888672 6.2610826 -17.307655
v -1.7760546 26.196604 0.7595288
v -1.5528857 26.197763 0.9610937
v -1.7303565 6.2579417 0.75709105
v -1.5071924 6.259104 0.9586633
v 3.7935448 26.25035 1.1220801
v 3.973418 26.251394 0.9037915
v 3.8559618 6.31177 1.1189538
v 4.035835 6.31281 0.9006677
v 4.0350294 26.25349 -16.942677
v 3.81187 26.252329 -17.144241
v 4.097451 6.314911 -16.945786
v 3.874292 6.313749 -17.147358
v 3.896997 6.1195836 -16.93748
v 3.874292 6.313749 -17.147358
v -1.4661621 6.0669174 -17.09777
v -1.4888672 6.2610826 -17.307655
v 3.8353856 6.1174827 0.90898067
v 4.035835 6.31281 0.9006677
v 3.896997 6.1195836 -16.93748
v 4.097451 6.314911 -16.945786
v -1.5277783 6.064817 0.74868286
v -1.5071924 6.259104 0.9586633
v 3.8353856 6.1174827 0.90898067
v 3.8559618 6.31177 1.1189538
v -2.2490673 3.0163922 -9.453156
v -2.3106787 3.0142908 25.719872
v -2.2030272 -24.279055 -9.455597
v -2.2649853 -24.218395 25.696842
v -2.0875146 3.0154505 25.921434
v 7.549028 3.0680394 26.08242
v -2.0418165 -24.217234 25.898415
v 7.61145 -24.164568 26.079308
v 7.7289014 3.0690808 25.86413
v 7.7905126 3.0711823 -9.308882
v 7.791323 -24.163527 25.861023
v 7.8529344 -24.161423 -9.311994
v 7.567358 3.0700176 -9.510447
v -2.0691893 3.0174353 -9.671438
v 7.6297803 -24.162584 -9.513565
v -2.0234911 -24.21525 -9.673863
v -2.3106787 3.0142908 25.719872
v -2.0875146 3.0154505 25.921434
v -2.2649853 -24.218395 25.696842
v -2.0418165 -24.217234 25.898415
v 7.549028 3.0680394 26.08242
v 7.7289014 3.0690808 25.86413
v 7.61145 -24.164568 26.079308
v 7.791323 -24.163527 25.861023
v 7.7905126 3.0711823 -9.308882
v 7.567358 3.0700176 -9.510447
v 7.8529344 -24.161423 -9.311994
v 7.6297803 -24.162584 -9.513565
v 7.6524854 -24.35675 -9.303687
v 7.6297803 -24.162584 -9.513565
v -2.000786 -24.409416 -9.463978
v -2.0234911 -24.21525 -9.673863
v 7.590869 -24.358854 25.869333
v 7.791323 -24.163527 25.861023
v 7.6524854 -24.35675 -9.303687
v 7.8529344 -24.161423 -9.311994
v -2.0624073 -24.41152 25.688429
v -2.0418165 -24.217234 25.898415
v 7.590869 -24.358854 25.869333
v 7.61145 -24.164568 26.079308
v -1.5617871 -0.25195372 -8.287307
v -1.5574707 -8.497617 -8.5458975
v -6.1721334 -0.30359924 -8.323867
v -6.1678123 -8.54926 -8.582456
v -6.3150973 -0.3189508 -8.486482
v -6.310781 -8.564615 -8.745073
v -6.277871 -0.26607725 -19.482893
v -6.272788 -8.511542 -19.754192
v -6.116494 -0.2459442 -19.626673
v -6.1114206 -8.491411 -19.897972
v -1.5061474 -0.19430114 -19.590113
v -1.5010791 -8.439769 -19.861414
v -1.3631836 -0.17894836 -19.427504
v -1.3581152 -8.424415 -19.698803
v -1.4004102 -0.23182067 -8.431091
v -1.3961035 -8.477485 -8.689681
v -6.1721334 -0.30359924 -8.323867
v -6.1678123 -8.54926 -8.582456
v -6.3150973 -0.3189508 -8.486482
v -6.310781 -8.564615 -8.745073
v -6.277871 -0.26607725 -19.482893
v -6.272788 -8.511542 -19.754192
v -6.116494 -0.2459442 -19.626673
v -6.1114206 -8.491411 -19.897972
v -1.5061474 -0.19430114 -19.590113
v -1.5010791 -8.439769 -19.861414
v -1.3631836 -0.17894836 -19.427504
v -1.3581152 -8.424415 -19.698803
v -6.0758104 -8.654149 -19.742722
v -1.4905322 -8.610813 -19.709663
v -6.1114206 -8.491411 -19.897972
v -1.5010791 -8.439769 -19.861414
v -6.1104784 -8.705968 -8.83423
v -6.0758104 -8.654149 -19.742722
v -6.310781 -8.564615 -8.745073
v -6.272788 -8.511542 -19.754192
v -1.5738086 -8.662913 -8.802387
v -6.1104784 -8.705968 -8.83423
v -1.5574707 -8.497617 -8.5458975
v -6.1678123 -8.54926 -8.582456
v 2.9698193 3.0740929 2.112588
v 2.969878 -11.588845 2.14583
v -0.5062207 3.0740929 1.9670604
v -0.50614744 -11.588845 2.0003028
v -0.9080566 3.0740936 1.567019
v -0.90799314 -11.58885 1.6002587
v -2.1673632 3.0741174 -21.128952
v -2.167373 -11.545738 -21.128977
v -1.7673438 3.0741174 -21.530798
v -1.7673535 -11.5457325 -21.530825
v 3.4320264 3.074118 -21.385273
v 3.4320116 -11.545729 -21.385298
v 3.833872 3.074118 -20.985249
v 3.8338573 -11.545738 -20.985266
v 3.3698437 3.0740929 1.71073
v 3.3698974 -11.588845 1.7439746
v -0.5062207 3.0740929 1.9670604
v -0.50614744 -11.588845 2.0003028
v -0.9080566 3.0740936 1.567019
v -0.90799314 -11.58885 1.6002587
v -2.1673632 3.0741174 -21.128952
v -2.167373 -11.545738 -21.128977
v -1.7673438 3.0741174 -21.530798
v -1.7673535 -11.5457325 -21.530825
v 3.4320264 3.074118 -21.385273
v 3.4320116 -11.545729 -21.385298
v 3.833872 3.074118 -20.985249
v 3.8338573 -11.545738 -20.985266
v -1.76646 -12.5197315 -21.129892
v 3.4329197 -12.519737 -20.984358
v -1.7673535 -11.5457325 -21.530825
v 3.4320116 -11.545729 -21.385298
v 6.595908 -9.272825 0.0975354
v 6.595967 -23.935766 0.13076904
v -6.2761865 -9.272825 -0.047993165
v -6.276113 -23.935766 -0.01475708
v -6.6780224 -9.272825 -0.44803464
v -6.677959 -23.93577 -0.414801
v -6.213984 -9.2728 -23.144007
v -6.213994 -23.892656 -23.144033
v -5.813965 -9.2728 -23.54585
v -5.8139744 -23.89265 -23.545883
v 7.058115 -9.2728 -23.400326
v 7.0581 -23.892647 -23.40035
v 7.459961 -9.2728 -23.000301
v 7.459946 -23.892656 -23.000322
v 6.9959326 -9.272825 -0.3043225
v 6.995986 -23.935766 -0.27108642
v -6.2761865 -9.272825 -0.047993165
v -6.276113 -23.935766 -0.01475708
v -6.6780224 -9.272825 -0.44803464
v -6.677959 -23.93577 -0.414801
v -6.213984 -9.2728 -23.144007
v -6.213994 -23.892656 -23.144033
v -5.813965 -9.2728 -23.54585
v -5.8139744 -23.89265 -23.545883
v 7.058115 -9.2728 -23.400326
v 7.0581 -23.892647 -23.40035
v 7.459961 -9.2728 -23.000301
v 7.459946 -23.892656 -23.000322
v -5.813081 -24.497183 -23.14495
v 7.0590086 -24.497187 -22.999414
v -5.8139744 -23.89265 -23.545883
v 7.0581 -23.892647 -23.40035
v -1.3813379 4.5389752 1.6717749
v -1.3812792 -10.925339 1.7050195
v -4.857378 4.5389752 1.5262475
v -4.8573046 -10.925339 1.5594921
v -5.259214 4.5389752 1.126206
v -5.2591505 -10.925344 1.1594483
v -4.7951756 4.5389967 -21.569763
v -4.7951856 -10.882231 -21.56979
v -4.3951564 4.5389967 -21.97161
v -4.395166 -10.882226 -21.971636
v -0.91913086 4.5389967 -21.826084
v -0.91914546 -10.882221 -21.826107
v -0.51728517 4.5389953 -21.42606
v -0.5172998 -10.882233 -21.426073
v -0.98131347 4.5389752 1.269917
v -0.98125976 -10.925339 1.303164
v -4.857378 4.5389752 1.5262475
v -4.8573046 -10.925339 1.5594921
v -5.259214 4.5389752 1.126206
v -5.2591505 -10.925344 1.1594483
v -4.7951756 4.5389967 -21.569763
v -4.7951856 -10.882231 -21.56979
v -4.3951564 4.5389967 -21.97161
v -4.395166 -10.882226 -21.971636
v -0.91913086 4.5389967 -21.826084
v -0.91914546 -10.882221 -21.826107
v -0.51728517 4.5389953 -21.42606
v -0.5172998 -10.882233 -21.426073
v -4.3942723 -11.85622 -21.570704
v -0.91823727 -11.856225 -21.425165
v -4.395166 -10.882226 -21.971636
v -0.91914546 -10.882221 -21.826107
v -1.8061084 18.710302 -10.690518
v -1.822539 12.088313 -10.678725
v -5.841318 18.749784 -10.709958
v -5.857744 12.127799 -10.698163
v -5.9805956 18.751118 -10.876444
v -5.997031 12.129133 -10.864652
v -5.7630515 18.75116 -16.548231
v -5.778354 12.129173 -16.549116
v -5.596567 18.749746 -16.687525
v -5.611875 12.127756 -16.688406
v -1.5613574 18.71026 -16.668085
v -1.5766699 12.088275 -16.66897
v -1.4220752 18.70916 -16.501602
v -1.4373926 12.086933 -16.50249
v -1.639624 18.70888 -10.829813
v -1.6560595 12.08689 -10.818021
v -5.7630515 18.75116 -16.548231
v -5.778354 12.129173 -16.549116
v -5.596567 18.749746 -16.687525
v -5.611875 12.127756 -16.688406
v -1.5613574 18.71026 -16.668085
v -1.5766699 12.088275 -16.66897
v -1.4220752 18.70916 -16.501602
v -1.4373926 12.086933 -16.50249
v -5.601201 11.963119 -16.531445
v -1.5917969 11.918505 -16.51617
v -5.611875 12.127756 -16.688406
v -1.5766699 12.088275 -16.66897
v -5.8136816 11.963078 -10.947481
v -5.601201 11.963119 -16.531445
v -5.997031 12.129133 -10.864652
v -5.778354 12.129173 -16.549116
v -1.8524853 11.924257 -10.934782
v -5.8136816 11.963078 -10.947481
v -1.822539 12.088313 -10.678725
v -5.857744 12.127799 -10.698163
v -2.2335644 0.69657654 -16.119211
v -2.2335057 -13.966367 -16.085968
v -5.7096043 0.69657654 -16.264738
v -5.7095313 -13.966367 -16.231497
v -6.11144 0.69657654 -16.664778
v -6.111377 -13.966372 -16.63154
v -5.6474023 0.6965985 -22.297964
v -5.647412 -13.923257 -22.297993
v -5.2473826 0.6965997 -22.699808
v -5.2473927 -13.923252 -22.699839
v -1.7713574 0.6965985 -22.554285
v -1.7713721 -13.923246 -22.554312
v -1.3695117 0.6965985 -22.15426
v -1.3695264 -13.923257 -22.154278
v -1.83354 0.69657654 -16.521069
v -1.8334863 -13.966367 -16.487823
v -5.7096043 0.69657654 -16.264738
v -5.7095313 -13.966367 -16.231497
v -6.11144 0.69657654 -16.664778
v -6.111377 -13.966372 -16.63154
v -5.6474023 0.6965985 -22.297964
v -5.647412 -13.923257 -22.297993
v -5.2473826 0.6965997 -22.699808
v -5.2473927 -13.923252 -22.699839
v -1.7713574 0.6965985 -22.554285
v -1.7713721 -13.923246 -22.554312
v -1.3695117 0.6965985 -22.15426
v -1.3695264 -13.923257 -22.154278
v -5.246499 -14.897248 -22.298906
v -1.7704638 -14.897253 -22.153368
v -5.2473927 -13.923252 -22.699839
v -1.7713721 -13.923246 -22.554312
v -3.1750097 20.595856 6.651189
v -3.236621 20.593752 21.099993
v -3.1289647 0.5944299 6.6487546
v -3.1909227 0.6550964 21.09756
v -3.013452 20.594913 21.30156
v 6.6230907 20.647503 21.462545
v -2.967754 0.6562585 21.299133
v 6.685508 0.70892334 21.459425
v 6.802959 20.648542 21.244255
v 6.864575 20.650646 6.7954636
v 6.865381 0.7099646 21.241144
v 6.9269967 0.71206176 6.792356
v 6.641416 20.649485 6.593899
v -2.9951317 20.5969 6.4329076
v 6.703838 0.71089965 6.590786
v -2.9494336 0.65823364 6.4304857
v -3.236621 20.593752 21.099993
v -3.013452 20.594913 21.30156
v -3.1909227 0.6550964 21.09756
v -2.967754 0.6562585 21.299133
v 6.864575 20.650646 6.7954636
v 6.641416 20.649485 6.593899
v 6.9269967 0.71206176 6.792356
v 6.703838 0.71089965 6.590786
v 6.726543 0.5167346 6.800664
v 6.703838 0.71089965 6.590786
v -2.9267285 0.4640686 6.640371
v -2.9494336 0.65823364 6.4304857
v 6.6649265 0.5146374 21.249454
v 6.865381 0.7099646 21.241144
v 6.726543 0.5167346 6.800664
v 6.9269967 0.71206176 6.792356
v -2.9883447 0.46197143 21.089153
v -2.967754 0.6562585 21.299133
v 6.6649265 0.5146374 21.249454
v 6.685508 0.70892334 21.459425
v -0.21163574 14.342341 23.177563
v -0.20947266 -0.3205969 23.210737
v -3.689907 14.342346 23.252651
v -3.6877294 -0.3205969 23.285824
v -4.116294 14.342341 22.878891
v -4.1141257 -0.32060423 22.912056
v -4.010239 14.342373 13.351237
v -4.010249 -0.27748474 13.351211
v -3.6364942 14.342375 12.924844
v -3.6365087 -0.27747986 12.924816
v -0.15823242 14.342375 12.849755
v -0.15825196 -0.2774774 12.849731
v 0.2681543 14.342373 13.223503
v 0.26813963 -0.27748474 13.223486
v 0.16210938 14.342341 22.751162
v 0.16427246 -0.32059935 22.784336
v -3.689907 14.342346 23.252651
v -3.6877294 -0.3205969 23.285824
v -4.116294 14.342341 22.878891
v -4.1141257 -0.32060423 22.912056
v -4.010239 14.342373 13.351237
v -4.010249 -0.27748474 13.351211
v -3.6364942 14.342375 12.924844
v -3.6365087 -0.27747986 12.924816
v -0.15823242 14.342375 12.849755
v -0.15825196 -0.2774774 12.849731
v 0.2681543 14.342373 13.223503
v 0.26813963 -0.27748474 13.223486
v -3.6102002 -0.74999696 13.324887
v -0.13192871 -0.7500018 13.249806
v -3.6365087 -0.27747986 12.924816
v -0.15825196 -0.2774774 12.849731
v -3.7140527 -0.79031616 22.885746
v -3.6102002 -0.74999696 13.324887
v -4.1141257 -0.32060423 22.912056
v -4.010249 -0.27748474 13.351211
v -1.7810937 19.58116 20.530853
v -1.7975243 12.959169 20.54265
v -3.978252 19.620642 20.511415
v -3.9946775 12.998654 20.523207
v -4.1175294 19.621975 20.34493
v -4.1339645 12.9999895 20.356724
v -4.1661377 19.62201 17.1639
v -4.1814404 13.000029 17.163015
v -3.9996533 19.620592 17.024607
v -4.014961 12.998611 17.023724
v -1.8024951 19.58111 17.044048
v -1.8178076 12.95913 17.043161
v -1.6632129 19.580011 17.21053
v -1.6785302 12.957789 17.20964
v -1.6146094 19.579733 20.391562
v -1.6310449 12.9577465 20.403355
v -4.1661377 19.62201 17.1639
v -4.1814404 13.000029 17.163015
v -3.9996533 19.620592 17.024607
v -4.014961 12.998611 17.023724
v -1.8024951 19.58111 17.044048
v -1.8178076 12.95913 17.043161
v -1.6632129 19.580011 17.21053
v -1.6785302 12.957789 17.20964
v -4.0042872 12.833974 17.180685
v -1.8329345 12.78936 17.19596
v -4.014961 12.998611 17.023724
v -1.8178076 12.95913 17.043161
v -3.9506152 12.833933 20.273891
v -4.0042872 12.833974 17.180685
v -4.1339645 12.9999895 20.356724
v -4.1814404 13.000029 17.163015
v -1.8274707 12.7951145 20.28659
v -3.9506152 12.833933 20.273891
v -1.7975243 12.959169 20.54265
v -3.9946775 12.998654 20.523207
v -2.034375 16.79711 -8.906709
v -2.0504053 10.175119 -8.894375
v -6.067998 16.836592 -8.791704
v -6.084018 10.214605 -8.779367
v -6.212744 16.837925 -8.953457
v -6.228774 10.2159395 -8.941124
v -6.184277 16.837965 -14.629343
v -6.1995993 10.21598 -14.629719
v -6.0225196 16.836552 -14.774106
v -6.0378513 10.214562 -14.774477
v -1.9889063 16.797068 -14.889111
v -2.0042381 10.175081 -14.889484
v -1.8441552 16.795967 -14.727361
v -1.8594922 10.17374 -14.727736
v -1.872622 16.795685 -9.051474
v -1.8886572 10.173697 -9.039139
v -6.184277 16.837965 -14.629343
v -6.1995993 10.21598 -14.629719
v -6.0225196 16.836552 -14.774106
v -6.0378513 10.214562 -14.774477
v -1.9889063 16.797068 -14.889111
v -2.0042381 10.175081 -14.889484
v -1.8441552 16.795967 -14.727361
v -1.8594922 10.17374 -14.727736
v -6.021953 10.049925 -14.617959
v -2.0142674 10.005311 -14.736267
v -6.0378513 10.214562 -14.774477
v -2.0042381 10.175081 -14.889484
v -6.048286 10.049884 -9.030016
v -6.021953 10.049925 -14.617959
v -6.228774 10.2159395 -8.941124
v -6.1995993 10.21598 -14.629719
v -2.0888672 10.011065 -9.149292
v -6.048286 10.049884 -9.030016
v -2.0504053 10.175119 -8.894375
v -6.084018 10.214605 -8.779367
v -4.6569824 7.1663256 -13.700942
v -4.6726856 0.5443353 -13.688193
v -7.0642285 7.205808 -13.722166
v -7.0799217 0.5838214 -13.709415
v -7.213149 7.207141 -13.880083
v -7.2288523 0.5851556 -13.867335
v -7.3329735 7.2071824 -19.554775
v -7.3483005 0.5851965 -19.554749
v -7.1750536 7.205769 -19.703712
v -7.1903906 0.5837799 -19.703686
v -4.7678175 7.166284 -19.68249
v -4.783154 0.5442993 -19.682463
v -4.6188865 7.165183 -19.524578
v -4.634228 0.5429571 -19.524551
v -4.4990673 7.164902 -13.849882
v -4.5147753 0.5429132 -13.837133
v -7.3329735 7.2071824 -19.554775
v -7.3483005 0.5851965 -19.554749
v -7.1750536 7.205769 -19.703712
v -7.1903906 0.5837799 -19.703686
v -4.7678175 7.166284 -19.68249
v -4.783154 0.5442993 -19.682463
v -4.6188865 7.165183 -19.524578
v -4.634228 0.5429571 -19.524551
v -7.170405 0.41914183 -19.547634
v -4.7891746 0.3745282 -19.529036
v -7.1903906 0.5837799 -19.703686
v -4.783154 0.5442993 -19.682463
v -7.050747 0.41909972 -13.960912
v -7.170405 0.41914183 -19.547634
v -7.2288523 0.5851556 -13.867335
v -7.3483005 0.5851965 -19.554749
v -4.717793 0.38028014 -13.9420185
v -7.050747 0.41909972 -13.960912
v -4.6726856 0.5443353 -13.688193
v -7.0799217 0.5838214 -13.709415
v -5.448916 11.621155 -12.621444
v -5.464619 4.999165 -12.608696
v -6.8036766 11.660637 -12.401102
v -6.81937 5.038651 -12.388351
v -6.9525976 11.66197 -12.559018
v -6.968301 5.039985 -12.546271
v -7.0724216 11.662011 -16.71708
v -7.087749 5.0400257 -16.717054
v -6.9145017 11.660598 -16.866018
v -6.9298387 5.038608 -16.865988
v -5.559751 11.621113 -17.086359
v -5.5750875 4.999127 -17.086332
v -5.41082 11.620012 -16.928448
v -5.426162 4.9977856 -16.928421
v -5.291001 11.619731 -12.770384
v -5.306709 4.9977427 -12.757636
v -7.0724216 11.662011 -16.71708
v -7.087749 5.0400257 -16.717054
v -6.9145017 11.660598 -16.866018
v -6.9298387 5.038608 -16.865988
v -5.559751 11.621113 -17.086359
v -5.5750875 4.999127 -17.086332
v -5.41082 11.620012 -16.928448
v -5.426162 4.9977856 -16.928421
v -6.9098535 4.873971 -16.709938
v -5.581108 4.8293567 -16.932905
v -6.9298387 5.038608 -16.865988
v -5.5750875 4.999127 -17.086332
v -6.790195 4.8739295 -12.639847
v -6.9098535 4.873971 -16.709938
v -6.968301 5.039985 -12.546271
v -7.087749 5.0400257 -16.717054
v -5.5097265 4.8351097 -12.86252
v -6.790195 4.8739295 -12.639847
v -5.464619 4.999165 -12.608696
v -6.81937 5.038651 -12.388351
v -2.7320068 -24.6571 3.128601
v 0.74401855 -24.588331 3.2741284
v -2.2680614 -25.161377 -19.600647
v 1.2079736 -25.16138 -19.45511
v -6.694336 -26.917921 2.4018114
v -0.58230954 -26.917921 2.6275487
v -6.5443554 -26.917917 -19.917055
v -0.23037109 -26.921938 -20.12973
v -5.2180467 -20.68059 -3.6957445
v -2.1436815 -20.68059 -3.672251
v -5.271782 -20.68058 -18.960897
v -2.1973975 -20.68058 -18.937405
v -4.573628 0.35630935 -12.841738
v -0.9966162 0.35630935 -12.9744
v -5.0025926 0.35631484 -17.46568
v -1.4255712 0.3563147 -17.598341
v -6.529775 -2.138878 -8.015527
v -1.2903076 -2.1388762 -7.987578
v -6.821118 -2.1388679 -20.866693
v -1.5816357 -2.1388664 -20.838749
v -3.7636817 -19.521414 -11.728744
v -0.18552734 -19.521414 -11.6318245
v -3.7514257 -19.521406 -17.23988
v -0.17325196 -19.521406 -17.142958
v -4.2070603 -17.743267 -4.7388144
v -0.9999658 -17.743267 -4.726921
v -4.163442 -17.743248 -14.534028
v -0.956333 -17.743248 -14.522139
v -3.4619482 -18.657982 5.3500733
v 0.11749511 -18.657982 5.337517
v -3.691914 -18.657959 -8.175014
v -0.11245605 -18.657959 -8.187571
v -6.488291 2.0591571 -7.5807743
v -1.951626 2.1022112 -7.5489297
v -6.4536276 2.1109788 -18.489262
v -1.8683447 2.1543152 -18.456203
v -3.5002148 7.343352 -9.269229
v 0.079145506 7.343352 -9.297157
v -3.680161 7.3433604 -15.986348
v -0.100791015 7.3433604 -16.014277
v -3.2888427 -13.0167675 -6.5905266
v 0.29023436 -13.016765 -6.5376267
v -3.2718945 -13.01675 -15.194306
v 0.30719727 -13.01675 -15.141408
v -5.3500147 -7.174816 10.887434
v 2.502749 -7.1740594 10.85881
v -5.548872 -7.2090106 -4.842365
v 2.3039062 -7.208255 -4.870987
v -3.4233642 -11.324361 18.718723
v 3.3700976 -11.324367 18.706097
v -3.1758494 -11.324342 -2.8937645
v 3.6696727 -11.324347 -2.515211
v -6.412295 -22.669502 12.295495
v -1.8793212 -22.669497 13.12028
v -4.728003 -22.669502 0.011383057
v -0.19503418 -22.669497 0.836167
v -4.671333 8.073637 7.632683
v 2.6206446 8.073638 7.6608176
v -4.7412353 8.0736475 -13.029504
v 2.5507567 8.073648 -13.001371
v -4.825898 11.461501 -10.416792
v -0.29112792 11.504556 -10.384949
v -4.7912354 11.51332 -18.010674
v -0.20784667 11.556656 -17.977613
v -2.337368 1.9693578 11.052727
v 7.315903 2.0220227 11.213025
v -2.2757518 1.9714563 -0.7112549
v 7.377519 2.0241222 -0.5509619
v -1.5277783 6.064817 0.74868286
v 3.8353856 6.1174827 0.90898067
v -1.4661621 6.0669174 -17.09777
v 3.896997 6.1195836 -16.93748
v -2.0624073 -24.41152 25.688429
v 7.590869 -24.358854 25.869333
v -2.000786 -24.409416 -9.463978
v 7.6524854 -24.35675 -9.303687
v -6.1104784 -8.705968 -8.83423
v -1.5738086 -8.662913 -8.802387
v -6.0758104 -8.654149 -19.742722
v -1.4905322 -8.610813 -19.709663
v -0.5070605 -12.058563 1.5993603
v 2.9689598 -11.989794 1.7448877
v -1.76646 -12.5197315 -21.129892
v 3.4329197 -12.519737 -20.984358
v -6.277026 -24.036015 -0.41569945
v 6.595049 -23.967245 -0.27017334
v -5.813081 -24.497183 -23.14495
v 7.0590086 -24.497187 -22.999414
v -4.8582177 -11.395059 1.1585498
v -1.3821973 -11.326289 1.3040771
v -4.3942723 -11.85622 -21.570704
v -0.91823727 -11.856225 -21.425165
v -5.8136816 11.963078 -10.947481
v -1.8524853 11.924257 -10.934782
v -5.601201 11.963119 -16.531445
v -1.5917969 11.918505 -16.51617
v -5.710444 -14.436084 -16.632439
v -2.2344239 -14.367314 -16.486912
v -5.246499 -14.897248 -22.298906
v -1.7704638 -14.897253 -22.153368
v -2.9883447 0.46197143 21.089153
v 6.6649265 0.5146374 21.249454
v -2.9267285 0.4640686 6.640371
v 6.726543 0.5167346 6.800664
v -3.7140527 -0.79031616 22.885746
v -0.2357959 -0.7215466 22.81066
v -3.6102002 -0.74999696 13.324887
v -0.13192871 -0.7500018 13.249806
v -3.9506152 12.833933 20.273891
v -1.8274707 12.7951145 20.28659
v -4.0042872 12.833974 17.180685
v -1.8329345 12.78936 17.19596
v -6.048286 10.049884 -9.030016
v -2.0888672 10.011065 -9.149292
v -6.021953 10.049925 -14.617959
v -2.0142674 10.005311 -14.736267
v -7.050747 0.41909972 -13.960912
v -4.717793 0.38028014 -13.9420185
v -7.170405 0.41914183 -19.547634
v -4.7891746 0.3745282 -19.529036
v -6.790195 4.8739295 -12.639847
v -5.5097265 4.8351097 -12.86252
v -6.9098535 4.873971 -16.709938
v -5.581108 4.8293567 -16.932905
v 0.67446774 19.852604 2.9926245
v 0.9444189 19.624739 3.2404344
v 0.7444189 19.624733 3.4413574
v -2.641172 19.852604 2.853811
v -2.7316065 19.624733 3.29583
v -2.932544 19.624733 3.0958226
v 1.117085 19.852629 -19.304823
v 1.207544 19.62476 -19.655556
v 1.4084619 19.624756 -19.45554
v -2.1985693 19.852629 -19.443642
v -2.4685009 19.624756 -19.600159
v -2.2684913 19.62476 -19.801079
v -0.5303467 -19.7039 2.5027075
v -0.29203126 -19.873922 2.8511498
v -0.39517578 -19.873928 2.93614
v -6.642378 -19.42585 2.2769701
v -6.802876 -19.873926 2.6994872
v -6.887876 -19.873926 2.5963476
v -0.38180175 -19.425838 -19.801277
v -0.22128905 -19.59586 -20.223791
v -0.13629882 -19.595867 -20.120653
v -6.493833 -19.425838 -20.027014
v -6.732134 -19.595863 -20.375454
v -6.628989 -19.59586 -20.46045
v -6.802876 -19.873926 2.6994872
v -6.642378 -19.42585 2.2769701
v -0.39517578 -19.873928 2.93614
v -0.5303467 -19.7039 2.5027075
v -0.39517578 -19.873928 2.93614
v -6.642378 -19.42585 2.2769701
v -6.732134 -19.595863 -20.375454
v -6.493833 -19.425838 -20.027014
v -6.887876 -19.873926 2.5963476
v -6.642378 -19.42585 2.2769701
v -6.887876 -19.873926 2.5963476
v -6.493833 -19.425838 -20.027014
v -6.826201 -20.011328 -20.38453
v -6.732134 -19.595863 -20.375454
v -6.9819384 -20.01134 2.587268
v -6.887876 -19.873926 2.5963476
v -6.9819384 -20.01134 2.587268
v -6.732134 -19.595863 -20.375454
v -0.19795898 -20.011343 2.8602197
v -0.29203126 -19.873922 2.8511498
v -0.04222656 -20.01133 -20.11158
v -0.13629882 -19.595867 -20.120653
v -0.04222656 -20.01133 -20.11158
v -0.29203126 -19.873922 2.8511498
v -5.1482077 -17.514324 -3.9103441
v -5.2187986 -17.629908 -3.6100535
v -5.3206296 -17.629908 -3.713679
v -2.267075 -17.51431 -18.739834
v -2.196489 -17.62989 -19.040127
v -2.0946534 -17.629896 -18.9365
v -5.1996045 -17.514313 -18.762243
v -5.374497 -17.629894 -18.961786
v -5.2708693 -17.62989 -19.063618
v -2.1453223 -17.808687 -3.4838305
v -2.144414 -17.629908 -3.5865648
v -1.9380566 -17.808685 -7.6008916
v -5.2187986 -17.629908 -3.6100535
v -5.1482077 -17.514324 -3.9103441
v -2.144414 -17.629908 -3.5865648
v -2.2156885 -17.514324 -7.8013363
v -2.144414 -17.629908 -3.5865648
v -5.1482077 -17.514324 -3.9103441
v -0.9971973 4.1113887 -12.991433
v -0.89453125 4.0553045 -12.995015
v -0.99361813 4.055302 -12.888764
v -4.5742235 4.1113887 -12.858768
v -4.5706396 4.055302 -12.756097
v -4.6768947 4.055302 -12.855184
v -1.4255615 4.1114 -17.598337
v -1.4291455 4.0553136 -17.701008
v -1.3228858 4.055309 -17.601923
v -5.0025926 4.111398 -17.465675
v -5.1052537 4.0553117 -17.462091
v -5.006162 4.0553136 -17.568346
v -1.4029443 9.30978 -8.05963
v -1.1650391 9.065679 -8.010361
v -1.2886621 9.065676 -7.8828325
v -6.4233837 9.309777 -8.091112
v -6.5281544 9.065674 -7.9107733
v -6.6556835 9.065674 -8.0344
v -1.6883398 9.309798 -20.783974
v -1.5835742 9.065696 -20.964314
v -1.4560351 9.065689 -20.840689
v -6.7087936 9.309796 -20.815458
v -6.946689 9.065693 -20.864727
v -6.8230567 9.065696 -20.992256
v -0.2672949 -9.949412 -11.777851
v -0.0823291 -10.123926 -11.645852
v -0.18802245 -10.123929 -11.546168
v -3.6803613 -9.949412 -11.870293
v -3.7661912 -10.123929 -11.643085
v -3.865874 -10.123929 -11.748779
v -0.25606933 -9.949398 -17.01843
v -0.17023925 -10.123914 -17.245636
v -0.07055175 -10.123919 -17.139946
v -3.6691406 -9.9494 -17.11088
v -3.8541014 -10.123916 -17.242874
v -3.7484033 -10.123914 -17.342558
v -4.1326413 -12.021751 -4.8799567
v -4.207515 -12.144694 -4.662031
v -4.2990184 -12.144694 -4.7546186
v -0.9563232 -12.024562 -14.522131
v -0.9557812 -12.144688 -14.61418
v -0.8642724 -12.144688 -14.521591
v -4.1107273 -12.021747 -14.489536
v -4.2554784 -12.144688 -14.534568
v -4.1628857 -12.144689 -14.62607
v -1.0009521 -12.460698 -4.5580945
v -0.95479 -12.13931 -4.7891436
v -0.81577146 -12.460698 -4.7411003
v -4.207515 -12.144694 -4.662031
v -4.1326413 -12.021751 -4.8799567
v -1.081875 -12.022875 -4.9076495
v -4.2554784 -12.144688 -14.534568
v -4.1107273 -12.021747 -14.489536
v -4.2990184 -12.144694 -4.7546186
v -4.1326413 -12.021751 -4.8799567
v -4.2990184 -12.144694 -4.7546186
v -4.1107273 -12.021747 -14.489536
v -0.9557812 -12.144688 -14.61418
v -0.9563232 -12.024562 -14.522131
v -4.1628857 -12.144689 -14.62607
v -4.1107273 -12.021747 -14.489536
v -4.1628857 -12.144689 -14.62607
v -0.9563232 -12.024562 -14.522131
v -0.9563232 -12.024562 -14.522131
v -0.8642724 -12.144688 -14.521591
v -0.95479 -12.13931 -4.7891436
v -4.2080665 -12.460698 -4.569986
v -4.207515 -12.144694 -4.662031
v -1.0009521 -12.460698 -4.5580945
v -0.95479 -12.13931 -4.7891436
v -1.0009521 -12.460698 -4.5580945
v -1.04771 -12.13947 -4.728125
v -0.7722314 -12.460678 -14.521047
v -0.81577146 -12.460698 -4.7411003
v -0.8642724 -12.144688 -14.521591
v -1.04771 -12.13947 -4.728125
v -1.081875 -12.022875 -4.9076495
v -0.95479 -12.13931 -4.7891436
v -1.081875 -12.022875 -4.9076495
v -1.04771 -12.13947 -4.728125
v -4.207515 -12.144694 -4.662031
v -1.04771 -12.13947 -4.728125
v -1.0009521 -12.460698 -4.5580945
v -4.207515 -12.144694 -4.662031
v -0.8642724 -12.144688 -14.521591
v -0.81577146 -12.460698 -4.7411003
v -0.95479 -12.13931 -4.7891436
v -3.3807225 -7.793608 5.173074
v -3.4618359 -8.002898 5.435781
v -3.564707 -8.002899 5.333186
v -0.20237793 -7.793568 -8.035309
v -0.112583004 -8.002891 -8.290292
v -0.009707031 -8.002892 -8.187696
v -3.6166797 -7.793568 -8.0233345
v -3.7946386 -8.002892 -8.174863
v -3.6920362 -8.002891 -8.277732
v 0.11774902 -8.446464 5.5259542
v 0.0640332 -8.002899 5.420122
v 0.32295898 -8.446464 5.320217
v 0.16523926 -8.002899 5.2575073
v 0.32295898 -8.446464 5.320217
v 0.0640332 -8.002899 5.420122
v 0.32295898 -8.446464 5.320217
v 0.16523926 -8.002899 5.2575073
v 0.09302246 -8.446455 -8.187832
v -0.009707031 -8.002892 -8.187696
v 0.09302246 -8.446455 -8.187832
v 0.16523926 -8.002899 5.2575073
v -0.033530273 -7.800254 5.1412864
v 0.16523926 -8.002899 5.2575073
v 0.0640332 -8.002899 5.420122
v -2.0134716 12.847192 -7.2277484
v -1.8740478 12.727453 -7.1808977
v -1.9547313 12.717386 -7.109007
v -6.5501513 12.804136 -7.2595925
v -6.565078 12.665742 -7.145567
v -6.6365623 12.658065 -7.2268696
v -1.9263427 12.886234 -18.18103
v -1.9083056 12.772655 -18.258614
v -1.8368114 12.78033 -18.17731
v -6.513086 12.844955 -18.191174
v -6.599331 12.710944 -18.22328
v -6.5186424 12.721012 -18.295174
v -1.9083056 12.772655 -18.258614
v -1.9263427 12.886234 -18.18103
v -6.5186424 12.721012 -18.295174
v -6.513086 12.844955 -18.191174
v -6.5186424 12.721012 -18.295174
v -1.9263427 12.886234 -18.18103
v -1.8740478 12.727453 -7.1808977
v -2.0134716 12.847192 -7.2277484
v -1.8368114 12.78033 -18.17731
v -1.9263427 12.886234 -18.18103
v -1.8368114 12.78033 -18.17731
v -2.0134716 12.847192 -7.2277484
v -0.0076660155 16.915356 -9.440242
v 0.18179199 16.740843 -9.3147745
v 0.07963867 16.740839 -9.211466
v -3.4218798 16.915356 -9.413598
v -3.4997363 16.740839 -9.183535
v -3.603042 16.740839 -9.285688
v -0.17921387 16.91537 -15.886935
v -0.10135742 16.740854 -16.117
v 0.0019580077 16.740849 -16.014849
v -3.5934324 16.915369 -15.860299
v -3.7828856 16.740852 -15.985764
v -3.6807225 16.740854 -16.089073
v 0.2083496 -4.5426435 -6.7539926
v 0.39325196 -4.6518793 -6.552916
v 0.28879395 -4.6518793 -6.451942
v -3.2055957 -4.5426435 -6.8044434
v -3.2902977 -4.6518793 -6.504839
v -3.3912745 -4.6518793 -6.6092978
v 0.22424804 -4.5426264 -14.944516
v 0.3089502 -4.651879 -15.244123
v 0.40993163 -4.6518793 -15.139666
v -3.189702 -4.5426273 -14.994975
v -3.3746045 -4.651879 -15.196045
v -3.2701366 -4.651879 -15.297021
v 2.457378 9.812461 10.668869
v 2.6037939 9.774654 10.812146
v 2.4984276 9.775781 10.912161
v -5.317241 9.811734 10.695515
v -5.3543506 9.597743 10.940788
v -5.4543796 9.596387 10.835427
v 2.267285 9.780048 -4.7620482
v 2.3044775 9.562038 -5.0059705
v 2.4045117 9.563391 -4.9006104
v -5.507344 9.779324 -4.735419
v -5.653667 9.562409 -4.8773303
v -5.5482907 9.561281 -4.9773483
v -5.3543506 9.597743 10.940788
v -5.317241 9.811734 10.695515
v 2.4984276 9.775781 10.912161
v 2.457378 9.812461 10.668869
v 2.4984276 9.775781 10.912161
v -5.317241 9.811734 10.695515
v 2.6037939 9.774654 10.812146
v 2.457378 9.812461 10.668869
v 2.4045117 9.563391 -4.9006104
v 2.267285 9.780048 -4.7620482
v 2.4045117 9.563391 -4.9006104
v 2.457378 9.812461 10.668869
v -5.3569093 9.39004 11.045293
v -5.3543506 9.597743 10.940788
v 2.4958692 9.3908 11.016663
v 2.4984276 9.775781 10.912161
v 2.4958692 9.3908 11.016663
v -5.3543506 9.597743 10.940788
v 2.7066162 9.388545 10.816626
v 2.6037939 9.774654 10.812146
v 2.5073192 9.354559 -4.8961267
v 2.4045117 9.563391 -4.9006104
v 2.5073192 9.354559 -4.8961267
v 2.6037939 9.774654 10.812146
v 3.276953 16.431122 18.42159
v 3.4845457 16.166279 18.69812
v 3.3611767 16.166273 18.80006
v -3.2902977 16.431143 18.362858
v -3.4171581 16.166296 18.721247
v -3.5191014 16.166296 18.597876
v 3.5535252 16.431189 -2.2694385
v 3.6803906 16.166338 -2.6278343
v 3.7823436 16.166332 -2.5044615
v -3.080908 16.431187 -2.6279113
v -3.2884912 16.166332 -2.9044483
v -3.165117 16.166338 -3.0063868
v -4.5621676 -13.803891 0.11476562
v -4.7881837 -14.034145 0.003847656
v -4.7112255 -14.034145 -0.06304687
v -6.223945 -13.803901 12.255246
v -6.4051366 -14.034154 12.372927
v -6.4724708 -14.034154 12.287966
v -0.3714209 -13.803879 0.8779199
v -0.1902246 -14.034136 0.76023436
v -0.12289062 -14.034133 0.84519285
v -2.0331933 -13.803887 13.018395
v -1.8071777 -14.034139 13.129313
v -1.8841357 -14.034141 13.196213
v 2.533286 18.576874 7.518083
v 2.7232225 18.402359 7.64282
v 2.6214697 18.402357 7.7465158
v -4.5935545 18.576874 7.4880247
v -4.6705275 18.402357 7.7183814
v -4.7742286 18.402357 7.616628
v 2.4728272 18.5769 -12.873718
v 2.5497997 18.402384 -13.10408
v 2.653501 18.402378 -13.002328
v -4.654023 18.5769 -12.903779
v -4.8439503 18.402384 -13.028517
v -4.7421923 18.402386 -13.132217
v -0.3529736 20.214994 -10.063768
v -0.2135498 20.095257 -10.016919
v -0.29423338 20.085188 -9.945028
v -4.8877587 20.171938 -10.0956135
v -4.9026856 20.033545 -9.981587
v -4.9741697 20.025866 -10.06289
v -0.26584473 20.254038 -17.702444
v -0.24780273 20.14046 -17.780027
v -0.17631347 20.148132 -17.698727
v -4.850693 20.212759 -17.71259
v -4.9369383 20.078747 -17.744696
v -4.85625 20.088816 -17.816587
v -0.24780273 20.14046 -17.780027
v -0.26584473 20.254038 -17.702444
v -4.85625 20.088816 -17.816587
v -4.850693 20.212759 -17.71259
v -4.85625 20.088816 -17.816587
v -0.26584473 20.254038 -17.702444
v -0.2135498 20.095257 -10.016919
v -0.3529736 20.214994 -10.063768
v -0.17631347 20.148132 -17.698727
v -0.26584473 20.254038 -17.702444
v -0.17631347 20.148132 -17.698727
v -0.3529736 20.214994 -10.063768
v -2.0923438 22.776432 -0.60449463
v -2.4251854 22.45528 -0.7045166
v -2.335249 22.455797 -0.8136572
v -2.1560838 22.774382 10.957844
v -2.3752196 22.453762 11.160263
v -2.4868016 22.45318 11.059472
v 7.078672 22.826477 -0.4500757
v 7.3012986 22.50838 -0.6526684
v 7.412881 22.508966 -0.5518848
v 7.0149364 22.824427 11.112263
v 7.3512692 22.506872 11.212102
v 7.2613277 22.50635 11.321247
v -1.2827538 26.871895 -16.991009
v -1.6156006 26.550741 -17.091032
v -1.5256592 26.551262 -17.200172
v -1.3464941 26.869839 0.65381104
v -1.5656298 26.549221 0.85623044
v -1.6772119 26.54864 0.75543946
v 3.5981493 26.921938 -16.83659
v 3.8207812 26.60384 -17.039185
v 3.9323583 26.604425 -16.9384
v 3.5344188 26.919884 0.80823
v 3.870747 26.602331 0.90806884
v 3.7808104 26.601807 1.0172143
v -1.8173779 3.689585 -9.357214
v -2.1502244 3.3684306 -9.457237
v -2.060288 3.3689508 -9.566378
v -1.8811182 3.6875267 25.61415
v -2.1002588 3.3669074 25.816572
v -2.2118409 3.3663268 25.71578
v 7.3536377 3.7396288 -9.202795
v 7.5762644 3.4215312 -9.405389
v 7.6878467 3.4221172 -9.304606
v 7.289902 3.7375731 25.768574
v 7.6262302 3.4200177 25.868408
v 7.536294 3.4194927 25.977558
v -1.6356591 0.047525022 -8.481207
v -1.4962354 -0.07221375 -8.434357
v -1.5769141 -0.08228088 -8.362466
v -6.1723337 0.004469604 -8.513052
v -6.1872606 -0.13392517 -8.399026
v -6.258745 -0.14160217 -8.480329
v -1.5485302 0.08656799 -19.43449
v -1.5304883 -0.027011108 -19.512074
v -1.458999 -0.019336548 -19.430769
v -6.135268 0.045289915 -19.444635
v -6.2215137 -0.08872131 -19.476742
v -6.14083 -0.07865417 -19.548634
v -1.5304883 -0.027011108 -19.512074
v -1.5485302 0.08656799 -19.43449
v -6.14083 -0.07865417 -19.548634
v -6.135268 0.045289915 -19.444635
v -6.14083 -0.07865417 -19.548634
v -1.5485302 0.08656799 -19.43449
v -1.4962354 -0.07221375 -8.434357
v -1.6356591 0.047525022 -8.481207
v -1.458999 -0.019336548 -19.430769
v -1.5485302 0.08656799 -19.43449
v -1.458999 -0.019336548 -19.430769
v -1.6356591 0.047525022 -8.481207
v 2.899409 3.5934594 1.463374
v 3.1693652 3.365592 1.7111865
v 2.9693651 3.365587 1.9121094
v -0.41622558 3.5934594 1.3245605
v -0.50666505 3.365587 1.766582
v -0.7076025 3.3655877 1.5665747
v 3.3420262 3.593485 -20.834074
v 3.43249 3.365617 -21.184807
v 3.633408 3.365612 -20.984789
v -1.6969677 3.593485 -20.972893
v -1.9669043 3.3656116 -21.129408
v -1.7668945 3.3656163 -21.33033
v -1.9669043 3.3656116 -21.129408
v -1.6969677 3.593485 -20.972893
v -0.7076025 3.3655877 1.5665747
v -0.41622558 3.5934594 1.3245605
v -0.7076025 3.3655877 1.5665747
v -1.6969677 3.593485 -20.972893
v 6.525498 -8.75346 -0.55167603
v 6.795454 -8.981326 -0.30386597
v 6.5954537 -8.981331 -0.102943115
v -6.1861963 -8.75346 -0.6904907
v -6.276631 -8.981331 -0.24847168
v -6.477568 -8.981331 -0.448479
v 6.968115 -8.753432 -22.849129
v 7.058579 -8.981301 -23.19986
v 7.2594967 -8.981306 -22.999844
v -5.743589 -8.753433 -22.987946
v -6.0135255 -8.981307 -23.14446
v -5.8135157 -8.981301 -23.345383
v -1.451748 5.0583405 1.0225635
v -1.181792 4.830474 1.2703735
v -1.381792 4.830469 1.4712963
v -4.7673874 5.0583405 0.88374996
v -4.857822 4.830469 1.3257691
v -5.0587597 4.830469 1.1257617
v -1.0091308 5.058363 -21.274885
v -0.91866696 4.8304954 -21.625618
v -0.717749 4.830489 -21.4256
v -4.32478 5.058363 -21.413704
v -4.5947165 4.8304906 -21.570219
v -4.3947067 4.8304954 -21.77114
v -1.8365234 19.015068 -10.88784
v -1.7145458 18.879198 -10.836526
v -1.7977782 18.879911 -10.766881
v -5.7977242 19.05388 -10.90054
v -5.832993 18.919394 -10.786317
v -5.9026413 18.920061 -10.869555
v -1.5723975 18.995493 -16.515049
v -1.5666406 18.87992 -16.591557
v -1.4969921 18.87924 -16.508314
v -5.583618 19.042519 -16.507467
v -5.6850877 18.920105 -16.541346
v -5.6018457 18.919401 -16.610994
v -1.5666406 18.87992 -16.591557
v -1.5723975 18.995493 -16.515049
v -5.6018457 18.919401 -16.610994
v -5.583618 19.042519 -16.507467
v -5.6018457 18.919401 -16.610994
v -1.5723975 18.995493 -16.515049
v -1.7145458 18.879198 -10.836526
v -1.8365234 19.015068 -10.88784
v -1.4969921 18.87924 -16.508314
v -1.5723975 18.995493 -16.515049
v -1.4969921 18.87924 -16.508314
v -1.8365234 19.015068 -10.88784
v -2.3039746 1.2159405 -16.768421
v -2.0340185 0.9880743 -16.52061
v -2.2340186 0.9880694 -16.319689
v -5.6196094 1.2159405 -16.907236
v -5.7100487 0.9880694 -16.465216
v -5.9109864 0.9880694 -16.665222
v -1.8613573 1.2159661 -22.003088
v -1.7708936 0.9880975 -22.353817
v -1.5699755 0.9880926 -22.153801
v -5.1770067 1.2159661 -22.141907
v -5.4469433 0.9880926 -22.29842
v -5.2469335 0.9880975 -22.49934
v -2.7433202 21.26905 6.7471313
v -3.076162 20.947897 6.6471066
v -2.9862256 20.948416 6.5379663
v -2.8070605 21.266989 20.994274
v -3.0261962 20.94637 21.196697
v -3.1377783 20.945787 21.095905
v 6.4276953 21.319094 6.9015503
v 6.650322 21.000998 6.698955
v 6.7619042 21.001583 6.7997384
v 6.36396 21.317034 21.148693
v 6.7002926 20.99948 21.248531
v 6.6103516 20.998957 21.357677
v -0.32305175 14.861704 22.534126
v -0.037934568 14.633838 22.764326
v -0.22479492 14.633833 22.977518
v -3.6408153 14.861704 22.605747
v -3.7030566 14.633833 23.052607
v -3.9162695 14.633833 22.865736
v -0.21311523 14.86174 13.405546
v -0.14506347 14.633872 13.0497875
v 0.068125 14.633867 13.236668
v -3.5308983 14.86174 13.477162
v -3.81021 14.633867 13.338076
v -3.6233397 14.633872 13.124883
v -1.8115088 19.885925 20.333534
v -1.6895312 19.750055 20.384848
v -1.7727636 19.750769 20.454496
v -3.934658 19.924738 20.320835
v -3.9699266 19.79025 20.435059
v -4.039575 19.790915 20.35182
v -1.8135351 19.866344 17.197083
v -1.8077782 19.750763 17.120575
v -1.7381299 19.750086 17.203815
v -3.986704 19.913372 17.204664
v -4.088174 19.790955 17.170786
v -4.0049314 19.790247 17.101137
v -1.8077782 19.750763 17.120575
v -1.8135351 19.866344 17.197083
v -4.0049314 19.790247 17.101137
v -3.986704 19.913372 17.204664
v -4.0049314 19.790247 17.101137
v -1.8135351 19.866344 17.197083
v -1.6895312 19.750055 20.384848
v -1.8115088 19.885925 20.333534
v -1.7381299 19.750086 17.203815
v -1.8135351 19.866344 17.197083
v -1.7381299 19.750086 17.203815
v -1.8115088 19.885925 20.333534
v -2.0713477 17.101875 -9.102908
v -1.9477295 16.966005 -9.055686
v -2.0285938 16.966719 -8.983307
v -6.030776 17.140688 -8.983633
v -6.0622215 17.0062 -8.868298
v -6.1346045 17.006866 -8.949169
v -1.9948437 17.0823 -14.735793
v -1.9916406 16.966726 -14.8124485
v -1.9192578 16.966047 -14.731574
v -6.003584 17.129326 -14.594579
v -6.106123 17.00691 -14.625058
v -6.025249 17.006208 -14.697442
v -1.9916406 16.966726 -14.8124485
v -1.9948437 17.0823 -14.735793
v -6.025249 17.006208 -14.697442
v -6.003584 17.129326 -14.594579
v -6.025249 17.006208 -14.697442
v -1.9948437 17.0823 -14.735793
v -1.9477295 16.966005 -9.055686
v -2.0713477 17.101875 -9.102908
v -1.9192578 16.966047 -14.731574
v -1.9948437 17.0823 -14.735793
v -1.9192578 16.966047 -14.731574
v -2.0713477 17.101875 -9.102908
v -4.699067 7.4710913 -13.896108
v -4.574258 7.335222 -13.852132
v -4.653203 7.335935 -13.777664
v -7.032031 7.5099044 -13.915002
v -7.060454 7.375417 -13.798884
v -7.1349216 7.376084 -13.877836
v -4.769751 7.451516 -19.529068
v -4.76855 7.3359423 -19.605782
v -4.694077 7.3352637 -19.526825
v -7.1514306 7.4985423 -19.524744
v -7.254731 7.3761277 -19.552532
v -7.175776 7.375425 -19.627005
v -4.76855 7.3359423 -19.605782
v -4.769751 7.451516 -19.529068
v -7.175776 7.375425 -19.627005
v -7.1514306 7.4985423 -19.524744
v -7.175776 7.375425 -19.627005
v -4.769751 7.451516 -19.529068
v -4.574258 7.335222 -13.852132
v -4.699067 7.4710913 -13.896108
v -4.694077 7.3352637 -19.526825
v -4.769751 7.451516 -19.529068
v -4.694077 7.3352637 -19.526825
v -4.699067 7.4710913 -13.896108
v -5.4910007 11.9259205 -12.816609
v -5.3661914 11.790051 -12.772634
v -5.4451365 11.790764 -12.698166
v -6.771479 11.964734 -12.593938
v -6.799902 11.830246 -12.477819
v -6.87437 11.830913 -12.556773
v -5.5616846 11.906345 -16.93294
v -5.5604835 11.7907715 -17.009651
v -5.4860106 11.790092 -16.930696
v -6.8908787 11.953371 -16.687048
v -6.9941797 11.830956 -16.714838
v -6.9152246 11.830254 -16.78931
v -6.799902 11.830246 -12.477819
v -6.771479 11.964734 -12.593938
v -5.4451365 11.790764 -12.698166
v -5.4910007 11.9259205 -12.816609
v -5.4451365 11.790764 -12.698166
v -6.771479 11.964734 -12.593938
v -5.5604835 11.7907715 -17.009651
v -5.5616846 11.906345 -16.93294
v -6.9152246 11.830254 -16.78931
v -6.8908787 11.953371 -16.687048
v -6.9152246 11.830254 -16.78931
v -5.5616846 11.906345 -16.93294
v -5.3661914 11.790051 -12.772634
v -5.4910007 11.9259205 -12.816609
v -5.4860106 11.790092 -16.930696
v -5.5616846 11.906345 -16.93294
v -5.4860106 11.790092 -16.930696
v -5.4910007 11.9259205 -12.816609
v 0.74487793 19.333239 3.641836
v 0.7444189 19.624733 3.4413574
v 1.1448975 19.333239 3.2399778
v 0.9444189 19.624739 3.2404344
v -3.1330028 19.333239 3.096267
v -2.932544 19.624733 3.0958226
v -2.7311668 19.333239 3.4963086
v -2.7316065 19.624733 3.29583
v 1.6089306 19.333261 -19.455997
v 1.4084619 19.624756 -19.45554
v 1.2070849 19.333261 -19.856022
v 1.207544 19.62476 -19.655556
v -2.2689404 19.333261 -20.001547
v -2.2684913 19.62476 -19.801079
v -2.6689599 19.333261 -19.5997
v -2.4685009 19.624756 -19.600159
v -2.7316065 19.624733 3.29583
v -2.641172 19.852604 2.853811
v 0.7444189 19.624733 3.4413574
v 0.67446774 19.852604 2.9926245
v -2.4685009 19.624756 -19.600159
v -2.1985693 19.852629 -19.443642
v -2.932544 19.624733 3.0958226
v -2.641172 19.852604 2.853811
v 1.207544 19.62476 -19.655556
v 1.117085 19.852629 -19.304823
v -2.2684913 19.62476 -19.801079
v -2.1985693 19.852629 -19.443642
v 0.9444189 19.624739 3.2404344
v 0.67446774 19.852604 2.9926245
v 1.4084619 19.624756 -19.45554
v 1.117085 19.852629 -19.304823
v -2.7311668 19.333239 3.4963086
v -2.7316065 19.624733 3.29583
v 0.74487793 19.333239 3.641836
v 0.7444189 19.624733 3.4413574
v -2.6689599 19.333261 -19.5997
v -2.4685009 19.624756 -19.600159
v -3.1330028 19.333239 3.096267
v -2.932544 19.624733 3.0958226
v 1.2070849 19.333261 -19.856022
v 1.207544 19.62476 -19.655556
v -2.2689404 19.333261 -20.001547
v -2.2684913 19.62476 -19.801079
v 1.1448975 19.333239 3.2399778
v 0.9444189 19.624739 3.2404344
v 1.6089306 19.333261 -19.455997
v 1.4084619 19.624756 -19.45554
v -0.40424803 -20.011343 3.0302148
v -0.39517578 -19.873928 2.93614
v -0.19795898 -20.011343 2.8602197
v -0.29203126 -19.873922 2.8511498
v -6.9819384 -20.01134 2.587268
v -6.887876 -19.873926 2.5963476
v -6.811958 -20.01134 2.7935545
v -6.802876 -19.873926 2.6994872
v -0.04222656 -20.01133 -20.11158
v -0.13629882 -19.595867 -20.120653
v -0.21220702 -20.011328 -20.317858
v -0.22128905 -19.59586 -20.223791
v -6.619917 -20.011328 -20.554514
v -6.628989 -19.59586 -20.46045
v -6.826201 -20.011328 -20.38453
v -6.732134 -19.595863 -20.375454
v -0.22128905 -19.59586 -20.223791
v -0.38180175 -19.425838 -19.801277
v -6.628989 -19.59586 -20.46045
v -6.493833 -19.425838 -20.027014
v -0.29203126 -19.873922 2.8511498
v -0.5303467 -19.7039 2.5027075
v -0.13629882 -19.595867 -20.120653
v -0.38180175 -19.425838 -19.801277
v -6.811958 -20.01134 2.7935545
v -6.802876 -19.873926 2.6994872
v -0.40424803 -20.011343 3.0302148
v -0.39517578 -19.873928 2.93614
v -0.21220702 -20.011328 -20.317858
v -0.22128905 -19.59586 -20.223791
v -6.619917 -20.011328 -20.554514
v -6.628989 -19.59586 -20.46045
v -2.2156885 -17.514324 -7.8013363
v -2.040791 -17.629904 -7.6017904
v -2.144414 -17.629908 -3.5865648
v -2.0946534 -17.629896 -18.9365
v -2.267075 -17.51431 -18.739834
v -2.040791 -17.629904 -7.6017904
v -1.9380566 -17.808685 -7.6008916
v -2.144414 -17.629908 -3.5865648
v -1.9919287 -17.808672 -18.935598
v -2.0946534 -17.629896 -18.9365
v -5.423354 -17.808687 -3.7145872
v -5.3206296 -17.629908 -3.713679
v -5.2197022 -17.808687 -3.5073242
v -5.2187986 -17.629908 -3.6100535
v -1.9919287 -17.808672 -18.935598
v -2.0946534 -17.629896 -18.9365
v -2.195581 -17.808672 -19.142853
v -2.196489 -17.62989 -19.040127
v -5.2699656 -17.808672 -19.166346
v -5.2708693 -17.62989 -19.063618
v -5.4772315 -17.808672 -18.962688
v -5.374497 -17.629894 -18.961786
v -5.374497 -17.629894 -18.961786
v -5.1996045 -17.514313 -18.762243
v -5.3206296 -17.629908 -3.713679
v -5.1482077 -17.514324 -3.9103441
v -2.196489 -17.62989 -19.040127
v -2.267075 -17.51431 -18.739834
v -5.2708693 -17.62989 -19.063618
v -5.1996045 -17.514313 -18.762243
v -5.2197022 -17.808687 -3.5073242
v -5.2187986 -17.629908 -3.6100535
v -2.1453223 -17.808687 -3.4838305
v -2.144414 -17.629908 -3.5865648
v -5.4772315 -17.808672 -18.962688
v -5.374497 -17.629894 -18.961786
v -5.423354 -17.808687 -3.7145872
v -5.3206296 -17.629908 -3.713679
v -2.195581 -17.808672 -19.142853
v -2.196489 -17.62989 -19.040127
v -5.2699656 -17.808672 -19.166346
v -5.2708693 -17.62989 -19.063618
v -0.99004394 3.7269933 -12.786087
v -0.99361813 4.055302 -12.888764
v -0.79185545 3.726994 -12.998598
v -0.89453125 4.0553045 -12.995015
v -4.7795606 3.7269933 -12.851608
v -4.6768947 4.055302 -12.855184
v -4.5670652 3.7269933 -12.653425
v -4.5706396 4.055302 -12.756097
v -1.2202197 3.726997 -17.605503
v -1.3228858 4.055309 -17.601923
v -1.4327197 3.726997 -17.803679
v -1.4291455 4.0553136 -17.701008
v -5.009746 3.726997 -17.671015
v -5.006162 4.0553136 -17.568346
v -5.2079296 3.726997 -17.458513
v -5.1052537 4.0553117 -17.462091
v -4.5706396 4.055302 -12.756097
v -4.5742235 4.1113887 -12.858768
v -0.99361813 4.055302 -12.888764
v -0.9971973 4.1113887 -12.991433
v -5.1052537 4.0553117 -17.462091
v -5.0025926 4.111398 -17.465675
v -4.6768947 4.055302 -12.855184
v -4.5742235 4.1113887 -12.858768
v -1.4291455 4.0553136 -17.701008
v -1.4255615 4.1114 -17.598337
v -5.006162 4.0553136 -17.568346
v -5.0025926 4.111398 -17.465675
v -0.89453125 4.0553045 -12.995015
v -0.9971973 4.1113887 -12.991433
v -1.3228858 4.055309 -17.601923
v -1.4255615 4.1114 -17.598337
v -4.5670652 3.7269933 -12.653425
v -4.5706396 4.055302 -12.756097
v -0.99004394 3.7269933 -12.786087
v -0.99361813 4.055302 -12.888764
v -5.2079296 3.726997 -17.458513
v -5.1052537 4.0553117 -17.462091
v -4.7795606 3.7269933 -12.851608
v -4.6768947 4.055302 -12.855184
v -1.4327197 3.726997 -17.803679
v -1.4291455 4.0553136 -17.701008
v -5.009746 3.726997 -17.671015
v -5.006162 4.0553136 -17.568346
v -0.79185545 3.726994 -12.998598
v -0.89453125 4.0553045 -12.995015
v -1.2202197 3.726997 -17.605503
v -1.3228858 4.055309 -17.601923
v -1.2867285 8.796906 -7.757248
v -1.2886621 9.065676 -7.8828325
v -1.039458 8.796907 -8.012311
v -1.1650391 9.065679 -8.010361
v -6.781255 8.7969055 -8.032462
v -6.6556835 9.065674 -8.0344
v -6.526211 8.7969055 -7.785196
v -6.5281544 9.065674 -7.9107733
v -1.3304688 8.796924 -20.842634
v -1.4560351 9.065689 -20.840689
v -1.5855175 8.796923 -21.089891
v -1.5835742 9.065696 -20.964314
v -6.8250046 8.796924 -21.117834
v -6.8230567 9.065696 -20.992256
v -7.0722656 8.796924 -20.862783
v -6.946689 9.065693 -20.864727
v -6.5281544 9.065674 -7.9107733
v -6.4233837 9.309777 -8.091112
v -1.2886621 9.065676 -7.8828325
v -1.4029443 9.30978 -8.05963
v -6.946689 9.065693 -20.864727
v -6.7087936 9.309796 -20.815458
v -6.6556835 9.065674 -8.0344
v -6.4233837 9.309777 -8.091112
v -1.5835742 9.065696 -20.964314
v -1.6883398 9.309798 -20.783974
v -6.8230567 9.065696 -20.992256
v -6.7087936 9.309796 -20.815458
v -1.1650391 9.065679 -8.010361
v -1.4029443 9.30978 -8.05963
v -1.4560351 9.065689 -20.840689
v -1.6883398 9.309798 -20.783974
v -6.526211 8.7969055 -7.785196
v -6.5281544 9.065674 -7.9107733
v -1.2867285 8.796906 -7.757248
v -1.2886621 9.065676 -7.8828325
v -7.0722656 8.796924 -20.862783
v -6.946689 9.065693 -20.864727
v -6.781255 8.7969055 -8.032462
v -6.6556835 9.065674 -8.0344
v -1.5855175 8.796923 -21.089891
v -1.5835742 9.065696 -20.964314
v -6.8250046 8.796924 -21.117834
v -6.8230567 9.065696 -20.992256
v -1.039458 8.796907 -8.012311
v -1.1650391 9.065679 -8.010361
v -1.3304688 8.796924 -20.842634
v -1.4560351 9.065689 -20.840689
v -0.19103515 -10.515139 -11.443477
v -0.18802245 -10.123929 -11.546168
v 0.02036621 -10.515139 -11.642842
v -0.0823291 -10.123926 -11.645852
v -3.9685595 -10.515139 -11.751792
v -3.865874 -10.123929 -11.748779
v -3.769204 -10.515139 -11.540398
v -3.7661912 -10.123929 -11.643085
v 0.032133788 -10.515125 -17.136936
v -0.07055175 -10.123919 -17.139946
v -0.16722168 -10.515125 -17.348326
v -0.17023925 -10.123914 -17.245636
v -3.7453954 -10.515125 -17.445244
v -3.7484033 -10.123914 -17.342558
v -3.956797 -10.515125 -17.245884
v -3.8541014 -10.123916 -17.242874
v -3.7661912 -10.123929 -11.643085
v -3.6803613 -9.949412 -11.870293
v -0.18802245 -10.123929 -11.546168
v -0.2672949 -9.949412 -11.777851
v -3.8541014 -10.123916 -17.242874
v -3.6691406 -9.9494 -17.11088
v -3.865874 -10.123929 -11.748779
v -3.6803613 -9.949412 -11.870293
v -0.17023925 -10.123914 -17.245636
v -0.25606933 -9.949398 -17.01843
v -3.7484033 -10.123914 -17.342558
v -3.6691406 -9.9494 -17.11088
v -0.0823291 -10.123926 -11.645852
v -0.2672949 -9.949412 -11.777851
v -0.07055175 -10.123919 -17.139946
v -0.25606933 -9.949398 -17.01843
v -3.769204 -10.515139 -11.540398
v -3.7661912 -10.123929 -11.643085
v -0.19103515 -10.515139 -11.443477
v -0.18802245 -10.123929 -11.546168
v -3.956797 -10.515125 -17.245884
v -3.8541014 -10.123916 -17.242874
v -3.9685595 -10.515139 -11.751792
v -3.865874 -10.123929 -11.748779
v -0.16722168 -10.515125 -17.348326
v -0.17023925 -10.123914 -17.245636
v -3.7453954 -10.515125 -17.445244
v -3.7484033 -10.123914 -17.342558
v 0.02036621 -10.515139 -11.642842
v -0.0823291 -10.123926 -11.645852
v 0.032133788 -10.515125 -17.136936
v -0.07055175 -10.123919 -17.139946
v -4.3910594 -12.460698 -4.7551646
v -4.2990184 -12.144694 -4.7546186
v -4.2080665 -12.460698 -4.569986
v -4.207515 -12.144694 -4.662031
v -0.7722314 -12.460678 -14.521047
v -0.8642724 -12.144688 -14.521591
v -0.95523435 -12.460678 -14.706221
v -0.9557812 -12.144688 -14.61418
v -4.1623435 -12.460678 -14.718112
v -4.1628857 -12.144689 -14.62607
v -4.3475294 -12.460678 -14.535112
v -4.2554784 -12.144688 -14.534568
v -4.3475294 -12.460678 -14.535112
v -4.2554784 -12.144688 -14.534568
v -4.3910594 -12.460698 -4.7551646
v -4.2990184 -12.144694 -4.7546186
v -0.95523435 -12.460678 -14.706221
v -0.9557812 -12.144688 -14.61418
v -4.1623435 -12.460678 -14.718112
v -4.1628857 -12.144689 -14.62607
v -3.6674364 -8.446464 5.3333154
v -3.564707 -8.002899 5.333186
v -3.461709 -8.446464 5.538513
v -3.4618359 -8.002898 5.435781
v 0.09302246 -8.446455 -8.187832
v -0.009707031 -8.002892 -8.187696
v -0.11270996 -8.446455 -8.393023
v -0.112583004 -8.002891 -8.290292
v -3.692168 -8.446455 -8.380465
v -3.6920362 -8.002891 -8.277732
v -3.897373 -8.446455 -8.174731
v -3.7946386 -8.002892 -8.174863
v -3.4618359 -8.002898 5.435781
v -3.3807225 -7.793608 5.173074
v 0.0640332 -8.002899 5.420122
v -0.033530273 -7.800254 5.1412864
v -3.7946386 -8.002892 -8.174863
v -3.6166797 -7.793568 -8.0233345
v -3.564707 -8.002899 5.333186
v -3.3807225 -7.793608 5.173074
v -0.112583004 -8.002891 -8.290292
v -0.20237793 -7.793568 -8.035309
v -3.6920362 -8.002891 -8.277732
v -3.6166797 -7.793568 -8.0233345
v -3.461709 -8.446464 5.538513
v -3.4618359 -8.002898 5.435781
v 0.11774902 -8.446464 5.5259542
v 0.0640332 -8.002899 5.420122
v -3.897373 -8.446455 -8.174731
v -3.7946386 -8.002892 -8.174863
v -3.6674364 -8.446464 5.3333154
v -3.564707 -8.002899 5.333186
v -0.11270996 -8.446455 -8.393023
v -0.112583004 -8.002891 -8.290292
v -3.692168 -8.446455 -8.380465
v -3.6920362 -8.002891 -8.277732
v -0.20237793 -7.793568 -8.035309
v -0.009707031 -8.002892 -8.187696
v 0.16523926 -8.002899 5.2575073
v -0.033530273 -7.800254 5.1412864
v -1.9396044 12.547713 -7.0338483
v -1.9547313 12.717386 -7.109007
v -1.7782274 12.567846 -7.1776323
v -1.8740478 12.727453 -7.1808977
v -6.69291 12.480717 -7.2330227
v -6.6365623 12.658065 -7.2268696
v -6.5499463 12.496068 -7.0704083
v -6.565078 12.665742 -7.145567
v -1.740996 12.620717 -18.174046
v -1.8368114 12.78033 -18.17731
v -1.8839648 12.605365 -18.336655
v -1.9083056 12.772655 -18.258614
v -6.4943113 12.553721 -18.373215
v -6.5186424 12.721012 -18.295174
v -6.6556883 12.533588 -18.229433
v -6.599331 12.710944 -18.22328
v -6.565078 12.665742 -7.145567
v -6.5501513 12.804136 -7.2595925
v -1.9547313 12.717386 -7.109007
v -2.0134716 12.847192 -7.2277484
v -6.599331 12.710944 -18.22328
v -6.513086 12.844955 -18.191174
v -6.6365623 12.658065 -7.2268696
v -6.5501513 12.804136 -7.2595925
v -6.5499463 12.496068 -7.0704083
v -6.565078 12.665742 -7.145567
v -1.9396044 12.547713 -7.0338483
v -1.9547313 12.717386 -7.109007
v -6.6556883 12.533588 -18.229433
v -6.599331 12.710944 -18.22328
v -6.69291 12.480717 -7.2330227
v -6.6365623 12.658065 -7.2268696
v -1.8839648 12.605365 -18.336655
v -1.9083056 12.772655 -18.258614
v -6.4943113 12.553721 -18.373215
v -6.5186424 12.721012 -18.295174
v -1.7782274 12.567846 -7.1776323
v -1.8740478 12.727453 -7.1808977
v -1.740996 12.620717 -18.174046
v -1.8368114 12.78033 -18.17731
v 0.080209956 16.34963 -9.108731
v 0.07963867 16.740839 -9.211466
v 0.28453124 16.34963 -9.315349
v 0.18179199 16.740843 -9.3147745
v -3.7057714 16.34963 -9.285118
v -3.603042 16.740839 -9.285688
v -3.499165 16.34963 -9.080804
v -3.4997363 16.740839 -9.183535
v 0.10468262 16.349644 -16.015423
v 0.0019580077 16.740849 -16.014849
v -0.10192382 16.349644 -16.21973
v -0.10135742 16.740854 -16.117
v -3.6812987 16.349644 -16.191803
v -3.6807225 16.740854 -16.089073
v -3.88562 16.349644 -15.9851885
v -3.7828856 16.740852 -15.985764
v -3.4997363 16.740839 -9.183535
v -3.4218798 16.915356 -9.413598
v 0.07963867 16.740839 -9.211466
v -0.0076660155 16.915356 -9.440242
v -3.7828856 16.740852 -15.985764
v -3.5934324 16.915369 -15.860299
v -3.603042 16.740839 -9.285688
v -3.4218798 16.915356 -9.413598
v -0.10135742 16.740854 -16.117
v -0.17921387 16.91537 -15.886935
v -3.6807225 16.740854 -16.089073
v -3.5934324 16.915369 -15.860299
v 0.18179199 16.740843 -9.3147745
v -0.0076660155 16.915356 -9.440242
v 0.0019580077 16.740849 -16.014849
v -0.17921387 16.91537 -15.886935
v -3.499165 16.34963 -9.080804
v -3.4997363 16.740839 -9.183535
v 0.080209956 16.34963 -9.108731
v 0.07963867 16.740839 -9.211466
v -3.88562 16.349644 -15.9851885
v -3.7828856 16.740852 -15.985764
v -3.7057714 16.34963 -9.285118
v -3.603042 16.740839 -9.285688
v -0.10192382 16.349644 -16.21973
v -0.10135742 16.740854 -16.117
v -3.6812987 16.349644 -16.191803
v -3.6807225 16.740854 -16.089073
v 0.28453124 16.34963 -9.315349
v 0.18179199 16.740843 -9.3147745
v 0.10468262 16.349644 -16.015423
v 0.0019580077 16.740849 -16.014849
v 0.287041 -5.023553 -6.349221
v 0.28879395 -4.6518793 -6.451942
v 0.49597168 -5.023553 -6.5511765
v 0.39325196 -4.6518793 -6.552916
v -3.4939892 -5.023553 -6.6110473
v -3.3912745 -4.6518793 -6.6092978
v -3.2920506 -5.023553 -6.402117
v -3.2902977 -4.6518793 -6.504839
v 0.5126416 -5.023549 -15.137919
v 0.40993163 -4.6518793 -15.139666
v 0.31070313 -5.0235486 -15.346838
v 0.3089502 -4.651879 -15.244123
v -3.2683935 -5.0235486 -15.399736
v -3.2701366 -4.651879 -15.297021
v -3.4773242 -5.0235486 -15.19779
v -3.3746045 -4.651879 -15.196045
v -3.2902977 -4.6518793 -6.504839
v -3.2055957 -4.5426435 -6.8044434
v 0.28879395 -4.6518793 -6.451942
v 0.2083496 -4.5426435 -6.7539926
v -3.3746045 -4.651879 -15.196045
v -3.189702 -4.5426273 -14.994975
v -3.3912745 -4.6518793 -6.6092978
v -3.2055957 -4.5426435 -6.8044434
v 0.3089502 -4.651879 -15.244123
v 0.22424804 -4.5426264 -14.944516
v -3.2701366 -4.651879 -15.297021
v -3.189702 -4.5426273 -14.994975
v 0.39325196 -4.6518793 -6.552916
v 0.2083496 -4.5426435 -6.7539926
v 0.40993163 -4.6518793 -15.139666
v 0.22424804 -4.5426264 -14.944516
v -3.2920506 -5.023553 -6.402117
v -3.2902977 -4.6518793 -6.504839
v 0.287041 -5.023553 -6.349221
v 0.28879395 -4.6518793 -6.451942
v -3.4773242 -5.0235486 -15.19779
v -3.3746045 -4.651879 -15.196045
v -3.4939892 -5.023553 -6.6110473
v -3.3912745 -4.6518793 -6.6092978
v 0.31070313 -5.0235486 -15.346838
v 0.3089502 -4.651879 -15.244123
v -3.2683935 -5.0235486 -15.399736
v -3.2701366 -4.651879 -15.297021
v 0.49597168 -5.023553 -6.5511765
v 0.39325196 -4.6518793 -6.552916
v 0.5126416 -5.023549 -15.137919
v 0.40993163 -4.6518793 -15.139666
v 2.4958692 9.3908 11.016663
v 2.4984276 9.775781 10.912161
v 2.7066162 9.388545 10.816626
v 2.6037939 9.774654 10.812146
v -5.5569577 9.38733 10.834562
v -5.4543796 9.596387 10.835427
v -5.3569093 9.39004 11.045293
v -5.3543506 9.597743 10.940788
v 2.5073192 9.354559 -4.8961267
v 2.4045117 9.563391 -4.9006104
v 2.3072753 9.351848 -5.106853
v 2.3044775 9.562038 -5.0059705
v -5.5455027 9.351091 -5.07823
v -5.5482907 9.561281 -4.9773483
v -5.75625 9.35335 -4.878191
v -5.653667 9.562409 -4.8773303
v -5.653667 9.562409 -4.8773303
v -5.507344 9.779324 -4.735419
v -5.4543796 9.596387 10.835427
v -5.317241 9.811734 10.695515
v 2.3044775 9.562038 -5.0059705
v 2.267285 9.780048 -4.7620482
v -5.5482907 9.561281 -4.9773483
v -5.507344 9.779324 -4.735419
v -5.75625 9.35335 -4.878191
v -5.653667 9.562409 -4.8773303
v -5.5569577 9.38733 10.834562
v -5.4543796 9.596387 10.835427
v 2.3072753 9.351848 -5.106853
v 2.3044775 9.562038 -5.0059705
v -5.5455027 9.351091 -5.07823
v -5.5482907 9.561281 -4.9773483
v -3.4171581 16.166296 18.721247
v -3.2902977 16.431143 18.362858
v 3.3611767 16.166273 18.80006
v 3.276953 16.431122 18.42159
v -3.2884912 16.166332 -2.9044483
v -3.080908 16.431187 -2.6279113
v -3.5191014 16.166296 18.597876
v -3.2902977 16.431143 18.362858
v 3.6803906 16.166338 -2.6278343
v 3.5535252 16.431189 -2.2694385
v -3.165117 16.166338 -3.0063868
v -3.080908 16.431187 -2.6279113
v 3.4845457 16.166279 18.69812
v 3.276953 16.431122 18.42159
v 3.7823436 16.166332 -2.5044615
v 3.5535252 16.431189 -2.2694385
v 3.3504686 15.597658 18.91272
v 3.3611767 16.166273 18.80006
v 3.597207 15.597658 18.70884
v 3.4845457 16.166279 18.69812
v -3.631748 15.597688 18.587158
v -3.5191014 16.166296 18.597876
v -3.4278808 15.597683 18.833904
v -3.4171581 16.166296 18.721247
v -3.4278808 15.597683 18.833904
v -3.4171581 16.166296 18.721247
v 3.3504686 15.597658 18.91272
v 3.3611767 16.166273 18.80006
v -3.4011376 15.597724 -2.9151635
v -3.2884912 16.166332 -2.9044483
v -3.631748 15.597688 18.587158
v -3.5191014 16.166296 18.597876
v 3.597207 15.597658 18.70884
v 3.4845457 16.166279 18.69812
v 3.8949852 15.597714 -2.49374
v 3.7823436 16.166332 -2.5044615
v 3.8949852 15.597714 -2.49374
v 3.7823436 16.166332 -2.5044615
v 3.691118 15.597724 -2.7404797
v 3.6803906 16.166338 -2.6278343
v -3.1544042 15.597714 -3.1190429
v -3.165117 16.166338 -3.0063868
v -3.4011376 15.597724 -2.9151635
v -3.2884912 16.166332 -2.9044483
v 3.691118 15.597724 -2.7404797
v 3.6803906 16.166338 -2.6278343
v -3.1544042 15.597714 -3.1190429
v -3.165117 16.166338 -3.0063868
v -6.4724708 -14.034154 12.287966
v -4.7881837 -14.034145 0.003847656
v -6.223945 -13.803901 12.255246
v -4.5621676 -13.803891 0.11476562
v -1.8841357 -14.034141 13.196213
v -6.4051366 -14.034154 12.372927
v -2.0331933 -13.803887 13.018395
v -6.223945 -13.803901 12.255246
v -0.12289062 -14.034133 0.84519285
v -1.8071777 -14.034139 13.129313
v -0.3714209 -13.803879 0.8779199
v -2.0331933 -13.803887 13.018395
v -4.7112255 -14.034145 -0.06304687
v -0.1902246 -14.034136 0.76023436
v -4.5621676 -13.803891 0.11476562
v -0.3714209 -13.803879 0.8779199
v -4.860332 -14.287563 -0.0051904297
v -4.706416 -14.287563 -0.1389746
v -4.7881837 -14.034145 0.003847656
v -4.7112255 -14.034145 -0.06304687
v -6.409941 -14.287573 12.44885
v -6.544619 -14.287573 12.278937
v -6.4051366 -14.034154 12.372927
v -6.4724708 -14.034154 12.287966
v -6.544619 -14.287573 12.278937
v -4.860332 -14.287563 -0.0051904297
v -6.4724708 -14.034154 12.287966
v -4.7881837 -14.034145 0.003847656
v -1.8889501 -14.2875595 13.272131
v -6.409941 -14.287573 12.44885
v -1.8841357 -14.034141 13.196213
v -6.4051366 -14.034154 12.372927
v -4.706416 -14.287563 -0.1389746
v -0.18541992 -14.287554 0.68431395
v -4.7112255 -14.034145 -0.06304687
v -0.1902246 -14.034136 0.76023436
v -0.18541992 -14.287554 0.68431395
v -0.05074707 -14.287551 0.8542285
v -0.1902246 -14.034136 0.76023436
v -0.12289062 -14.034133 0.84519285
v -1.735039 -14.2875595 13.138342
v -1.8889501 -14.2875595 13.272131
v -1.8071777 -14.034139 13.129313
v -1.8841357 -14.034141 13.196213
v -0.05074707 -14.287551 0.8542285
v -1.735039 -14.2875595 13.138342
v -0.12289062 -14.034133 0.84519285
v -1.8071777 -14.034139 13.129313
v 2.6224267 18.011147 7.8492455
v 2.6214697 18.402357 7.7465158
v 2.825952 18.011147 7.641853
v 2.7232225 18.402359 7.64282
v -4.876953 18.011147 7.61759
v -4.7742286 18.402357 7.616628
v -4.669565 18.011147 7.8211107
v -4.6705275 18.402357 7.7183814
v 2.7562256 18.011173 -13.003297
v 2.653501 18.402378 -13.002328
v 2.548833 18.011171 -13.20681
v 2.5497997 18.402384 -13.10408
v -4.7431593 18.011173 -13.234951
v -4.7421923 18.402386 -13.132217
v -4.9466844 18.011175 -13.027547
v -4.8439503 18.402384 -13.028517
v -4.6705275 18.402357 7.7183814
v -4.5935545 18.576874 7.4880247
v 2.6214697 18.402357 7.7465158
v 2.533286 18.576874 7.518083
v -4.8439503 18.402384 -13.028517
v -4.654023 18.5769 -12.903779
v -4.7742286 18.402357 7.616628
v -4.5935545 18.576874 7.4880247
v 2.5497997 18.402384 -13.10408
v 2.4728272 18.5769 -12.873718
v -4.7421923 18.402386 -13.132217
v -4.654023 18.5769 -12.903779
v 2.7232225 18.402359 7.64282
v 2.533286 18.576874 7.518083
v 2.653501 18.402378 -13.002328
v 2.4728272 18.5769 -12.873718
v -4.669565 18.011147 7.8211107
v -4.6705275 18.402357 7.7183814
v 2.6224267 18.011147 7.8492455
v 2.6214697 18.402357 7.7465158
v -4.9466844 18.011175 -13.027547
v -4.8439503 18.402384 -13.028517
v -4.876953 18.011147 7.61759
v -4.7742286 18.402357 7.616628
v 2.548833 18.011171 -13.20681
v 2.5497997 18.402384 -13.10408
v -4.7431593 18.011173 -13.234951
v -4.7421923 18.402386 -13.132217
v 2.825952 18.011147 7.641853
v 2.7232225 18.402359 7.64282
v 2.7562256 18.011173 -13.003297
v 2.653501 18.402378 -13.002328
v -0.27910644 19.915514 -9.869869
v -0.29423338 20.085188 -9.945028
v -0.117724605 19.93565 -10.013654
v -0.2135498 20.095257 -10.016919
v -5.0305176 19.848518 -10.069043
v -4.9741697 20.025866 -10.06289
v -4.8875537 19.863869 -9.906428
v -4.9026856 20.033545 -9.981587
v -0.08049805 19.98852 -17.69546
v -0.17631347 20.148132 -17.698727
v -0.2234668 19.97317 -17.85807
v -0.24780273 20.14046 -17.780027
v -4.8319187 19.921526 -17.894627
v -4.85625 20.088816 -17.816587
v -4.9932957 19.901392 -17.750849
v -4.9369383 20.078747 -17.744696
v -4.9026856 20.033545 -9.981587
v -4.8877587 20.171938 -10.0956135
v -0.29423338 20.085188 -9.945028
v -0.3529736 20.214994 -10.063768
v -4.9369383 20.078747 -17.744696
v -4.850693 20.212759 -17.71259
v -4.9741697 20.025866 -10.06289
v -4.8877587 20.171938 -10.0956135
v -4.8875537 19.863869 -9.906428
v -4.9026856 20.033545 -9.981587
v -0.27910644 19.915514 -9.869869
v -0.29423338 20.085188 -9.945028
v -4.9932957 19.901392 -17.750849
v -4.9369383 20.078747 -17.744696
v -5.0305176 19.848518 -10.069043
v -4.9741697 20.025866 -10.06289
v -0.2234668 19.97317 -17.85807
v -0.24780273 20.14046 -17.780027
v -4.8319187 19.921526 -17.894627
v -4.85625 20.088816 -17.816587
v -0.117724605 19.93565 -10.013654
v -0.2135498 20.095257 -10.016919
v -0.08049805 19.98852 -17.69546
v -0.17631347 20.148132 -17.698727
v -2.4868016 22.45318 11.059472
v -2.4251854 22.45528 -0.7045166
v -2.1560838 22.774382 10.957844
v -2.0923438 22.776432 -0.60449463
v 7.2613277 22.50635 11.321247
v -2.3752196 22.453762 11.160263
v 7.0149364 22.824427 11.112263
v -2.1560838 22.774382 10.957844
v 7.412881 22.508966 -0.5518848
v 7.3512692 22.506872 11.212102
v 7.078672 22.826477 -0.4500757
v 7.0149364 22.824427 11.112263
v -2.335249 22.455797 -0.8136572
v 7.3012986 22.50838 -0.6526684
v -2.0923438 22.776432 -0.60449463
v 7.078672 22.826477 -0.4500757
v -2.524033 22.10324 -0.700437
v -2.3441553 22.104284 -0.9187182
v -2.4251854 22.45528 -0.7045166
v -2.335249 22.455797 -0.8136572
v -2.3624756 22.102306 11.265126
v -2.5856445 22.101145 11.063561
v -2.3752196 22.453762 11.160263
v -2.4868016 22.45318 11.059472
v -2.5856445 22.101145 11.063561
v -2.524033 22.10324 -0.700437
v -2.4868016 22.45318 11.059472
v -2.4251854 22.45528 -0.7045166
v 7.2740674 22.154894 11.426113
v -2.3624756 22.102306 11.265126
v 7.2613277 22.50635 11.321247
v -2.3752196 22.453762 11.160263
v -2.3441553 22.104284 -0.9187182
v 7.2923923 22.156868 -0.757727
v -2.335249 22.455797 -0.8136572
v 7.3012986 22.50838 -0.6526684
v 7.2923923 22.156868 -0.757727
v 7.5155516 22.15803 -0.5561621
v 7.3012986 22.50838 -0.6526684
v 7.412881 22.508966 -0.5518848
v 7.453935 22.155935 11.207825
v 7.2740674 22.154894 11.426113
v 7.3512692 22.506872 11.212102
v 7.2613277 22.50635 11.321247
v 7.5155516 22.15803 -0.5561621
v 7.453935 22.155935 11.207825
v 7.412881 22.508966 -0.5518848
v 7.3512692 22.506872 11.212102
v -1.6772119 26.54864 0.75543946
v -1.6156006 26.550741 -17.091032
v -1.3464941 26.869839 0.65381104
v -1.2827538 26.871895 -16.991009
v 3.7808104 26.601807 1.0172143
v -1.5656298 26.549221 0.85623044
v 3.5344188 26.919884 0.80823
v -1.3464941 26.869839 0.65381104
v 3.9323583 26.604425 -16.9384
v 3.870747 26.602331 0.90806884
v 3.5981493 26.921938 -16.83659
v 3.5344188 26.919884 0.80823
v -1.5256592 26.551262 -17.200172
v 3.8207812 26.60384 -17.039185
v -1.2827538 26.871895 -16.991009
v 3.5981493 26.921938 -16.83659
v -1.7144433 26.198704 -17.086952
v -1.5345654 26.199745 -17.305233
v -1.6156006 26.550741 -17.091032
v -1.5256592 26.551262 -17.200172
v -1.5528857 26.197763 0.9610937
v -1.7760546 26.196604 0.7595288
v -1.5656298 26.549221 0.85623044
v -1.6772119 26.54864 0.75543946
v -1.7760546 26.196604 0.7595288
v -1.7144433 26.198704 -17.086952
v -1.6772119 26.54864 0.75543946
v -1.6156006 26.550741 -17.091032
v 3.7935448 26.25035 1.1220801
v -1.5528857 26.197763 0.9610937
v 3.7808104 26.601807 1.0172143
v -1.5656298 26.549221 0.85623044
v -1.5345654 26.199745 -17.305233
v 3.81187 26.252329 -17.144241
v -1.5256592 26.551262 -17.200172
v 3.8207812 26.60384 -17.039185
v 3.81187 26.252329 -17.144241
v 4.0350294 26.25349 -16.942677
v 3.8207812 26.60384 -17.039185
v 3.9323583 26.604425 -16.9384
v 3.973418 26.251394 0.9037915
v 3.7935448 26.25035 1.1220801
v 3.870747 26.602331 0.90806884
v 3.7808104 26.601807 1.0172143
v 4.0350294 26.25349 -16.942677
v 3.973418 26.251394 0.9037915
v 3.9323583 26.604425 -16.9384
v 3.870747 26.602331 0.90806884
v -2.2118409 3.3663268 25.71578
v -2.1502244 3.3684306 -9.457237
v -1.8811182 3.6875267 25.61415
v -1.8173779 3.689585 -9.357214
v 7.536294 3.4194927 25.977558
v -2.1002588 3.3669074 25.816572
v 7.289902 3.7375731 25.768574
v -1.8811182 3.6875267 25.61415
v 7.6878467 3.4221172 -9.304606
v 7.6262302 3.4200177 25.868408
v 7.3536377 3.7396288 -9.202795
v 7.289902 3.7375731 25.768574
v -2.060288 3.3689508 -9.566378
v 7.5762644 3.4215312 -9.405389
v -1.8173779 3.689585 -9.357214
v 7.3536377 3.7396288 -9.202795
v -2.2490673 3.0163922 -9.453156
v -2.0691893 3.0174353 -9.671438
v -2.1502244 3.3684306 -9.457237
v -2.060288 3.3689508 -9.566378
v -2.0875146 3.0154505 25.921434
v -2.3106787 3.0142908 25.719872
v -2.1002588 3.3669074 25.816572
v -2.2118409 3.3663268 25.71578
v -2.3106787 3.0142908 25.719872
v -2.2490673 3.0163922 -9.453156
v -2.2118409 3.3663268 25.71578
v -2.1502244 3.3684306 -9.457237
v 7.549028 3.0680394 26.08242
v -2.0875146 3.0154505 25.921434
v 7.536294 3.4194927 25.977558
v -2.1002588 3.3669074 25.816572
v -2.0691893 3.0174353 -9.671438
v 7.567358 3.0700176 -9.510447
v -2.060288 3.3689508 -9.566378
v 7.5762644 3.4215312 -9.405389
v 7.567358 3.0700176 -9.510447
v 7.7905126 3.0711823 -9.308882
v 7.5762644 3.4215312 -9.405389
v 7.6878467 3.4221172 -9.304606
v 7.7289014 3.0690808 25.86413
v 7.549028 3.0680394 26.08242
v 7.6262302 3.4200177 25.868408
v 7.536294 3.4194927 25.977558
v 7.7905126 3.0711823 -9.308882
v 7.7289014 3.0690808 25.86413
v 7.6878467 3.4221172 -9.304606
v 7.6262302 3.4200177 25.868408
v -1.5617871 -0.25195372 -8.287307
v -1.5769141 -0.08228088 -8.362466
v -1.4004102 -0.23182067 -8.431091
v -1.4962354 -0.07221375 -8.434357
v -6.3150973 -0.3189508 -8.486482
v -6.258745 -0.14160217 -8.480329
v -6.1721334 -0.30359924 -8.323867
v -6.1872606 -0.13392517 -8.399026
v -1.3631836 -0.17894836 -19.427504
v -1.458999 -0.019336548 -19.430769
v -1.5061474 -0.19430114 -19.590113
v -1.5304883 -0.027011108 -19.512074
v -6.116494 -0.2459442 -19.626673
v -6.14083 -0.07865417 -19.548634
v -6.277871 -0.26607725 -19.482893
v -6.2215137 -0.08872131 -19.476742
v -6.1872606 -0.13392517 -8.399026
v -6.1723337 0.004469604 -8.513052
v -1.5769141 -0.08228088 -8.362466
v -1.6356591 0.047525022 -8.481207
v -6.2215137 -0.08872131 -19.476742
v -6.135268 0.045289915 -19.444635
v -6.258745 -0.14160217 -8.480329
v -6.1723337 0.004469604 -8.513052
v -6.1721334 -0.30359924 -8.323867
v -6.1872606 -0.13392517 -8.399026
v -1.5617871 -0.25195372 -8.287307
v -1.5769141 -0.08228088 -8.362466
v -6.277871 -0.26607725 -19.482893
v -6.2215137 -0.08872131 -19.476742
v -6.3150973 -0.3189508 -8.486482
v -6.258745 -0.14160217 -8.480329
v -1.5061474 -0.19430114 -19.590113
v -1.5304883 -0.027011108 -19.512074
v -6.116494 -0.2459442 -19.626673
v -6.14083 -0.07865417 -19.548634
v -1.4004102 -0.23182067 -8.431091
v -1.4962354 -0.07221375 -8.434357
v -1.3631836 -0.17894836 -19.427504
v -1.458999 -0.019336548 -19.430769
v 2.9698193 3.0740929 2.112588
v 2.9693651 3.365587 1.9121094
v 3.3698437 3.0740929 1.71073
v 3.1693652 3.365592 1.7111865
v -0.9080566 3.0740936 1.567019
v -0.7076025 3.3655877 1.5665747
v -0.5062207 3.0740929 1.9670604
v -0.50666505 3.365587 1.766582
v 3.833872 3.074118 -20.985249
v 3.633408 3.365612 -20.984789
v 3.4320264 3.074118 -21.385273
v 3.43249 3.365617 -21.184807
v -1.7673438 3.0741174 -21.530798
v -1.7668945 3.3656163 -21.33033
v -2.1673632 3.0741174 -21.128952
v -1.9669043 3.3656116 -21.129408
v -0.50666505 3.365587 1.766582
v -0.41622558 3.5934594 1.3245605
v 2.9693651 3.365587 1.9121094
v 2.899409 3.5934594 1.463374
v 3.43249 3.365617 -21.184807
v 3.3420262 3.593485 -20.834074
v -1.7668945 3.3656163 -21.33033
v -1.6969677 3.593485 -20.972893
v 3.1693652 3.365592 1.7111865
v 2.899409 3.5934594 1.463374
v 3.633408 3.365612 -20.984789
v 3.3420262 3.593485 -20.834074
v -0.5062207 3.0740929 1.9670604
v -0.50666505 3.365587 1.766582
v 2.9698193 3.0740929 2.112588
v 2.9693651 3.365587 1.9121094
v -2.1673632 3.0741174 -21.128952
v -1.9669043 3.3656116 -21.129408
v -0.9080566 3.0740936 1.567019
v -0.7076025 3.3655877 1.5665747
v 3.4320264 3.074118 -21.385273
v 3.43249 3.365617 -21.184807
v -1.7673438 3.0741174 -21.530798
v -1.7668945 3.3656163 -21.33033
v 3.3698437 3.0740929 1.71073
v 3.1693652 3.365592 1.7111865
v 3.833872 3.074118 -20.985249
v 3.633408 3.365612 -20.984789
v 6.595908 -9.272825 0.0975354
v 6.5954537 -8.981331 -0.102943115
v 6.9959326 -9.272825 -0.3043225
v 6.795454 -8.981326 -0.30386597
v -6.6780224 -9.272825 -0.44803464
v -6.477568 -8.981331 -0.448479
v -6.2761865 -9.272825 -0.047993165
v -6.276631 -8.981331 -0.24847168
v 7.459961 -9.2728 -23.000301
v 7.2594967 -8.981306 -22.999844
v 7.058115 -9.2728 -23.400326
v 7.058579 -8.981301 -23.19986
v -5.813965 -9.2728 -23.54585
v -5.8135157 -8.981301 -23.345383
v -6.213984 -9.2728 -23.144007
v -6.0135255 -8.981307 -23.14446
v -6.276631 -8.981331 -0.24847168
v -6.1861963 -8.75346 -0.6904907
v 6.5954537 -8.981331 -0.102943115
v 6.525498 -8.75346 -0.55167603
v -6.0135255 -8.981307 -23.14446
v -5.743589 -8.753433 -22.987946
v -6.477568 -8.981331 -0.448479
v -6.1861963 -8.75346 -0.6904907
v 7.058579 -8.981301 -23.19986
v 6.968115 -8.753432 -22.849129
v -5.8135157 -8.981301 -23.345383
v -5.743589 -8.753433 -22.987946
v 6.795454 -8.981326 -0.30386597
v 6.525498 -8.75346 -0.55167603
v 7.2594967 -8.981306 -22.999844
v 6.968115 -8.753432 -22.849129
v -6.2761865 -9.272825 -0.047993165
v -6.276631 -8.981331 -0.24847168
v 6.595908 -9.272825 0.0975354
v 6.5954537 -8.981331 -0.102943115
v -6.213984 -9.2728 -23.144007
v -6.0135255 -8.981307 -23.14446
v -6.6780224 -9.272825 -0.44803464
v -6.477568 -8.981331 -0.448479
v 7.058115 -9.2728 -23.400326
v 7.058579 -8.981301 -23.19986
v -5.813965 -9.2728 -23.54585
v -5.8135157 -8.981301 -23.345383
v 6.9959326 -9.272825 -0.3043225
v 6.795454 -8.981326 -0.30386597
v 7.459961 -9.2728 -23.000301
v 7.2594967 -8.981306 -22.999844
v -1.3813379 4.5389752 1.6717749
v -1.381792 4.830469 1.4712963
v -0.98131347 4.5389752 1.269917
v -1.181792 4.830474 1.2703735
v -5.259214 4.5389752 1.126206
v -5.0587597 4.830469 1.1257617
v -4.857378 4.5389752 1.5262475
v -4.857822 4.830469 1.3257691
v -0.51728517 4.5389953 -21.42606
v -0.717749 4.830489 -21.4256
v -0.91913086 4.5389967 -21.826084
v -0.91866696 4.8304954 -21.625618
v -4.3951564 4.5389967 -21.97161
v -4.3947067 4.8304954 -21.77114
v -4.7951756 4.5389967 -21.569763
v -4.5947165 4.8304906 -21.570219
v -4.857822 4.830469 1.3257691
v -4.7673874 5.0583405 0.88374996
v -1.381792 4.830469 1.4712963
v -1.451748 5.0583405 1.0225635
v -4.5947165 4.8304906 -21.570219
v -4.32478 5.058363 -21.413704
v -5.0587597 4.830469 1.1257617
v -4.7673874 5.0583405 0.88374996
v -0.91866696 4.8304954 -21.625618
v -1.0091308 5.058363 -21.274885
v -4.3947067 4.8304954 -21.77114
v -4.32478 5.058363 -21.413704
v -1.181792 4.830474 1.2703735
v -1.451748 5.0583405 1.0225635
v -0.717749 4.830489 -21.4256
v -1.0091308 5.058363 -21.274885
v -4.857378 4.5389752 1.5262475
v -4.857822 4.830469 1.3257691
v -1.3813379 4.5389752 1.6717749
v -1.381792 4.830469 1.4712963
v -4.7951756 4.5389967 -21.569763
v -4.5947165 4.8304906 -21.570219
v -5.259214 4.5389752 1.126206
v -5.0587597 4.830469 1.1257617
v -0.91913086 4.5389967 -21.826084
v -0.91866696 4.8304954 -21.625618
v -4.3951564 4.5389967 -21.97161
v -4.3947067 4.8304954 -21.77114
v -0.98131347 4.5389752 1.269917
v -1.181792 4.830474 1.2703735
v -0.51728517 4.5389953 -21.42606
v -0.717749 4.830489 -21.4256
v -1.8061084 18.710302 -10.690518
v -1.7977782 18.879911 -10.766881
v -1.639624 18.70888 -10.829813
v -1.7145458 18.879198 -10.836526
v -5.9805956 18.751118 -10.876444
v -5.9026413 18.920061 -10.869555
v -5.841318 18.749784 -10.709958
v -5.832993 18.919394 -10.786317
v -1.4220752 18.70916 -16.501602
v -1.4969921 18.87924 -16.508314
v -1.5613574 18.71026 -16.668085
v -1.5666406 18.87992 -16.591557
v -5.596567 18.749746 -16.687525
v -5.6018457 18.919401 -16.610994
v -5.7630515 18.75116 -16.548231
v -5.6850877 18.920105 -16.541346
v -5.832993 18.919394 -10.786317
v -5.7977242 19.05388 -10.90054
v -1.7977782 18.879911 -10.766881
v -1.8365234 19.015068 -10.88784
v -5.6850877 18.920105 -16.541346
v -5.583618 19.042519 -16.507467
v -5.9026413 18.920061 -10.869555
v -5.7977242 19.05388 -10.90054
v -5.841318 18.749784 -10.709958
v -5.832993 18.919394 -10.786317
v -1.8061084 18.710302 -10.690518
v -1.7977782 18.879911 -10.766881
v -5.7630515 18.75116 -16.548231
v -5.6850877 18.920105 -16.541346
v -5.9805956 18.751118 -10.876444
v -5.9026413 18.920061 -10.869555
v -1.5613574 18.71026 -16.668085
v -1.5666406 18.87992 -16.591557
v -5.596567 18.749746 -16.687525
v -5.6018457 18.919401 -16.610994
v -1.639624 18.70888 -10.829813
v -1.7145458 18.879198 -10.836526
v -1.4220752 18.70916 -16.501602
v -1.4969921 18.87924 -16.508314
v -2.2335644 0.69657654 -16.119211
v -2.2340186 0.9880694 -16.319689
v -1.83354 0.69657654 -16.521069
v -2.0340185 0.9880743 -16.52061
v -6.11144 0.69657654 -16.664778
v -5.9109864 0.9880694 -16.665222
v -5.7096043 0.69657654 -16.264738
v -5.7100487 0.9880694 -16.465216
v -1.3695117 0.6965985 -22.15426
v -1.5699755 0.9880926 -22.153801
v -1.7713574 0.6965985 -22.554285
v -1.7708936 0.9880975 -22.353817
v -5.2473826 0.6965997 -22.699808
v -5.2469335 0.9880975 -22.49934
v -5.6474023 0.6965985 -22.297964
v -5.4469433 0.9880926 -22.29842
v -5.7100487 0.9880694 -16.465216
v -5.6196094 1.2159405 -16.907236
v -2.2340186 0.9880694 -16.319689
v -2.3039746 1.2159405 -16.768421
v -5.4469433 0.9880926 -22.29842
v -5.1770067 1.2159661 -22.141907
v -5.9109864 0.9880694 -16.665222
v -5.6196094 1.2159405 -16.907236
v -1.7708936 0.9880975 -22.353817
v -1.8613573 1.2159661 -22.003088
v -5.2469335 0.9880975 -22.49934
v -5.1770067 1.2159661 -22.141907
v -2.0340185 0.9880743 -16.52061
v -2.3039746 1.2159405 -16.768421
v -1.5699755 0.9880926 -22.153801
v -1.8613573 1.2159661 -22.003088
v -5.7096043 0.69657654 -16.264738
v -5.7100487 0.9880694 -16.465216
v -2.2335644 0.69657654 -16.119211
v -2.2340186 0.9880694 -16.319689
v -5.6474023 0.6965985 -22.297964
v -5.4469433 0.9880926 -22.29842
v -6.11144 0.69657654 -16.664778
v -5.9109864 0.9880694 -16.665222
v -1.7713574 0.6965985 -22.554285
v -1.7708936 0.9880975 -22.353817
v -5.2473826 0.6965997 -22.699808
v -5.2469335 0.9880975 -22.49934
v -1.83354 0.69657654 -16.521069
v -2.0340185 0.9880743 -16.52061
v -1.3695117 0.6965985 -22.15426
v -1.5699755 0.9880926 -22.153801
v -3.1377783 20.945787 21.095905
v -3.076162 20.947897 6.6471066
v -2.8070605 21.266989 20.994274
v -2.7433202 21.26905 6.7471313
v 6.6103516 20.998957 21.357677
v -3.0261962 20.94637 21.196697
v 6.36396 21.317034 21.148693
v -2.8070605 21.266989 20.994274
v 6.7619042 21.001583 6.7997384
v 6.7002926 20.99948 21.248531
v 6.4276953 21.319094 6.9015503
v 6.36396 21.317034 21.148693
v -2.9862256 20.948416 6.5379663
v 6.650322 21.000998 6.698955
v -2.7433202 21.26905 6.7471313
v 6.4276953 21.319094 6.9015503
v -3.1750097 20.595856 6.651189
v -2.9951317 20.5969 6.4329076
v -3.076162 20.947897 6.6471066
v -2.9862256 20.948416 6.5379663
v -3.013452 20.594913 21.30156
v -3.236621 20.593752 21.099993
v -3.0261962 20.94637 21.196697
v -3.1377783 20.945787 21.095905
v -3.236621 20.593752 21.099993
v -3.1750097 20.595856 6.651189
v -3.1377783 20.945787 21.095905
v -3.076162 20.947897 6.6471066
v 6.6230907 20.647503 21.462545
v -3.013452 20.594913 21.30156
v 6.6103516 20.998957 21.357677
v -3.0261962 20.94637 21.196697
v -2.9951317 20.5969 6.4329076
v 6.641416 20.649485 6.593899
v -2.9862256 20.948416 6.5379663
v 6.650322 21.000998 6.698955
v 6.641416 20.649485 6.593899
v 6.864575 20.650646 6.7954636
v 6.650322 21.000998 6.698955
v 6.7619042 21.001583 6.7997384
v 6.802959 20.648542 21.244255
v 6.6230907 20.647503 21.462545
v 6.7002926 20.99948 21.248531
v 6.6103516 20.998957 21.357677
v 6.864575 20.650646 6.7954636
v 6.802959 20.648542 21.244255
v 6.7619042 21.001583 6.7997384
v 6.7002926 20.99948 21.248531
v -0.21163574 14.342341 23.177563
v -0.22479492 14.633833 22.977518
v 0.16210938 14.342341 22.751162
v -0.037934568 14.633838 22.764326
v -4.116294 14.342341 22.878891
v -3.9162695 14.633833 22.865736
v -3.689907 14.342346 23.252651
v -3.7030566 14.633833 23.052607
v 0.2681543 14.342373 13.223503
v 0.068125 14.633867 13.236668
v -0.15823242 14.342375 12.849755
v -0.14506347 14.633872 13.0497875
v -3.6364942 14.342375 12.924844
v -3.6233397 14.633872 13.124883
v -4.010239 14.342373 13.351237
v -3.81021 14.633867 13.338076
v -3.7030566 14.633833 23.052607
v -3.6408153 14.861704 22.605747
v -0.22479492 14.633833 22.977518
v -0.32305175 14.861704 22.534126
v -3.81021 14.633867 13.338076
v -3.5308983 14.86174 13.477162
v -3.9162695 14.633833 22.865736
v -3.6408153 14.861704 22.605747
v -0.14506347 14.633872 13.0497875
v -0.21311523 14.86174 13.405546
v -3.6233397 14.633872 13.124883
v -3.5308983 14.86174 13.477162
v -0.037934568 14.633838 22.764326
v -0.32305175 14.861704 22.534126
v 0.068125 14.633867 13.236668
v -0.21311523 14.86174 13.405546
v -3.689907 14.342346 23.252651
v -3.7030566 14.633833 23.052607
v -0.21163574 14.342341 23.177563
v -0.22479492 14.633833 22.977518
v -4.010239 14.342373 13.351237
v -3.81021 14.633867 13.338076
v -4.116294 14.342341 22.878891
v -3.9162695 14.633833 22.865736
v -0.15823242 14.342375 12.849755
v -0.14506347 14.633872 13.0497875
v -3.6364942 14.342375 12.924844
v -3.6233397 14.633872 13.124883
v 0.16210938 14.342341 22.751162
v -0.037934568 14.633838 22.764326
v 0.2681543 14.342373 13.223503
v 0.068125 14.633867 13.236668
v -1.7810937 19.58116 20.530853
v -1.7727636 19.750769 20.454496
v -1.6146094 19.579733 20.391562
v -1.6895312 19.750055 20.384848
v -4.1175294 19.621975 20.34493
v -4.039575 19.790915 20.35182
v -3.978252 19.620642 20.511415
v -3.9699266 19.79025 20.435059
v -1.6632129 19.580011 17.21053
v -1.7381299 19.750086 17.203815
v -1.8024951 19.58111 17.044048
v -1.8077782 19.750763 17.120575
v -3.9996533 19.620592 17.024607
v -4.0049314 19.790247 17.101137
v -4.1661377 19.62201 17.1639
v -4.088174 19.790955 17.170786
v -3.9699266 19.79025 20.435059
v -3.934658 19.924738 20.320835
v -1.7727636 19.750769 20.454496
v -1.8115088 19.885925 20.333534
v -4.088174 19.790955 17.170786
v -3.986704 19.913372 17.204664
v -4.039575 19.790915 20.35182
v -3.934658 19.924738 20.320835
v -3.978252 19.620642 20.511415
v -3.9699266 19.79025 20.435059
v -1.7810937 19.58116 20.530853
v -1.7727636 19.750769 20.454496
v -4.1661377 19.62201 17.1639
v -4.088174 19.790955 17.170786
v -4.1175294 19.621975 20.34493
v -4.039575 19.790915 20.35182
v -1.8024951 19.58111 17.044048
v -1.8077782 19.750763 17.120575
v -3.9996533 19.620592 17.024607
v -4.0049314 19.790247 17.101137
v -1.6146094 19.579733 20.391562
v -1.6895312 19.750055 20.384848
v -1.6632129 19.580011 17.21053
v -1.7381299 19.750086 17.203815
v -2.034375 16.79711 -8.906709
v -2.0285938 16.966719 -8.983307
v -1.872622 16.795685 -9.051474
v -1.9477295 16.966005 -9.055686
v -6.212744 16.837925 -8.953457
v -6.1346045 17.006866 -8.949169
v -6.067998 16.836592 -8.791704
v -6.0622215 17.0062 -8.868298
v -1.8441552 16.795967 -14.727361
v -1.9192578 16.966047 -14.731574
v -1.9889063 16.797068 -14.889111
v -1.9916406 16.966726 -14.8124485
v -6.0225196 16.836552 -14.774106
v -6.025249 17.006208 -14.697442
v -6.184277 16.837965 -14.629343
v -6.106123 17.00691 -14.625058
v -6.0622215 17.0062 -8.868298
v -6.030776 17.140688 -8.983633
v -2.0285938 16.966719 -8.983307
v -2.0713477 17.101875 -9.102908
v -6.106123 17.00691 -14.625058
v -6.003584 17.129326 -14.594579
v -6.1346045 17.006866 -8.949169
v -6.030776 17.140688 -8.983633
v -6.067998 16.836592 -8.791704
v -6.0622215 17.0062 -8.868298
v -2.034375 16.79711 -8.906709
v -2.0285938 16.966719 -8.983307
v -6.184277 16.837965 -14.629343
v -6.106123 17.00691 -14.625058
v -6.212744 16.837925 -8.953457
v -6.1346045 17.006866 -8.949169
v -1.9889063 16.797068 -14.889111
v -1.9916406 16.966726 -14.8124485
v -6.0225196 16.836552 -14.774106
v -6.025249 17.006208 -14.697442
v -1.872622 16.795685 -9.051474
v -1.9477295 16.966005 -9.055686
v -1.8441552 16.795967 -14.727361
v -1.9192578 16.966047 -14.731574
v -4.6569824 7.1663256 -13.700942
v -4.653203 7.335935 -13.777664
v -4.4990673 7.164902 -13.849882
v -4.574258 7.335222 -13.852132
v -7.213149 7.207141 -13.880083
v -7.1349216 7.376084 -13.877836
v -7.0642285 7.205808 -13.722166
v -7.060454 7.375417 -13.798884
v -4.6188865 7.165183 -19.524578
v -4.694077 7.3352637 -19.526825
v -4.7678175 7.166284 -19.68249
v -4.76855 7.3359423 -19.605782
v -7.1750536 7.205769 -19.703712
v -7.175776 7.375425 -19.627005
v -7.3329735 7.2071824 -19.554775
v -7.254731 7.3761277 -19.552532
v -7.060454 7.375417 -13.798884
v -7.032031 7.5099044 -13.915002
v -4.653203 7.335935 -13.777664
v -4.699067 7.4710913 -13.896108
v -7.254731 7.3761277 -19.552532
v -7.1514306 7.4985423 -19.524744
v -7.1349216 7.376084 -13.877836
v -7.032031 7.5099044 -13.915002
v -7.0642285 7.205808 -13.722166
v -7.060454 7.375417 -13.798884
v -4.6569824 7.1663256 -13.700942
v -4.653203 7.335935 -13.777664
v -7.3329735 7.2071824 -19.554775
v -7.254731 7.3761277 -19.552532
v -7.213149 7.207141 -13.880083
v -7.1349216 7.376084 -13.877836
v -4.7678175 7.166284 -19.68249
v -4.76855 7.3359423 -19.605782
v -7.1750536 7.205769 -19.703712
v -7.175776 7.375425 -19.627005
v -4.4990673 7.164902 -13.849882
v -4.574258 7.335222 -13.852132
v -4.6188865 7.165183 -19.524578
v -4.694077 7.3352637 -19.526825
v -5.448916 11.621155 -12.621444
v -5.4451365 11.790764 -12.698166
v -5.291001 11.619731 -12.770384
v -5.3661914 11.790051 -12.772634
v -6.9525976 11.66197 -12.559018
v -6.87437 11.830913 -12.556773
v -6.8036766 11.660637 -12.401102
v -6.799902 11.830246 -12.477819
v -5.41082 11.620012 -16.928448
v -5.4860106 11.790092 -16.930696
v -5.559751 11.621113 -17.086359
v -5.5604835 11.7907715 -17.009651
v -6.9145017 11.660598 -16.866018
v -6.9152246 11.830254 -16.78931
v -7.0724216 11.662011 -16.71708
v -6.9941797 11.830956 -16.714838
v -6.9941797 11.830956 -16.714838
v -6.8908787 11.953371 -16.687048
v -6.87437 11.830913 -12.556773
v -6.771479 11.964734 -12.593938
v -6.8036766 11.660637 -12.401102
v -6.799902 11.830246 -12.477819
v -5.448916 11.621155 -12.621444
v -5.4451365 11.790764 -12.698166
v -7.0724216 11.662011 -16.71708
v -6.9941797 11.830956 -16.714838
v -6.9525976 11.66197 -12.559018
v -6.87437 11.830913 -12.556773
v -5.559751 11.621113 -17.086359
v -5.5604835 11.7907715 -17.009651
v -6.9145017 11.660598 -16.866018
v -6.9152246 11.830254 -16.78931
v -5.291001 11.619731 -12.770384
v -5.3661914 11.790051 -12.772634
v -5.41082 11.620012 -16.928448
v -5.4860106 11.790092 -16.930696
v -0.9563232 -12.024562 -14.522131
v -0.95479 -12.13931 -4.7891436
v -1.081875 -12.022875 -4.9076495
v 1.117085 19.852629 -19.304823
v 0.67446774 19.852604 2.9926245
v -2.1985693 19.852629 -19.443642
v -2.641172 19.852604 2.853811
v -0.38180175 -19.425838 -19.801277
v -0.5303467 -19.7039 2.5027075
v -6.493833 -19.425838 -20.027014
v -6.642378 -19.42585 2.2769701
v -2.267075 -17.51431 -18.739834
v -2.2156885 -17.514324 -7.8013363
v -5.1996045 -17.514313 -18.762243
v -5.1482077 -17.514324 -3.9103441
v -1.4255615 4.1114 -17.598337
v -0.9971973 4.1113887 -12.991433
v -5.0025926 4.111398 -17.465675
v -4.5742235 4.1113887 -12.858768
v -1.6883398 9.309798 -20.783974
v -1.4029443 9.30978 -8.05963
v -6.7087936 9.309796 -20.815458
v -6.4233837 9.309777 -8.091112
v -0.25606933 -9.949398 -17.01843
v -0.2672949 -9.949412 -11.777851
v -3.6691406 -9.9494 -17.11088
v -3.6803613 -9.949412 -11.870293
v -0.9563232 -12.024562 -14.522131
v -1.081875 -12.022875 -4.9076495
v -4.1107273 -12.021747 -14.489536
v -4.1326413 -12.021751 -4.8799567
v -0.20237793 -7.793568 -8.035309
v -0.033530273 -7.800254 5.1412864
v -3.3807225 -7.793608 5.173074
v -3.6166797 -7.793568 -8.0233345
v -1.9263427 12.886234 -18.18103
v -2.0134716 12.847192 -7.2277484
v -6.513086 12.844955 -18.191174
v -6.5501513 12.804136 -7.2595925
v -0.17921387 16.91537 -15.886935
v -0.0076660155 16.915356 -9.440242
v -3.5934324 16.915369 -15.860299
v -3.4218798 16.915356 -9.413598
v 0.22424804 -4.5426264 -14.944516
v 0.2083496 -4.5426435 -6.7539926
v -3.189702 -4.5426273 -14.994975
v -3.2055957 -4.5426435 -6.8044434
v 2.267285 9.780048 -4.7620482
v 2.457378 9.812461 10.668869
v -5.507344 9.779324 -4.735419
v -5.317241 9.811734 10.695515
v 3.5535252 16.431189 -2.2694385
v 3.276953 16.431122 18.42159
v -3.080908 16.431187 -2.6279113
v -3.2902977 16.431143 18.362858
v -0.3714209 -13.803879 0.8779199
v -2.0331933 -13.803887 13.018395
v -4.5621676 -13.803891 0.11476562
v -6.223945 -13.803901 12.255246
v 2.4728272 18.5769 -12.873718
v 2.533286 18.576874 7.518083
v -4.654023 18.5769 -12.903779
v -4.5935545 18.576874 7.4880247
v -0.26584473 20.254038 -17.702444
v -0.3529736 20.214994 -10.063768
v -4.850693 20.212759 -17.71259
v -4.8877587 20.171938 -10.0956135
v 7.078672 22.826477 -0.4500757
v 7.0149364 22.824427 11.112263
v -2.0923438 22.776432 -0.60449463
v -2.1560838 22.774382 10.957844
v 3.5981493 26.921938 -16.83659
v 3.5344188 26.919884 0.80823
v -1.2827538 26.871895 -16.991009
v -1.3464941 26.869839 0.65381104
v 7.3536377 3.7396288 -9.202795
v 7.289902 3.7375731 25.768574
v -1.8173779 3.689585 -9.357214
v -1.8811182 3.6875267 25.61415
v -1.5485302 0.08656799 -19.43449
v -1.6356591 0.047525022 -8.481207
v -6.135268 0.045289915 -19.444635
v -6.1723337 0.004469604 -8.513052
v 3.3420262 3.593485 -20.834074
v 2.899409 3.5934594 1.463374
v -1.6969677 3.593485 -20.972893
v -0.41622558 3.5934594 1.3245605
v 6.968115 -8.753432 -22.849129
v 6.525498 -8.75346 -0.55167603
v -5.743589 -8.753433 -22.987946
v -6.1861963 -8.75346 -0.6904907
v -1.0091308 5.058363 -21.274885
v -1.451748 5.0583405 1.0225635
v -4.32478 5.058363 -21.413704
v -4.7673874 5.0583405 0.88374996
v -1.5723975 18.995493 -16.515049
v -1.8365234 19.015068 -10.88784
v -5.583618 19.042519 -16.507467
v -5.7977242 19.05388 -10.90054
v -1.8613573 1.2159661 -22.003088
v -2.3039746 1.2159405 -16.768421
v -5.1770067 1.2159661 -22.141907
v -5.6196094 1.2159405 -16.907236
v 6.4276953 21.319094 6.9015503
v 6.36396 21.317034 21.148693
v -2.7433202 21.26905 6.7471313
v -2.8070605 21.266989 20.994274
v -0.21311523 14.86174 13.405546
v -0.32305175 14.861704 22.534126
v -3.5308983 14.86174 13.477162
v -3.6408153 14.861704 22.605747
v -1.8135351 19.866344 17.197083
v -1.8115088 19.885925 20.333534
v -3.986704 19.913372 17.204664
v -3.934658 19.924738 20.320835
v -1.9948437 17.0823 -14.735793
v -2.0713477 17.101875 -9.102908
v -6.003584 17.129326 -14.594579
v -6.030776 17.140688 -8.983633
v -4.769751 7.451516 -19.529068
v -4.699067 7.4710913 -13.896108
v -7.1514306 7.4985423 -19.524744
v -7.032031 7.5099044 -13.915002
v -5.5616846 11.906345 -16.93294
v -5.4910007 11.9259205 -12.816609
v -6.8908787 11.953371 -16.687048
v -6.771479 11.964734 -12.593938
vt -14.1953125 -9.4453125
vt -14.1953125 -5.8710938
vt -14.1484375 -9.4375
vt -14.15625 -5.8710938
vt -14.1484375 -9.4375
vt -14.1953125 -5.8710938
vt -14.1484375 -9.4375
vt -14.15625 -9.4765625
vt -14.1953125 -9.4453125
vt -10.0859375 -9.4296875
vt -10.046875 -9.4296875
vt -10.0703125 -9.4765625
vt -12.2578125 -9.4375
vt -12.265625 -9.5234375
vt -12.2890625 -9.4375
vt -11.9765625 -9.4375
vt -11.9375 -9.4375
vt -11.953125 -9.5234375
vt -12.265625 -9.5234375
vt -14.15625 -9.4765625
vt -12.2890625 -9.4375
vt -14.1484375 -9.4375
vt -12.2890625 -9.4375
vt -14.15625 -9.4765625
vt -10.0703125 -9.4765625
vt -11.953125 -9.5234375
vt -10.0859375 -9.4296875
vt -11.9375 -9.4375
vt -10.0859375 -9.4296875
vt -11.953125 -9.5234375
vt -9.78125 -9.484375
vt -10.0703125 -9.4765625
vt -9.7734375 -9.4375
vt -10.046875 -9.4296875
vt -9.7734375 -9.4375
vt -10.0703125 -9.4765625
vt -9.859375 4.4023438
vt -9.859375 3.8652344
vt -9.875 4.4023438
vt -9.875 3.8632812
vt -9.875 4.4023438
vt -9.859375 3.8652344
vt -14.1953125 3.8320312
vt -14.203125 4.3945312
vt -14.1796875 3.8378906
vt -14.1796875 4.3945312
vt -14.1796875 3.8378906
vt -14.203125 4.3945312
vt -14.1796875 3.8378906
vt -14.15625 3.8125
vt -14.1953125 3.8320312
vt -9.875 3.8632812
vt -9.859375 3.8652344
vt -9.875 3.8242188
vt -12.28125 3.8535156
vt -12.2734375 3.8183594
vt -12.296875 3.84375
vt -11.7578125 3.8691406
vt -11.75 3.8671875
vt -11.7265625 3.8222656
vt -12.2734375 3.8183594
vt -14.15625 3.8125
vt -12.2890625 3.8535156
vt -14.1796875 3.8378906
vt -12.2890625 3.8535156
vt -14.15625 3.8125
vt -11.7265625 3.8222656
vt -12.2734375 3.8183594
vt -11.7578125 3.8691406
vt -12.28125 3.8535156
vt -11.7578125 3.8691406
vt -12.2734375 3.8183594
vt -9.3671875 3.7988281
vt -9.875 3.8242188
vt -9.34375 3.8320312
vt -9.859375 3.8652344
vt -9.34375 3.8320312
vt -9.875 3.8242188
vt -7.40625 4.2695312
vt -7.7226562 4.2109375
vt -7.7382812 4.2265625
vt -4.953125 4.3515625
vt -4.9335938 4.3515625
vt -4.9453125 4.3320312
vt -6.4648438 4.375
vt -6.46875 4.3554688
vt -6.4804688 4.375
vt -6.21875 4.3828125
vt -6.1992188 4.3828125
vt -6.2070312 4.359375
vt -8.8515625 1.5732422
vt -8.875 1.8222656
vt -8.828125 1.578125
vt -8.8515625 1.8251953
vt -8.828125 1.578125
vt -8.875 1.8222656
vt -8.828125 1.578125
vt -8.828125 1.5458984
vt -8.8515625 1.5732422
vt -7.75 1.6259766
vt -7.734375 1.625
vt -7.7421875 1.59375
vt -8.4296875 1.6152344
vt -8.4375 1.5820312
vt -8.453125 1.6132812
vt -8.1484375 1.625
vt -8.125 1.6259766
vt -8.1328125 1.5927734
vt -13.8359375 -0.8984375
vt -13.8359375 -0.018569946
vt -13.8125 -0.8935547
vt -13.8125 -0.017318726
vt -13.8125 -0.8935547
vt -13.8359375 -0.018569946
vt -13.8125 -0.8935547
vt -13.8125 -0.92089844
vt -13.8359375 -0.8984375
vt -11.2421875 -0.88964844
vt -11.21875 -0.8901367
vt -11.2265625 -0.9169922
vt -12.734375 -0.89208984
vt -12.7421875 -0.9199219
vt -12.7578125 -0.8930664
vt -12.3125 -0.890625
vt -12.2890625 -0.88964844
vt -12.296875 -0.91748047
vt -11.625 6.8828125
vt -11.625 7.6054688
vt -11.6015625 6.8867188
vt -11.6015625 7.6054688
vt -11.6015625 6.8867188
vt -11.625 7.6054688
vt -11.6015625 6.8867188
vt -11.6015625 6.8632812
vt -11.625 6.8828125
vt -10.3828125 6.8476562
vt -10.3671875 6.84375
vt -10.375 6.8242188
vt -11.1328125 6.8867188
vt -11.140625 6.8632812
vt -11.1484375 6.8867188
vt -10.84375 6.875
vt -10.828125 6.875
vt -10.8359375 6.8515625
vt -5.9804688 2.5292969
vt -6.0117188 2.9492188
vt -5.9609375 2.5351562
vt -5.9882812 2.9511719
vt -5.9609375 2.5351562
vt -6.0117188 2.9492188
vt -5.9609375 2.5351562
vt -5.9609375 2.5136719
vt -5.9804688 2.5292969
vt -4.0742188 2.6054688
vt -4.0546875 2.6054688
vt -4.0664062 2.5859375
vt -5.1445312 2.59375
vt -5.1484375 2.5742188
vt -5.1601562 2.59375
vt -4.8867188 2.6054688
vt -4.8710938 2.6054688
vt -4.8789062 2.5859375
vt -5.96875 -2.5175781
vt -5.96875 -1.6933594
vt -5.9453125 -2.5136719
vt -5.9453125 -1.6923828
vt -5.9453125 -2.5136719
vt -5.96875 -1.6933594
vt -5.9453125 -2.5136719
vt -5.9492188 -2.5351562
vt -5.96875 -2.5175781
vt -3.3964844 -2.5195312
vt -3.375 -2.5136719
vt -3.3808594 -2.5371094
vt -4.8203125 -2.5117188
vt -4.828125 -2.5351562
vt -4.8398438 -2.5136719
vt -4.53125 -2.5136719
vt -4.5117188 -2.5292969
vt -4.5351562 -2.5371094
vt -11.4921875 8.15625
vt -11.5234375 9
vt -11.4765625 8.1640625
vt -11.5 9.0078125
vt -11.4765625 8.1640625
vt -11.5234375 9
vt -11.4765625 8.1640625
vt -11.46875 8.140625
vt -11.4921875 8.15625
vt -9.2890625 8.1640625
vt -9.2734375 8.1640625
vt -9.28125 8.140625
vt -10.5625 8.1640625
vt -10.5703125 8.1484375
vt -10.578125 8.1640625
vt -10.1953125 8.1640625
vt -10.1796875 8.1640625
vt -10.1875 8.1484375
vt -10.5703125 8.1484375
vt -11.46875 8.140625
vt -10.578125 8.1640625
vt -11.4765625 8.1640625
vt -10.578125 8.1640625
vt -11.46875 8.140625
vt -8.734375 7.1835938
vt -8.734375 7.9101562
vt -8.7109375 7.1875
vt -8.7109375 7.9101562
vt -8.7109375 7.1875
vt -8.734375 7.9101562
vt -8.7109375 7.1875
vt -8.7109375 7.1640625
vt -8.734375 7.1835938
vt -7.2890625 7.1914062
vt -7.2734375 7.1914062
vt -7.28125 7.1679688
vt -8.1484375 7.1914062
vt -8.1484375 7.1679688
vt -8.1640625 7.1875
vt -7.8554688 7.1914062
vt -7.8359375 7.1914062
vt -7.84375 7.1679688
vt -5.3476562 -4.6523438
vt -5.3828125 -4.0117188
vt -5.328125 -4.6484375
vt -5.359375 -4.0117188
vt -5.328125 -4.6484375
vt -5.3828125 -4.0117188
vt -5.328125 -4.6484375
vt -5.328125 -4.671875
vt -5.3476562 -4.6523438
vt -3.6015625 -4.6054688
vt -3.5839844 -4.6054688
vt -3.5917969 -4.6289062
vt -4.609375 -4.6132812
vt -4.6132812 -4.6367188
vt -4.625 -4.6132812
vt -4.3203125 -4.6054688
vt -4.3007812 -4.6054688
vt -4.3085938 -4.6289062
vt -14.0390625 -2.4277344
vt -14.0390625 -1.0771484
vt -14.015625 -2.4238281
vt -14.015625 -1.0761719
vt -14.015625 -2.4238281
vt -14.0390625 -1.0771484
vt -14.015625 -2.4238281
vt -14.015625 -2.4414062
vt -14.0390625 -2.4277344
vt -10.765625 -2.4238281
vt -10.7421875 -2.4238281
vt -10.75 -2.4433594
vt -12.7109375 -2.4257812
vt -12.7109375 -2.4433594
vt -12.7265625 -2.4257812
vt -12.0703125 -2.4277344
vt -12.046875 -2.4257812
vt -12.0546875 -2.4453125
vt -10.421875 2.7851562
vt -10.3984375 0.5961914
vt -10.453125 2.7851562
vt -10.453125 0.5966797
vt -10.453125 2.7851562
vt -10.3984375 0.5961914
vt -14.796875 0.5888672
vt -14.8046875 2.78125
vt -14.7734375 0.59375
vt -14.7734375 2.7832031
vt -14.7734375 0.59375
vt -14.8046875 2.78125
vt -14.7734375 0.59375
vt -14.7734375 0.5698242
vt -14.796875 0.5888672
vt -10.453125 0.5966797
vt -10.3984375 0.5961914
vt -10.40625 0.5727539
vt -12.890625 0.59521484
vt -12.8984375 0.5703125
vt -12.9140625 0.59375
vt -12.328125 0.5957031
vt -12.3125 0.5966797
vt -12.3203125 0.5722656
vt -6.2460938 2.5996094
vt -6.2617188 2.6054688
vt -6.2382812 3.28125
vt -6.2578125 3.28125
vt -6.2382812 3.28125
vt -6.2617188 2.6054688
vt -7.6796875 3.28125
vt -7.6640625 3.2832031
vt -7.6796875 2.6074219
vt -7.6640625 2.6074219
vt -7.6796875 2.6074219
vt -7.6640625 3.2832031
vt -6.2617188 2.6054688
vt -6.2460938 2.5996094
vt -6.2617188 2.5898438
vt -8.0546875 2.6035156
vt -8.0625 2.5859375
vt -8.0703125 2.6015625
vt -6.6523438 2.609375
vt -6.6367188 2.609375
vt -6.6484375 2.59375
vt -7.6640625 2.6074219
vt -7.6757812 2.5917969
vt -7.6796875 2.6074219
vt -9.078125 2.5820312
vt -9.0859375 2.5976562
vt -8.0625 2.5859375
vt -8.0703125 2.6015625
vt -8.0625 2.5859375
vt -9.0859375 2.5976562
vt -6.921875 -3.7558594
vt -6.9648438 -2.9570312
vt -6.8984375 -3.7519531
vt -6.9414062 -2.953125
vt -6.8984375 -3.7519531
vt -6.9648438 -2.9570312
vt -5.21875 -2.8574219
vt -5.1914062 -3.65625
vt -5.2460938 -2.8613281
vt -5.2109375 -3.6582031
vt -5.2460938 -2.8613281
vt -5.1914062 -3.65625
vt -6.8984375 -3.7519531
vt -6.8984375 -3.7734375
vt -6.921875 -3.7558594
vt -2.8945312 -3.6367188
vt -2.875 -3.6367188
vt -2.8847656 -3.6601562
vt -5.1914062 -3.65625
vt -5.1992188 -3.6796875
vt -5.2109375 -3.6582031
vt -4.6015625 -3.640625
vt -4.5859375 -3.6386719
vt -4.5898438 -3.6621094
vt -11.1875 5.8203125
vt -11.2109375 6.5
vt -11.171875 5.8242188
vt -11.1875 6.5
vt -11.171875 5.8242188
vt -11.2109375 6.5
vt -11.171875 5.8242188
vt -11.1640625 5.8046875
vt -11.1875 5.8203125
vt -9.515625 5.8203125
vt -9.5078125 5.8242188
vt -9.515625 5.8007812
vt -10.5234375 5.828125
vt -10.53125 5.8125
vt -10.5390625 5.828125
vt -10.15625 5.828125
vt -10.140625 5.828125
vt -10.1484375 5.8085938
vt -10.53125 5.8125
vt -11.1640625 5.8046875
vt -10.5390625 5.828125
vt -11.171875 5.8242188
vt -10.5390625 5.828125
vt -11.1640625 5.8046875
vt -13.3125 11.2578125
vt -13.328125 11.265625
vt -13.3046875 12.8984375
vt -13.328125 12.890625
vt -13.3046875 12.8984375
vt -13.328125 11.265625
vt -15.125 12.890625
vt -15.1015625 12.890625
vt -15.1171875 11.2578125
vt -15.1015625 11.2578125
vt -15.1171875 11.2578125
vt -15.1015625 12.890625
vt -14.140625 12.890625
vt -14.1171875 12.890625
vt -14.140625 11.2578125
vt -14.1171875 11.2578125
vt -14.140625 11.2578125
vt -14.1171875 12.890625
vt -13.328125 11.265625
vt -13.3125 11.2578125
vt -13.328125 11.2421875
vt -15.90625 11.2421875
vt -15.9140625 11.21875
vt -15.921875 11.2421875
vt -14.140625 11.2578125
vt -14.1171875 11.2578125
vt -14.1328125 11.234375
vt -15.1015625 11.2578125
vt -15.109375 11.234375
vt -15.1171875 11.2578125
vt -16.890625 11.21875
vt -16.890625 11.234375
vt -15.9140625 11.21875
vt -15.921875 11.2421875
vt -15.9140625 11.21875
vt -16.890625 11.234375
vt -13.390625 4.2890625
vt -13.4140625 4.296875
vt -13.3828125 5.9335938
vt -13.40625 5.9335938
vt -13.3828125 5.9335938
vt -13.4140625 4.296875
vt -13.4140625 4.296875
vt -13.390625 4.2890625
vt -13.4140625 4.2773438
vt -15.78125 4.3007812
vt -15.796875 4.28125
vt -15.8046875 4.3007812
vt -13.8671875 4.3046875
vt -13.8515625 4.3046875
vt -13.8671875 4.28125
vt -15.328125 4.3046875
vt -15.34375 4.2851562
vt -15.34375 4.3046875
vt -17.265625 4.2773438
vt -17.265625 4.296875
vt -15.796875 4.28125
vt -15.8046875 4.3007812
vt -15.796875 4.28125
vt -17.265625 4.296875
vt -12.1484375 6.8515625
vt -12.1640625 6.8632812
vt -12.140625 9.09375
vt -12.15625 9.09375
vt -12.140625 9.09375
vt -12.1640625 6.8632812
vt -12.1640625 6.8632812
vt -12.1484375 6.8515625
vt -12.171875 6.8398438
vt -16.453125 6.8828125
vt -16.46875 6.8632812
vt -16.484375 6.8867188
vt -12.9765625 6.875
vt -12.9609375 6.8710938
vt -12.96875 6.8515625
vt -15.6484375 6.8789062
vt -15.6640625 6.859375
vt -15.6640625 6.8828125
vt -19.15625 6.8632812
vt -19.15625 6.8828125
vt -16.46875 6.8632812
vt -16.484375 6.8867188
vt -16.46875 6.8632812
vt -19.15625 6.8828125
vt -12.1328125 4.65625
vt -12.1640625 5.3320312
vt -12.1171875 4.6601562
vt -12.140625 5.3359375
vt -12.1171875 4.6601562
vt -12.1640625 5.3320312
vt -12.1171875 4.6601562
vt -12.109375 4.640625
vt -12.1328125 4.65625
vt -9.921875 4.6601562
vt -9.9140625 4.6601562
vt -9.921875 4.6367188
vt -11.203125 4.6640625
vt -11.2109375 4.6445312
vt -11.21875 4.6640625
vt -10.8359375 4.6640625
vt -10.8203125 4.6640625
vt -10.828125 4.6445312
vt -11.2109375 4.6445312
vt -12.109375 4.640625
vt -11.21875 4.6640625
vt -12.1171875 4.6601562
vt -11.21875 4.6640625
vt -12.109375 4.640625
vt -14.3125 -15.5234375
vt -14.3125 -14.3203125
vt -14.265625 -15.515625
vt -14.265625 -14.3125
vt -14.265625 -15.515625
vt -14.3125 -14.3203125
vt -14.265625 -15.515625
vt -14.265625 -15.5625
vt -14.3125 -15.5234375
vt -10.0546875 -15.5078125
vt -10.0234375 -15.5078125
vt -10.0390625 -15.5546875
vt -12.3671875 -15.515625
vt -12.3828125 -15.6015625
vt -12.40625 -15.515625
vt -11.9453125 -15.5078125
vt -11.9140625 -15.5078125
vt -11.9296875 -15.59375
vt -12.3828125 -15.6015625
vt -14.265625 -15.5625
vt -12.40625 -15.515625
vt -14.265625 -15.515625
vt -12.40625 -15.515625
vt -14.265625 -15.5625
vt -10.0390625 -15.5546875
vt -11.9296875 -15.59375
vt -10.0546875 -15.5078125
vt -11.9140625 -15.5078125
vt -10.0546875 -15.5078125
vt -11.9296875 -15.59375
vt -9.75 -15.5625
vt -10.0390625 -15.5546875
vt -9.7421875 -15.515625
vt -10.0234375 -15.5078125
vt -9.7421875 -15.515625
vt -10.0390625 -15.5546875
vt -14.546875 -13.5234375
vt -14.546875 -12.3203125
vt -14.5078125 -13.515625
vt -14.5078125 -12.3203125
vt -14.5078125 -13.515625
vt -14.546875 -12.3203125
vt -14.5078125 -13.515625
vt -14.5078125 -13.5390625
vt -14.546875 -13.5234375
vt -9.8828125 -13.515625
vt -9.8515625 -13.515625
vt -9.8671875 -13.546875
vt -12.609375 -13.5234375
vt -12.625 -13.578125
vt -12.6484375 -13.5234375
vt -11.78125 -13.515625
vt -11.7421875 -13.515625
vt -11.7578125 -13.5703125
vt -12.625 -13.578125
vt -14.5078125 -13.5390625
vt -12.6484375 -13.5234375
vt -14.5078125 -13.515625
vt -12.6484375 -13.5234375
vt -14.5078125 -13.5390625
vt -9.8671875 -13.546875
vt -11.7578125 -13.5703125
vt -9.8828125 -13.515625
vt -11.7421875 -13.515625
vt -9.8828125 -13.515625
vt -11.7578125 -13.5703125
vt -9.0234375 -13.5390625
vt -9.8671875 -13.546875
vt -9.015625 -13.5078125
vt -9.8515625 -13.515625
vt -9.015625 -13.5078125
vt -9.8671875 -13.546875
vt -14.1953125 -11.4453125
vt -14.1953125 -10.171875
vt -14.1484375 -11.4375
vt -14.15625 -10.171875
vt -14.1484375 -11.4375
vt -14.1953125 -10.171875
vt -14.1484375 -11.4375
vt -14.15625 -11.4765625
vt -14.1953125 -11.4453125
vt -10.0859375 -11.4296875
vt -10.046875 -11.4296875
vt -10.0703125 -11.4765625
vt -12.2578125 -11.4296875
vt -12.265625 -11.5234375
vt -12.2890625 -11.4375
vt -11.9765625 -11.4296875
vt -11.9375 -11.4296875
vt -11.953125 -11.515625
vt -12.265625 -11.5234375
vt -14.15625 -11.4765625
vt -12.2890625 -11.4375
vt -14.1484375 -11.4375
vt -12.2890625 -11.4375
vt -14.15625 -11.4765625
vt -10.0703125 -11.4765625
vt -11.953125 -11.515625
vt -10.0859375 -11.4296875
vt -11.9375 -11.4296875
vt -10.0859375 -11.4296875
vt -11.953125 -11.515625
vt -9.78125 -11.484375
vt -10.0703125 -11.4765625
vt -9.7734375 -11.4375
vt -10.046875 -11.4296875
vt -9.7734375 -11.4375
vt -10.0703125 -11.4765625
vt -5.8554688 5.578125
vt -5.859375 5.0390625
vt -5.875 5.578125
vt -5.8710938 5.0351562
vt -5.875 5.578125
vt -5.859375 5.0390625
vt -7.1679688 5.03125
vt -7.171875 5.578125
vt -7.1523438 5.0351562
vt -7.15625 5.578125
vt -7.1523438 5.0351562
vt -7.171875 5.578125
vt -7.1523438 5.0351562
vt -7.1445312 5.015625
vt -7.1679688 5.03125
vt -5.8710938 5.0351562
vt -5.859375 5.0390625
vt -5.8671875 5.015625
vt -6.6757812 5.0351562
vt -6.6796875 5.015625
vt -6.6875 5.0351562
vt -6.3476562 5.0351562
vt -6.3359375 5.0390625
vt -6.3398438 5.0195312
vt -6.6796875 5.015625
vt -7.1445312 5.015625
vt -6.6875 5.0351562
vt -7.1523438 5.0351562
vt -6.6875 5.0351562
vt -7.1445312 5.015625
vt -12.6015625 -5.3476562
vt -12.6015625 -4.1367188
vt -12.5546875 -5.3398438
vt -12.5546875 -4.1367188
vt -12.5546875 -5.3398438
vt -12.6015625 -4.1367188
vt -12.5546875 -5.3398438
vt -12.5625 -5.3867188
vt -12.6015625 -5.3476562
vt -11.296875 -5.3671875
vt -11.265625 -5.3710938
vt -11.28125 -5.4140625
vt -12.0625 -5.3320312
vt -12.078125 -5.4179688
vt -12.09375 -5.3320312
vt -11.7890625 -5.3398438
vt -11.75 -5.3398438
vt -11.7734375 -5.421875
vt -12.078125 -5.4179688
vt -12.5625 -5.3867188
vt -12.09375 -5.3320312
vt -12.5546875 -5.3398438
vt -12.09375 -5.3320312
vt -12.5625 -5.3867188
vt -11.28125 -5.4140625
vt -11.7734375 -5.421875
vt -11.296875 -5.3671875
vt -11.75 -5.3398438
vt -11.296875 -5.3671875
vt -11.7734375 -5.421875
vt -11 -5.4414062
vt -11.28125 -5.4140625
vt -10.984375 -5.3945312
vt -11.265625 -5.3710938
vt -10.984375 -5.3945312
vt -11.28125 -5.4140625
vt -13.1171875 13.484375
vt -13.140625 13.4921875
vt -13.1171875 15.125
vt -13.140625 15.125
vt -13.1171875 15.125
vt -13.140625 13.4921875
vt -15.2265625 15.1171875
vt -15.203125 15.1171875
vt -15.2265625 13.484375
vt -15.203125 13.484375
vt -15.2265625 13.484375
vt -15.203125 15.1171875
vt -13.140625 13.4921875
vt -13.1171875 13.484375
vt -13.140625 13.4765625
vt -16.015625 13.4765625
vt -16.015625 13.453125
vt -16.03125 13.4765625
vt -13.953125 13.484375
vt -13.9296875 13.484375
vt -13.9453125 13.4609375
vt -15.203125 13.484375
vt -15.21875 13.46875
vt -15.2265625 13.484375
vt -17.28125 13.4453125
vt -17.28125 13.46875
vt -16.015625 13.453125
vt -16.03125 13.4765625
vt -16.015625 13.453125
vt -17.28125 13.46875
vt -12.6015625 -5.3476562
vt -12.6015625 -4.1367188
vt -12.5546875 -5.3398438
vt -12.5546875 -4.1367188
vt -12.5546875 -5.3398438
vt -12.6015625 -4.1367188
vt -12.5546875 -5.3398438
vt -12.5625 -5.3867188
vt -12.6015625 -5.3476562
vt -11.296875 -5.3671875
vt -11.265625 -5.3710938
vt -11.28125 -5.4140625
vt -12.0625 -5.3320312
vt -12.078125 -5.4179688
vt -12.09375 -5.3320312
vt -11.7890625 -5.3398438
vt -11.75 -5.3398438
vt -11.7734375 -5.421875
vt -12.078125 -5.4179688
vt -12.5625 -5.3867188
vt -12.09375 -5.3320312
vt -12.5546875 -5.3398438
vt -12.09375 -5.3320312
vt -12.5625 -5.3867188
vt -11 -5.4414062
vt -11.28125 -5.4140625
vt -10.984375 -5.3945312
vt -11.265625 -5.3710938
vt -10.984375 -5.3945312
vt -11.28125 -5.4140625
vt -5.8554688 5.578125
vt -5.859375 5.0390625
vt -5.875 5.578125
vt -5.8710938 5.0351562
vt -5.875 5.578125
vt -5.859375 5.0390625
vt -7.1679688 5.03125
vt -7.171875 5.578125
vt -7.1523438 5.0351562
vt -7.15625 5.578125
vt -7.1523438 5.0351562
vt -7.171875 5.578125
vt -7.1523438 5.0351562
vt -7.1445312 5.015625
vt -7.1679688 5.03125
vt -5.8710938 5.0351562
vt -5.859375 5.0390625
vt -5.8671875 5.015625
vt -6.6757812 5.0351562
vt -6.6796875 5.015625
vt -6.6875 5.0351562
vt -6.3476562 5.0351562
vt -6.3359375 5.0390625
vt -6.3398438 5.0195312
vt -6.6796875 5.015625
vt -7.1445312 5.015625
vt -6.6875 5.0351562
vt -7.1523438 5.0351562
vt -6.6875 5.0351562
vt -7.1445312 5.015625
vt -5.8554688 5.578125
vt -5.859375 5.0390625
vt -5.875 5.578125
vt -5.8710938 5.0351562
vt -5.875 5.578125
vt -5.859375 5.0390625
vt -7.1679688 5.03125
vt -7.171875 5.578125
vt -7.1523438 5.0351562
vt -7.15625 5.578125
vt -7.1523438 5.0351562
vt -7.171875 5.578125
vt -7.1523438 5.0351562
vt -7.1445312 5.015625
vt -7.1679688 5.03125
vt -5.8710938 5.0351562
vt -5.859375 5.0390625
vt -5.8671875 5.015625
vt -6.6757812 5.0351562
vt -6.6796875 5.015625
vt -6.6875 5.0351562
vt -6.3476562 5.0351562
vt -6.3359375 5.0390625
vt -6.3398438 5.0195312
vt -6.6796875 5.015625
vt -7.1445312 5.015625
vt -6.6875 5.0351562
vt -7.1523438 5.0351562
vt -6.6875 5.0351562
vt -7.1445312 5.015625
vt -5.8554688 5.578125
vt -5.859375 5.0390625
vt -5.875 5.578125
vt -5.8710938 5.0351562
vt -5.875 5.578125
vt -5.859375 5.0390625
vt -7.1679688 5.03125
vt -7.171875 5.578125
vt -7.1523438 5.0351562
vt -7.15625 5.578125
vt -7.1523438 5.0351562
vt -7.171875 5.578125
vt -7.1523438 5.0351562
vt -7.1445312 5.015625
vt -7.1679688 5.03125
vt -5.8710938 5.0351562
vt -5.859375 5.0390625
vt -5.8671875 5.015625
vt -6.6757812 5.0351562
vt -6.6796875 5.015625
vt -6.6875 5.0351562
vt -6.3476562 5.0351562
vt -6.3359375 5.0390625
vt -6.3398438 5.0195312
vt -6.6796875 5.015625
vt -7.1445312 5.015625
vt -6.6875 5.0351562
vt -7.1523438 5.0351562
vt -6.6875 5.0351562
vt -7.1445312 5.015625
vt -5.8554688 5.578125
vt -5.859375 5.0390625
vt -5.875 5.578125
vt -5.8710938 5.0351562
vt -5.875 5.578125
vt -5.859375 5.0390625
vt -7.1679688 5.03125
vt -7.171875 5.578125
vt -7.1523438 5.0351562
vt -7.15625 5.578125
vt -7.1523438 5.0351562
vt -7.171875 5.578125
vt -7.1523438 5.0351562
vt -7.1445312 5.015625
vt -7.1679688 5.03125
vt -5.8710938 5.0351562
vt -5.859375 5.0390625
vt -5.8671875 5.015625
vt -6.6757812 5.0351562
vt -6.6796875 5.015625
vt -6.6875 5.0351562
vt -6.3476562 5.0351562
vt -6.3359375 5.0390625
vt -6.3398438 5.0195312
vt -6.6796875 5.015625
vt -7.1445312 5.015625
vt -6.6875 5.0351562
vt -7.1523438 5.0351562
vt -6.6875 5.0351562
vt -7.1445312 5.015625
vt -9.75 -5.8671875
vt -9.7734375 -9.4375
vt -10.03125 -5.8632812
vt -10.046875 -9.4296875
vt -10.078125 -5.8632812
vt -10.0859375 -9.4296875
vt -11.9453125 -5.8632812
vt -11.9375 -9.4375
vt -11.984375 -5.8671875
vt -11.9765625 -9.4375
vt -12.2578125 -5.8671875
vt -12.2578125 -9.4375
vt -12.296875 -5.8710938
vt -12.2890625 -9.4375
vt -14.15625 -5.8710938
vt -14.1484375 -9.4375
vt -10.03125 -5.8632812
vt -10.046875 -9.4296875
vt -10.078125 -5.8632812
vt -10.0859375 -9.4296875
vt -11.9453125 -5.8632812
vt -11.9375 -9.4375
vt -11.984375 -5.8671875
vt -11.9765625 -9.4375
vt -12.2578125 -5.8671875
vt -12.2578125 -9.4375
vt -12.296875 -5.8710938
vt -12.2890625 -9.4375
vt -11.953125 -9.5234375
vt -12.265625 -9.5234375
vt -11.9765625 -9.4375
vt -12.2578125 -9.4375
vt -9.328125 4.390625
vt -9.34375 3.8320312
vt -9.859375 4.4023438
vt -9.859375 3.8652344
vt -9.875 4.4023438
vt -9.875 3.8632812
vt -11.75 4.4023438
vt -11.75 3.8671875
vt -11.765625 4.40625
vt -11.7578125 3.8691406
vt -12.2890625 4.390625
vt -12.28125 3.8535156
vt -12.296875 4.390625
vt -12.2890625 3.8535156
vt -14.1796875 4.3945312
vt -14.1796875 3.8378906
vt -11.75 4.4023438
vt -11.75 3.8671875
vt -11.765625 4.40625
vt -11.7578125 3.8691406
vt -12.2890625 4.390625
vt -12.28125 3.8535156
vt -12.296875 4.390625
vt -12.2890625 3.8535156
vt -9.875 3.8242188
vt -11.7265625 3.8222656
vt -9.875 3.8632812
vt -11.75 3.8671875
vt -4.671875 4.5546875
vt -4.6875 4.3320312
vt -4.921875 4.5703125
vt -4.9335938 4.3515625
vt -4.9492188 4.5742188
vt -4.953125 4.3515625
vt -6.1992188 4.6015625
vt -6.1992188 4.3828125
vt -6.2226562 4.6015625
vt -6.21875 4.3828125
vt -6.4765625 4.5976562
vt -6.4648438 4.375
vt -6.5039062 4.59375
vt -6.4804688 4.375
vt -7.4296875 4.4921875
vt -7.40625 4.2695312
vt -4.921875 4.5703125
vt -4.9335938 4.3515625
vt -4.9492188 4.5742188
vt -4.953125 4.3515625
vt -7.7382812 4.2265625
vt -7.765625 4.4453125
vt -7.40625 4.2695312
vt -7.4296875 4.4921875
vt -6.1992188 4.6015625
vt -6.1992188 4.3828125
vt -6.2226562 4.6015625
vt -6.21875 4.3828125
vt -6.4765625 4.5976562
vt -6.4648438 4.375
vt -6.5039062 4.59375
vt -6.4804688 4.375
vt -6.46875 4.3554688
vt -7.7226562 4.2109375
vt -6.4804688 4.375
vt -7.40625 4.2695312
vt -6.2070312 4.359375
vt -6.46875 4.3554688
vt -6.21875 4.3828125
vt -6.4648438 4.375
vt -4.9453125 4.3320312
vt -6.2070312 4.359375
vt -4.953125 4.3515625
vt -6.1992188 4.3828125
vt -4.6914062 4.3085938
vt -4.9453125 4.3320312
vt -4.6875 4.3320312
vt -4.9335938 4.3515625
vt -7.4296875 1.8544922
vt -7.4453125 1.6074219
vt -7.7226562 1.8720703
vt -7.734375 1.625
vt -7.75 1.8730469
vt -7.75 1.6259766
vt -8.1328125 1.8730469
vt -8.125 1.6259766
vt -8.1484375 1.8730469
vt -8.1484375 1.625
vt -8.4453125 1.8623047
vt -8.4296875 1.6152344
vt -8.46875 1.8603516
vt -8.453125 1.6132812
vt -8.8515625 1.8251953
vt -8.828125 1.578125
vt -7.7226562 1.8720703
vt -7.734375 1.625
vt -7.75 1.8730469
vt -7.75 1.6259766
vt -8.1328125 1.8730469
vt -8.125 1.6259766
vt -8.1484375 1.8730469
vt -8.1484375 1.625
vt -8.4453125 1.8623047
vt -8.4296875 1.6152344
vt -8.46875 1.8603516
vt -8.453125 1.6132812
vt -8.4375 1.5820312
vt -8.828125 1.5458984
vt -8.453125 1.6132812
vt -8.828125 1.578125
vt -8.1328125 1.5927734
vt -8.4375 1.5820312
vt -8.1484375 1.625
vt -8.4296875 1.6152344
vt -7.7421875 1.59375
vt -8.1328125 1.5927734
vt -7.75 1.6259766
vt -8.125 1.6259766
vt -7.4492188 1.5732422
vt -7.7421875 1.59375
vt -7.4453125 1.6074219
vt -7.734375 1.625
vt -10.78125 -0.021911621
vt -10.7890625 -0.8979492
vt -11.2109375 -0.014457703
vt -11.21875 -0.8901367
vt -11.234375 -0.013748169
vt -11.2421875 -0.88964844
vt -12.2890625 -0.01373291
vt -12.2890625 -0.88964844
vt -12.3125 -0.014083862
vt -12.3125 -0.890625
vt -12.7421875 -0.015975952
vt -12.734375 -0.89208984
vt -12.765625 -0.016586304
vt -12.7578125 -0.8930664
vt -13.8125 -0.017318726
vt -13.8125 -0.8935547
vt -11.2109375 -0.014457703
vt -11.21875 -0.8901367
vt -11.234375 -0.013748169
vt -11.2421875 -0.88964844
vt -12.2890625 -0.01373291
vt -12.2890625 -0.88964844
vt -12.3125 -0.014083862
vt -12.3125 -0.890625
vt -12.7421875 -0.015975952
vt -12.734375 -0.89208984
vt -12.765625 -0.016586304
vt -12.7578125 -0.8930664
vt -12.7421875 -0.9199219
vt -13.8125 -0.92089844
vt -12.7578125 -0.8930664
vt -13.8125 -0.8935547
vt -12.296875 -0.91748047
vt -12.7421875 -0.9199219
vt -12.3125 -0.890625
vt -12.734375 -0.89208984
vt -11.2265625 -0.9169922
vt -12.296875 -0.91748047
vt -11.2421875 -0.88964844
vt -12.2890625 -0.88964844
vt -10.796875 -0.9272461
vt -11.2265625 -0.9169922
vt -10.7890625 -0.8979492
vt -11.21875 -0.8901367
vt -10.0234375 7.5429688
vt -10.078125 6.8203125
vt -10.3203125 7.5625
vt -10.3671875 6.84375
vt -10.34375 7.5664062
vt -10.3828125 6.8476562
vt -10.796875 7.59375
vt -10.828125 6.875
vt -10.8203125 7.59375
vt -10.84375 6.875
vt -11.1171875 7.6054688
vt -11.1328125 6.8867188
vt -11.1484375 7.6054688
vt -11.1484375 6.8867188
vt -11.6015625 7.6054688
vt -11.6015625 6.8867188
vt -10.3203125 7.5625
vt -10.3671875 6.84375
vt -10.34375 7.5664062
vt -10.3828125 6.8476562
vt -10.796875 7.59375
vt -10.828125 6.875
vt -10.8203125 7.59375
vt -10.84375 6.875
vt -11.1171875 7.6054688
vt -11.1328125 6.8867188
vt -11.1484375 7.6054688
vt -11.1484375 6.8867188
vt -11.140625 6.8632812
vt -11.6015625 6.8632812
vt -11.1484375 6.8867188
vt -11.6015625 6.8867188
vt -10.8359375 6.8515625
vt -11.140625 6.8632812
vt -10.84375 6.875
vt -11.1328125 6.8867188
vt -10.375 6.8242188
vt -10.8359375 6.8515625
vt -10.3828125 6.8476562
vt -10.828125 6.875
vt -10.0859375 6.796875
vt -10.375 6.8242188
vt -10.078125 6.8203125
vt -10.3671875 6.84375
vt -3.7929688 3.0214844
vt -3.796875 2.6035156
vt -4.0546875 3.0234375
vt -4.0546875 2.6054688
vt -4.0742188 3.0234375
vt -4.0742188 2.6054688
vt -4.875 3.0234375
vt -4.8710938 2.6054688
vt -4.9023438 3.0234375
vt -4.8867188 2.6054688
vt -5.1640625 3.0117188
vt -5.1445312 2.59375
vt -5.1875 3.0097656
vt -5.1601562 2.59375
vt -5.9882812 2.9511719
vt -5.9609375 2.5351562
vt -4.0546875 3.0234375
vt -4.0546875 2.6054688
vt -4.0742188 3.0234375
vt -4.0742188 2.6054688
vt -4.875 3.0234375
vt -4.8710938 2.6054688
vt -4.9023438 3.0234375
vt -4.8867188 2.6054688
vt -5.1640625 3.0117188
vt -5.1445312 2.59375
vt -5.1875 3.0097656
vt -5.1601562 2.59375
vt -5.1484375 2.5742188
vt -5.9609375 2.5136719
vt -5.1601562 2.59375
vt -5.9609375 2.5351562
vt -4.8789062 2.5859375
vt -5.1484375 2.5742188
vt -4.8867188 2.6054688
vt -5.1445312 2.59375
vt -4.0664062 2.5859375
vt -4.8789062 2.5859375
vt -4.0742188 2.6054688
vt -4.8710938 2.6054688
vt -3.7988281 2.5800781
vt -4.0664062 2.5859375
vt -3.796875 2.6035156
vt -4.0546875 2.6054688
vt -3.0742188 -1.6962891
vt -3.0839844 -2.515625
vt -3.3691406 -1.6933594
vt -3.375 -2.5136719
vt -3.3925781 -1.6933594
vt -3.390625 -2.5136719
vt -4.5 -1.6933594
vt -4.5 -2.5136719
vt -4.5273438 -1.6933594
vt -4.53125 -2.5136719
vt -4.8203125 -1.6914062
vt -4.8203125 -2.5117188
vt -4.8398438 -1.6923828
vt -4.8398438 -2.5136719
vt -5.9453125 -1.6923828
vt -5.9453125 -2.5136719
vt -3.3691406 -1.6933594
vt -3.375 -2.5136719
vt -3.3925781 -1.6933594
vt -3.390625 -2.5136719
vt -4.5 -1.6933594
vt -4.5 -2.5136719
vt -4.5273438 -1.6933594
vt -4.53125 -2.5136719
vt -4.8203125 -1.6914062
vt -4.8203125 -2.5117188
vt -4.8398438 -1.6923828
vt -4.8398438 -2.5136719
vt -4.828125 -2.5351562
vt -5.9492188 -2.5351562
vt -4.8398438 -2.5136719
vt -5.9453125 -2.5136719
vt -4.5351562 -2.5371094
vt -4.828125 -2.5351562
vt -4.53125 -2.5136719
vt -4.8203125 -2.5117188
vt -3.3808594 -2.5371094
vt -4.4960938 -2.5371094
vt -3.390625 -2.5136719
vt -4.5 -2.5136719
vt -3.0859375 -2.5390625
vt -3.3808594 -2.5371094
vt -3.0839844 -2.515625
vt -3.375 -2.5136719
vt -8.875 9
vt -8.8984375 8.15625
vt -9.2578125 9.0078125
vt -9.2734375 8.1640625
vt -9.2734375 9
vt -9.2890625 8.1640625
vt -10.171875 9.0078125
vt -10.1796875 8.1640625
vt -10.1953125 9.0078125
vt -10.1953125 8.1640625
vt -10.578125 9.0078125
vt -10.5625 8.1640625
vt -10.6015625 9.0078125
vt -10.578125 8.1640625
vt -11.5 9.0078125
vt -11.4765625 8.1640625
vt -9.2578125 9.0078125
vt -9.2734375 8.1640625
vt -9.2734375 9
vt -9.2890625 8.1640625
vt -10.171875 9.0078125
vt -10.1796875 8.1640625
vt -10.1953125 9.0078125
vt -10.1953125 8.1640625
vt -10.578125 9.0078125
vt -10.5625 8.1640625
vt -10.6015625 9.0078125
vt -10.578125 8.1640625
vt -10.1875 8.1484375
vt -10.5703125 8.1484375
vt -10.1953125 8.1640625
vt -10.5625 8.1640625
vt -9.28125 8.140625
vt -10.1875 8.1484375
vt -9.2890625 8.1640625
vt -10.1796875 8.1640625
vt -8.90625 8.1328125
vt -9.28125 8.140625
vt -8.8984375 8.15625
vt -9.2734375 8.1640625
vt -6.9726562 7.9101562
vt -6.984375 7.1875
vt -7.265625 7.9140625
vt -7.2734375 7.1914062
vt -7.2890625 7.9140625
vt -7.2890625 7.1914062
vt -7.8398438 7.9140625
vt -7.8359375 7.1914062
vt -7.859375 7.9140625
vt -7.8554688 7.1914062
vt -8.1484375 7.9101562
vt -8.1484375 7.1914062
vt -8.1640625 7.9101562
vt -8.1640625 7.1875
vt -8.7109375 7.9101562
vt -8.7109375 7.1875
vt -7.265625 7.9140625
vt -7.2734375 7.1914062
vt -7.2890625 7.9140625
vt -7.2890625 7.1914062
vt -7.8398438 7.9140625
vt -7.8359375 7.1914062
vt -7.859375 7.9140625
vt -7.8554688 7.1914062
vt -8.1484375 7.9101562
vt -8.1484375 7.1914062
vt -8.1640625 7.9101562
vt -8.1640625 7.1875
vt -8.1484375 7.1679688
vt -8.7109375 7.1640625
vt -8.1640625 7.1875
vt -8.7109375 7.1875
vt -7.84375 7.1679688
vt -8.1484375 7.1679688
vt -7.8554688 7.1914062
vt -8.1484375 7.1914062
vt -7.28125 7.1679688
vt -7.84375 7.1679688
vt -7.2890625 7.1914062
vt -7.8359375 7.1914062
vt -6.984375 7.1640625
vt -7.28125 7.1679688
vt -6.984375 7.1875
vt -7.2734375 7.1914062
vt -3.2890625 -3.96875
vt -3.2949219 -4.609375
vt -3.5820312 -3.9667969
vt -3.5839844 -4.6054688
vt -3.6054688 -3.9667969
vt -3.6015625 -4.6054688
vt -4.3085938 -3.9667969
vt -4.3007812 -4.6054688
vt -4.3320312 -3.9667969
vt -4.3203125 -4.6054688
vt -4.6289062 -3.9746094
vt -4.609375 -4.6132812
vt -4.65625 -3.9765625
vt -4.625 -4.6132812
vt -5.359375 -4.0117188
vt -5.328125 -4.6484375
vt -3.5820312 -3.9667969
vt -3.5839844 -4.6054688
vt -3.6054688 -3.9667969
vt -3.6015625 -4.6054688
vt -4.3085938 -3.9667969
vt -4.3007812 -4.6054688
vt -4.3320312 -3.9667969
vt -4.3203125 -4.6054688
vt -4.6289062 -3.9746094
vt -4.609375 -4.6132812
vt -4.65625 -3.9765625
vt -4.625 -4.6132812
vt -4.6132812 -4.6367188
vt -5.328125 -4.671875
vt -4.625 -4.6132812
vt -5.328125 -4.6484375
vt -4.3085938 -4.6289062
vt -4.6132812 -4.6367188
vt -4.3203125 -4.6054688
vt -4.609375 -4.6132812
vt -3.5917969 -4.6289062
vt -4.3085938 -4.6289062
vt -3.6015625 -4.6054688
vt -4.3007812 -4.6054688
vt -3.296875 -4.6328125
vt -3.5917969 -4.6289062
vt -3.2949219 -4.609375
vt -3.5839844 -4.6054688
vt -10.1015625 -1.0791016
vt -10.1015625 -2.4257812
vt -10.7421875 -1.078125
vt -10.7421875 -2.4238281
vt -10.765625 -1.078125
vt -10.765625 -2.4238281
vt -12.0546875 -1.0800781
vt -12.046875 -2.4257812
vt -12.0703125 -1.0800781
vt -12.0703125 -2.4277344
vt -12.7109375 -1.0800781
vt -12.7109375 -2.4257812
vt -12.7265625 -1.0791016
vt -12.7265625 -2.4257812
vt -14.015625 -1.0761719
vt -14.015625 -2.4238281
vt -10.7421875 -1.078125
vt -10.7421875 -2.4238281
vt -10.765625 -1.078125
vt -10.765625 -2.4238281
vt -12.0546875 -1.0800781
vt -12.046875 -2.4257812
vt -12.0703125 -1.0800781
vt -12.0703125 -2.4277344
vt -12.7109375 -1.0800781
vt -12.7109375 -2.4257812
vt -12.7265625 -1.0791016
vt -12.7265625 -2.4257812
vt -12.7109375 -2.4433594
vt -14.015625 -2.4414062
vt -12.7265625 -2.4257812
vt -14.015625 -2.4238281
vt -12.0546875 -2.4453125
vt -12.7109375 -2.4433594
vt -12.0703125 -2.4277344
vt -12.7109375 -2.4257812
vt -10.75 -2.4433594
vt -12.0546875 -2.4453125
vt -10.765625 -2.4238281
vt -12.046875 -2.4257812
vt -10.109375 -2.4453125
vt -10.75 -2.4433594
vt -10.1015625 -2.4257812
vt -10.7421875 -2.4238281
vt -9.859375 2.7890625
vt -9.84375 0.60009766
vt -10.421875 2.7851562
vt -10.3984375 0.5961914
vt -10.453125 2.7851562
vt -10.453125 0.5966797
vt -12.3125 2.7851562
vt -12.3125 0.5966797
vt -12.3359375 2.7851562
vt -12.328125 0.5957031
vt -12.890625 2.7851562
vt -12.890625 0.59521484
vt -12.9140625 2.7832031
vt -12.9140625 0.59375
vt -14.7734375 2.7832031
vt -14.7734375 0.59375
vt -12.3125 2.7851562
vt -12.3125 0.5966797
vt -12.3359375 2.7851562
vt -12.328125 0.5957031
vt -12.890625 2.7851562
vt -12.890625 0.59521484
vt -12.9140625 2.7832031
vt -12.9140625 0.59375
vt -12.8984375 0.5703125
vt -14.7734375 0.5698242
vt -12.9140625 0.59375
vt -14.7734375 0.59375
vt -12.3203125 0.5722656
vt -12.8984375 0.5703125
vt -12.328125 0.5957031
vt -12.890625 0.59521484
vt -10.40625 0.5727539
vt -12.3203125 0.5722656
vt -10.453125 0.5966797
vt -12.3125 0.5966797
vt -9.8515625 0.57421875
vt -10.40625 0.5727539
vt -9.84375 0.60009766
vt -10.3984375 0.5961914
vt -9.0859375 3.2773438
vt -8.0703125 3.2773438
vt -9.0859375 2.5976562
vt -8.0703125 2.6015625
vt -8.0546875 3.2773438
vt -7.6796875 3.28125
vt -8.0546875 2.6035156
vt -7.6796875 2.6074219
vt -7.6640625 3.2832031
vt -6.6484375 3.2832031
vt -7.6640625 2.6074219
vt -6.6523438 2.609375
vt -6.6328125 3.2851562
vt -6.2578125 3.28125
vt -6.6367188 2.609375
vt -6.2617188 2.6054688
vt -8.0703125 3.2773438
vt -8.0546875 3.2773438
vt -8.0703125 2.6015625
vt -8.0546875 2.6035156
vt -6.6484375 3.2832031
vt -6.6328125 3.2851562
vt -6.6523438 2.609375
vt -6.6367188 2.609375
vt -6.6484375 2.59375
vt -6.6367188 2.609375
vt -6.2617188 2.5898438
vt -6.2617188 2.6054688
vt -7.6757812 2.5917969
vt -7.6640625 2.6074219
vt -6.6484375 2.59375
vt -6.6523438 2.609375
vt -8.0625 2.5859375
vt -8.0546875 2.6035156
vt -7.6757812 2.5917969
vt -7.6796875 2.6074219
vt -2.2714844 -2.8457031
vt -2.28125 -3.6425781
vt -2.8710938 -2.8378906
vt -2.875 -3.6367188
vt -2.8945312 -2.8398438
vt -2.8945312 -3.6367188
vt -4.5859375 -2.8398438
vt -4.5859375 -3.6386719
vt -4.609375 -2.8417969
vt -4.6015625 -3.640625
vt -5.21875 -2.8574219
vt -5.1914062 -3.65625
vt -5.2460938 -2.8613281
vt -5.2109375 -3.6582031
vt -6.9414062 -2.953125
vt -6.8984375 -3.7519531
vt -2.8710938 -2.8378906
vt -2.875 -3.6367188
vt -2.8945312 -2.8398438
vt -2.8945312 -3.6367188
vt -4.5859375 -2.8398438
vt -4.5859375 -3.6386719
vt -4.609375 -2.8417969
vt -4.6015625 -3.640625
vt -5.1992188 -3.6796875
vt -6.8984375 -3.7734375
vt -5.2109375 -3.6582031
vt -6.8984375 -3.7519531
vt -4.5898438 -3.6621094
vt -5.1992188 -3.6796875
vt -4.6015625 -3.640625
vt -5.1914062 -3.65625
vt -2.8847656 -3.6601562
vt -4.5898438 -3.6621094
vt -2.8945312 -3.6367188
vt -4.5859375 -3.6386719
vt -2.2851562 -3.6660156
vt -2.8847656 -3.6601562
vt -2.28125 -3.6425781
vt -2.875 -3.6367188
vt -9.109375 6.4882812
vt -9.1328125 5.8125
vt -9.484375 6.5
vt -9.5078125 5.8242188
vt -9.5 6.5
vt -9.515625 5.8203125
vt -10.1328125 6.5039062
vt -10.140625 5.828125
vt -10.15625 6.5039062
vt -10.15625 5.828125
vt -10.5390625 6.5039062
vt -10.5234375 5.828125
vt -10.5625 6.5078125
vt -10.5390625 5.828125
vt -11.1875 6.5
vt -11.171875 5.8242188
vt -9.484375 6.5
vt -9.5078125 5.8242188
vt -9.5 6.5
vt -9.515625 5.8203125
vt -10.1328125 6.5039062
vt -10.140625 5.828125
vt -10.15625 6.5039062
vt -10.15625 5.828125
vt -10.5390625 6.5039062
vt -10.5234375 5.828125
vt -10.5625 6.5078125
vt -10.5390625 5.828125
vt -10.1484375 5.8085938
vt -10.53125 5.8125
vt -10.15625 5.828125
vt -10.5234375 5.828125
vt -9.515625 5.8007812
vt -10.1484375 5.8085938
vt -9.515625 5.8203125
vt -10.140625 5.828125
vt -9.140625 5.7890625
vt -9.515625 5.8007812
vt -9.1328125 5.8125
vt -9.5078125 5.8242188
vt -16.890625 12.875
vt -15.9296875 12.875
vt -16.890625 11.234375
vt -15.921875 11.2421875
vt -15.90625 12.8828125
vt -15.125 12.890625
vt -15.90625 11.2421875
vt -15.1171875 11.2578125
vt -15.1015625 12.890625
vt -14.140625 12.890625
vt -15.1015625 11.2578125
vt -14.140625 11.2578125
vt -14.1171875 12.890625
vt -13.328125 12.890625
vt -14.1171875 11.2578125
vt -13.328125 11.265625
vt -15.9296875 12.875
vt -15.90625 12.8828125
vt -15.921875 11.2421875
vt -15.90625 11.2421875
vt -14.1328125 11.234375
vt -14.1171875 11.2578125
vt -13.328125 11.2421875
vt -13.328125 11.265625
vt -15.109375 11.234375
vt -15.1015625 11.2578125
vt -14.1328125 11.234375
vt -14.140625 11.2578125
vt -15.9140625 11.21875
vt -15.90625 11.2421875
vt -15.109375 11.234375
vt -15.1171875 11.2578125
vt -17.265625 5.9375
vt -15.8046875 5.9375
vt -17.265625 4.296875
vt -15.8046875 4.3007812
vt -15.78125 5.9375
vt -15.3515625 5.9414062
vt -15.78125 4.3007812
vt -15.34375 4.3046875
vt -15.328125 5.9414062
vt -13.8671875 5.9375
vt -15.328125 4.3046875
vt -13.8671875 4.3046875
vt -13.84375 5.9375
vt -13.40625 5.9335938
vt -13.8515625 4.3046875
vt -13.4140625 4.296875
vt -15.8046875 5.9375
vt -15.78125 5.9375
vt -15.8046875 4.3007812
vt -15.78125 4.3007812
vt -15.3515625 5.9414062
vt -15.328125 5.9414062
vt -15.34375 4.3046875
vt -15.328125 4.3046875
vt -13.8671875 5.9375
vt -13.84375 5.9375
vt -13.8671875 4.3046875
vt -13.8515625 4.3046875
vt -13.8671875 4.28125
vt -13.8515625 4.3046875
vt -13.4140625 4.2773438
vt -13.4140625 4.296875
vt -15.34375 4.2851562
vt -15.328125 4.3046875
vt -13.8671875 4.28125
vt -13.8671875 4.3046875
vt -15.796875 4.28125
vt -15.78125 4.3007812
vt -15.34375 4.2851562
vt -15.34375 4.3046875
vt -19.15625 9.1171875
vt -16.484375 9.1171875
vt -19.15625 6.8828125
vt -16.484375 6.8867188
vt -16.453125 9.1171875
vt -15.6640625 9.1171875
vt -16.453125 6.8828125
vt -15.6640625 6.8828125
vt -15.6484375 9.1171875
vt -12.9765625 9.109375
vt -15.6484375 6.8789062
vt -12.9765625 6.875
vt -12.9453125 9.109375
vt -12.15625 9.09375
vt -12.9609375 6.8710938
vt -12.1640625 6.8632812
vt -16.484375 9.1171875
vt -16.453125 9.1171875
vt -16.484375 6.8867188
vt -16.453125 6.8828125
vt -15.6640625 9.1171875
vt -15.6484375 9.1171875
vt -15.6640625 6.8828125
vt -15.6484375 6.8789062
vt -12.9765625 9.109375
vt -12.9453125 9.109375
vt -12.9765625 6.875
vt -12.9609375 6.8710938
vt -12.96875 6.8515625
vt -12.9609375 6.8710938
vt -12.171875 6.8398438
vt -12.1640625 6.8632812
vt -15.6640625 6.859375
vt -15.6484375 6.8789062
vt -12.96875 6.8515625
vt -12.9765625 6.875
vt -16.46875 6.8632812
vt -16.453125 6.8828125
vt -15.6640625 6.859375
vt -15.6640625 6.8828125
vt -9.515625 5.328125
vt -9.5390625 4.6523438
vt -9.890625 5.3359375
vt -9.9140625 4.6601562
vt -9.9140625 5.3359375
vt -9.921875 4.6601562
vt -10.8046875 5.3398438
vt -10.8203125 4.6640625
vt -10.8359375 5.3398438
vt -10.8359375 4.6640625
vt -11.21875 5.3398438
vt -11.203125 4.6640625
vt -11.2421875 5.3398438
vt -11.21875 4.6640625
vt -12.140625 5.3359375
vt -12.1171875 4.6601562
vt -9.890625 5.3359375
vt -9.9140625 4.6601562
vt -9.9140625 5.3359375
vt -9.921875 4.6601562
vt -10.8046875 5.3398438
vt -10.8203125 4.6640625
vt -10.8359375 5.3398438
vt -10.8359375 4.6640625
vt -11.21875 5.3398438
vt -11.203125 4.6640625
vt -11.2421875 5.3398438
vt -11.21875 4.6640625
vt -10.828125 4.6445312
vt -11.2109375 4.6445312
vt -10.8359375 4.6640625
vt -11.203125 4.6640625
vt -9.921875 4.6367188
vt -10.828125 4.6445312
vt -9.921875 4.6601562
vt -10.8203125 4.6640625
vt -9.546875 4.625
vt -9.921875 4.6367188
vt -9.5390625 4.6523438
vt -9.9140625 4.6601562
vt -9.71875 -14.3125
vt -9.7421875 -15.515625
vt -10 -14.3046875
vt -10.0234375 -15.5078125
vt -10.0546875 -14.3046875
vt -10.0546875 -15.5078125
vt -11.9140625 -14.3046875
vt -11.9140625 -15.5078125
vt -11.953125 -14.3125
vt -11.9453125 -15.5078125
vt -12.375 -14.3125
vt -12.3671875 -15.515625
vt -12.4140625 -14.3125
vt -12.40625 -15.515625
vt -14.265625 -14.3125
vt -14.265625 -15.515625
vt -10 -14.3046875
vt -10.0234375 -15.5078125
vt -10.0546875 -14.3046875
vt -10.0546875 -15.5078125
vt -11.9140625 -14.3046875
vt -11.9140625 -15.5078125
vt -11.953125 -14.3125
vt -11.9453125 -15.5078125
vt -12.375 -14.3125
vt -12.3671875 -15.515625
vt -12.4140625 -14.3125
vt -12.40625 -15.515625
vt -11.9296875 -15.59375
vt -12.3828125 -15.6015625
vt -11.9453125 -15.5078125
vt -12.3671875 -15.515625
vt -9.015625 -12.3046875
vt -9.015625 -13.5078125
vt -9.8515625 -12.3125
vt -9.8515625 -13.515625
vt -9.890625 -12.3125
vt -9.8828125 -13.515625
vt -11.7421875 -12.3125
vt -11.7421875 -13.515625
vt -11.78125 -12.3125
vt -11.78125 -13.515625
vt -12.6171875 -12.3203125
vt -12.609375 -13.5234375
vt -12.65625 -12.3203125
vt -12.6484375 -13.5234375
vt -14.5078125 -12.3203125
vt -14.5078125 -13.515625
vt -9.8515625 -12.3125
vt -9.8515625 -13.515625
vt -9.890625 -12.3125
vt -9.8828125 -13.515625
vt -11.7421875 -12.3125
vt -11.7421875 -13.515625
vt -11.78125 -12.3125
vt -11.78125 -13.515625
vt -12.6171875 -12.3203125
vt -12.609375 -13.5234375
vt -12.65625 -12.3203125
vt -12.6484375 -13.5234375
vt -11.7578125 -13.5703125
vt -12.625 -13.578125
vt -11.78125 -13.515625
vt -12.609375 -13.5234375
vt -9.7421875 -10.171875
vt -9.7734375 -11.4375
vt -10.03125 -10.1640625
vt -10.046875 -11.4296875
vt -10.078125 -10.1640625
vt -10.0859375 -11.4296875
vt -11.9453125 -10.1640625
vt -11.9375 -11.4296875
vt -11.984375 -10.1640625
vt -11.9765625 -11.4296875
vt -12.2578125 -10.171875
vt -12.2578125 -11.4296875
vt -12.296875 -10.171875
vt -12.2890625 -11.4375
vt -14.15625 -10.171875
vt -14.1484375 -11.4375
vt -10.03125 -10.1640625
vt -10.046875 -11.4296875
vt -10.078125 -10.1640625
vt -10.0859375 -11.4296875
vt -11.9453125 -10.1640625
vt -11.9375 -11.4296875
vt -11.984375 -10.1640625
vt -11.9765625 -11.4296875
vt -12.2578125 -10.171875
vt -12.2578125 -11.4296875
vt -12.296875 -10.171875
vt -12.2890625 -11.4375
vt -11.953125 -11.515625
vt -12.265625 -11.5234375
vt -11.9765625 -11.4296875
vt -12.2578125 -11.4296875
vt -5.5273438 5.5703125
vt -5.5351562 5.0273438
vt -5.8554688 5.578125
vt -5.859375 5.0390625
vt -5.875 5.578125
vt -5.8710938 5.0351562
vt -6.3359375 5.5820312
vt -6.3359375 5.0390625
vt -6.3515625 5.5820312
vt -6.3476562 5.0351562
vt -6.6796875 5.578125
vt -6.6757812 5.0351562
vt -6.6914062 5.578125
vt -6.6875 5.0351562
vt -7.15625 5.578125
vt -7.1523438 5.0351562
vt -6.3359375 5.5820312
vt -6.3359375 5.0390625
vt -6.3515625 5.5820312
vt -6.3476562 5.0351562
vt -6.6796875 5.578125
vt -6.6757812 5.0351562
vt -6.6914062 5.578125
vt -6.6875 5.0351562
vt -6.3398438 5.0195312
vt -6.6796875 5.015625
vt -6.3476562 5.0351562
vt -6.6757812 5.0351562
vt -5.8671875 5.015625
vt -6.3398438 5.0195312
vt -5.8710938 5.0351562
vt -6.3359375 5.0390625
vt -5.5390625 5.0039062
vt -5.8671875 5.015625
vt -5.5351562 5.0273438
vt -5.859375 5.0390625
vt -10.8984375 -4.1914062
vt -10.984375 -5.3945312
vt -11.1875 -4.171875
vt -11.265625 -5.3710938
vt -11.234375 -4.1679688
vt -11.296875 -5.3671875
vt -11.703125 -4.140625
vt -11.75 -5.3398438
vt -11.75 -4.140625
vt -11.7890625 -5.3398438
vt -12.0390625 -4.1328125
vt -12.0625 -5.3320312
vt -12.09375 -4.1328125
vt -12.09375 -5.3320312
vt -12.5546875 -4.1367188
vt -12.5546875 -5.3398438
vt -11.1875 -4.171875
vt -11.265625 -5.3710938
vt -11.234375 -4.1679688
vt -11.296875 -5.3671875
vt -11.703125 -4.140625
vt -11.75 -5.3398438
vt -11.75 -4.140625
vt -11.7890625 -5.3398438
vt -12.0390625 -4.1328125
vt -12.0625 -5.3320312
vt -12.09375 -4.1328125
vt -12.09375 -5.3320312
vt -11.7734375 -5.421875
vt -12.078125 -5.4179688
vt -11.7890625 -5.3398438
vt -12.0625 -5.3320312
vt -17.296875 15.109375
vt -16.03125 15.109375
vt -17.28125 13.46875
vt -16.03125 13.4765625
vt -16.015625 15.109375
vt -15.2265625 15.1171875
vt -16.015625 13.4765625
vt -15.2265625 13.484375
vt -15.203125 15.1171875
vt -13.9453125 15.1171875
vt -15.203125 13.484375
vt -13.953125 13.484375
vt -13.9296875 15.1171875
vt -13.140625 15.125
vt -13.9296875 13.484375
vt -13.140625 13.4921875
vt -16.03125 15.109375
vt -16.015625 15.109375
vt -16.03125 13.4765625
vt -16.015625 13.4765625
vt -13.9453125 15.1171875
vt -13.9296875 15.1171875
vt -13.953125 13.484375
vt -13.9296875 13.484375
vt -13.9453125 13.4609375
vt -13.9296875 13.484375
vt -13.140625 13.4765625
vt -13.140625 13.4921875
vt -15.21875 13.46875
vt -15.203125 13.484375
vt -13.9453125 13.4609375
vt -13.953125 13.484375
vt -16.015625 13.453125
vt -16.015625 13.4765625
vt -15.21875 13.46875
vt -15.2265625 13.484375
vt -10.8984375 -4.1914062
vt -10.984375 -5.3945312
vt -11.1875 -4.171875
vt -11.265625 -5.3710938
vt -11.234375 -4.1679688
vt -11.296875 -5.3671875
vt -11.703125 -4.140625
vt -11.75 -5.3398438
vt -11.75 -4.140625
vt -11.7890625 -5.3398438
vt -12.0390625 -4.1328125
vt -12.0625 -5.3320312
vt -12.09375 -4.1328125
vt -12.09375 -5.3320312
vt -12.5546875 -4.1367188
vt -12.5546875 -5.3398438
vt -11.1875 -4.171875
vt -11.265625 -5.3710938
vt -11.234375 -4.1679688
vt -11.296875 -5.3671875
vt -11.703125 -4.140625
vt -11.75 -5.3398438
vt -11.75 -4.140625
vt -11.7890625 -5.3398438
vt -12.0390625 -4.1328125
vt -12.0625 -5.3320312
vt -12.09375 -4.1328125
vt -12.09375 -5.3320312
vt -11.7734375 -5.421875
vt -12.078125 -5.4179688
vt -11.7890625 -5.3398438
vt -12.0625 -5.3320312
vt -11.28125 -5.4140625
vt -11.7734375 -5.421875
vt -11.296875 -5.3671875
vt -11.75 -5.3398438
vt -5.5273438 5.5703125
vt -5.5351562 5.0273438
vt -5.8554688 5.578125
vt -5.859375 5.0390625
vt -5.875 5.578125
vt -5.8710938 5.0351562
vt -6.3359375 5.5820312
vt -6.3359375 5.0390625
vt -6.3515625 5.5820312
vt -6.3476562 5.0351562
vt -6.6796875 5.578125
vt -6.6757812 5.0351562
vt -6.6914062 5.578125
vt -6.6875 5.0351562
vt -7.15625 5.578125
vt -7.1523438 5.0351562
vt -6.3359375 5.5820312
vt -6.3359375 5.0390625
vt -6.3515625 5.5820312
vt -6.3476562 5.0351562
vt -6.6796875 5.578125
vt -6.6757812 5.0351562
vt -6.6914062 5.578125
vt -6.6875 5.0351562
vt -6.3398438 5.0195312
vt -6.6796875 5.015625
vt -6.3476562 5.0351562
vt -6.6757812 5.0351562
vt -5.8671875 5.015625
vt -6.3398438 5.0195312
vt -5.8710938 5.0351562
vt -6.3359375 5.0390625
vt -5.5390625 5.0039062
vt -5.8671875 5.015625
vt -5.5351562 5.0273438
vt -5.859375 5.0390625
vt -5.5273438 5.5703125
vt -5.5351562 5.0273438
vt -5.8554688 5.578125
vt -5.859375 5.0390625
vt -5.875 5.578125
vt -5.8710938 5.0351562
vt -6.3359375 5.5820312
vt -6.3359375 5.0390625
vt -6.3515625 5.5820312
vt -6.3476562 5.0351562
vt -6.6796875 5.578125
vt -6.6757812 5.0351562
vt -6.6914062 5.578125
vt -6.6875 5.0351562
vt -7.15625 5.578125
vt -7.1523438 5.0351562
vt -6.3359375 5.5820312
vt -6.3359375 5.0390625
vt -6.3515625 5.5820312
vt -6.3476562 5.0351562
vt -6.6796875 5.578125
vt -6.6757812 5.0351562
vt -6.6914062 5.578125
vt -6.6875 5.0351562
vt -6.3398438 5.0195312
vt -6.6796875 5.015625
vt -6.3476562 5.0351562
vt -6.6757812 5.0351562
vt -5.8671875 5.015625
vt -6.3398438 5.0195312
vt -5.8710938 5.0351562
vt -6.3359375 5.0390625
vt -5.5390625 5.0039062
vt -5.8671875 5.015625
vt -5.5351562 5.0273438
vt -5.859375 5.0390625
vt -5.5273438 5.5703125
vt -5.5351562 5.0273438
vt -5.8554688 5.578125
vt -5.859375 5.0390625
vt -5.875 5.578125
vt -5.8710938 5.0351562
vt -6.3359375 5.5820312
vt -6.3359375 5.0390625
vt -6.3515625 5.5820312
vt -6.3476562 5.0351562
vt -6.6796875 5.578125
vt -6.6757812 5.0351562
vt -6.6914062 5.578125
vt -6.6875 5.0351562
vt -7.15625 5.578125
vt -7.1523438 5.0351562
vt -6.3359375 5.5820312
vt -6.3359375 5.0390625
vt -6.3515625 5.5820312
vt -6.3476562 5.0351562
vt -6.6796875 5.578125
vt -6.6757812 5.0351562
vt -6.6914062 5.578125
vt -6.6875 5.0351562
vt -6.3398438 5.0195312
vt -6.6796875 5.015625
vt -6.3476562 5.0351562
vt -6.6757812 5.0351562
vt -5.8671875 5.015625
vt -6.3398438 5.0195312
vt -5.8710938 5.0351562
vt -6.3359375 5.0390625
vt -5.5390625 5.0039062
vt -5.8671875 5.015625
vt -5.5351562 5.0273438
vt -5.859375 5.0390625
vt -5.5273438 5.5703125
vt -5.5351562 5.0273438
vt -5.8554688 5.578125
vt -5.859375 5.0390625
vt -5.875 5.578125
vt -5.8710938 5.0351562
vt -6.3359375 5.5820312
vt -6.3359375 5.0390625
vt -6.3515625 5.5820312
vt -6.3476562 5.0351562
vt -6.6796875 5.578125
vt -6.6757812 5.0351562
vt -6.6914062 5.578125
vt -6.6875 5.0351562
vt -7.15625 5.578125
vt -7.1523438 5.0351562
vt -6.3359375 5.5820312
vt -6.3359375 5.0390625
vt -6.3515625 5.5820312
vt -6.3476562 5.0351562
vt -6.6796875 5.578125
vt -6.6757812 5.0351562
vt -6.6914062 5.578125
vt -6.6875 5.0351562
vt -6.3398438 5.0195312
vt -6.6796875 5.015625
vt -6.3476562 5.0351562
vt -6.6757812 5.0351562
vt -5.8671875 5.015625
vt -6.3398438 5.0195312
vt -5.8710938 5.0351562
vt -6.3359375 5.0390625
vt -5.5390625 5.0039062
vt -5.8671875 5.015625
vt -5.5351562 5.0273438
vt -5.859375 5.0390625
vt 6.171875 -3.9082031
vt 6.1757812 -4.1953125
vt 4.3085938 -3.8808594
vt 4.3085938 -4.1679688
vt 3.5332031 -5.2109375
vt 3.5273438 -4.7070312
vt 5.3632812 -5.2460938
vt 5.3945312 -4.7304688
vt 6.40625 -3.3496094
vt 6.4023438 -3.6015625
vt 5.15625 -3.3183594
vt 5.1523438 -3.5703125
vt 5.2773438 -2.8300781
vt 5.2929688 -3.1230469
vt 4.8984375 -2.8320312
vt 4.9140625 -3.125
vt 4.921875 -4.0273438
vt 4.4921875 -4.015625
vt 4.984375 -2.9765625
vt 4.5546875 -2.9628906
vt 4.9609375 -2.5488281
vt 4.9648438 -2.84375
vt 4.5078125 -2.5410156
vt 4.5117188 -2.8339844
vt 4.4804688 -2.7304688
vt 4.4804688 -2.9941406
vt 3.6757812 -2.7402344
vt 3.6777344 -3.0039062
vt 6.2890625 -3.6191406
vt 6.2773438 -3.9121094
vt 5.1796875 -3.5703125
vt 5.171875 -3.8632812
vt 6.8085938 -3.8945312
vt 6.8125 -4.265625
vt 5.9140625 -3.8984375
vt 5.9179688 -4.2734375
vt 6.1835938 -2.8476562
vt 6.1835938 -3.140625
vt 5.6328125 -2.8378906
vt 5.6328125 -3.1328125
vt 6.7851562 -3.6132812
vt 6.7890625 -3.9082031
vt 6.078125 -3.6113281
vt 6.0820312 -3.90625
vt 6.1640625 -2.765625
vt 6.1484375 -3.4101562
vt 4.875 -2.7285156
vt 4.859375 -3.3730469
vt 3.3164062 -4.765625
vt 3.3476562 -4.2109375
vt 5.2109375 -4.8515625
vt 5.2109375 -4.2890625
vt 5.2734375 -4.0117188
vt 4.8945312 -4.0039062
vt 5.3359375 -2.9980469
vt 4.9609375 -2.9902344
vt 5.5859375 -2.6796875
vt 5.5820312 -3.2773438
vt 3.8925781 -2.6484375
vt 3.8867188 -3.2460938
vt 6.6796875 -3.9023438
vt 6.671875 -4.2734375
vt 6.0546875 -3.8945312
vt 6.0507812 -4.2695312
vt 7.0273438 -9.25
vt 6.234375 -9.265625
vt 7.0195312 -8.28125
vt 6.2304688 -8.296875
vt 6.8242188 -9.5078125
vt 6.3867188 -9.5078125
vt 6.8710938 -8.046875
vt 6.4296875 -8.0390625
vt 6.9960938 -10.1171875
vt 6.203125 -10.109375
vt 7.0546875 -7.4375
vt 6.2617188 -7.4335938
vt 6.8085938 -3.8945312
vt 6.8125 -4.265625
vt 5.9140625 -3.9003906
vt 5.9179688 -4.2773438
vt 6.1679688 -3.9140625
vt 6.1835938 -4.1992188
vt 4.3007812 -3.8320312
vt 4.3164062 -4.2578125
vt 6.15625 -3.5820312
vt 6.1875 -4.4179688
vt 4.296875 -3.6582031
vt 4.3242188 -4.4960938
vt 6.171875 -3.9101562
vt 6.1757812 -4.1953125
vt 4.3085938 -3.8828125
vt 4.3085938 -4.1679688
vt 6.9453125 -4.9101562
vt 6.921875 -5.234375
vt 6.484375 -4.8945312
vt 6.4648438 -5.2226562
vt 5.484375 -3.9023438
vt 5.4648438 -4.1875
vt 5.015625 -3.8886719
vt 5 -4.1757812
vt 7.0273438 -9.3984375
vt 6.234375 -9.4140625
vt 7.0195312 -8.140625
vt 6.2304688 -8.1484375
vt 5.484375 -3.9023438
vt 5.4648438 -4.1875
vt 5.015625 -3.8886719
vt 5 -4.1757812
vt 6.9453125 -4.9101562
vt 6.921875 -5.234375
vt 6.484375 -4.8945312
vt 6.4648438 -5.2226562
vt 6.9453125 -4.9101562
vt 6.921875 -5.234375
vt 6.484375 -4.8945312
vt 6.4648438 -5.2226562
vt 6.9453125 -4.9101562
vt 6.921875 -5.234375
vt 6.484375 -4.8945312
vt 6.4648438 -5.2226562
vt 6.9453125 -4.9101562
vt 6.921875 -5.234375
vt 6.484375 -4.8945312
vt 6.4648438 -5.2226562
vt 0.0026893616 0.9428711
vt 0.020477295 0.6533203
vt 0.0026893616 0.6533203
vt 0.021591187 0.9428711
vt 0.03250122 0.6533203
vt 0.011558533 0.6533203
vt 0.024627686 0.9428711
vt 0.029052734 0.6533203
vt 0.009025574 0.6533203
vt 0.040405273 0.9428711
vt 0.047180176 0.6533203
vt 0.026184082 0.6533203
vt 0.0016212463 0.9428711
vt 0.00982666 0.6533203
vt 0.0016212463 0.6533203
vt 0.010345459 0.9428711
vt 0.01537323 0.6533203
vt 0.005710602 0.6533203
vt 0.011741638 0.9428711
vt 0.0137786865 0.6533203
vt 0.0045433044 0.6533203
vt 0.019012451 0.9428711
vt 0.022155762 0.6533203
vt 0.012458801 0.6533203
vt 0.01537323 0.6533203
vt 0.010345459 0.9428711
vt 0.41674805 0.6533203
vt 0.41674805 0.9428711
vt 0.41674805 0.6533203
vt 0.010345459 0.9428711
vt 0.022155762 0.6533203
vt 0.019012451 0.9428711
vt 0.41674805 0.6533203
vt 0.41674805 0.9428711
vt 0.41674805 0.6533203
vt 0.019012451 0.9428711
vt 0.025527954 0.04699707
vt 0.022155762 0.6533203
vt 0.41674805 0.04699707
vt 0.41674805 0.6533203
vt 0.41674805 0.04699707
vt 0.022155762 0.6533203
vt 0.00982666 0.04699707
vt 0.00982666 0.6533203
vt 0.41674805 0.04699707
vt 0.41674805 0.6533203
vt 0.41674805 0.04699707
vt 0.00982666 0.6533203
vt 0.010345459 0.9428711
vt 0.01537323 0.6533203
vt 0.005710602 0.6533203
vt 0.011741638 0.9428711
vt 0.0137786865 0.6533203
vt 0.0045433044 0.6533203
vt 0.019012451 0.9428711
vt 0.022155762 0.6533203
vt 0.012458801 0.6533203
vt 0.0016212463 0.04699707
vt 0.0016212463 0.6533203
vt 0.00982666 0.04699707
vt 0.01537323 0.6533203
vt 0.010345459 0.9428711
vt 0.3720703 0.6533203
vt 0.3720703 0.9428711
vt 0.3720703 0.6533203
vt 0.010345459 0.9428711
vt 0.0016212463 0.9428711
vt 0.00982666 0.6533203
vt 0.0016212463 0.6533203
vt 0.010345459 0.9428711
vt 0.01537323 0.6533203
vt 0.005710602 0.6533203
vt 0.011741638 0.9428711
vt 0.0137786865 0.6533203
vt 0.0045433044 0.6533203
vt 0.019012451 0.9428711
vt 0.022155762 0.6533203
vt 0.012458801 0.6533203
vt 0.0016212463 0.9428711
vt 0.00982666 0.6533203
vt 0.0016212463 0.6533203
vt 0.010345459 0.9428711
vt 0.01537323 0.6533203
vt 0.005710602 0.6533203
vt 0.011741638 0.9428711
vt 0.0137786865 0.6533203
vt 0.0045433044 0.6533203
vt 0.019012451 0.9428711
vt 0.022155762 0.6533203
vt 0.012458801 0.6533203
vt 0.0016212463 0.9428711
vt 0.00982666 0.6533203
vt 0.0016212463 0.6533203
vt 0.010345459 0.9428711
vt 0.01537323 0.6533203
vt 0.005710602 0.6533203
vt 0.011741638 0.9428711
vt 0.0137786865 0.6533203
vt 0.0045433044 0.6533203
vt 0.019012451 0.9428711
vt 0.022155762 0.6533203
vt 0.012458801 0.6533203
vt 0.010345459 0.9428711
vt 0.01537323 0.6533203
vt 0.005710602 0.6533203
vt 0.011741638 0.9428711
vt 0.0137786865 0.6533203
vt 0.0045433044 0.6533203
vt 0.019012451 0.9428711
vt 0.022155762 0.6533203
vt 0.012458801 0.6533203
vt -0.010887146 0.02532959
vt 0.010284424 0.6425781
vt -0.0038852692 0.02532959
vt 0.01537323 0.6533203
vt 0.010345459 0.9428711
vt 0.3491211 0.8461914
vt 0.022155762 0.6533203
vt 0.019012451 0.9428711
vt 0.45874023 0.6533203
vt 0.4633789 0.9428711
vt 0.45874023 0.6533203
vt 0.019012451 0.9428711
vt 0.0137786865 0.6533203
vt 0.011741638 0.9428711
vt 0.37182617 0.6533203
vt 0.37841797 0.9428711
vt 0.37182617 0.6533203
vt 0.011741638 0.9428711
vt 0.3552246 0.86279297
vt 0.37036133 0.6269531
vt 0.010284424 0.6425781
vt 0.020462036 0.04699707
vt 0.01537323 0.6533203
vt 0.3720703 0.04699707
vt 0.3720703 0.6533203
vt 0.3720703 0.04699707
vt 0.36157227 0.6533203
vt 0.3671875 0.02532959
vt -0.0038852692 0.02532959
vt 0.37036133 0.6269531
vt 0.36157227 0.6533203
vt 0.3491211 0.8461914
vt 0.3720703 0.6533203
vt 0.3491211 0.8461914
vt 0.36157227 0.6533203
vt 0.01537323 0.6533203
vt 0.36157227 0.6533203
vt 0.3720703 0.04699707
vt 0.01537323 0.6533203
vt 0.37036133 0.6269531
vt -0.0038852692 0.02532959
vt 0.010284424 0.6425781
vt 0.0015363693 0.9741211
vt 0.012336731 0.58203125
vt 0.0015363693 0.58203125
vt 0.0015363693 0.9741211
vt 0.012336731 0.58203125
vt 0.0015363693 0.58203125
vt 0.005088806 0.9628906
vt 0.02609253 0.6386719
vt 0.005088806 0.6386719
vt 0.005088806 0.028640747
vt 0.005088806 0.6386719
vt 0.02609253 0.028640747
vt 0.02609253 0.6386719
vt 0.02609253 0.028640747
vt 0.005088806 0.6386719
vt 0.02609253 0.028640747
vt 0.02609253 0.6386719
vt 0.9868164 0.028640747
vt 0.9868164 0.6386719
vt 0.9868164 0.028640747
vt 0.02609253 0.6386719
vt 0.005088806 0.9628906
vt 0.02609253 0.6386719
vt 0.005088806 0.6386719
vt 0.0016212463 0.9428711
vt 0.00982666 0.6533203
vt 0.0016212463 0.6533203
vt 0.010345459 0.9428711
vt 0.01537323 0.6533203
vt 0.005710602 0.6533203
vt 0.011741638 0.9428711
vt 0.0137786865 0.6533203
vt 0.0045433044 0.6533203
vt 0.019012451 0.9428711
vt 0.022155762 0.6533203
vt 0.012458801 0.6533203
vt 0.0137786865 0.6533203
vt 0.011741638 0.9428711
vt 0.37182617 0.6533203
vt 0.37841797 0.9428711
vt 0.37182617 0.6533203
vt 0.011741638 0.9428711
vt 0.00982666 0.6533203
vt 0.0016212463 0.9428711
vt 0.4482422 0.6533203
vt 0.4555664 0.9428711
vt 0.4482422 0.6533203
vt 0.0016212463 0.9428711
vt 0.0016212463 0.9428711
vt 0.00982666 0.6533203
vt 0.0016212463 0.6533203
vt 0.010345459 0.9428711
vt 0.01537323 0.6533203
vt 0.005710602 0.6533203
vt 0.011741638 0.9428711
vt 0.0137786865 0.6533203
vt 0.0045433044 0.6533203
vt 0.019012451 0.9428711
vt 0.022155762 0.6533203
vt 0.012458801 0.6533203
vt 0.0016212463 0.9428711
vt 0.00982666 0.6533203
vt 0.0016212463 0.6533203
vt 0.010345459 0.9428711
vt 0.01537323 0.6533203
vt 0.005710602 0.6533203
vt 0.011741638 0.9428711
vt 0.0137786865 0.6533203
vt 0.0045433044 0.6533203
vt 0.019012451 0.9428711
vt 0.022155762 0.6533203
vt 0.012458801 0.6533203
vt 0.0016212463 0.9428711
vt 0.00982666 0.6533203
vt 0.0016212463 0.6533203
vt 0.010345459 0.9428711
vt 0.01537323 0.6533203
vt 0.005710602 0.6533203
vt 0.011741638 0.9428711
vt 0.0137786865 0.6533203
vt 0.0045433044 0.6533203
vt 0.019012451 0.9428711
vt 0.022155762 0.6533203
vt 0.012458801 0.6533203
vt 0.01537323 0.6533203
vt 0.010345459 0.9428711
vt 0.3720703 0.6533203
vt 0.3720703 0.9428711
vt 0.3720703 0.6533203
vt 0.010345459 0.9428711
vt 0.00982666 0.6533203
vt 0.0016212463 0.9428711
vt 0.4482422 0.6533203
vt 0.4555664 0.9428711
vt 0.4482422 0.6533203
vt 0.0016212463 0.9428711
vt 0.020462036 0.04699707
vt 0.01537323 0.6533203
vt 0.3720703 0.04699707
vt 0.3720703 0.6533203
vt 0.3720703 0.04699707
vt 0.01537323 0.6533203
vt 0.00982666 0.04699707
vt 0.00982666 0.6533203
vt 0.44433594 0.04699707
vt 0.4482422 0.6533203
vt 0.44433594 0.04699707
vt 0.00982666 0.6533203
vt 0.8613281 0.94970703
vt 0.8613281 0.5957031
vt 0.9008789 0.5957031
vt 0.9057617 0.94970703
vt 0.9033203 0.5957031
vt 0.9448242 0.5957031
vt 0.90625 0.94970703
vt 0.9033203 0.5957031
vt 0.9453125 0.5957031
vt 0.8613281 0.94970703
vt 0.8613281 0.5957031
vt 0.9008789 0.5957031
vt 0.34375 0.90722656
vt 0.35961914 0.5957031
vt 0.34375 0.5957031
vt 0.36157227 0.9248047
vt 0.37719727 0.5957031
vt 0.36083984 0.5957031
vt 0.3618164 0.9248047
vt 0.37719727 0.5957031
vt 0.36083984 0.5957031
vt 0.34375 0.90722656
vt 0.35961914 0.5957031
vt 0.34375 0.5957031
vt 0.0016212463 0.9428711
vt 0.00982666 0.6533203
vt 0.0016212463 0.6533203
vt 0.010345459 0.9428711
vt 0.01537323 0.6533203
vt 0.005710602 0.6533203
vt 0.011741638 0.9428711
vt 0.0137786865 0.6533203
vt 0.0045433044 0.6533203
vt 0.019012451 0.9428711
vt 0.022155762 0.6533203
vt 0.012458801 0.6533203
vt 0.0016212463 0.9428711
vt 0.00982666 0.6533203
vt 0.0016212463 0.6533203
vt 0.010345459 0.9428711
vt 0.01537323 0.6533203
vt 0.005710602 0.6533203
vt 0.011741638 0.9428711
vt 0.0137786865 0.6533203
vt 0.0045433044 0.6533203
vt 0.019012451 0.9428711
vt 0.022155762 0.6533203
vt 0.012458801 0.6533203
vt 0.0137786865 0.6533203
vt 0.011741638 0.9428711
vt 0.37182617 0.6533203
vt 0.37841797 0.9428711
vt 0.37182617 0.6533203
vt 0.011741638 0.9428711
vt 0.00982666 0.6533203
vt 0.0016212463 0.9428711
vt 0.4482422 0.6533203
vt 0.4555664 0.9428711
vt 0.4482422 0.6533203
vt 0.0016212463 0.9428711
vt 0.3623047 0.90722656
vt 0.3623047 0.5957031
vt 0.3623047 0.5957031
vt 0.3623047 0.9248047
vt 0.3623047 0.5957031
vt 0.3623047 0.5957031
vt 0.3623047 0.9248047
vt 0.3623047 0.5957031
vt 0.3623047 0.5957031
vt 0.3623047 0.90722656
vt 0.3623047 0.5957031
vt 0.3623047 0.5957031
vt 0.3623047 0.90722656
vt 0.3623047 0.5957031
vt 0.3623047 0.5957031
vt 0.3623047 0.9248047
vt 0.3623047 0.5957031
vt 0.3623047 0.5957031
vt 0.3623047 0.9248047
vt 0.3623047 0.5957031
vt 0.3623047 0.5957031
vt 0.3623047 0.90722656
vt 0.3623047 0.5957031
vt 0.3623047 0.5957031
vt 0.3623047 0.90722656
vt 0.3623047 0.5957031
vt 0.3623047 0.5957031
vt 0.3623047 0.9248047
vt 0.3623047 0.5957031
vt 0.3623047 0.5957031
vt 0.3623047 0.9248047
vt 0.3623047 0.5957031
vt 0.3623047 0.5957031
vt 0.3623047 0.90722656
vt 0.3623047 0.5957031
vt 0.3623047 0.5957031
vt 0.0016212463 0.9428711
vt 0.00982666 0.6533203
vt 0.0016212463 0.6533203
vt 0.010345459 0.9428711
vt 0.01537323 0.6533203
vt 0.005710602 0.6533203
vt 0.011741638 0.9428711
vt 0.0137786865 0.6533203
vt 0.0045433044 0.6533203
vt 0.019012451 0.9428711
vt 0.022155762 0.6533203
vt 0.012458801 0.6533203
vt 0.0137786865 0.6533203
vt 0.011741638 0.9428711
vt 0.37182617 0.6533203
vt 0.37841797 0.9428711
vt 0.37182617 0.6533203
vt 0.011741638 0.9428711
vt 0.00982666 0.6533203
vt 0.0016212463 0.9428711
vt 0.4482422 0.6533203
vt 0.4555664 0.9428711
vt 0.4482422 0.6533203
vt 0.0016212463 0.9428711
vt 0.0026893616 0.9428711
vt 0.020477295 0.6533203
vt 0.0026893616 0.6533203
vt 0.021591187 0.9428711
vt 0.03250122 0.6533203
vt 0.011558533 0.6533203
vt 0.024627686 0.9428711
vt 0.029052734 0.6533203
vt 0.009025574 0.6533203
vt 0.040405273 0.9428711
vt 0.047180176 0.6533203
vt 0.026184082 0.6533203
vt 0.047180176 0.6533203
vt 0.040405273 0.9428711
vt 0.99365234 0.6533203
vt 1.0039062 0.9428711
vt 0.99365234 0.6533203
vt 0.040405273 0.9428711
vt 0.0026893616 0.9428711
vt 0.020477295 0.6533203
vt 0.0026893616 0.6533203
vt 0.021591187 0.9428711
vt 0.03250122 0.6533203
vt 0.011558533 0.6533203
vt 0.024627686 0.9428711
vt 0.029052734 0.6533203
vt 0.009025574 0.6533203
vt 0.040405273 0.9428711
vt 0.047180176 0.6533203
vt 0.026184082 0.6533203
vt 0.0026893616 0.9428711
vt 0.020477295 0.6533203
vt 0.0026893616 0.6533203
vt 0.021591187 0.9428711
vt 0.03250122 0.6533203
vt 0.011558533 0.6533203
vt 0.024627686 0.9428711
vt 0.029052734 0.6533203
vt 0.009025574 0.6533203
vt 0.040405273 0.9428711
vt 0.047180176 0.6533203
vt 0.026184082 0.6533203
vt 0.0016212463 0.9428711
vt 0.00982666 0.6533203
vt 0.0016212463 0.6533203
vt 0.010345459 0.9428711
vt 0.01537323 0.6533203
vt 0.005710602 0.6533203
vt 0.011741638 0.9428711
vt 0.0137786865 0.6533203
vt 0.0045433044 0.6533203
vt 0.019012451 0.9428711
vt 0.022155762 0.6533203
vt 0.012458801 0.6533203
vt 0.0137786865 0.6533203
vt 0.011741638 0.9428711
vt 0.37182617 0.6533203
vt 0.37841797 0.9428711
vt 0.37182617 0.6533203
vt 0.011741638 0.9428711
vt 0.00982666 0.6533203
vt 0.0016212463 0.9428711
vt 0.4482422 0.6533203
vt 0.4555664 0.9428711
vt 0.4482422 0.6533203
vt 0.0016212463 0.9428711
vt 0.0026893616 0.9428711
vt 0.020477295 0.6533203
vt 0.0026893616 0.6533203
vt 0.021591187 0.9428711
vt 0.03250122 0.6533203
vt 0.011558533 0.6533203
vt 0.024627686 0.9428711
vt 0.029052734 0.6533203
vt 0.009025574 0.6533203
vt 0.040405273 0.9428711
vt 0.047180176 0.6533203
vt 0.026184082 0.6533203
vt 0.3623047 0.90722656
vt 0.3623047 0.5957031
vt 0.3623047 0.5957031
vt 0.3623047 0.9248047
vt 0.3623047 0.5957031
vt 0.3623047 0.5957031
vt 0.3623047 0.9248047
vt 0.3623047 0.5957031
vt 0.3623047 0.5957031
vt 0.3623047 0.90722656
vt 0.3623047 0.5957031
vt 0.3623047 0.5957031
vt 0.0026893616 0.9428711
vt 0.020477295 0.6533203
vt 0.0026893616 0.6533203
vt 0.021591187 0.9428711
vt 0.03250122 0.6533203
vt 0.011558533 0.6533203
vt 0.024627686 0.9428711
vt 0.029052734 0.6533203
vt 0.009025574 0.6533203
vt 0.040405273 0.9428711
vt 0.047180176 0.6533203
vt 0.026184082 0.6533203
vt 0.0016212463 0.9428711
vt 0.00982666 0.6533203
vt 0.0016212463 0.6533203
vt 0.010345459 0.9428711
vt 0.01537323 0.6533203
vt 0.005710602 0.6533203
vt 0.011741638 0.9428711
vt 0.0137786865 0.6533203
vt 0.0045433044 0.6533203
vt 0.019012451 0.9428711
vt 0.022155762 0.6533203
vt 0.012458801 0.6533203
vt 0.0137786865 0.6533203
vt 0.011741638 0.9428711
vt 0.37182617 0.6533203
vt 0.37841797 0.9428711
vt 0.37182617 0.6533203
vt 0.011741638 0.9428711
vt 0.00982666 0.6533203
vt 0.0016212463 0.9428711
vt 0.4482422 0.6533203
vt 0.4555664 0.9428711
vt 0.4482422 0.6533203
vt 0.0016212463 0.9428711
vt 0.0016212463 0.9428711
vt 0.00982666 0.6533203
vt 0.0016212463 0.6533203
vt 0.010345459 0.9428711
vt 0.01537323 0.6533203
vt 0.005710602 0.6533203
vt 0.011741638 0.9428711
vt 0.0137786865 0.6533203
vt 0.0045433044 0.6533203
vt 0.019012451 0.9428711
vt 0.022155762 0.6533203
vt 0.012458801 0.6533203
vt 0.0137786865 0.6533203
vt 0.011741638 0.9428711
vt 0.37182617 0.6533203
vt 0.37841797 0.9428711
vt 0.37182617 0.6533203
vt 0.011741638 0.9428711
vt 0.00982666 0.6533203
vt 0.0016212463 0.9428711
vt 0.4482422 0.6533203
vt 0.4555664 0.9428711
vt 0.4482422 0.6533203
vt 0.0016212463 0.9428711
vt 0.0016212463 0.9428711
vt 0.00982666 0.6533203
vt 0.0016212463 0.6533203
vt 0.010345459 0.9428711
vt 0.01537323 0.6533203
vt 0.005710602 0.6533203
vt 0.011741638 0.9428711
vt 0.0137786865 0.6533203
vt 0.0045433044 0.6533203
vt 0.019012451 0.9428711
vt 0.022155762 0.6533203
vt 0.012458801 0.6533203
vt 0.0137786865 0.6533203
vt 0.011741638 0.9428711
vt 0.37182617 0.6533203
vt 0.37841797 0.9428711
vt 0.37182617 0.6533203
vt 0.011741638 0.9428711
vt 0.00982666 0.6533203
vt 0.0016212463 0.9428711
vt 0.4482422 0.6533203
vt 0.4555664 0.9428711
vt 0.4482422 0.6533203
vt 0.0016212463 0.9428711
vt 0.0016212463 0.9428711
vt 0.00982666 0.6533203
vt 0.0016212463 0.6533203
vt 0.010345459 0.9428711
vt 0.01537323 0.6533203
vt 0.005710602 0.6533203
vt 0.011741638 0.9428711
vt 0.0137786865 0.6533203
vt 0.0045433044 0.6533203
vt 0.019012451 0.9428711
vt 0.022155762 0.6533203
vt 0.012458801 0.6533203
vt 0.01537323 0.6533203
vt 0.010345459 0.9428711
vt 0.3720703 0.6533203
vt 0.3720703 0.9428711
vt 0.3720703 0.6533203
vt 0.010345459 0.9428711
vt 0.0137786865 0.6533203
vt 0.011741638 0.9428711
vt 0.37182617 0.6533203
vt 0.37841797 0.9428711
vt 0.37182617 0.6533203
vt 0.011741638 0.9428711
vt 0.00982666 0.6533203
vt 0.0016212463 0.9428711
vt 0.4482422 0.6533203
vt 0.4555664 0.9428711
vt 0.4482422 0.6533203
vt 0.0016212463 0.9428711
vt 0.0026893616 0.04699707
vt 0.0026893616 0.6533203
vt 0.020477295 0.04699707
vt 0.020477295 0.6533203
vt 0.010574341 0.04699707
vt 0.011558533 0.6533203
vt 0.043518066 0.04699707
vt 0.03250122 0.6533203
vt 0.00070619583 0.04699707
vt 0.009025574 0.6533203
vt 0.033935547 0.04699707
vt 0.029052734 0.6533203
vt 0.022140503 0.04699707
vt 0.026184082 0.6533203
vt 0.054534912 0.04699707
vt 0.047180176 0.6533203
vt 0.03250122 0.6533203
vt 0.021591187 0.9428711
vt 0.80566406 0.6533203
vt 0.80566406 0.9428711
vt 0.047180176 0.6533203
vt 0.040405273 0.9428711
vt 0.99365234 0.6533203
vt 1.0039062 0.9428711
vt 0.029052734 0.6533203
vt 0.024627686 0.9428711
vt 0.8051758 0.6533203
vt 0.81933594 0.9428711
vt 0.020477295 0.6533203
vt 0.0026893616 0.9428711
vt 0.9707031 0.6533203
vt 0.9863281 0.9428711
vt 0.043518066 0.04699707
vt 0.03250122 0.6533203
vt 0.80566406 0.04699707
vt 0.80566406 0.6533203
vt 0.054534912 0.04699707
vt 0.047180176 0.6533203
vt 0.9926758 0.04699707
vt 0.99365234 0.6533203
vt 0.033935547 0.04699707
vt 0.029052734 0.6533203
vt 0.80126953 0.04699707
vt 0.8051758 0.6533203
vt 0.020477295 0.04699707
vt 0.020477295 0.6533203
vt 0.96240234 0.04699707
vt 0.9707031 0.6533203
vt 0.0016212463 0.04699707
vt 0.0016212463 0.6533203
vt 0.00982666 0.04699707
vt 0.00982666 0.6533203
vt 0.005256653 0.04699707
vt 0.005710602 0.6533203
vt 0.020462036 0.04699707
vt 0.01537323 0.6533203
vt 0.00070619583 0.04699707
vt 0.0045433044 0.6533203
vt 0.016036987 0.04699707
vt 0.0137786865 0.6533203
vt 0.010597229 0.04699707
vt 0.012458801 0.6533203
vt 0.025527954 0.04699707
vt 0.022155762 0.6533203
vt 0.0137786865 0.6533203
vt 0.011741638 0.9428711
vt 0.41674805 0.6533203
vt 0.41674805 0.9428711
vt 0.00982666 0.6533203
vt 0.0016212463 0.9428711
vt 0.41674805 0.6533203
vt 0.41674805 0.9428711
vt 0.020462036 0.04699707
vt 0.01537323 0.6533203
vt 0.41674805 0.04699707
vt 0.41674805 0.6533203
vt 0.016036987 0.04699707
vt 0.0137786865 0.6533203
vt 0.41674805 0.04699707
vt 0.41674805 0.6533203
vt 0.0016212463 0.9428711
vt 0.00982666 0.6533203
vt 0.0016212463 0.6533203
vt 0.4482422 0.6533203
vt 0.4555664 0.9428711
vt 0.00982666 0.6533203
vt 0.00982666 0.04699707
vt 0.0016212463 0.6533203
vt 0.44433594 0.04699707
vt 0.4482422 0.6533203
vt 0.005256653 0.04699707
vt 0.005710602 0.6533203
vt 0.020462036 0.04699707
vt 0.01537323 0.6533203
vt 0.00070619583 0.04699707
vt 0.0045433044 0.6533203
vt 0.016036987 0.04699707
vt 0.0137786865 0.6533203
vt 0.010597229 0.04699707
vt 0.012458801 0.6533203
vt 0.025527954 0.04699707
vt 0.022155762 0.6533203
vt 0.022155762 0.6533203
vt 0.019012451 0.9428711
vt 0.45874023 0.6533203
vt 0.4633789 0.9428711
vt 0.0137786865 0.6533203
vt 0.011741638 0.9428711
vt 0.37182617 0.6533203
vt 0.37841797 0.9428711
vt 0.020462036 0.04699707
vt 0.01537323 0.6533203
vt 0.3720703 0.04699707
vt 0.3720703 0.6533203
vt 0.025527954 0.04699707
vt 0.022155762 0.6533203
vt 0.45825195 0.04699707
vt 0.45874023 0.6533203
vt 0.016036987 0.04699707
vt 0.0137786865 0.6533203
vt 0.36987305 0.04699707
vt 0.37182617 0.6533203
vt 0.0016212463 0.04699707
vt 0.0016212463 0.6533203
vt 0.00982666 0.04699707
vt 0.00982666 0.6533203
vt 0.005256653 0.04699707
vt 0.005710602 0.6533203
vt 0.020462036 0.04699707
vt 0.01537323 0.6533203
vt 0.00070619583 0.04699707
vt 0.0045433044 0.6533203
vt 0.016036987 0.04699707
vt 0.0137786865 0.6533203
vt 0.010597229 0.04699707
vt 0.012458801 0.6533203
vt 0.025527954 0.04699707
vt 0.022155762 0.6533203
vt 0.01537323 0.6533203
vt 0.010345459 0.9428711
vt 0.3720703 0.6533203
vt 0.3720703 0.9428711
vt 0.022155762 0.6533203
vt 0.019012451 0.9428711
vt 0.45874023 0.6533203
vt 0.4633789 0.9428711
vt 0.0137786865 0.6533203
vt 0.011741638 0.9428711
vt 0.37182617 0.6533203
vt 0.37841797 0.9428711
vt 0.00982666 0.6533203
vt 0.0016212463 0.9428711
vt 0.4482422 0.6533203
vt 0.4555664 0.9428711
vt 0.020462036 0.04699707
vt 0.01537323 0.6533203
vt 0.3720703 0.04699707
vt 0.3720703 0.6533203
vt 0.025527954 0.04699707
vt 0.022155762 0.6533203
vt 0.45825195 0.04699707
vt 0.45874023 0.6533203
vt 0.016036987 0.04699707
vt 0.0137786865 0.6533203
vt 0.36987305 0.04699707
vt 0.37182617 0.6533203
vt 0.00982666 0.04699707
vt 0.00982666 0.6533203
vt 0.44433594 0.04699707
vt 0.4482422 0.6533203
vt 0.0016212463 0.04699707
vt 0.0016212463 0.6533203
vt 0.00982666 0.04699707
vt 0.00982666 0.6533203
vt 0.005256653 0.04699707
vt 0.005710602 0.6533203
vt 0.020462036 0.04699707
vt 0.01537323 0.6533203
vt 0.00070619583 0.04699707
vt 0.0045433044 0.6533203
vt 0.016036987 0.04699707
vt 0.0137786865 0.6533203
vt 0.010597229 0.04699707
vt 0.012458801 0.6533203
vt 0.025527954 0.04699707
vt 0.022155762 0.6533203
vt 0.01537323 0.6533203
vt 0.010345459 0.9428711
vt 0.3720703 0.6533203
vt 0.3720703 0.9428711
vt 0.022155762 0.6533203
vt 0.019012451 0.9428711
vt 0.45874023 0.6533203
vt 0.4633789 0.9428711
vt 0.0137786865 0.6533203
vt 0.011741638 0.9428711
vt 0.37182617 0.6533203
vt 0.37841797 0.9428711
vt 0.00982666 0.6533203
vt 0.0016212463 0.9428711
vt 0.4482422 0.6533203
vt 0.4555664 0.9428711
vt 0.020462036 0.04699707
vt 0.01537323 0.6533203
vt 0.3720703 0.04699707
vt 0.3720703 0.6533203
vt 0.025527954 0.04699707
vt 0.022155762 0.6533203
vt 0.45825195 0.04699707
vt 0.45874023 0.6533203
vt 0.016036987 0.04699707
vt 0.0137786865 0.6533203
vt 0.36987305 0.04699707
vt 0.37182617 0.6533203
vt 0.00982666 0.04699707
vt 0.00982666 0.6533203
vt 0.44433594 0.04699707
vt 0.4482422 0.6533203
vt 0.0016212463 0.04699707
vt 0.0016212463 0.6533203
vt 0.00982666 0.04699707
vt 0.00982666 0.6533203
vt 0.005256653 0.04699707
vt 0.005710602 0.6533203
vt 0.020462036 0.04699707
vt 0.01537323 0.6533203
vt 0.00070619583 0.04699707
vt 0.0045433044 0.6533203
vt 0.016036987 0.04699707
vt 0.0137786865 0.6533203
vt 0.010597229 0.04699707
vt 0.012458801 0.6533203
vt 0.025527954 0.04699707
vt 0.022155762 0.6533203
vt 0.01537323 0.6533203
vt 0.010345459 0.9428711
vt 0.3720703 0.6533203
vt 0.3720703 0.9428711
vt 0.022155762 0.6533203
vt 0.019012451 0.9428711
vt 0.45874023 0.6533203
vt 0.4633789 0.9428711
vt 0.0137786865 0.6533203
vt 0.011741638 0.9428711
vt 0.37182617 0.6533203
vt 0.37841797 0.9428711
vt 0.00982666 0.6533203
vt 0.0016212463 0.9428711
vt 0.4482422 0.6533203
vt 0.4555664 0.9428711
vt 0.020462036 0.04699707
vt 0.01537323 0.6533203
vt 0.3720703 0.04699707
vt 0.3720703 0.6533203
vt 0.025527954 0.04699707
vt 0.022155762 0.6533203
vt 0.45825195 0.04699707
vt 0.45874023 0.6533203
vt 0.016036987 0.04699707
vt 0.0137786865 0.6533203
vt 0.36987305 0.04699707
vt 0.37182617 0.6533203
vt 0.00982666 0.04699707
vt 0.00982666 0.6533203
vt 0.44433594 0.04699707
vt 0.4482422 0.6533203
vt 0.005256653 0.04699707
vt 0.005710602 0.6533203
vt 0.020462036 0.04699707
vt 0.01537323 0.6533203
vt 0.00070619583 0.04699707
vt 0.0045433044 0.6533203
vt 0.016036987 0.04699707
vt 0.0137786865 0.6533203
vt 0.010597229 0.04699707
vt 0.012458801 0.6533203
vt 0.025527954 0.04699707
vt 0.022155762 0.6533203
vt 0.025527954 0.04699707
vt 0.022155762 0.6533203
vt 0.45825195 0.04699707
vt 0.45874023 0.6533203
vt 0.016036987 0.04699707
vt 0.0137786865 0.6533203
vt 0.36987305 0.04699707
vt 0.37182617 0.6533203
vt 0.0015363693 0.031234741
vt 0.0015363693 0.58203125
vt 0.012336731 0.031234741
vt 0.012336731 0.58203125
vt 0.0015363693 0.031234741
vt 0.0015363693 0.58203125
vt 0.012336731 0.031234741
vt 0.012336731 0.58203125
vt 0.005088806 0.028640747
vt 0.005088806 0.6386719
vt 0.02609253 0.028640747
vt 0.02609253 0.6386719
vt 0.012336731 0.58203125
vt 0.0015363693 0.9741211
vt 0.3623047 0.58203125
vt 0.3623047 0.9741211
vt 0.02609253 0.6386719
vt 0.005088806 0.9628906
vt 0.9868164 0.6386719
vt 0.9868164 0.9628906
vt 0.012336731 0.58203125
vt 0.0015363693 0.9741211
vt 0.3623047 0.58203125
vt 0.3623047 0.9741211
vt 0.012336731 0.031234741
vt 0.012336731 0.58203125
vt 0.3623047 0.031234741
vt 0.3623047 0.58203125
vt 0.02609253 0.028640747
vt 0.02609253 0.6386719
vt 0.9868164 0.028640747
vt 0.9868164 0.6386719
vt 0.012336731 0.031234741
vt 0.012336731 0.58203125
vt 0.3623047 0.031234741
vt 0.3623047 0.58203125
vt 0.9868164 0.9628906
vt 0.9868164 0.6386719
vt 0.02609253 0.6386719
vt 0.005088806 0.9628906
vt 0.0016212463 0.04699707
vt 0.0016212463 0.6533203
vt 0.00982666 0.04699707
vt 0.00982666 0.6533203
vt 0.005256653 0.04699707
vt 0.005710602 0.6533203
vt 0.020462036 0.04699707
vt 0.01537323 0.6533203
vt 0.00070619583 0.04699707
vt 0.0045433044 0.6533203
vt 0.016036987 0.04699707
vt 0.0137786865 0.6533203
vt 0.010597229 0.04699707
vt 0.012458801 0.6533203
vt 0.025527954 0.04699707
vt 0.022155762 0.6533203
vt 0.01537323 0.6533203
vt 0.010345459 0.9428711
vt 0.3720703 0.6533203
vt 0.3720703 0.9428711
vt 0.022155762 0.6533203
vt 0.019012451 0.9428711
vt 0.45874023 0.6533203
vt 0.4633789 0.9428711
vt 0.020462036 0.04699707
vt 0.01537323 0.6533203
vt 0.3720703 0.04699707
vt 0.3720703 0.6533203
vt 0.025527954 0.04699707
vt 0.022155762 0.6533203
vt 0.45825195 0.04699707
vt 0.45874023 0.6533203
vt 0.016036987 0.04699707
vt 0.0137786865 0.6533203
vt 0.36987305 0.04699707
vt 0.37182617 0.6533203
vt 0.00982666 0.04699707
vt 0.00982666 0.6533203
vt 0.44433594 0.04699707
vt 0.4482422 0.6533203
vt 0.0016212463 0.04699707
vt 0.0016212463 0.6533203
vt 0.00982666 0.04699707
vt 0.00982666 0.6533203
vt 0.005256653 0.04699707
vt 0.005710602 0.6533203
vt 0.020462036 0.04699707
vt 0.01537323 0.6533203
vt 0.00070619583 0.04699707
vt 0.0045433044 0.6533203
vt 0.016036987 0.04699707
vt 0.0137786865 0.6533203
vt 0.010597229 0.04699707
vt 0.012458801 0.6533203
vt 0.025527954 0.04699707
vt 0.022155762 0.6533203
vt 0.01537323 0.6533203
vt 0.010345459 0.9428711
vt 0.3720703 0.6533203
vt 0.3720703 0.9428711
vt 0.022155762 0.6533203
vt 0.019012451 0.9428711
vt 0.45874023 0.6533203
vt 0.4633789 0.9428711
vt 0.0137786865 0.6533203
vt 0.011741638 0.9428711
vt 0.37182617 0.6533203
vt 0.37841797 0.9428711
vt 0.00982666 0.6533203
vt 0.0016212463 0.9428711
vt 0.4482422 0.6533203
vt 0.4555664 0.9428711
vt 0.020462036 0.04699707
vt 0.01537323 0.6533203
vt 0.3720703 0.04699707
vt 0.3720703 0.6533203
vt 0.025527954 0.04699707
vt 0.022155762 0.6533203
vt 0.45825195 0.04699707
vt 0.45874023 0.6533203
vt 0.016036987 0.04699707
vt 0.0137786865 0.6533203
vt 0.36987305 0.04699707
vt 0.37182617 0.6533203
vt 0.00982666 0.04699707
vt 0.00982666 0.6533203
vt 0.44433594 0.04699707
vt 0.4482422 0.6533203
vt 0.0016212463 0.04699707
vt 0.0016212463 0.6533203
vt 0.00982666 0.04699707
vt 0.00982666 0.6533203
vt 0.005256653 0.04699707
vt 0.005710602 0.6533203
vt 0.020462036 0.04699707
vt 0.01537323 0.6533203
vt 0.00070619583 0.04699707
vt 0.0045433044 0.6533203
vt 0.016036987 0.04699707
vt 0.0137786865 0.6533203
vt 0.010597229 0.04699707
vt 0.012458801 0.6533203
vt 0.025527954 0.04699707
vt 0.022155762 0.6533203
vt 0.01537323 0.6533203
vt 0.010345459 0.9428711
vt 0.3720703 0.6533203
vt 0.3720703 0.9428711
vt 0.022155762 0.6533203
vt 0.019012451 0.9428711
vt 0.45874023 0.6533203
vt 0.4633789 0.9428711
vt 0.0137786865 0.6533203
vt 0.011741638 0.9428711
vt 0.37182617 0.6533203
vt 0.37841797 0.9428711
vt 0.00982666 0.6533203
vt 0.0016212463 0.9428711
vt 0.4482422 0.6533203
vt 0.4555664 0.9428711
vt 0.020462036 0.04699707
vt 0.01537323 0.6533203
vt 0.3720703 0.04699707
vt 0.3720703 0.6533203
vt 0.025527954 0.04699707
vt 0.022155762 0.6533203
vt 0.45825195 0.04699707
vt 0.45874023 0.6533203
vt 0.016036987 0.04699707
vt 0.0137786865 0.6533203
vt 0.36987305 0.04699707
vt 0.37182617 0.6533203
vt 0.00982666 0.04699707
vt 0.00982666 0.6533203
vt 0.44433594 0.04699707
vt 0.4482422 0.6533203
vt 0.0016212463 0.04699707
vt 0.0016212463 0.6533203
vt 0.00982666 0.04699707
vt 0.00982666 0.6533203
vt 0.005256653 0.04699707
vt 0.005710602 0.6533203
vt 0.020462036 0.04699707
vt 0.01537323 0.6533203
vt 0.00070619583 0.04699707
vt 0.0045433044 0.6533203
vt 0.016036987 0.04699707
vt 0.0137786865 0.6533203
vt 0.010597229 0.04699707
vt 0.012458801 0.6533203
vt 0.025527954 0.04699707
vt 0.022155762 0.6533203
vt 0.022155762 0.6533203
vt 0.019012451 0.9428711
vt 0.45874023 0.6533203
vt 0.4633789 0.9428711
vt 0.0137786865 0.6533203
vt 0.011741638 0.9428711
vt 0.37182617 0.6533203
vt 0.37841797 0.9428711
vt 0.025527954 0.04699707
vt 0.022155762 0.6533203
vt 0.45825195 0.04699707
vt 0.45874023 0.6533203
vt 0.016036987 0.04699707
vt 0.0137786865 0.6533203
vt 0.36987305 0.04699707
vt 0.37182617 0.6533203
vt 0.9033203 0.5957031
vt 0.9057617 0.94970703
vt 0.0031967163 0.5957031
vt 0.0031967163 0.94970703
vt 0.8613281 0.5957031
vt 0.8613281 0.94970703
vt 0.0032596588 0.5957031
vt 0.0032596588 0.94970703
vt 0.9033203 0.5957031
vt 0.90625 0.94970703
vt 0.0031967163 0.5957031
vt 0.0031967163 0.94970703
vt 0.8613281 0.5957031
vt 0.8613281 0.94970703
vt 0.0032596588 0.5957031
vt 0.0032596588 0.94970703
vt 0.9453125 0.13098145
vt 0.9008789 0.5957031
vt 0.85791016 0.13098145
vt 0.8613281 0.5957031
vt 0.98876953 0.13098145
vt 0.9448242 0.5957031
vt 0.9013672 0.13098145
vt 0.9033203 0.5957031
vt 0.9013672 0.13098145
vt 0.9033203 0.5957031
vt -5.1796436E-05 0.13098145
vt 0.0031967163 0.5957031
vt 0.85791016 0.13098145
vt 0.8613281 0.5957031
vt 1.1622906E-05 0.13098145
vt 0.0032596588 0.5957031
vt 0.85791016 0.13098145
vt 0.8613281 0.5957031
vt 1.1622906E-05 0.13098145
vt 0.0032596588 0.5957031
vt 0.98828125 0.13098145
vt 0.9453125 0.5957031
vt 0.9008789 0.13098145
vt 0.9033203 0.5957031
vt 0.9453125 0.13098145
vt 0.9008789 0.5957031
vt 0.85791016 0.13098145
vt 0.8613281 0.5957031
vt 0.9008789 0.13098145
vt 0.9033203 0.5957031
vt -5.1796436E-05 0.13098145
vt 0.0031967163 0.5957031
vt 0.36083984 0.5957031
vt 0.0016994476 0.5957031
vt 0.36157227 0.9248047
vt 0.0016994476 0.9248047
vt 0.34375 0.5957031
vt 0.0017242432 0.5957031
vt 0.34375 0.90722656
vt 0.0017242432 0.90722656
vt 0.36083984 0.5957031
vt 0.0016994476 0.5957031
vt 0.3618164 0.9248047
vt 0.0016994476 0.9248047
vt 0.34375 0.5957031
vt 0.0017242432 0.5957031
vt 0.34375 0.90722656
vt 0.0017242432 0.90722656
vt 0.3786621 0.024841309
vt 0.34375 0.024841309
vt 0.35961914 0.5957031
vt 0.34375 0.5957031
vt 0.3959961 0.024841309
vt 0.36108398 0.024841309
vt 0.37719727 0.5957031
vt 0.36083984 0.5957031
vt 0.36108398 0.024841309
vt 0.0016994476 0.024841309
vt 0.36083984 0.5957031
vt 0.0016994476 0.5957031
vt 0.34375 0.024841309
vt 0.0017242432 0.024841309
vt 0.34375 0.5957031
vt 0.0017242432 0.5957031
vt 0.34375 0.024841309
vt 0.0017242432 0.024841309
vt 0.34375 0.5957031
vt 0.0017242432 0.5957031
vt 0.3959961 0.024841309
vt 0.36108398 0.024841309
vt 0.37719727 0.5957031
vt 0.36083984 0.5957031
vt 0.3786621 0.024841309
vt 0.34375 0.024841309
vt 0.35961914 0.5957031
vt 0.34375 0.5957031
vt 0.36108398 0.024841309
vt 0.0016994476 0.024841309
vt 0.36083984 0.5957031
vt 0.0016994476 0.5957031
vt 0.0016212463 0.04699707
vt 0.0016212463 0.6533203
vt 0.00982666 0.04699707
vt 0.00982666 0.6533203
vt 0.005256653 0.04699707
vt 0.005710602 0.6533203
vt 0.020462036 0.04699707
vt 0.01537323 0.6533203
vt 0.00070619583 0.04699707
vt 0.0045433044 0.6533203
vt 0.016036987 0.04699707
vt 0.0137786865 0.6533203
vt 0.010597229 0.04699707
vt 0.012458801 0.6533203
vt 0.025527954 0.04699707
vt 0.022155762 0.6533203
vt 0.01537323 0.6533203
vt 0.010345459 0.9428711
vt 0.3720703 0.6533203
vt 0.3720703 0.9428711
vt 0.022155762 0.6533203
vt 0.019012451 0.9428711
vt 0.45874023 0.6533203
vt 0.4633789 0.9428711
vt 0.0137786865 0.6533203
vt 0.011741638 0.9428711
vt 0.37182617 0.6533203
vt 0.37841797 0.9428711
vt 0.00982666 0.6533203
vt 0.0016212463 0.9428711
vt 0.4482422 0.6533203
vt 0.4555664 0.9428711
vt 0.020462036 0.04699707
vt 0.01537323 0.6533203
vt 0.3720703 0.04699707
vt 0.3720703 0.6533203
vt 0.025527954 0.04699707
vt 0.022155762 0.6533203
vt 0.45825195 0.04699707
vt 0.45874023 0.6533203
vt 0.016036987 0.04699707
vt 0.0137786865 0.6533203
vt 0.36987305 0.04699707
vt 0.37182617 0.6533203
vt 0.00982666 0.04699707
vt 0.00982666 0.6533203
vt 0.44433594 0.04699707
vt 0.4482422 0.6533203
vt 0.0016212463 0.04699707
vt 0.0016212463 0.6533203
vt 0.00982666 0.04699707
vt 0.00982666 0.6533203
vt 0.005256653 0.04699707
vt 0.005710602 0.6533203
vt 0.020462036 0.04699707
vt 0.01537323 0.6533203
vt 0.00070619583 0.04699707
vt 0.0045433044 0.6533203
vt 0.016036987 0.04699707
vt 0.0137786865 0.6533203
vt 0.010597229 0.04699707
vt 0.012458801 0.6533203
vt 0.025527954 0.04699707
vt 0.022155762 0.6533203
vt 0.01537323 0.6533203
vt 0.010345459 0.9428711
vt 0.3720703 0.6533203
vt 0.3720703 0.9428711
vt 0.022155762 0.6533203
vt 0.019012451 0.9428711
vt 0.45874023 0.6533203
vt 0.4633789 0.9428711
vt 0.020462036 0.04699707
vt 0.01537323 0.6533203
vt 0.3720703 0.04699707
vt 0.3720703 0.6533203
vt 0.025527954 0.04699707
vt 0.022155762 0.6533203
vt 0.45825195 0.04699707
vt 0.45874023 0.6533203
vt 0.016036987 0.04699707
vt 0.0137786865 0.6533203
vt 0.36987305 0.04699707
vt 0.37182617 0.6533203
vt 0.00982666 0.04699707
vt 0.00982666 0.6533203
vt 0.44433594 0.04699707
vt 0.4482422 0.6533203
vt 0.3623047 0.5957031
vt 0.0016994476 0.5957031
vt 0.3623047 0.9248047
vt 0.0016994476 0.9248047
vt 0.3623047 0.5957031
vt 0.0017242432 0.5957031
vt 0.3623047 0.90722656
vt 0.0017242432 0.90722656
vt 0.3623047 0.5957031
vt 0.0016994476 0.5957031
vt 0.3623047 0.9248047
vt 0.0016994476 0.9248047
vt 0.3623047 0.5957031
vt 0.0017242432 0.5957031
vt 0.3623047 0.90722656
vt 0.0017242432 0.90722656
vt 0.3623047 0.024841309
vt 0.3623047 0.024841309
vt 0.3623047 0.5957031
vt 0.3623047 0.5957031
vt 0.3623047 0.024841309
vt 0.3623047 0.024841309
vt 0.3623047 0.5957031
vt 0.3623047 0.5957031
vt 0.3623047 0.024841309
vt 0.0016994476 0.024841309
vt 0.3623047 0.5957031
vt 0.0016994476 0.5957031
vt 0.3623047 0.024841309
vt 0.0017242432 0.024841309
vt 0.3623047 0.5957031
vt 0.0017242432 0.5957031
vt 0.3623047 0.024841309
vt 0.0017242432 0.024841309
vt 0.3623047 0.5957031
vt 0.0017242432 0.5957031
vt 0.3623047 0.024841309
vt 0.3623047 0.024841309
vt 0.3623047 0.5957031
vt 0.3623047 0.5957031
vt 0.3623047 0.024841309
vt 0.3623047 0.024841309
vt 0.3623047 0.5957031
vt 0.3623047 0.5957031
vt 0.3623047 0.024841309
vt 0.0016994476 0.024841309
vt 0.3623047 0.5957031
vt 0.0016994476 0.5957031
vt 0.3623047 0.5957031
vt 0.0016994476 0.5957031
vt 0.3623047 0.9248047
vt 0.0016994476 0.9248047
vt 0.3623047 0.5957031
vt 0.0017242432 0.5957031
vt 0.3623047 0.90722656
vt 0.0017242432 0.90722656
vt 0.3623047 0.5957031
vt 0.0016994476 0.5957031
vt 0.3623047 0.9248047
vt 0.0016994476 0.9248047
vt 0.3623047 0.5957031
vt 0.0017242432 0.5957031
vt 0.3623047 0.90722656
vt 0.0017242432 0.90722656
vt 0.3623047 0.024841309
vt 0.3623047 0.024841309
vt 0.3623047 0.5957031
vt 0.3623047 0.5957031
vt 0.3623047 0.024841309
vt 0.3623047 0.024841309
vt 0.3623047 0.5957031
vt 0.3623047 0.5957031
vt 0.3623047 0.024841309
vt 0.0016994476 0.024841309
vt 0.3623047 0.5957031
vt 0.0016994476 0.5957031
vt 0.3623047 0.024841309
vt 0.0017242432 0.024841309
vt 0.3623047 0.5957031
vt 0.0017242432 0.5957031
vt 0.3623047 0.024841309
vt 0.0017242432 0.024841309
vt 0.3623047 0.5957031
vt 0.0017242432 0.5957031
vt 0.3623047 0.024841309
vt 0.3623047 0.024841309
vt 0.3623047 0.5957031
vt 0.3623047 0.5957031
vt 0.3623047 0.024841309
vt 0.3623047 0.024841309
vt 0.3623047 0.5957031
vt 0.3623047 0.5957031
vt 0.3623047 0.024841309
vt 0.0016994476 0.024841309
vt 0.3623047 0.5957031
vt 0.0016994476 0.5957031
vt 0.3623047 0.5957031
vt 0.0016994476 0.5957031
vt 0.3623047 0.9248047
vt 0.0016994476 0.9248047
vt 0.3623047 0.5957031
vt 0.0017242432 0.5957031
vt 0.3623047 0.90722656
vt 0.0017242432 0.90722656
vt 0.3623047 0.5957031
vt 0.0016994476 0.5957031
vt 0.3623047 0.9248047
vt 0.0016994476 0.9248047
vt 0.3623047 0.5957031
vt 0.0017242432 0.5957031
vt 0.3623047 0.90722656
vt 0.0017242432 0.90722656
vt 0.3623047 0.024841309
vt 0.3623047 0.024841309
vt 0.3623047 0.5957031
vt 0.3623047 0.5957031
vt 0.3623047 0.024841309
vt 0.3623047 0.024841309
vt 0.3623047 0.5957031
vt 0.3623047 0.5957031
vt 0.3623047 0.024841309
vt 0.0016994476 0.024841309
vt 0.3623047 0.5957031
vt 0.0016994476 0.5957031
vt 0.3623047 0.024841309
vt 0.0017242432 0.024841309
vt 0.3623047 0.5957031
vt 0.0017242432 0.5957031
vt 0.3623047 0.024841309
vt 0.0017242432 0.024841309
vt 0.3623047 0.5957031
vt 0.0017242432 0.5957031
vt 0.3623047 0.024841309
vt 0.3623047 0.024841309
vt 0.3623047 0.5957031
vt 0.3623047 0.5957031
vt 0.3623047 0.024841309
vt 0.3623047 0.024841309
vt 0.3623047 0.5957031
vt 0.3623047 0.5957031
vt 0.3623047 0.024841309
vt 0.0016994476 0.024841309
vt 0.3623047 0.5957031
vt 0.0016994476 0.5957031
vt 0.0016212463 0.04699707
vt 0.0016212463 0.6533203
vt 0.00982666 0.04699707
vt 0.00982666 0.6533203
vt 0.005256653 0.04699707
vt 0.005710602 0.6533203
vt 0.020462036 0.04699707
vt 0.01537323 0.6533203
vt 0.00070619583 0.04699707
vt 0.0045433044 0.6533203
vt 0.016036987 0.04699707
vt 0.0137786865 0.6533203
vt 0.010597229 0.04699707
vt 0.012458801 0.6533203
vt 0.025527954 0.04699707
vt 0.022155762 0.6533203
vt 0.01537323 0.6533203
vt 0.010345459 0.9428711
vt 0.3720703 0.6533203
vt 0.3720703 0.9428711
vt 0.022155762 0.6533203
vt 0.019012451 0.9428711
vt 0.45874023 0.6533203
vt 0.4633789 0.9428711
vt 0.020462036 0.04699707
vt 0.01537323 0.6533203
vt 0.3720703 0.04699707
vt 0.3720703 0.6533203
vt 0.025527954 0.04699707
vt 0.022155762 0.6533203
vt 0.45825195 0.04699707
vt 0.45874023 0.6533203
vt 0.016036987 0.04699707
vt 0.0137786865 0.6533203
vt 0.36987305 0.04699707
vt 0.37182617 0.6533203
vt 0.00982666 0.04699707
vt 0.00982666 0.6533203
vt 0.44433594 0.04699707
vt 0.4482422 0.6533203
vt 0.0026893616 0.04699707
vt 0.0026893616 0.6533203
vt 0.020477295 0.04699707
vt 0.020477295 0.6533203
vt 0.010574341 0.04699707
vt 0.011558533 0.6533203
vt 0.043518066 0.04699707
vt 0.03250122 0.6533203
vt 0.00070619583 0.04699707
vt 0.009025574 0.6533203
vt 0.033935547 0.04699707
vt 0.029052734 0.6533203
vt 0.022140503 0.04699707
vt 0.026184082 0.6533203
vt 0.054534912 0.04699707
vt 0.047180176 0.6533203
vt 0.03250122 0.6533203
vt 0.021591187 0.9428711
vt 0.80566406 0.6533203
vt 0.80566406 0.9428711
vt 0.029052734 0.6533203
vt 0.024627686 0.9428711
vt 0.8051758 0.6533203
vt 0.81933594 0.9428711
vt 0.020477295 0.6533203
vt 0.0026893616 0.9428711
vt 0.9707031 0.6533203
vt 0.9863281 0.9428711
vt 0.043518066 0.04699707
vt 0.03250122 0.6533203
vt 0.80566406 0.04699707
vt 0.80566406 0.6533203
vt 0.054534912 0.04699707
vt 0.047180176 0.6533203
vt 0.9926758 0.04699707
vt 0.99365234 0.6533203
vt 0.033935547 0.04699707
vt 0.029052734 0.6533203
vt 0.80126953 0.04699707
vt 0.8051758 0.6533203
vt 0.020477295 0.04699707
vt 0.020477295 0.6533203
vt 0.96240234 0.04699707
vt 0.9707031 0.6533203
vt 0.0026893616 0.04699707
vt 0.0026893616 0.6533203
vt 0.020477295 0.04699707
vt 0.020477295 0.6533203
vt 0.010574341 0.04699707
vt 0.011558533 0.6533203
vt 0.043518066 0.04699707
vt 0.03250122 0.6533203
vt 0.00070619583 0.04699707
vt 0.009025574 0.6533203
vt 0.033935547 0.04699707
vt 0.029052734 0.6533203
vt 0.022140503 0.04699707
vt 0.026184082 0.6533203
vt 0.054534912 0.04699707
vt 0.047180176 0.6533203
vt 0.03250122 0.6533203
vt 0.021591187 0.9428711
vt 0.80566406 0.6533203
vt 0.80566406 0.9428711
vt 0.047180176 0.6533203
vt 0.040405273 0.9428711
vt 0.99365234 0.6533203
vt 1.0039062 0.9428711
vt 0.029052734 0.6533203
vt 0.024627686 0.9428711
vt 0.8051758 0.6533203
vt 0.81933594 0.9428711
vt 0.020477295 0.6533203
vt 0.0026893616 0.9428711
vt 0.9707031 0.6533203
vt 0.9863281 0.9428711
vt 0.043518066 0.04699707
vt 0.03250122 0.6533203
vt 0.80566406 0.04699707
vt 0.80566406 0.6533203
vt 0.054534912 0.04699707
vt 0.047180176 0.6533203
vt 0.9926758 0.04699707
vt 0.99365234 0.6533203
vt 0.033935547 0.04699707
vt 0.029052734 0.6533203
vt 0.80126953 0.04699707
vt 0.8051758 0.6533203
vt 0.020477295 0.04699707
vt 0.020477295 0.6533203
vt 0.96240234 0.04699707
vt 0.9707031 0.6533203
vt 0.0026893616 0.04699707
vt 0.0026893616 0.6533203
vt 0.020477295 0.04699707
vt 0.020477295 0.6533203
vt 0.010574341 0.04699707
vt 0.011558533 0.6533203
vt 0.043518066 0.04699707
vt 0.03250122 0.6533203
vt 0.00070619583 0.04699707
vt 0.009025574 0.6533203
vt 0.033935547 0.04699707
vt 0.029052734 0.6533203
vt 0.022140503 0.04699707
vt 0.026184082 0.6533203
vt 0.054534912 0.04699707
vt 0.047180176 0.6533203
vt 0.03250122 0.6533203
vt 0.021591187 0.9428711
vt 0.80566406 0.6533203
vt 0.80566406 0.9428711
vt 0.047180176 0.6533203
vt 0.040405273 0.9428711
vt 0.99365234 0.6533203
vt 1.0039062 0.9428711
vt 0.029052734 0.6533203
vt 0.024627686 0.9428711
vt 0.8051758 0.6533203
vt 0.81933594 0.9428711
vt 0.020477295 0.6533203
vt 0.0026893616 0.9428711
vt 0.9707031 0.6533203
vt 0.9863281 0.9428711
vt 0.043518066 0.04699707
vt 0.03250122 0.6533203
vt 0.80566406 0.04699707
vt 0.80566406 0.6533203
vt 0.054534912 0.04699707
vt 0.047180176 0.6533203
vt 0.9926758 0.04699707
vt 0.99365234 0.6533203
vt 0.033935547 0.04699707
vt 0.029052734 0.6533203
vt 0.80126953 0.04699707
vt 0.8051758 0.6533203
vt 0.020477295 0.04699707
vt 0.020477295 0.6533203
vt 0.96240234 0.04699707
vt 0.9707031 0.6533203
vt 0.0016212463 0.04699707
vt 0.0016212463 0.6533203
vt 0.00982666 0.04699707
vt 0.00982666 0.6533203
vt 0.005256653 0.04699707
vt 0.005710602 0.6533203
vt 0.020462036 0.04699707
vt 0.01537323 0.6533203
vt 0.00070619583 0.04699707
vt 0.0045433044 0.6533203
vt 0.016036987 0.04699707
vt 0.0137786865 0.6533203
vt 0.010597229 0.04699707
vt 0.012458801 0.6533203
vt 0.025527954 0.04699707
vt 0.022155762 0.6533203
vt 0.01537323 0.6533203
vt 0.010345459 0.9428711
vt 0.3720703 0.6533203
vt 0.3720703 0.9428711
vt 0.022155762 0.6533203
vt 0.019012451 0.9428711
vt 0.45874023 0.6533203
vt 0.4633789 0.9428711
vt 0.020462036 0.04699707
vt 0.01537323 0.6533203
vt 0.3720703 0.04699707
vt 0.3720703 0.6533203
vt 0.025527954 0.04699707
vt 0.022155762 0.6533203
vt 0.45825195 0.04699707
vt 0.45874023 0.6533203
vt 0.016036987 0.04699707
vt 0.0137786865 0.6533203
vt 0.36987305 0.04699707
vt 0.37182617 0.6533203
vt 0.00982666 0.04699707
vt 0.00982666 0.6533203
vt 0.44433594 0.04699707
vt 0.4482422 0.6533203
vt 0.0026893616 0.04699707
vt 0.0026893616 0.6533203
vt 0.020477295 0.04699707
vt 0.020477295 0.6533203
vt 0.010574341 0.04699707
vt 0.011558533 0.6533203
vt 0.043518066 0.04699707
vt 0.03250122 0.6533203
vt 0.00070619583 0.04699707
vt 0.009025574 0.6533203
vt 0.033935547 0.04699707
vt 0.029052734 0.6533203
vt 0.022140503 0.04699707
vt 0.026184082 0.6533203
vt 0.054534912 0.04699707
vt 0.047180176 0.6533203
vt 0.03250122 0.6533203
vt 0.021591187 0.9428711
vt 0.80566406 0.6533203
vt 0.80566406 0.9428711
vt 0.047180176 0.6533203
vt 0.040405273 0.9428711
vt 0.99365234 0.6533203
vt 1.0039062 0.9428711
vt 0.029052734 0.6533203
vt 0.024627686 0.9428711
vt 0.8051758 0.6533203
vt 0.81933594 0.9428711
vt 0.020477295 0.6533203
vt 0.0026893616 0.9428711
vt 0.9707031 0.6533203
vt 0.9863281 0.9428711
vt 0.043518066 0.04699707
vt 0.03250122 0.6533203
vt 0.80566406 0.04699707
vt 0.80566406 0.6533203
vt 0.054534912 0.04699707
vt 0.047180176 0.6533203
vt 0.9926758 0.04699707
vt 0.99365234 0.6533203
vt 0.033935547 0.04699707
vt 0.029052734 0.6533203
vt 0.80126953 0.04699707
vt 0.8051758 0.6533203
vt 0.020477295 0.04699707
vt 0.020477295 0.6533203
vt 0.96240234 0.04699707
vt 0.9707031 0.6533203
vt 0.3623047 0.5957031
vt 0.0016994476 0.5957031
vt 0.3623047 0.9248047
vt 0.0016994476 0.9248047
vt 0.3623047 0.5957031
vt 0.0017242432 0.5957031
vt 0.3623047 0.90722656
vt 0.0017242432 0.90722656
vt 0.3623047 0.5957031
vt 0.0016994476 0.5957031
vt 0.3623047 0.9248047
vt 0.0016994476 0.9248047
vt 0.3623047 0.5957031
vt 0.0017242432 0.5957031
vt 0.3623047 0.90722656
vt 0.0017242432 0.90722656
vt 0.3623047 0.024841309
vt 0.3623047 0.024841309
vt 0.3623047 0.5957031
vt 0.3623047 0.5957031
vt 0.3623047 0.024841309
vt 0.3623047 0.024841309
vt 0.3623047 0.5957031
vt 0.3623047 0.5957031
vt 0.3623047 0.024841309
vt 0.0016994476 0.024841309
vt 0.3623047 0.5957031
vt 0.0016994476 0.5957031
vt 0.3623047 0.024841309
vt 0.0017242432 0.024841309
vt 0.3623047 0.5957031
vt 0.0017242432 0.5957031
vt 0.3623047 0.024841309
vt 0.0017242432 0.024841309
vt 0.3623047 0.5957031
vt 0.0017242432 0.5957031
vt 0.3623047 0.024841309
vt 0.3623047 0.024841309
vt 0.3623047 0.5957031
vt 0.3623047 0.5957031
vt 0.3623047 0.024841309
vt 0.3623047 0.024841309
vt 0.3623047 0.5957031
vt 0.3623047 0.5957031
vt 0.3623047 0.024841309
vt 0.0016994476 0.024841309
vt 0.3623047 0.5957031
vt 0.0016994476 0.5957031
vt 0.0026893616 0.04699707
vt 0.0026893616 0.6533203
vt 0.020477295 0.04699707
vt 0.020477295 0.6533203
vt 0.010574341 0.04699707
vt 0.011558533 0.6533203
vt 0.043518066 0.04699707
vt 0.03250122 0.6533203
vt 0.00070619583 0.04699707
vt 0.009025574 0.6533203
vt 0.033935547 0.04699707
vt 0.029052734 0.6533203
vt 0.022140503 0.04699707
vt 0.026184082 0.6533203
vt 0.054534912 0.04699707
vt 0.047180176 0.6533203
vt 0.03250122 0.6533203
vt 0.021591187 0.9428711
vt 0.80566406 0.6533203
vt 0.80566406 0.9428711
vt 0.047180176 0.6533203
vt 0.040405273 0.9428711
vt 0.99365234 0.6533203
vt 1.0039062 0.9428711
vt 0.029052734 0.6533203
vt 0.024627686 0.9428711
vt 0.8051758 0.6533203
vt 0.81933594 0.9428711
vt 0.020477295 0.6533203
vt 0.0026893616 0.9428711
vt 0.9707031 0.6533203
vt 0.9863281 0.9428711
vt 0.043518066 0.04699707
vt 0.03250122 0.6533203
vt 0.80566406 0.04699707
vt 0.80566406 0.6533203
vt 0.054534912 0.04699707
vt 0.047180176 0.6533203
vt 0.9926758 0.04699707
vt 0.99365234 0.6533203
vt 0.033935547 0.04699707
vt 0.029052734 0.6533203
vt 0.80126953 0.04699707
vt 0.8051758 0.6533203
vt 0.020477295 0.04699707
vt 0.020477295 0.6533203
vt 0.96240234 0.04699707
vt 0.9707031 0.6533203
vt 0.0016212463 0.04699707
vt 0.0016212463 0.6533203
vt 0.00982666 0.04699707
vt 0.00982666 0.6533203
vt 0.005256653 0.04699707
vt 0.005710602 0.6533203
vt 0.020462036 0.04699707
vt 0.01537323 0.6533203
vt 0.00070619583 0.04699707
vt 0.0045433044 0.6533203
vt 0.016036987 0.04699707
vt 0.0137786865 0.6533203
vt 0.010597229 0.04699707
vt 0.012458801 0.6533203
vt 0.025527954 0.04699707
vt 0.022155762 0.6533203
vt 0.01537323 0.6533203
vt 0.010345459 0.9428711
vt 0.3720703 0.6533203
vt 0.3720703 0.9428711
vt 0.022155762 0.6533203
vt 0.019012451 0.9428711
vt 0.45874023 0.6533203
vt 0.4633789 0.9428711
vt 0.020462036 0.04699707
vt 0.01537323 0.6533203
vt 0.3720703 0.04699707
vt 0.3720703 0.6533203
vt 0.025527954 0.04699707
vt 0.022155762 0.6533203
vt 0.45825195 0.04699707
vt 0.45874023 0.6533203
vt 0.016036987 0.04699707
vt 0.0137786865 0.6533203
vt 0.36987305 0.04699707
vt 0.37182617 0.6533203
vt 0.00982666 0.04699707
vt 0.00982666 0.6533203
vt 0.44433594 0.04699707
vt 0.4482422 0.6533203
vt 0.0016212463 0.04699707
vt 0.0016212463 0.6533203
vt 0.00982666 0.04699707
vt 0.00982666 0.6533203
vt 0.005256653 0.04699707
vt 0.005710602 0.6533203
vt 0.020462036 0.04699707
vt 0.01537323 0.6533203
vt 0.00070619583 0.04699707
vt 0.0045433044 0.6533203
vt 0.016036987 0.04699707
vt 0.0137786865 0.6533203
vt 0.010597229 0.04699707
vt 0.012458801 0.6533203
vt 0.025527954 0.04699707
vt 0.022155762 0.6533203
vt 0.01537323 0.6533203
vt 0.010345459 0.9428711
vt 0.3720703 0.6533203
vt 0.3720703 0.9428711
vt 0.022155762 0.6533203
vt 0.019012451 0.9428711
vt 0.45874023 0.6533203
vt 0.4633789 0.9428711
vt 0.020462036 0.04699707
vt 0.01537323 0.6533203
vt 0.3720703 0.04699707
vt 0.3720703 0.6533203
vt 0.025527954 0.04699707
vt 0.022155762 0.6533203
vt 0.45825195 0.04699707
vt 0.45874023 0.6533203
vt 0.016036987 0.04699707
vt 0.0137786865 0.6533203
vt 0.36987305 0.04699707
vt 0.37182617 0.6533203
vt 0.00982666 0.04699707
vt 0.00982666 0.6533203
vt 0.44433594 0.04699707
vt 0.4482422 0.6533203
vt 0.0016212463 0.04699707
vt 0.0016212463 0.6533203
vt 0.00982666 0.04699707
vt 0.00982666 0.6533203
vt 0.005256653 0.04699707
vt 0.005710602 0.6533203
vt 0.020462036 0.04699707
vt 0.01537323 0.6533203
vt 0.00070619583 0.04699707
vt 0.0045433044 0.6533203
vt 0.016036987 0.04699707
vt 0.0137786865 0.6533203
vt 0.010597229 0.04699707
vt 0.012458801 0.6533203
vt 0.025527954 0.04699707
vt 0.022155762 0.6533203
vt 0.01537323 0.6533203
vt 0.010345459 0.9428711
vt 0.3720703 0.6533203
vt 0.3720703 0.9428711
vt 0.022155762 0.6533203
vt 0.019012451 0.9428711
vt 0.45874023 0.6533203
vt 0.4633789 0.9428711
vt 0.020462036 0.04699707
vt 0.01537323 0.6533203
vt 0.3720703 0.04699707
vt 0.3720703 0.6533203
vt 0.025527954 0.04699707
vt 0.022155762 0.6533203
vt 0.45825195 0.04699707
vt 0.45874023 0.6533203
vt 0.016036987 0.04699707
vt 0.0137786865 0.6533203
vt 0.36987305 0.04699707
vt 0.37182617 0.6533203
vt 0.00982666 0.04699707
vt 0.00982666 0.6533203
vt 0.44433594 0.04699707
vt 0.4482422 0.6533203
vt 0.0016212463 0.04699707
vt 0.0016212463 0.6533203
vt 0.00982666 0.04699707
vt 0.00982666 0.6533203
vt 0.005256653 0.04699707
vt 0.005710602 0.6533203
vt 0.020462036 0.04699707
vt 0.01537323 0.6533203
vt 0.00070619583 0.04699707
vt 0.0045433044 0.6533203
vt 0.016036987 0.04699707
vt 0.0137786865 0.6533203
vt 0.010597229 0.04699707
vt 0.012458801 0.6533203
vt 0.025527954 0.04699707
vt 0.022155762 0.6533203
vt 0.022155762 0.6533203
vt 0.019012451 0.9428711
vt 0.45874023 0.6533203
vt 0.4633789 0.9428711
vt 0.020462036 0.04699707
vt 0.01537323 0.6533203
vt 0.3720703 0.04699707
vt 0.3720703 0.6533203
vt 0.025527954 0.04699707
vt 0.022155762 0.6533203
vt 0.45825195 0.04699707
vt 0.45874023 0.6533203
vt 0.016036987 0.04699707
vt 0.0137786865 0.6533203
vt 0.36987305 0.04699707
vt 0.37182617 0.6533203
vt 0.00982666 0.04699707
vt 0.00982666 0.6533203
vt 0.44433594 0.04699707
vt 0.4482422 0.6533203
vt 0.3552246 0.86279297
vt 0.010284424 0.6425781
vt 0.37060547 0.64453125
vt 4.8203125 4.5234375
vt 2.9902344 4.5390625
vt 4.828125 4.796875
vt 2.9980469 4.8125
vt 2.0527344 3.4589844
vt 3.8808594 3.53125
vt 2.0566406 2.9570312
vt 3.8847656 3.0292969
vt 4.2773438 5.0625
vt 3.3808594 5.0664062
vt 4.28125 5.3046875
vt 3.0644531 5.3085938
vt 5.0507812 3.6640625
vt 4.671875 3.6757812
vt 5.0742188 3.9550781
vt 4.6953125 3.96875
vt 2.3027344 4.4570312
vt 2.1992188 5.4921875
vt 2.7128906 4.484375
vt 2.609375 5.5234375
vt 3.1152344 5.0234375
vt 2.6855469 5.0117188
vt 3.1152344 5.3007812
vt 2.6855469 5.2929688
vt 3.9335938 5.4804688
vt 3.1445312 5.484375
vt 3.9277344 5.7382812
vt 3.140625 5.734375
vt 5.140625 4.7929688
vt 4.0585938 4.7929688
vt 4.0585938 5.0664062
vt 5.140625 5.0742188
vt 4.1054688 5.1914062
vt 3.2070312 5.2265625
vt 4.1171875 5.5664062
vt 3.2226562 5.5976562
vt 5.2421875 4.0390625
vt 4.7148438 4.0273438
vt 5.2421875 4.3164062
vt 4.7109375 4.3046875
vt 5.3515625 2.6738281
vt 4.6796875 2.640625
vt 5.3398438 2.953125
vt 4.671875 2.9199219
vt 3.5546875 4.4335938
vt 2.2890625 4.4375
vt 3.5625 5.0703125
vt 2.296875 5.0742188
vt 2.7167969 3.0820312
vt 2.6601562 4.9023438
vt 3.2617188 3.0761719
vt 3.2050781 4.8984375
vt 4.8867188 4.078125
vt 3.8828125 4.0117188
vt 4.8789062 4.4296875
vt 3.875 4.3632812
vt 3.2792969 5.2734375
vt 1.6074219 5.2304688
vt 3.2675781 5.859375
vt 1.5966797 5.8164062
vt 3.9726562 5.1992188
vt 3.3476562 5.2148438
vt 3.9785156 5.578125
vt 3.3554688 5.5898438
vt 5.3828125 3.6914062
vt 4.4335938 3.6699219
vt 5.375 4.4453125
vt 4.4257812 4.421875
vt 5.6328125 3.8984375
vt 4.1875 3.8164062
vt 5.6210938 4.296875
vt 4.1757812 4.2148438
vt 6.2460938 3.7421875
vt 3.5878906 3.6210938
vt 6.2226562 4.4921875
vt 3.5644531 4.3710938
vt 4.1054688 5.1914062
vt 3.2070312 5.2265625
vt 4.1171875 5.5664062
vt 3.2226562 5.5976562
vt 4.8085938 4.4335938
vt 2.9824219 4.5390625
vt 4.8359375 4.8476562
vt 3.0039062 4.8085938
vt 4.796875 4.1953125
vt 2.9707031 4.3164062
vt 4.8476562 5.0195312
vt 3.0214844 5.140625
vt 4.8203125 4.5234375
vt 2.9902344 4.5390625
vt 4.828125 4.796875
vt 2.9980469 4.8125
vt 3.0722656 5.28125
vt 2.609375 5.28125
vt 3.0566406 5.609375
vt 2.5957031 5.6054688
vt 4.1289062 4.5351562
vt 3.6992188 4.53125
vt 4.1171875 4.8046875
vt 3.6855469 4.8046875
vt 5.53125 3.6992188
vt 4.2890625 3.6621094
vt 5.5195312 4.453125
vt 4.2773438 4.4140625
vt 4.1289062 4.5351562
vt 3.6992188 4.53125
vt 4.1171875 4.8046875
vt 3.6855469 4.8046875
vt 3.0722656 5.28125
vt 2.609375 5.28125
vt 3.0566406 5.609375
vt 2.5957031 5.6054688
vt 3.0722656 5.28125
vt 2.609375 5.28125
vt 3.0566406 5.609375
vt 2.5957031 5.6054688
vt 3.0722656 5.28125
vt 2.609375 5.28125
vt 3.0566406 5.609375
vt 2.5957031 5.6054688
vt 3.0722656 5.28125
vt 2.609375 5.28125
vt 3.0566406 5.609375
vt 2.5957031 5.6054688
vn 0.7084961 0.00053977966 0.7055664
vn 0.7084961 0.00053977966 0.7055664
vn 0.7084961 0.00053977966 0.7055664
vn 0.7084961 0.00053977966 0.7055664
vn 0.7084961 0.00053977966 0.7055664
vn 0.7084961 0.00053977966 0.7055664
vn 0.5786133 -0.57714844 0.5761719
vn 0.5786133 -0.57714844 0.5761719
vn 0.5786133 -0.57714844 0.5761719
vn -0.6040039 -0.51660156 0.6069336
vn -0.6040039 -0.51660156 0.6069336
vn -0.6040039 -0.51660156 0.6069336
vn 0.6772461 -0.27954102 -0.68066406
vn 0.6772461 -0.27954102 -0.68066406
vn 0.6772461 -0.27954102 -0.68066406
vn -0.68066406 -0.27954102 -0.6772461
vn -0.68066406 -0.27954102 -0.6772461
vn -0.68066406 -0.27954102 -0.6772461
vn 0.9243164 -0.3803711 0.028457642
vn 0.9243164 -0.3803711 0.028457642
vn 0.9243164 -0.3803711 0.028457642
vn 0.70703125 -0.70703125 0.014434814
vn 0.70703125 -0.70703125 0.014434814
vn 0.70703125 -0.70703125 0.014434814
vn -0.7607422 -0.64941406 -0.001121521
vn -0.7607422 -0.64941406 -0.001121521
vn -0.7607422 -0.64941406 -0.001121521
vn -0.9248047 -0.38061523 -0.018875122
vn -0.9248047 -0.38061523 -0.018875122
vn -0.9248047 -0.38061523 -0.018875122
vn -0.015617371 -0.70703125 0.70703125
vn -0.015617371 -0.70703125 0.70703125
vn -0.015617371 -0.70703125 0.70703125
vn -0.031829834 -0.6489258 0.7602539
vn -0.031829834 -0.6489258 0.7602539
vn -0.031829834 -0.6489258 0.7602539
vn -0.77197266 0.0016899109 0.6357422
vn -0.77197266 0.0016899109 0.6357422
vn -0.77197266 0.0016899109 0.6357422
vn -0.77197266 0.0016908646 0.6357422
vn -0.77197266 0.0016908646 0.6357422
vn -0.77197266 0.0016908646 0.6357422
vn 0.6357422 0.0016260147 0.7714844
vn 0.6357422 0.0016260147 0.7714844
vn 0.6357422 0.0016260147 0.7714844
vn 0.6357422 0.001625061 0.7714844
vn 0.6357422 0.001625061 0.7714844
vn 0.6357422 0.001625061 0.7714844
vn 0.13000488 -0.9790039 0.15771484
vn 0.13000488 -0.9790039 0.15771484
vn 0.13000488 -0.9790039 0.15771484
vn -0.54541016 -0.70751953 0.44921875
vn -0.54541016 -0.70751953 0.44921875
vn -0.54541016 -0.70751953 0.44921875
vn 0.72216797 -0.3527832 -0.59521484
vn 0.72216797 -0.3527832 -0.59521484
vn 0.72216797 -0.3527832 -0.59521484
vn -0.3461914 -0.8388672 -0.42016602
vn -0.3461914 -0.8388672 -0.42016602
vn -0.3461914 -0.8388672 -0.42016602
vn 0.8828125 -0.46948242 0.01373291
vn 0.8828125 -0.46948242 0.01373291
vn 0.8828125 -0.46948242 0.01373291
vn 0.23657227 -0.9716797 -0.009353638
vn 0.23657227 -0.9716797 -0.009353638
vn 0.23657227 -0.9716797 -0.009353638
vn -0.016723633 -0.8769531 -0.47998047
vn -0.016723633 -0.8769531 -0.47998047
vn -0.016723633 -0.8769531 -0.47998047
vn 0.032592773 -0.4699707 -0.8823242
vn 0.032592773 -0.4699707 -0.8823242
vn 0.032592773 -0.4699707 -0.8823242
vn -0.0079574585 -0.9765625 0.21533203
vn -0.0079574585 -0.9765625 0.21533203
vn -0.0079574585 -0.9765625 0.21533203
vn -0.0546875 -0.76464844 0.64208984
vn -0.0546875 -0.76464844 0.64208984
vn -0.0546875 -0.76464844 0.64208984
vn 0.9975586 -0.052215576 0.050201416
vn 0.9975586 -0.052215576 0.050201416
vn 0.9975586 -0.052215576 0.050201416
vn -0.5332031 -0.6645508 0.5239258
vn -0.5332031 -0.6645508 0.5239258
vn -0.5332031 -0.6645508 0.5239258
vn 0.5332031 -0.6645508 -0.5239258
vn 0.5332031 -0.6645508 -0.5239258
vn 0.5332031 -0.6645508 -0.5239258
vn -0.5239258 -0.6645508 -0.5332031
vn -0.5239258 -0.6645508 -0.5332031
vn -0.5239258 -0.6645508 -0.5332031
vn 0.7314453 0.0039901733 0.6821289
vn 0.7314453 0.0039901733 0.6821289
vn 0.7314453 0.0039901733 0.6821289
vn 0.7314453 0.0039863586 0.6821289
vn 0.7314453 0.0039863586 0.6821289
vn 0.7314453 0.0039863586 0.6821289
vn 0.67529297 -0.38427734 0.6298828
vn 0.67529297 -0.38427734 0.6298828
vn 0.67529297 -0.38427734 0.6298828
vn -0.6298828 -0.38427734 0.67529297
vn -0.6298828 -0.38427734 0.67529297
vn -0.6298828 -0.38427734 0.67529297
vn 0.6298828 -0.38427734 -0.67529297
vn 0.6298828 -0.38427734 -0.67529297
vn 0.6298828 -0.38427734 -0.67529297
vn -0.67529297 -0.38427734 -0.6298828
vn -0.67529297 -0.38427734 -0.6298828
vn -0.67529297 -0.38427734 -0.6298828
vn 0.71777344 0.0013790131 0.69628906
vn 0.71777344 0.0013790131 0.69628906
vn 0.71777344 0.0013790131 0.69628906
vn 0.71777344 0.0013790131 0.69628906
vn 0.71777344 0.0013790131 0.69628906
vn 0.71777344 0.0013790131 0.69628906
vn 0.5864258 -0.57714844 0.5683594
vn 0.5864258 -0.57714844 0.5683594
vn 0.5864258 -0.57714844 0.5683594
vn -0.5683594 -0.57714844 0.5864258
vn -0.5683594 -0.57714844 0.5864258
vn -0.5683594 -0.57714844 0.5864258
vn 0.5683594 -0.57714844 -0.5864258
vn 0.5683594 -0.57714844 -0.5864258
vn 0.5683594 -0.57714844 -0.5864258
vn -0.5864258 -0.57714844 -0.5683594
vn -0.5864258 -0.57714844 -0.5683594
vn -0.5864258 -0.57714844 -0.5683594
vn 0.68603516 0.0013694763 0.72753906
vn 0.68603516 0.0013694763 0.72753906
vn 0.68603516 0.0013694763 0.72753906
vn 0.68603516 0.0013685226 0.72753906
vn 0.68603516 0.0013685226 0.72753906
vn 0.68603516 0.0013685226 0.72753906
vn 0.5600586 -0.57714844 0.59375
vn 0.5600586 -0.57714844 0.59375
vn 0.5600586 -0.57714844 0.59375
vn -0.5942383 -0.57714844 0.5600586
vn -0.5942383 -0.57714844 0.5600586
vn -0.5942383 -0.57714844 0.5600586
vn 0.5942383 -0.57714844 -0.5600586
vn 0.5942383 -0.57714844 -0.5600586
vn 0.5942383 -0.57714844 -0.5600586
vn -0.5600586 -0.57714844 -0.5942383
vn -0.5600586 -0.57714844 -0.5942383
vn -0.5600586 -0.57714844 -0.5942383
vn 0.703125 0.002117157 0.7114258
vn 0.703125 0.002117157 0.7114258
vn 0.703125 0.002117157 0.7114258
vn 0.703125 0.002117157 0.7114258
vn 0.703125 0.002117157 0.7114258
vn 0.703125 0.002117157 0.7114258
vn 0.57373047 -0.57714844 0.5805664
vn 0.57373047 -0.57714844 0.5805664
vn 0.57373047 -0.57714844 0.5805664
vn -0.5805664 -0.57714844 0.57373047
vn -0.5805664 -0.57714844 0.57373047
vn -0.5805664 -0.57714844 0.57373047
vn 0.5805664 -0.57714844 -0.57373047
vn 0.5805664 -0.57714844 -0.57373047
vn 0.5805664 -0.57714844 -0.57373047
vn -0.57373047 -0.57714844 -0.5805664
vn -0.57373047 -0.57714844 -0.5805664
vn -0.57373047 -0.57714844 -0.5805664
vn 0.7080078 0.001203537 0.7060547
vn 0.7080078 0.001203537 0.7060547
vn 0.7080078 0.001203537 0.7060547
vn 0.7080078 0.0012025833 0.7060547
vn 0.7080078 0.0012025833 0.7060547
vn 0.7080078 0.0012025833 0.7060547
vn 0.578125 -0.57714844 0.57666016
vn 0.578125 -0.57714844 0.57666016
vn 0.578125 -0.57714844 0.57666016
vn -0.57666016 -0.57714844 0.578125
vn -0.57666016 -0.57714844 0.578125
vn -0.57666016 -0.57714844 0.578125
vn 0.57666016 -0.57714844 -0.578125
vn 0.57666016 -0.57714844 -0.578125
vn 0.57666016 -0.57714844 -0.578125
vn -0.578125 -0.57714844 -0.57666016
vn -0.578125 -0.57714844 -0.57666016
vn -0.578125 -0.57714844 -0.57666016
vn 0.6665039 -0.018463135 0.7451172
vn 0.6665039 -0.018463135 0.7451172
vn 0.6665039 -0.018463135 0.7451172
vn 0.6665039 -0.018463135 0.7451172
vn 0.6665039 -0.018463135 0.7451172
vn 0.6665039 -0.018463135 0.7451172
vn 0.49291992 -0.7451172 0.4489746
vn 0.49291992 -0.7451172 0.4489746
vn 0.49291992 -0.7451172 0.4489746
vn -0.390625 -0.81884766 0.4206543
vn -0.390625 -0.81884766 0.4206543
vn -0.390625 -0.81884766 0.4206543
vn 0.68896484 -0.4567871 -0.5625
vn 0.68896484 -0.4567871 -0.5625
vn 0.68896484 -0.4567871 -0.5625
vn -0.4477539 -0.6665039 -0.5961914
vn -0.4477539 -0.6665039 -0.5961914
vn -0.4477539 -0.6665039 -0.5961914
vn 0.8149414 -0.57910156 0.0034561157
vn 0.8149414 -0.57910156 0.0034561157
vn 0.8149414 -0.57910156 0.0034561157
vn 0.72216797 -0.69189453 -0.0008420944
vn 0.72216797 -0.69189453 -0.0008420944
vn 0.72216797 -0.69189453 -0.0008420944
vn 0.7109375 0.0013694763 0.703125
vn 0.7109375 0.0013694763 0.703125
vn 0.7109375 0.0013694763 0.703125
vn 0.7109375 0.0013685226 0.703125
vn 0.7109375 0.0013685226 0.703125
vn 0.7109375 0.0013685226 0.703125
vn 0.5805664 -0.57714844 0.57421875
vn 0.5805664 -0.57714844 0.57421875
vn 0.5805664 -0.57714844 0.57421875
vn -0.57421875 -0.57714844 0.5805664
vn -0.57421875 -0.57714844 0.5805664
vn -0.57421875 -0.57714844 0.5805664
vn 0.57421875 -0.57714844 -0.5805664
vn 0.57421875 -0.57714844 -0.5805664
vn 0.57421875 -0.57714844 -0.5805664
vn -0.5805664 -0.57714844 -0.57421875
vn -0.5805664 -0.57714844 -0.57421875
vn -0.5805664 -0.57714844 -0.57421875
vn 0.6948242 0.0015468597 0.71875
vn 0.6948242 0.0015468597 0.71875
vn 0.6948242 0.0015468597 0.71875
vn 0.6948242 0.0015459061 0.7192383
vn 0.6948242 0.0015459061 0.7192383
vn 0.6948242 0.0015459061 0.7192383
vn 0.5673828 -0.57714844 0.58691406
vn 0.5673828 -0.57714844 0.58691406
vn 0.5673828 -0.57714844 0.58691406
vn -0.58691406 -0.57714844 0.5673828
vn -0.58691406 -0.57714844 0.5673828
vn -0.58691406 -0.57714844 0.5673828
vn 0.58691406 -0.57714844 -0.5673828
vn 0.58691406 -0.57714844 -0.5673828
vn 0.58691406 -0.57714844 -0.5673828
vn -0.5673828 -0.57714844 -0.58691406
vn -0.5673828 -0.57714844 -0.58691406
vn -0.5673828 -0.57714844 -0.58691406
vn 0.68847656 0.002046585 0.72509766
vn 0.68847656 0.002046585 0.72509766
vn 0.68847656 0.002046585 0.72509766
vn 0.68847656 0.002046585 0.72509766
vn 0.68847656 0.002046585 0.72509766
vn 0.68847656 0.002046585 0.72509766
vn 0.47387695 -0.71972656 0.5073242
vn 0.47387695 -0.71972656 0.5073242
vn 0.47387695 -0.71972656 0.5073242
vn -0.49780273 -0.7211914 0.4819336
vn -0.49780273 -0.7211914 0.4819336
vn -0.49780273 -0.7211914 0.4819336
vn 0.4970703 -0.734375 -0.46240234
vn 0.4970703 -0.734375 -0.46240234
vn 0.4970703 -0.734375 -0.46240234
vn -0.47070312 -0.73535156 -0.48754883
vn -0.47070312 -0.73535156 -0.48754883
vn -0.47070312 -0.73535156 -0.48754883
vn -0.7709961 0.0031166077 0.63671875
vn -0.7709961 0.0031166077 0.63671875
vn -0.7709961 0.0031166077 0.63671875
vn -0.86376953 0.00068092346 0.50341797
vn -0.86376953 0.00068092346 0.50341797
vn -0.86376953 0.00068092346 0.50341797
vn 0.63720703 0.0004968643 0.7709961
vn 0.63720703 0.0004968643 0.7709961
vn 0.63720703 0.0004968643 0.7709961
vn 0.63720703 0.0004968643 0.7709961
vn 0.63720703 0.0004968643 0.7709961
vn 0.63720703 0.0004968643 0.7709961
vn 0.5161133 -0.5864258 0.6245117
vn 0.5161133 -0.5864258 0.6245117
vn 0.5161133 -0.5864258 0.6245117
vn -0.7416992 -0.5126953 0.43237305
vn -0.7416992 -0.5126953 0.43237305
vn -0.7416992 -0.5126953 0.43237305
vn 0.6245117 -0.5864258 -0.5161133
vn 0.6245117 -0.5864258 -0.5161133
vn 0.6245117 -0.5864258 -0.5161133
vn -0.5161133 -0.5864258 -0.6245117
vn -0.5161133 -0.5864258 -0.6245117
vn -0.5161133 -0.5864258 -0.6245117
vn -0.65625 0.001083374 -0.75439453
vn -0.65625 0.001083374 -0.75439453
vn -0.65625 0.001083374 -0.75439453
vn -0.65625 0.0010900497 -0.7548828
vn -0.65625 0.0010900497 -0.7548828
vn -0.65625 0.0010900497 -0.7548828
vn 0.65625 3.5762787E-07 0.7548828
vn 0.65625 3.5762787E-07 0.7548828
vn 0.65625 3.5762787E-07 0.7548828
vn 0.65625 7.748604E-07 0.7548828
vn 0.65625 7.748604E-07 0.7548828
vn 0.65625 7.748604E-07 0.7548828
vn -0.3618164 -0.6738281 -0.64404297
vn -0.3618164 -0.6738281 -0.64404297
vn -0.3618164 -0.6738281 -0.64404297
vn -0.63378906 -0.5883789 0.5024414
vn -0.63378906 -0.5883789 0.5024414
vn -0.63378906 -0.5883789 0.5024414
vn 0.63378906 -0.5883789 -0.5024414
vn 0.63378906 -0.5883789 -0.5024414
vn 0.63378906 -0.5883789 -0.5024414
vn 0.51904297 -0.6118164 0.59716797
vn 0.51904297 -0.6118164 0.59716797
vn 0.51904297 -0.6118164 0.59716797
vn -0.5410156 -0.8378906 -0.074157715
vn -0.5410156 -0.8378906 -0.074157715
vn -0.5410156 -0.8378906 -0.074157715
vn -0.6875 -0.72021484 -0.09161377
vn -0.6875 -0.72021484 -0.09161377
vn -0.6875 -0.72021484 -0.09161377
vn 0.7138672 0.0012378693 0.7001953
vn 0.7138672 0.0012378693 0.7001953
vn 0.7138672 0.0012378693 0.7001953
vn 0.7138672 0.0012369156 0.7001953
vn 0.7138672 0.0012369156 0.7001953
vn 0.7138672 0.0012369156 0.7001953
vn 0.7001953 6.556511E-07 -0.7138672
vn 0.7001953 6.556511E-07 -0.7138672
vn 0.7001953 6.556511E-07 -0.7138672
vn 0.7001953 1.7881393E-07 -0.7138672
vn 0.7001953 1.7881393E-07 -0.7138672
vn 0.7001953 1.7881393E-07 -0.7138672
vn 0.5830078 -0.57714844 0.57177734
vn 0.5830078 -0.57714844 0.57177734
vn 0.5830078 -0.57714844 0.57177734
vn -0.57177734 -0.57714844 0.5830078
vn -0.57177734 -0.57714844 0.5830078
vn -0.57177734 -0.57714844 0.5830078
vn 0.57177734 -0.57714844 -0.5830078
vn 0.57177734 -0.57714844 -0.5830078
vn 0.57177734 -0.57714844 -0.5830078
vn -0.5830078 -0.57714844 -0.57177734
vn -0.5830078 -0.57714844 -0.57177734
vn -0.5830078 -0.57714844 -0.57177734
vn 0.6665039 -0.023010254 0.7451172
vn 0.6665039 -0.023010254 0.7451172
vn 0.6665039 -0.023010254 0.7451172
vn 0.6665039 -0.023010254 0.7451172
vn 0.6665039 -0.023010254 0.7451172
vn 0.6665039 -0.023010254 0.7451172
vn 0.49291992 -0.7451172 0.4489746
vn 0.49291992 -0.7451172 0.4489746
vn 0.49291992 -0.7451172 0.4489746
vn -0.390625 -0.81884766 0.4206543
vn -0.390625 -0.81884766 0.4206543
vn -0.390625 -0.81884766 0.4206543
vn 0.68896484 -0.4567871 -0.5625
vn 0.68896484 -0.4567871 -0.5625
vn 0.68896484 -0.4567871 -0.5625
vn -0.4477539 -0.6665039 -0.5961914
vn -0.4477539 -0.6665039 -0.5961914
vn -0.4477539 -0.6665039 -0.5961914
vn 0.8149414 -0.57910156 0.004966736
vn 0.8149414 -0.57910156 0.004966736
vn 0.8149414 -0.57910156 0.004966736
vn 0.72216797 -0.69140625 -0.001203537
vn 0.72216797 -0.69140625 -0.001203537
vn 0.72216797 -0.69140625 -0.001203537
vn -0.77197266 -0.0017004013 -0.6357422
vn -0.77197266 -0.0017004013 -0.6357422
vn -0.77197266 -0.0017004013 -0.6357422
vn -0.7714844 -0.0016918182 -0.6357422
vn -0.7714844 -0.0016918182 -0.6357422
vn -0.7714844 -0.0016918182 -0.6357422
vn 0.77197266 0.0023174286 0.6357422
vn 0.77197266 0.0023174286 0.6357422
vn 0.77197266 0.0023174286 0.6357422
vn 0.77197266 0.0023174286 0.6357422
vn 0.77197266 0.0023174286 0.6357422
vn 0.77197266 0.0023174286 0.6357422
vn 0.67041016 0.0022144318 -0.7421875
vn 0.67041016 0.0022144318 -0.7421875
vn 0.67041016 0.0022144318 -0.7421875
vn 0.67041016 0.0022144318 -0.7421875
vn 0.67041016 0.0022144318 -0.7421875
vn 0.67041016 0.0022144318 -0.7421875
vn -0.4597168 -0.67626953 -0.5756836
vn -0.4597168 -0.67626953 -0.5756836
vn -0.4597168 -0.67626953 -0.5756836
vn -0.5390625 -0.5913086 0.60009766
vn -0.5390625 -0.5913086 0.60009766
vn -0.5390625 -0.5913086 0.60009766
vn 0.54541016 -0.58496094 -0.60009766
vn 0.54541016 -0.58496094 -0.60009766
vn 0.54541016 -0.58496094 -0.60009766
vn 0.61376953 -0.60839844 0.5029297
vn 0.61376953 -0.60839844 0.5029297
vn 0.61376953 -0.60839844 0.5029297
vn -0.5419922 -0.84033203 -0.0029888153
vn -0.5419922 -0.84033203 -0.0029888153
vn -0.5419922 -0.84033203 -0.0029888153
vn -0.6899414 -0.7236328 9.8347664E-05
vn -0.6899414 -0.7236328 9.8347664E-05
vn -0.6899414 -0.7236328 9.8347664E-05
vn -0.77197266 -0.0016994476 -0.6357422
vn -0.77197266 -0.0016994476 -0.6357422
vn -0.77197266 -0.0016994476 -0.6357422
vn -0.7714844 -0.0016918182 -0.6357422
vn -0.7714844 -0.0016918182 -0.6357422
vn -0.7714844 -0.0016918182 -0.6357422
vn -0.4597168 -0.67626953 -0.5756836
vn -0.4597168 -0.67626953 -0.5756836
vn -0.4597168 -0.67626953 -0.5756836
vn -0.5390625 -0.5913086 0.60009766
vn -0.5390625 -0.5913086 0.60009766
vn -0.5390625 -0.5913086 0.60009766
vn 0.54541016 -0.58496094 -0.60009766
vn 0.54541016 -0.58496094 -0.60009766
vn 0.54541016 -0.58496094 -0.60009766
vn 0.61376953 -0.60839844 0.5029297
vn 0.61376953 -0.60839844 0.5029297
vn 0.61376953 -0.60839844 0.5029297
vn -0.5419922 -0.84033203 -0.0019702911
vn -0.5419922 -0.84033203 -0.0019702911
vn -0.5419922 -0.84033203 -0.0019702911
vn -0.6899414 -0.7236328 6.490946E-05
vn -0.6899414 -0.7236328 6.490946E-05
vn -0.6899414 -0.7236328 6.490946E-05
vn -0.77197266 -0.0012454987 -0.6352539
vn -0.77197266 -0.0012454987 -0.6352539
vn -0.77197266 -0.0012454987 -0.6352539
vn -0.7714844 -0.0012388229 -0.6357422
vn -0.7714844 -0.0012388229 -0.6357422
vn -0.7714844 -0.0012388229 -0.6357422
vn -0.4597168 -0.67626953 -0.5756836
vn -0.4597168 -0.67626953 -0.5756836
vn -0.4597168 -0.67626953 -0.5756836
vn -0.5390625 -0.5913086 0.60009766
vn -0.5390625 -0.5913086 0.60009766
vn -0.5390625 -0.5913086 0.60009766
vn 0.54541016 -0.58496094 -0.60009766
vn 0.54541016 -0.58496094 -0.60009766
vn 0.54541016 -0.58496094 -0.60009766
vn 0.61376953 -0.60839844 0.5029297
vn 0.61376953 -0.60839844 0.5029297
vn 0.61376953 -0.60839844 0.5029297
vn -0.5419922 -0.84033203 -0.0010004044
vn -0.5419922 -0.84033203 -0.0010004044
vn -0.5419922 -0.84033203 -0.0010004044
vn -0.6899414 -0.7236328 3.2782555E-05
vn -0.6899414 -0.7236328 3.2782555E-05
vn -0.6899414 -0.7236328 3.2782555E-05
vn 0.6665039 -0.023010254 0.7451172
vn 0.6665039 -0.023010254 0.7451172
vn 0.6665039 -0.023010254 0.7451172
vn 0.6665039 -0.023010254 0.7451172
vn 0.6665039 -0.023010254 0.7451172
vn 0.6665039 -0.023010254 0.7451172
vn 0.49291992 -0.7451172 0.4489746
vn 0.49291992 -0.7451172 0.4489746
vn 0.49291992 -0.7451172 0.4489746
vn -0.390625 -0.81884766 0.4206543
vn -0.390625 -0.81884766 0.4206543
vn -0.390625 -0.81884766 0.4206543
vn 0.68896484 -0.4567871 -0.5625
vn 0.68896484 -0.4567871 -0.5625
vn 0.68896484 -0.4567871 -0.5625
vn -0.4477539 -0.6665039 -0.5961914
vn -0.4477539 -0.6665039 -0.5961914
vn -0.4477539 -0.6665039 -0.5961914
vn 0.8149414 -0.57910156 0.0034561157
vn 0.8149414 -0.57910156 0.0034561157
vn 0.8149414 -0.57910156 0.0034561157
vn 0.72216797 -0.69140625 -0.0008420944
vn 0.72216797 -0.69140625 -0.0008420944
vn 0.72216797 -0.69140625 -0.0008420944
vn 0.7084961 0.0016021729 0.7055664
vn 0.7084961 0.0016021729 0.7055664
vn 0.7084961 0.0016021729 0.7055664
vn 0.7084961 0.0016021729 0.7055664
vn 0.7084961 0.0016021729 0.7055664
vn 0.7084961 0.0016021729 0.7055664
vn 0.5786133 -0.57714844 0.5761719
vn 0.5786133 -0.57714844 0.5761719
vn 0.5786133 -0.57714844 0.5761719
vn -0.6040039 -0.51660156 0.6069336
vn -0.6040039 -0.51660156 0.6069336
vn -0.6040039 -0.51660156 0.6069336
vn 0.6772461 -0.27954102 -0.68066406
vn 0.6772461 -0.27954102 -0.68066406
vn 0.6772461 -0.27954102 -0.68066406
vn -0.68066406 -0.27954102 -0.6772461
vn -0.68066406 -0.27954102 -0.6772461
vn -0.68066406 -0.27954102 -0.6772461
vn 0.9243164 -0.3803711 0.027740479
vn 0.9243164 -0.3803711 0.027740479
vn 0.9243164 -0.3803711 0.027740479
vn 0.70703125 -0.70703125 0.013092041
vn 0.70703125 -0.70703125 0.013092041
vn 0.70703125 -0.70703125 0.013092041
vn -0.75927734 -0.6484375 0.055236816
vn -0.75927734 -0.6484375 0.055236816
vn -0.75927734 -0.6484375 0.055236816
vn -0.92333984 -0.38012695 0.050445557
vn -0.92333984 -0.38012695 0.050445557
vn -0.92333984 -0.38012695 0.050445557
vn -0.015617371 -0.70703125 0.70703125
vn -0.015617371 -0.70703125 0.70703125
vn -0.015617371 -0.70703125 0.70703125
vn -0.031829834 -0.6489258 0.7602539
vn -0.031829834 -0.6489258 0.7602539
vn -0.031829834 -0.6489258 0.7602539
vn 0.7084961 0.0016021729 0.7055664
vn 0.7084961 0.0016021729 0.7055664
vn 0.7084961 0.0016021729 0.7055664
vn 0.7084961 0.0016021729 0.7055664
vn 0.7084961 0.0016021729 0.7055664
vn 0.7084961 0.0016021729 0.7055664
vn 0.078186035 -0.99365234 0.07788086
vn 0.078186035 -0.99365234 0.07788086
vn 0.078186035 -0.99365234 0.07788086
vn -0.23522949 -0.9428711 0.23620605
vn -0.23522949 -0.9428711 0.23620605
vn -0.23522949 -0.9428711 0.23620605
vn 0.6386719 -0.42456055 -0.64160156
vn 0.6386719 -0.42456055 -0.64160156
vn 0.6386719 -0.42456055 -0.64160156
vn -0.64160156 -0.42456055 -0.6386719
vn -0.64160156 -0.42456055 -0.6386719
vn -0.64160156 -0.42456055 -0.6386719
vn 0.8330078 -0.5522461 0.029876709
vn 0.8330078 -0.5522461 0.029876709
vn 0.8330078 -0.5522461 0.029876709
vn 0.07824707 -0.9970703 -0.00029301643
vn 0.07824707 -0.9970703 -0.00029301643
vn 0.07824707 -0.9970703 -0.00029301643
vn -0.24255371 -0.97021484 0.014732361
vn -0.24255371 -0.97021484 0.014732361
vn -0.24255371 -0.97021484 0.014732361
vn -0.8334961 -0.5527344 -0.018051147
vn -0.8334961 -0.5527344 -0.018051147
vn -0.8334961 -0.5527344 -0.018051147
vn 0.0044403076 -0.9970703 0.07824707
vn 0.0044403076 -0.9970703 0.07824707
vn 0.0044403076 -0.9970703 0.07824707
vn -0.0027427673 -0.97021484 0.24255371
vn -0.0027427673 -0.97021484 0.24255371
vn -0.0027427673 -0.97021484 0.24255371
vn 0.7084961 0.0015192032 0.7055664
vn 0.7084961 0.0015192032 0.7055664
vn 0.7084961 0.0015192032 0.7055664
vn 0.7084961 0.0015192032 0.7055664
vn 0.7084961 0.0015192032 0.7055664
vn 0.7084961 0.0015192032 0.7055664
vn 0.5786133 -0.57714844 0.5761719
vn 0.5786133 -0.57714844 0.5761719
vn 0.5786133 -0.57714844 0.5761719
vn -0.6040039 -0.51660156 0.6069336
vn -0.6040039 -0.51660156 0.6069336
vn -0.6040039 -0.51660156 0.6069336
vn 0.6772461 -0.27954102 -0.68066406
vn 0.6772461 -0.27954102 -0.68066406
vn 0.6772461 -0.27954102 -0.68066406
vn -0.68066406 -0.27954102 -0.6772461
vn -0.68066406 -0.27954102 -0.6772461
vn -0.68066406 -0.27954102 -0.6772461
vn 0.9243164 -0.3803711 0.027740479
vn 0.9243164 -0.3803711 0.027740479
vn 0.9243164 -0.3803711 0.027740479
vn 0.70703125 -0.70703125 0.013092041
vn 0.70703125 -0.70703125 0.013092041
vn 0.70703125 -0.70703125 0.013092041
vn -0.7607422 -0.64941406 -0.0023536682
vn -0.7607422 -0.64941406 -0.0023536682
vn -0.7607422 -0.64941406 -0.0023536682
vn -0.9243164 -0.38061523 -0.019592285
vn -0.9243164 -0.38061523 -0.019592285
vn -0.9243164 -0.38061523 -0.019592285
vn -0.015617371 -0.70703125 0.70703125
vn -0.015617371 -0.70703125 0.70703125
vn -0.015617371 -0.70703125 0.70703125
vn -0.031829834 -0.6489258 0.7602539
vn -0.031829834 -0.6489258 0.7602539
vn -0.031829834 -0.6489258 0.7602539
vn -0.76708984 0.0030460358 0.64160156
vn -0.76708984 0.0030460358 0.64160156
vn -0.76708984 0.0030460358 0.64160156
vn -0.76708984 0.0030460358 0.64160156
vn -0.76708984 0.0030460358 0.64160156
vn -0.76708984 0.0030460358 0.64160156
vn 0.64160156 -0.00022637844 0.76708984
vn 0.64160156 -0.00022637844 0.76708984
vn 0.64160156 -0.00022637844 0.76708984
vn 0.64160156 -0.00022697449 0.76708984
vn 0.64160156 -0.00022697449 0.76708984
vn 0.64160156 -0.00022697449 0.76708984
vn 0.38330078 -0.7973633 0.46606445
vn 0.38330078 -0.7973633 0.46606445
vn 0.38330078 -0.7973633 0.46606445
vn -0.50146484 -0.7597656 0.41357422
vn -0.50146484 -0.7597656 0.41357422
vn -0.50146484 -0.7597656 0.41357422
vn 0.64160156 -0.5439453 -0.5410156
vn 0.64160156 -0.5439453 -0.5410156
vn 0.64160156 -0.5439453 -0.5410156
vn -0.51171875 -0.6098633 -0.60498047
vn -0.51171875 -0.6098633 -0.60498047
vn -0.51171875 -0.6098633 -0.60498047
vn 0.73535156 -0.6767578 0.03503418
vn 0.73535156 -0.6767578 0.03503418
vn 0.73535156 -0.6767578 0.03503418
vn 0.62890625 -0.77685547 0.02418518
vn 0.62890625 -0.77685547 0.02418518
vn 0.62890625 -0.77685547 0.02418518
vn 0.7084961 0.0016021729 0.7055664
vn 0.7084961 0.0016021729 0.7055664
vn 0.7084961 0.0016021729 0.7055664
vn 0.7084961 0.0016021729 0.7055664
vn 0.7084961 0.0016021729 0.7055664
vn 0.7084961 0.0016021729 0.7055664
vn 0.5786133 -0.57714844 0.5761719
vn 0.5786133 -0.57714844 0.5761719
vn 0.5786133 -0.57714844 0.5761719
vn -0.6040039 -0.51660156 0.6069336
vn -0.6040039 -0.51660156 0.6069336
vn -0.6040039 -0.51660156 0.6069336
vn 0.6772461 -0.27954102 -0.68066406
vn 0.6772461 -0.27954102 -0.68066406
vn 0.6772461 -0.27954102 -0.68066406
vn -0.68066406 -0.27954102 -0.6772461
vn -0.68066406 -0.27954102 -0.6772461
vn -0.68066406 -0.27954102 -0.6772461
vn 0.9189453 -0.37817383 0.1105957
vn 0.9189453 -0.37817383 0.1105957
vn 0.9189453 -0.37817383 0.1105957
vn 0.7060547 -0.7060547 0.052459717
vn 0.7060547 -0.7060547 0.052459717
vn 0.7060547 -0.7060547 0.052459717
vn -0.7607422 -0.64941406 -0.009437561
vn -0.7607422 -0.64941406 -0.009437561
vn -0.7607422 -0.64941406 -0.009437561
vn -0.921875 -0.37939453 -0.07836914
vn -0.921875 -0.37939453 -0.07836914
vn -0.921875 -0.37939453 -0.07836914
vn -0.015617371 -0.70703125 0.70703125
vn -0.015617371 -0.70703125 0.70703125
vn -0.015617371 -0.70703125 0.70703125
vn -0.031829834 -0.6489258 0.7602539
vn -0.031829834 -0.6489258 0.7602539
vn -0.031829834 -0.6489258 0.7602539
vn -0.77197266 -0.0017004013 -0.6357422
vn -0.77197266 -0.0017004013 -0.6357422
vn -0.77197266 -0.0017004013 -0.6357422
vn -0.7714844 -0.0016918182 -0.6357422
vn -0.7714844 -0.0016918182 -0.6357422
vn -0.7714844 -0.0016918182 -0.6357422
vn 0.77197266 0.0023155212 0.6357422
vn 0.77197266 0.0023155212 0.6357422
vn 0.77197266 0.0023155212 0.6357422
vn 0.7714844 0.0023174286 0.6357422
vn 0.7714844 0.0023174286 0.6357422
vn 0.7714844 0.0023174286 0.6357422
vn -0.4597168 -0.67626953 -0.5756836
vn -0.4597168 -0.67626953 -0.5756836
vn -0.4597168 -0.67626953 -0.5756836
vn -0.5390625 -0.5913086 0.60009766
vn -0.5390625 -0.5913086 0.60009766
vn -0.5390625 -0.5913086 0.60009766
vn 0.54541016 -0.58496094 -0.60009766
vn 0.54541016 -0.58496094 -0.60009766
vn 0.54541016 -0.58496094 -0.60009766
vn 0.61376953 -0.60839844 0.5029297
vn 0.61376953 -0.60839844 0.5029297
vn 0.61376953 -0.60839844 0.5029297
vn -0.5419922 -0.84033203 -0.0024318695
vn -0.5419922 -0.84033203 -0.0024318695
vn -0.5419922 -0.84033203 -0.0024318695
vn -0.6899414 -0.7236328 8.016825E-05
vn -0.6899414 -0.7236328 8.016825E-05
vn -0.6899414 -0.7236328 8.016825E-05
vn 0.7519531 0.0016021729 0.6591797
vn 0.7519531 0.0016021729 0.6591797
vn 0.7519531 0.0016021729 0.6591797
vn 0.7519531 0.0016021729 0.6591797
vn 0.7519531 0.0016021729 0.6591797
vn 0.7519531 0.0016021729 0.6591797
vn 0.6142578 -0.57714844 0.53808594
vn 0.6142578 -0.57714844 0.53808594
vn 0.6142578 -0.57714844 0.53808594
vn -0.5644531 -0.51660156 0.64404297
vn -0.5644531 -0.51660156 0.64404297
vn -0.5644531 -0.51660156 0.64404297
vn 0.5654297 -0.51464844 -0.64501953
vn 0.5654297 -0.51464844 -0.64501953
vn 0.5654297 -0.51464844 -0.64501953
vn -0.64501953 -0.51464844 -0.5654297
vn -0.64501953 -0.51464844 -0.5654297
vn -0.64501953 -0.51464844 -0.5654297
vn 0.7636719 -0.6459961 0.010215759
vn 0.7636719 -0.6459961 0.010215759
vn 0.7636719 -0.6459961 0.010215759
vn 0.7080078 -0.7060547 0.004508972
vn 0.7080078 -0.7060547 0.004508972
vn 0.7080078 -0.7060547 0.004508972
vn 0.02923584 -0.70703125 0.70654297
vn 0.02923584 -0.70703125 0.70654297
vn 0.02923584 -0.70703125 0.70654297
vn 0.016418457 -0.6489258 0.7607422
vn 0.016418457 -0.6489258 0.7607422
vn 0.016418457 -0.6489258 0.7607422
vn -0.76708984 0.0030460358 0.64160156
vn -0.76708984 0.0030460358 0.64160156
vn -0.76708984 0.0030460358 0.64160156
vn -0.76708984 0.0030460358 0.64160156
vn -0.76708984 0.0030460358 0.64160156
vn -0.76708984 0.0030460358 0.64160156
vn 0.64160156 -0.0002259016 0.76708984
vn 0.64160156 -0.0002259016 0.76708984
vn 0.64160156 -0.0002259016 0.76708984
vn 0.64160156 -0.00022685528 0.76708984
vn 0.64160156 -0.00022685528 0.76708984
vn 0.64160156 -0.00022685528 0.76708984
vn 0.38330078 -0.7973633 0.46606445
vn 0.38330078 -0.7973633 0.46606445
vn 0.38330078 -0.7973633 0.46606445
vn -0.50146484 -0.7597656 0.41357422
vn -0.50146484 -0.7597656 0.41357422
vn -0.50146484 -0.7597656 0.41357422
vn 0.64160156 -0.5439453 -0.5410156
vn 0.64160156 -0.5439453 -0.5410156
vn 0.64160156 -0.5439453 -0.5410156
vn -0.51171875 -0.6098633 -0.60498047
vn -0.51171875 -0.6098633 -0.60498047
vn -0.51171875 -0.6098633 -0.60498047
vn 0.7373047 -0.67578125 -4.5001507E-05
vn 0.7373047 -0.67578125 -4.5001507E-05
vn 0.7373047 -0.67578125 -4.5001507E-05
vn 0.6411133 -0.7675781 -0.009544373
vn 0.6411133 -0.7675781 -0.009544373
vn 0.6411133 -0.7675781 -0.009544373
vn -0.7451172 0.0030460358 0.6669922
vn -0.7451172 0.0030460358 0.6669922
vn -0.7451172 0.0030460358 0.6669922
vn -0.7451172 0.0030460358 0.6669922
vn -0.7451172 0.0030460358 0.6669922
vn -0.7451172 0.0030460358 0.6669922
vn 0.6669922 -0.00022649765 0.7451172
vn 0.6669922 -0.00022649765 0.7451172
vn 0.6669922 -0.00022649765 0.7451172
vn 0.6669922 -0.00022697449 0.7451172
vn 0.6669922 -0.00022697449 0.7451172
vn 0.6669922 -0.00022697449 0.7451172
vn 0.3984375 -0.7973633 0.453125
vn 0.3984375 -0.7973633 0.453125
vn 0.3984375 -0.7973633 0.453125
vn -0.48754883 -0.7597656 0.42993164
vn -0.48754883 -0.7597656 0.42993164
vn -0.48754883 -0.7597656 0.42993164
vn 0.6230469 -0.5439453 -0.5620117
vn 0.6230469 -0.5439453 -0.5620117
vn 0.6230469 -0.5439453 -0.5620117
vn -0.53125 -0.6098633 -0.5878906
vn -0.53125 -0.6098633 -0.5878906
vn -0.53125 -0.6098633 -0.5878906
vn 0.73583984 -0.6767578 0.010520935
vn 0.73583984 -0.6767578 0.010520935
vn 0.73583984 -0.6767578 0.010520935
vn 0.62939453 -0.77685547 0.0032215118
vn 0.62939453 -0.77685547 0.0032215118
vn 0.62939453 -0.77685547 0.0032215118
vn -0.72753906 0.0030460358 0.68603516
vn -0.72753906 0.0030460358 0.68603516
vn -0.72753906 0.0030460358 0.68603516
vn -0.72753906 0.0030460358 0.68603516
vn -0.72753906 0.0030460358 0.68603516
vn -0.72753906 0.0030460358 0.68603516
vn 0.68603516 -0.00022649765 0.72753906
vn 0.68603516 -0.00022649765 0.72753906
vn 0.68603516 -0.00022649765 0.72753906
vn 0.68603516 -0.00022697449 0.72753906
vn 0.68603516 -0.00022697449 0.72753906
vn 0.68603516 -0.00022697449 0.72753906
vn 0.41015625 -0.7973633 0.44262695
vn 0.41015625 -0.7973633 0.44262695
vn 0.41015625 -0.7973633 0.44262695
vn -0.47607422 -0.7597656 0.44262695
vn -0.47607422 -0.7597656 0.44262695
vn -0.47607422 -0.7597656 0.44262695
vn 0.60791016 -0.5439453 -0.578125
vn 0.60791016 -0.5439453 -0.578125
vn 0.60791016 -0.5439453 -0.578125
vn -0.5463867 -0.6098633 -0.57373047
vn -0.5463867 -0.6098633 -0.57373047
vn -0.5463867 -0.6098633 -0.57373047
vn 0.73583984 -0.6767578 -0.008705139
vn 0.73583984 -0.6767578 -0.008705139
vn 0.73583984 -0.6767578 -0.008705139
vn 0.62939453 -0.77685547 -0.013221741
vn 0.62939453 -0.77685547 -0.013221741
vn 0.62939453 -0.77685547 -0.013221741
vn -0.72753906 0.0030460358 0.68603516
vn -0.72753906 0.0030460358 0.68603516
vn -0.72753906 0.0030460358 0.68603516
vn -0.72753906 0.0030460358 0.68603516
vn -0.72753906 0.0030460358 0.68603516
vn -0.72753906 0.0030460358 0.68603516
vn 0.68603516 -0.00022661686 0.72753906
vn 0.68603516 -0.00022661686 0.72753906
vn 0.68603516 -0.00022661686 0.72753906
vn 0.68603516 -0.0002270937 0.72753906
vn 0.68603516 -0.0002270937 0.72753906
vn 0.68603516 -0.0002270937 0.72753906
vn 0.41015625 -0.7973633 0.44262695
vn 0.41015625 -0.7973633 0.44262695
vn 0.41015625 -0.7973633 0.44262695
vn -0.47607422 -0.7597656 0.44262695
vn -0.47607422 -0.7597656 0.44262695
vn -0.47607422 -0.7597656 0.44262695
vn 0.60791016 -0.5439453 -0.578125
vn 0.60791016 -0.5439453 -0.578125
vn 0.60791016 -0.5439453 -0.578125
vn -0.5463867 -0.6098633 -0.57373047
vn -0.5463867 -0.6098633 -0.57373047
vn -0.5463867 -0.6098633 -0.57373047
vn 0.73583984 -0.6767578 -0.011955261
vn 0.73583984 -0.6767578 -0.011955261
vn 0.73583984 -0.6767578 -0.011955261
vn 0.6308594 -0.7758789 -0.018066406
vn 0.6308594 -0.7758789 -0.018066406
vn 0.6308594 -0.7758789 -0.018066406
vn -0.0418396 0.00076293945 0.99902344
vn -0.0418396 0.00076293945 0.99902344
vn -0.0418396 0.00076293945 0.99902344
vn -0.0418396 0.00076293945 0.99902344
vn -1 -1.7166138E-05 -0.020446777
vn -1 -1.7166138E-05 -0.020446777
vn -1 -1.7166138E-05 -0.020446777
vn -1 2.3841858E-07 -0.020401001
vn 0.0418396 7.748604E-07 -0.99902344
vn 0.0418396 7.748604E-07 -0.99902344
vn 0.0418396 7.748604E-07 -0.99902344
vn 0.0418396 6.556511E-07 -0.99902344
vn 1 -4.7683716E-07 0.020446777
vn 1 -4.7683716E-07 0.020446777
vn 1 -4.7683716E-07 0.020446777
vn 1 1.692772E-05 0.020401001
vn -0.7055664 0.00053977966 0.7084961
vn -0.7055664 0.00053977966 0.7084961
vn -0.7055664 0.00053977966 0.7084961
vn -0.7055664 0.0005402565 0.7084961
vn -0.7084961 6.556511E-07 -0.7055664
vn -0.7084961 6.556511E-07 -0.7055664
vn -0.7084961 6.556511E-07 -0.7055664
vn -0.7084961 7.1525574E-07 -0.7055664
vn 0.7055664 1.7881393E-07 -0.7084961
vn 0.7055664 1.7881393E-07 -0.7084961
vn 0.7055664 1.7881393E-07 -0.7084961
vn 0.7055664 0 -0.7084961
vn 0.03869629 -0.3803711 -0.9238281
vn 0.03869629 -0.3803711 -0.9238281
vn 0.03869629 -0.3803711 -0.9238281
vn 0.03869629 -0.3803711 -0.9238281
vn -0.036895752 0.0022945404 0.9995117
vn -0.036895752 0.0022945404 0.9995117
vn -0.036895752 0.0022945404 0.9995117
vn -0.0368042 0.0023860931 0.9995117
vn -1 0.00021398067 -0.006778717
vn -1 0.00021398067 -0.006778717
vn -1 0.00021398067 -0.006778717
vn -1 0 -0.006839752
vn 0.036895752 1.1324883E-06 -0.9995117
vn 0.036895752 1.1324883E-06 -0.9995117
vn 0.036895752 1.1324883E-06 -0.9995117
vn 0.036895752 1.0728836E-06 -0.9995117
vn 1 -1.4901161E-06 0.006778717
vn 1 -1.4901161E-06 0.006778717
vn 1 -1.4901161E-06 0.006778717
vn 1 -0.00020647049 0.0068359375
vn -0.6357422 8.34465E-07 -0.77197266
vn -0.6357422 8.34465E-07 -0.77197266
vn -0.6357422 8.34465E-07 -0.77197266
vn -0.6357422 8.34465E-07 -0.77197266
vn 0.77197266 -4.172325E-07 -0.6357422
vn 0.77197266 -4.172325E-07 -0.6357422
vn 0.77197266 -4.172325E-07 -0.6357422
vn 0.77197266 -6.556511E-07 -0.6357422
vn -0.7729492 -0.6347656 -0.005191803
vn -0.7729492 -0.6347656 -0.005191803
vn -0.7729492 -0.6347656 -0.005191803
vn -0.7758789 -0.6308594 -0.005306244
vn -0.0076408386 0.006290436 1
vn -0.0076408386 0.006290436 1
vn -0.0076408386 0.006290436 1
vn -0.0076408386 0.006290436 1
vn -1 7.6293945E-05 0.0035324097
vn -1 7.6293945E-05 0.0035324097
vn -1 7.6293945E-05 0.0035324097
vn -1 -1.7881393E-06 0.0035190582
vn 0.0076408386 2.9206276E-06 -1
vn 0.0076408386 2.9206276E-06 -1
vn 0.0076408386 2.9206276E-06 -1
vn 0.0076408386 3.8146973E-06 -1
vn 1 -3.5762787E-06 -0.004753113
vn 1 -3.5762787E-06 -0.004753113
vn 1 -3.5762787E-06 -0.004753113
vn 1 -8.7440014E-05 -0.0047340393
vn -0.7133789 0.004447937 0.7006836
vn -0.7133789 0.004447937 0.7006836
vn -0.7133789 0.004447937 0.7006836
vn -0.7133789 0.004447937 0.7006836
vn 0.99853516 0.00026226044 0.05026245
vn 0.99853516 0.00026226044 0.05026245
vn 0.99853516 0.00026226044 0.05026245
vn 0.99853516 0.00025868416 0.05029297
vn -0.7006836 8.34465E-07 -0.7133789
vn -0.7006836 8.34465E-07 -0.7133789
vn -0.7006836 8.34465E-07 -0.7133789
vn -0.7006836 2.0861626E-06 -0.7133789
vn 0.7133789 1.1920929E-07 -0.7006836
vn 0.7133789 1.1920929E-07 -0.7006836
vn 0.7133789 1.1920929E-07 -0.7006836
vn 0.7133789 -5.364418E-07 -0.7006836
vn 0.6225586 -0.78271484 -0.0021915436
vn 0.6225586 -0.78271484 -0.0021915436
vn 0.6225586 -0.78271484 -0.0021915436
vn 0.58935547 -0.80810547 -0.002790451
vn 0.0047569275 -0.78271484 -0.6225586
vn 0.0047569275 -0.78271484 -0.6225586
vn 0.0047569275 -0.78271484 -0.6225586
vn 0.0047569275 -0.78271484 -0.6225586
vn -0.6225586 -0.78271484 0.0021915436
vn -0.6225586 -0.78271484 0.0021915436
vn -0.6225586 -0.78271484 0.0021915436
vn -0.6225586 -0.78271484 0.0021896362
vn -0.0047569275 -0.78271484 0.6225586
vn -0.0047569275 -0.78271484 0.6225586
vn -0.0047569275 -0.78271484 0.6225586
vn -0.0047569275 -0.78271484 0.6225586
vn 0.03704834 0.0056381226 0.9995117
vn 0.03704834 0.0056381226 0.9995117
vn 0.03704834 0.0056381226 0.9995117
vn 0.03704834 0.0056381226 0.9995117
vn -0.99560547 0.00032544136 0.09259033
vn -0.99560547 0.00032544136 0.09259033
vn -0.99560547 0.00032544136 0.09259033
vn -0.99560547 -1.7285347E-06 0.09234619
vn -0.03704834 1.4305115E-06 -0.9995117
vn -0.03704834 1.4305115E-06 -0.9995117
vn -0.03704834 1.4305115E-06 -0.9995117
vn -0.03704834 1.9073486E-06 -0.9995117
vn 0.99560547 -3.0994415E-06 -0.09259033
vn 0.99560547 -3.0994415E-06 -0.09259033
vn 0.99560547 -3.0994415E-06 -0.09259033
vn 0.99560547 -0.00032615662 -0.09234619
vn -0.6821289 0.0039863586 0.7314453
vn -0.6821289 0.0039863586 0.7314453
vn -0.6821289 0.0039863586 0.7314453
vn -0.6821289 0.0039863586 0.7314453
vn -0.7314453 -4.7683716E-07 -0.6821289
vn -0.7314453 -4.7683716E-07 -0.6821289
vn -0.7314453 -4.7683716E-07 -0.6821289
vn -0.7314453 9.536743E-07 -0.6821289
vn 0.6821289 -8.940697E-07 -0.7314453
vn 0.6821289 -8.940697E-07 -0.7314453
vn 0.6821289 -8.940697E-07 -0.7314453
vn 0.6821289 -1.4901161E-06 -0.7314453
vn 0.85839844 -0.50683594 -0.07965088
vn 0.85839844 -0.50683594 -0.07965088
vn 0.85839844 -0.50683594 -0.07965088
vn 0.85839844 -0.50683594 -0.07965088
vn -0.031951904 -0.5073242 -0.8613281
vn -0.031951904 -0.5073242 -0.8613281
vn -0.031951904 -0.5073242 -0.8613281
vn -0.031951904 -0.5073242 -0.8613281
vn -0.85839844 -0.50683594 0.07965088
vn -0.85839844 -0.50683594 0.07965088
vn -0.85839844 -0.50683594 0.07965088
vn -0.85839844 -0.50634766 0.07965088
vn 0.031951904 -0.5073242 0.8613281
vn 0.031951904 -0.5073242 0.8613281
vn 0.031951904 -0.5073242 0.8613281
vn 0.031951904 -0.5073242 0.8613281
vn -0.005332947 0.0019483566 1
vn -0.005332947 0.0019483566 1
vn -0.005332947 0.0019483566 1
vn -0.005332947 0.0019493103 1
vn -0.9995117 1.4066696E-05 0.02267456
vn -0.9995117 1.4066696E-05 0.02267456
vn -0.9995117 1.4066696E-05 0.02267456
vn -0.9995117 -4.7683716E-07 0.022659302
vn 0.005332947 1.66893E-06 -1
vn 0.005332947 1.66893E-06 -1
vn 0.005332947 1.66893E-06 -1
vn 0.005332947 1.7285347E-06 -1
vn 0.9995117 -8.940697E-07 -0.02267456
vn 0.9995117 -8.940697E-07 -0.02267456
vn 0.9995117 -8.940697E-07 -0.02267456
vn 0.9995117 -1.3589859E-05 -0.022659302
vn -0.69628906 0.0013780594 0.71777344
vn -0.69628906 0.0013780594 0.71777344
vn -0.69628906 0.0013780594 0.71777344
vn -0.69628906 0.0013780594 0.71777344
vn -0.71777344 6.556511E-07 -0.69628906
vn -0.71777344 6.556511E-07 -0.69628906
vn -0.71777344 6.556511E-07 -0.69628906
vn -0.71777344 8.34465E-07 -0.69628906
vn 0.69628906 5.9604645E-07 -0.71777344
vn 0.69628906 5.9604645E-07 -0.71777344
vn 0.69628906 5.9604645E-07 -0.71777344
vn 0.69628906 4.7683716E-07 -0.71777344
vn 0.70703125 -0.70703125 -0.016021729
vn 0.70703125 -0.70703125 -0.016021729
vn 0.70703125 -0.70703125 -0.016021729
vn 0.70703125 -0.70703125 -0.016021729
vn 0.0037727356 -0.70703125 -0.70703125
vn 0.0037727356 -0.70703125 -0.70703125
vn 0.0037727356 -0.70703125 -0.70703125
vn 0.0037708282 -0.70703125 -0.70703125
vn -0.70703125 -0.70703125 0.016021729
vn -0.70703125 -0.70703125 0.016021729
vn -0.70703125 -0.70703125 0.016021729
vn -0.70703125 -0.70703125 0.016021729
vn -0.0037727356 -0.70703125 0.70703125
vn -0.0037727356 -0.70703125 0.70703125
vn -0.0037727356 -0.70703125 0.70703125
vn -0.0037708282 -0.70703125 0.70703125
vn -0.02708435 0.0019359589 0.9995117
vn -0.02708435 0.0019359589 0.9995117
vn -0.02708435 0.0019359589 0.9995117
vn -0.027069092 0.0019359589 0.9995117
vn -1 5.2452087E-05 -0.0021400452
vn -1 5.2452087E-05 -0.0021400452
vn -1 5.2452087E-05 -0.0021400452
vn -1 -5.364418E-07 -0.0022258759
vn 0.027069092 1.0728836E-06 -0.9995117
vn 0.027069092 1.0728836E-06 -0.9995117
vn 0.027069092 1.0728836E-06 -0.9995117
vn 0.027069092 1.3113022E-06 -0.9995117
vn 1 -1.1324883E-06 0.0021419525
vn 1 -1.1324883E-06 0.0021419525
vn 1 -1.1324883E-06 0.0021419525
vn 1 -5.286932E-05 0.0022239685
vn -0.72753906 0.0013685226 0.68603516
vn -0.72753906 0.0013685226 0.68603516
vn -0.72753906 0.0013685226 0.68603516
vn -0.72753906 0.0013685226 0.68603516
vn -0.68603516 2.9802322E-07 -0.72753906
vn -0.68603516 2.9802322E-07 -0.72753906
vn -0.68603516 2.9802322E-07 -0.72753906
vn -0.68603516 7.748604E-07 -0.72753906
vn 0.72753906 1.1920929E-07 -0.68603516
vn 0.72753906 1.1920929E-07 -0.68603516
vn 0.72753906 1.1920929E-07 -0.68603516
vn 0.72753906 -2.3841858E-07 -0.68603516
vn 0.70703125 -0.70703125 0.0015745163
vn 0.70703125 -0.70703125 0.0015745163
vn 0.70703125 -0.70703125 0.0015745163
vn 0.70703125 -0.70703125 0.0015716553
vn 0.01914978 -0.70703125 -0.70703125
vn 0.01914978 -0.70703125 -0.70703125
vn 0.01914978 -0.70703125 -0.70703125
vn 0.01914978 -0.70703125 -0.70703125
vn -0.70703125 -0.70703125 -0.0015735626
vn -0.70703125 -0.70703125 -0.0015735626
vn -0.70703125 -0.70703125 -0.0015735626
vn -0.70703125 -0.70703125 -0.00157547
vn -0.01914978 -0.70703125 0.70703125
vn -0.01914978 -0.70703125 0.70703125
vn -0.01914978 -0.70703125 0.70703125
vn -0.01914978 -0.70703125 0.70703125
vn -0.0037078857 0.00299263 1
vn -0.0037078857 0.00299263 1
vn -0.0037078857 0.00299263 1
vn -0.0037078857 0.00299263 1
vn -1 4.887581E-06 -0.0044517517
vn -1 4.887581E-06 -0.0044517517
vn -1 4.887581E-06 -0.0044517517
vn -1 -9.536743E-07 -0.0044555664
vn 0.0037078857 1.7881393E-06 -1
vn 0.0037078857 1.7881393E-06 -1
vn 0.0037078857 1.7881393E-06 -1
vn 0.0037078857 2.026558E-06 -1
vn 1 -1.9073486E-06 0.0044517517
vn 1 -1.9073486E-06 0.0044517517
vn 1 -1.9073486E-06 0.0044517517
vn 1 -4.887581E-06 0.0044517517
vn -0.7114258 0.0021152496 0.703125
vn -0.7114258 0.0021152496 0.703125
vn -0.7114258 0.0021152496 0.703125
vn -0.7114258 0.002117157 0.703125
vn -0.703125 0 -0.7114258
vn -0.703125 0 -0.7114258
vn -0.703125 0 -0.7114258
vn -0.703125 1.2516975E-06 -0.7114258
vn 0.7114258 7.748604E-07 -0.703125
vn 0.7114258 7.748604E-07 -0.703125
vn 0.7114258 7.748604E-07 -0.703125
vn 0.7114258 -4.172325E-07 -0.703125
vn 0.70703125 -0.70703125 0.0031490326
vn 0.70703125 -0.70703125 0.0031490326
vn 0.70703125 -0.70703125 0.0031490326
vn 0.70703125 -0.70703125 0.0031471252
vn 0.002620697 -0.70703125 -0.70703125
vn 0.002620697 -0.70703125 -0.70703125
vn 0.002620697 -0.70703125 -0.70703125
vn 0.0026226044 -0.70703125 -0.70703125
vn -0.70703125 -0.70703125 -0.00315094
vn -0.70703125 -0.70703125 -0.00315094
vn -0.70703125 -0.70703125 -0.00315094
vn -0.70703125 -0.70703125 -0.00315094
vn -0.0026226044 -0.70703125 0.70703125
vn -0.0026226044 -0.70703125 0.70703125
vn -0.0026226044 -0.70703125 0.70703125
vn -0.0026226044 -0.70703125 0.70703125
vn 0.0035076141 0.0017023087 1
vn 0.0035076141 0.0017023087 1
vn 0.0035076141 0.0017023087 1
vn 0.0035095215 0.0017023087 1
vn -1 2.6524067E-05 0.01701355
vn -1 2.6524067E-05 0.01701355
vn -1 2.6524067E-05 0.01701355
vn -1 -5.364418E-07 0.016998291
vn -0.0035076141 1.3709068E-06 -1
vn -0.0035076141 1.3709068E-06 -1
vn -0.0035076141 1.3709068E-06 -1
vn -0.0035095215 1.7285347E-06 -1
vn 1 -9.536743E-07 -0.01701355
vn 1 -9.536743E-07 -0.01701355
vn 1 -9.536743E-07 -0.01701355
vn 1 -2.7477741E-05 -0.016998291
vn -0.7060547 0.0012025833 0.7080078
vn -0.7060547 0.0012025833 0.7080078
vn -0.7060547 0.0012025833 0.7080078
vn -0.7060547 0.0012025833 0.7080078
vn -0.7080078 5.364418E-07 -0.7060547
vn -0.7080078 5.364418E-07 -0.7060547
vn -0.7080078 5.364418E-07 -0.7060547
vn -0.7080078 9.536743E-07 -0.7060547
vn 0.7060547 5.364418E-07 -0.7080078
vn 0.7060547 5.364418E-07 -0.7080078
vn 0.7060547 5.364418E-07 -0.7080078
vn 0.7060547 1.7881393E-07 -0.7080078
vn 0.70703125 -0.70703125 -0.012023926
vn 0.70703125 -0.70703125 -0.012023926
vn 0.70703125 -0.70703125 -0.012023926
vn 0.70703125 -0.70703125 -0.012023926
vn -0.0024814606 -0.70703125 -0.70703125
vn -0.0024814606 -0.70703125 -0.70703125
vn -0.0024814606 -0.70703125 -0.70703125
vn -0.0024814606 -0.70703125 -0.70703125
vn -0.70703125 -0.70703125 0.012023926
vn -0.70703125 -0.70703125 0.012023926
vn -0.70703125 -0.70703125 0.012023926
vn -0.70703125 -0.70703125 0.012023926
vn 0.0024795532 -0.70703125 0.70703125
vn 0.0024795532 -0.70703125 0.70703125
vn 0.0024795532 -0.70703125 0.70703125
vn 0.0024814606 -0.70703125 0.70703125
vn -0.0076446533 -0.025146484 0.9995117
vn -0.0076446533 -0.025146484 0.9995117
vn -0.0076446533 -0.025146484 0.9995117
vn -0.0076446533 -0.025146484 0.9995117
vn -1 -0.00033426285 -0.0033855438
vn -1 -0.00033426285 -0.0033855438
vn -1 -0.00033426285 -0.0033855438
vn -1 -0.00040340424 -0.003452301
vn 0.007633209 0.026382446 -0.9995117
vn 0.007633209 0.026382446 -0.9995117
vn 0.007633209 0.026382446 -0.9995117
vn 0.0076293945 0.026382446 -0.9995117
vn 1 0.00040364265 0.0033874512
vn 1 0.00040364265 0.0033874512
vn 1 0.00040364265 0.0033874512
vn 1 0.00033259392 0.003452301
vn -0.75 -0.016937256 0.6611328
vn -0.75 -0.016937256 0.6611328
vn -0.75 -0.016937256 0.6611328
vn -0.75 -0.016937256 0.6611328
vn -0.6665039 0.019332886 -0.7451172
vn -0.6665039 0.019332886 -0.7451172
vn -0.6665039 0.019332886 -0.7451172
vn -0.6665039 0.019332886 -0.7451172
vn 0.75 0.017822266 -0.6611328
vn 0.75 0.017822266 -0.6611328
vn 0.75 0.017822266 -0.6611328
vn 0.75 0.017822266 -0.6611328
vn 0.011734009 -0.68896484 -0.7246094
vn 0.011734009 -0.68896484 -0.7246094
vn 0.011734009 -0.68896484 -0.7246094
vn 0.01335907 -0.66308594 -0.74853516
vn -0.578125 -0.81591797 -0.0057144165
vn -0.578125 -0.81591797 -0.0057144165
vn -0.578125 -0.81591797 -0.0057144165
vn -0.5864258 -0.8100586 -0.0059280396
vn 0.0041770935 -0.8408203 0.5415039
vn 0.0041770935 -0.8408203 0.5415039
vn 0.0041770935 -0.8408203 0.5415039
vn 0.005306244 -0.8486328 0.5292969
vn 0.007801056 0.0019359589 1
vn 0.007801056 0.0019359589 1
vn 0.007801056 0.0019359589 1
vn 0.007801056 0.0019359589 1
vn -0.9995117 4.082918E-05 0.02684021
vn -0.9995117 4.082918E-05 0.02684021
vn -0.9995117 4.082918E-05 0.02684021
vn -0.9995117 -5.9604645E-07 0.026779175
vn -0.007801056 5.9604645E-07 -1
vn -0.007801056 5.9604645E-07 -1
vn -0.007801056 5.9604645E-07 -1
vn -0.0078048706 1.013279E-06 -1
vn 0.9995117 -1.0728836E-06 -0.02684021
vn 0.9995117 -1.0728836E-06 -0.02684021
vn 0.9995117 -1.0728836E-06 -0.02684021
vn 0.9995117 -4.184246E-05 -0.026779175
vn -0.703125 0.0013685226 0.7109375
vn -0.703125 0.0013685226 0.7109375
vn -0.703125 0.0013685226 0.7109375
vn -0.703125 0.0013685226 0.7109375
vn -0.7109375 0 -0.703125
vn -0.7109375 0 -0.703125
vn -0.7109375 0 -0.703125
vn -0.7109375 4.172325E-07 -0.703125
vn 0.703125 0 -0.7109375
vn 0.703125 0 -0.7109375
vn 0.703125 0 -0.7109375
vn 0.703125 -3.5762787E-07 -0.7109375
vn 0.70703125 -0.70703125 -0.018936157
vn 0.70703125 -0.70703125 -0.018936157
vn 0.70703125 -0.70703125 -0.018936157
vn 0.70703125 -0.70703125 -0.018936157
vn -0.0055160522 -0.70703125 -0.70703125
vn -0.0055160522 -0.70703125 -0.70703125
vn -0.0055160522 -0.70703125 -0.70703125
vn -0.0055160522 -0.70703125 -0.70703125
vn -0.70703125 -0.70703125 0.018936157
vn -0.70703125 -0.70703125 0.018936157
vn -0.70703125 -0.70703125 0.018936157
vn -0.70703125 -0.70703125 0.018936157
vn 0.0055160522 -0.70703125 0.70703125
vn 0.0055160522 -0.70703125 0.70703125
vn 0.0055160522 -0.70703125 0.70703125
vn 0.0055160522 -0.70703125 0.70703125
vn -0.014778137 0.0021877289 1
vn -0.014778137 0.0021877289 1
vn -0.014778137 0.0021877289 1
vn -0.014778137 0.0021877289 1
vn -1 3.272295E-05 -0.0019407272
vn -1 3.272295E-05 -0.0019407272
vn -1 3.272295E-05 -0.0019407272
vn -1 -6.556511E-07 -0.0019702911
vn 0.014778137 6.556511E-07 -1
vn 0.014778137 6.556511E-07 -1
vn 0.014778137 6.556511E-07 -1
vn 0.014778137 9.536743E-07 -1
vn 1 -1.2516975E-06 0.0019416809
vn 1 -1.2516975E-06 0.0019416809
vn 1 -1.2516975E-06 0.0019416809
vn 1 -3.3318996E-05 0.0019702911
vn -0.7192383 0.0015459061 0.6948242
vn -0.7192383 0.0015459061 0.6948242
vn -0.7192383 0.0015459061 0.6948242
vn -0.7192383 0.0015459061 0.6948242
vn -0.6948242 -1.7881393E-07 -0.7192383
vn -0.6948242 -1.7881393E-07 -0.7192383
vn -0.6948242 -1.7881393E-07 -0.7192383
vn -0.6948242 0 -0.7192383
vn 0.7192383 -2.3841858E-07 -0.6948242
vn 0.7192383 -2.3841858E-07 -0.6948242
vn 0.7192383 -2.3841858E-07 -0.6948242
vn 0.7192383 -8.940697E-07 -0.6948242
vn 0.70703125 -0.70703125 0.0013933182
vn 0.70703125 -0.70703125 0.0013933182
vn 0.70703125 -0.70703125 0.0013933182
vn 0.70703125 -0.70703125 0.0013923645
vn 0.0104522705 -0.70703125 -0.70703125
vn 0.0104522705 -0.70703125 -0.70703125
vn 0.0104522705 -0.70703125 -0.70703125
vn 0.0104522705 -0.70703125 -0.70703125
vn -0.70703125 -0.70703125 -0.0013942719
vn -0.70703125 -0.70703125 -0.0013942719
vn -0.70703125 -0.70703125 -0.0013942719
vn -0.70703125 -0.70703125 -0.0013952255
vn -0.0104522705 -0.70703125 0.70703125
vn -0.0104522705 -0.70703125 0.70703125
vn -0.0104522705 -0.70703125 0.70703125
vn -0.0104522705 -0.70703125 0.70703125
vn 0.0036449432 0.0027427673 1
vn 0.0036449432 0.0027427673 1
vn 0.0036449432 0.0027427673 1
vn 0.0036449432 0.0027427673 1
vn -1 -4.965067E-05 0.012680054
vn -1 -4.965067E-05 0.012680054
vn -1 -4.965067E-05 0.012680054
vn -1 -8.994341E-05 0.012641907
vn -0.0036449432 -0.0017051697 -1
vn -0.0036449432 -0.0017051697 -1
vn -0.0036449432 -0.0017051697 -1
vn -0.0036449432 -0.001704216 -1
vn 1 8.8989735E-05 -0.012680054
vn 1 8.8989735E-05 -0.012680054
vn 1 8.8989735E-05 -0.012680054
vn 1 4.9173832E-05 -0.012641907
vn -0.72509766 0.0018262863 0.68847656
vn -0.72509766 0.0018262863 0.68847656
vn -0.72509766 0.0018262863 0.68847656
vn -0.72509766 0.0018262863 0.68847656
vn -0.68847656 -0.0013132095 -0.72509766
vn -0.68847656 -0.0013132095 -0.72509766
vn -0.68847656 -0.0013132095 -0.72509766
vn -0.68847656 -0.0013132095 -0.72509766
vn 0.72509766 -0.0010929108 -0.68847656
vn 0.72509766 -0.0010929108 -0.68847656
vn 0.72509766 -0.0010929108 -0.68847656
vn 0.72509766 -0.0010929108 -0.68847656
vn 0.55566406 -0.83154297 -0.005218506
vn 0.55566406 -0.83154297 -0.005218506
vn 0.55566406 -0.83154297 -0.005218506
vn 0.55566406 -0.83154297 -0.005218506
vn -0.0018987656 -0.83984375 -0.54296875
vn -0.0018987656 -0.83984375 -0.54296875
vn -0.0018987656 -0.83984375 -0.54296875
vn -0.0018997192 -0.83984375 -0.54296875
vn -0.5541992 -0.83251953 0.008811951
vn -0.5541992 -0.83251953 0.008811951
vn -0.5541992 -0.83251953 0.008811951
vn -0.5541992 -0.83251953 0.008811951
vn 0.0021438599 -0.82421875 0.56640625
vn 0.0021438599 -0.82421875 0.56640625
vn 0.0021438599 -0.82421875 0.56640625
vn 0.0021438599 -0.82421875 0.56640625
vn -0.011627197 0.0007004738 1
vn -0.011627197 0.0007004738 1
vn -0.011627197 0.0007004738 1
vn 0.0018596649 0.0041236877 1
vn -1 0.0008993149 -0.010726929
vn -1 0.0008993149 -0.010726929
vn -1 0.0008993149 -0.010726929
vn -1 3.5762787E-07 -0.01184082
vn 0.0552063 1.013279E-06 -0.99853516
vn 0.0552063 1.013279E-06 -0.99853516
vn 0.0552063 1.013279E-06 -0.99853516
vn 0.0552063 1.3709068E-06 -0.99853516
vn 1 -1.7881393E-07 0.014045715
vn 1 -1.7881393E-07 0.014045715
vn 1 -1.7881393E-07 0.014045715
vn 1 -5.722046E-05 0.01411438
vn -0.63720703 1.1324883E-06 -0.7709961
vn -0.63720703 1.1324883E-06 -0.7709961
vn -0.63720703 1.1324883E-06 -0.7709961
vn -0.63720703 1.013279E-06 -0.7709961
vn 0.7709961 1.7881393E-07 -0.63671875
vn 0.7709961 1.7881393E-07 -0.63671875
vn 0.7709961 1.7881393E-07 -0.63671875
vn 0.7709961 7.748604E-07 -0.63720703
vn 0.69970703 -0.71435547 0.009880066
vn 0.69970703 -0.71435547 0.009880066
vn 0.69970703 -0.71435547 0.009880066
vn 0.69970703 -0.71435547 0.009880066
vn 0.038604736 -0.71533203 -0.6977539
vn 0.038604736 -0.71533203 -0.6977539
vn 0.038604736 -0.71533203 -0.6977539
vn 0.038604736 -0.71533203 -0.6977539
vn -0.6870117 -0.7270508 -0.007865906
vn -0.6870117 -0.7270508 -0.007865906
vn -0.6870117 -0.7270508 -0.007865906
vn -0.69970703 -0.71435547 -0.008285522
vn 0.0013008118 -0.7138672 0.7001953
vn 0.0013008118 -0.7138672 0.7001953
vn 0.0013008118 -0.7138672 0.7001953
vn 0.0013017654 -0.7138672 0.7001953
vn -0.99072266 0.0014543533 -0.13586426
vn -0.99072266 0.0014543533 -0.13586426
vn -0.99072266 0.0014543533 -0.13586426
vn -0.99072266 0.0014638901 -0.13586426
vn -0.17919922 8.0645084E-05 0.9838867
vn -0.17919922 8.0645084E-05 0.9838867
vn -0.17919922 8.0645084E-05 0.9838867
vn -0.17895508 -7.748604E-07 0.9838867
vn 0.99072266 1.1920929E-06 0.13586426
vn 0.99072266 1.1920929E-06 0.13586426
vn 0.99072266 1.1920929E-06 0.13586426
vn 0.99072266 6.556511E-07 0.13586426
vn 0.17919922 5.364418E-07 -0.9838867
vn 0.17919922 5.364418E-07 -0.9838867
vn 0.17919922 5.364418E-07 -0.9838867
vn 0.17895508 -8.08239E-05 -0.9838867
vn -0.7836914 0.0010242462 0.62109375
vn -0.7836914 0.0010242462 0.62109375
vn -0.7836914 0.0010242462 0.62109375
vn -0.7836914 0.0010242462 0.62109375
vn 0.7836914 1.7881393E-07 -0.62109375
vn 0.7836914 1.7881393E-07 -0.62109375
vn 0.7836914 1.7881393E-07 -0.62109375
vn 0.7836914 7.1525574E-07 -0.62109375
vn 0.12164307 -0.73339844 -0.66845703
vn 0.12164307 -0.73339844 -0.66845703
vn 0.12164307 -0.73339844 -0.66845703
vn 0.12164307 -0.73339844 -0.66845703
vn 0.6870117 -0.72021484 0.09423828
vn 0.6870117 -0.72021484 0.09423828
vn 0.6870117 -0.72021484 0.09423828
vn 0.6870117 -0.72021484 0.09423828
vn -0.1217041 -0.73339844 0.6689453
vn -0.1217041 -0.73339844 0.6689453
vn -0.1217041 -0.73339844 0.6689453
vn -0.1217041 -0.73339844 0.6689453
vn -0.0038585663 0.0017499924 1
vn -0.0038585663 0.0017499924 1
vn -0.0038585663 0.0017499924 1
vn -0.0038585663 0.0017490387 1
vn -1 -1.0669231E-05 0.0033779144
vn -1 -1.0669231E-05 0.0033779144
vn -1 -1.0669231E-05 0.0033779144
vn -1 -5.364418E-07 0.0033817291
vn 0.0038585663 1.4901161E-06 -1
vn 0.0038585663 1.4901161E-06 -1
vn 0.0038585663 1.4901161E-06 -1
vn 0.0038585663 1.9073486E-06 -1
vn 1 -1.013279E-06 -0.0033779144
vn 1 -1.013279E-06 -0.0033779144
vn 1 -1.013279E-06 -0.0033779144
vn 1 1.0669231E-05 -0.0033836365
vn -0.7001953 0.0012359619 0.7138672
vn -0.7001953 0.0012359619 0.7138672
vn -0.7001953 0.0012359619 0.7138672
vn -0.7001953 0.0012369156 0.7138672
vn -0.7138672 8.940697E-07 -0.7001953
vn -0.7138672 8.940697E-07 -0.7001953
vn -0.7138672 8.940697E-07 -0.7001953
vn -0.7138672 1.0728836E-06 -0.7001953
vn 0.70703125 -0.70703125 -0.0023918152
vn 0.70703125 -0.70703125 -0.0023918152
vn 0.70703125 -0.70703125 -0.0023918152
vn 0.70703125 -0.70703125 -0.0023918152
vn 0.0027275085 -0.70703125 -0.70703125
vn 0.0027275085 -0.70703125 -0.70703125
vn 0.0027275085 -0.70703125 -0.70703125
vn 0.002729416 -0.70703125 -0.70703125
vn -0.70703125 -0.70703125 0.0023918152
vn -0.70703125 -0.70703125 0.0023918152
vn -0.70703125 -0.70703125 0.0023918152
vn -0.70703125 -0.70703125 0.0023918152
vn -0.0027275085 -0.70703125 0.70703125
vn -0.0027275085 -0.70703125 0.70703125
vn -0.0027275085 -0.70703125 0.70703125
vn -0.002729416 -0.70703125 0.70703125
vn -0.007575989 -0.031341553 0.9995117
vn -0.007575989 -0.031341553 0.9995117
vn -0.007575989 -0.031341553 0.9995117
vn -0.007575989 -0.031341553 0.9995117
vn -1 -0.0003707409 -0.00484848
vn -1 -0.0003707409 -0.00484848
vn -1 -0.0003707409 -0.00484848
vn -1 -0.00045394897 -0.004940033
vn 0.00756073 0.03289795 -0.9995117
vn 0.00756073 0.03289795 -0.9995117
vn 0.00756073 0.03289795 -0.9995117
vn 0.00756073 0.03289795 -0.9995117
vn 1 0.00045514107 0.00484848
vn 1 0.00045514107 0.00484848
vn 1 0.00045514107 0.00484848
vn 1 0.00036740303 0.004940033
vn -0.75 -0.021133423 0.6611328
vn -0.75 -0.021133423 0.6611328
vn -0.75 -0.021133423 0.6611328
vn -0.75 -0.021133423 0.6611328
vn -0.6665039 0.024093628 -0.7451172
vn -0.6665039 0.024093628 -0.7451172
vn -0.6665039 0.024093628 -0.7451172
vn -0.6665039 0.024093628 -0.7451172
vn 0.75 0.022216797 -0.6611328
vn 0.75 0.022216797 -0.6611328
vn 0.75 0.022216797 -0.6611328
vn 0.75 0.022216797 -0.6611328
vn 0.011741638 -0.68896484 -0.7246094
vn 0.011741638 -0.68896484 -0.7246094
vn 0.011741638 -0.68896484 -0.7246094
vn 0.013366699 -0.66308594 -0.74853516
vn -0.57910156 -0.8154297 -0.0082092285
vn -0.57910156 -0.8154297 -0.0082092285
vn -0.57910156 -0.8154297 -0.0082092285
vn -0.5859375 -0.8100586 -0.008483887
vn 0.004180908 -0.8408203 0.5415039
vn 0.004180908 -0.8408203 0.5415039
vn 0.004180908 -0.8408203 0.5415039
vn 0.0053100586 -0.8486328 0.5292969
vn -1 -0.0023021698 -0.0052375793
vn -1 -0.0023021698 -0.0052375793
vn -1 -0.0023021698 -0.0052375793
vn -1 -0.0022907257 -0.005256653
vn -0.016708374 -0.00015962124 1
vn -0.016708374 -0.00015962124 1
vn -0.016708374 -0.00015962124 1
vn -0.016601562 -0.00020813942 1
vn 1 0.003129959 0.0052375793
vn 1 0.003129959 0.0052375793
vn 1 0.003129959 0.0052375793
vn 1 0.003129959 0.0052375793
vn 0.016708374 0.00020837784 -1
vn 0.016708374 0.00020837784 -1
vn 0.016708374 0.00020837784 -1
vn 0.016601562 0.00015950203 -1
vn -0.67041016 -0.0016269684 0.7421875
vn -0.67041016 -0.0016269684 0.7421875
vn -0.67041016 -0.0016269684 0.7421875
vn -0.67041016 -0.0016260147 0.7421875
vn 0.015289307 -0.73291016 -0.6796875
vn 0.015289307 -0.73291016 -0.6796875
vn 0.015289307 -0.73291016 -0.6796875
vn 0.015289307 -0.73291016 -0.6796875
vn 0.6977539 -0.7163086 0.003528595
vn 0.6977539 -0.7163086 0.003528595
vn 0.6977539 -0.7163086 0.003528595
vn 0.6977539 -0.7163086 0.003528595
vn -0.007282257 -0.73339844 0.6796875
vn -0.007282257 -0.73339844 0.6796875
vn -0.007282257 -0.73339844 0.6796875
vn -0.007282257 -0.73339844 0.6796875
vn -1 -0.0023021698 -0.003452301
vn -1 -0.0023021698 -0.003452301
vn -1 -0.0023021698 -0.003452301
vn -1 -0.0022907257 -0.0034637451
vn -0.030090332 -0.00019085407 0.9995117
vn -0.030090332 -0.00019085407 0.9995117
vn -0.030090332 -0.00019085407 0.9995117
vn -0.029876709 -0.0002503395 0.9995117
vn 1 0.003129959 0.003452301
vn 1 0.003129959 0.003452301
vn 1 0.003129959 0.003452301
vn 1 0.003129959 0.003452301
vn 0.030090332 0.0002503395 -0.9995117
vn 0.030090332 0.0002503395 -0.9995117
vn 0.030090332 0.0002503395 -0.9995117
vn 0.029876709 0.00019001961 -0.9995117
vn -0.67041016 -0.0016269684 0.7421875
vn -0.67041016 -0.0016269684 0.7421875
vn -0.67041016 -0.0016269684 0.7421875
vn -0.67041016 -0.0016269684 0.7421875
vn 0.77197266 0.0023155212 0.6357422
vn 0.77197266 0.0023155212 0.6357422
vn 0.77197266 0.0023155212 0.6357422
vn 0.77197266 0.0023155212 0.6357422
vn 0.67041016 0.0022144318 -0.7421875
vn 0.67041016 0.0022144318 -0.7421875
vn 0.67041016 0.0022144318 -0.7421875
vn 0.67041016 0.0022144318 -0.7421875
vn 0.027526855 -0.7324219 -0.68066406
vn 0.027526855 -0.7324219 -0.68066406
vn 0.027526855 -0.7324219 -0.68066406
vn 0.027526855 -0.7324219 -0.68066406
vn 0.6977539 -0.7163086 0.002325058
vn 0.6977539 -0.7163086 0.002325058
vn 0.6977539 -0.7163086 0.002325058
vn 0.6977539 -0.7163086 0.002325058
vn -0.013114929 -0.73339844 0.6796875
vn -0.013114929 -0.73339844 0.6796875
vn -0.013114929 -0.73339844 0.6796875
vn -0.013114929 -0.73339844 0.6796875
vn -1 -0.0016860962 -0.0017518997
vn -1 -0.0016860962 -0.0017518997
vn -1 -0.0016860962 -0.0017518997
vn -1 -0.0016765594 -0.0017595291
vn -0.016693115 -0.00087308884 1
vn -0.016693115 -0.00087308884 1
vn -0.016693115 -0.00087308884 1
vn -0.018737793 -0.00015723705 1
vn 1 0.002292633 0.0017518997
vn 1 0.002292633 0.0017518997
vn 1 0.002292633 0.0017518997
vn 1 0.002292633 0.0017518997
vn 0.016708374 0.00015282631 -1
vn 0.016708374 0.00015282631 -1
vn 0.016708374 0.00015282631 -1
vn 0.016601562 0.00011694431 -1
vn -0.67041016 -0.0017518997 0.7421875
vn -0.67041016 -0.0017518997 0.7421875
vn -0.67041016 -0.0017518997 0.7421875
vn -0.67041016 -0.0017518997 0.7421875
vn 0.77197266 0.0016965866 0.6357422
vn 0.77197266 0.0016965866 0.6357422
vn 0.77197266 0.0016965866 0.6357422
vn 0.77197266 0.0016965866 0.6357422
vn 0.67041016 0.0016212463 -0.7421875
vn 0.67041016 0.0016212463 -0.7421875
vn 0.67041016 0.0016212463 -0.7421875
vn 0.67041016 0.0016212463 -0.7421875
vn 0.015289307 -0.73291016 -0.6796875
vn 0.015289307 -0.73291016 -0.6796875
vn 0.015289307 -0.73291016 -0.6796875
vn 0.015289307 -0.73291016 -0.6796875
vn 0.6977539 -0.7163086 0.0011796951
vn 0.6977539 -0.7163086 0.0011796951
vn 0.6977539 -0.7163086 0.0011796951
vn 0.6977539 -0.7163086 0.0011796951
vn -0.008735657 -0.73339844 0.6796875
vn -0.008735657 -0.73339844 0.6796875
vn -0.008735657 -0.73339844 0.6796875
vn -0.008735657 -0.73339844 0.6796875
vn -0.007575989 -0.031341553 0.9995117
vn -0.007575989 -0.031341553 0.9995117
vn -0.007575989 -0.031341553 0.9995117
vn -0.007575989 -0.031341553 0.9995117
vn -1 -0.0004172325 -0.0033874512
vn -1 -0.0004172325 -0.0033874512
vn -1 -0.0004172325 -0.0033874512
vn -1 -0.0005030632 -0.0034542084
vn 0.0075569153 0.03289795 -0.9995117
vn 0.0075569153 0.03289795 -0.9995117
vn 0.0075569153 0.03289795 -0.9995117
vn 0.0075569153 0.03289795 -0.9995117
vn 1 0.0005030632 0.0033874512
vn 1 0.0005030632 0.0033874512
vn 1 0.0005030632 0.0033874512
vn 1 0.00041389465 0.003452301
vn -0.75 -0.021133423 0.6611328
vn -0.75 -0.021133423 0.6611328
vn -0.75 -0.021133423 0.6611328
vn -0.75 -0.021133423 0.6611328
vn -0.6665039 0.024093628 -0.7451172
vn -0.6665039 0.024093628 -0.7451172
vn -0.6665039 0.024093628 -0.7451172
vn -0.6665039 0.024093628 -0.7451172
vn 0.75 0.022216797 -0.6611328
vn 0.75 0.022216797 -0.6611328
vn 0.75 0.022216797 -0.6611328
vn 0.75 0.022216797 -0.6611328
vn 0.011734009 -0.68896484 -0.7246094
vn 0.011734009 -0.68896484 -0.7246094
vn 0.011734009 -0.68896484 -0.7246094
vn 0.01335907 -0.66308594 -0.74853516
vn -0.578125 -0.81591797 -0.0057144165
vn -0.578125 -0.81591797 -0.0057144165
vn -0.578125 -0.81591797 -0.0057144165
vn -0.5864258 -0.8100586 -0.0059280396
vn 0.0041770935 -0.8408203 0.5415039
vn 0.0041770935 -0.8408203 0.5415039
vn 0.0041770935 -0.8408203 0.5415039
vn 0.005306244 -0.8486328 0.5292969
vn -0.0418396 0.0022640228 0.99902344
vn -0.0418396 0.0022640228 0.99902344
vn -0.0418396 0.0022640228 0.99902344
vn -0.0418396 0.0022640228 0.99902344
vn -0.99853516 0.00012129545 0.055389404
vn -0.99853516 0.00012129545 0.055389404
vn -0.99853516 0.00012129545 0.055389404
vn -0.99853516 5.9604645E-07 0.05532837
vn 0.02798462 1.7881393E-06 -0.9995117
vn 0.02798462 1.7881393E-06 -0.9995117
vn 0.02798462 1.7881393E-06 -0.9995117
vn 0.02798462 1.66893E-06 -0.9995117
vn 1 -1.013279E-06 0.020446777
vn 1 -1.013279E-06 0.020446777
vn 1 -1.013279E-06 0.020446777
vn 1 4.9948692E-05 0.020401001
vn -0.7055664 0.0016031265 0.7084961
vn -0.7055664 0.0016031265 0.7084961
vn -0.7055664 0.0016031265 0.7084961
vn -0.7055664 0.0016031265 0.7084961
vn -0.7084961 1.66893E-06 -0.7055664
vn -0.7084961 1.66893E-06 -0.7055664
vn -0.7084961 1.66893E-06 -0.7055664
vn -0.7084961 1.7881393E-06 -0.7055664
vn 0.7055664 4.7683716E-07 -0.7084961
vn 0.7055664 4.7683716E-07 -0.7084961
vn 0.7055664 4.7683716E-07 -0.7084961
vn 0.7055664 1.1920929E-07 -0.7084961
vn 0.025878906 -0.38061523 -0.9243164
vn 0.025878906 -0.38061523 -0.9243164
vn 0.025878906 -0.38061523 -0.9243164
vn 0.025878906 -0.38061523 -0.9243164
vn -0.011306763 0.0022659302 1
vn -0.011306763 0.0022659302 1
vn -0.011306763 0.0022659302 1
vn -0.011306763 0.0022659302 1
vn -1 -5.0663948E-05 -0.020446777
vn -1 -5.0663948E-05 -0.020446777
vn -1 -5.0663948E-05 -0.020446777
vn -1 7.1525574E-07 -0.020401001
vn 0.011306763 2.0861626E-06 -1
vn 0.011306763 2.0861626E-06 -1
vn 0.011306763 2.0861626E-06 -1
vn 0.011306763 1.5497208E-06 -1
vn 1 -1.013279E-06 0.020446777
vn 1 -1.013279E-06 0.020446777
vn 1 -1.013279E-06 0.020446777
vn 1 4.9948692E-05 0.020401001
vn -0.7055664 0.0016031265 0.7084961
vn -0.7055664 0.0016031265 0.7084961
vn -0.7055664 0.0016031265 0.7084961
vn -0.7055664 0.0016031265 0.7084961
vn -0.7084961 1.847744E-06 -0.7055664
vn -0.7084961 1.847744E-06 -0.7055664
vn -0.7084961 1.847744E-06 -0.7055664
vn -0.7084961 1.9669533E-06 -0.7055664
vn 0.7055664 4.172325E-07 -0.7084961
vn 0.7055664 4.172325E-07 -0.7084961
vn 0.7055664 4.172325E-07 -0.7084961
vn 0.7055664 1.7881393E-07 -0.7084961
vn 0.009422302 -0.5527344 -0.8334961
vn 0.009422302 -0.5527344 -0.8334961
vn 0.009422302 -0.5527344 -0.8334961
vn 0.009422302 -0.5527344 -0.8334961
vn -0.0418396 0.0021476746 0.99902344
vn -0.0418396 0.0021476746 0.99902344
vn -0.0418396 0.0021476746 0.99902344
vn -0.0418396 0.0021476746 0.99902344
vn -1 -4.8041344E-05 -0.020446777
vn -1 -4.8041344E-05 -0.020446777
vn -1 -4.8041344E-05 -0.020446777
vn -1 6.556511E-07 -0.020401001
vn 0.0418396 1.7881393E-06 -0.99902344
vn 0.0418396 1.7881393E-06 -0.99902344
vn 0.0418396 1.7881393E-06 -0.99902344
vn 0.0418396 1.4901161E-06 -0.99902344
vn 1 -9.536743E-07 0.020446777
vn 1 -9.536743E-07 0.020446777
vn 1 -9.536743E-07 0.020446777
vn 1 4.7326088E-05 0.020401001
vn -0.7055664 0.0015201569 0.7084961
vn -0.7055664 0.0015201569 0.7084961
vn -0.7055664 0.0015201569 0.7084961
vn -0.7055664 0.0015201569 0.7084961
vn -0.7084961 1.6093254E-06 -0.7055664
vn -0.7084961 1.6093254E-06 -0.7055664
vn -0.7084961 1.6093254E-06 -0.7055664
vn -0.7084961 1.7285347E-06 -0.7055664
vn 0.7055664 4.172325E-07 -0.7084961
vn 0.7055664 4.172325E-07 -0.7084961
vn 0.7055664 4.172325E-07 -0.7084961
vn 0.7055664 0 -0.7084961
vn 0.03869629 -0.3803711 -0.9238281
vn 0.03869629 -0.3803711 -0.9238281
vn 0.03869629 -0.3803711 -0.9238281
vn 0.03869629 -0.3803711 -0.9238281
vn -0.004798889 0.0017929077 1
vn -0.004798889 0.0017929077 1
vn -0.004798889 0.0017929077 1
vn -0.004798889 0.0017929077 1
vn -0.99902344 0.002412796 -0.038330078
vn -0.99902344 0.002412796 -0.038330078
vn -0.99902344 0.002412796 -0.038330078
vn -0.99902344 0.002313614 -0.03845215
vn 0.0048179626 0.00012201071 -1
vn 0.0048179626 0.00012201071 -1
vn 0.0048179626 0.00012201071 -1
vn 0.0048179626 0.00012254715 -1
vn 0.99902344 -0.0023155212 0.038330078
vn 0.99902344 -0.0023155212 0.038330078
vn 0.99902344 -0.0023155212 0.038330078
vn 0.99902344 -0.0024108887 0.03845215
vn -0.64160156 0.0015859604 -0.76708984
vn -0.64160156 0.0015859604 -0.76708984
vn -0.64160156 0.0015859604 -0.76708984
vn -0.64160156 0.0015850067 -0.76708984
vn 0.76708984 -0.0016880035 -0.64160156
vn 0.76708984 -0.0016880035 -0.64160156
vn 0.76708984 -0.0016880035 -0.64160156
vn 0.76708984 -0.0016880035 -0.64160156
vn -0.004924774 -0.6904297 -0.7236328
vn -0.004924774 -0.6904297 -0.7236328
vn -0.004924774 -0.6904297 -0.7236328
vn -0.0029621124 -0.6689453 -0.74365234
vn -0.6772461 -0.73535156 -0.025787354
vn -0.6772461 -0.73535156 -0.025787354
vn -0.6772461 -0.73535156 -0.025787354
vn -0.6821289 -0.73046875 -0.026245117
vn -0.009979248 -0.8413086 0.54003906
vn -0.009979248 -0.8413086 0.54003906
vn -0.009979248 -0.8413086 0.54003906
vn -0.010818481 -0.83496094 0.5498047
vn -0.0418396 0.0022640228 0.99902344
vn -0.0418396 0.0022640228 0.99902344
vn -0.0418396 0.0022640228 0.99902344
vn -0.0418396 0.0022640228 0.99902344
vn -0.99658203 -0.00019037724 -0.082092285
vn -0.99658203 -0.00019037724 -0.082092285
vn -0.99658203 -0.00019037724 -0.082092285
vn -0.99658203 8.34465E-07 -0.081604004
vn 0.0418396 2.0861626E-06 -0.99902344
vn 0.0418396 2.0861626E-06 -0.99902344
vn 0.0418396 2.0861626E-06 -0.99902344
vn 0.0418396 1.7285347E-06 -0.99902344
vn 0.99658203 -1.0728836E-06 0.082092285
vn 0.99658203 -1.0728836E-06 0.082092285
vn 0.99658203 -1.0728836E-06 0.082092285
vn 0.99658203 0.0001887083 0.081604004
vn -0.7055664 0.0016031265 0.7084961
vn -0.7055664 0.0016031265 0.7084961
vn -0.7055664 0.0016031265 0.7084961
vn -0.7055664 0.0016031265 0.7084961
vn -0.7084961 1.847744E-06 -0.7055664
vn -0.7084961 1.847744E-06 -0.7055664
vn -0.7084961 1.847744E-06 -0.7055664
vn -0.7084961 1.9669533E-06 -0.7055664
vn 0.7055664 5.364418E-07 -0.7084961
vn 0.7055664 5.364418E-07 -0.7084961
vn 0.7055664 5.364418E-07 -0.7084961
vn 0.7055664 1.7881393E-07 -0.7084961
vn 0.03869629 -0.3803711 -0.9238281
vn 0.03869629 -0.3803711 -0.9238281
vn 0.03869629 -0.3803711 -0.9238281
vn 0.03869629 -0.3803711 -0.9238281
vn -1 -0.0023021698 -0.0042648315
vn -1 -0.0023021698 -0.0042648315
vn -1 -0.0023021698 -0.0042648315
vn -1 -0.0022907257 -0.0042800903
vn -0.016708374 -0.00015997887 1
vn -0.016708374 -0.00015997887 1
vn -0.016708374 -0.00015997887 1
vn -0.016601562 -0.00020837784 1
vn 1 0.003129959 0.0042648315
vn 1 0.003129959 0.0042648315
vn 1 0.003129959 0.0042648315
vn 1 0.003129959 0.0042648315
vn 0.016708374 0.00020837784 -1
vn 0.016708374 0.00020837784 -1
vn 0.016708374 0.00020837784 -1
vn 0.016601562 0.00015950203 -1
vn -0.67041016 -0.0016269684 0.7421875
vn -0.67041016 -0.0016269684 0.7421875
vn -0.67041016 -0.0016269684 0.7421875
vn -0.67041016 -0.0016269684 0.7421875
vn 0.67041016 0.0022144318 -0.7421875
vn 0.67041016 0.0022144318 -0.7421875
vn 0.67041016 0.0022144318 -0.7421875
vn 0.67041016 0.0022144318 -0.7421875
vn 0.015289307 -0.73291016 -0.6796875
vn 0.015289307 -0.73291016 -0.6796875
vn 0.015289307 -0.73291016 -0.6796875
vn 0.015289307 -0.73291016 -0.6796875
vn 0.6977539 -0.7163086 0.002872467
vn 0.6977539 -0.7163086 0.002872467
vn 0.6977539 -0.7163086 0.002872467
vn 0.6977539 -0.7163086 0.002872467
vn -0.007282257 -0.73339844 0.6796875
vn -0.007282257 -0.73339844 0.6796875
vn -0.007282257 -0.73339844 0.6796875
vn -0.007282257 -0.73339844 0.6796875
vn 0.021575928 0.0022659302 1
vn 0.021575928 0.0022659302 1
vn 0.021575928 0.0022659302 1
vn 0.021575928 0.0022659302 1
vn -1 -0.00017297268 -0.011131287
vn -1 -0.00017297268 -0.011131287
vn -1 -0.00017297268 -0.011131287
vn -1 7.1525574E-07 -0.010864258
vn -0.021575928 1.847744E-06 -1
vn -0.021575928 1.847744E-06 -1
vn -0.021575928 1.847744E-06 -1
vn -0.021575928 1.66893E-06 -1
vn 1 -1.013279E-06 0.011131287
vn 1 -1.013279E-06 0.011131287
vn 1 -1.013279E-06 0.011131287
vn 1 0.00017213821 0.010864258
vn -0.6591797 0.0016031265 0.7519531
vn -0.6591797 0.0016031265 0.7519531
vn -0.6591797 0.0016031265 0.7519531
vn -0.6591797 0.0016031265 0.7519531
vn -0.7519531 1.7285347E-06 -0.6591797
vn -0.7519531 1.7285347E-06 -0.6591797
vn -0.7519531 1.7285347E-06 -0.6591797
vn -0.7519531 1.9669533E-06 -0.6591797
vn 0.6591797 3.5762787E-07 -0.7519531
vn 0.6591797 3.5762787E-07 -0.7519531
vn 0.6591797 3.5762787E-07 -0.7519531
vn 0.6591797 2.3841858E-07 -0.7519531
vn -0.016464233 -0.6464844 -0.7626953
vn -0.016464233 -0.6464844 -0.7626953
vn -0.016464233 -0.6464844 -0.7626953
vn -0.016464233 -0.6464844 -0.7626953
vn -0.76171875 -0.6479492 -0.011001587
vn -0.76171875 -0.6479492 -0.011001587
vn -0.76171875 -0.6479492 -0.011001587
vn -0.7636719 -0.6459961 -0.011207581
vn -0.008811951 0.0018033981 1
vn -0.008811951 0.0018033981 1
vn -0.008811951 0.0018033981 1
vn -0.00881958 0.0018024445 1
vn -1 0.0025081635 0.015281677
vn -1 0.0025081635 0.015281677
vn -1 0.0025081635 0.015281677
vn -1 0.0023078918 0.014862061
vn 0.008850098 0.00011301041 -1
vn 0.008850098 0.00011301041 -1
vn 0.008850098 0.00011301041 -1
vn 0.008850098 0.000113368034 -1
vn 1 -0.0023097992 -0.015274048
vn 1 -0.0023097992 -0.015274048
vn 1 -0.0023097992 -0.015274048
vn 1 -0.0025081635 -0.01486969
vn -0.64160156 0.0015859604 -0.76708984
vn -0.64160156 0.0015859604 -0.76708984
vn -0.64160156 0.0015859604 -0.76708984
vn -0.64160156 0.0015859604 -0.76708984
vn 0.76708984 -0.0016880035 -0.64160156
vn 0.76708984 -0.0016880035 -0.64160156
vn 0.76708984 -0.0016880035 -0.64160156
vn 0.76708984 -0.0016880035 -0.64160156
vn -0.009094238 -0.6904297 -0.7236328
vn -0.009094238 -0.6904297 -0.7236328
vn -0.009094238 -0.6904297 -0.7236328
vn -0.0054397583 -0.66845703 -0.74365234
vn -0.66845703 -0.74365234 0.01158905
vn -0.66845703 -0.74365234 0.01158905
vn -0.66845703 -0.74365234 0.01158905
vn -0.6845703 -0.7290039 0.0101623535
vn -0.018615723 -0.8408203 0.5410156
vn -0.018615723 -0.8408203 0.5410156
vn -0.018615723 -0.8408203 0.5410156
vn -0.019882202 -0.8359375 0.5488281
vn 0.028518677 0.0017929077 0.9995117
vn 0.028518677 0.0017929077 0.9995117
vn 0.028518677 0.0017929077 0.9995117
vn 0.028518677 0.0017929077 0.9995117
vn -1 0.0024108887 -0.005016327
vn -1 0.0024108887 -0.005016327
vn -1 0.0024108887 -0.005016327
vn -1 0.002313614 -0.005126953
vn -0.028503418 0.00012207031 -0.9995117
vn -0.028503418 0.00012207031 -0.9995117
vn -0.028503418 0.00012207031 -0.9995117
vn -0.028503418 0.00012254715 -0.9995117
vn 1 -0.0023155212 0.005016327
vn 1 -0.0023155212 0.005016327
vn 1 -0.0023155212 0.005016327
vn 1 -0.002412796 0.005126953
vn -0.6669922 0.0015850067 -0.7451172
vn -0.6669922 0.0015850067 -0.7451172
vn -0.6669922 0.0015850067 -0.7451172
vn -0.6669922 0.0015859604 -0.7451172
vn 0.7451172 -0.0016880035 -0.6669922
vn 0.7451172 -0.0016880035 -0.6669922
vn 0.7451172 -0.0016880035 -0.6669922
vn 0.7451172 -0.0016880035 -0.6669922
vn -0.029022217 -0.6904297 -0.72314453
vn -0.029022217 -0.6904297 -0.72314453
vn -0.029022217 -0.6904297 -0.72314453
vn -0.02772522 -0.6689453 -0.7426758
vn -0.6777344 -0.73535156 -0.003200531
vn -0.6777344 -0.73535156 -0.003200531
vn -0.6777344 -0.73535156 -0.003200531
vn -0.6826172 -0.73046875 -0.0035076141
vn 0.008026123 -0.8413086 0.54052734
vn 0.008026123 -0.8413086 0.54052734
vn 0.008026123 -0.8413086 0.54052734
vn 0.0075035095 -0.83496094 0.5498047
vn -0.008781433 0.0019464493 1
vn -0.008781433 0.0019464493 1
vn -0.008781433 0.0019464493 1
vn -0.008781433 0.0019464493 1
vn -1 0.0024108887 0.021118164
vn -1 0.0024108887 0.021118164
vn -1 0.0024108887 0.021118164
vn -1 0.002313614 0.020996094
vn 0.00881958 -2.4735928E-05 -1
vn 0.00881958 -2.4735928E-05 -1
vn 0.00881958 -2.4735928E-05 -1
vn 0.008811951 -2.425909E-05 -1
vn 1 -0.0023155212 -0.021102905
vn 1 -0.0023155212 -0.021102905
vn 1 -0.0023155212 -0.021102905
vn 1 -0.002412796 -0.020996094
vn -0.68603516 0.0015850067 -0.72753906
vn -0.68603516 0.0015850067 -0.72753906
vn -0.68603516 0.0015850067 -0.72753906
vn -0.68603516 0.0015859604 -0.72753906
vn 0.72753906 -0.0016880035 -0.68603516
vn 0.72753906 -0.0016880035 -0.68603516
vn 0.72753906 -0.0016880035 -0.68603516
vn 0.72753906 -0.0016880035 -0.68603516
vn -0.007232666 -0.68847656 -0.72509766
vn -0.007232666 -0.68847656 -0.72509766
vn -0.007232666 -0.68847656 -0.72509766
vn -0.0044555664 -0.67041016 -0.7421875
vn -0.6777344 -0.73535156 0.014511108
vn -0.6777344 -0.73535156 0.014511108
vn -0.6777344 -0.73535156 0.014511108
vn -0.6826172 -0.73046875 0.014328003
vn -0.018356323 -0.8383789 0.5449219
vn -0.018356323 -0.8383789 0.5449219
vn -0.018356323 -0.8383789 0.5449219
vn -0.018554688 -0.83740234 0.5463867
vn 0.16052246 0.0015192032 0.9868164
vn 0.16052246 0.0015192032 0.9868164
vn 0.16052246 0.0015192032 0.9868164
vn 0.16052246 0.0015201569 0.9868164
vn -0.9995117 0.0024261475 0.028808594
vn -0.9995117 0.0024261475 0.028808594
vn -0.9995117 0.0024261475 0.028808594
vn -0.9995117 0.002313614 0.028625488
vn -0.16052246 0.00036740303 -0.9868164
vn -0.16052246 0.00036740303 -0.9868164
vn -0.16052246 0.00036740303 -0.9868164
vn -0.16052246 0.00036764145 -0.9868164
vn 0.9995117 -0.0023155212 -0.028808594
vn 0.9995117 -0.0023155212 -0.028808594
vn 0.9995117 -0.0023155212 -0.028808594
vn 0.9995117 -0.0024261475 -0.028625488
vn -0.68603516 0.0015850067 -0.72753906
vn -0.68603516 0.0015850067 -0.72753906
vn -0.68603516 0.0015850067 -0.72753906
vn -0.68603516 0.0015859604 -0.72753906
vn 0.72753906 -0.0016880035 -0.68603516
vn 0.72753906 -0.0016880035 -0.68603516
vn 0.72753906 -0.0016880035 -0.68603516
vn 0.72753906 -0.0016880035 -0.68603516
vn -0.14221191 -0.6899414 -0.70996094
vn -0.14221191 -0.6899414 -0.70996094
vn -0.14221191 -0.6899414 -0.70996094
vn -0.13916016 -0.6611328 -0.7373047
vn -0.67626953 -0.7363281 0.019866943
vn -0.67626953 -0.7363281 0.019866943
vn -0.67626953 -0.7363281 0.019866943
vn -0.6826172 -0.73046875 0.019546509
vn 0.06713867 -0.8432617 0.5332031
vn 0.06713867 -0.8432617 0.5332031
vn 0.06713867 -0.8432617 0.5332031
vn 0.06555176 -0.8310547 0.5522461
vn 0.018829346 -0.9995117 0.022567749
vn 0.018829346 -0.9995117 0.022567749
vn 0.018829346 -0.9995117 0.022567749
vn -0.0010557175 -0.9995117 0.025177002
vn -0 -1 -2.3841858E-07
vn -0 -1 -2.3841858E-07
vn -0 -1 -2.3841858E-07
vn -0.0006313324 -1 0.00016665459
vn -0 -1 -4.7683716E-07
vn -0 -1 -4.7683716E-07
vn -0 -1 -4.7683716E-07
vn -0 -1 -4.7683716E-07
vn -0 -1 -1.1920929E-06
vn -0 -1 -1.1920929E-06
vn -0 -1 -1.1920929E-06
vn -0 -1 -1.1324883E-06
vn 3.5762787E-07 -1 -8.34465E-07
vn 3.5762787E-07 -1 -8.34465E-07
vn 3.5762787E-07 -1 -8.34465E-07
vn 2.3841858E-07 -1 -7.748604E-07
vn -0 -1 -1.5497208E-06
vn -0 -1 -1.5497208E-06
vn -0 -1 -1.5497208E-06
vn -0 -1 -1.5497208E-06
vn -0 -1 -1.9669533E-06
vn -0 -1 -1.9669533E-06
vn -0 -1 -1.9669533E-06
vn -0 -1 -1.9669533E-06
vn -0 -1 -1.6093254E-06
vn -0 -1 -1.6093254E-06
vn -0 -1 -1.6093254E-06
vn -0 -1 -1.6093254E-06
vn 0.009521484 -1 -0.0047187805
vn 0.009521484 -1 -0.0047187805
vn 0.009521484 -1 -0.0047187805
vn 0.009483337 -1 -0.0047035217
vn -0 -1 -1.2516975E-06
vn -0 -1 -1.2516975E-06
vn -0 -1 -1.2516975E-06
vn -0 -1 -1.2516975E-06
vn 7.1525574E-07 -1 -1.9669533E-06
vn 7.1525574E-07 -1 -1.9669533E-06
vn 7.1525574E-07 -1 -1.9669533E-06
vn -0 -1 -1.7285347E-06
vn 0.00010430813 -1 0.00217247
vn 0.00010430813 -1 0.00217247
vn 0.00010430813 -1 0.00217247
vn 0.000104129314 -1 0.00217247
vn -7.1525574E-07 -1 -8.940697E-07
vn -7.1525574E-07 -1 -8.940697E-07
vn -7.1525574E-07 -1 -8.940697E-07
vn -6.556511E-07 -1 -9.536743E-07
vn 1.0728836E-06 -1 1.1920929E-07
vn 1.0728836E-06 -1 1.1920929E-07
vn 1.0728836E-06 -1 1.1920929E-07
vn 1.0728836E-06 -1 1.1920929E-07
vn 1.7881393E-07 -1 -4.7683716E-07
vn 1.7881393E-07 -1 -4.7683716E-07
vn 1.7881393E-07 -1 -4.7683716E-07
vn 1.7881393E-07 -1 -4.7683716E-07
vn 0.009544373 -1 -0.006778717
vn 0.009544373 -1 -0.006778717
vn 0.009544373 -1 -0.006778717
vn 0.009506226 -1 -0.006755829
vn 0.005458832 -1 -0.00014972687
vn 0.005458832 -1 -0.00014972687
vn 0.005458832 -1 -0.00014972687
vn 0.005458832 -1 -0.00014984608
vn 0.009819031 -1 -8.380413E-05
vn 0.009819031 -1 -8.380413E-05
vn 0.009819031 -1 -8.380413E-05
vn 0.009819031 -1 -8.380413E-05
vn 0.005455017 -1 -5.030632E-05
vn 0.005455017 -1 -5.030632E-05
vn 0.005455017 -1 -5.030632E-05
vn 0.005455017 -1 -5.0246716E-05
vn 0.009521484 -1 -0.0047187805
vn 0.009521484 -1 -0.0047187805
vn 0.009521484 -1 -0.0047187805
vn 0.009483337 -1 -0.0047035217
vn 0.018966675 -0.9995117 0.019226074
vn 0.018966675 -0.9995117 0.019226074
vn 0.018966675 -0.9995117 0.019226074
vn -0.0006532669 -0.9995117 0.02330017
vn 0.0051116943 -1 0.020385742
vn 0.0051116943 -1 0.020385742
vn 0.0051116943 -1 0.020385742
vn -0.00026392937 -0.9995117 0.02330017
vn 0.01890564 -0.9995117 0.0206604
vn 0.01890564 -0.9995117 0.0206604
vn 0.01890564 -0.9995117 0.0206604
vn -0.0009765625 -0.9995117 0.023284912
vn -0.009796143 -1 -0.00038027763
vn -0.009796143 -1 -0.00038027763
vn -0.009796143 -1 -0.00038027763
vn -0.011131287 -1 0.0005106926
vn 0.01626587 -0.99658203 0.082458496
vn 0.01626587 -0.99658203 0.082458496
vn 0.01626587 -0.99658203 0.082458496
vn -0.0038871765 -0.99560547 0.09277344
vn 0.005458832 -1 -0.0001218915
vn 0.005458832 -1 -0.0001218915
vn 0.005458832 -1 -0.0001218915
vn 0.005458832 -1 -0.0001218915
vn 0.019683838 -1 -0.0040016174
vn 0.019683838 -1 -0.0040016174
vn 0.019683838 -1 -0.0040016174
vn 6.28829E-05 -1 0.0029773712
vn -0.01828003 -1 0.00030374527
vn -0.01828003 -1 0.00030374527
vn -0.01828003 -1 0.00030374527
vn -0.020553589 -1 0.0018978119
vn -0.009803772 -1 -5.364418E-05
vn -0.009803772 -1 -5.364418E-05
vn -0.009803772 -1 -5.364418E-05
vn -0.011108398 -1 0.00088119507
vn -0.016647339 -1 0.00034880638
vn -0.016647339 -1 0.00034880638
vn -0.016647339 -1 0.00034880638
vn -0.018737793 -1 0.0012683868
vn -0.030151367 -0.9995117 0.0008764267
vn -0.030151367 -0.9995117 0.0008764267
vn -0.030151367 -0.9995117 0.0008764267
vn -0.033233643 -0.9995117 0.0019950867
vn 0.37451172 0.8491211 0.37280273
vn 0.37451172 0.8491211 0.37280273
vn 0.37451172 0.8491211 0.37280273
vn -0.36499023 0.85595703 0.36645508
vn -0.36499023 0.85595703 0.36645508
vn -0.36499023 0.85595703 0.36645508
vn 0.41577148 0.80810547 -0.4177246
vn 0.41577148 0.80810547 -0.4177246
vn 0.41577148 0.80810547 -0.4177246
vn -0.4272461 0.79785156 -0.42529297
vn -0.4272461 0.79785156 -0.42529297
vn -0.4272461 0.79785156 -0.42529297
vn 0.23840332 0.9272461 0.28930664
vn 0.23840332 0.9272461 0.28930664
vn 0.23840332 0.9272461 0.28930664
vn -0.5805664 0.6591797 0.47827148
vn -0.5805664 0.6591797 0.47827148
vn -0.5805664 0.6591797 0.47827148
vn 0.30664062 0.91748047 -0.25268555
vn 0.30664062 0.91748047 -0.25268555
vn 0.30664062 0.91748047 -0.25268555
vn -0.23840332 0.9272461 -0.28930664
vn -0.23840332 0.9272461 -0.28930664
vn -0.23840332 0.9272461 -0.28930664
vn -0.026687622 0.69091797 0.72265625
vn -0.026687622 0.69091797 0.72265625
vn -0.026687622 0.69091797 0.72265625
vn 0.029281616 0.93359375 0.35717773
vn 0.029281616 0.93359375 0.35717773
vn 0.029281616 0.93359375 0.35717773
vn -0.5864258 0.8100586 0.0058288574
vn -0.5864258 0.8100586 0.0058288574
vn -0.5864258 0.8100586 0.0058288574
vn -0.87890625 0.47729492 -0.0058517456
vn -0.87890625 0.47729492 -0.0058517456
vn -0.87890625 0.47729492 -0.0058517456
vn -0.97509766 0.22094727 -0.0066108704
vn -0.97509766 0.22094727 -0.0066108704
vn -0.97509766 0.22094727 -0.0066108704
vn -0.8251953 0.5649414 0.001241684
vn -0.8251953 0.5649414 0.001241684
vn -0.8251953 0.5649414 0.001241684
vn 0.8251953 0.5649414 0.005592346
vn 0.8251953 0.5649414 0.005592346
vn 0.8251953 0.5649414 0.005592346
vn 0.97509766 0.22106934 0.009284973
vn 0.97509766 0.22106934 0.009284973
vn 0.97509766 0.22106934 0.009284973
vn -0.2890625 0.9140625 0.28393555
vn -0.2890625 0.9140625 0.28393555
vn -0.2890625 0.9140625 0.28393555
vn 0.2890625 0.9140625 -0.28393555
vn 0.2890625 0.9140625 -0.28393555
vn 0.2890625 0.9140625 -0.28393555
vn -0.28027344 0.9165039 -0.28515625
vn -0.28027344 0.9165039 -0.28515625
vn -0.28027344 0.9165039 -0.28515625
vn 0.99853516 0.02381897 0.05026245
vn 0.99853516 0.02381897 0.05026245
vn 0.99853516 0.02381897 0.05026245
vn -0.00274086 0.93359375 0.35864258
vn -0.00274086 0.93359375 0.35864258
vn -0.00274086 0.93359375 0.35864258
vn 0.03555298 0.99902344 0.026794434
vn 0.03555298 0.99902344 0.026794434
vn 0.03555298 0.99902344 0.026794434
vn 0.44702148 0.7915039 0.41674805
vn 0.44702148 0.7915039 0.41674805
vn 0.44702148 0.7915039 0.41674805
vn -0.41674805 0.7915039 0.44702148
vn -0.41674805 0.7915039 0.44702148
vn -0.41674805 0.7915039 0.44702148
vn 0.41674805 0.7915039 -0.44702148
vn 0.41674805 0.7915039 -0.44702148
vn 0.41674805 0.7915039 -0.44702148
vn -0.44702148 0.7915039 -0.41674805
vn -0.44702148 0.7915039 -0.41674805
vn -0.44702148 0.7915039 -0.41674805
vn 0.5498047 0.6435547 0.53271484
vn 0.5498047 0.6435547 0.53271484
vn 0.5498047 0.6435547 0.53271484
vn -0.53564453 0.6381836 0.5527344
vn -0.53564453 0.6381836 0.5527344
vn -0.53564453 0.6381836 0.5527344
vn 0.53564453 0.6381836 -0.5527344
vn 0.53564453 0.6381836 -0.5527344
vn 0.53564453 0.6381836 -0.5527344
vn -0.5498047 0.6430664 -0.53271484
vn -0.5498047 0.6430664 -0.53271484
vn -0.5498047 0.6430664 -0.53271484
vn 0.42285156 0.78759766 0.44848633
vn 0.42285156 0.78759766 0.44848633
vn 0.42285156 0.78759766 0.44848633
vn -0.4543457 0.78125 0.4284668
vn -0.4543457 0.78125 0.4284668
vn -0.4543457 0.78125 0.4284668
vn 0.4543457 0.78125 -0.4284668
vn 0.4543457 0.78125 -0.4284668
vn 0.4543457 0.78125 -0.4284668
vn -0.42285156 0.78759766 -0.44848633
vn -0.42285156 0.78759766 -0.44848633
vn -0.42285156 0.78759766 -0.44848633
vn -0.36401367 0.859375 0.35961914
vn -0.36401367 0.859375 0.35961914
vn -0.36401367 0.859375 0.35961914
vn 0.6254883 0.47631836 -0.61816406
vn 0.6254883 0.47631836 -0.61816406
vn 0.6254883 0.47631836 -0.61816406
vn -0.47558594 0.7363281 -0.48120117
vn -0.47558594 0.7363281 -0.48120117
vn -0.47558594 0.7363281 -0.48120117
vn 0.6503906 0.37963867 0.6582031
vn 0.6503906 0.37963867 0.6582031
vn 0.6503906 0.37963867 0.6582031
vn 0.0047912598 0.8701172 0.49267578
vn 0.0047912598 0.8701172 0.49267578
vn 0.0047912598 0.8701172 0.49267578
vn -0.64697266 0.7626953 -0.002878189
vn -0.64697266 0.7626953 -0.002878189
vn -0.64697266 0.7626953 -0.002878189
vn -0.59472656 0.80371094 -0.0013561249
vn -0.59472656 0.80371094 -0.0013561249
vn -0.59472656 0.80371094 -0.0013561249
vn 0.002943039 0.60839844 -0.7939453
vn 0.002943039 0.60839844 -0.7939453
vn 0.002943039 0.60839844 -0.7939453
vn -0.00623703 0.7441406 -0.66796875
vn -0.00623703 0.7441406 -0.66796875
vn -0.00623703 0.7441406 -0.66796875
vn 0.7939453 0.60839844 0.007045746
vn 0.7939453 0.60839844 0.007045746
vn 0.7939453 0.60839844 0.007045746
vn -0.0035591125 0.27954102 0.95996094
vn -0.0035591125 0.27954102 0.95996094
vn -0.0035591125 0.27954102 0.95996094
vn 0.48583984 0.46313477 0.74121094
vn 0.48583984 0.46313477 0.74121094
vn 0.48583984 0.46313477 0.74121094
vn 0.95996094 0.27954102 0.0042762756
vn 0.95996094 0.27954102 0.0042762756
vn 0.95996094 0.27954102 0.0042762756
vn 0.31079102 0.8232422 0.4753418
vn 0.31079102 0.8232422 0.4753418
vn 0.31079102 0.8232422 0.4753418
vn 0.009979248 0.83935547 0.54345703
vn 0.009979248 0.83935547 0.54345703
vn 0.009979248 0.83935547 0.54345703
vn 0.017684937 0.46972656 0.8828125
vn 0.017684937 0.46972656 0.8828125
vn 0.017684937 0.46972656 0.8828125
vn 0.91748047 0.39794922 0.008308411
vn 0.91748047 0.39794922 0.008308411
vn 0.91748047 0.39794922 0.008308411
vn -0.46044922 0.7583008 0.46166992
vn -0.46044922 0.7583008 0.46166992
vn -0.46044922 0.7583008 0.46166992
vn 0.4597168 0.75878906 -0.46118164
vn 0.4597168 0.75878906 -0.46118164
vn 0.4597168 0.75878906 -0.46118164
vn -0.47314453 0.7441406 -0.47192383
vn -0.47314453 0.7441406 -0.47192383
vn -0.47314453 0.7441406 -0.47192383
vn 0.68603516 0.24633789 0.6845703
vn 0.68603516 0.24633789 0.6845703
vn 0.68603516 0.24633789 0.6845703
vn 0.7944336 0.35253906 0.49438477
vn 0.7944336 0.35253906 0.49438477
vn 0.7944336 0.35253906 0.49438477
vn 0.9428711 0.3330078 -0.016052246
vn 0.9428711 0.3330078 -0.016052246
vn 0.9428711 0.3330078 -0.016052246
vn 0.9741211 0.22558594 -0.012672424
vn 0.9741211 0.22558594 -0.012672424
vn 0.9741211 0.22558594 -0.012672424
vn 0.56103516 0.7504883 0.3491211
vn 0.56103516 0.7504883 0.3491211
vn 0.56103516 0.7504883 0.3491211
vn 0.41796875 0.7089844 0.5683594
vn 0.41796875 0.7089844 0.5683594
vn 0.41796875 0.7089844 0.5683594
vn -0.6669922 0.5151367 0.53808594
vn -0.6669922 0.5151367 0.53808594
vn -0.6669922 0.5151367 0.53808594
vn 0.62353516 0.50634766 -0.5961914
vn 0.62353516 0.50634766 -0.5961914
vn 0.62353516 0.50634766 -0.5961914
vn -0.60009766 0.52978516 -0.5991211
vn -0.60009766 0.52978516 -0.5991211
vn -0.60009766 0.52978516 -0.5991211
vn 0.00022959709 0.56396484 -0.8256836
vn 0.00022959709 0.56396484 -0.8256836
vn 0.00022959709 0.56396484 -0.8256836
vn -0.00409317 0.6430664 -0.7661133
vn -0.00409317 0.6430664 -0.7661133
vn -0.00409317 0.6430664 -0.7661133
vn 0.6503906 0.7597656 0.0058555603
vn 0.6503906 0.7597656 0.0058555603
vn 0.6503906 0.7597656 0.0058555603
vn 0.7636719 0.6459961 0.008377075
vn 0.7636719 0.6459961 0.008377075
vn 0.7636719 0.6459961 0.008377075
vn 0.43823242 0.78759766 0.4333496
vn 0.43823242 0.78759766 0.4333496
vn 0.43823242 0.78759766 0.4333496
vn -0.43896484 0.78125 0.44384766
vn -0.43896484 0.78125 0.44384766
vn -0.43896484 0.78125 0.44384766
vn 0.43896484 0.78125 -0.44384766
vn 0.43896484 0.78125 -0.44384766
vn 0.43896484 0.78125 -0.44384766
vn -0.43823242 0.78759766 -0.4333496
vn -0.43823242 0.78759766 -0.4333496
vn -0.43823242 0.78759766 -0.4333496
vn 0.25805664 0.92871094 0.26708984
vn 0.25805664 0.92871094 0.26708984
vn 0.25805664 0.92871094 0.26708984
vn -0.2705078 0.9267578 0.2614746
vn -0.2705078 0.9267578 0.2614746
vn -0.2705078 0.9267578 0.2614746
vn 0.2705078 0.9267578 -0.2614746
vn 0.2705078 0.9267578 -0.2614746
vn 0.2705078 0.9267578 -0.2614746
vn -0.25805664 0.92822266 -0.26708984
vn -0.25805664 0.92822266 -0.26708984
vn -0.25805664 0.92822266 -0.26708984
vn 0.1303711 0.98339844 0.1262207
vn 0.1303711 0.98339844 0.1262207
vn 0.1303711 0.98339844 0.1262207
vn -0.5410156 0.6723633 0.5048828
vn -0.5410156 0.6723633 0.5048828
vn -0.5410156 0.6723633 0.5048828
vn 0.53466797 0.6689453 -0.5161133
vn 0.53466797 0.6689453 -0.5161133
vn 0.53466797 0.6689453 -0.5161133
vn -0.49804688 0.6845703 -0.53271484
vn -0.49804688 0.6845703 -0.53271484
vn -0.49804688 0.6845703 -0.53271484
vn -0.014717102 0.75439453 0.65625
vn -0.014717102 0.75439453 0.65625
vn -0.014717102 0.75439453 0.65625
vn 0.0004184246 0.98876953 0.14904785
vn 0.0004184246 0.98876953 0.14904785
vn 0.0004184246 0.98876953 0.14904785
vn 0.26489258 0.96435547 -0.016326904
vn 0.26489258 0.96435547 -0.016326904
vn 0.26489258 0.96435547 -0.016326904
vn 0.8413086 0.54052734 -0.011497498
vn 0.8413086 0.54052734 -0.011497498
vn 0.8413086 0.54052734 -0.011497498
vn 0.0032138824 0.4494629 0.8935547
vn 0.0032138824 0.4494629 0.8935547
vn 0.0032138824 0.4494629 0.8935547
vn -0.0024223328 0.2619629 0.96484375
vn -0.0024223328 0.2619629 0.96484375
vn -0.0024223328 0.2619629 0.96484375
vn 0.9663086 0.25708008 -0.012809753
vn 0.9663086 0.25708008 -0.012809753
vn 0.9663086 0.25708008 -0.012809753
vn 0.89697266 0.44140625 -0.017318726
vn 0.89697266 0.44140625 -0.017318726
vn 0.89697266 0.44140625 -0.017318726
vn 0.3876953 0.79345703 0.46899414
vn 0.3876953 0.79345703 0.46899414
vn 0.3876953 0.79345703 0.46899414
vn -0.48608398 0.7763672 0.40161133
vn -0.48608398 0.7763672 0.40161133
vn -0.48608398 0.7763672 0.40161133
vn 0.48608398 0.7763672 -0.40161133
vn 0.48608398 0.7763672 -0.40161133
vn 0.48608398 0.7763672 -0.40161133
vn -0.3876953 0.79345703 -0.46899414
vn -0.3876953 0.79345703 -0.46899414
vn -0.3876953 0.79345703 -0.46899414
vn -0.4621582 0.70996094 -0.5317383
vn -0.4621582 0.70996094 -0.5317383
vn -0.4621582 0.70996094 -0.5317383
vn -0.5727539 0.6826172 0.45385742
vn -0.5727539 0.6826172 0.45385742
vn -0.5727539 0.6826172 0.45385742
vn 0.5727539 0.6826172 -0.45385742
vn 0.5727539 0.6826172 -0.45385742
vn 0.5727539 0.6826172 -0.45385742
vn 0.4621582 0.70996094 0.5317383
vn 0.4621582 0.70996094 0.5317383
vn 0.4621582 0.70996094 0.5317383
vn 0.4399414 0.78759766 0.43164062
vn 0.4399414 0.78759766 0.43164062
vn 0.4399414 0.78759766 0.43164062
vn -0.43725586 0.78125 0.44555664
vn -0.43725586 0.78125 0.44555664
vn -0.43725586 0.78125 0.44555664
vn 0.43725586 0.78125 -0.44555664
vn 0.43725586 0.78125 -0.44555664
vn 0.43725586 0.78125 -0.44555664
vn -0.4399414 0.78759766 -0.43164062
vn -0.4399414 0.78759766 -0.43164062
vn -0.4399414 0.78759766 -0.43164062
vn 0.41796875 0.7089844 0.5683594
vn 0.41796875 0.7089844 0.5683594
vn 0.41796875 0.7089844 0.5683594
vn -0.6669922 0.5151367 0.53808594
vn -0.6669922 0.5151367 0.53808594
vn -0.6669922 0.5151367 0.53808594
vn 0.62353516 0.50634766 -0.5961914
vn 0.62353516 0.50634766 -0.5961914
vn 0.62353516 0.50634766 -0.5961914
vn -0.60009766 0.52978516 -0.5991211
vn -0.60009766 0.52978516 -0.5991211
vn -0.60009766 0.52978516 -0.5991211
vn 0.00022959709 0.56396484 -0.8256836
vn 0.00022959709 0.56396484 -0.8256836
vn 0.00022959709 0.56396484 -0.8256836
vn -0.00409317 0.6430664 -0.7661133
vn -0.00409317 0.6430664 -0.7661133
vn -0.00409317 0.6430664 -0.7661133
vn 0.64990234 0.7597656 0.008384705
vn 0.64990234 0.7597656 0.008384705
vn 0.64990234 0.7597656 0.008384705
vn 0.7631836 0.6459961 0.012008667
vn 0.7631836 0.6459961 0.012008667
vn 0.7631836 0.6459961 0.012008667
vn -0.5473633 0.70703125 -0.4477539
vn -0.5473633 0.70703125 -0.4477539
vn -0.5473633 0.70703125 -0.4477539
vn -0.49365234 0.6796875 0.54248047
vn -0.49365234 0.6796875 0.54248047
vn -0.49365234 0.6796875 0.54248047
vn 0.48608398 0.6855469 -0.5419922
vn 0.48608398 0.6855469 -0.5419922
vn 0.48608398 0.6855469 -0.5419922
vn 0.5395508 0.71240234 0.4482422
vn 0.5395508 0.71240234 0.4482422
vn 0.5395508 0.71240234 0.4482422
vn -0.5473633 0.70703125 -0.4477539
vn -0.5473633 0.70703125 -0.4477539
vn -0.5473633 0.70703125 -0.4477539
vn -0.49365234 0.6796875 0.54248047
vn -0.49365234 0.6796875 0.54248047
vn -0.49365234 0.6796875 0.54248047
vn 0.48608398 0.6855469 -0.5419922
vn 0.48608398 0.6855469 -0.5419922
vn 0.48608398 0.6855469 -0.5419922
vn 0.5395508 0.71240234 0.4482422
vn 0.5395508 0.71240234 0.4482422
vn 0.5395508 0.71240234 0.4482422
vn -0.5473633 0.70703125 -0.4477539
vn -0.5473633 0.70703125 -0.4477539
vn -0.5473633 0.70703125 -0.4477539
vn -0.49365234 0.6796875 0.54248047
vn -0.49365234 0.6796875 0.54248047
vn -0.49365234 0.6796875 0.54248047
vn 0.48608398 0.6855469 -0.5419922
vn 0.48608398 0.6855469 -0.5419922
vn 0.48608398 0.6855469 -0.5419922
vn 0.5395508 0.71240234 0.4482422
vn 0.5395508 0.71240234 0.4482422
vn 0.5395508 0.71240234 0.4482422
vn 0.41796875 0.7089844 0.5683594
vn 0.41796875 0.7089844 0.5683594
vn 0.41796875 0.7089844 0.5683594
vn -0.6669922 0.5151367 0.53808594
vn -0.6669922 0.5151367 0.53808594
vn -0.6669922 0.5151367 0.53808594
vn 0.62353516 0.50634766 -0.5961914
vn 0.62353516 0.50634766 -0.5961914
vn 0.62353516 0.50634766 -0.5961914
vn -0.60009766 0.52978516 -0.5991211
vn -0.60009766 0.52978516 -0.5991211
vn -0.60009766 0.52978516 -0.5991211
vn 0.00022959709 0.56396484 -0.8256836
vn 0.00022959709 0.56396484 -0.8256836
vn 0.00022959709 0.56396484 -0.8256836
vn -0.00409317 0.6430664 -0.7661133
vn -0.00409317 0.6430664 -0.7661133
vn -0.00409317 0.6430664 -0.7661133
vn 0.6503906 0.7597656 0.0058555603
vn 0.6503906 0.7597656 0.0058555603
vn 0.6503906 0.7597656 0.0058555603
vn 0.7636719 0.6459961 0.008377075
vn 0.7636719 0.6459961 0.008377075
vn 0.7636719 0.6459961 0.008377075
vn 0.37451172 0.8491211 0.37280273
vn 0.37451172 0.8491211 0.37280273
vn 0.37451172 0.8491211 0.37280273
vn -0.3647461 0.85595703 0.36645508
vn -0.3647461 0.85595703 0.36645508
vn -0.3647461 0.85595703 0.36645508
vn 0.41577148 0.80810547 -0.4177246
vn 0.41577148 0.80810547 -0.4177246
vn 0.41577148 0.80810547 -0.4177246
vn -0.42700195 0.79785156 -0.42504883
vn -0.42700195 0.79785156 -0.42504883
vn -0.42700195 0.79785156 -0.42504883
vn -0.6567383 0.7529297 0.03643799
vn -0.6567383 0.7529297 0.03643799
vn -0.6567383 0.7529297 0.03643799
vn -0.59765625 0.80078125 0.034332275
vn -0.59765625 0.80078125 0.034332275
vn -0.59765625 0.80078125 0.034332275
vn 0.37451172 0.8491211 0.37280273
vn 0.37451172 0.8491211 0.37280273
vn 0.37451172 0.8491211 0.37280273
vn -0.36499023 0.85595703 0.36645508
vn -0.36499023 0.85595703 0.36645508
vn -0.36499023 0.85595703 0.36645508
vn 0.41577148 0.80810547 -0.4177246
vn 0.41577148 0.80810547 -0.4177246
vn 0.41577148 0.80810547 -0.4177246
vn -0.4272461 0.79785156 -0.42504883
vn -0.4272461 0.79785156 -0.42504883
vn -0.4272461 0.79785156 -0.42504883
vn 0.37451172 0.8491211 0.37280273
vn 0.37451172 0.8491211 0.37280273
vn 0.37451172 0.8491211 0.37280273
vn -0.36499023 0.85595703 0.36645508
vn -0.36499023 0.85595703 0.36645508
vn -0.36499023 0.85595703 0.36645508
vn 0.41577148 0.80810547 -0.4177246
vn 0.41577148 0.80810547 -0.4177246
vn 0.41577148 0.80810547 -0.4177246
vn -0.42700195 0.79785156 -0.42504883
vn -0.42700195 0.79785156 -0.42504883
vn -0.42700195 0.79785156 -0.42504883
vn 0.48779297 0.6557617 0.5761719
vn 0.48779297 0.6557617 0.5761719
vn 0.48779297 0.6557617 0.5761719
vn -0.6118164 0.5991211 0.51660156
vn -0.6118164 0.5991211 0.51660156
vn -0.6118164 0.5991211 0.51660156
vn 0.6982422 0.41918945 -0.5805664
vn 0.6982422 0.41918945 -0.5805664
vn 0.6982422 0.41918945 -0.5805664
vn -0.51220703 0.5957031 -0.61816406
vn -0.51220703 0.5957031 -0.61816406
vn -0.51220703 0.5957031 -0.61816406
vn 0.009422302 0.5522461 -0.8334961
vn 0.009422302 0.5522461 -0.8334961
vn 0.009422302 0.5522461 -0.8334961
vn 0.0060920715 0.6430664 -0.765625
vn 0.0060920715 0.6430664 -0.765625
vn 0.0060920715 0.6430664 -0.765625
vn 0.73828125 0.6738281 0.028335571
vn 0.73828125 0.6738281 0.028335571
vn 0.73828125 0.6738281 0.028335571
vn 0.83740234 0.54541016 0.03741455
vn 0.83740234 0.54541016 0.03741455
vn 0.83740234 0.54541016 0.03741455
vn 0.37451172 0.8491211 0.37280273
vn 0.37451172 0.8491211 0.37280273
vn 0.37451172 0.8491211 0.37280273
vn -0.3647461 0.85595703 0.36645508
vn -0.3647461 0.85595703 0.36645508
vn -0.3647461 0.85595703 0.36645508
vn 0.41577148 0.80810547 -0.4177246
vn 0.41577148 0.80810547 -0.4177246
vn 0.41577148 0.80810547 -0.4177246
vn -0.4272461 0.79785156 -0.42504883
vn -0.4272461 0.79785156 -0.42504883
vn -0.4272461 0.79785156 -0.42504883
vn -0.5473633 0.70703125 -0.4477539
vn -0.5473633 0.70703125 -0.4477539
vn -0.5473633 0.70703125 -0.4477539
vn -0.49365234 0.6796875 0.54248047
vn -0.49365234 0.6796875 0.54248047
vn -0.49365234 0.6796875 0.54248047
vn 0.48608398 0.6855469 -0.5419922
vn 0.48608398 0.6855469 -0.5419922
vn 0.48608398 0.6855469 -0.5419922
vn 0.5395508 0.71240234 0.4482422
vn 0.5395508 0.71240234 0.4482422
vn 0.5395508 0.71240234 0.4482422
vn 0.3972168 0.8491211 0.34838867
vn 0.3972168 0.8491211 0.34838867
vn 0.3972168 0.8491211 0.34838867
vn -0.3408203 0.85595703 0.38891602
vn -0.3408203 0.85595703 0.38891602
vn -0.3408203 0.85595703 0.38891602
vn 0.38842773 0.80810547 -0.44311523
vn 0.38842773 0.80810547 -0.44311523
vn 0.38842773 0.80810547 -0.44311523
vn -0.453125 0.79785156 -0.3972168
vn -0.453125 0.79785156 -0.3972168
vn -0.453125 0.79785156 -0.3972168
vn 0.48779297 0.6557617 0.5761719
vn 0.48779297 0.6557617 0.5761719
vn 0.48779297 0.6557617 0.5761719
vn -0.6118164 0.5991211 0.51660156
vn -0.6118164 0.5991211 0.51660156
vn -0.6118164 0.5991211 0.51660156
vn 0.6982422 0.41918945 -0.5805664
vn 0.6982422 0.41918945 -0.5805664
vn 0.6982422 0.41918945 -0.5805664
vn -0.51220703 0.5957031 -0.61865234
vn -0.51220703 0.5957031 -0.61865234
vn -0.51220703 0.5957031 -0.61865234
vn 0.017303467 0.5522461 -0.8334961
vn 0.017303467 0.5522461 -0.8334961
vn 0.017303467 0.5522461 -0.8334961
vn 0.011230469 0.6425781 -0.7661133
vn 0.011230469 0.6425781 -0.7661133
vn 0.011230469 0.6425781 -0.7661133
vn 0.74609375 0.66552734 -0.011390686
vn 0.74609375 0.66552734 -0.011390686
vn 0.74609375 0.66552734 -0.011390686
vn 0.8388672 0.5439453 -0.0039367676
vn 0.8388672 0.5439453 -0.0039367676
vn 0.8388672 0.5439453 -0.0039367676
vn 0.50683594 0.6557617 0.5595703
vn 0.50683594 0.6557617 0.5595703
vn 0.50683594 0.6557617 0.5595703
vn -0.5942383 0.5991211 0.5366211
vn -0.5942383 0.5991211 0.5366211
vn -0.5942383 0.5991211 0.5366211
vn 0.67822266 0.41918945 -0.6035156
vn 0.67822266 0.41918945 -0.6035156
vn 0.67822266 0.41918945 -0.6035156
vn -0.53271484 0.5957031 -0.6010742
vn -0.53271484 0.5957031 -0.6010742
vn -0.53271484 0.5957031 -0.6010742
vn -0.018356323 0.5522461 -0.8334961
vn -0.018356323 0.5522461 -0.8334961
vn -0.018356323 0.5522461 -0.8334961
vn -0.019424438 0.6430664 -0.765625
vn -0.019424438 0.6430664 -0.765625
vn -0.019424438 0.6430664 -0.765625
vn 0.7392578 0.6738281 0.0037117004
vn 0.7392578 0.6738281 0.0037117004
vn 0.7392578 0.6738281 0.0037117004
vn 0.8383789 0.54541016 0.009490967
vn 0.8383789 0.54541016 0.009490967
vn 0.8383789 0.54541016 0.009490967
vn 0.5209961 0.6557617 0.5463867
vn 0.5209961 0.6557617 0.5463867
vn 0.5209961 0.6557617 0.5463867
vn -0.5800781 0.5991211 0.5522461
vn -0.5800781 0.5991211 0.5522461
vn -0.5800781 0.5991211 0.5522461
vn 0.6621094 0.41918945 -0.62109375
vn 0.6621094 0.41918945 -0.62109375
vn 0.6621094 0.41918945 -0.62109375
vn -0.54833984 0.5957031 -0.58691406
vn -0.54833984 0.5957031 -0.58691406
vn -0.54833984 0.5957031 -0.58691406
vn 0.016418457 0.55322266 -0.8330078
vn 0.016418457 0.55322266 -0.8330078
vn 0.016418457 0.55322266 -0.8330078
vn 0.011192322 0.6376953 -0.7705078
vn 0.011192322 0.6376953 -0.7705078
vn 0.011192322 0.6376953 -0.7705078
vn 0.73876953 0.6738281 -0.015594482
vn 0.73876953 0.6738281 -0.015594482
vn 0.73876953 0.6738281 -0.015594482
vn 0.8378906 0.54541016 -0.012413025
vn 0.8378906 0.54541016 -0.012413025
vn 0.8378906 0.54541016 -0.012413025
vn 0.5209961 0.6557617 0.5463867
vn 0.5209961 0.6557617 0.5463867
vn 0.5209961 0.6557617 0.5463867
vn -0.5800781 0.5991211 0.5522461
vn -0.5800781 0.5991211 0.5522461
vn -0.5800781 0.5991211 0.5522461
vn 0.6621094 0.41918945 -0.62109375
vn 0.6621094 0.41918945 -0.62109375
vn 0.6621094 0.41918945 -0.62109375
vn -0.54833984 0.5957031 -0.58691406
vn -0.54833984 0.5957031 -0.58691406
vn -0.54833984 0.5957031 -0.58691406
vn 0.14257812 0.62939453 0.7636719
vn 0.14257812 0.62939453 0.7636719
vn 0.14257812 0.62939453 0.7636719
vn 0.14562988 0.6796875 0.7192383
vn 0.14562988 0.6796875 0.7192383
vn 0.14562988 0.6796875 0.7192383
vn -0.118652344 0.54833984 -0.8276367
vn -0.118652344 0.54833984 -0.8276367
vn -0.118652344 0.54833984 -0.8276367
vn -0.11627197 0.6479492 -0.7524414
vn -0.11627197 0.6479492 -0.7524414
vn -0.11627197 0.6479492 -0.7524414
vn 0.7397461 0.6723633 -0.02130127
vn 0.7397461 0.6723633 -0.02130127
vn 0.7397461 0.6723633 -0.02130127
vn 0.8378906 0.54541016 -0.016983032
vn 0.8378906 0.54541016 -0.016983032
vn 0.8378906 0.54541016 -0.016983032
vn 0.63720703 0.43725586 0.63427734
vn 0.63720703 0.43725586 0.63427734
vn 0.63720703 0.43725586 0.63427734
vn 0.63720703 0.43725586 0.63427734
vn -0.63427734 0.43725586 0.63720703
vn -0.63427734 0.43725586 0.63720703
vn -0.63427734 0.43725586 0.63720703
vn -0.63427734 0.4375 0.63720703
vn 0.63427734 0.43725586 -0.63720703
vn 0.63427734 0.43725586 -0.63720703
vn 0.63427734 0.43725586 -0.63720703
vn 0.63427734 0.43725586 -0.63720703
vn -0.63720703 0.43725586 -0.63427734
vn -0.63720703 0.43725586 -0.63427734
vn -0.63720703 0.43725586 -0.63427734
vn -0.63720703 0.43725586 -0.63427734
vn -0.019058228 0.8901367 0.45507812
vn -0.019058228 0.8901367 0.45507812
vn -0.019058228 0.8901367 0.45507812
vn -0.019058228 0.8901367 0.45507812
vn -0.640625 0.7675781 -0.01309967
vn -0.640625 0.7675781 -0.01309967
vn -0.640625 0.7675781 -0.01309967
vn -0.6225586 0.78271484 -0.01235199
vn 0.022628784 0.8408203 -0.54052734
vn 0.022628784 0.8408203 -0.54052734
vn 0.022628784 0.8408203 -0.54052734
vn 0.022628784 0.8408203 -0.54052734
vn 0.6381836 0.77001953 0.013046265
vn 0.6381836 0.77001953 0.013046265
vn 0.6381836 0.77001953 0.013046265
vn 0.6201172 0.78466797 0.012306213
vn -0.034484863 0.56640625 0.8232422
vn -0.034484863 0.56640625 0.8232422
vn -0.034484863 0.56640625 0.8232422
vn -0.034484863 0.56640625 0.8232422
vn -0.82373047 0.56640625 -0.016845703
vn -0.82373047 0.56640625 -0.016845703
vn -0.82373047 0.56640625 -0.016845703
vn -0.82373047 0.56640625 -0.016845703
vn 0.034484863 0.56640625 -0.82373047
vn 0.034484863 0.56640625 -0.82373047
vn 0.034484863 0.56640625 -0.82373047
vn 0.034484863 0.56640625 -0.82373047
vn 0.82373047 0.56640625 0.016845703
vn 0.82373047 0.56640625 0.016845703
vn 0.82373047 0.56640625 0.016845703
vn 0.82373047 0.56640625 0.016845703
vn 0.57177734 0.43725586 0.69384766
vn 0.57177734 0.43725586 0.69384766
vn 0.57177734 0.43725586 0.69384766
vn 0.57177734 0.43725586 0.69384766
vn -0.69384766 0.43725586 0.57177734
vn -0.69384766 0.43725586 0.57177734
vn -0.69384766 0.43725586 0.57177734
vn -0.69384766 0.43725586 0.57177734
vn 0.76171875 0.15881348 -0.6279297
vn 0.76171875 0.15881348 -0.6279297
vn 0.76171875 0.15881348 -0.6279297
vn 0.76171875 0.15881348 -0.6279297
vn -0.6279297 0.15881348 -0.76171875
vn -0.6279297 0.15881348 -0.76171875
vn -0.6279297 0.15881348 -0.76171875
vn -0.6279297 0.15881348 -0.76171875
vn 0.013618469 0.9291992 -0.36889648
vn 0.013618469 0.9291992 -0.36889648
vn 0.013618469 0.9291992 -0.36889648
vn 0.013618469 0.9291992 -0.36889648
vn 0.5673828 0.8232422 0.013809204
vn 0.5673828 0.8232422 0.013809204
vn 0.5673828 0.8232422 0.013809204
vn 0.58154297 0.81347656 0.014015198
vn -0.030426025 0.56591797 0.82373047
vn -0.030426025 0.56591797 0.82373047
vn -0.030426025 0.56591797 0.82373047
vn -0.030426025 0.56591797 0.82373047
vn 0.035980225 0.22143555 -0.9746094
vn 0.035980225 0.22143555 -0.9746094
vn 0.035980225 0.22143555 -0.9746094
vn 0.035980225 0.22143555 -0.9746094
vn 0.54003906 0.8413086 0.013938904
vn 0.54003906 0.8413086 0.013938904
vn 0.54003906 0.8413086 0.013938904
vn 0.55322266 0.8330078 -0.0026283264
vn 0.5546875 0.83203125 -0.0026054382
vn 0.8666992 0.49829102 0.022369385
vn 0.8666992 0.49829102 0.022369385
vn 0.8666992 0.49829102 0.022369385
vn 0.8671875 0.49829102 -0.004119873
vn 0.8671875 0.49829102 -0.004119873
vn -0.66064453 0.37646484 0.64941406
vn -0.66064453 0.37646484 0.64941406
vn -0.66064453 0.37646484 0.64941406
vn -0.66064453 0.37646484 0.64941406
vn 0.66064453 0.37646484 -0.64941406
vn 0.66064453 0.37646484 -0.64941406
vn 0.66064453 0.37646484 -0.64941406
vn 0.66064453 0.37646484 -0.64941406
vn -0.64941406 0.37646484 -0.66064453
vn -0.64941406 0.37646484 -0.66064453
vn -0.64941406 0.37646484 -0.66064453
vn -0.64941406 0.37646484 -0.66064453
vn -0.5527344 0.8330078 0.001953125
vn -0.5527344 0.8330078 0.001953125
vn -0.5527344 0.8330078 0.001953125
vn -0.5551758 0.83154297 0.0019226074
vn 0.00274086 0.93359375 -0.35864258
vn 0.00274086 0.93359375 -0.35864258
vn 0.00274086 0.93359375 -0.35864258
vn 0.0027389526 0.93359375 -0.35864258
vn -0.006626129 0.49829102 0.8671875
vn -0.006626129 0.49829102 0.8671875
vn -0.006626129 0.49829102 0.8671875
vn -0.0066223145 0.49829102 0.8671875
vn -0.8671875 0.49829102 0.003063202
vn -0.8671875 0.49829102 0.003063202
vn -0.8671875 0.49829102 0.003063202
vn -0.8671875 0.49829102 0.003063202
vn 0.006626129 0.49829102 -0.8671875
vn 0.006626129 0.49829102 -0.8671875
vn 0.006626129 0.49829102 -0.8671875
vn 0.006626129 0.49829102 -0.8671875
vn 0.7138672 0.21606445 0.6660156
vn 0.7138672 0.21606445 0.6660156
vn 0.7138672 0.21606445 0.6660156
vn 0.7138672 0.21606445 0.6660156
vn -0.6660156 0.21606445 0.7138672
vn -0.6660156 0.21606445 0.7138672
vn -0.6660156 0.21606445 0.7138672
vn -0.6660156 0.21606445 0.7138672
vn 0.6660156 0.21606445 -0.7138672
vn 0.6660156 0.21606445 -0.7138672
vn 0.6660156 0.21606445 -0.7138672
vn 0.6660156 0.21606445 -0.7138672
vn -0.7138672 0.21606445 -0.6660156
vn -0.7138672 0.21606445 -0.6660156
vn -0.7138672 0.21606445 -0.6660156
vn -0.7138672 0.21606445 -0.6660156
vn 0.01776123 0.8779297 0.47875977
vn 0.01776123 0.8779297 0.47875977
vn 0.01776123 0.8779297 0.47875977
vn 0.01776123 0.8779297 0.47875977
vn -0.4777832 0.8774414 0.044433594
vn -0.4777832 0.8774414 0.044433594
vn -0.4777832 0.8774414 0.044433594
vn -0.4777832 0.8774414 0.044433594
vn -0.01776123 0.8779297 -0.47875977
vn -0.01776123 0.8779297 -0.47875977
vn -0.01776123 0.8779297 -0.47875977
vn -0.01776123 0.8779297 -0.47875977
vn 0.4777832 0.8774414 -0.044433594
vn 0.4777832 0.8774414 -0.044433594
vn 0.4777832 0.8774414 -0.044433594
vn 0.4777832 0.8774414 -0.044433594
vn 0.035369873 0.29858398 0.9536133
vn 0.035369873 0.29858398 0.9536133
vn 0.035369873 0.29858398 0.9536133
vn 0.035369873 0.29858398 0.9536133
vn -0.9501953 0.2980957 0.088378906
vn -0.9501953 0.2980957 0.088378906
vn -0.9501953 0.2980957 0.088378906
vn -0.9501953 0.2980957 0.088378906
vn -0.035369873 0.29858398 -0.9536133
vn -0.035369873 0.29858398 -0.9536133
vn -0.035369873 0.29858398 -0.9536133
vn -0.035369873 0.29858398 -0.9536133
vn 0.9501953 0.2980957 -0.088378906
vn 0.9501953 0.2980957 -0.088378906
vn 0.9501953 0.2980957 -0.088378906
vn 0.9501953 0.2980957 -0.088378906
vn 0.6816406 0.3137207 0.6611328
vn 0.6816406 0.3137207 0.6611328
vn 0.6816406 0.3137207 0.6611328
vn 0.6816406 0.3137207 0.66064453
vn -0.6611328 0.3137207 0.6816406
vn -0.6611328 0.3137207 0.6816406
vn -0.6611328 0.3137207 0.6816406
vn -0.66064453 0.3137207 0.6816406
vn 0.6611328 0.3137207 -0.6816406
vn 0.6611328 0.3137207 -0.6816406
vn 0.6611328 0.3137207 -0.6816406
vn 0.66064453 0.3137207 -0.6816406
vn -0.6816406 0.3137207 -0.6611328
vn -0.6816406 0.3137207 -0.6611328
vn -0.6816406 0.3137207 -0.6611328
vn -0.6816406 0.3137207 -0.6611328
vn -0.004283905 0.59521484 0.80322266
vn -0.004283905 0.59521484 0.80322266
vn -0.004283905 0.59521484 0.80322266
vn -0.0050849915 0.58496094 0.81103516
vn -0.71777344 0.69628906 0.016281128
vn -0.71777344 0.69628906 0.016281128
vn -0.71777344 0.69628906 0.016281128
vn -0.72265625 0.69140625 0.016204834
vn 0.004283905 0.59521484 -0.80322266
vn 0.004283905 0.59521484 -0.80322266
vn 0.004283905 0.59521484 -0.80322266
vn 0.0050849915 0.58496094 -0.81103516
vn 0.71777344 0.69628906 -0.016281128
vn 0.71777344 0.69628906 -0.016281128
vn 0.71777344 0.69628906 -0.016281128
vn 0.72265625 0.69140625 -0.016204834
vn -0.0048332214 0.42333984 0.9057617
vn -0.0048332214 0.42333984 0.9057617
vn -0.0048332214 0.42333984 0.9057617
vn -0.0048332214 0.42333984 0.9057617
vn -0.9057617 0.42333984 0.02053833
vn -0.9057617 0.42333984 0.02053833
vn -0.9057617 0.42333984 0.02053833
vn -0.9057617 0.42333984 0.02053833
vn 0.0048332214 0.42333984 -0.9057617
vn 0.0048332214 0.42333984 -0.9057617
vn 0.0048332214 0.42333984 -0.9057617
vn 0.0048332214 0.42333984 -0.9057617
vn 0.9057617 0.42333984 -0.02053833
vn 0.9057617 0.42333984 -0.02053833
vn 0.9057617 0.42333984 -0.02053833
vn 0.9057617 0.42333984 -0.02053833
vn 0.6748047 0.18261719 0.71533203
vn 0.6748047 0.18261719 0.71533203
vn 0.6748047 0.18261719 0.71533203
vn 0.6748047 0.18261719 0.71533203
vn -0.71533203 0.18261719 0.6743164
vn -0.71533203 0.18261719 0.6743164
vn -0.71533203 0.18261719 0.6743164
vn -0.71533203 0.18261719 0.6748047
vn 0.71533203 0.18261719 -0.6748047
vn 0.71533203 0.18261719 -0.6748047
vn 0.71533203 0.18261719 -0.6748047
vn 0.71533203 0.18261719 -0.6748047
vn -0.6743164 0.18261719 -0.71533203
vn -0.6743164 0.18261719 -0.71533203
vn -0.6743164 0.18261719 -0.71533203
vn -0.6748047 0.18261719 -0.71533203
vn -0.01638794 0.79589844 0.60498047
vn -0.01638794 0.79589844 0.60498047
vn -0.01638794 0.79589844 0.60498047
vn -0.01638794 0.79589844 0.60498047
vn -0.6855469 0.72802734 -0.0014677048
vn -0.6855469 0.72802734 -0.0014677048
vn -0.6855469 0.72802734 -0.0014677048
vn -0.6855469 0.72802734 -0.0014667511
vn 0.01638794 0.79589844 -0.60498047
vn 0.01638794 0.79589844 -0.60498047
vn 0.01638794 0.79589844 -0.60498047
vn 0.01638794 0.79589844 -0.60498047
vn 0.6855469 0.72802734 0.0014705658
vn 0.6855469 0.72802734 0.0014705658
vn 0.6855469 0.72802734 0.0014705658
vn 0.6855469 0.72802734 0.0014705658
vn -0.026184082 0.25390625 0.9667969
vn -0.026184082 0.25390625 0.9667969
vn -0.026184082 0.25390625 0.9667969
vn -0.026184082 0.25390625 0.9667969
vn -0.96728516 0.25390625 -0.0020694733
vn -0.96728516 0.25390625 -0.0020694733
vn -0.96728516 0.25390625 -0.0020694733
vn -0.96728516 0.25390625 -0.0020713806
vn 0.026184082 0.25390625 -0.9667969
vn 0.026184082 0.25390625 -0.9667969
vn 0.026184082 0.25390625 -0.9667969
vn 0.026184082 0.25390625 -0.9667969
vn 0.96728516 0.25390625 0.0020713806
vn 0.96728516 0.25390625 0.0020713806
vn 0.96728516 0.25390625 0.0020713806
vn 0.96728516 0.25390625 0.002073288
vn -0.69677734 0.20178223 0.68847656
vn -0.69677734 0.20178223 0.68847656
vn -0.69677734 0.20178223 0.68847656
vn -0.69677734 0.20178223 0.68847656
vn 0.69677734 0.20178223 -0.68847656
vn 0.69677734 0.20178223 -0.68847656
vn 0.69677734 0.20178223 -0.68847656
vn 0.69677734 0.20178223 -0.68847656
vn -0.68847656 0.20178223 -0.69677734
vn -0.68847656 0.20178223 -0.69677734
vn -0.68847656 0.20178223 -0.69677734
vn -0.68847656 0.20178223 -0.69677734
vn -0.95996094 0.27978516 -0.004272461
vn -0.95996094 0.27978516 -0.004272461
vn -0.95996094 0.27978516 -0.004272461
vn -0.95996094 0.27954102 -0.004272461
vn 0.0035591125 0.27954102 -0.95996094
vn 0.0035591125 0.27954102 -0.95996094
vn 0.0035591125 0.27954102 -0.95996094
vn 0.0035591125 0.27978516 -0.95996094
vn -0.69677734 0.1616211 0.69873047
vn -0.69677734 0.1616211 0.69873047
vn -0.69677734 0.1616211 0.69873047
vn -0.69677734 0.1616211 0.69873047
vn 0.69677734 0.1616211 -0.69873047
vn 0.69677734 0.1616211 -0.69873047
vn 0.69677734 0.1616211 -0.69873047
vn 0.69677734 0.1616211 -0.69873047
vn -0.69873047 0.1616211 -0.69677734
vn -0.69873047 0.1616211 -0.69677734
vn -0.69873047 0.1616211 -0.69677734
vn -0.69873047 0.1616211 -0.69677734
vn 0.0027694702 0.7817383 0.62353516
vn 0.0027694702 0.7817383 0.62353516
vn 0.0027694702 0.7817383 0.62353516
vn 0.0071754456 0.8100586 0.5864258
vn -0.76660156 0.64208984 0.013046265
vn -0.76660156 0.64208984 0.013046265
vn -0.76660156 0.64208984 0.013046265
vn -0.74609375 0.6660156 0.013336182
vn -0.0022277832 0.77246094 -0.6347656
vn -0.0022277832 0.77246094 -0.6347656
vn -0.0022277832 0.77246094 -0.6347656
vn -0.0022277832 0.77246094 -0.6347656
vn 0.0034179688 0.22558594 0.9741211
vn 0.0034179688 0.22558594 0.9741211
vn 0.0034179688 0.22558594 0.9741211
vn 0.0043182373 0.23254395 0.97265625
vn -0.9741211 0.22558594 0.016586304
vn -0.9741211 0.22558594 0.016586304
vn -0.9741211 0.22558594 0.016586304
vn -0.9741211 0.22558594 0.016586304
vn -0.0034179688 0.22558594 -0.9741211
vn -0.0034179688 0.22558594 -0.9741211
vn -0.0034179688 0.22558594 -0.9741211
vn -0.0034179688 0.22558594 -0.9741211
vn 0.7246094 0.68896484 -0.009185791
vn 0.7246094 0.68896484 -0.009185791
vn 0.7246094 0.68896484 -0.009185791
vn 0.7246094 0.68896484 -0.009185791
vn 0.5917969 0.36987305 0.7163086
vn 0.5917969 0.36987305 0.7163086
vn 0.5917969 0.36987305 0.7163086
vn 0.5917969 0.36987305 0.7163086
vn -0.74365234 0.2142334 0.6333008
vn -0.74365234 0.2142334 0.6333008
vn -0.74365234 0.2142334 0.6333008
vn -0.74365234 0.21435547 0.6333008
vn 0.67285156 0.39086914 -0.62841797
vn 0.67285156 0.39086914 -0.62841797
vn 0.67285156 0.39086914 -0.62841797
vn 0.6723633 0.39086914 -0.62841797
vn -0.66259766 0.23522949 -0.7109375
vn -0.66259766 0.23522949 -0.7109375
vn -0.66259766 0.23522949 -0.7109375
vn -0.66259766 0.23522949 -0.7109375
vn -0.013244629 0.63671875 0.7709961
vn -0.013244629 0.63671875 0.7709961
vn -0.013244629 0.63671875 0.7709961
vn -0.0115737915 0.671875 0.7402344
vn -0.8408203 0.5410156 -0.00024437904
vn -0.8408203 0.5410156 -0.00024437904
vn -0.8408203 0.5410156 -0.00024437904
vn -0.86083984 0.50878906 -0.0010185242
vn -0.011779785 0.40405273 0.9145508
vn -0.011779785 0.40405273 0.9145508
vn -0.011779785 0.40405273 0.9145508
vn -0.011779785 0.40405273 0.9145508
vn -0.953125 0.30297852 -0.0017690659
vn -0.953125 0.30297852 -0.0017690659
vn -0.953125 0.30297852 -0.0017690659
vn -0.953125 0.30297852 -0.0017700195
vn 0.0024471283 0.4230957 -0.90625
vn 0.0024471283 0.4230957 -0.90625
vn 0.0024471283 0.4230957 -0.90625
vn 0.0024471283 0.4230957 -0.90625
vn 0.8574219 0.51464844 0.005378723
vn 0.8574219 0.51464844 0.005378723
vn 0.8574219 0.51464844 0.005378723
vn 0.8574219 0.51464844 0.005378723
vn 0.69921875 0.18261719 0.69140625
vn 0.69921875 0.18261719 0.69140625
vn 0.69921875 0.18261719 0.69140625
vn 0.69921875 0.18261719 0.69140625
vn -0.69140625 0.18261719 0.69921875
vn -0.69140625 0.18261719 0.69921875
vn -0.69140625 0.18261719 0.69921875
vn -0.69140625 0.18261719 0.69921875
vn 0.69140625 0.18261719 -0.69921875
vn 0.69140625 0.18261719 -0.69921875
vn 0.69140625 0.18261719 -0.69921875
vn 0.69140625 0.18261719 -0.69921875
vn -0.69921875 0.18261719 -0.69140625
vn -0.69921875 0.18261719 -0.69140625
vn -0.69921875 0.18261719 -0.69140625
vn -0.69921875 0.18261719 -0.69140625
vn 0.004722595 0.79589844 0.60546875
vn 0.004722595 0.79589844 0.60546875
vn 0.004722595 0.79589844 0.60546875
vn 0.004722595 0.79589844 0.60546875
vn -0.68408203 0.7294922 0.018356323
vn -0.68408203 0.7294922 0.018356323
vn -0.68408203 0.7294922 0.018356323
vn -0.6870117 0.7265625 0.01828003
vn -0.004722595 0.79589844 -0.60546875
vn -0.004722595 0.79589844 -0.60546875
vn -0.004722595 0.79589844 -0.60546875
vn -0.004722595 0.79589844 -0.60546875
vn 0.68408203 0.7294922 -0.018356323
vn 0.68408203 0.7294922 -0.018356323
vn 0.68408203 0.7294922 -0.018356323
vn 0.6870117 0.7265625 -0.01828003
vn 0.007545471 0.25390625 0.96728516
vn 0.007545471 0.25390625 0.96728516
vn 0.007545471 0.25390625 0.96728516
vn 0.007545471 0.25390625 0.96728516
vn -0.9667969 0.25390625 0.0259552
vn -0.9667969 0.25390625 0.0259552
vn -0.9667969 0.25390625 0.0259552
vn -0.9667969 0.25390625 0.0259552
vn -0.007545471 0.25390625 -0.96728516
vn -0.007545471 0.25390625 -0.96728516
vn -0.007545471 0.25390625 -0.96728516
vn -0.007545471 0.25390625 -0.96728516
vn 0.9667969 0.25390625 -0.0259552
vn 0.9667969 0.25390625 -0.0259552
vn 0.9667969 0.25390625 -0.0259552
vn 0.9667969 0.25390625 -0.0259552
vn 0.6821289 0.19177246 0.7055664
vn 0.6821289 0.19177246 0.7055664
vn 0.6821289 0.19177246 0.7055664
vn 0.6821289 0.19177246 0.7055664
vn -0.7055664 0.19177246 0.6821289
vn -0.7055664 0.19177246 0.6821289
vn -0.7055664 0.19177246 0.6821289
vn -0.7055664 0.19189453 0.6821289
vn 0.7055664 0.19177246 -0.6821289
vn 0.7055664 0.19177246 -0.6821289
vn 0.7055664 0.19177246 -0.6821289
vn 0.7055664 0.19189453 -0.6821289
vn -0.6821289 0.19177246 -0.7055664
vn -0.6821289 0.19177246 -0.7055664
vn -0.6821289 0.19177246 -0.7055664
vn -0.6821289 0.19177246 -0.7055664
vn -0.00504303 0.9399414 0.3413086
vn -0.00504303 0.9399414 0.3413086
vn -0.00504303 0.9399414 0.3413086
vn -0.00504303 0.9399414 0.3413086
vn -0.5078125 0.8613281 -0.0009860992
vn -0.5078125 0.8613281 -0.0009860992
vn -0.5078125 0.8613281 -0.0009860992
vn -0.5078125 0.8613281 -0.0009841919
vn 0.00504303 0.9399414 -0.3413086
vn 0.00504303 0.9399414 -0.3413086
vn 0.00504303 0.9399414 -0.3413086
vn 0.00504303 0.9399414 -0.3413086
vn 0.5078125 0.8613281 0.0009860992
vn 0.5078125 0.8613281 0.0009860992
vn 0.5078125 0.8613281 0.0009860992
vn 0.5078125 0.8613281 0.0009880066
vn -0.01424408 0.26635742 0.9638672
vn -0.01424408 0.26635742 0.9638672
vn -0.01424408 0.26635742 0.9638672
vn -0.01424408 0.26635742 0.9638672
vn -0.9638672 0.26635742 -0.0018701553
vn -0.9638672 0.26635742 -0.0018701553
vn -0.9638672 0.26635742 -0.0018701553
vn -0.9638672 0.26635742 -0.001871109
vn 0.01424408 0.26635742 -0.9638672
vn 0.01424408 0.26635742 -0.9638672
vn 0.01424408 0.26635742 -0.9638672
vn 0.01424408 0.26635742 -0.9638672
vn 0.9638672 0.26635742 0.001871109
vn 0.9638672 0.26635742 0.001871109
vn 0.9638672 0.26635742 0.001871109
vn 0.9638672 0.26635742 0.0018720627
vn 0.6772461 0.18859863 0.7114258
vn 0.6772461 0.18859863 0.7114258
vn 0.6772461 0.18859863 0.7114258
vn 0.6772461 0.18859863 0.7114258
vn -0.6855469 0.33374023 0.64697266
vn -0.6855469 0.33374023 0.64697266
vn -0.6855469 0.33374023 0.64697266
vn -0.6855469 0.33374023 0.64697266
vn 0.6845703 0.3227539 -0.6538086
vn 0.6845703 0.3227539 -0.6538086
vn 0.6845703 0.3227539 -0.6538086
vn 0.68408203 0.32299805 -0.6538086
vn -0.64990234 0.32177734 -0.68847656
vn -0.64990234 0.32177734 -0.68847656
vn -0.64990234 0.32177734 -0.68847656
vn -0.64990234 0.32177734 -0.68847656
vn -0.83203125 0.5551758 0.009346008
vn -0.83203125 0.5551758 0.009346008
vn -0.83203125 0.5551758 0.009346008
vn -0.8408203 0.5415039 0.009223938
vn -0.002500534 0.74560547 -0.6665039
vn -0.002500534 0.74560547 -0.6665039
vn -0.002500534 0.74560547 -0.6665039
vn -0.0023612976 0.74316406 -0.6694336
vn -0.8979492 0.4404297 0.010437012
vn -0.8979492 0.4404297 0.010437012
vn -0.8979492 0.4404297 0.010437012
vn -0.8979492 0.4404297 0.010437012
vn -0.0033283234 0.4326172 -0.9013672
vn -0.0033283234 0.4326172 -0.9013672
vn -0.0033283234 0.4326172 -0.9013672
vn -0.0033283234 0.4326172 -0.9013672
vn -0.0068893433 0.8051758 0.59277344
vn -0.0068893433 0.8051758 0.59277344
vn -0.0068893433 0.8051758 0.59277344
vn -0.005130768 0.81884766 0.57421875
vn -0.78271484 0.6220703 -0.008392334
vn -0.78271484 0.6220703 -0.008392334
vn -0.78271484 0.6220703 -0.008392334
vn -0.7602539 0.64990234 -0.0075798035
vn 0.032440186 0.80908203 -0.5864258
vn 0.032440186 0.80908203 -0.5864258
vn 0.032440186 0.80908203 -0.5864258
vn 0.031219482 0.8154297 -0.5776367
vn 0.78125 0.62402344 0.010978699
vn 0.78125 0.62402344 0.010978699
vn 0.78125 0.62402344 0.010978699
vn 0.76123047 0.6484375 0.010177612
vn 0.6308594 0.1394043 0.7631836
vn 0.6308594 0.1394043 0.7631836
vn 0.6308594 0.1394043 0.7631836
vn 0.6308594 0.1394043 0.7631836
vn -0.7631836 0.1394043 0.6308594
vn -0.7631836 0.1394043 0.6308594
vn -0.7631836 0.1394043 0.6308594
vn -0.7631836 0.1394043 0.6308594
vn -0.011405945 0.19458008 0.98095703
vn -0.011405945 0.19458008 0.98095703
vn -0.011405945 0.19458008 0.98095703
vn -0.011405945 0.19458008 0.98095703
vn -0.98095703 0.19445801 -0.010520935
vn -0.98095703 0.19445801 -0.010520935
vn -0.98095703 0.19445801 -0.010520935
vn -0.98095703 0.19445801 -0.010520935
vn 0.98095703 0.19458008 0.0137786865
vn 0.98095703 0.19458008 0.0137786865
vn 0.98095703 0.19458008 0.0137786865
vn 0.98095703 0.19458008 0.0137786865
vn 0.7631836 0.13928223 -0.6308594
vn 0.7631836 0.13928223 -0.6308594
vn 0.7631836 0.13928223 -0.6308594
vn 0.7631836 0.1394043 -0.6308594
vn -0.6308594 0.1394043 -0.7631836
vn -0.6308594 0.1394043 -0.7631836
vn -0.6308594 0.1394043 -0.7631836
vn -0.6308594 0.13928223 -0.7631836
vn 0.0541687 0.19506836 -0.9794922
vn 0.0541687 0.19506836 -0.9794922
vn 0.0541687 0.19506836 -0.9794922
vn 0.0541687 0.19506836 -0.9794922
vn -0.68310547 0.7241211 -0.093688965
vn -0.68310547 0.7241211 -0.093688965
vn -0.68310547 0.7241211 -0.093688965
vn -0.6875 0.72021484 -0.09411621
vn -0.15063477 0.5415039 0.82714844
vn -0.15063477 0.5415039 0.82714844
vn -0.15063477 0.5415039 0.82714844
vn -0.15063477 0.5415039 0.82714844
vn 0.68310547 0.7241211 0.093688965
vn 0.68310547 0.7241211 0.093688965
vn 0.68310547 0.7241211 0.093688965
vn 0.6875 0.72021484 0.09411621
vn 0.15063477 0.5415039 -0.82714844
vn 0.15063477 0.5415039 -0.82714844
vn 0.15063477 0.5415039 -0.82714844
vn 0.15063477 0.5415039 -0.82714844
vn -0.64160156 0.20898438 -0.73828125
vn -0.64160156 0.20898438 -0.73828125
vn -0.64160156 0.20898438 -0.73828125
vn -0.64160156 0.20898438 -0.73828125
vn -0.7685547 0.19702148 0.6088867
vn -0.7685547 0.19702148 0.6088867
vn -0.7685547 0.19702148 0.6088867
vn -0.7685547 0.19702148 0.6088867
vn -0.95214844 0.2758789 -0.13061523
vn -0.95214844 0.2758789 -0.13061523
vn -0.95214844 0.2758789 -0.13061523
vn -0.95214844 0.2758789 -0.13061523
vn -0.17163086 0.28564453 0.9428711
vn -0.17163086 0.28564453 0.9428711
vn -0.17163086 0.28564453 0.9428711
vn -0.17163086 0.28564453 0.9428711
vn 0.17163086 0.28564453 -0.9428711
vn 0.17163086 0.28564453 -0.9428711
vn 0.17163086 0.28564453 -0.9428711
vn 0.17163086 0.28564453 -0.9428711
vn 0.7685547 0.19702148 -0.6088867
vn 0.7685547 0.19702148 -0.6088867
vn 0.7685547 0.19702148 -0.6088867
vn 0.7685547 0.19702148 -0.6088867
vn 0.64160156 0.20898438 0.73828125
vn 0.64160156 0.20898438 0.73828125
vn 0.64160156 0.20898438 0.73828125
vn 0.64160156 0.2088623 0.73828125
vn 0.95214844 0.2758789 0.13061523
vn 0.95214844 0.2758789 0.13061523
vn 0.95214844 0.2758789 0.13061523
vn 0.95214844 0.27563477 0.13061523
vn 0.70166016 0.18249512 0.68847656
vn 0.70166016 0.18249512 0.68847656
vn 0.70166016 0.18249512 0.68847656
vn 0.70166016 0.18261719 0.68847656
vn -0.68847656 0.18249512 0.70166016
vn -0.68847656 0.18249512 0.70166016
vn -0.68847656 0.18249512 0.70166016
vn -0.68847656 0.18261719 0.70166016
vn 0.68847656 0.18261719 -0.70166016
vn 0.68847656 0.18261719 -0.70166016
vn 0.68847656 0.18261719 -0.70166016
vn 0.68847656 0.18261719 -0.70166016
vn -0.70166016 0.18261719 -0.68847656
vn -0.70166016 0.18261719 -0.68847656
vn -0.70166016 0.18261719 -0.68847656
vn -0.70166016 0.18261719 -0.68847656
vn -0.0023288727 0.7973633 0.6035156
vn -0.0023288727 0.7973633 0.6035156
vn -0.0023288727 0.7973633 0.6035156
vn -0.0025634766 0.7939453 0.60791016
vn -0.6772461 0.73583984 0.0022888184
vn -0.6772461 0.73583984 0.0022888184
vn -0.6772461 0.73583984 0.0022888184
vn -0.69384766 0.72021484 0.0020580292
vn 0.0023288727 0.7973633 -0.6035156
vn 0.0023288727 0.7973633 -0.6035156
vn 0.0023288727 0.7973633 -0.6035156
vn 0.0025634766 0.7939453 -0.60791016
vn 0.6772461 0.73583984 -0.002286911
vn 0.6772461 0.73583984 -0.002286911
vn 0.6772461 0.73583984 -0.002286911
vn 0.69384766 0.72021484 -0.0020561218
vn -0.0037326813 0.25390625 0.96728516
vn -0.0037326813 0.25390625 0.96728516
vn -0.0037326813 0.25390625 0.96728516
vn -0.0037326813 0.25390625 0.96728516
vn -0.96728516 0.25390625 0.0032672882
vn -0.96728516 0.25390625 0.0032672882
vn -0.96728516 0.25390625 0.0032672882
vn -0.96728516 0.25390625 0.0032672882
vn 0.0037326813 0.25390625 -0.96728516
vn 0.0037326813 0.25390625 -0.96728516
vn 0.0037326813 0.25390625 -0.96728516
vn 0.0037326813 0.25390625 -0.96728516
vn 0.96728516 0.25390625 -0.0032653809
vn 0.96728516 0.25390625 -0.0032653809
vn 0.96728516 0.25390625 -0.0032653809
vn 0.96728516 0.25390625 -0.0032653809
vn 0.5917969 0.36987305 0.7163086
vn 0.5917969 0.36987305 0.7163086
vn 0.5917969 0.36987305 0.7163086
vn 0.5917969 0.3701172 0.7163086
vn -0.74365234 0.2142334 0.6333008
vn -0.74365234 0.2142334 0.6333008
vn -0.74365234 0.2142334 0.6333008
vn -0.74365234 0.21435547 0.6333008
vn 0.67285156 0.39086914 -0.62841797
vn 0.67285156 0.39086914 -0.62841797
vn 0.67285156 0.39086914 -0.62841797
vn 0.6723633 0.39086914 -0.62841797
vn -0.66259766 0.23522949 -0.7109375
vn -0.66259766 0.23522949 -0.7109375
vn -0.66259766 0.23522949 -0.7109375
vn -0.66259766 0.23522949 -0.7109375
vn -0.013252258 0.63671875 0.7709961
vn -0.013252258 0.63671875 0.7709961
vn -0.013252258 0.63671875 0.7709961
vn -0.011581421 0.671875 0.7402344
vn -0.8408203 0.5410156 -0.00034952164
vn -0.8408203 0.5410156 -0.00034952164
vn -0.8408203 0.5410156 -0.00034952164
vn -0.86083984 0.50878906 -0.0014619827
vn -0.011787415 0.40405273 0.9145508
vn -0.011787415 0.40405273 0.9145508
vn -0.011787415 0.40405273 0.9145508
vn -0.011787415 0.40405273 0.9145508
vn -0.953125 0.30297852 -0.002532959
vn -0.953125 0.30297852 -0.002532959
vn -0.953125 0.30297852 -0.002532959
vn -0.953125 0.30297852 -0.0025348663
vn 0.0024471283 0.4230957 -0.90625
vn 0.0024471283 0.4230957 -0.90625
vn 0.0024471283 0.4230957 -0.90625
vn 0.0024471283 0.4230957 -0.90625
vn 0.8574219 0.51464844 0.007698059
vn 0.8574219 0.51464844 0.007698059
vn 0.8574219 0.51464844 0.007698059
vn 0.8574219 0.51464844 0.007698059
vn -0.6972656 0.7167969 -0.0035247803
vn -0.6972656 0.7167969 -0.0035247803
vn -0.6972656 0.7167969 -0.0035247803
vn -0.69384766 0.72021484 -0.0036964417
vn -0.016998291 0.54003906 0.8417969
vn -0.016998291 0.54003906 0.8417969
vn -0.016998291 0.54003906 0.8417969
vn -0.017105103 0.5419922 0.84033203
vn 0.6894531 0.7246094 0.0037384033
vn 0.6894531 0.7246094 0.0037384033
vn 0.6894531 0.7246094 0.0037384033
vn 0.68603516 0.72753906 0.0039100647
vn 0.011108398 0.54052734 -0.8413086
vn 0.011108398 0.54052734 -0.8413086
vn 0.011108398 0.54052734 -0.8413086
vn 0.011177063 0.54248047 -0.83984375
vn -0.7558594 0.20495605 -0.6220703
vn -0.7558594 0.20495605 -0.6220703
vn -0.7558594 0.20495605 -0.6220703
vn -0.7558594 0.20495605 -0.6220703
vn -0.6582031 0.1932373 0.72753906
vn -0.6582031 0.1932373 0.72753906
vn -0.6582031 0.1932373 0.72753906
vn -0.6582031 0.1932373 0.72753906
vn -0.9628906 0.27026367 -0.0049934387
vn -0.9628906 0.27026367 -0.0049934387
vn -0.9628906 0.27026367 -0.0049934387
vn -0.9628906 0.27026367 -0.0049934387
vn -0.017562866 0.2854004 0.9584961
vn -0.017562866 0.2854004 0.9584961
vn -0.017562866 0.2854004 0.9584961
vn -0.017562866 0.2854004 0.9584961
vn 0.014442444 0.28588867 -0.9580078
vn 0.014442444 0.28588867 -0.9580078
vn 0.014442444 0.28588867 -0.9580078
vn 0.014442444 0.28588867 -0.9580078
vn 0.65625 0.20080566 -0.72753906
vn 0.65625 0.20080566 -0.72753906
vn 0.65625 0.20080566 -0.72753906
vn 0.65625 0.20080566 -0.72753906
vn 0.75341797 0.21289062 0.6220703
vn 0.75341797 0.21289062 0.6220703
vn 0.75341797 0.21289062 0.6220703
vn 0.75341797 0.21289062 0.6220703
vn 0.95996094 0.28076172 0.005077362
vn 0.95996094 0.28076172 0.005077362
vn 0.95996094 0.28076172 0.005077362
vn 0.95996094 0.28076172 0.005077362
vn -0.6972656 0.7167969 -0.0023212433
vn -0.6972656 0.7167969 -0.0023212433
vn -0.6972656 0.7167969 -0.0023212433
vn -0.69384766 0.72021484 -0.0024223328
vn -0.030715942 0.53222656 0.8461914
vn -0.030715942 0.53222656 0.8461914
vn -0.030715942 0.53222656 0.8461914
vn -0.032043457 0.5493164 0.83496094
vn 0.68896484 0.7246094 0.0024642944
vn 0.68896484 0.7246094 0.0024642944
vn 0.68896484 0.7246094 0.0024642944
vn 0.68603516 0.72753906 0.0025634766
vn 0.02015686 0.53564453 -0.8442383
vn 0.02015686 0.53564453 -0.8442383
vn 0.02015686 0.53564453 -0.8442383
vn 0.020858765 0.5473633 -0.8364258
vn -0.7558594 0.20495605 -0.6220703
vn -0.7558594 0.20495605 -0.6220703
vn -0.7558594 0.20495605 -0.6220703
vn -0.7558594 0.20495605 -0.6220703
vn -0.6582031 0.1932373 0.72753906
vn -0.6582031 0.1932373 0.72753906
vn -0.6582031 0.1932373 0.72753906
vn -0.6582031 0.1932373 0.72753906
vn -0.9628906 0.27026367 -0.0032920837
vn -0.9628906 0.27026367 -0.0032920837
vn -0.9628906 0.27026367 -0.0032920837
vn -0.9628906 0.27026367 -0.0032920837
vn -0.03164673 0.28466797 0.9580078
vn -0.03164673 0.28466797 0.9580078
vn -0.03164673 0.28466797 0.9580078
vn -0.03164673 0.28466797 0.9580078
vn 0.026031494 0.28564453 -0.9580078
vn 0.026031494 0.28564453 -0.9580078
vn 0.026031494 0.28564453 -0.9580078
vn 0.026031494 0.28564453 -0.9580078
vn 0.65625 0.20080566 -0.72753906
vn 0.65625 0.20080566 -0.72753906
vn 0.65625 0.20080566 -0.72753906
vn 0.65625 0.20080566 -0.72753906
vn 0.75341797 0.21289062 0.6220703
vn 0.75341797 0.21289062 0.6220703
vn 0.75341797 0.21289062 0.6220703
vn 0.75341797 0.21289062 0.6220703
vn 0.95996094 0.28076172 0.0033454895
vn 0.95996094 0.28076172 0.0033454895
vn 0.95996094 0.28076172 0.0033454895
vn 0.95996094 0.28076172 0.0033454895
vn -0.69677734 0.71728516 -0.0011777878
vn -0.69677734 0.71728516 -0.0011777878
vn -0.69677734 0.71728516 -0.0011777878
vn -0.69433594 0.71972656 -0.0012226105
vn -0.016998291 0.5395508 0.8417969
vn -0.016998291 0.5395508 0.8417969
vn -0.016998291 0.5395508 0.8417969
vn -0.017105103 0.5419922 0.84033203
vn 0.68896484 0.7246094 0.001250267
vn 0.68896484 0.7246094 0.001250267
vn 0.68896484 0.7246094 0.001250267
vn 0.68652344 0.72753906 0.0012931824
vn 0.011108398 0.54052734 -0.8413086
vn 0.011108398 0.54052734 -0.8413086
vn 0.011108398 0.54052734 -0.8413086
vn 0.011177063 0.54248047 -0.83984375
vn -0.7558594 0.20495605 -0.6220703
vn -0.7558594 0.20495605 -0.6220703
vn -0.7558594 0.20495605 -0.6220703
vn -0.7558594 0.20495605 -0.6220703
vn -0.6582031 0.1932373 0.72753906
vn -0.6582031 0.1932373 0.72753906
vn -0.6582031 0.1932373 0.72753906
vn -0.6582031 0.1932373 0.72753906
vn -0.9628906 0.27026367 -0.0016698837
vn -0.9628906 0.27026367 -0.0016698837
vn -0.9628906 0.27026367 -0.0016698837
vn -0.9628906 0.27026367 -0.0016708374
vn -0.017562866 0.2854004 0.9584961
vn -0.017562866 0.2854004 0.9584961
vn -0.017562866 0.2854004 0.9584961
vn -0.017562866 0.2854004 0.9584961
vn 0.014442444 0.28588867 -0.9580078
vn 0.014442444 0.28588867 -0.9580078
vn 0.014442444 0.28588867 -0.9580078
vn 0.014442444 0.28588867 -0.9580078
vn 0.65625 0.20080566 -0.72753906
vn 0.65625 0.20080566 -0.72753906
vn 0.65625 0.20080566 -0.72753906
vn 0.65625 0.20080566 -0.72753906
vn 0.75341797 0.21289062 0.6220703
vn 0.75341797 0.21289062 0.6220703
vn 0.75341797 0.21289062 0.6220703
vn 0.75341797 0.21289062 0.6220703
vn 0.95996094 0.28076172 0.0016975403
vn 0.95996094 0.28076172 0.0016975403
vn 0.95996094 0.28076172 0.0016975403
vn 0.95996094 0.28076172 0.001698494
vn 0.5917969 0.36987305 0.7163086
vn 0.5917969 0.36987305 0.7163086
vn 0.5917969 0.36987305 0.7163086
vn 0.5917969 0.3701172 0.7158203
vn -0.74365234 0.2142334 0.6333008
vn -0.74365234 0.2142334 0.6333008
vn -0.74365234 0.2142334 0.6333008
vn -0.74365234 0.21435547 0.6333008
vn 0.67285156 0.39086914 -0.62841797
vn 0.67285156 0.39086914 -0.62841797
vn 0.67285156 0.39086914 -0.62841797
vn 0.6723633 0.39086914 -0.62841797
vn -0.66259766 0.23522949 -0.7109375
vn -0.66259766 0.23522949 -0.7109375
vn -0.66259766 0.23522949 -0.7109375
vn -0.66259766 0.23522949 -0.7109375
vn -0.013244629 0.63671875 0.7709961
vn -0.013244629 0.63671875 0.7709961
vn -0.013244629 0.63671875 0.7709961
vn -0.0115737915 0.671875 0.7402344
vn -0.8408203 0.5410156 -0.00024437904
vn -0.8408203 0.5410156 -0.00024437904
vn -0.8408203 0.5410156 -0.00024437904
vn -0.86083984 0.50878906 -0.0010175705
vn -0.011779785 0.40405273 0.9145508
vn -0.011779785 0.40405273 0.9145508
vn -0.011779785 0.40405273 0.9145508
vn -0.011779785 0.40405273 0.9145508
vn -0.953125 0.30297852 -0.0017700195
vn -0.953125 0.30297852 -0.0017700195
vn -0.953125 0.30297852 -0.0017700195
vn -0.953125 0.30297852 -0.0017700195
vn 0.0024471283 0.4230957 -0.90625
vn 0.0024471283 0.4230957 -0.90625
vn 0.0024471283 0.4230957 -0.90625
vn 0.0024471283 0.4230957 -0.90625
vn 0.8574219 0.51464844 0.005378723
vn 0.8574219 0.51464844 0.005378723
vn 0.8574219 0.51464844 0.005378723
vn 0.8574219 0.51464844 0.005378723
vn 0.63720703 0.43725586 0.63427734
vn 0.63720703 0.43725586 0.63427734
vn 0.63720703 0.43725586 0.63427734
vn 0.63720703 0.43725586 0.63427734
vn -0.63427734 0.43725586 0.63720703
vn -0.63427734 0.43725586 0.63720703
vn -0.63427734 0.43725586 0.63720703
vn -0.63427734 0.4375 0.63720703
vn 0.63427734 0.43725586 -0.63720703
vn 0.63427734 0.43725586 -0.63720703
vn 0.63427734 0.43725586 -0.63720703
vn 0.63427734 0.43725586 -0.63720703
vn -0.63720703 0.43725586 -0.63427734
vn -0.63720703 0.43725586 -0.63427734
vn -0.63720703 0.43725586 -0.63427734
vn -0.63720703 0.43725586 -0.63427734
vn -0.019058228 0.8901367 0.45507812
vn -0.019058228 0.8901367 0.45507812
vn -0.019058228 0.8901367 0.45507812
vn -0.019058228 0.8901367 0.45507812
vn 0.015167236 0.84033203 -0.5419922
vn 0.015167236 0.84033203 -0.5419922
vn 0.015167236 0.84033203 -0.5419922
vn 0.014862061 0.8417969 -0.5395508
vn 0.6381836 0.77001953 0.013046265
vn 0.6381836 0.77001953 0.013046265
vn 0.6381836 0.77001953 0.013046265
vn 0.6201172 0.78466797 0.012306213
vn -0.034484863 0.56640625 0.8232422
vn -0.034484863 0.56640625 0.8232422
vn -0.034484863 0.56640625 0.8232422
vn -0.034484863 0.56640625 0.8232422
vn -0.8232422 0.56591797 0.045684814
vn -0.8232422 0.56591797 0.045684814
vn -0.8232422 0.56591797 0.045684814
vn -0.8232422 0.56591797 0.045684814
vn 0.02305603 0.56640625 -0.82373047
vn 0.02305603 0.56640625 -0.82373047
vn 0.02305603 0.56640625 -0.82373047
vn 0.02305603 0.56640625 -0.82373047
vn 0.82373047 0.56640625 0.016845703
vn 0.82373047 0.56640625 0.016845703
vn 0.82373047 0.56640625 0.016845703
vn 0.82373047 0.56640625 0.016845703
vn 0.63720703 0.43725586 0.63427734
vn 0.63720703 0.43725586 0.63427734
vn 0.63720703 0.43725586 0.63427734
vn 0.63720703 0.43725586 0.63427734
vn -0.63427734 0.43725586 0.63720703
vn -0.63427734 0.43725586 0.63720703
vn -0.63427734 0.43725586 0.63720703
vn -0.63427734 0.4375 0.63720703
vn 0.63427734 0.43725586 -0.63720703
vn 0.63427734 0.43725586 -0.63720703
vn 0.63427734 0.43725586 -0.63720703
vn 0.63427734 0.43725586 -0.63720703
vn -0.63720703 0.43725586 -0.63427734
vn -0.63720703 0.43725586 -0.63427734
vn -0.63720703 0.43725586 -0.63427734
vn -0.63720703 0.43725586 -0.63427734
vn -0.0051727295 0.88916016 0.4572754
vn -0.0051727295 0.88916016 0.4572754
vn -0.0051727295 0.88916016 0.4572754
vn -0.004951477 0.8911133 0.45336914
vn -0.640625 0.7675781 -0.01309967
vn -0.640625 0.7675781 -0.01309967
vn -0.640625 0.7675781 -0.01309967
vn -0.6225586 0.78271484 -0.01235199
vn 0.0061454773 0.83935547 -0.54345703
vn 0.0061454773 0.83935547 -0.54345703
vn 0.0061454773 0.83935547 -0.54345703
vn 0.0058784485 0.84277344 -0.5385742
vn 0.6381836 0.77001953 0.013046265
vn 0.6381836 0.77001953 0.013046265
vn 0.6381836 0.77001953 0.013046265
vn 0.6201172 0.78466797 0.012306213
vn -0.009315491 0.56640625 0.82373047
vn -0.009315491 0.56640625 0.82373047
vn -0.009315491 0.56640625 0.82373047
vn -0.009315491 0.56640625 0.82373047
vn -0.82373047 0.56640625 -0.016845703
vn -0.82373047 0.56640625 -0.016845703
vn -0.82373047 0.56640625 -0.016845703
vn -0.82373047 0.56640625 -0.016845703
vn 0.009315491 0.56640625 -0.82373047
vn 0.009315491 0.56640625 -0.82373047
vn 0.009315491 0.56640625 -0.82373047
vn 0.009315491 0.56640625 -0.82373047
vn 0.82373047 0.56640625 0.016845703
vn 0.82373047 0.56640625 0.016845703
vn 0.82373047 0.56640625 0.016845703
vn 0.82373047 0.56640625 0.016845703
vn 0.63720703 0.43725586 0.63427734
vn 0.63720703 0.43725586 0.63427734
vn 0.63720703 0.43725586 0.63427734
vn 0.63720703 0.43725586 0.63427734
vn -0.63427734 0.43725586 0.63720703
vn -0.63427734 0.43725586 0.63720703
vn -0.63427734 0.43725586 0.63720703
vn -0.63427734 0.4375 0.63720703
vn 0.63427734 0.43725586 -0.63720703
vn 0.63427734 0.43725586 -0.63720703
vn 0.63427734 0.43725586 -0.63720703
vn 0.63427734 0.43725586 -0.63720703
vn -0.63720703 0.43725586 -0.63427734
vn -0.63720703 0.43725586 -0.63427734
vn -0.63720703 0.43725586 -0.63427734
vn -0.63720703 0.43725586 -0.63427734
vn -0.019058228 0.8901367 0.45507812
vn -0.019058228 0.8901367 0.45507812
vn -0.019058228 0.8901367 0.45507812
vn -0.019058228 0.8901367 0.45507812
vn -0.640625 0.7675781 -0.01309967
vn -0.640625 0.7675781 -0.01309967
vn -0.640625 0.7675781 -0.01309967
vn -0.6225586 0.78271484 -0.01235199
vn 0.022628784 0.8408203 -0.54052734
vn 0.022628784 0.8408203 -0.54052734
vn 0.022628784 0.8408203 -0.54052734
vn 0.022628784 0.8408203 -0.54052734
vn 0.6381836 0.77001953 0.013046265
vn 0.6381836 0.77001953 0.013046265
vn 0.6381836 0.77001953 0.013046265
vn 0.6201172 0.78466797 0.012306213
vn -0.034484863 0.56640625 0.8232422
vn -0.034484863 0.56640625 0.8232422
vn -0.034484863 0.56640625 0.8232422
vn -0.034484863 0.56640625 0.8232422
vn -0.82373047 0.56640625 -0.016845703
vn -0.82373047 0.56640625 -0.016845703
vn -0.82373047 0.56640625 -0.016845703
vn -0.82373047 0.56640625 -0.016845703
vn 0.034484863 0.56640625 -0.82373047
vn 0.034484863 0.56640625 -0.82373047
vn 0.034484863 0.56640625 -0.82373047
vn 0.034484863 0.56640625 -0.82373047
vn 0.82373047 0.56640625 0.016845703
vn 0.82373047 0.56640625 0.016845703
vn 0.82373047 0.56640625 0.016845703
vn 0.82373047 0.56640625 0.016845703
vn 0.61376953 0.29882812 0.73046875
vn 0.61376953 0.29882812 0.73046875
vn 0.61376953 0.29882812 0.73046875
vn 0.61376953 0.29882812 0.73046875
vn -0.72753906 0.31079102 0.6113281
vn -0.72753906 0.31079102 0.6113281
vn -0.72753906 0.31079102 0.6113281
vn -0.72753906 0.31103516 0.6113281
vn 0.73291016 0.29882812 -0.6113281
vn 0.73291016 0.29882812 -0.6113281
vn 0.73291016 0.29882812 -0.6113281
vn 0.73339844 0.29833984 -0.61083984
vn -0.60839844 0.31054688 -0.73046875
vn -0.60839844 0.31054688 -0.73046875
vn -0.60839844 0.31054688 -0.73046875
vn -0.60839844 0.31054688 -0.73046875
vn 0.0026569366 0.64697266 0.7626953
vn 0.0026569366 0.64697266 0.7626953
vn 0.0026569366 0.64697266 0.7626953
vn 0.0041542053 0.66748047 0.7446289
vn -0.765625 0.6425781 -0.02935791
vn -0.765625 0.6425781 -0.02935791
vn -0.765625 0.6425781 -0.02935791
vn -0.79003906 0.6123047 -0.031402588
vn -0.0003759861 0.41064453 0.9116211
vn -0.0003759861 0.41064453 0.9116211
vn -0.0003759861 0.41064453 0.9116211
vn -0.00037503242 0.41064453 0.9116211
vn -0.9067383 0.41992188 -0.03479004
vn -0.9067383 0.41992188 -0.03479004
vn -0.9067383 0.41992188 -0.03479004
vn -0.9067383 0.41992188 -0.03479004
vn 0.008415222 0.41137695 -0.9116211
vn 0.008415222 0.41137695 -0.9116211
vn 0.008415222 0.41137695 -0.9116211
vn 0.008415222 0.41137695 -0.9116211
vn 0.9140625 0.40356445 0.035095215
vn 0.9140625 0.40356445 0.035095215
vn 0.9140625 0.40356445 0.035095215
vn 0.9140625 0.40405273 0.035064697
vn 0.63720703 0.43725586 0.63427734
vn 0.63720703 0.43725586 0.63427734
vn 0.63720703 0.43725586 0.63427734
vn 0.63720703 0.43725586 0.63427734
vn -0.63427734 0.43725586 0.63720703
vn -0.63427734 0.43725586 0.63720703
vn -0.63427734 0.43725586 0.63720703
vn -0.63427734 0.4375 0.63720703
vn 0.63427734 0.43725586 -0.63720703
vn 0.63427734 0.43725586 -0.63720703
vn 0.63427734 0.43725586 -0.63720703
vn 0.63427734 0.43725586 -0.63720703
vn -0.63720703 0.43725586 -0.63427734
vn -0.63720703 0.43725586 -0.63427734
vn -0.63720703 0.43725586 -0.63427734
vn -0.63720703 0.43725586 -0.63427734
vn -0.019058228 0.8901367 0.45507812
vn -0.019058228 0.8901367 0.45507812
vn -0.019058228 0.8901367 0.45507812
vn -0.019058228 0.8901367 0.45507812
vn -0.62646484 0.77783203 -0.051605225
vn -0.62646484 0.77783203 -0.051605225
vn -0.62646484 0.77783203 -0.051605225
vn -0.6425781 0.76416016 -0.054351807
vn 0.022628784 0.8408203 -0.54052734
vn 0.022628784 0.8408203 -0.54052734
vn 0.022628784 0.8408203 -0.54052734
vn 0.022628784 0.8408203 -0.54052734
vn 0.6166992 0.78564453 0.05078125
vn 0.6166992 0.78564453 0.05078125
vn 0.6166992 0.78564453 0.05078125
vn 0.6323242 0.7729492 0.053466797
vn -0.034484863 0.56640625 0.8232422
vn -0.034484863 0.56640625 0.8232422
vn -0.034484863 0.56640625 0.8232422
vn -0.034484863 0.56640625 0.8232422
vn -0.8222656 0.5654297 -0.06774902
vn -0.8222656 0.5654297 -0.06774902
vn -0.8222656 0.5654297 -0.06774902
vn -0.8222656 0.5654297 -0.06774902
vn 0.034484863 0.56640625 -0.82373047
vn 0.034484863 0.56640625 -0.82373047
vn 0.034484863 0.56640625 -0.82373047
vn 0.034484863 0.56640625 -0.82373047
vn 0.8222656 0.5654297 0.06774902
vn 0.8222656 0.5654297 0.06774902
vn 0.8222656 0.5654297 0.06774902
vn 0.8222656 0.5654297 0.06774902
vn -0.6972656 0.7167969 -0.0028686523
vn -0.6972656 0.7167969 -0.0028686523
vn -0.6972656 0.7167969 -0.0028686523
vn -0.69384766 0.72021484 -0.0030002594
vn -0.016998291 0.54003906 0.8417969
vn -0.016998291 0.54003906 0.8417969
vn -0.016998291 0.54003906 0.8417969
vn -0.017105103 0.5419922 0.84033203
vn 0.6894531 0.7246094 0.0030441284
vn 0.6894531 0.7246094 0.0030441284
vn 0.6894531 0.7246094 0.0030441284
vn 0.68603516 0.72753906 0.0031738281
vn 0.011108398 0.54052734 -0.8413086
vn 0.011108398 0.54052734 -0.8413086
vn 0.011108398 0.54052734 -0.8413086
vn 0.011177063 0.54248047 -0.83984375
vn -0.7558594 0.20495605 -0.6220703
vn -0.7558594 0.20495605 -0.6220703
vn -0.7558594 0.20495605 -0.6220703
vn -0.7558594 0.20495605 -0.6220703
vn -0.6582031 0.1932373 0.72753906
vn -0.6582031 0.1932373 0.72753906
vn -0.6582031 0.1932373 0.72753906
vn -0.6582031 0.1932373 0.72753906
vn -0.9628906 0.27026367 -0.0040664673
vn -0.9628906 0.27026367 -0.0040664673
vn -0.9628906 0.27026367 -0.0040664673
vn -0.9628906 0.27026367 -0.0040664673
vn -0.017562866 0.2854004 0.9584961
vn -0.017562866 0.2854004 0.9584961
vn -0.017562866 0.2854004 0.9584961
vn -0.017562866 0.2854004 0.9584961
vn 0.014442444 0.28588867 -0.9580078
vn 0.014442444 0.28588867 -0.9580078
vn 0.014442444 0.28588867 -0.9580078
vn 0.014442444 0.28588867 -0.9580078
vn 0.65625 0.20080566 -0.72753906
vn 0.65625 0.20080566 -0.72753906
vn 0.65625 0.20080566 -0.72753906
vn 0.65625 0.20080566 -0.72753906
vn 0.75341797 0.21289062 0.6220703
vn 0.75341797 0.21289062 0.6220703
vn 0.75341797 0.21289062 0.6220703
vn 0.75341797 0.21289062 0.6220703
vn 0.95996094 0.28076172 0.004135132
vn 0.95996094 0.28076172 0.004135132
vn 0.95996094 0.28076172 0.004135132
vn 0.95996094 0.28076172 0.004135132
vn 0.67626953 0.43725586 0.59277344
vn 0.67626953 0.43725586 0.59277344
vn 0.67626953 0.43725586 0.59277344
vn 0.67626953 0.43725586 0.59277344
vn -0.59277344 0.43725586 0.67626953
vn -0.59277344 0.43725586 0.67626953
vn -0.59277344 0.43725586 0.67626953
vn -0.59277344 0.4375 0.67626953
vn 0.59277344 0.43725586 -0.67626953
vn 0.59277344 0.43725586 -0.67626953
vn 0.59277344 0.43725586 -0.67626953
vn 0.59277344 0.43725586 -0.67626953
vn -0.67626953 0.43725586 -0.59277344
vn -0.67626953 0.43725586 -0.59277344
vn -0.67626953 0.43725586 -0.59277344
vn -0.67626953 0.43725586 -0.59277344
vn 0.00982666 0.8901367 0.45532227
vn 0.00982666 0.8901367 0.45532227
vn 0.00982666 0.8901367 0.45532227
vn 0.00982666 0.8901367 0.45532227
vn -0.6298828 0.7763672 -0.0070114136
vn -0.6298828 0.7763672 -0.0070114136
vn -0.6298828 0.7763672 -0.0070114136
vn -0.64160156 0.76708984 -0.007724762
vn -0.011680603 0.8408203 -0.5410156
vn -0.011680603 0.8408203 -0.5410156
vn -0.011680603 0.8408203 -0.5410156
vn -0.011672974 0.8408203 -0.5410156
vn 0.62109375 0.7836914 0.0069122314
vn 0.62109375 0.7836914 0.0069122314
vn 0.62109375 0.7836914 0.0069122314
vn 0.6323242 0.77490234 0.0076179504
vn 0.017791748 0.56640625 0.82421875
vn 0.017791748 0.56640625 0.82421875
vn 0.017791748 0.56640625 0.82421875
vn 0.017791748 0.56640625 0.82421875
vn -0.82470703 0.5654297 -0.009178162
vn -0.82470703 0.5654297 -0.009178162
vn -0.82470703 0.5654297 -0.009178162
vn -0.82470703 0.5654297 -0.009178162
vn -0.017791748 0.56640625 -0.82421875
vn -0.017791748 0.56640625 -0.82421875
vn -0.017791748 0.56640625 -0.82421875
vn -0.017791748 0.56640625 -0.82421875
vn 0.82470703 0.5654297 0.009178162
vn 0.82470703 0.5654297 0.009178162
vn 0.82470703 0.5654297 0.009178162
vn 0.82470703 0.5654297 0.009185791
vn 0.61376953 0.29882812 0.73046875
vn 0.61376953 0.29882812 0.73046875
vn 0.61376953 0.29882812 0.73046875
vn 0.61376953 0.29882812 0.73046875
vn -0.72753906 0.31079102 0.6113281
vn -0.72753906 0.31079102 0.6113281
vn -0.72753906 0.31079102 0.6113281
vn -0.72753906 0.31103516 0.6113281
vn 0.73291016 0.29882812 -0.6113281
vn 0.73291016 0.29882812 -0.6113281
vn 0.73291016 0.29882812 -0.6113281
vn 0.73339844 0.29858398 -0.61083984
vn -0.60839844 0.31054688 -0.73046875
vn -0.60839844 0.31054688 -0.73046875
vn -0.60839844 0.31054688 -0.73046875
vn -0.60839844 0.31054688 -0.73046875
vn 0.0048713684 0.6464844 0.7626953
vn 0.0048713684 0.6464844 0.7626953
vn 0.0048713684 0.6464844 0.7626953
vn 0.007762909 0.66796875 0.7441406
vn -0.7714844 0.63623047 0.011795044
vn -0.7714844 0.63623047 0.011795044
vn -0.7714844 0.63623047 0.011795044
vn -0.78564453 0.61865234 0.010864258
vn -0.00068998337 0.41064453 0.9116211
vn -0.00068998337 0.41064453 0.9116211
vn -0.00068998337 0.41064453 0.9116211
vn -0.00068998337 0.41064453 0.9116211
vn -0.9082031 0.41845703 0.013877869
vn -0.9082031 0.41845703 0.013877869
vn -0.9082031 0.41845703 0.013877869
vn -0.9082031 0.41845703 0.013877869
vn 0.015457153 0.4116211 -0.9111328
vn 0.015457153 0.4116211 -0.9111328
vn 0.015457153 0.4116211 -0.9111328
vn 0.015457153 0.4116211 -0.9111328
vn 0.91552734 0.4020996 -0.013954163
vn 0.91552734 0.4020996 -0.013954163
vn 0.91552734 0.4020996 -0.013954163
vn 0.91503906 0.4025879 -0.013977051
vn 0.6376953 0.29882812 0.70996094
vn 0.6376953 0.29882812 0.70996094
vn 0.6376953 0.29882812 0.70996094
vn 0.6376953 0.29882812 0.70996094
vn -0.70703125 0.31079102 0.6352539
vn -0.70703125 0.31079102 0.6352539
vn -0.70703125 0.31079102 0.6352539
vn -0.70703125 0.31103516 0.6352539
vn 0.71240234 0.29882812 -0.6352539
vn 0.71240234 0.29882812 -0.6352539
vn 0.71240234 0.29882812 -0.6352539
vn 0.71240234 0.29858398 -0.6352539
vn -0.6323242 0.31054688 -0.70947266
vn -0.6323242 0.31054688 -0.70947266
vn -0.6323242 0.31054688 -0.70947266
vn -0.6323242 0.31054688 -0.70947266
vn 0.028060913 0.64697266 0.76220703
vn 0.028060913 0.64697266 0.76220703
vn 0.028060913 0.64697266 0.76220703
vn 0.028961182 0.66748047 0.7441406
vn -0.7661133 0.6425781 -0.0038394928
vn -0.7661133 0.6425781 -0.0038394928
vn -0.7661133 0.6425781 -0.0038394928
vn -0.79052734 0.6123047 -0.0050735474
vn 0.02999878 0.41064453 0.9111328
vn 0.02999878 0.41064453 0.9111328
vn 0.02999878 0.41064453 0.9111328
vn 0.02999878 0.41064453 0.9111328
vn -0.90771484 0.41992188 -0.004547119
vn -0.90771484 0.41992188 -0.004547119
vn -0.90771484 0.41992188 -0.004547119
vn -0.90771484 0.41992188 -0.004550934
vn -0.021957397 0.41137695 -0.9111328
vn -0.021957397 0.41137695 -0.9111328
vn -0.021957397 0.41137695 -0.9111328
vn -0.021957397 0.41137695 -0.9111328
vn 0.91503906 0.40356445 0.0046081543
vn 0.91503906 0.40356445 0.0046081543
vn 0.91503906 0.40356445 0.0046081543
vn 0.9145508 0.40405273 0.0045928955
vn 0.65625 0.29882812 0.6928711
vn 0.65625 0.29882812 0.6928711
vn 0.65625 0.29882812 0.6928711
vn 0.65625 0.29882812 0.6928711
vn -0.6899414 0.31079102 0.6533203
vn -0.6899414 0.31079102 0.6533203
vn -0.6899414 0.31079102 0.6533203
vn -0.6899414 0.31103516 0.6533203
vn 0.6953125 0.29882812 -0.6538086
vn 0.6953125 0.29882812 -0.6538086
vn 0.6953125 0.29882812 -0.6538086
vn 0.6958008 0.29858398 -0.6533203
vn -0.6508789 0.31054688 -0.6928711
vn -0.6508789 0.31054688 -0.6928711
vn -0.6508789 0.31054688 -0.6928711
vn -0.6508789 0.31054688 -0.6928711
vn 0.0040359497 0.65283203 0.7573242
vn 0.0040359497 0.65283203 0.7573242
vn 0.0040359497 0.65283203 0.7573242
vn 0.0048980713 0.66015625 0.75146484
vn -0.7661133 0.6425781 0.016174316
vn -0.7661133 0.6425781 0.016174316
vn -0.7661133 0.6425781 0.016174316
vn -0.79052734 0.6123047 0.015586853
vn -0.0012731552 0.41210938 0.9111328
vn -0.0012731552 0.41210938 0.9111328
vn -0.0012731552 0.41210938 0.9111328
vn -0.0012712479 0.41210938 0.9111328
vn -0.90722656 0.41992188 0.019165039
vn -0.90722656 0.41992188 0.019165039
vn -0.90722656 0.41992188 0.019165039
vn -0.90722656 0.41992188 0.019165039
vn 0.014793396 0.41186523 -0.9111328
vn 0.014793396 0.41186523 -0.9111328
vn 0.014793396 0.41186523 -0.9111328
vn 0.014793396 0.41210938 -0.9111328
vn 0.9145508 0.40356445 -0.01928711
vn 0.9145508 0.40356445 -0.01928711
vn 0.9145508 0.40356445 -0.01928711
vn 0.9145508 0.40405273 -0.019302368
vn 0.65625 0.29882812 0.6928711
vn 0.65625 0.29882812 0.6928711
vn 0.65625 0.29882812 0.6928711
vn 0.65625 0.29882812 0.6928711
vn -0.6899414 0.31079102 0.6533203
vn -0.6899414 0.31079102 0.6533203
vn -0.6899414 0.31079102 0.6533203
vn -0.6899414 0.31103516 0.6533203
vn 0.6953125 0.29882812 -0.6538086
vn 0.6953125 0.29882812 -0.6538086
vn 0.6953125 0.29882812 -0.6538086
vn 0.6958008 0.29858398 -0.6533203
vn -0.6508789 0.31054688 -0.6928711
vn -0.6508789 0.31054688 -0.6928711
vn -0.6508789 0.31054688 -0.6928711
vn -0.6508789 0.31054688 -0.6928711
vn -0.76660156 0.64160156 0.022094727
vn -0.76660156 0.64160156 0.022094727
vn -0.76660156 0.64160156 0.022094727
vn -0.7895508 0.61328125 0.021331787
vn 0.1583252 0.40405273 0.9008789
vn 0.1583252 0.40405273 0.9008789
vn 0.1583252 0.40405273 0.9008789
vn 0.1583252 0.40405273 0.9008789
vn -0.90722656 0.41992188 0.026153564
vn -0.90722656 0.41992188 0.026153564
vn -0.90722656 0.41992188 0.026153564
vn -0.90722656 0.41967773 0.026153564
vn -0.13500977 0.40771484 -0.90283203
vn -0.13500977 0.40771484 -0.90283203
vn -0.13500977 0.40771484 -0.90283203
vn -0.13500977 0.40771484 -0.90283203
vn 0.9145508 0.4033203 -0.026321411
vn 0.9145508 0.4033203 -0.026321411
vn 0.9145508 0.4033203 -0.026321411
vn 0.9145508 0.4038086 -0.026351929
vn 0.67089844 0.74121094 0.008636475
vn 0.67089844 0.74121094 0.008636475
vn 0.67089844 0.74121094 0.008636475
vn -0 1 1.0728836E-06
vn -0 1 1.0728836E-06
vn -0 1 1.0728836E-06
vn -0 1 1.0728836E-06
vn -0.00046038628 1 0.012466431
vn -0.00046038628 1 0.012466431
vn -0.00046038628 1 0.012466431
vn 0.045440674 0.99902344 0.00030303
vn -8.34465E-07 1 1.2516975E-06
vn -8.34465E-07 1 1.2516975E-06
vn -8.34465E-07 1 1.2516975E-06
vn 6.556511E-07 1 8.34465E-07
vn -4.172325E-07 1 2.5629997E-06
vn -4.172325E-07 1 2.5629997E-06
vn -4.172325E-07 1 2.5629997E-06
vn -0 1 2.0861626E-06
vn -4.7683716E-07 1 1.4305115E-06
vn -4.7683716E-07 1 1.4305115E-06
vn -4.7683716E-07 1 1.4305115E-06
vn -4.7683716E-07 1 1.4305115E-06
vn -7.748604E-07 1 2.682209E-06
vn -7.748604E-07 1 2.682209E-06
vn -7.748604E-07 1 2.682209E-06
vn -0 1 2.2053719E-06
vn 0.0008907318 1 -0.00016379356
vn 0.0008907318 1 -0.00016379356
vn 0.0008907318 1 -0.00016379356
vn 0.0003681183 1 1.3709068E-06
vn 0.0019893646 1 0.00048184395
vn 0.0019893646 1 0.00048184395
vn 0.0019893646 1 0.00048184395
vn -0 1 3.0398369E-06
vn -0.009010315 1 0.0034923553
vn -0.009010315 1 0.0034923553
vn -0.009010315 1 0.0034923553
vn -0.009513855 1 0.0037021637
vn -7.1525574E-07 1 2.2649765E-06
vn -7.1525574E-07 1 2.2649765E-06
vn -7.1525574E-07 1 2.2649765E-06
vn -0 1 1.9073486E-06
vn -4.172325E-07 1 2.0861626E-06
vn -4.172325E-07 1 2.0861626E-06
vn -4.172325E-07 1 2.0861626E-06
vn -0 1 1.9669533E-06
vn -0.00010043383 1 -0.0020999908
vn -0.00010043383 1 -0.0020999908
vn -0.00010043383 1 -0.0020999908
vn -0.00010061264 1 -0.0020999908
vn -5.364418E-07 1 3.1590462E-06
vn -5.364418E-07 1 3.1590462E-06
vn -5.364418E-07 1 3.1590462E-06
vn 2.9802322E-06 1 2.1457672E-06
vn -2.9802322E-06 1 2.9802322E-07
vn -2.9802322E-06 1 2.9802322E-07
vn -2.9802322E-06 1 2.9802322E-07
vn -3.2782555E-06 1 3.5762787E-07
vn -0 1 1.3113022E-06
vn -0 1 1.3113022E-06
vn -0 1 1.3113022E-06
vn -0 1 1.3113022E-06
vn -0.009010315 1 0.0050086975
vn -0.009010315 1 0.0050086975
vn -0.009010315 1 0.0050086975
vn -0.009529114 1 0.0053138733
vn -0.005458832 1 0.00014722347
vn -0.005458832 1 0.00014722347
vn -0.005458832 1 0.00014722347
vn -0.005458832 1 0.00014722347
vn -0.010253906 1 7.933378E-05
vn -0.010253906 1 7.933378E-05
vn -0.010253906 1 7.933378E-05
vn -0.010253906 1 7.945299E-05
vn -0.005458832 1 4.8816204E-05
vn -0.005458832 1 4.8816204E-05
vn -0.005458832 1 4.8816204E-05
vn -0.005458832 1 4.887581E-05
vn -0.009010315 1 0.0034923553
vn -0.009010315 1 0.0034923553
vn -0.009010315 1 0.0034923553
vn -0.009513855 1 0.0037021637
vn -0 1 1.1324883E-06
vn -0 1 1.1324883E-06
vn -0 1 1.1324883E-06
vn -0 1 1.1324883E-06
vn -0 1 1.2516975E-06
vn -0 1 1.2516975E-06
vn -0 1 1.2516975E-06
vn -0 1 1.1920929E-06
vn -0 1 1.013279E-06
vn -0 1 1.013279E-06
vn -0 1 1.013279E-06
vn -0 1 1.013279E-06
vn 0.01171875 1 -0.0029277802
vn 0.01171875 1 -0.0029277802
vn 0.01171875 1 -0.0029277802
vn 0.009803772 1 -0.0016517639
vn -1.7881393E-07 1 4.887581E-06
vn -1.7881393E-07 1 4.887581E-06
vn -1.7881393E-07 1 4.887581E-06
vn -1.7881393E-07 1 4.887581E-06
vn -0.005458832 1 0.00012022257
vn -0.005458832 1 0.00012022257
vn -0.005458832 1 0.00012022257
vn -0.005458832 1 0.00012022257
vn -0 1 3.993511E-06
vn -0 1 3.993511E-06
vn -0 1 3.993511E-06
vn -0 1 3.993511E-06
vn 0.021606445 0.9995117 -0.0062561035
vn 0.021606445 0.9995117 -0.0062561035
vn 0.021606445 0.9995117 -0.0062561035
vn 0.018295288 1 -0.0039520264
vn 0.0116119385 1 -0.0033168793
vn 0.0116119385 1 -0.0033168793
vn 0.0116119385 1 -0.0033168793
vn 0.009742737 1 -0.0019779205
vn 0.019729614 1 -0.0037212372
vn 0.019729614 1 -0.0037212372
vn 0.019729614 1 -0.0037212372
vn 0.016647339 1 -0.002380371
vn 0.034362793 0.9995117 -0.005344391
vn 0.034362793 0.9995117 -0.005344391
vn 0.034362793 0.9995117 -0.005344391
vn 0.029663086 0.9995117 -0.0036392212
g A005_L_001_0
f 3/3/3 2/2/2 1/1/1
f 6/6/6 5/5/5 4/4/4
f 9/9/9 8/8/8 7/7/7
f 12/12/12 11/11/11 10/10/10
f 15/15/15 14/14/14 13/13/13
f 18/18/18 17/17/17 16/16/16
f 21/21/21 20/20/20 19/19/19
f 24/24/24 23/23/23 22/22/22
f 27/27/27 26/26/26 25/25/25
f 30/30/30 29/29/29 28/28/28
f 33/33/33 32/32/32 31/31/31
f 36/36/36 35/35/35 34/34/34
f 39/39/39 38/38/38 37/37/37
f 42/42/42 41/41/41 40/40/40
f 45/45/45 44/44/44 43/43/43
f 48/48/48 47/47/47 46/46/46
f 51/51/51 50/50/50 49/49/49
f 54/54/54 53/53/53 52/52/52
f 57/57/57 56/56/56 55/55/55
f 60/60/60 59/59/59 58/58/58
f 63/63/63 62/62/62 61/61/61
f 66/66/66 65/65/65 64/64/64
f 69/69/69 68/68/68 67/67/67
f 72/72/72 71/71/71 70/70/70
f 75/75/75 74/74/74 73/73/73
f 78/78/78 77/77/77 76/76/76
f 81/81/81 80/80/80 79/79/79
f 84/84/84 83/83/83 82/82/82
f 87/87/87 86/86/86 85/85/85
f 90/90/90 89/89/89 88/88/88
f 93/93/93 92/92/92 91/91/91
f 96/96/96 95/95/95 94/94/94
f 99/99/99 98/98/98 97/97/97
f 102/102/102 101/101/101 100/100/100
f 105/105/105 104/104/104 103/103/103
f 108/108/108 107/107/107 106/106/106
f 111/111/111 110/110/110 109/109/109
f 114/114/114 113/113/113 112/112/112
f 117/117/117 116/116/116 115/115/115
f 120/120/120 119/119/119 118/118/118
f 123/123/123 122/122/122 121/121/121
f 126/126/126 125/125/125 124/124/124
f 129/129/129 128/128/128 127/127/127
f 132/132/132 131/131/131 130/130/130
f 135/135/135 134/134/134 133/133/133
f 138/138/138 137/137/137 136/136/136
f 141/141/141 140/140/140 139/139/139
f 144/144/144 143/143/143 142/142/142
f 147/147/147 146/146/146 145/145/145
f 150/150/150 149/149/149 148/148/148
f 153/153/153 152/152/152 151/151/151
f 156/156/156 155/155/155 154/154/154
f 159/159/159 158/158/158 157/157/157
f 162/162/162 161/161/161 160/160/160
f 165/165/165 164/164/164 163/163/163
f 168/168/168 167/167/167 166/166/166
f 171/171/171 170/170/170 169/169/169
f 174/174/174 173/173/173 172/172/172
f 177/177/177 176/176/176 175/175/175
f 180/180/180 179/179/179 178/178/178
f 183/183/183 182/182/182 181/181/181
f 186/186/186 185/185/185 184/184/184
f 189/189/189 188/188/188 187/187/187
f 192/192/192 191/191/191 190/190/190
f 195/195/195 194/194/194 193/193/193
f 198/198/198 197/197/197 196/196/196
f 201/201/201 200/200/200 199/199/199
f 204/204/204 203/203/203 202/202/202
f 207/207/207 206/206/206 205/205/205
f 210/210/210 209/209/209 208/208/208
f 213/213/213 212/212/212 211/211/211
f 216/216/216 215/215/215 214/214/214
f 219/219/219 218/218/218 217/217/217
f 222/222/222 221/221/221 220/220/220
f 225/225/225 224/224/224 223/223/223
f 228/228/228 227/227/227 226/226/226
f 231/231/231 230/230/230 229/229/229
f 234/234/234 233/233/233 232/232/232
f 237/237/237 236/236/236 235/235/235
f 240/240/240 239/239/239 238/238/238
f 243/243/243 242/242/242 241/241/241
f 246/246/246 245/245/245 244/244/244
f 249/249/249 248/248/248 247/247/247
f 252/252/252 251/251/251 250/250/250
f 255/255/255 254/254/254 253/253/253
f 258/258/258 257/257/257 256/256/256
f 261/261/261 260/260/260 259/259/259
f 264/264/264 263/263/263 262/262/262
f 267/267/267 266/266/266 265/265/265
f 270/270/270 269/269/269 268/268/268
f 273/273/273 272/272/272 271/271/271
f 276/276/276 275/275/275 274/274/274
f 279/279/279 278/278/278 277/277/277
f 282/282/282 281/281/281 280/280/280
f 285/285/285 284/284/284 283/283/283
f 288/288/288 287/287/287 286/286/286
f 291/291/291 290/290/290 289/289/289
f 294/294/294 293/293/293 292/292/292
f 297/297/297 296/296/296 295/295/295
f 300/300/300 299/299/299 298/298/298
f 303/303/303 302/302/302 301/301/301
f 306/306/306 305/305/305 304/304/304
f 309/309/309 308/308/308 307/307/307
f 312/312/312 311/311/311 310/310/310
f 315/315/315 314/314/314 313/313/313
f 318/318/318 317/317/317 316/316/316
f 321/321/321 320/320/320 319/319/319
f 324/324/324 323/323/323 322/322/322
f 327/327/327 326/326/326 325/325/325
f 330/330/330 329/329/329 328/328/328
f 333/333/333 332/332/332 331/331/331
f 336/336/336 335/335/335 334/334/334
f 339/339/339 338/338/338 337/337/337
f 342/342/342 341/341/341 340/340/340
f 345/345/345 344/344/344 343/343/343
f 348/348/348 347/347/347 346/346/346
f 351/351/351 350/350/350 349/349/349
f 354/354/354 353/353/353 352/352/352
f 357/357/357 356/356/356 355/355/355
f 360/360/360 359/359/359 358/358/358
f 363/363/363 362/362/362 361/361/361
f 366/366/366 365/365/365 364/364/364
f 369/369/369 368/368/368 367/367/367
f 372/372/372 371/371/371 370/370/370
f 375/375/375 374/374/374 373/373/373
f 378/378/378 377/377/377 376/376/376
f 381/381/381 380/380/380 379/379/379
f 384/384/384 383/383/383 382/382/382
f 387/387/387 386/386/386 385/385/385
f 390/390/390 389/389/389 388/388/388
f 393/393/393 392/392/392 391/391/391
f 396/396/396 395/395/395 394/394/394
f 399/399/399 398/398/398 397/397/397
f 402/402/402 401/401/401 400/400/400
f 405/405/405 404/404/404 403/403/403
f 408/408/408 407/407/407 406/406/406
f 411/411/411 410/410/410 409/409/409
f 414/414/414 413/413/413 412/412/412
f 417/417/417 416/416/416 415/415/415
f 420/420/420 419/419/419 418/418/418
f 423/423/423 422/422/422 421/421/421
f 426/426/426 425/425/425 424/424/424
f 429/429/429 428/428/428 427/427/427
f 432/432/432 431/431/431 430/430/430
f 435/435/435 434/434/434 433/433/433
f 438/438/438 437/437/437 436/436/436
f 441/441/441 440/440/440 439/439/439
f 444/444/444 443/443/443 442/442/442
f 447/447/447 446/446/446 445/445/445
f 450/450/450 449/449/449 448/448/448
f 453/453/453 452/452/452 451/451/451
f 456/456/456 455/455/455 454/454/454
f 459/459/459 458/458/458 457/457/457
f 462/462/462 461/461/461 460/460/460
f 465/465/465 464/464/464 463/463/463
f 468/468/468 467/467/467 466/466/466
f 471/471/471 470/470/470 469/469/469
f 474/474/474 473/473/473 472/472/472
f 477/477/477 476/476/476 475/475/475
f 480/480/480 479/479/479 478/478/478
f 483/483/483 482/482/482 481/481/481
f 486/486/486 485/485/485 484/484/484
f 489/489/489 488/488/488 487/487/487
f 492/492/492 491/491/491 490/490/490
f 495/495/495 494/494/494 493/493/493
f 498/498/498 497/497/497 496/496/496
f 501/501/501 500/500/500 499/499/499
f 504/504/504 503/503/503 502/502/502
f 507/507/507 506/506/506 505/505/505
f 510/510/510 509/509/509 508/508/508
f 513/513/513 512/512/512 511/511/511
f 516/516/516 515/515/515 514/514/514
f 519/519/519 518/518/518 517/517/517
f 522/522/522 521/521/521 520/520/520
f 525/525/525 524/524/524 523/523/523
f 528/528/528 527/527/527 526/526/526
f 531/531/531 530/530/530 529/529/529
f 534/534/534 533/533/533 532/532/532
f 537/537/537 536/536/536 535/535/535
f 540/540/540 539/539/539 538/538/538
f 543/543/543 542/542/542 541/541/541
f 546/546/546 545/545/545 544/544/544
f 549/549/549 548/548/548 547/547/547
f 552/552/552 551/551/551 550/550/550
f 555/555/555 554/554/554 553/553/553
f 558/558/558 557/557/557 556/556/556
f 561/561/561 560/560/560 559/559/559
f 564/564/564 563/563/563 562/562/562
f 567/567/567 566/566/566 565/565/565
f 570/570/570 569/569/569 568/568/568
f 573/573/573 572/572/572 571/571/571
f 576/576/576 575/575/575 574/574/574
f 579/579/579 578/578/578 577/577/577
f 582/582/582 581/581/581 580/580/580
f 585/585/585 584/584/584 583/583/583
f 588/588/588 587/587/587 586/586/586
f 591/591/591 590/590/590 589/589/589
f 594/594/594 593/593/593 592/592/592
f 597/597/597 596/596/596 595/595/595
f 600/600/600 599/599/599 598/598/598
f 603/603/603 602/602/602 601/601/601
f 606/606/606 605/605/605 604/604/604
f 609/609/609 608/608/608 607/607/607
f 612/612/612 611/611/611 610/610/610
f 615/615/615 614/614/614 613/613/613
f 618/618/618 617/617/617 616/616/616
f 621/621/621 620/620/620 619/619/619
f 624/624/624 623/623/623 622/622/622
f 627/627/627 626/626/626 625/625/625
f 630/630/630 629/629/629 628/628/628
f 633/633/633 632/632/632 631/631/631
f 636/636/636 635/635/635 634/634/634
f 639/639/639 638/638/638 637/637/637
f 642/642/642 641/641/641 640/640/640
f 645/645/645 644/644/644 643/643/643
f 648/648/648 647/647/647 646/646/646
f 651/651/651 650/650/650 649/649/649
f 654/654/654 653/653/653 652/652/652
f 657/657/657 656/656/656 655/655/655
f 660/660/660 659/659/659 658/658/658
f 663/663/663 662/662/662 661/661/661
f 666/666/666 665/665/665 664/664/664
f 669/669/669 668/668/668 667/667/667
f 672/672/672 671/671/671 670/670/670
f 675/675/675 674/674/674 673/673/673
f 678/678/678 677/677/677 676/676/676
f 681/681/681 680/680/680 679/679/679
f 684/684/684 683/683/683 682/682/682
f 687/687/687 686/686/686 685/685/685
f 690/690/690 689/689/689 688/688/688
f 693/693/693 692/692/692 691/691/691
f 696/696/696 695/695/695 694/694/694
f 699/699/699 698/698/698 697/697/697
f 702/702/702 701/701/701 700/700/700
f 705/705/705 704/704/704 703/703/703
f 708/708/708 707/707/707 706/706/706
f 711/711/711 710/710/710 709/709/709
f 714/714/714 713/713/713 712/712/712
f 717/717/717 716/716/716 715/715/715
f 720/720/720 719/719/719 718/718/718
f 723/723/723 722/722/722 721/721/721
f 726/726/726 725/725/725 724/724/724
f 729/729/729 728/728/728 727/727/727
f 732/732/732 731/731/731 730/730/730
f 735/735/735 734/734/734 733/733/733
f 738/738/738 737/737/737 736/736/736
f 741/741/741 740/740/740 739/739/739
f 744/744/744 743/743/743 742/742/742
f 747/747/747 746/746/746 745/745/745
f 750/750/750 749/749/749 748/748/748
f 753/753/753 752/752/752 751/751/751
f 756/756/756 755/755/755 754/754/754
f 759/759/759 758/758/758 757/757/757
f 762/762/762 761/761/761 760/760/760
f 765/765/765 764/764/764 763/763/763
f 768/768/768 767/767/767 766/766/766
f 771/771/771 770/770/770 769/769/769
f 774/774/774 773/773/773 772/772/772
f 777/777/777 776/776/776 775/775/775
f 780/780/780 779/779/779 778/778/778
f 783/783/783 782/782/782 781/781/781
f 786/786/786 785/785/785 784/784/784
f 789/789/789 788/788/788 787/787/787
f 792/792/792 791/791/791 790/790/790
f 795/795/795 794/794/794 793/793/793
f 798/798/798 797/797/797 796/796/796
f 801/801/801 800/800/800 799/799/799
f 804/804/804 803/803/803 802/802/802
f 807/807/807 806/806/806 805/805/805
f 810/810/810 809/809/809 808/808/808
f 813/813/813 812/812/812 811/811/811
f 816/816/816 815/815/815 814/814/814
f 819/819/819 818/818/818 817/817/817
f 822/822/822 821/821/821 820/820/820
f 825/825/825 824/824/824 823/823/823
f 824/824/824 825/825/825 826/826/826
f 829/829/829 828/828/828 827/827/827
f 828/828/828 829/829/829 830/830/830
f 833/833/833 832/832/832 831/831/831
f 832/832/832 833/833/833 834/834/834
f 837/837/837 836/836/836 835/835/835
f 836/836/836 837/837/837 838/838/838
f 841/841/841 840/840/840 839/839/839
f 840/840/840 841/841/841 842/842/842
f 845/845/845 844/844/844 843/843/843
f 844/844/844 845/845/845 846/846/846
f 849/849/849 848/848/848 847/847/847
f 848/848/848 849/849/849 850/850/850
f 853/853/853 852/852/852 851/851/851
f 852/852/852 853/853/853 854/854/854
f 857/857/857 856/856/856 855/855/855
f 856/856/856 857/857/857 858/858/858
f 861/861/861 860/860/860 859/859/859
f 860/860/860 861/861/861 862/862/862
f 865/865/865 864/864/864 863/863/863
f 864/864/864 865/865/865 866/866/866
f 869/869/869 868/868/868 867/867/867
f 868/868/868 869/869/869 870/870/870
f 873/873/873 872/872/872 871/871/871
f 872/872/872 873/873/873 874/874/874
f 877/877/877 876/876/876 875/875/875
f 876/876/876 877/877/877 878/878/878
f 881/881/881 880/880/880 879/879/879
f 880/880/880 881/881/881 882/882/882
f 885/885/885 884/884/884 883/883/883
f 884/884/884 885/885/885 886/886/886
f 889/889/889 888/888/888 887/887/887
f 888/888/888 889/889/889 890/890/890
f 893/893/893 892/892/892 891/891/891
f 892/892/892 893/893/893 894/894/894
f 897/897/897 896/896/896 895/895/895
f 896/896/896 897/897/897 898/898/898
f 901/901/901 900/900/900 899/899/899
f 900/900/900 901/901/901 902/902/902
f 905/905/905 904/904/904 903/903/903
f 904/904/904 905/905/905 906/906/906
f 909/909/909 908/908/908 907/907/907
f 908/908/908 909/909/909 910/910/910
f 913/913/913 912/912/912 911/911/911
f 912/912/912 913/913/913 914/914/914
f 917/917/917 916/916/916 915/915/915
f 916/916/916 917/917/917 918/918/918
f 921/921/921 920/920/920 919/919/919
f 920/920/920 921/921/921 922/922/922
f 925/925/925 924/924/924 923/923/923
f 924/924/924 925/925/925 926/926/926
f 929/929/929 928/928/928 927/927/927
f 928/928/928 929/929/929 930/930/930
f 933/933/933 932/932/932 931/931/931
f 932/932/932 933/933/933 934/934/934
f 937/937/937 936/936/936 935/935/935
f 936/936/936 937/937/937 938/938/938
f 941/941/941 940/940/940 939/939/939
f 940/940/940 941/941/941 942/942/942
f 945/945/945 944/944/944 943/943/943
f 944/944/944 945/945/945 946/946/946
f 949/949/949 948/948/948 947/947/947
f 948/948/948 949/949/949 950/950/950
f 953/953/953 952/952/952 951/951/951
f 952/952/952 953/953/953 954/954/954
f 957/957/957 956/956/956 955/955/955
f 956/956/956 957/957/957 958/958/958
f 961/961/961 960/960/960 959/959/959
f 960/960/960 961/961/961 962/962/962
f 965/965/965 964/964/964 963/963/963
f 964/964/964 965/965/965 966/966/966
f 969/969/969 968/968/968 967/967/967
f 968/968/968 969/969/969 970/970/970
f 973/973/973 972/972/972 971/971/971
f 972/972/972 973/973/973 974/974/974
f 977/977/977 976/976/976 975/975/975
f 976/976/976 977/977/977 978/978/978
f 981/981/981 980/980/980 979/979/979
f 980/980/980 981/981/981 982/982/982
f 985/985/985 984/984/984 983/983/983
f 984/984/984 985/985/985 986/986/986
f 989/989/989 988/988/988 987/987/987
f 988/988/988 989/989/989 990/990/990
f 993/993/993 992/992/992 991/991/991
f 992/992/992 993/993/993 994/994/994
f 997/997/997 996/996/996 995/995/995
f 996/996/996 997/997/997 998/998/998
f 1001/1001/1001 1000/1000/1000 999/999/999
f 1000/1000/1000 1001/1001/1001 1002/1002/1002
f 1005/1005/1005 1004/1004/1004 1003/1003/1003
f 1004/1004/1004 1005/1005/1005 1006/1006/1006
f 1009/1009/1009 1008/1008/1008 1007/1007/1007
f 1008/1008/1008 1009/1009/1009 1010/1010/1010
f 1013/1013/1013 1012/1012/1012 1011/1011/1011
f 1012/1012/1012 1013/1013/1013 1014/1014/1014
f 1017/1017/1017 1016/1016/1016 1015/1015/1015
f 1016/1016/1016 1017/1017/1017 1018/1018/1018
f 1021/1021/1021 1020/1020/1020 1019/1019/1019
f 1020/1020/1020 1021/1021/1021 1022/1022/1022
f 1025/1025/1025 1024/1024/1024 1023/1023/1023
f 1024/1024/1024 1025/1025/1025 1026/1026/1026
f 1029/1029/1029 1028/1028/1028 1027/1027/1027
f 1028/1028/1028 1029/1029/1029 1030/1030/1030
f 1033/1033/1033 1032/1032/1032 1031/1031/1031
f 1032/1032/1032 1033/1033/1033 1034/1034/1034
f 1037/1037/1037 1036/1036/1036 1035/1035/1035
f 1036/1036/1036 1037/1037/1037 1038/1038/1038
f 1041/1041/1041 1040/1040/1040 1039/1039/1039
f 1040/1040/1040 1041/1041/1041 1042/1042/1042
f 1045/1045/1045 1044/1044/1044 1043/1043/1043
f 1044/1044/1044 1045/1045/1045 1046/1046/1046
f 1049/1049/1049 1048/1048/1048 1047/1047/1047
f 1048/1048/1048 1049/1049/1049 1050/1050/1050
f 1053/1053/1053 1052/1052/1052 1051/1051/1051
f 1052/1052/1052 1053/1053/1053 1054/1054/1054
f 1057/1057/1057 1056/1056/1056 1055/1055/1055
f 1056/1056/1056 1057/1057/1057 1058/1058/1058
f 1061/1061/1061 1060/1060/1060 1059/1059/1059
f 1060/1060/1060 1061/1061/1061 1062/1062/1062
f 1065/1065/1065 1064/1064/1064 1063/1063/1063
f 1064/1064/1064 1065/1065/1065 1066/1066/1066
f 1069/1069/1069 1068/1068/1068 1067/1067/1067
f 1068/1068/1068 1069/1069/1069 1070/1070/1070
f 1073/1073/1073 1072/1072/1072 1071/1071/1071
f 1072/1072/1072 1073/1073/1073 1074/1074/1074
f 1077/1077/1077 1076/1076/1076 1075/1075/1075
f 1076/1076/1076 1077/1077/1077 1078/1078/1078
f 1081/1081/1081 1080/1080/1080 1079/1079/1079
f 1080/1080/1080 1081/1081/1081 1082/1082/1082
f 1085/1085/1085 1084/1084/1084 1083/1083/1083
f 1084/1084/1084 1085/1085/1085 1086/1086/1086
f 1089/1089/1089 1088/1088/1088 1087/1087/1087
f 1088/1088/1088 1089/1089/1089 1090/1090/1090
f 1093/1093/1093 1092/1092/1092 1091/1091/1091
f 1092/1092/1092 1093/1093/1093 1094/1094/1094
f 1097/1097/1097 1096/1096/1096 1095/1095/1095
f 1096/1096/1096 1097/1097/1097 1098/1098/1098
f 1101/1101/1101 1100/1100/1100 1099/1099/1099
f 1100/1100/1100 1101/1101/1101 1102/1102/1102
f 1105/1105/1105 1104/1104/1104 1103/1103/1103
f 1104/1104/1104 1105/1105/1105 1106/1106/1106
f 1109/1109/1109 1108/1108/1108 1107/1107/1107
f 1108/1108/1108 1109/1109/1109 1110/1110/1110
f 1113/1113/1113 1112/1112/1112 1111/1111/1111
f 1112/1112/1112 1113/1113/1113 1114/1114/1114
f 1117/1117/1117 1116/1116/1116 1115/1115/1115
f 1116/1116/1116 1117/1117/1117 1118/1118/1118
f 1121/1121/1121 1120/1120/1120 1119/1119/1119
f 1120/1120/1120 1121/1121/1121 1122/1122/1122
f 1125/1125/1125 1124/1124/1124 1123/1123/1123
f 1124/1124/1124 1125/1125/1125 1126/1126/1126
f 1129/1129/1129 1128/1128/1128 1127/1127/1127
f 1128/1128/1128 1129/1129/1129 1130/1130/1130
f 1133/1133/1133 1132/1132/1132 1131/1131/1131
f 1132/1132/1132 1133/1133/1133 1134/1134/1134
f 1137/1137/1137 1136/1136/1136 1135/1135/1135
f 1136/1136/1136 1137/1137/1137 1138/1138/1138
f 1141/1141/1141 1140/1140/1140 1139/1139/1139
f 1140/1140/1140 1141/1141/1141 1142/1142/1142
f 1145/1145/1145 1144/1144/1144 1143/1143/1143
f 1144/1144/1144 1145/1145/1145 1146/1146/1146
f 1149/1149/1149 1148/1148/1148 1147/1147/1147
f 1148/1148/1148 1149/1149/1149 1150/1150/1150
f 1153/1153/1153 1152/1152/1152 1151/1151/1151
f 1152/1152/1152 1153/1153/1153 1154/1154/1154
f 1157/1157/1157 1156/1156/1156 1155/1155/1155
f 1156/1156/1156 1157/1157/1157 1158/1158/1158
f 1161/1161/1161 1160/1160/1160 1159/1159/1159
f 1160/1160/1160 1161/1161/1161 1162/1162/1162
f 1165/1165/1165 1164/1164/1164 1163/1163/1163
f 1164/1164/1164 1165/1165/1165 1166/1166/1166
f 1169/1169/1169 1168/1168/1168 1167/1167/1167
f 1168/1168/1168 1169/1169/1169 1170/1170/1170
f 1173/1173/1173 1172/1172/1172 1171/1171/1171
f 1172/1172/1172 1173/1173/1173 1174/1174/1174
f 1177/1177/1177 1176/1176/1176 1175/1175/1175
f 1176/1176/1176 1177/1177/1177 1178/1178/1178
f 1181/1181/1181 1180/1180/1180 1179/1179/1179
f 1180/1180/1180 1181/1181/1181 1182/1182/1182
f 1185/1185/1185 1184/1184/1184 1183/1183/1183
f 1184/1184/1184 1185/1185/1185 1186/1186/1186
f 1189/1189/1189 1188/1188/1188 1187/1187/1187
f 1188/1188/1188 1189/1189/1189 1190/1190/1190
f 1193/1193/1193 1192/1192/1192 1191/1191/1191
f 1192/1192/1192 1193/1193/1193 1194/1194/1194
f 1197/1197/1197 1196/1196/1196 1195/1195/1195
f 1196/1196/1196 1197/1197/1197 1198/1198/1198
f 1201/1201/1201 1200/1200/1200 1199/1199/1199
f 1200/1200/1200 1201/1201/1201 1202/1202/1202
f 1205/1205/1205 1204/1204/1204 1203/1203/1203
f 1204/1204/1204 1205/1205/1205 1206/1206/1206
f 1209/1209/1209 1208/1208/1208 1207/1207/1207
f 1208/1208/1208 1209/1209/1209 1210/1210/1210
f 1213/1213/1213 1212/1212/1212 1211/1211/1211
f 1212/1212/1212 1213/1213/1213 1214/1214/1214
f 1217/1217/1217 1216/1216/1216 1215/1215/1215
f 1216/1216/1216 1217/1217/1217 1218/1218/1218
f 1221/1221/1221 1220/1220/1220 1219/1219/1219
f 1220/1220/1220 1221/1221/1221 1222/1222/1222
f 1225/1225/1225 1224/1224/1224 1223/1223/1223
f 1224/1224/1224 1225/1225/1225 1226/1226/1226
f 1229/1229/1229 1228/1228/1228 1227/1227/1227
f 1228/1228/1228 1229/1229/1229 1230/1230/1230
f 1233/1233/1233 1232/1232/1232 1231/1231/1231
f 1232/1232/1232 1233/1233/1233 1234/1234/1234
f 1237/1237/1237 1236/1236/1236 1235/1235/1235
f 1236/1236/1236 1237/1237/1237 1238/1238/1238
f 1241/1241/1241 1240/1240/1240 1239/1239/1239
f 1240/1240/1240 1241/1241/1241 1242/1242/1242
f 1245/1245/1245 1244/1244/1244 1243/1243/1243
f 1244/1244/1244 1245/1245/1245 1246/1246/1246
f 1249/1249/1249 1248/1248/1248 1247/1247/1247
f 1248/1248/1248 1249/1249/1249 1250/1250/1250
f 1253/1253/1253 1252/1252/1252 1251/1251/1251
f 1252/1252/1252 1253/1253/1253 1254/1254/1254
f 1257/1257/1257 1256/1256/1256 1255/1255/1255
f 1256/1256/1256 1257/1257/1257 1258/1258/1258
f 1261/1261/1261 1260/1260/1260 1259/1259/1259
f 1260/1260/1260 1261/1261/1261 1262/1262/1262
f 1265/1265/1265 1264/1264/1264 1263/1263/1263
f 1264/1264/1264 1265/1265/1265 1266/1266/1266
f 1269/1269/1269 1268/1268/1268 1267/1267/1267
f 1268/1268/1268 1269/1269/1269 1270/1270/1270
f 1273/1273/1273 1272/1272/1272 1271/1271/1271
f 1272/1272/1272 1273/1273/1273 1274/1274/1274
f 1277/1277/1277 1276/1276/1276 1275/1275/1275
f 1276/1276/1276 1277/1277/1277 1278/1278/1278
f 1281/1281/1281 1280/1280/1280 1279/1279/1279
f 1280/1280/1280 1281/1281/1281 1282/1282/1282
f 1285/1285/1285 1284/1284/1284 1283/1283/1283
f 1284/1284/1284 1285/1285/1285 1286/1286/1286
f 1289/1289/1289 1288/1288/1288 1287/1287/1287
f 1288/1288/1288 1289/1289/1289 1290/1290/1290
f 1293/1293/1293 1292/1292/1292 1291/1291/1291
f 1292/1292/1292 1293/1293/1293 1294/1294/1294
f 1297/1297/1297 1296/1296/1296 1295/1295/1295
f 1296/1296/1296 1297/1297/1297 1298/1298/1298
f 1301/1301/1301 1300/1300/1300 1299/1299/1299
f 1300/1300/1300 1301/1301/1301 1302/1302/1302
f 1305/1305/1305 1304/1304/1304 1303/1303/1303
f 1304/1304/1304 1305/1305/1305 1306/1306/1306
f 1309/1309/1309 1308/1308/1308 1307/1307/1307
f 1308/1308/1308 1309/1309/1309 1310/1310/1310
f 1313/1313/1313 1312/1312/1312 1311/1311/1311
f 1312/1312/1312 1313/1313/1313 1314/1314/1314
f 1317/1317/1317 1316/1316/1316 1315/1315/1315
f 1316/1316/1316 1317/1317/1317 1318/1318/1318
f 1321/1321/1321 1320/1320/1320 1319/1319/1319
f 1320/1320/1320 1321/1321/1321 1322/1322/1322
f 1325/1325/1325 1324/1324/1324 1323/1323/1323
f 1324/1324/1324 1325/1325/1325 1326/1326/1326
f 1329/1329/1329 1328/1328/1328 1327/1327/1327
f 1328/1328/1328 1329/1329/1329 1330/1330/1330
f 1333/1333/1333 1332/1332/1332 1331/1331/1331
f 1332/1332/1332 1333/1333/1333 1334/1334/1334
f 1337/1337/1337 1336/1336/1336 1335/1335/1335
f 1336/1336/1336 1337/1337/1337 1338/1338/1338
f 1341/1341/1341 1340/1340/1340 1339/1339/1339
f 1340/1340/1340 1341/1341/1341 1342/1342/1342
f 1345/1345/1345 1344/1344/1344 1343/1343/1343
f 1344/1344/1344 1345/1345/1345 1346/1346/1346
f 1349/1349/1349 1348/1348/1348 1347/1347/1347
f 1348/1348/1348 1349/1349/1349 1350/1350/1350
f 1353/1353/1353 1352/1352/1352 1351/1351/1351
f 1352/1352/1352 1353/1353/1353 1354/1354/1354
f 1357/1357/1357 1356/1356/1356 1355/1355/1355
f 1356/1356/1356 1357/1357/1357 1358/1358/1358
f 1361/1361/1361 1360/1360/1360 1359/1359/1359
f 1360/1360/1360 1361/1361/1361 1362/1362/1362
f 1365/1365/1365 1364/1364/1364 1363/1363/1363
f 1364/1364/1364 1365/1365/1365 1366/1366/1366
f 1369/1369/1369 1368/1368/1368 1367/1367/1367
f 1368/1368/1368 1369/1369/1369 1370/1370/1370
f 1373/1373/1373 1372/1372/1372 1371/1371/1371
f 1372/1372/1372 1373/1373/1373 1374/1374/1374
f 1377/1377/1377 1376/1376/1376 1375/1375/1375
f 1376/1376/1376 1377/1377/1377 1378/1378/1378
f 1381/1381/1381 1380/1380/1380 1379/1379/1379
f 1380/1380/1380 1381/1381/1381 1382/1382/1382
f 1385/1385/1385 1384/1384/1384 1383/1383/1383
f 1384/1384/1384 1385/1385/1385 1386/1386/1386
f 1389/1389/1389 1388/1388/1388 1387/1387/1387
f 1388/1388/1388 1389/1389/1389 1390/1390/1390
f 1393/1393/1393 1392/1392/1392 1391/1391/1391
f 1392/1392/1392 1393/1393/1393 1394/1394/1394
f 1397/1397/1397 1396/1396/1396 1395/1395/1395
f 1396/1396/1396 1397/1397/1397 1398/1398/1398
f 1401/1401/1401 1400/1400/1400 1399/1399/1399
f 1400/1400/1400 1401/1401/1401 1402/1402/1402
f 1405/1405/1405 1404/1404/1404 1403/1403/1403
f 1404/1404/1404 1405/1405/1405 1406/1406/1406
f 1409/1409/1409 1408/1408/1408 1407/1407/1407
f 1408/1408/1408 1409/1409/1409 1410/1410/1410
f 1413/1413/1413 1412/1412/1412 1411/1411/1411
f 1412/1412/1412 1413/1413/1413 1414/1414/1414
f 1417/1417/1417 1416/1416/1416 1415/1415/1415
f 1416/1416/1416 1417/1417/1417 1418/1418/1418
f 1421/1421/1421 1420/1420/1420 1419/1419/1419
f 1420/1420/1420 1421/1421/1421 1422/1422/1422
f 1425/1425/1425 1424/1424/1424 1423/1423/1423
f 1424/1424/1424 1425/1425/1425 1426/1426/1426
f 1429/1429/1429 1428/1428/1428 1427/1427/1427
f 1428/1428/1428 1429/1429/1429 1430/1430/1430
f 1433/1433/1433 1432/1432/1432 1431/1431/1431
f 1432/1432/1432 1433/1433/1433 1434/1434/1434
f 1437/1437/1437 1436/1436/1436 1435/1435/1435
f 1436/1436/1436 1437/1437/1437 1438/1438/1438
f 1441/1441/1441 1440/1440/1440 1439/1439/1439
f 1440/1440/1440 1441/1441/1441 1442/1442/1442
f 1445/1445/1445 1444/1444/1444 1443/1443/1443
f 1444/1444/1444 1445/1445/1445 1446/1446/1446
f 1449/1449/1449 1448/1448/1448 1447/1447/1447
f 1448/1448/1448 1449/1449/1449 1450/1450/1450
f 1453/1453/1453 1452/1452/1452 1451/1451/1451
f 1452/1452/1452 1453/1453/1453 1454/1454/1454
f 1457/1457/1457 1456/1456/1456 1455/1455/1455
f 1456/1456/1456 1457/1457/1457 1458/1458/1458
f 1461/1461/1461 1460/1460/1460 1459/1459/1459
f 1460/1460/1460 1461/1461/1461 1462/1462/1462
f 1465/1465/1465 1464/1464/1464 1463/1463/1463
f 1464/1464/1464 1465/1465/1465 1466/1466/1466
f 1469/1469/1469 1468/1468/1468 1467/1467/1467
f 1468/1468/1468 1469/1469/1469 1470/1470/1470
f 1473/1473/1473 1472/1472/1472 1471/1471/1471
f 1472/1472/1472 1473/1473/1473 1474/1474/1474
f 1477/1477/1477 1476/1476/1476 1475/1475/1475
f 1476/1476/1476 1477/1477/1477 1478/1478/1478
f 1481/1481/1481 1480/1480/1480 1479/1479/1479
f 1480/1480/1480 1481/1481/1481 1482/1482/1482
f 1485/1485/1485 1484/1484/1484 1483/1483/1483
f 1484/1484/1484 1485/1485/1485 1486/1486/1486
f 1489/1489/1489 1488/1488/1488 1487/1487/1487
f 1488/1488/1488 1489/1489/1489 1490/1490/1490
f 1493/1493/1493 1492/1492/1492 1491/1491/1491
f 1492/1492/1492 1493/1493/1493 1494/1494/1494
f 1497/1497/1497 1496/1496/1496 1495/1495/1495
f 1496/1496/1496 1497/1497/1497 1498/1498/1498
f 1501/1501/1501 1500/1500/1500 1499/1499/1499
f 1500/1500/1500 1501/1501/1501 1502/1502/1502
f 1505/1505/1505 1504/1504/1504 1503/1503/1503
f 1504/1504/1504 1505/1505/1505 1506/1506/1506
f 1509/1509/1509 1508/1508/1508 1507/1507/1507
f 1508/1508/1508 1509/1509/1509 1510/1510/1510
f 1513/1513/1513 1512/1512/1512 1511/1511/1511
f 1512/1512/1512 1513/1513/1513 1514/1514/1514
f 1517/1517/1517 1516/1516/1516 1515/1515/1515
f 1516/1516/1516 1517/1517/1517 1518/1518/1518
f 1521/1521/1521 1520/1520/1520 1519/1519/1519
f 1520/1520/1520 1521/1521/1521 1522/1522/1522
f 1525/1525/1525 1524/1524/1524 1523/1523/1523
f 1524/1524/1524 1525/1525/1525 1526/1526/1526
f 1529/1529/1529 1528/1528/1528 1527/1527/1527
f 1528/1528/1528 1529/1529/1529 1530/1530/1530
f 1533/1533/1533 1532/1532/1532 1531/1531/1531
f 1532/1532/1532 1533/1533/1533 1534/1534/1534
f 1537/1537/1537 1536/1536/1536 1535/1535/1535
f 1536/1536/1536 1537/1537/1537 1538/1538/1538
f 1541/1541/1541 1540/1540/1540 1539/1539/1539
f 1540/1540/1540 1541/1541/1541 1542/1542/1542
f 1545/1545/1545 1544/1544/1544 1543/1543/1543
f 1544/1544/1544 1545/1545/1545 1546/1546/1546
f 1549/1549/1549 1548/1548/1548 1547/1547/1547
f 1548/1548/1548 1549/1549/1549 1550/1550/1550
f 1553/1553/1553 1552/1552/1552 1551/1551/1551
f 1552/1552/1552 1553/1553/1553 1554/1554/1554
f 1557/1557/1557 1556/1556/1556 1555/1555/1555
f 1556/1556/1556 1557/1557/1557 1558/1558/1558
f 1561/1561/1561 1560/1560/1560 1559/1559/1559
f 1560/1560/1560 1561/1561/1561 1562/1562/1562
f 1565/1565/1565 1564/1564/1564 1563/1563/1563
f 1564/1564/1564 1565/1565/1565 1566/1566/1566
f 1569/1569/1569 1568/1568/1568 1567/1567/1567
f 1568/1568/1568 1569/1569/1569 1570/1570/1570
f 1573/1573/1573 1572/1572/1572 1571/1571/1571
f 1572/1572/1572 1573/1573/1573 1574/1574/1574
f 1577/1577/1577 1576/1576/1576 1575/1575/1575
f 1576/1576/1576 1577/1577/1577 1578/1578/1578
f 1581/1581/1581 1580/1580/1580 1579/1579/1579
f 1580/1580/1580 1581/1581/1581 1582/1582/1582
f 1585/1585/1585 1584/1584/1584 1583/1583/1583
f 1584/1584/1584 1585/1585/1585 1586/1586/1586
f 1589/1589/1589 1588/1588/1588 1587/1587/1587
f 1588/1588/1588 1589/1589/1589 1590/1590/1590
f 1593/1593/1593 1592/1592/1592 1591/1591/1591
f 1592/1592/1592 1593/1593/1593 1594/1594/1594
f 1597/1597/1597 1596/1596/1596 1595/1595/1595
f 1596/1596/1596 1597/1597/1597 1598/1598/1598
f 1601/1601/1601 1600/1600/1600 1599/1599/1599
f 1600/1600/1600 1601/1601/1601 1602/1602/1602
f 1605/1605/1605 1604/1604/1604 1603/1603/1603
f 1604/1604/1604 1605/1605/1605 1606/1606/1606
f 1609/1609/1609 1608/1608/1608 1607/1607/1607
f 1608/1608/1608 1609/1609/1609 1610/1610/1610
f 1613/1613/1613 1612/1612/1612 1611/1611/1611
f 1612/1612/1612 1613/1613/1613 1614/1614/1614
f 1617/1617/1617 1616/1616/1616 1615/1615/1615
f 1616/1616/1616 1617/1617/1617 1618/1618/1618
f 1621/1621/1621 1620/1620/1620 1619/1619/1619
f 1620/1620/1620 1621/1621/1621 1622/1622/1622
f 1625/1625/1625 1624/1624/1624 1623/1623/1623
f 1624/1624/1624 1625/1625/1625 1626/1626/1626
f 1629/1629/1629 1628/1628/1628 1627/1627/1627
f 1628/1628/1628 1629/1629/1629 1630/1630/1630
f 1633/1633/1633 1632/1632/1632 1631/1631/1631
f 1632/1632/1632 1633/1633/1633 1634/1634/1634
f 1637/1637/1637 1636/1636/1636 1635/1635/1635
f 1636/1636/1636 1637/1637/1637 1638/1638/1638
f 1641/1641/1641 1640/1640/1640 1639/1639/1639
f 1640/1640/1640 1641/1641/1641 1642/1642/1642
f 1645/1645/1645 1644/1644/1644 1643/1643/1643
f 1644/1644/1644 1645/1645/1645 1646/1646/1646
f 1649/1649/1649 1648/1648/1648 1647/1647/1647
f 1648/1648/1648 1649/1649/1649 1650/1650/1650
f 1653/1653/1653 1652/1652/1652 1651/1651/1651
f 1652/1652/1652 1653/1653/1653 1654/1654/1654
f 1657/1657/1657 1656/1656/1656 1655/1655/1655
f 1656/1656/1656 1657/1657/1657 1658/1658/1658
f 1661/1661/1661 1660/1660/1660 1659/1659/1659
f 1660/1660/1660 1661/1661/1661 1662/1662/1662
f 1665/1665/1665 1664/1664/1664 1663/1663/1663
f 1664/1664/1664 1665/1665/1665 1666/1666/1666
f 1669/1669/1669 1668/1668/1668 1667/1667/1667
f 1668/1668/1668 1669/1669/1669 1670/1670/1670
f 1673/1673/1673 1672/1672/1672 1671/1671/1671
f 1672/1672/1672 1673/1673/1673 1674/1674/1674
f 1677/1677/1677 1676/1676/1676 1675/1675/1675
f 1676/1676/1676 1677/1677/1677 1678/1678/1678
f 1681/1681/1681 1680/1680/1680 1679/1679/1679
f 1680/1680/1680 1681/1681/1681 1682/1682/1682
f 1685/1685/1685 1684/1684/1684 1683/1683/1683
f 1684/1684/1684 1685/1685/1685 1686/1686/1686
f 1689/1689/1689 1688/1688/1688 1687/1687/1687
f 1688/1688/1688 1689/1689/1689 1690/1690/1690
f 1693/1693/1693 1692/1692/1692 1691/1691/1691
f 1692/1692/1692 1693/1693/1693 1694/1694/1694
f 1697/1697/1697 1696/1696/1696 1695/1695/1695
f 1696/1696/1696 1697/1697/1697 1698/1698/1698
f 1701/1701/1701 1700/1700/1700 1699/1699/1699
f 1700/1700/1700 1701/1701/1701 1702/1702/1702
f 1705/1705/1705 1704/1704/1704 1703/1703/1703
f 1704/1704/1704 1705/1705/1705 1706/1706/1706
f 1709/1709/1709 1708/1708/1708 1707/1707/1707
f 1708/1708/1708 1709/1709/1709 1710/1710/1710
f 1713/1713/1713 1712/1712/1712 1711/1711/1711
f 1712/1712/1712 1713/1713/1713 1714/1714/1714
f 1717/1717/1717 1716/1716/1716 1715/1715/1715
f 1716/1716/1716 1717/1717/1717 1718/1718/1718
f 1721/1721/1721 1720/1720/1720 1719/1719/1719
f 1720/1720/1720 1721/1721/1721 1722/1722/1722
f 1725/1725/1725 1724/1724/1724 1723/1723/1723
f 1724/1724/1724 1725/1725/1725 1726/1726/1726
f 1729/1729/1729 1728/1728/1728 1727/1727/1727
f 1728/1728/1728 1729/1729/1729 1730/1730/1730
f 1733/1733/1733 1732/1732/1732 1731/1731/1731
f 1732/1732/1732 1733/1733/1733 1734/1734/1734
f 1737/1737/1737 1736/1736/1736 1735/1735/1735
f 1736/1736/1736 1737/1737/1737 1738/1738/1738
f 1741/1741/1741 1740/1740/1740 1739/1739/1739
f 1740/1740/1740 1741/1741/1741 1742/1742/1742
f 1745/1745/1745 1744/1744/1744 1743/1743/1743
f 1744/1744/1744 1745/1745/1745 1746/1746/1746
f 1749/1749/1749 1748/1748/1748 1747/1747/1747
f 1748/1748/1748 1749/1749/1749 1750/1750/1750
f 1753/1753/1753 1752/1752/1752 1751/1751/1751
f 1752/1752/1752 1753/1753/1753 1754/1754/1754
f 1757/1757/1757 1756/1756/1756 1755/1755/1755
f 1756/1756/1756 1757/1757/1757 1758/1758/1758
f 1761/1761/1761 1760/1760/1760 1759/1759/1759
f 1760/1760/1760 1761/1761/1761 1762/1762/1762
f 1765/1765/1765 1764/1764/1764 1763/1763/1763
f 1764/1764/1764 1765/1765/1765 1766/1766/1766
f 1769/1769/1769 1768/1768/1768 1767/1767/1767
f 1768/1768/1768 1769/1769/1769 1770/1770/1770
f 1773/1773/1773 1772/1772/1772 1771/1771/1771
f 1772/1772/1772 1773/1773/1773 1774/1774/1774
f 1777/1777/1777 1776/1776/1776 1775/1775/1775
f 1776/1776/1776 1777/1777/1777 1778/1778/1778
f 1781/1781/1781 1780/1780/1780 1779/1779/1779
f 1780/1780/1780 1781/1781/1781 1782/1782/1782
f 1785/1785/1785 1784/1784/1784 1783/1783/1783
f 1784/1784/1784 1785/1785/1785 1786/1786/1786
f 1789/1789/1789 1788/1788/1788 1787/1787/1787
f 1788/1788/1788 1789/1789/1789 1790/1790/1790
f 1793/1793/1793 1792/1792/1792 1791/1791/1791
f 1792/1792/1792 1793/1793/1793 1794/1794/1794
f 1797/1797/1797 1796/1796/1796 1795/1795/1795
f 1796/1796/1796 1797/1797/1797 1798/1798/1798
f 1801/1801/1801 1800/1800/1800 1799/1799/1799
f 1800/1800/1800 1801/1801/1801 1802/1802/1802
f 1805/1805/1805 1804/1804/1804 1803/1803/1803
f 1804/1804/1804 1805/1805/1805 1806/1806/1806
f 1809/1809/1809 1808/1808/1808 1807/1807/1807
f 1808/1808/1808 1809/1809/1809 1810/1810/1810
f 1813/1813/1813 1812/1812/1812 1811/1811/1811
f 1812/1812/1812 1813/1813/1813 1814/1814/1814
f 1817/1817/1817 1816/1816/1816 1815/1815/1815
f 1816/1816/1816 1817/1817/1817 1818/1818/1818
f 1821/1821/1821 1820/1820/1820 1819/1819/1819
f 1820/1820/1820 1821/1821/1821 1822/1822/1822
f 1825/1825/1825 1824/1824/1824 1823/1823/1823
f 1824/1824/1824 1825/1825/1825 1826/1826/1826
f 1829/1829/1829 1828/1828/1828 1827/1827/1827
f 1828/1828/1828 1829/1829/1829 1830/1830/1830
f 1833/1833/1833 1832/1832/1832 1831/1831/1831
f 1832/1832/1832 1833/1833/1833 1834/1834/1834
f 1837/1837/1837 1836/1836/1836 1835/1835/1835
f 1836/1836/1836 1837/1837/1837 1838/1838/1838
f 1841/1841/1841 1840/1840/1840 1839/1839/1839
f 1840/1840/1840 1841/1841/1841 1842/1842/1842
f 1845/1845/1845 1844/1844/1844 1843/1843/1843
f 1844/1844/1844 1845/1845/1845 1846/1846/1846
f 1849/1849/1849 1848/1848/1848 1847/1847/1847
f 1848/1848/1848 1849/1849/1849 1850/1850/1850
f 1853/1853/1853 1852/1852/1852 1851/1851/1851
f 1852/1852/1852 1853/1853/1853 1854/1854/1854
f 1857/1857/1857 1856/1856/1856 1855/1855/1855
f 1856/1856/1856 1857/1857/1857 1858/1858/1858
f 1861/1861/1861 1860/1860/1860 1859/1859/1859
f 1860/1860/1860 1861/1861/1861 1862/1862/1862
f 1865/1865/1865 1864/1864/1864 1863/1863/1863
f 1864/1864/1864 1865/1865/1865 1866/1866/1866
f 1869/1869/1869 1868/1868/1868 1867/1867/1867
f 1868/1868/1868 1869/1869/1869 1870/1870/1870
f 1873/1873/1873 1872/1872/1872 1871/1871/1871
f 1872/1872/1872 1873/1873/1873 1874/1874/1874
f 1877/1877/1877 1876/1876/1876 1875/1875/1875
f 1876/1876/1876 1877/1877/1877 1878/1878/1878
f 1881/1881/1881 1880/1880/1880 1879/1879/1879
f 1880/1880/1880 1881/1881/1881 1882/1882/1882
f 1885/1885/1885 1884/1884/1884 1883/1883/1883
f 1884/1884/1884 1885/1885/1885 1886/1886/1886
f 1889/1889/1889 1888/1888/1888 1887/1887/1887
f 1888/1888/1888 1889/1889/1889 1890/1890/1890
f 1893/1893/1893 1892/1892/1892 1891/1891/1891
f 1892/1892/1892 1893/1893/1893 1894/1894/1894
f 1897/1897/1897 1896/1896/1896 1895/1895/1895
f 1896/1896/1896 1897/1897/1897 1898/1898/1898
f 1901/1901/1901 1900/1900/1900 1899/1899/1899
f 1900/1900/1900 1901/1901/1901 1902/1902/1902
f 1905/1905/1905 1904/1904/1904 1903/1903/1903
f 1904/1904/1904 1905/1905/1905 1906/1906/1906
f 1909/1909/1909 1908/1908/1908 1907/1907/1907
f 1908/1908/1908 1909/1909/1909 1910/1910/1910
f 1913/1913/1913 1912/1912/1912 1911/1911/1911
f 1912/1912/1912 1913/1913/1913 1914/1914/1914
f 1917/1917/1917 1916/1916/1916 1915/1915/1915
f 1916/1916/1916 1917/1917/1917 1918/1918/1918
f 1921/1921/1921 1920/1920/1920 1919/1919/1919
f 1920/1920/1920 1921/1921/1921 1922/1922/1922
f 1925/1925/1925 1924/1924/1924 1923/1923/1923
f 1924/1924/1924 1925/1925/1925 1926/1926/1926
f 1929/1929/1929 1928/1928/1928 1927/1927/1927
f 1928/1928/1928 1929/1929/1929 1930/1930/1930
f 1933/1933/1933 1932/1932/1932 1931/1931/1931
f 1932/1932/1932 1933/1933/1933 1934/1934/1934
f 1937/1937/1937 1936/1936/1936 1935/1935/1935
f 1936/1936/1936 1937/1937/1937 1938/1938/1938
f 1941/1941/1941 1940/1940/1940 1939/1939/1939
f 1940/1940/1940 1941/1941/1941 1942/1942/1942
f 1945/1945/1945 1944/1944/1944 1943/1943/1943
f 1944/1944/1944 1945/1945/1945 1946/1946/1946
f 1949/1949/1949 1948/1948/1948 1947/1947/1947
f 1948/1948/1948 1949/1949/1949 1950/1950/1950
f 1953/1953/1953 1952/1952/1952 1951/1951/1951
f 1952/1952/1952 1953/1953/1953 1954/1954/1954
f 1957/1957/1957 1956/1956/1956 1955/1955/1955
f 1956/1956/1956 1957/1957/1957 1958/1958/1958
f 1961/1961/1961 1960/1960/1960 1959/1959/1959
f 1960/1960/1960 1961/1961/1961 1962/1962/1962
f 1965/1965/1965 1964/1964/1964 1963/1963/1963
f 1964/1964/1964 1965/1965/1965 1966/1966/1966
f 1969/1969/1969 1968/1968/1968 1967/1967/1967
f 1968/1968/1968 1969/1969/1969 1970/1970/1970
f 1973/1973/1973 1972/1972/1972 1971/1971/1971
f 1972/1972/1972 1973/1973/1973 1974/1974/1974
f 1977/1977/1977 1976/1976/1976 1975/1975/1975
f 1976/1976/1976 1977/1977/1977 1978/1978/1978
f 1981/1981/1981 1980/1980/1980 1979/1979/1979
f 1980/1980/1980 1981/1981/1981 1982/1982/1982
f 1985/1985/1985 1984/1984/1984 1983/1983/1983
f 1984/1984/1984 1985/1985/1985 1986/1986/1986
f 1989/1989/1989 1988/1988/1988 1987/1987/1987
f 1988/1988/1988 1989/1989/1989 1990/1990/1990
f 1993/1993/1993 1992/1992/1992 1991/1991/1991
f 1992/1992/1992 1993/1993/1993 1994/1994/1994
f 1997/1997/1997 1996/1996/1996 1995/1995/1995
f 1996/1996/1996 1997/1997/1997 1998/1998/1998
f 2001/2001/2001 2000/2000/2000 1999/1999/1999
f 2000/2000/2000 2001/2001/2001 2002/2002/2002
f 2005/2005/2005 2004/2004/2004 2003/2003/2003
f 2004/2004/2004 2005/2005/2005 2006/2006/2006
f 2009/2009/2009 2008/2008/2008 2007/2007/2007
f 2008/2008/2008 2009/2009/2009 2010/2010/2010
g A005_L_001_1
f 2013/2013/2013 2012/2012/2012 2011/2011/2011
f 2012/2012/2012 2013/2013/2013 2014/2014/2014
f 2017/2017/2017 2016/2016/2016 2015/2015/2015
f 2016/2016/2016 2017/2017/2017 2018/2018/2018
f 2021/2021/2021 2020/2020/2020 2019/2019/2019
f 2020/2020/2020 2021/2021/2021 2022/2022/2022
f 2025/2025/2025 2024/2024/2024 2023/2023/2023
f 2024/2024/2024 2025/2025/2025 2026/2026/2026
f 2029/2029/2029 2028/2028/2028 2027/2027/2027
f 2028/2028/2028 2029/2029/2029 2030/2030/2030
f 2033/2033/2033 2032/2032/2032 2031/2031/2031
f 2032/2032/2032 2033/2033/2033 2034/2034/2034
f 2037/2037/2037 2036/2036/2036 2035/2035/2035
f 2036/2036/2036 2037/2037/2037 2038/2038/2038
f 2041/2041/2041 2040/2040/2040 2039/2039/2039
f 2040/2040/2040 2041/2041/2041 2042/2042/2042
f 2045/2045/2045 2044/2044/2044 2043/2043/2043
f 2044/2044/2044 2045/2045/2045 2046/2046/2046
f 2049/2049/2049 2048/2048/2048 2047/2047/2047
f 2048/2048/2048 2049/2049/2049 2050/2050/2050
f 2053/2053/2053 2052/2052/2052 2051/2051/2051
f 2052/2052/2052 2053/2053/2053 2054/2054/2054
f 2057/2057/2057 2056/2056/2056 2055/2055/2055
f 2056/2056/2056 2057/2057/2057 2058/2058/2058
f 2061/2061/2061 2060/2060/2060 2059/2059/2059
f 2060/2060/2060 2061/2061/2061 2062/2062/2062
f 2065/2065/2065 2064/2064/2064 2063/2063/2063
f 2064/2064/2064 2065/2065/2065 2066/2066/2066
f 2069/2069/2069 2068/2068/2068 2067/2067/2067
f 2068/2068/2068 2069/2069/2069 2070/2070/2070
f 2073/2073/2073 2072/2072/2072 2071/2071/2071
f 2072/2072/2072 2073/2073/2073 2074/2074/2074
f 2077/2077/2077 2076/2076/2076 2075/2075/2075
f 2076/2076/2076 2077/2077/2077 2078/2078/2078
f 2081/2081/2081 2080/2080/2080 2079/2079/2079
f 2080/2080/2080 2081/2081/2081 2082/2082/2082
f 2085/2085/2085 2084/2084/2084 2083/2083/2083
f 2084/2084/2084 2085/2085/2085 2086/2086/2086
f 2089/2089/2089 2088/2088/2088 2087/2087/2087
f 2088/2088/2088 2089/2089/2089 2090/2090/2090
f 2093/2093/2093 2092/2092/2092 2091/2091/2091
f 2092/2092/2092 2093/2093/2093 2094/2094/2094
f 2097/2097/2097 2096/2096/2096 2095/2095/2095
f 2096/2096/2096 2097/2097/2097 2098/2098/2098
f 2101/2101/2101 2100/2100/2100 2099/2099/2099
f 2100/2100/2100 2101/2101/2101 2102/2102/2102
f 2105/2105/2105 2104/2104/2104 2103/2103/2103
f 2104/2104/2104 2105/2105/2105 2106/2106/2106
f 2109/2109/2109 2108/2108/2108 2107/2107/2107
f 2108/2108/2108 2109/2109/2109 2110/2110/2110
f 2113/2113/2113 2112/2112/2112 2111/2111/2111
f 2112/2112/2112 2113/2113/2113 2114/2114/2114
f 2117/2117/2117 2116/2116/2116 2115/2115/2115
f 2116/2116/2116 2117/2117/2117 2118/2118/2118
f 2121/2121/2121 2120/2120/2120 2119/2119/2119
f 2120/2120/2120 2121/2121/2121 2122/2122/2122
f 2125/2125/2125 2124/2124/2124 2123/2123/2123
f 2124/2124/2124 2125/2125/2125 2126/2126/2126
f 2129/2129/2129 2128/2128/2128 2127/2127/2127
f 2128/2128/2128 2129/2129/2129 2130/2130/2130
f 2133/2133/2133 2132/2132/2132 2131/2131/2131
f 2132/2132/2132 2133/2133/2133 2134/2134/2134
g A005_L_001_2
f 2137/2137/2137 2136/2136/2136 2135/2135/2135
f 2140/2140/2140 2139/2139/2139 2138/2138/2138
f 2143/2143/2143 2142/2142/2142 2141/2141/2141
f 2146/2146/2146 2145/2145/2145 2144/2144/2144
f 2149/2149/2149 2148/2148/2148 2147/2147/2147
f 2152/2152/2152 2151/2151/2151 2150/2150/2150
f 2155/2155/2155 2154/2154/2154 2153/2153/2153
f 2158/2158/2158 2157/2157/2157 2156/2156/2156
f 2161/2161/2161 2160/2160/2160 2159/2159/2159
f 2164/2164/2164 2163/2163/2163 2162/2162/2162
f 2167/2167/2167 2166/2166/2166 2165/2165/2165
f 2170/2170/2170 2169/2169/2169 2168/2168/2168
f 2173/2173/2173 2172/2172/2172 2171/2171/2171
f 2176/2176/2176 2175/2175/2175 2174/2174/2174
f 2179/2179/2179 2178/2178/2178 2177/2177/2177
f 2182/2182/2182 2181/2181/2181 2180/2180/2180
f 2185/2185/2185 2184/2184/2184 2183/2183/2183
f 2188/2188/2188 2187/2187/2187 2186/2186/2186
f 2191/2191/2191 2190/2190/2190 2189/2189/2189
f 2194/2194/2194 2193/2193/2193 2192/2192/2192
f 2197/2197/2197 2196/2196/2196 2195/2195/2195
f 2200/2200/2200 2199/2199/2199 2198/2198/2198
f 2203/2203/2203 2202/2202/2202 2201/2201/2201
f 2206/2206/2206 2205/2205/2205 2204/2204/2204
f 2209/2209/2209 2208/2208/2208 2207/2207/2207
f 2212/2212/2212 2211/2211/2211 2210/2210/2210
f 2215/2215/2215 2214/2214/2214 2213/2213/2213
f 2218/2218/2218 2217/2217/2217 2216/2216/2216
f 2221/2221/2221 2220/2220/2220 2219/2219/2219
f 2224/2224/2224 2223/2223/2223 2222/2222/2222
f 2227/2227/2227 2226/2226/2226 2225/2225/2225
f 2230/2230/2230 2229/2229/2229 2228/2228/2228
f 2233/2233/2233 2232/2232/2232 2231/2231/2231
f 2236/2236/2236 2235/2235/2235 2234/2234/2234
f 2239/2239/2239 2238/2238/2238 2237/2237/2237
f 2242/2242/2242 2241/2241/2241 2240/2240/2240
f 2245/2245/2245 2244/2244/2244 2243/2243/2243
f 2248/2248/2248 2247/2247/2247 2246/2246/2246
f 2251/2251/2251 2250/2250/2250 2249/2249/2249
f 2254/2254/2254 2253/2253/2253 2252/2252/2252
f 2257/2257/2257 2256/2256/2256 2255/2255/2255
f 2260/2260/2260 2259/2259/2259 2258/2258/2258
f 2263/2263/2263 2262/2262/2262 2261/2261/2261
f 2266/2266/2266 2265/2265/2265 2264/2264/2264
f 2269/2269/2269 2268/2268/2268 2267/2267/2267
f 2272/2272/2272 2271/2271/2271 2270/2270/2270
f 2275/2275/2275 2274/2274/2274 2273/2273/2273
f 2278/2278/2278 2277/2277/2277 2276/2276/2276
f 2281/2281/2281 2280/2280/2280 2279/2279/2279
f 2284/2284/2284 2283/2283/2283 2282/2282/2282
f 2287/2287/2287 2286/2286/2286 2285/2285/2285
f 2290/2290/2290 2289/2289/2289 2288/2288/2288
f 2293/2293/2293 2292/2292/2292 2291/2291/2291
f 2296/2296/2296 2295/2295/2295 2294/2294/2294
f 2299/2299/2299 2298/2298/2298 2297/2297/2297
f 2302/2302/2302 2301/2301/2301 2300/2300/2300
f 2305/2305/2305 2304/2304/2304 2303/2303/2303
f 2308/2308/2308 2307/2307/2307 2306/2306/2306
f 2311/2311/2311 2310/2310/2310 2309/2309/2309
f 2314/2314/2314 2313/2313/2313 2312/2312/2312
f 2317/2317/2317 2316/2316/2316 2315/2315/2315
f 2320/2320/2320 2319/2319/2319 2318/2318/2318
f 2323/2323/2323 2322/2322/2322 2321/2321/2321
f 2326/2326/2326 2325/2325/2325 2324/2324/2324
f 2329/2329/2329 2328/2328/2328 2327/2327/2327
f 2332/2332/2332 2331/2331/2331 2330/2330/2330
f 2335/2335/2335 2334/2334/2334 2333/2333/2333
f 2338/2338/2338 2337/2337/2337 2336/2336/2336
f 2341/2341/2341 2340/2340/2340 2339/2339/2339
f 2344/2344/2344 2343/2343/2343 2342/2342/2342
f 2347/2347/2347 2346/2346/2346 2345/2345/2345
f 2350/2350/2350 2349/2349/2349 2348/2348/2348
f 2353/2353/2353 2352/2352/2352 2351/2351/2351
f 2356/2356/2356 2355/2355/2355 2354/2354/2354
f 2359/2359/2359 2358/2358/2358 2357/2357/2357
f 2362/2362/2362 2361/2361/2361 2360/2360/2360
f 2365/2365/2365 2364/2364/2364 2363/2363/2363
f 2368/2368/2368 2367/2367/2367 2366/2366/2366
f 2371/2371/2371 2370/2370/2370 2369/2369/2369
f 2374/2374/2374 2373/2373/2373 2372/2372/2372
f 2377/2377/2377 2376/2376/2376 2375/2375/2375
f 2380/2380/2380 2379/2379/2379 2378/2378/2378
f 2383/2383/2383 2382/2382/2382 2381/2381/2381
f 2386/2386/2386 2385/2385/2385 2384/2384/2384
f 2389/2389/2389 2388/2388/2388 2387/2387/2387
f 2392/2392/2392 2391/2391/2391 2390/2390/2390
f 2395/2395/2395 2394/2394/2394 2393/2393/2393
f 2398/2398/2398 2397/2397/2397 2396/2396/2396
f 2401/2401/2401 2400/2400/2400 2399/2399/2399
f 2404/2404/2404 2403/2403/2403 2402/2402/2402
f 2407/2407/2407 2406/2406/2406 2405/2405/2405
f 2410/2410/2410 2409/2409/2409 2408/2408/2408
f 2413/2413/2413 2412/2412/2412 2411/2411/2411
f 2416/2416/2416 2415/2415/2415 2414/2414/2414
f 2419/2419/2419 2418/2418/2418 2417/2417/2417
f 2422/2422/2422 2421/2421/2421 2420/2420/2420
f 2425/2425/2425 2424/2424/2424 2423/2423/2423
f 2428/2428/2428 2427/2427/2427 2426/2426/2426
f 2431/2431/2431 2430/2430/2430 2429/2429/2429
f 2434/2434/2434 2433/2433/2433 2432/2432/2432
f 2437/2437/2437 2436/2436/2436 2435/2435/2435
f 2440/2440/2440 2439/2439/2439 2438/2438/2438
f 2443/2443/2443 2442/2442/2442 2441/2441/2441
f 2446/2446/2446 2445/2445/2445 2444/2444/2444
f 2449/2449/2449 2448/2448/2448 2447/2447/2447
f 2452/2452/2452 2451/2451/2451 2450/2450/2450
f 2455/2455/2455 2454/2454/2454 2453/2453/2453
f 2458/2458/2458 2457/2457/2457 2456/2456/2456
f 2461/2461/2461 2460/2460/2460 2459/2459/2459
f 2464/2464/2464 2463/2463/2463 2462/2462/2462
f 2467/2467/2467 2466/2466/2466 2465/2465/2465
f 2470/2470/2470 2469/2469/2469 2468/2468/2468
f 2473/2473/2473 2472/2472/2472 2471/2471/2471
f 2476/2476/2476 2475/2475/2475 2474/2474/2474
f 2479/2479/2479 2478/2478/2478 2477/2477/2477
f 2482/2482/2482 2481/2481/2481 2480/2480/2480
f 2485/2485/2485 2484/2484/2484 2483/2483/2483
f 2488/2488/2488 2487/2487/2487 2486/2486/2486
f 2491/2491/2491 2490/2490/2490 2489/2489/2489
f 2494/2494/2494 2493/2493/2493 2492/2492/2492
f 2497/2497/2497 2496/2496/2496 2495/2495/2495
f 2500/2500/2500 2499/2499/2499 2498/2498/2498
f 2503/2503/2503 2502/2502/2502 2501/2501/2501
f 2506/2506/2506 2505/2505/2505 2504/2504/2504
f 2509/2509/2509 2508/2508/2508 2507/2507/2507
f 2512/2512/2512 2511/2511/2511 2510/2510/2510
f 2515/2515/2515 2514/2514/2514 2513/2513/2513
f 2518/2518/2518 2517/2517/2517 2516/2516/2516
f 2521/2521/2521 2520/2520/2520 2519/2519/2519
f 2524/2524/2524 2523/2523/2523 2522/2522/2522
f 2527/2527/2527 2526/2526/2526 2525/2525/2525
f 2530/2530/2530 2529/2529/2529 2528/2528/2528
f 2533/2533/2533 2532/2532/2532 2531/2531/2531
f 2536/2536/2536 2535/2535/2535 2534/2534/2534
f 2539/2539/2539 2538/2538/2538 2537/2537/2537
f 2542/2542/2542 2541/2541/2541 2540/2540/2540
f 2545/2545/2545 2544/2544/2544 2543/2543/2543
f 2548/2548/2548 2547/2547/2547 2546/2546/2546
f 2551/2551/2551 2550/2550/2550 2549/2549/2549
f 2554/2554/2554 2553/2553/2553 2552/2552/2552
f 2557/2557/2557 2556/2556/2556 2555/2555/2555
f 2560/2560/2560 2559/2559/2559 2558/2558/2558
f 2563/2563/2563 2562/2562/2562 2561/2561/2561
f 2566/2566/2566 2565/2565/2565 2564/2564/2564
f 2569/2569/2569 2568/2568/2568 2567/2567/2567
f 2572/2572/2572 2571/2571/2571 2570/2570/2570
f 2575/2575/2575 2574/2574/2574 2573/2573/2573
f 2578/2578/2578 2577/2577/2577 2576/2576/2576
f 2581/2581/2581 2580/2580/2580 2579/2579/2579
f 2584/2584/2584 2583/2583/2583 2582/2582/2582
f 2587/2587/2587 2586/2586/2586 2585/2585/2585
f 2590/2590/2590 2589/2589/2589 2588/2588/2588
f 2593/2593/2593 2592/2592/2592 2591/2591/2591
f 2596/2596/2596 2595/2595/2595 2594/2594/2594
f 2599/2599/2599 2598/2598/2598 2597/2597/2597
f 2602/2602/2602 2601/2601/2601 2600/2600/2600
f 2605/2605/2605 2604/2604/2604 2603/2603/2603
f 2608/2608/2608 2607/2607/2607 2606/2606/2606
f 2611/2611/2611 2610/2610/2610 2609/2609/2609
f 2614/2614/2614 2613/2613/2613 2612/2612/2612
f 2617/2617/2617 2616/2616/2616 2615/2615/2615
f 2620/2620/2620 2619/2619/2619 2618/2618/2618
f 2623/2623/2623 2622/2622/2622 2621/2621/2621
f 2626/2626/2626 2625/2625/2625 2624/2624/2624
f 2629/2629/2629 2628/2628/2628 2627/2627/2627
f 2632/2632/2632 2631/2631/2631 2630/2630/2630
f 2635/2635/2635 2634/2634/2634 2633/2633/2633
f 2638/2638/2638 2637/2637/2637 2636/2636/2636
f 2641/2641/2641 2640/2640/2640 2639/2639/2639
f 2644/2644/2644 2643/2643/2643 2642/2642/2642
f 2647/2647/2647 2646/2646/2646 2645/2645/2645
f 2650/2650/2650 2649/2649/2649 2648/2648/2648
f 2653/2653/2653 2652/2652/2652 2651/2651/2651
f 2656/2656/2656 2655/2655/2655 2654/2654/2654
f 2659/2659/2659 2658/2658/2658 2657/2657/2657
f 2662/2662/2662 2661/2661/2661 2660/2660/2660
f 2665/2665/2665 2664/2664/2664 2663/2663/2663
f 2668/2668/2668 2667/2667/2667 2666/2666/2666
f 2671/2671/2671 2670/2670/2670 2669/2669/2669
f 2674/2674/2674 2673/2673/2673 2672/2672/2672
f 2677/2677/2677 2676/2676/2676 2675/2675/2675
f 2680/2680/2680 2679/2679/2679 2678/2678/2678
f 2683/2683/2683 2682/2682/2682 2681/2681/2681
f 2686/2686/2686 2685/2685/2685 2684/2684/2684
f 2689/2689/2689 2688/2688/2688 2687/2687/2687
f 2692/2692/2692 2691/2691/2691 2690/2690/2690
f 2695/2695/2695 2694/2694/2694 2693/2693/2693
f 2698/2698/2698 2697/2697/2697 2696/2696/2696
f 2701/2701/2701 2700/2700/2700 2699/2699/2699
f 2704/2704/2704 2703/2703/2703 2702/2702/2702
f 2707/2707/2707 2706/2706/2706 2705/2705/2705
f 2710/2710/2710 2709/2709/2709 2708/2708/2708
f 2713/2713/2713 2712/2712/2712 2711/2711/2711
f 2716/2716/2716 2715/2715/2715 2714/2714/2714
f 2719/2719/2719 2718/2718/2718 2717/2717/2717
f 2722/2722/2722 2721/2721/2721 2720/2720/2720
f 2721/2721/2721 2722/2722/2722 2723/2723/2723
f 2726/2726/2726 2725/2725/2725 2724/2724/2724
f 2725/2725/2725 2726/2726/2726 2727/2727/2727
f 2730/2730/2730 2729/2729/2729 2728/2728/2728
f 2729/2729/2729 2730/2730/2730 2731/2731/2731
f 2734/2734/2734 2733/2733/2733 2732/2732/2732
f 2733/2733/2733 2734/2734/2734 2735/2735/2735
f 2738/2738/2738 2737/2737/2737 2736/2736/2736
f 2737/2737/2737 2738/2738/2738 2739/2739/2739
f 2742/2742/2742 2741/2741/2741 2740/2740/2740
f 2741/2741/2741 2742/2742/2742 2743/2743/2743
f 2746/2746/2746 2745/2745/2745 2744/2744/2744
f 2745/2745/2745 2746/2746/2746 2747/2747/2747
f 2750/2750/2750 2749/2749/2749 2748/2748/2748
f 2749/2749/2749 2750/2750/2750 2751/2751/2751
f 2754/2754/2754 2753/2753/2753 2752/2752/2752
f 2753/2753/2753 2754/2754/2754 2755/2755/2755
f 2758/2758/2758 2757/2757/2757 2756/2756/2756
f 2757/2757/2757 2758/2758/2758 2759/2759/2759
f 2762/2762/2762 2761/2761/2761 2760/2760/2760
f 2761/2761/2761 2762/2762/2762 2763/2763/2763
f 2766/2766/2766 2765/2765/2765 2764/2764/2764
f 2765/2765/2765 2766/2766/2766 2767/2767/2767
f 2770/2770/2770 2769/2769/2769 2768/2768/2768
f 2769/2769/2769 2770/2770/2770 2771/2771/2771
f 2774/2774/2774 2773/2773/2773 2772/2772/2772
f 2773/2773/2773 2774/2774/2774 2775/2775/2775
f 2778/2778/2778 2777/2777/2777 2776/2776/2776
f 2777/2777/2777 2778/2778/2778 2779/2779/2779
f 2782/2782/2782 2781/2781/2781 2780/2780/2780
f 2781/2781/2781 2782/2782/2782 2783/2783/2783
f 2786/2786/2786 2785/2785/2785 2784/2784/2784
f 2785/2785/2785 2786/2786/2786 2787/2787/2787
f 2790/2790/2790 2789/2789/2789 2788/2788/2788
f 2789/2789/2789 2790/2790/2790 2791/2791/2791
f 2794/2794/2794 2793/2793/2793 2792/2792/2792
f 2793/2793/2793 2794/2794/2794 2795/2795/2795
f 2798/2798/2798 2797/2797/2797 2796/2796/2796
f 2797/2797/2797 2798/2798/2798 2799/2799/2799
f 2802/2802/2802 2801/2801/2801 2800/2800/2800
f 2803/2803/2803 2800/2800/2800 2801/2801/2801
f 2800/2800/2800 2803/2803/2803 2804/2804/2804
f 2807/2807/2807 2806/2806/2806 2805/2805/2805
f 2808/2808/2808 2805/2805/2805 2806/2806/2806
f 2805/2805/2805 2808/2808/2808 2809/2809/2809
f 2812/2812/2812 2811/2811/2811 2810/2810/2810
f 2811/2811/2811 2812/2812/2812 2813/2813/2813
f 2816/2816/2816 2815/2815/2815 2814/2814/2814
f 2815/2815/2815 2816/2816/2816 2817/2817/2817
f 2820/2820/2820 2819/2819/2819 2818/2818/2818
f 2819/2819/2819 2820/2820/2820 2821/2821/2821
f 2824/2824/2824 2823/2823/2823 2822/2822/2822
f 2823/2823/2823 2824/2824/2824 2825/2825/2825
f 2828/2828/2828 2827/2827/2827 2826/2826/2826
f 2827/2827/2827 2828/2828/2828 2829/2829/2829
f 2832/2832/2832 2831/2831/2831 2830/2830/2830
f 2831/2831/2831 2832/2832/2832 2833/2833/2833
f 2836/2836/2836 2835/2835/2835 2834/2834/2834
f 2835/2835/2835 2836/2836/2836 2837/2837/2837
f 2840/2840/2840 2839/2839/2839 2838/2838/2838
f 2839/2839/2839 2840/2840/2840 2841/2841/2841
f 2844/2844/2844 2843/2843/2843 2842/2842/2842
f 2843/2843/2843 2844/2844/2844 2845/2845/2845
f 2848/2848/2848 2847/2847/2847 2846/2846/2846
f 2847/2847/2847 2848/2848/2848 2849/2849/2849
f 2852/2852/2852 2851/2851/2851 2850/2850/2850
f 2851/2851/2851 2852/2852/2852 2853/2853/2853
f 2856/2856/2856 2855/2855/2855 2854/2854/2854
f 2855/2855/2855 2856/2856/2856 2857/2857/2857
f 2860/2860/2860 2859/2859/2859 2858/2858/2858
f 2859/2859/2859 2860/2860/2860 2861/2861/2861
f 2864/2864/2864 2863/2863/2863 2862/2862/2862
f 2863/2863/2863 2864/2864/2864 2865/2865/2865
f 2868/2868/2868 2867/2867/2867 2866/2866/2866
f 2867/2867/2867 2868/2868/2868 2869/2869/2869
f 2872/2872/2872 2871/2871/2871 2870/2870/2870
f 2871/2871/2871 2872/2872/2872 2873/2873/2873
f 2876/2876/2876 2875/2875/2875 2874/2874/2874
f 2875/2875/2875 2876/2876/2876 2877/2877/2877
f 2880/2880/2880 2879/2879/2879 2878/2878/2878
f 2879/2879/2879 2880/2880/2880 2881/2881/2881
f 2884/2884/2884 2883/2883/2883 2882/2882/2882
f 2883/2883/2883 2884/2884/2884 2885/2885/2885
f 2888/2888/2888 2887/2887/2887 2886/2886/2886
f 2887/2887/2887 2888/2888/2888 2889/2889/2889
f 2892/2892/2892 2891/2891/2891 2890/2890/2890
f 2891/2891/2891 2892/2892/2892 2893/2893/2893
f 2896/2896/2896 2895/2895/2895 2894/2894/2894
f 2895/2895/2895 2896/2896/2896 2897/2897/2897
f 2900/2900/2900 2899/2899/2899 2898/2898/2898
f 2899/2899/2899 2900/2900/2900 2901/2901/2901
f 2904/2904/2904 2903/2903/2903 2902/2902/2902
f 2903/2903/2903 2904/2904/2904 2905/2905/2905
f 2908/2908/2908 2907/2907/2907 2906/2906/2906
f 2907/2907/2907 2908/2908/2908 2909/2909/2909
f 2912/2912/2912 2911/2911/2911 2910/2910/2910
f 2911/2911/2911 2912/2912/2912 2913/2913/2913
f 2916/2916/2916 2915/2915/2915 2914/2914/2914
f 2915/2915/2915 2916/2916/2916 2917/2917/2917
f 2920/2920/2920 2919/2919/2919 2918/2918/2918
f 2919/2919/2919 2920/2920/2920 2921/2921/2921
f 2924/2924/2924 2923/2923/2923 2922/2922/2922
f 2923/2923/2923 2924/2924/2924 2925/2925/2925
f 2928/2928/2928 2927/2927/2927 2926/2926/2926
f 2927/2927/2927 2928/2928/2928 2929/2929/2929
f 2932/2932/2932 2931/2931/2931 2930/2930/2930
f 2931/2931/2931 2932/2932/2932 2933/2933/2933
f 2936/2936/2936 2935/2935/2935 2934/2934/2934
f 2935/2935/2935 2936/2936/2936 2937/2937/2937
f 2940/2940/2940 2939/2939/2939 2938/2938/2938
f 2939/2939/2939 2940/2940/2940 2941/2941/2941
f 2944/2944/2944 2943/2943/2943 2942/2942/2942
f 2943/2943/2943 2944/2944/2944 2945/2945/2945
f 2948/2948/2948 2947/2947/2947 2946/2946/2946
f 2947/2947/2947 2948/2948/2948 2949/2949/2949
f 2952/2952/2952 2951/2951/2951 2950/2950/2950
f 2951/2951/2951 2952/2952/2952 2953/2953/2953
f 2956/2956/2956 2955/2955/2955 2954/2954/2954
f 2955/2955/2955 2956/2956/2956 2957/2957/2957
f 2960/2960/2960 2959/2959/2959 2958/2958/2958
f 2959/2959/2959 2960/2960/2960 2961/2961/2961
f 2964/2964/2964 2963/2963/2963 2962/2962/2962
f 2963/2963/2963 2964/2964/2964 2965/2965/2965
f 2968/2968/2968 2967/2967/2967 2966/2966/2966
f 2967/2967/2967 2968/2968/2968 2969/2969/2969
f 2972/2972/2972 2971/2971/2971 2970/2970/2970
f 2971/2971/2971 2972/2972/2972 2973/2973/2973
f 2976/2976/2976 2975/2975/2975 2974/2974/2974
f 2975/2975/2975 2976/2976/2976 2977/2977/2977
f 2980/2980/2980 2979/2979/2979 2978/2978/2978
f 2979/2979/2979 2980/2980/2980 2981/2981/2981
f 2984/2984/2984 2983/2983/2983 2982/2982/2982
f 2983/2983/2983 2984/2984/2984 2985/2985/2985
f 2988/2988/2988 2987/2987/2987 2986/2986/2986
f 2987/2987/2987 2988/2988/2988 2989/2989/2989
f 2992/2992/2992 2991/2991/2991 2990/2990/2990
f 2991/2991/2991 2992/2992/2992 2993/2993/2993
f 2996/2996/2996 2995/2995/2995 2994/2994/2994
f 2995/2995/2995 2996/2996/2996 2997/2997/2997
f 3000/3000/3000 2999/2999/2999 2998/2998/2998
f 2999/2999/2999 3000/3000/3000 3001/3001/3001
f 3004/3004/3004 3003/3003/3003 3002/3002/3002
f 3003/3003/3003 3004/3004/3004 3005/3005/3005
f 3008/3008/3008 3007/3007/3007 3006/3006/3006
f 3007/3007/3007 3008/3008/3008 3009/3009/3009
f 3012/3012/3012 3011/3011/3011 3010/3010/3010
f 3011/3011/3011 3012/3012/3012 3013/3013/3013
f 3016/3016/3016 3015/3015/3015 3014/3014/3014
f 3015/3015/3015 3016/3016/3016 3017/3017/3017
f 3020/3020/3020 3019/3019/3019 3018/3018/3018
f 3020/3020/3020 3021/3021/3021 3019/3019/3019
f 3024/3024/3024 3023/3023/3023 3022/3022/3022
f 3023/3023/3023 3024/3024/3024 3025/3025/3025
f 3028/3028/3028 3027/3027/3027 3026/3026/3026
f 3027/3027/3027 3028/3028/3028 3029/3029/3029
f 3032/3032/3032 3031/3031/3031 3030/3030/3030
f 3031/3031/3031 3032/3032/3032 3033/3033/3033
f 3036/3036/3036 3035/3035/3035 3034/3034/3034
f 3035/3035/3035 3036/3036/3036 3037/3037/3037
f 3040/3040/3040 3039/3039/3039 3038/3038/3038
f 3039/3039/3039 3040/3040/3040 3041/3041/3041
f 3044/3044/3044 3043/3043/3043 3042/3042/3042
f 3045/3045/3045 3044/3044/3044 3042/3042/3042
f 3048/3048/3048 3047/3047/3047 3046/3046/3046
f 3047/3047/3047 3048/3048/3048 3049/3049/3049
f 3052/3052/3052 3051/3051/3051 3050/3050/3050
f 3051/3051/3051 3052/3052/3052 3053/3053/3053
f 3056/3056/3056 3055/3055/3055 3054/3054/3054
f 3055/3055/3055 3056/3056/3056 3057/3057/3057
f 3060/3060/3060 3059/3059/3059 3058/3058/3058
f 3059/3059/3059 3060/3060/3060 3061/3061/3061
f 3064/3064/3064 3063/3063/3063 3062/3062/3062
f 3063/3063/3063 3064/3064/3064 3065/3065/3065
f 3068/3068/3068 3067/3067/3067 3066/3066/3066
f 3067/3067/3067 3068/3068/3068 3069/3069/3069
f 3072/3072/3072 3071/3071/3071 3070/3070/3070
f 3071/3071/3071 3072/3072/3072 3073/3073/3073
f 3076/3076/3076 3075/3075/3075 3074/3074/3074
f 3075/3075/3075 3076/3076/3076 3077/3077/3077
f 3080/3080/3080 3079/3079/3079 3078/3078/3078
f 3079/3079/3079 3080/3080/3080 3081/3081/3081
f 3084/3084/3084 3083/3083/3083 3082/3082/3082
f 3083/3083/3083 3084/3084/3084 3085/3085/3085
f 3088/3088/3088 3087/3087/3087 3086/3086/3086
f 3087/3087/3087 3088/3088/3088 3089/3089/3089
f 3092/3092/3092 3091/3091/3091 3090/3090/3090
f 3091/3091/3091 3092/3092/3092 3093/3093/3093
f 3096/3096/3096 3095/3095/3095 3094/3094/3094
f 3095/3095/3095 3096/3096/3096 3097/3097/3097
f 3100/3100/3100 3099/3099/3099 3098/3098/3098
f 3099/3099/3099 3100/3100/3100 3101/3101/3101
f 3104/3104/3104 3103/3103/3103 3102/3102/3102
f 3103/3103/3103 3104/3104/3104 3105/3105/3105
f 3108/3108/3108 3107/3107/3107 3106/3106/3106
f 3107/3107/3107 3108/3108/3108 3109/3109/3109
f 3112/3112/3112 3111/3111/3111 3110/3110/3110
f 3111/3111/3111 3112/3112/3112 3113/3113/3113
f 3116/3116/3116 3115/3115/3115 3114/3114/3114
f 3115/3115/3115 3116/3116/3116 3117/3117/3117
f 3120/3120/3120 3119/3119/3119 3118/3118/3118
f 3119/3119/3119 3120/3120/3120 3121/3121/3121
f 3124/3124/3124 3123/3123/3123 3122/3122/3122
f 3123/3123/3123 3124/3124/3124 3125/3125/3125
f 3128/3128/3128 3127/3127/3127 3126/3126/3126
f 3127/3127/3127 3128/3128/3128 3129/3129/3129
f 3132/3132/3132 3131/3131/3131 3130/3130/3130
f 3131/3131/3131 3132/3132/3132 3133/3133/3133
f 3136/3136/3136 3135/3135/3135 3134/3134/3134
f 3135/3135/3135 3136/3136/3136 3137/3137/3137
f 3140/3140/3140 3139/3139/3139 3138/3138/3138
f 3139/3139/3139 3140/3140/3140 3141/3141/3141
f 3144/3144/3144 3143/3143/3143 3142/3142/3142
f 3143/3143/3143 3144/3144/3144 3145/3145/3145
f 3148/3148/3148 3147/3147/3147 3146/3146/3146
f 3147/3147/3147 3148/3148/3148 3149/3149/3149
f 3152/3152/3152 3151/3151/3151 3150/3150/3150
f 3151/3151/3151 3152/3152/3152 3153/3153/3153
f 3156/3156/3156 3155/3155/3155 3154/3154/3154
f 3155/3155/3155 3156/3156/3156 3157/3157/3157
f 3160/3160/3160 3159/3159/3159 3158/3158/3158
f 3159/3159/3159 3160/3160/3160 3161/3161/3161
f 3164/3164/3164 3163/3163/3163 3162/3162/3162
f 3163/3163/3163 3164/3164/3164 3165/3165/3165
f 3168/3168/3168 3167/3167/3167 3166/3166/3166
f 3167/3167/3167 3168/3168/3168 3169/3169/3169
f 3172/3172/3172 3171/3171/3171 3170/3170/3170
f 3171/3171/3171 3172/3172/3172 3173/3173/3173
f 3176/3176/3176 3175/3175/3175 3174/3174/3174
f 3175/3175/3175 3176/3176/3176 3177/3177/3177
f 3180/3180/3180 3179/3179/3179 3178/3178/3178
f 3179/3179/3179 3180/3180/3180 3181/3181/3181
f 3184/3184/3184 3183/3183/3183 3182/3182/3182
f 3183/3183/3183 3184/3184/3184 3185/3185/3185
f 3188/3188/3188 3187/3187/3187 3186/3186/3186
f 3187/3187/3187 3188/3188/3188 3189/3189/3189
f 3192/3192/3192 3191/3191/3191 3190/3190/3190
f 3191/3191/3191 3192/3192/3192 3193/3193/3193
f 3196/3196/3196 3195/3195/3195 3194/3194/3194
f 3195/3195/3195 3196/3196/3196 3197/3197/3197
f 3200/3200/3200 3199/3199/3199 3198/3198/3198
f 3199/3199/3199 3200/3200/3200 3201/3201/3201
f 3204/3204/3204 3203/3203/3203 3202/3202/3202
f 3203/3203/3203 3204/3204/3204 3205/3205/3205
f 3208/3208/3208 3207/3207/3207 3206/3206/3206
f 3207/3207/3207 3208/3208/3208 3209/3209/3209
f 3212/3212/3212 3211/3211/3211 3210/3210/3210
f 3211/3211/3211 3212/3212/3212 3213/3213/3213
f 3216/3216/3216 3215/3215/3215 3214/3214/3214
f 3215/3215/3215 3216/3216/3216 3217/3217/3217
f 3220/3220/3220 3219/3219/3219 3218/3218/3218
f 3219/3219/3219 3220/3220/3220 3221/3221/3221
f 3224/3224/3224 3223/3223/3223 3222/3222/3222
f 3223/3223/3223 3224/3224/3224 3225/3225/3225
f 3228/3228/3228 3227/3227/3227 3226/3226/3226
f 3227/3227/3227 3228/3228/3228 3229/3229/3229
f 3232/3232/3232 3231/3231/3231 3230/3230/3230
f 3231/3231/3231 3232/3232/3232 3233/3233/3233
f 3236/3236/3236 3235/3235/3235 3234/3234/3234
f 3235/3235/3235 3236/3236/3236 3237/3237/3237
f 3240/3240/3240 3239/3239/3239 3238/3238/3238
f 3239/3239/3239 3240/3240/3240 3241/3241/3241
f 3244/3244/3244 3243/3243/3243 3242/3242/3242
f 3243/3243/3243 3244/3244/3244 3245/3245/3245
f 3248/3248/3248 3247/3247/3247 3246/3246/3246
f 3247/3247/3247 3248/3248/3248 3249/3249/3249
f 3252/3252/3252 3251/3251/3251 3250/3250/3250
f 3251/3251/3251 3252/3252/3252 3253/3253/3253
f 3256/3256/3256 3255/3255/3255 3254/3254/3254
f 3255/3255/3255 3256/3256/3256 3257/3257/3257
f 3260/3260/3260 3259/3259/3259 3258/3258/3258
f 3259/3259/3259 3260/3260/3260 3261/3261/3261
f 3264/3264/3264 3263/3263/3263 3262/3262/3262
f 3263/3263/3263 3264/3264/3264 3265/3265/3265
f 3268/3268/3268 3267/3267/3267 3266/3266/3266
f 3267/3267/3267 3268/3268/3268 3269/3269/3269
f 3272/3272/3272 3271/3271/3271 3270/3270/3270
f 3271/3271/3271 3272/3272/3272 3273/3273/3273
f 3276/3276/3276 3275/3275/3275 3274/3274/3274
f 3275/3275/3275 3276/3276/3276 3277/3277/3277
f 3280/3280/3280 3279/3279/3279 3278/3278/3278
f 3279/3279/3279 3280/3280/3280 3281/3281/3281
f 3284/3284/3284 3283/3283/3283 3282/3282/3282
f 3283/3283/3283 3284/3284/3284 3285/3285/3285
f 3288/3288/3288 3287/3287/3287 3286/3286/3286
f 3287/3287/3287 3288/3288/3288 3289/3289/3289
f 3292/3292/3292 3291/3291/3291 3290/3290/3290
f 3291/3291/3291 3292/3292/3292 3293/3293/3293
f 3296/3296/3296 3295/3295/3295 3294/3294/3294
f 3295/3295/3295 3296/3296/3296 3297/3297/3297
f 3300/3300/3300 3299/3299/3299 3298/3298/3298
f 3299/3299/3299 3300/3300/3300 3301/3301/3301
f 3304/3304/3304 3303/3303/3303 3302/3302/3302
f 3303/3303/3303 3304/3304/3304 3305/3305/3305
f 3308/3308/3308 3307/3307/3307 3306/3306/3306
f 3307/3307/3307 3308/3308/3308 3309/3309/3309
f 3312/3312/3312 3311/3311/3311 3310/3310/3310
f 3311/3311/3311 3312/3312/3312 3313/3313/3313
f 3316/3316/3316 3315/3315/3315 3314/3314/3314
f 3315/3315/3315 3316/3316/3316 3317/3317/3317
f 3320/3320/3320 3319/3319/3319 3318/3318/3318
f 3319/3319/3319 3320/3320/3320 3321/3321/3321
f 3324/3324/3324 3323/3323/3323 3322/3322/3322
f 3323/3323/3323 3324/3324/3324 3325/3325/3325
f 3328/3328/3328 3327/3327/3327 3326/3326/3326
f 3327/3327/3327 3328/3328/3328 3329/3329/3329
f 3332/3332/3332 3331/3331/3331 3330/3330/3330
f 3331/3331/3331 3332/3332/3332 3333/3333/3333
f 3336/3336/3336 3335/3335/3335 3334/3334/3334
f 3335/3335/3335 3336/3336/3336 3337/3337/3337
f 3340/3340/3340 3339/3339/3339 3338/3338/3338
f 3339/3339/3339 3340/3340/3340 3341/3341/3341
f 3344/3344/3344 3343/3343/3343 3342/3342/3342
f 3343/3343/3343 3344/3344/3344 3345/3345/3345
f 3348/3348/3348 3347/3347/3347 3346/3346/3346
f 3347/3347/3347 3348/3348/3348 3349/3349/3349
f 3352/3352/3352 3351/3351/3351 3350/3350/3350
f 3351/3351/3351 3352/3352/3352 3353/3353/3353
f 3356/3356/3356 3355/3355/3355 3354/3354/3354
f 3355/3355/3355 3356/3356/3356 3357/3357/3357
f 3360/3360/3360 3359/3359/3359 3358/3358/3358
f 3359/3359/3359 3360/3360/3360 3361/3361/3361
f 3364/3364/3364 3363/3363/3363 3362/3362/3362
f 3363/3363/3363 3364/3364/3364 3365/3365/3365
f 3368/3368/3368 3367/3367/3367 3366/3366/3366
f 3367/3367/3367 3368/3368/3368 3369/3369/3369
f 3372/3372/3372 3371/3371/3371 3370/3370/3370
f 3371/3371/3371 3372/3372/3372 3373/3373/3373
f 3376/3376/3376 3375/3375/3375 3374/3374/3374
f 3375/3375/3375 3376/3376/3376 3377/3377/3377
f 3380/3380/3380 3379/3379/3379 3378/3378/3378
f 3379/3379/3379 3380/3380/3380 3381/3381/3381
f 3384/3384/3384 3383/3383/3383 3382/3382/3382
f 3383/3383/3383 3384/3384/3384 3385/3385/3385
f 3388/3388/3388 3387/3387/3387 3386/3386/3386
f 3387/3387/3387 3388/3388/3388 3389/3389/3389
f 3392/3392/3392 3391/3391/3391 3390/3390/3390
f 3391/3391/3391 3392/3392/3392 3393/3393/3393
f 3396/3396/3396 3395/3395/3395 3394/3394/3394
f 3395/3395/3395 3396/3396/3396 3397/3397/3397
f 3400/3400/3400 3399/3399/3399 3398/3398/3398
f 3399/3399/3399 3400/3400/3400 3401/3401/3401
f 3404/3404/3404 3403/3403/3403 3402/3402/3402
f 3403/3403/3403 3404/3404/3404 3405/3405/3405
f 3408/3408/3408 3407/3407/3407 3406/3406/3406
f 3407/3407/3407 3408/3408/3408 3409/3409/3409
f 3412/3412/3412 3411/3411/3411 3410/3410/3410
f 3411/3411/3411 3412/3412/3412 3413/3413/3413
f 3416/3416/3416 3415/3415/3415 3414/3414/3414
f 3415/3415/3415 3416/3416/3416 3417/3417/3417
f 3420/3420/3420 3419/3419/3419 3418/3418/3418
f 3419/3419/3419 3420/3420/3420 3421/3421/3421
f 3424/3424/3424 3423/3423/3423 3422/3422/3422
f 3423/3423/3423 3424/3424/3424 3425/3425/3425
f 3428/3428/3428 3427/3427/3427 3426/3426/3426
f 3427/3427/3427 3428/3428/3428 3429/3429/3429
f 3432/3432/3432 3431/3431/3431 3430/3430/3430
f 3431/3431/3431 3432/3432/3432 3433/3433/3433
f 3436/3436/3436 3435/3435/3435 3434/3434/3434
f 3435/3435/3435 3436/3436/3436 3437/3437/3437
f 3440/3440/3440 3439/3439/3439 3438/3438/3438
f 3439/3439/3439 3440/3440/3440 3441/3441/3441
f 3444/3444/3444 3443/3443/3443 3442/3442/3442
f 3443/3443/3443 3444/3444/3444 3445/3445/3445
f 3448/3448/3448 3447/3447/3447 3446/3446/3446
f 3447/3447/3447 3448/3448/3448 3449/3449/3449
f 3452/3452/3452 3451/3451/3451 3450/3450/3450
f 3451/3451/3451 3452/3452/3452 3453/3453/3453
f 3456/3456/3456 3455/3455/3455 3454/3454/3454
f 3455/3455/3455 3456/3456/3456 3457/3457/3457
f 3460/3460/3460 3459/3459/3459 3458/3458/3458
f 3459/3459/3459 3460/3460/3460 3461/3461/3461
f 3464/3464/3464 3463/3463/3463 3462/3462/3462
f 3463/3463/3463 3464/3464/3464 3465/3465/3465
f 3468/3468/3468 3467/3467/3467 3466/3466/3466
f 3467/3467/3467 3468/3468/3468 3469/3469/3469
f 3472/3472/3472 3471/3471/3471 3470/3470/3470
f 3471/3471/3471 3472/3472/3472 3473/3473/3473
f 3476/3476/3476 3475/3475/3475 3474/3474/3474
f 3475/3475/3475 3476/3476/3476 3477/3477/3477
f 3480/3480/3480 3479/3479/3479 3478/3478/3478
f 3479/3479/3479 3480/3480/3480 3481/3481/3481
f 3484/3484/3484 3483/3483/3483 3482/3482/3482
f 3483/3483/3483 3484/3484/3484 3485/3485/3485
f 3488/3488/3488 3487/3487/3487 3486/3486/3486
f 3487/3487/3487 3488/3488/3488 3489/3489/3489
f 3492/3492/3492 3491/3491/3491 3490/3490/3490
f 3491/3491/3491 3492/3492/3492 3493/3493/3493
f 3496/3496/3496 3495/3495/3495 3494/3494/3494
f 3495/3495/3495 3496/3496/3496 3497/3497/3497
f 3500/3500/3500 3499/3499/3499 3498/3498/3498
f 3499/3499/3499 3500/3500/3500 3501/3501/3501
f 3504/3504/3504 3503/3503/3503 3502/3502/3502
f 3503/3503/3503 3504/3504/3504 3505/3505/3505
f 3508/3508/3508 3507/3507/3507 3506/3506/3506
f 3507/3507/3507 3508/3508/3508 3509/3509/3509
f 3512/3512/3512 3511/3511/3511 3510/3510/3510
f 3511/3511/3511 3512/3512/3512 3513/3513/3513
f 3516/3516/3516 3515/3515/3515 3514/3514/3514
f 3515/3515/3515 3516/3516/3516 3517/3517/3517
f 3520/3520/3520 3519/3519/3519 3518/3518/3518
f 3519/3519/3519 3520/3520/3520 3521/3521/3521
f 3524/3524/3524 3523/3523/3523 3522/3522/3522
f 3523/3523/3523 3524/3524/3524 3525/3525/3525
f 3528/3528/3528 3527/3527/3527 3526/3526/3526
f 3527/3527/3527 3528/3528/3528 3529/3529/3529
f 3532/3532/3532 3531/3531/3531 3530/3530/3530
f 3531/3531/3531 3532/3532/3532 3533/3533/3533
f 3536/3536/3536 3535/3535/3535 3534/3534/3534
f 3535/3535/3535 3536/3536/3536 3537/3537/3537
f 3540/3540/3540 3539/3539/3539 3538/3538/3538
f 3539/3539/3539 3540/3540/3540 3541/3541/3541
f 3544/3544/3544 3543/3543/3543 3542/3542/3542
f 3543/3543/3543 3544/3544/3544 3545/3545/3545
f 3548/3548/3548 3547/3547/3547 3546/3546/3546
f 3547/3547/3547 3548/3548/3548 3549/3549/3549
f 3552/3552/3552 3551/3551/3551 3550/3550/3550
f 3551/3551/3551 3552/3552/3552 3553/3553/3553
f 3556/3556/3556 3555/3555/3555 3554/3554/3554
f 3555/3555/3555 3556/3556/3556 3557/3557/3557
f 3560/3560/3560 3559/3559/3559 3558/3558/3558
f 3559/3559/3559 3560/3560/3560 3561/3561/3561
f 3564/3564/3564 3563/3563/3563 3562/3562/3562
f 3563/3563/3563 3564/3564/3564 3565/3565/3565
f 3568/3568/3568 3567/3567/3567 3566/3566/3566
f 3567/3567/3567 3568/3568/3568 3569/3569/3569
f 3572/3572/3572 3571/3571/3571 3570/3570/3570
f 3571/3571/3571 3572/3572/3572 3573/3573/3573
f 3576/3576/3576 3575/3575/3575 3574/3574/3574
f 3575/3575/3575 3576/3576/3576 3577/3577/3577
f 3580/3580/3580 3579/3579/3579 3578/3578/3578
f 3579/3579/3579 3580/3580/3580 3581/3581/3581
f 3584/3584/3584 3583/3583/3583 3582/3582/3582
f 3583/3583/3583 3584/3584/3584 3585/3585/3585
f 3588/3588/3588 3587/3587/3587 3586/3586/3586
f 3587/3587/3587 3588/3588/3588 3589/3589/3589
f 3592/3592/3592 3591/3591/3591 3590/3590/3590
f 3591/3591/3591 3592/3592/3592 3593/3593/3593
f 3596/3596/3596 3595/3595/3595 3594/3594/3594
f 3595/3595/3595 3596/3596/3596 3597/3597/3597
f 3600/3600/3600 3599/3599/3599 3598/3598/3598
f 3599/3599/3599 3600/3600/3600 3601/3601/3601
f 3604/3604/3604 3603/3603/3603 3602/3602/3602
f 3603/3603/3603 3604/3604/3604 3605/3605/3605
f 3608/3608/3608 3607/3607/3607 3606/3606/3606
f 3607/3607/3607 3608/3608/3608 3609/3609/3609
f 3612/3612/3612 3611/3611/3611 3610/3610/3610
f 3611/3611/3611 3612/3612/3612 3613/3613/3613
f 3616/3616/3616 3615/3615/3615 3614/3614/3614
f 3615/3615/3615 3616/3616/3616 3617/3617/3617
f 3620/3620/3620 3619/3619/3619 3618/3618/3618
f 3619/3619/3619 3620/3620/3620 3621/3621/3621
f 3624/3624/3624 3623/3623/3623 3622/3622/3622
f 3623/3623/3623 3624/3624/3624 3625/3625/3625
f 3628/3628/3628 3627/3627/3627 3626/3626/3626
f 3627/3627/3627 3628/3628/3628 3629/3629/3629
f 3632/3632/3632 3631/3631/3631 3630/3630/3630
f 3631/3631/3631 3632/3632/3632 3633/3633/3633
f 3636/3636/3636 3635/3635/3635 3634/3634/3634
f 3635/3635/3635 3636/3636/3636 3637/3637/3637
f 3640/3640/3640 3639/3639/3639 3638/3638/3638
f 3639/3639/3639 3640/3640/3640 3641/3641/3641
f 3644/3644/3644 3643/3643/3643 3642/3642/3642
f 3643/3643/3643 3644/3644/3644 3645/3645/3645
f 3648/3648/3648 3647/3647/3647 3646/3646/3646
f 3647/3647/3647 3648/3648/3648 3649/3649/3649
f 3652/3652/3652 3651/3651/3651 3650/3650/3650
f 3651/3651/3651 3652/3652/3652 3653/3653/3653
f 3656/3656/3656 3655/3655/3655 3654/3654/3654
f 3655/3655/3655 3656/3656/3656 3657/3657/3657
f 3660/3660/3660 3659/3659/3659 3658/3658/3658
f 3659/3659/3659 3660/3660/3660 3661/3661/3661
f 3664/3664/3664 3663/3663/3663 3662/3662/3662
f 3663/3663/3663 3664/3664/3664 3665/3665/3665
f 3668/3668/3668 3667/3667/3667 3666/3666/3666
f 3667/3667/3667 3668/3668/3668 3669/3669/3669
f 3672/3672/3672 3671/3671/3671 3670/3670/3670
f 3671/3671/3671 3672/3672/3672 3673/3673/3673
f 3676/3676/3676 3675/3675/3675 3674/3674/3674
f 3675/3675/3675 3676/3676/3676 3677/3677/3677
f 3680/3680/3680 3679/3679/3679 3678/3678/3678
f 3679/3679/3679 3680/3680/3680 3681/3681/3681
f 3684/3684/3684 3683/3683/3683 3682/3682/3682
f 3683/3683/3683 3684/3684/3684 3685/3685/3685
f 3688/3688/3688 3687/3687/3687 3686/3686/3686
f 3687/3687/3687 3688/3688/3688 3689/3689/3689
f 3692/3692/3692 3691/3691/3691 3690/3690/3690
f 3691/3691/3691 3692/3692/3692 3693/3693/3693
f 3696/3696/3696 3695/3695/3695 3694/3694/3694
f 3695/3695/3695 3696/3696/3696 3697/3697/3697
f 3700/3700/3700 3699/3699/3699 3698/3698/3698
f 3699/3699/3699 3700/3700/3700 3701/3701/3701
f 3704/3704/3704 3703/3703/3703 3702/3702/3702
f 3703/3703/3703 3704/3704/3704 3705/3705/3705
f 3708/3708/3708 3707/3707/3707 3706/3706/3706
f 3707/3707/3707 3708/3708/3708 3709/3709/3709
f 3712/3712/3712 3711/3711/3711 3710/3710/3710
f 3711/3711/3711 3712/3712/3712 3713/3713/3713
f 3716/3716/3716 3715/3715/3715 3714/3714/3714
f 3715/3715/3715 3716/3716/3716 3717/3717/3717
f 3720/3720/3720 3719/3719/3719 3718/3718/3718
f 3719/3719/3719 3720/3720/3720 3721/3721/3721
f 3724/3724/3724 3723/3723/3723 3722/3722/3722
f 3723/3723/3723 3724/3724/3724 3725/3725/3725
f 3728/3728/3728 3727/3727/3727 3726/3726/3726
f 3727/3727/3727 3728/3728/3728 3729/3729/3729
f 3732/3732/3732 3731/3731/3731 3730/3730/3730
f 3731/3731/3731 3732/3732/3732 3733/3733/3733
f 3736/3736/3736 3735/3735/3735 3734/3734/3734
f 3735/3735/3735 3736/3736/3736 3737/3737/3737
f 3740/3740/3740 3739/3739/3739 3738/3738/3738
f 3739/3739/3739 3740/3740/3740 3741/3741/3741
f 3744/3744/3744 3743/3743/3743 3742/3742/3742
f 3743/3743/3743 3744/3744/3744 3745/3745/3745
f 3748/3748/3748 3747/3747/3747 3746/3746/3746
f 3747/3747/3747 3748/3748/3748 3749/3749/3749
f 3752/3752/3752 3751/3751/3751 3750/3750/3750
f 3751/3751/3751 3752/3752/3752 3753/3753/3753
f 3756/3756/3756 3755/3755/3755 3754/3754/3754
f 3755/3755/3755 3756/3756/3756 3757/3757/3757
f 3760/3760/3760 3759/3759/3759 3758/3758/3758
f 3759/3759/3759 3760/3760/3760 3761/3761/3761
f 3764/3764/3764 3763/3763/3763 3762/3762/3762
f 3763/3763/3763 3764/3764/3764 3765/3765/3765
f 3768/3768/3768 3767/3767/3767 3766/3766/3766
f 3767/3767/3767 3768/3768/3768 3769/3769/3769
f 3772/3772/3772 3771/3771/3771 3770/3770/3770
f 3771/3771/3771 3772/3772/3772 3773/3773/3773
f 3776/3776/3776 3775/3775/3775 3774/3774/3774
f 3775/3775/3775 3776/3776/3776 3777/3777/3777
f 3780/3780/3780 3779/3779/3779 3778/3778/3778
f 3779/3779/3779 3780/3780/3780 3781/3781/3781
f 3784/3784/3784 3783/3783/3783 3782/3782/3782
f 3783/3783/3783 3784/3784/3784 3785/3785/3785
f 3788/3788/3788 3787/3787/3787 3786/3786/3786
f 3787/3787/3787 3788/3788/3788 3789/3789/3789
f 3792/3792/3792 3791/3791/3791 3790/3790/3790
f 3791/3791/3791 3792/3792/3792 3793/3793/3793
f 3796/3796/3796 3795/3795/3795 3794/3794/3794
f 3795/3795/3795 3796/3796/3796 3797/3797/3797
f 3800/3800/3800 3799/3799/3799 3798/3798/3798
f 3799/3799/3799 3800/3800/3800 3801/3801/3801
f 3804/3804/3804 3803/3803/3803 3802/3802/3802
f 3803/3803/3803 3804/3804/3804 3805/3805/3805
f 3808/3808/3808 3807/3807/3807 3806/3806/3806
f 3807/3807/3807 3808/3808/3808 3809/3809/3809
f 3812/3812/3812 3811/3811/3811 3810/3810/3810
f 3811/3811/3811 3812/3812/3812 3813/3813/3813
f 3816/3816/3816 3815/3815/3815 3814/3814/3814
f 3815/3815/3815 3816/3816/3816 3817/3817/3817
f 3820/3820/3820 3819/3819/3819 3818/3818/3818
f 3819/3819/3819 3820/3820/3820 3821/3821/3821
f 3824/3824/3824 3823/3823/3823 3822/3822/3822
f 3823/3823/3823 3824/3824/3824 3825/3825/3825
f 3828/3828/3828 3827/3827/3827 3826/3826/3826
f 3827/3827/3827 3828/3828/3828 3829/3829/3829
f 3832/3832/3832 3831/3831/3831 3830/3830/3830
f 3831/3831/3831 3832/3832/3832 3833/3833/3833
f 3836/3836/3836 3835/3835/3835 3834/3834/3834
f 3835/3835/3835 3836/3836/3836 3837/3837/3837
f 3840/3840/3840 3839/3839/3839 3838/3838/3838
f 3839/3839/3839 3840/3840/3840 3841/3841/3841
f 3844/3844/3844 3843/3843/3843 3842/3842/3842
f 3843/3843/3843 3844/3844/3844 3845/3845/3845
f 3848/3848/3848 3847/3847/3847 3846/3846/3846
f 3847/3847/3847 3848/3848/3848 3849/3849/3849
f 3852/3852/3852 3851/3851/3851 3850/3850/3850
f 3851/3851/3851 3852/3852/3852 3853/3853/3853
f 3856/3856/3856 3855/3855/3855 3854/3854/3854
f 3855/3855/3855 3856/3856/3856 3857/3857/3857
f 3860/3860/3860 3859/3859/3859 3858/3858/3858
f 3859/3859/3859 3860/3860/3860 3861/3861/3861
f 3864/3864/3864 3863/3863/3863 3862/3862/3862
f 3863/3863/3863 3864/3864/3864 3865/3865/3865
f 3868/3868/3868 3867/3867/3867 3866/3866/3866
f 3867/3867/3867 3868/3868/3868 3869/3869/3869
f 3872/3872/3872 3871/3871/3871 3870/3870/3870
f 3871/3871/3871 3872/3872/3872 3873/3873/3873
f 3876/3876/3876 3875/3875/3875 3874/3874/3874
f 3875/3875/3875 3876/3876/3876 3877/3877/3877
f 3880/3880/3880 3879/3879/3879 3878/3878/3878
f 3879/3879/3879 3880/3880/3880 3881/3881/3881
f 3884/3884/3884 3883/3883/3883 3882/3882/3882
f 3883/3883/3883 3884/3884/3884 3885/3885/3885
f 3888/3888/3888 3887/3887/3887 3886/3886/3886
f 3887/3887/3887 3888/3888/3888 3889/3889/3889
f 3892/3892/3892 3891/3891/3891 3890/3890/3890
f 3891/3891/3891 3892/3892/3892 3893/3893/3893
f 3896/3896/3896 3895/3895/3895 3894/3894/3894
f 3895/3895/3895 3896/3896/3896 3897/3897/3897
f 3900/3900/3900 3899/3899/3899 3898/3898/3898
f 3899/3899/3899 3900/3900/3900 3901/3901/3901
f 3904/3904/3904 3903/3903/3903 3902/3902/3902
f 3903/3903/3903 3904/3904/3904 3905/3905/3905
f 3908/3908/3908 3907/3907/3907 3906/3906/3906
f 3907/3907/3907 3908/3908/3908 3909/3909/3909
f 3912/3912/3912 3911/3911/3911 3910/3910/3910
f 3911/3911/3911 3912/3912/3912 3913/3913/3913
f 3916/3916/3916 3915/3915/3915 3914/3914/3914
f 3915/3915/3915 3916/3916/3916 3917/3917/3917
f 3920/3920/3920 3919/3919/3919 3918/3918/3918
f 3919/3919/3919 3920/3920/3920 3921/3921/3921
f 3924/3924/3924 3923/3923/3923 3922/3922/3922
f 3923/3923/3923 3924/3924/3924 3925/3925/3925
f 3928/3928/3928 3927/3927/3927 3926/3926/3926
f 3927/3927/3927 3928/3928/3928 3929/3929/3929
f 3932/3932/3932 3931/3931/3931 3930/3930/3930
f 3931/3931/3931 3932/3932/3932 3933/3933/3933
f 3936/3936/3936 3935/3935/3935 3934/3934/3934
f 3935/3935/3935 3936/3936/3936 3937/3937/3937
f 3940/3940/3940 3939/3939/3939 3938/3938/3938
f 3939/3939/3939 3940/3940/3940 3941/3941/3941
f 3944/3944/3944 3943/3943/3943 3942/3942/3942
f 3943/3943/3943 3944/3944/3944 3945/3945/3945
f 3948/3948/3948 3947/3947/3947 3946/3946/3946
f 3947/3947/3947 3948/3948/3948 3949/3949/3949
f 3952/3952/3952 3951/3951/3951 3950/3950/3950
f 3951/3951/3951 3952/3952/3952 3953/3953/3953
f 3956/3956/3956 3955/3955/3955 3954/3954/3954
f 3955/3955/3955 3956/3956/3956 3957/3957/3957
f 3960/3960/3960 3959/3959/3959 3958/3958/3958
f 3959/3959/3959 3960/3960/3960 3961/3961/3961
f 3964/3964/3964 3963/3963/3963 3962/3962/3962
f 3963/3963/3963 3964/3964/3964 3965/3965/3965
f 3968/3968/3968 3967/3967/3967 3966/3966/3966
f 3967/3967/3967 3968/3968/3968 3969/3969/3969
f 3972/3972/3972 3971/3971/3971 3970/3970/3970
f 3971/3971/3971 3972/3972/3972 3973/3973/3973
f 3976/3976/3976 3975/3975/3975 3974/3974/3974
f 3975/3975/3975 3976/3976/3976 3977/3977/3977
f 3980/3980/3980 3979/3979/3979 3978/3978/3978
f 3979/3979/3979 3980/3980/3980 3981/3981/3981
f 3984/3984/3984 3983/3983/3983 3982/3982/3982
f 3983/3983/3983 3984/3984/3984 3985/3985/3985
f 3988/3988/3988 3987/3987/3987 3986/3986/3986
f 3987/3987/3987 3988/3988/3988 3989/3989/3989
f 3992/3992/3992 3991/3991/3991 3990/3990/3990
f 3991/3991/3991 3992/3992/3992 3993/3993/3993
f 3996/3996/3996 3995/3995/3995 3994/3994/3994
f 3995/3995/3995 3996/3996/3996 3997/3997/3997
f 4000/4000/4000 3999/3999/3999 3998/3998/3998
f 3999/3999/3999 4000/4000/4000 4001/4001/4001
f 4004/4004/4004 4003/4003/4003 4002/4002/4002
f 4003/4003/4003 4004/4004/4004 4005/4005/4005
f 4008/4008/4008 4007/4007/4007 4006/4006/4006
f 4007/4007/4007 4008/4008/4008 4009/4009/4009
f 4012/4012/4012 4011/4011/4011 4010/4010/4010
f 4011/4011/4011 4012/4012/4012 4013/4013/4013
f 4016/4016/4016 4015/4015/4015 4014/4014/4014
f 4015/4015/4015 4016/4016/4016 4017/4017/4017
f 4020/4020/4020 4019/4019/4019 4018/4018/4018
f 4019/4019/4019 4020/4020/4020 4021/4021/4021
f 4024/4024/4024 4023/4023/4023 4022/4022/4022
f 4023/4023/4023 4024/4024/4024 4025/4025/4025
f 4028/4028/4028 4027/4027/4027 4026/4026/4026
f 4027/4027/4027 4028/4028/4028 4029/4029/4029
f 4032/4032/4032 4031/4031/4031 4030/4030/4030
f 4031/4031/4031 4032/4032/4032 4033/4033/4033
f 4036/4036/4036 4035/4035/4035 4034/4034/4034
f 4035/4035/4035 4036/4036/4036 4037/4037/4037
f 4040/4040/4040 4039/4039/4039 4038/4038/4038
f 4039/4039/4039 4040/4040/4040 4041/4041/4041
f 4044/4044/4044 4043/4043/4043 4042/4042/4042
f 4043/4043/4043 4044/4044/4044 4045/4045/4045
f 4048/4048/4048 4047/4047/4047 4046/4046/4046
f 4047/4047/4047 4048/4048/4048 4049/4049/4049
f 4052/4052/4052 4051/4051/4051 4050/4050/4050
f 4051/4051/4051 4052/4052/4052 4053/4053/4053
f 4056/4056/4056 4055/4055/4055 4054/4054/4054
f 4055/4055/4055 4056/4056/4056 4057/4057/4057
f 4060/4060/4060 4059/4059/4059 4058/4058/4058
f 4059/4059/4059 4060/4060/4060 4061/4061/4061
g A005_L_001_3
f 4064/4064/4064 4063/4063/4063 4062/4062/4062
f 4067/4067/4067 4066/4066/4066 4065/4065/4065
f 4066/4066/4066 4067/4067/4067 4068/4068/4068
f 4071/4071/4071 4070/4070/4070 4069/4069/4069
f 4070/4070/4070 4071/4071/4071 4072/4072/4072
f 4075/4075/4075 4074/4074/4074 4073/4073/4073
f 4074/4074/4074 4075/4075/4075 4076/4076/4076
f 4079/4079/4079 4078/4078/4078 4077/4077/4077
f 4078/4078/4078 4079/4079/4079 4080/4080/4080
f 4083/4083/4083 4082/4082/4082 4081/4081/4081
f 4082/4082/4082 4083/4083/4083 4084/4084/4084
f 4087/4087/4087 4086/4086/4086 4085/4085/4085
f 4086/4086/4086 4087/4087/4087 4088/4088/4088
f 4091/4091/4091 4090/4090/4090 4089/4089/4089
f 4092/4092/4092 4090/4090/4090 4091/4091/4091
f 4095/4095/4095 4094/4094/4094 4093/4093/4093
f 4096/4096/4096 4095/4095/4095 4093/4093/4093
f 4099/4099/4099 4098/4098/4098 4097/4097/4097
f 4098/4098/4098 4099/4099/4099 4100/4100/4100
f 4103/4103/4103 4102/4102/4102 4101/4101/4101
f 4102/4102/4102 4103/4103/4103 4104/4104/4104
f 4107/4107/4107 4106/4106/4106 4105/4105/4105
f 4106/4106/4106 4107/4107/4107 4108/4108/4108
f 4111/4111/4111 4110/4110/4110 4109/4109/4109
f 4110/4110/4110 4111/4111/4111 4112/4112/4112
f 4115/4115/4115 4114/4114/4114 4113/4113/4113
f 4114/4114/4114 4115/4115/4115 4116/4116/4116
f 4119/4119/4119 4118/4118/4118 4117/4117/4117
f 4118/4118/4118 4119/4119/4119 4120/4120/4120
f 4123/4123/4123 4122/4122/4122 4121/4121/4121
f 4122/4122/4122 4123/4123/4123 4124/4124/4124
f 4127/4127/4127 4126/4126/4126 4125/4125/4125
f 4126/4126/4126 4127/4127/4127 4128/4128/4128
f 4131/4131/4131 4130/4130/4130 4129/4129/4129
f 4130/4130/4130 4131/4131/4131 4132/4132/4132
f 4135/4135/4135 4134/4134/4134 4133/4133/4133
f 4134/4134/4134 4135/4135/4135 4136/4136/4136
f 4139/4139/4139 4138/4138/4138 4137/4137/4137
f 4138/4138/4138 4139/4139/4139 4140/4140/4140
f 4143/4143/4143 4142/4142/4142 4141/4141/4141
f 4142/4142/4142 4143/4143/4143 4144/4144/4144
f 4147/4147/4147 4146/4146/4146 4145/4145/4145
f 4146/4146/4146 4147/4147/4147 4148/4148/4148
f 4151/4151/4151 4150/4150/4150 4149/4149/4149
f 4150/4150/4150 4151/4151/4151 4152/4152/4152
f 4155/4155/4155 4154/4154/4154 4153/4153/4153
f 4154/4154/4154 4155/4155/4155 4156/4156/4156
f 4159/4159/4159 4158/4158/4158 4157/4157/4157
f 4158/4158/4158 4159/4159/4159 4160/4160/4160
f 4163/4163/4163 4162/4162/4162 4161/4161/4161
f 4162/4162/4162 4163/4163/4163 4164/4164/4164
f 4167/4167/4167 4166/4166/4166 4165/4165/4165
f 4166/4166/4166 4167/4167/4167 4168/4168/4168
f 4171/4171/4171 4170/4170/4170 4169/4169/4169
f 4170/4170/4170 4171/4171/4171 4172/4172/4172
f 4175/4175/4175 4174/4174/4174 4173/4173/4173
f 4174/4174/4174 4175/4175/4175 4176/4176/4176
f 4179/4179/4179 4178/4178/4178 4177/4177/4177
f 4178/4178/4178 4179/4179/4179 4180/4180/4180
f 4183/4183/4183 4182/4182/4182 4181/4181/4181
f 4182/4182/4182 4183/4183/4183 4184/4184/4184
f 4187/4187/4187 4186/4186/4186 4185/4185/4185
f 4186/4186/4186 4187/4187/4187 4188/4188/4188
