g A005_B001
v 3.732601 -13.018367 -1.8495685
v 3.7358718 2.307455 -1.8632861
v 3.9528995 -13.018367 -1.9719146
v 3.9561603 2.307455 -1.9856347
v 3.9528995 -13.018367 -1.9719146
v 3.7358718 2.307455 -1.8632861
v -1.6950146 3.0118582 4.629024
v -1.6880603 -6.3299875 4.6525354
v -2.239281 3.0118592 4.508758
v -2.2323418 -6.329989 4.5322742
v -2.239281 3.0118592 4.508758
v -1.6880603 -6.3299875 4.6525354
v 8.554146 -6.329993 0.9329397
v 8.547206 3.011857 0.90942746
v 8.930732 -6.3299937 0.4859317
v 8.92379 3.0118563 0.4624182
v 8.930732 -6.3299937 0.4859317
v 8.547206 3.011857 0.90942746
v -5.4580936 3.0118876 -4.8751326
v -5.458097 -6.329967 -4.875138
v -5.081489 3.0118876 -5.322137
v -5.08151 -6.3299646 -5.3221445
v -5.081489 3.0118876 -5.322137
v -5.458097 -6.329967 -4.875138
v 5.160713 3.0118878 -9.041734
v 5.1606817 -6.329967 -9.041733
v 5.7049804 3.011887 -8.92147
v 5.7049594 -6.3299623 -8.921478
v 5.7049804 3.011887 -8.92147
v 5.1606817 -6.329967 -9.041733
v -6.5652857 0.018566284 2.9278905
v -6.5694885 -10.857676 2.9490716
v -6.9404306 0.01856842 2.611267
v -6.944646 -10.857678 2.6324432
v -6.9404306 0.01856842 2.611267
v -6.5694885 -10.857676 2.9490716
v 1.6323923 -10.857678 4.126326
v 1.636607 0.018564148 4.1051526
v 2.1090598 -10.857678 3.9319701
v 2.113275 0.018564453 3.9107945
v 2.1090598 -10.857678 3.9319701
v 1.636607 0.018564148 4.1051526
v -4.945229 0.018592224 -11.494068
v -4.945231 -10.8576565 -11.494075
v -4.4685507 0.018591918 -11.688417
v -4.468563 -10.8576565 -11.68843
v -4.4685507 0.018591918 -11.688417
v -4.945231 -10.8576565 -11.494075
v 3.73333 0.018590698 -10.511163
v 3.7333038 -10.8576565 -10.511171
v 4.1084766 0.018591309 -10.194538
v 4.1084623 -10.8576565 -10.194549
v 4.1084766 0.018591309 -10.194538
v 3.7333038 -10.8576565 -10.511171
v 6.5740705 -14.334337 8.041564
v 6.578856 -5.967569 8.019073
v 6.946724 -14.520714 7.839696
v 6.9514956 -5.96757 7.8171997
v 6.946724 -14.520714 7.839696
v 6.578856 -5.967569 8.019073
v -6.4756927 -5.9675193 -15.234456
v -6.4756985 -14.334307 -15.234437
v -6.1030436 -5.9675183 -15.436325
v -6.1030493 -14.520688 -15.4363365
v -6.1030436 -5.9675183 -15.436325
v -6.4756985 -14.334307 -15.234437
v 6.946724 -14.520714 7.839696
v 6.631671 -14.889757 7.7701964
v 6.5740705 -14.334337 8.041564
v -11.3044405 -14.334321 3.5085847
v -11.047099 -14.334331 3.84952
v -10.989458 -14.889755 3.5781507
v 11.518109 -14.58215 -11.244225
v 11.460423 -14.889711 -10.97285
v 11.775435 -14.582163 -10.9033575
v -6.1030493 -14.520688 -15.4363365
v -6.4756985 -14.334307 -15.234437
v -6.160731 -14.889709 -15.164937
v 11.460423 -14.889711 -10.97285
v 6.631671 -14.889757 7.7701964
v 11.775435 -14.582163 -10.9033575
v 6.946724 -14.520714 7.839696
v 11.775435 -14.582163 -10.9033575
v 6.631671 -14.889757 7.7701964
v -6.160731 -14.889709 -15.164937
v 11.460423 -14.889711 -10.97285
v -6.1030493 -14.520688 -15.4363365
v 11.518109 -14.58215 -11.244225
v -6.1030493 -14.520688 -15.4363365
v 11.460423 -14.889711 -10.97285
v -0.14370635 -14.4208765 -4.221173
v -0.43041533 -14.676271 -4.290969
v -0.50018734 -14.4208765 -4.004238
v -11.4154005 -14.4208765 -7.1476793
v -11.198506 -14.420878 -6.791188
v -11.128708 -14.676271 -7.0778947
v 2.3939722 -14.420869 -14.3935175
v 2.3242028 -14.676261 -14.106835
v 2.6109025 -14.420869 -14.037063
v -8.304326 -14.420868 -17.180464
v -8.660801 -14.420868 -16.96355
v -8.374106 -14.676261 -16.893785
v -9.581279 -12.87904 -3.306143
v -9.634618 -10.409045 -3.499885
v -9.336994 -12.900829 -3.5111666
v -9.390325 -10.43083 -3.7049034
v -9.336994 -12.900829 -3.5111666
v -9.634618 -10.409045 -3.499885
v -9.336994 -12.900829 -3.5111666
v -9.56657 -13.033332 -3.5202289
v -9.581279 -12.87904 -3.306143
v -14.029179 -12.779415 -4.0237684
v -13.823259 -12.769489 -3.7794564
v -13.808544 -12.923787 -3.9935422
v -9.012776 -13.324047 -10.145447
v -9.036433 -13.446633 -9.910208
v -8.8068695 -13.314129 -9.90115
v -13.254758 -13.214501 -10.6187525
v -13.499045 -13.192719 -10.41374
v -13.27842 -13.33709 -10.383516
v -2.5880916 -14.29509 4.725409
v -2.8700883 -14.550487 4.638511
v -2.956966 -14.29509 4.9205284
v -13.663541 -14.295089 1.1268071
v -13.468463 -14.295094 1.4956905
v -13.381561 -14.550485 1.2136943
v 0.55631715 -14.295076 -5.2760425
v 0.4694458 -14.550468 -4.994073
v 0.7514343 -14.295076 -4.907194
v -9.95516 -14.295075 -8.700879
v -10.324027 -14.295075 -8.505778
v -10.042042 -14.5504675 -8.418911
v -5.592269 -12.1622505 -0.416864
v -5.7230735 -2.3165503 -0.47636136
v -5.339347 -12.164543 -0.61233765
v -5.470144 -2.3188384 -0.67183167
v -5.339347 -12.164543 -0.61233765
v -5.7230735 -2.3165503 -0.47636136
v -5.339347 -12.164543 -0.61233765
v -5.563662 -12.303662 -0.6383142
v -5.592269 -12.1622505 -0.416864
v -10.428292 -12.165769 -0.8535846
v -10.232807 -12.163014 -0.6006677
v -10.204194 -12.304423 -0.82211727
v -5.428992 -12.201972 -5.7735267
v -5.45782 -12.33834 -5.546598
v -5.2335167 -12.1992235 -5.520625
v -10.069531 -12.202735 -5.957324
v -10.322454 -12.200449 -5.7618613
v -10.098364 -12.339107 -5.730399
v -3.9736874 -4.525982 10.136802
v -4.082989 1.7139013 9.92935
v -3.4520931 -4.5317545 10.13732
v -3.561391 1.7081293 9.929881
v -3.4520931 -4.5317545 10.13732
v -4.082989 1.7139013 9.92935
v -3.4520931 -4.5317545 10.13732
v -3.7155263 -4.8826423 9.879688
v -3.9736874 -4.525982 10.136802
v -8.285594 -4.534847 5.055738
v -8.286095 -4.527907 5.5773363
v -8.0279255 -4.8845716 5.320232
v 1.2810446 -4.626163 4.9140134
v 1.0171261 -4.970106 5.1779695
v 1.2805475 -4.6192317 5.4355803
v -3.0313704 -4.628081 0.35455015
v -3.5529547 -4.6223207 0.35401672
v -3.2952902 -4.9720416 0.61849606
v 10.185791 -9.058865 3.1631005
v 10.174243 5.6040697 3.1319237
v 10.422226 -9.058867 2.6477344
v 10.410679 5.6040697 2.6165624
v 10.422226 -9.058867 2.6477344
v 10.174243 5.6040697 3.1319237
v 10.422226 -9.058867 2.6477344
v 10.046328 -9.459814 2.787197
v 10.185791 -9.058865 3.1631005
v 0.27787596 -9.058872 5.8033056
v 0.79324216 -9.058865 6.0397654
v 0.65378904 -9.528584 5.6638575
v 7.276533 -9.015744 -6.7812085
v 7.415991 -9.488269 -6.405305
v 7.7918944 -9.015752 -6.544763
v -2.1160107 -9.015748 -3.9045482
v -2.352451 -9.015753 -3.3891919
v -1.9765723 -9.488265 -3.5286424
v 7.415991 -9.488269 -6.405305
v 10.046328 -9.459814 2.787197
v 7.7918944 -9.015752 -6.544763
v 10.422226 -9.058867 2.6477344
v 7.7918944 -9.015752 -6.544763
v 10.046328 -9.459814 2.787197
v 10.046328 -9.459814 2.787197
v 0.65378904 -9.528584 5.6638575
v 10.185791 -9.058865 3.1631005
v 0.79324216 -9.058865 6.0397654
v 10.185791 -9.058865 3.1631005
v 0.65378904 -9.528584 5.6638575
v 3.7358718 2.307455 -1.8632861
v 3.732601 -13.018367 -1.8495685
v -4.630278 2.3074536 -4.3956776
v -4.6335387 -13.018368 -4.3819604
v -4.771932 2.307456 -4.604093
v -4.7751913 -13.018368 -4.590376
v -1.7266967 2.3074658 -17.492588
v -1.7266955 -13.018358 -17.492596
v -1.5063958 2.3074658 -17.614923
v -1.5063964 -13.018358 -17.614937
v 6.859742 2.3074663 -15.082539
v 6.8597317 -13.018346 -15.08255
v 7.001397 2.3074663 -14.874129
v 7.0013995 -13.018346 -14.874141
v 3.9561603 2.307455 -1.9856347
v 3.9528995 -13.018367 -1.9719146
v -4.630278 2.3074536 -4.3956776
v -4.6335387 -13.018368 -4.3819604
v -4.771932 2.307456 -4.604093
v -4.7751913 -13.018368 -4.590376
v -1.7266967 2.3074658 -17.492588
v -1.7266955 -13.018358 -17.492596
v -1.5063958 2.3074658 -17.614923
v -1.5063964 -13.018358 -17.614937
v 6.859742 2.3074663 -15.082539
v 6.8597317 -13.018346 -15.08255
v 7.001397 2.3074663 -14.874129
v 7.0013995 -13.018346 -14.874141
v 8.547206 3.011857 0.90942746
v 8.554146 -6.329993 0.9329397
v -1.6950146 3.0118582 4.629024
v -1.6880603 -6.3299875 4.6525354
v -2.239281 3.0118592 4.508758
v -2.2323418 -6.329989 4.5322742
v -5.4580936 3.0118876 -4.8751326
v -5.458097 -6.329967 -4.875138
v -5.081489 3.0118876 -5.322137
v -5.08151 -6.3299646 -5.3221445
v 5.160713 3.0118878 -9.041734
v 5.1606817 -6.329967 -9.041733
v 5.7049804 3.011887 -8.92147
v 5.7049594 -6.3299623 -8.921478
v 8.92379 3.0118563 0.4624182
v 8.930732 -6.3299937 0.4859317
v 1.636607 0.018564148 4.1051526
v 1.6323923 -10.857678 4.126326
v -6.5652857 0.018566284 2.9278905
v -6.5694885 -10.857676 2.9490716
v -6.9404306 0.01856842 2.611267
v -6.944646 -10.857678 2.6324432
v -4.945229 0.018592224 -11.494068
v -4.945231 -10.8576565 -11.494075
v -4.4685507 0.018591918 -11.688417
v -4.468563 -10.8576565 -11.68843
v 3.73333 0.018590698 -10.511163
v 3.7333038 -10.8576565 -10.511171
v 4.1084766 0.018591309 -10.194538
v 4.1084623 -10.8576565 -10.194549
v 2.113275 0.018564453 3.9107945
v 2.1090598 -10.857678 3.9319701
v 6.578856 -5.967569 8.019073
v 6.5740705 -14.334337 8.041564
v -11.042332 -5.9675694 3.8270063
v -11.047099 -14.334331 3.84952
v -11.299645 -5.9675694 3.486069
v -11.3044405 -14.334321 3.5085847
v -6.4756927 -5.9675193 -15.234456
v -6.4756985 -14.334307 -15.234437
v -6.1030436 -5.9675183 -15.436325
v -6.1030493 -14.520688 -15.4363365
v 11.51809 -5.967523 -11.244271
v 11.518109 -14.58215 -11.244225
v 11.775445 -5.9675217 -10.903348
v 11.775435 -14.582163 -10.9033575
v 6.9514956 -5.96757 7.8171997
v 6.946724 -14.520714 7.839696
v -11.042332 -5.9675694 3.8270063
v -11.047099 -14.334331 3.84952
v -11.299645 -5.9675694 3.486069
v -11.3044405 -14.334321 3.5085847
v 11.51809 -5.967523 -11.244271
v 11.518109 -14.58215 -11.244225
v 11.775445 -5.9675217 -10.903348
v 11.775435 -14.582163 -10.9033575
v -10.989458 -14.889755 3.5781507
v -6.160731 -14.889709 -15.164937
v -11.3044405 -14.334321 3.5085847
v -6.4756985 -14.334307 -15.234437
v 6.631671 -14.889757 7.7701964
v -10.989458 -14.889755 3.5781507
v 6.5740705 -14.334337 8.041564
v -11.047099 -14.334331 3.84952
v -0.49437103 -8.950244 -4.0280433
v -0.50018734 -14.4208765 -4.004238
v -11.192705 -8.950243 -6.814973
v -11.198506 -14.420878 -6.791188
v -11.409614 -8.950243 -7.171466
v -11.4154005 -14.4208765 -7.1476793
v -8.660792 -8.950241 -16.963547
v -8.660801 -14.420868 -16.96355
v -8.304327 -8.950243 -17.180464
v -8.304326 -14.420868 -17.180464
v 2.3940027 -8.95024 -14.393533
v 2.3939722 -14.420869 -14.3935175
v 2.6109216 -8.950243 -14.037048
v 2.6109025 -14.420869 -14.037063
v -0.13789612 -8.950244 -4.2449675
v -0.14370635 -14.4208765 -4.221173
v -11.192705 -8.950243 -6.814973
v -11.198506 -14.420878 -6.791188
v -11.409614 -8.950243 -7.171466
v -11.4154005 -14.4208765 -7.1476793
v -0.50018734 -14.4208765 -4.004238
v -0.49437103 -8.950244 -4.0280433
v -0.14370635 -14.4208765 -4.221173
v -0.13789612 -8.950244 -4.2449675
v -8.660792 -8.950241 -16.963547
v -8.660801 -14.420868 -16.96355
v -8.304327 -8.950243 -17.180464
v -8.304326 -14.420868 -17.180464
v 2.3940027 -8.95024 -14.393533
v 2.3939722 -14.420869 -14.3935175
v 2.6109216 -8.950243 -14.037048
v 2.6109025 -14.420869 -14.037063
v 2.3242028 -14.676261 -14.106835
v -0.43041533 -14.676271 -4.290969
v 2.6109025 -14.420869 -14.037063
v -0.14370635 -14.4208765 -4.221173
v -8.374106 -14.676261 -16.893785
v 2.3242028 -14.676261 -14.106835
v -8.304326 -14.420868 -17.180464
v 2.3939722 -14.420869 -14.3935175
v -11.128708 -14.676271 -7.0778947
v -8.374106 -14.676261 -16.893785
v -11.4154005 -14.4208765 -7.1476793
v -8.660801 -14.420868 -16.96355
v -0.43041533 -14.676271 -4.290969
v -11.128708 -14.676271 -7.0778947
v -0.50018734 -14.4208765 -4.004238
v -11.198506 -14.420878 -6.791188
v -9.634618 -10.409045 -3.499885
v -9.581279 -12.87904 -3.306143
v -13.742066 -10.303596 -3.9685516
v -13.823259 -12.769489 -3.7794564
v -13.947977 -10.313513 -4.2128596
v -14.029179 -12.779415 -4.0237684
v -13.41944 -10.725491 -10.584202
v -13.499045 -13.192719 -10.41374
v -13.175149 -10.747277 -10.789213
v -13.254758 -13.214501 -10.6187525
v -9.067697 -10.852733 -10.320537
v -9.012776 -13.324047 -10.145447
v -8.861789 -10.842814 -10.076239
v -8.8068695 -13.314129 -9.90115
v -9.390325 -10.43083 -3.7049034
v -9.336994 -12.900829 -3.5111666
v -13.742066 -10.303596 -3.9685516
v -13.823259 -12.769489 -3.7794564
v -13.947977 -10.313513 -4.2128596
v -14.029179 -12.779415 -4.0237684
v -13.41944 -10.725491 -10.584202
v -13.499045 -13.192719 -10.41374
v -13.175149 -10.747277 -10.789213
v -13.254758 -13.214501 -10.6187525
v -9.067697 -10.852733 -10.320537
v -9.012776 -13.324047 -10.145447
v -8.861789 -10.842814 -10.076239
v -8.8068695 -13.314129 -9.90115
v -9.036433 -13.446633 -9.910208
v -9.56657 -13.033332 -3.5202289
v -8.8068695 -13.314129 -9.90115
v -9.336994 -12.900829 -3.5111666
v -13.27842 -13.33709 -10.383516
v -9.036433 -13.446633 -9.910208
v -13.254758 -13.214501 -10.6187525
v -9.012776 -13.324047 -10.145447
v -13.808544 -12.923787 -3.9935422
v -13.27842 -13.33709 -10.383516
v -14.029179 -12.779415 -4.0237684
v -13.499045 -13.192719 -10.41374
v -9.56657 -13.033332 -3.5202289
v -13.808544 -12.923787 -3.9935422
v -9.581279 -12.87904 -3.306143
v -13.823259 -12.769489 -3.7794564
v -2.9497313 -7.4446154 4.8971252
v -2.956966 -14.29509 4.9205284
v -13.461245 -7.4446173 1.4723048
v -13.468463 -14.295094 1.4956905
v -13.656339 -7.444618 1.1034191
v -13.663541 -14.295089 1.1268071
v -10.3240185 -7.444615 -8.505774
v -10.324027 -14.295075 -8.505778
v -9.955161 -7.444616 -8.700876
v -9.95516 -14.295075 -8.700879
v 0.55634767 -7.4446106 -5.276056
v 0.55631715 -14.295076 -5.2760425
v 0.7514514 -7.444613 -4.90718
v 0.7514343 -14.295076 -4.907194
v -2.580865 -7.4446163 4.702016
v -2.5880916 -14.29509 4.725409
v -13.461245 -7.4446173 1.4723048
v -13.468463 -14.295094 1.4956905
v -13.656339 -7.444618 1.1034191
v -13.663541 -14.295089 1.1268071
v -2.956966 -14.29509 4.9205284
v -2.9497313 -7.4446154 4.8971252
v -2.5880916 -14.29509 4.725409
v -2.580865 -7.4446163 4.702016
v -10.3240185 -7.444615 -8.505774
v -10.324027 -14.295075 -8.505778
v -9.955161 -7.444616 -8.700876
v -9.95516 -14.295075 -8.700879
v 0.55634767 -7.4446106 -5.276056
v 0.55631715 -14.295076 -5.2760425
v 0.7514514 -7.444613 -4.90718
v 0.7514343 -14.295076 -4.907194
v 0.4694458 -14.550468 -4.994073
v -2.8700883 -14.550487 4.638511
v 0.7514343 -14.295076 -4.907194
v -2.5880916 -14.29509 4.725409
v -10.042042 -14.5504675 -8.418911
v 0.4694458 -14.550468 -4.994073
v -9.95516 -14.295075 -8.700879
v 0.55631715 -14.295076 -5.2760425
v -13.381561 -14.550485 1.2136943
v -10.042042 -14.5504675 -8.418911
v -13.663541 -14.295089 1.1268071
v -10.324027 -14.295075 -8.505778
v -2.8700883 -14.550487 4.638511
v -13.381561 -14.550485 1.2136943
v -2.956966 -14.29509 4.9205284
v -13.468463 -14.295094 1.4956905
v -5.7230735 -2.3165503 -0.47636136
v -5.592269 -12.1622505 -0.416864
v -10.229315 -2.3173273 -0.65010804
v -10.232807 -12.163014 -0.6006677
v -10.424789 -2.320073 -0.90301937
v -10.428292 -12.165769 -0.8535846
v -10.321342 -2.3545375 -5.792705
v -10.322454 -12.200449 -5.7618613
v -10.068412 -2.3568263 -5.9881687
v -10.069531 -12.202735 -5.957324
v -5.5621686 -2.3560586 -5.8144126
v -5.428992 -12.201972 -5.7735267
v -5.3666954 -2.3533108 -5.561511
v -5.2335167 -12.1992235 -5.520625
v -5.470144 -2.3188384 -0.67183167
v -5.339347 -12.164543 -0.61233765
v -10.229315 -2.3173273 -0.65010804
v -10.232807 -12.163014 -0.6006677
v -10.424789 -2.320073 -0.90301937
v -10.428292 -12.165769 -0.8535846
v -10.321342 -2.3545375 -5.792705
v -10.322454 -12.200449 -5.7618613
v -10.068412 -2.3568263 -5.9881687
v -10.069531 -12.202735 -5.957324
v -5.5621686 -2.3560586 -5.8144126
v -5.428992 -12.201972 -5.7735267
v -5.3666954 -2.3533108 -5.561511
v -5.2335167 -12.1992235 -5.520625
v -5.45782 -12.33834 -5.546598
v -5.563662 -12.303662 -0.6383142
v -5.2335167 -12.1992235 -5.520625
v -5.339347 -12.164543 -0.61233765
v -10.098364 -12.339107 -5.730399
v -5.45782 -12.33834 -5.546598
v -10.069531 -12.202735 -5.957324
v -5.428992 -12.201972 -5.7735267
v -10.204194 -12.304423 -0.82211727
v -10.098364 -12.339107 -5.730399
v -10.428292 -12.165769 -0.8535846
v -10.322454 -12.200449 -5.7618613
v -5.563662 -12.303662 -0.6383142
v -10.204194 -12.304423 -0.82211727
v -5.592269 -12.1622505 -0.416864
v -10.232807 -12.163014 -0.6006677
v -4.082989 1.7139013 9.92935
v -3.9736874 -4.525982 10.136802
v -8.232188 1.7119393 5.5170403
v -8.286095 -4.527907 5.5773363
v -8.231685 1.7050116 4.995459
v -8.285594 -4.534847 5.055738
v -3.5207007 1.6180874 0.3153366
v -3.5529547 -4.6223207 0.35401672
v -2.9991066 1.612312 0.31587586
v -3.0313704 -4.628081 0.35455015
v 1.1500835 1.6142502 4.728205
v 1.2810446 -4.626163 4.9140134
v 1.1495876 1.621184 5.249774
v 1.2805475 -4.6192317 5.4355803
v -3.561391 1.7081293 9.929881
v -3.4520931 -4.5317545 10.13732
v -8.232188 1.7119393 5.5170403
v -8.286095 -4.527907 5.5773363
v -8.231685 1.7050116 4.995459
v -8.285594 -4.534847 5.055738
v -3.5207007 1.6180874 0.3153366
v -3.5529547 -4.6223207 0.35401672
v -2.9991066 1.612312 0.31587586
v -3.0313704 -4.628081 0.35455015
v 1.1500835 1.6142502 4.728205
v 1.2810446 -4.626163 4.9140134
v 1.1495876 1.621184 5.249774
v 1.2805475 -4.6192317 5.4355803
v 1.0171261 -4.970106 5.1779695
v -3.7155263 -4.8826423 9.879688
v 1.2805475 -4.6192317 5.4355803
v -3.4520931 -4.5317545 10.13732
v -3.2952902 -4.9720416 0.61849606
v 1.0171261 -4.970106 5.1779695
v -3.0313704 -4.628081 0.35455015
v 1.2810446 -4.626163 4.9140134
v -8.0279255 -4.8845716 5.320232
v -3.2952902 -4.9720416 0.61849606
v -8.285594 -4.534847 5.055738
v -3.5529547 -4.6223207 0.35401672
v -3.7155263 -4.8826423 9.879688
v -8.0279255 -4.8845716 5.320232
v -3.9736874 -4.525982 10.136802
v -8.286095 -4.527907 5.5773363
v 10.174243 5.6040697 3.1319237
v 10.185791 -9.058865 3.1631005
v 0.7816797 5.604076 6.008591
v 0.79324216 -9.058865 6.0397654
v 0.26632813 5.604071 5.772134
v 0.27787596 -9.058872 5.8033056
v -2.3524315 5.604104 -3.3891673
v -2.352451 -9.015753 -3.3891919
v -2.1159961 5.6041064 -3.9045262
v -2.1160107 -9.015748 -3.9045482
v 7.276562 5.6041074 -6.7811937
v 7.276533 -9.015744 -6.7812085
v 7.791909 5.604105 -6.5447507
v 7.7918944 -9.015752 -6.544763
v 10.410679 5.6040697 2.6165624
v 10.422226 -9.058867 2.6477344
v 0.7816797 5.604076 6.008591
v 0.79324216 -9.058865 6.0397654
v 0.26632813 5.604071 5.772134
v 0.27787596 -9.058872 5.8033056
v -2.3524315 5.604104 -3.3891673
v -2.352451 -9.015753 -3.3891919
v -2.1159961 5.6041064 -3.9045262
v -2.1160107 -9.015748 -3.9045482
v 7.276562 5.6041074 -6.7811937
v 7.276533 -9.015744 -6.7812085
v 7.791909 5.604105 -6.5447507
v 7.7918944 -9.015752 -6.544763
v -1.9765723 -9.488265 -3.5286424
v 7.415991 -9.488269 -6.405305
v -2.1160107 -9.015748 -3.9045482
v 7.276533 -9.015744 -6.7812085
v 0.65378904 -9.528584 5.6638575
v -1.9765723 -9.488265 -3.5286424
v 0.27787596 -9.058872 5.8033056
v -2.352451 -9.015753 -3.3891919
v 3.9528995 -13.018367 -1.9719146
v 3.7719133 -13.204396 -2.0149474
v 3.732601 -13.018367 -1.8495685
v -4.7751913 -13.018368 -4.590376
v -4.6335387 -13.018368 -4.3819604
v -4.594211 -13.2044 -4.5473413
v 6.8597317 -13.018346 -15.08255
v 6.8204136 -13.204373 -14.917176
v 7.0013995 -13.018346 -14.874141
v -1.5063964 -13.018358 -17.614937
v -1.7266955 -13.018358 -17.492596
v -1.545733 -13.204378 -17.449566
v 8.930732 -6.3299937 0.4859317
v 8.470286 -6.6528454 0.64931214
v 8.554146 -6.329993 0.9329397
v -2.2323418 -6.329989 4.5322742
v -1.6880603 -6.3299875 4.6525354
v -1.7718921 -6.6528454 4.3688974
v 5.1606817 -6.329967 -9.041733
v 5.244524 -6.6528125 -8.758107
v 5.7049594 -6.3299623 -8.921478
v -5.08151 -6.3299646 -5.3221445
v -5.458097 -6.329967 -4.875138
v -4.9976916 -6.6528134 -5.038502
v 2.1090598 -10.857678 3.9319701
v 1.6831344 -11.142016 3.8708403
v 1.6323923 -10.857678 4.126326
v -6.944646 -10.857678 2.6324432
v -6.5694885 -10.857676 2.9490716
v -6.5187206 -11.142016 2.6935844
v 3.7333038 -10.8576565 -10.511171
v 3.6825488 -11.141992 -10.255686
v 4.1084623 -10.8576565 -10.194549
v -4.468563 -10.8576565 -11.68843
v -4.945231 -10.8576565 -11.494075
v -4.5193434 -11.141992 -11.432946
v -4.594211 -13.2044 -4.5473413
v 3.7719133 -13.204396 -2.0149474
v -1.545733 -13.204378 -17.449566
v 6.8204136 -13.204373 -14.917176
v 6.8204136 -13.204373 -14.917176
v 3.7719133 -13.204396 -2.0149474
v 7.0013995 -13.018346 -14.874141
v 3.9528995 -13.018367 -1.9719146
v -1.545733 -13.204378 -17.449566
v 6.8204136 -13.204373 -14.917176
v -1.5063964 -13.018358 -17.614937
v 6.8597317 -13.018346 -15.08255
v -4.594211 -13.2044 -4.5473413
v -1.545733 -13.204378 -17.449566
v -4.7751913 -13.018368 -4.590376
v -1.7266955 -13.018358 -17.492596
v 3.7719133 -13.204396 -2.0149474
v -4.594211 -13.2044 -4.5473413
v 3.732601 -13.018367 -1.8495685
v -4.6335387 -13.018368 -4.3819604
v -1.7718921 -6.6528454 4.3688974
v 8.470286 -6.6528454 0.64931214
v -4.9976916 -6.6528134 -5.038502
v 5.244524 -6.6528125 -8.758107
v 5.244524 -6.6528125 -8.758107
v 8.470286 -6.6528454 0.64931214
v 5.7049594 -6.3299623 -8.921478
v 8.930732 -6.3299937 0.4859317
v -4.9976916 -6.6528134 -5.038502
v 5.244524 -6.6528125 -8.758107
v -5.08151 -6.3299646 -5.3221445
v 5.1606817 -6.329967 -9.041733
v -1.7718921 -6.6528454 4.3688974
v -4.9976916 -6.6528134 -5.038502
v -2.2323418 -6.329989 4.5322742
v -5.458097 -6.329967 -4.875138
v 8.470286 -6.6528454 0.64931214
v -1.7718921 -6.6528454 4.3688974
v 8.554146 -6.329993 0.9329397
v -1.6880603 -6.3299875 4.6525354
v -6.5187206 -11.142016 2.6935844
v 1.6831344 -11.142016 3.8708403
v -4.5193434 -11.141992 -11.432946
v 3.6825488 -11.141992 -10.255686
v 3.6825488 -11.141992 -10.255686
v 1.6831344 -11.142016 3.8708403
v 4.1084623 -10.8576565 -10.194549
v 2.1090598 -10.857678 3.9319701
v -4.5193434 -11.141992 -11.432946
v 3.6825488 -11.141992 -10.255686
v -4.468563 -10.8576565 -11.68843
v 3.7333038 -10.8576565 -10.511171
v -6.5187206 -11.142016 2.6935844
v -4.5193434 -11.141992 -11.432946
v -6.944646 -10.857678 2.6324432
v -4.945231 -10.8576565 -11.494075
v 1.6831344 -11.142016 3.8708403
v -6.5187206 -11.142016 2.6935844
v 1.6323923 -10.857678 4.126326
v -6.5694885 -10.857676 2.9490716
v -10.989458 -14.889755 3.5781507
v 6.631671 -14.889757 7.7701964
v -6.160731 -14.889709 -15.164937
v 11.460423 -14.889711 -10.97285
v -11.128708 -14.676271 -7.0778947
v -0.43041533 -14.676271 -4.290969
v -8.374106 -14.676261 -16.893785
v 2.3242028 -14.676261 -14.106835
v -13.808544 -12.923787 -3.9935422
v -9.56657 -13.033332 -3.5202289
v -13.27842 -13.33709 -10.383516
v -9.036433 -13.446633 -9.910208
v -13.381561 -14.550485 1.2136943
v -2.8700883 -14.550487 4.638511
v -10.042042 -14.5504675 -8.418911
v 0.4694458 -14.550468 -4.994073
v -10.204194 -12.304423 -0.82211727
v -5.563662 -12.303662 -0.6383142
v -10.098364 -12.339107 -5.730399
v -5.45782 -12.33834 -5.546598
v -8.0279255 -4.8845716 5.320232
v -3.7155263 -4.8826423 9.879688
v -3.2952902 -4.9720416 0.61849606
v 1.0171261 -4.970106 5.1779695
v 0.65378904 -9.528584 5.6638575
v 10.046328 -9.459814 2.787197
v -1.9765723 -9.488265 -3.5286424
v 7.415991 -9.488269 -6.405305
v 3.7205026 2.811224 -2.1990294
v 3.8656797 2.5924442 -2.0071478
v 3.755521 2.592438 -1.9459833
v -4.4657726 2.8112247 -4.6871533
v -4.6106153 2.592436 -4.4783726
v -4.681442 2.5924373 -4.582568
v 6.695233 2.81124 -14.791065
v 6.840089 2.592452 -14.999852
v 6.910916 2.5924485 -14.895644
v -1.4910504 2.8112385 -17.27919
v -1.6362121 2.592447 -17.471066
v -1.5260583 2.5924509 -17.53224
v 8.188442 3.6881683 0.48710692
v 8.69358 3.4580476 0.5441162
v 8.50528 3.458046 0.76760983
v -1.6446277 3.6881742 4.0615325
v -1.7369226 3.458047 4.487204
v -2.00906 3.458048 4.427087
v 5.1103163 3.688202 -8.474228
v 5.2026224 3.458077 -8.899915
v 5.474763 3.4580739 -8.839783
v -4.7227674 3.6882033 -4.899801
v -5.227888 3.4580746 -4.9568076
v -5.0395665 3.4580777 -5.1803246
v 1.529783 0.6142004 3.628955
v 1.9003179 0.41152954 3.8802366
v 1.6619836 0.4115271 3.9774034
v -6.2936378 0.61420345 2.5060217
v -6.539895 0.4115292 2.8001463
v -6.7274766 0.41153014 2.641848
v 3.4616678 0.61422545 -10.08929
v 3.7079406 0.41155303 -10.383424
v 3.8955188 0.41155088 -10.225107
v -4.361764 0.61422604 -11.212228
v -4.7322865 0.41155332 -11.463494
v -4.4939265 0.41155487 -11.560676
v 6.326705 -5.155243 7.244912
v 6.794015 -5.4811993 7.7824183
v 6.6076856 -5.4812016 7.883353
v -10.507016 -5.1552415 3.234
v -11.013495 -5.4812036 3.691296
v -11.142153 -5.4812045 3.5208735
v 10.999612 -5.155193 -10.7200775
v 11.48926 -5.481156 -11.108565
v 11.61792 -5.4811597 -10.938123
v -5.8341 -5.155195 -14.7310095
v -6.3181934 -5.4811583 -15.199717
v -6.131891 -5.4811535 -15.3006315
v -0.42459106 -8.694854 -4.3147435
v -0.2901364 -8.786574 -4.3212895
v -0.4666641 -8.786579 -4.213842
v -11.12292 -8.694852 -7.101681
v -11.12982 -8.786578 -6.992221
v -11.237278 -8.786578 -7.1687794
v 2.324212 -8.69485 -14.106833
v 2.3311377 -8.786573 -14.216284
v 2.4385736 -8.786578 -14.039726
v -8.374112 -8.694851 -16.893784
v -8.508601 -8.786579 -16.887228
v -8.332013 -8.786574 -16.994673
v -9.646307 -10.186827 -3.8975177
v -9.49593 -10.212482 -3.7289038
v -9.617615 -10.187658 -3.62718
v -13.666798 -10.051568 -4.364948
v -13.725222 -10.086913 -4.095588
v -13.829068 -10.11937 -4.2161794
v -9.124152 -10.521878 -9.962607
v -9.070487 -10.633763 -10.222145
v -8.966633 -10.601307 -10.101552
v -13.145679 -10.418415 -10.428257
v -13.299605 -10.502849 -10.589138
v -13.177907 -10.527673 -10.690854
v -9.634618 -10.409045 -3.499885
v -9.617615 -10.187658 -3.62718
v -9.390325 -10.43083 -3.7049034
v -9.49593 -10.212482 -3.7289038
v -9.390325 -10.43083 -3.7049034
v -9.617615 -10.187658 -3.62718
v -13.947977 -10.313513 -4.2128596
v -13.829068 -10.11937 -4.2161794
v -13.742066 -10.303596 -3.9685516
v -13.725222 -10.086913 -4.095588
v -13.742066 -10.303596 -3.9685516
v -13.829068 -10.11937 -4.2161794
v -8.861789 -10.842814 -10.076239
v -8.966633 -10.601307 -10.101552
v -9.067697 -10.852733 -10.320537
v -9.070487 -10.633763 -10.222145
v -9.067697 -10.852733 -10.320537
v -8.966633 -10.601307 -10.101552
v -13.175149 -10.747277 -10.789213
v -13.177907 -10.527673 -10.690854
v -13.41944 -10.725491 -10.584202
v -13.299605 -10.502849 -10.589138
v -13.41944 -10.725491 -10.584202
v -13.177907 -10.527673 -10.690854
v -13.725222 -10.086913 -4.095588
v -13.666798 -10.051568 -4.364948
v -9.617615 -10.187658 -3.62718
v -9.646307 -10.186827 -3.8975177
v -9.617615 -10.187658 -3.62718
v -13.666798 -10.051568 -4.364948
v -13.299605 -10.502849 -10.589138
v -13.145679 -10.418415 -10.428257
v -13.829068 -10.11937 -4.2161794
v -13.666798 -10.051568 -4.364948
v -13.829068 -10.11937 -4.2161794
v -13.145679 -10.418415 -10.428257
v -9.49593 -10.212482 -3.7289038
v -9.646307 -10.186827 -3.8975177
v -9.124152 -10.521878 -9.962607
v -13.41944 -10.725491 -10.584202
v -13.299605 -10.502849 -10.589138
v -13.947977 -10.313513 -4.2128596
v -13.829068 -10.11937 -4.2161794
v -13.947977 -10.313513 -4.2128596
v -13.299605 -10.502849 -10.589138
v -9.49593 -10.212482 -3.7289038
v -9.124152 -10.521878 -9.962607
v -8.966633 -10.601307 -10.101552
v -2.862849 -7.1892223 4.615138
v -2.728243 -7.2809434 4.616682
v -2.9109082 -7.280948 4.713325
v -13.374357 -7.189225 1.1903095
v -13.387824 -7.2809515 1.2991554
v -13.484476 -7.2809515 1.1164604
v 0.46945435 -7.1892223 -4.994069
v 0.48294494 -7.280946 -5.102904
v 0.5795752 -7.2809505 -4.9202094
v -10.042048 -7.1892233 -8.418907
v -10.176687 -7.280952 -8.420446
v -9.993963 -7.2809477 -8.517085
v -5.7264657 -2.0727365 -0.8612927
v -5.5821786 -2.1030028 -0.68818235
v -5.708632 -2.087898 -0.5904462
v -10.146951 -2.0410335 -1.0285134
v -10.21488 -2.0933883 -0.7641992
v -10.312622 -2.1223202 -0.8906494
v -5.644333 -2.0479276 -5.4414954
v -5.5764647 -2.1431973 -5.704316
v -5.478717 -2.1142666 -5.577866
v -10.064824 -2.048085 -5.6087317
v -10.209163 -2.1282241 -5.7803392
v -10.082699 -2.143328 -5.87807
v -5.7230735 -2.3165503 -0.47636136
v -5.708632 -2.087898 -0.5904462
v -5.470144 -2.3188384 -0.67183167
v -5.5821786 -2.1030028 -0.68818235
v -5.470144 -2.3188384 -0.67183167
v -5.708632 -2.087898 -0.5904462
v -10.424789 -2.320073 -0.90301937
v -10.312622 -2.1223202 -0.8906494
v -10.229315 -2.3173273 -0.65010804
v -10.21488 -2.0933883 -0.7641992
v -10.229315 -2.3173273 -0.65010804
v -10.312622 -2.1223202 -0.8906494
v -5.3666954 -2.3533108 -5.561511
v -5.478717 -2.1142666 -5.577866
v -5.5621686 -2.3560586 -5.8144126
v -5.5764647 -2.1431973 -5.704316
v -5.5621686 -2.3560586 -5.8144126
v -5.478717 -2.1142666 -5.577866
v -10.068412 -2.3568263 -5.9881687
v -10.082699 -2.143328 -5.87807
v -10.321342 -2.3545375 -5.792705
v -10.209163 -2.1282241 -5.7803392
v -10.321342 -2.3545375 -5.792705
v -10.082699 -2.143328 -5.87807
v -10.21488 -2.0933883 -0.7641992
v -10.146951 -2.0410335 -1.0285134
v -5.708632 -2.087898 -0.5904462
v -5.7264657 -2.0727365 -0.8612927
v -5.708632 -2.087898 -0.5904462
v -10.146951 -2.0410335 -1.0285134
v -5.5821786 -2.1030028 -0.68818235
v -5.7264657 -2.0727365 -0.8612927
v -5.644333 -2.0479276 -5.4414954
v -10.321342 -2.3545375 -5.792705
v -10.209163 -2.1282241 -5.7803392
v -10.424789 -2.320073 -0.90301937
v -10.312622 -2.1223202 -0.8906494
v -10.424789 -2.320073 -0.90301937
v -10.209163 -2.1282241 -5.7803392
v -5.5821786 -2.1030028 -0.68818235
v -5.644333 -2.0479276 -5.4414954
v -5.478717 -2.1142666 -5.577866
v -3.7027776 2.3288438 9.429369
v -3.68959 2.2525067 9.796854
v -3.9503767 2.2906075 9.796604
v -7.7478623 2.4087965 5.111152
v -8.099578 2.2767544 5.384274
v -8.099335 2.2037878 5.1234856
v 0.67149687 2.391408 5.1272135
v 1.0216413 2.1511319 4.8559556
v 1.0214071 2.2240975 5.1167517
v -3.3735812 2.39102 0.8089721
v -3.3883352 2.1888928 0.44337156
v -3.1275399 2.1507971 0.44364104
v -4.082989 1.7139013 9.92935
v -3.9503767 2.2906075 9.796604
v -3.561391 1.7081293 9.929881
v -3.68959 2.2525067 9.796854
v -3.561391 1.7081293 9.929881
v -3.9503767 2.2906075 9.796604
v -8.231685 1.7050116 4.995459
v -8.099335 2.2037878 5.1234856
v -8.232188 1.7119393 5.5170403
v -8.099578 2.2767544 5.384274
v -8.232188 1.7119393 5.5170403
v -8.099335 2.2037878 5.1234856
v 1.1495876 1.621184 5.249774
v 1.0214071 2.2240975 5.1167517
v 1.1500835 1.6142502 4.728205
v 1.0216413 2.1511319 4.8559556
v 1.1500835 1.6142502 4.728205
v 1.0214071 2.2240975 5.1167517
v -2.9991066 1.612312 0.31587586
v -3.1275399 2.1507971 0.44364104
v -3.5207007 1.6180874 0.3153366
v -3.3883352 2.1888928 0.44337156
v -3.5207007 1.6180874 0.3153366
v -3.1275399 2.1507971 0.44364104
v -8.099578 2.2767544 5.384274
v -7.7478623 2.4087965 5.111152
v -3.9503767 2.2906075 9.796604
v -3.7027776 2.3288438 9.429369
v -3.9503767 2.2906075 9.796604
v -7.7478623 2.4087965 5.111152
v -3.3883352 2.1888928 0.44337156
v -3.3735812 2.39102 0.8089721
v -8.099335 2.2037878 5.1234856
v -7.7478623 2.4087965 5.111152
v -8.099335 2.2037878 5.1234856
v -3.3735812 2.39102 0.8089721
v -3.68959 2.2525067 9.796854
v -3.7027776 2.3288438 9.429369
v 0.67149687 2.391408 5.1272135
v -3.68959 2.2525067 9.796854
v 0.67149687 2.391408 5.1272135
v 1.0214071 2.2240975 5.1167517
v 9.88374 6.1234326 2.5470848
v 10.222719 5.8955665 2.6862938
v 10.104516 5.895561 2.943967
v 0.6440234 6.1234336 5.3745995
v 0.7119629 5.8955626 5.820632
v 0.45426756 5.8955626 5.702417
v 7.3826513 6.1234727 -6.232871
v 7.3462887 5.895604 -6.593247
v 7.603965 5.8955994 -6.4750195
v -1.8570898 6.1234717 -3.405349
v -2.1644921 5.895598 -3.4588964
v -2.0462694 5.8956027 -3.7165697
v 3.7358718 2.307455 -1.8632861
v 3.755521 2.592438 -1.9459833
v 3.9561603 2.307455 -1.9856347
v 3.8656797 2.5924442 -2.0071478
v -4.771932 2.307456 -4.604093
v -4.681442 2.5924373 -4.582568
v -4.630278 2.3074536 -4.3956776
v -4.6106153 2.592436 -4.4783726
v 7.001397 2.3074663 -14.874129
v 6.910916 2.5924485 -14.895644
v 6.859742 2.3074663 -15.082539
v 6.840089 2.592452 -14.999852
v -1.5063958 2.3074658 -17.614923
v -1.5260583 2.5924509 -17.53224
v -1.7266967 2.3074658 -17.492588
v -1.6362121 2.592447 -17.471066
v -4.6106153 2.592436 -4.4783726
v -4.4657726 2.8112247 -4.6871533
v 3.755521 2.592438 -1.9459833
v 3.7205026 2.811224 -2.1990294
v -1.6362121 2.592447 -17.471066
v -1.4910504 2.8112385 -17.27919
v -4.681442 2.5924373 -4.582568
v -4.4657726 2.8112247 -4.6871533
v 6.840089 2.592452 -14.999852
v 6.695233 2.81124 -14.791065
v -1.5260583 2.5924509 -17.53224
v -1.4910504 2.8112385 -17.27919
v 3.8656797 2.5924442 -2.0071478
v 3.7205026 2.811224 -2.1990294
v 6.910916 2.5924485 -14.895644
v 6.695233 2.81124 -14.791065
v -4.630278 2.3074536 -4.3956776
v -4.6106153 2.592436 -4.4783726
v 3.7358718 2.307455 -1.8632861
v 3.755521 2.592438 -1.9459833
v -1.7266967 2.3074658 -17.492588
v -1.6362121 2.592447 -17.471066
v -4.771932 2.307456 -4.604093
v -4.681442 2.5924373 -4.582568
v 6.859742 2.3074663 -15.082539
v 6.840089 2.592452 -14.999852
v -1.5063958 2.3074658 -17.614923
v -1.5260583 2.5924509 -17.53224
v 3.9561603 2.307455 -1.9856347
v 3.8656797 2.5924442 -2.0071478
v 7.001397 2.3074663 -14.874129
v 6.910916 2.5924485 -14.895644
v 8.547206 3.011857 0.90942746
v 8.50528 3.458046 0.76760983
v 8.92379 3.0118563 0.4624182
v 8.69358 3.4580476 0.5441162
v -2.239281 3.0118592 4.508758
v -2.00906 3.458048 4.427087
v -1.6950146 3.0118582 4.629024
v -1.7369226 3.458047 4.487204
v 5.7049804 3.011887 -8.92147
v 5.474763 3.4580739 -8.839783
v 5.160713 3.0118878 -9.041734
v 5.2026224 3.458077 -8.899915
v -5.081489 3.0118876 -5.322137
v -5.0395665 3.4580777 -5.1803246
v -5.4580936 3.0118876 -4.8751326
v -5.227888 3.4580746 -4.9568076
v -1.7369226 3.458047 4.487204
v -1.6446277 3.6881742 4.0615325
v 8.50528 3.458046 0.76760983
v 8.188442 3.6881683 0.48710692
v -5.227888 3.4580746 -4.9568076
v -4.7227674 3.6882033 -4.899801
v -2.00906 3.458048 4.427087
v -1.6446277 3.6881742 4.0615325
v 5.2026224 3.458077 -8.899915
v 5.1103163 3.688202 -8.474228
v -5.0395665 3.4580777 -5.1803246
v -4.7227674 3.6882033 -4.899801
v 8.69358 3.4580476 0.5441162
v 8.188442 3.6881683 0.48710692
v 5.474763 3.4580739 -8.839783
v 5.1103163 3.688202 -8.474228
v -1.6950146 3.0118582 4.629024
v -1.7369226 3.458047 4.487204
v 8.547206 3.011857 0.90942746
v 8.50528 3.458046 0.76760983
v -5.4580936 3.0118876 -4.8751326
v -5.227888 3.4580746 -4.9568076
v -2.239281 3.0118592 4.508758
v -2.00906 3.458048 4.427087
v 5.160713 3.0118878 -9.041734
v 5.2026224 3.458077 -8.899915
v -5.081489 3.0118876 -5.322137
v -5.0395665 3.4580777 -5.1803246
v 8.92379 3.0118563 0.4624182
v 8.69358 3.4580476 0.5441162
v 5.7049804 3.011887 -8.92147
v 5.474763 3.4580739 -8.839783
v 1.636607 0.018564148 4.1051526
v 1.6619836 0.4115271 3.9774034
v 2.113275 0.018564453 3.9107945
v 1.9003179 0.41152954 3.8802366
v -6.9404306 0.01856842 2.611267
v -6.7274766 0.41153014 2.641848
v -6.5652857 0.018566284 2.9278905
v -6.539895 0.4115292 2.8001463
v 4.1084766 0.018591309 -10.194538
v 3.8955188 0.41155088 -10.225107
v 3.73333 0.018590698 -10.511163
v 3.7079406 0.41155303 -10.383424
v -4.4685507 0.018591918 -11.688417
v -4.4939265 0.41155487 -11.560676
v -4.945229 0.018592224 -11.494068
v -4.7322865 0.41155332 -11.463494
v -6.539895 0.4115292 2.8001463
v -6.2936378 0.61420345 2.5060217
v 1.6619836 0.4115271 3.9774034
v 1.529783 0.6142004 3.628955
v -4.7322865 0.41155332 -11.463494
v -4.361764 0.61422604 -11.212228
v -6.7274766 0.41153014 2.641848
v -6.2936378 0.61420345 2.5060217
v 3.7079406 0.41155303 -10.383424
v 3.4616678 0.61422545 -10.08929
v -4.4939265 0.41155487 -11.560676
v -4.361764 0.61422604 -11.212228
v 1.9003179 0.41152954 3.8802366
v 1.529783 0.6142004 3.628955
v 3.8955188 0.41155088 -10.225107
v 3.4616678 0.61422545 -10.08929
v -6.5652857 0.018566284 2.9278905
v -6.539895 0.4115292 2.8001463
v 1.636607 0.018564148 4.1051526
v 1.6619836 0.4115271 3.9774034
v -4.945229 0.018592224 -11.494068
v -4.7322865 0.41155332 -11.463494
v -6.9404306 0.01856842 2.611267
v -6.7274766 0.41153014 2.641848
v 3.73333 0.018590698 -10.511163
v 3.7079406 0.41155303 -10.383424
v -4.4685507 0.018591918 -11.688417
v -4.4939265 0.41155487 -11.560676
v 2.113275 0.018564453 3.9107945
v 1.9003179 0.41152954 3.8802366
v 4.1084766 0.018591309 -10.194538
v 3.8955188 0.41155088 -10.225107
v 6.578856 -5.967569 8.019073
v 6.6076856 -5.4812016 7.883353
v 6.9514956 -5.96757 7.8171997
v 6.794015 -5.4811993 7.7824183
v -11.299645 -5.9675694 3.486069
v -11.142153 -5.4812045 3.5208735
v -11.042332 -5.9675694 3.8270063
v -11.013495 -5.4812036 3.691296
v 11.775445 -5.9675217 -10.903348
v 11.61792 -5.4811597 -10.938123
v 11.51809 -5.967523 -11.244271
v 11.48926 -5.481156 -11.108565
v -6.1030436 -5.9675183 -15.436325
v -6.131891 -5.4811535 -15.3006315
v -6.4756927 -5.9675193 -15.234456
v -6.3181934 -5.4811583 -15.199717
v -11.013495 -5.4812036 3.691296
v -10.507016 -5.1552415 3.234
v 6.6076856 -5.4812016 7.883353
v 6.326705 -5.155243 7.244912
v -6.3181934 -5.4811583 -15.199717
v -5.8341 -5.155195 -14.7310095
v -11.142153 -5.4812045 3.5208735
v -10.507016 -5.1552415 3.234
v 11.48926 -5.481156 -11.108565
v 10.999612 -5.155193 -10.7200775
v -6.131891 -5.4811535 -15.3006315
v -5.8341 -5.155195 -14.7310095
v 6.794015 -5.4811993 7.7824183
v 6.326705 -5.155243 7.244912
v 11.61792 -5.4811597 -10.938123
v 10.999612 -5.155193 -10.7200775
v -11.042332 -5.9675694 3.8270063
v -11.013495 -5.4812036 3.691296
v 6.578856 -5.967569 8.019073
v 6.6076856 -5.4812016 7.883353
v -6.4756927 -5.9675193 -15.234456
v -6.3181934 -5.4811583 -15.199717
v -11.299645 -5.9675694 3.486069
v -11.142153 -5.4812045 3.5208735
v 11.51809 -5.967523 -11.244271
v 11.48926 -5.481156 -11.108565
v -6.1030436 -5.9675183 -15.436325
v -6.131891 -5.4811535 -15.3006315
v 6.9514956 -5.96757 7.8171997
v 6.794015 -5.4811993 7.7824183
v 11.775445 -5.9675217 -10.903348
v 11.61792 -5.4811597 -10.938123
v -0.49437103 -8.950244 -4.0280433
v -0.4666641 -8.786579 -4.213842
v -0.13789612 -8.950244 -4.2449675
v -0.2901364 -8.786574 -4.3212895
v -11.409614 -8.950243 -7.171466
v -11.237278 -8.786578 -7.1687794
v -11.192705 -8.950243 -6.814973
v -11.12982 -8.786578 -6.992221
v 2.6109216 -8.950243 -14.037048
v 2.4385736 -8.786578 -14.039726
v 2.3940027 -8.95024 -14.393533
v 2.3311377 -8.786573 -14.216284
v -8.304327 -8.950243 -17.180464
v -8.332013 -8.786574 -16.994673
v -8.660792 -8.950241 -16.963547
v -8.508601 -8.786579 -16.887228
v -0.42459106 -8.694854 -4.3147435
v -0.4666641 -8.786579 -4.213842
v -11.12292 -8.694852 -7.101681
v -11.12982 -8.786578 -6.992221
v -0.49437103 -8.950244 -4.0280433
v -11.192705 -8.950243 -6.814973
v -8.508601 -8.786579 -16.887228
v -8.374112 -8.694851 -16.893784
v -11.237278 -8.786578 -7.1687794
v -11.12292 -8.694852 -7.101681
v -8.374112 -8.694851 -16.893784
v -8.332013 -8.786574 -16.994673
v 2.324212 -8.69485 -14.106833
v 2.3311377 -8.786573 -14.216284
v -8.304327 -8.950243 -17.180464
v 2.3940027 -8.95024 -14.393533
v -0.2901364 -8.786574 -4.3212895
v -0.42459106 -8.694854 -4.3147435
v 2.4385736 -8.786578 -14.039726
v 2.324212 -8.69485 -14.106833
v -8.660792 -8.950241 -16.963547
v -8.508601 -8.786579 -16.887228
v -11.409614 -8.950243 -7.171466
v -11.237278 -8.786578 -7.1687794
v -0.13789612 -8.950244 -4.2449675
v -0.2901364 -8.786574 -4.3212895
v 2.6109216 -8.950243 -14.037048
v 2.4385736 -8.786578 -14.039726
v -9.070487 -10.633763 -10.222145
v -9.124152 -10.521878 -9.962607
v -13.177907 -10.527673 -10.690854
v -13.145679 -10.418415 -10.428257
v -13.742066 -10.303596 -3.9685516
v -13.725222 -10.086913 -4.095588
v -9.634618 -10.409045 -3.499885
v -9.617615 -10.187658 -3.62718
v -9.067697 -10.852733 -10.320537
v -9.070487 -10.633763 -10.222145
v -13.175149 -10.747277 -10.789213
v -13.177907 -10.527673 -10.690854
v -9.390325 -10.43083 -3.7049034
v -9.49593 -10.212482 -3.7289038
v -8.861789 -10.842814 -10.076239
v -8.966633 -10.601307 -10.101552
v -2.9497313 -7.4446154 4.8971252
v -2.9109082 -7.280948 4.713325
v -2.580865 -7.4446163 4.702016
v -2.728243 -7.2809434 4.616682
v -13.656339 -7.444618 1.1034191
v -13.484476 -7.2809515 1.1164604
v -13.461245 -7.4446173 1.4723048
v -13.387824 -7.2809515 1.2991554
v 0.7514514 -7.444613 -4.90718
v 0.5795752 -7.2809505 -4.9202094
v 0.55634767 -7.4446106 -5.276056
v 0.48294494 -7.280946 -5.102904
v -9.955161 -7.444616 -8.700876
v -9.993963 -7.2809477 -8.517085
v -10.3240185 -7.444615 -8.505774
v -10.176687 -7.280952 -8.420446
v -2.862849 -7.1892223 4.615138
v -2.9109082 -7.280948 4.713325
v -13.374357 -7.189225 1.1903095
v -13.387824 -7.2809515 1.2991554
v -2.9497313 -7.4446154 4.8971252
v -13.461245 -7.4446173 1.4723048
v -10.176687 -7.280952 -8.420446
v -10.042048 -7.1892233 -8.418907
v -13.484476 -7.2809515 1.1164604
v -13.374357 -7.189225 1.1903095
v -10.042048 -7.1892233 -8.418907
v -9.993963 -7.2809477 -8.517085
v 0.46945435 -7.1892223 -4.994069
v 0.48294494 -7.280946 -5.102904
v -9.955161 -7.444616 -8.700876
v 0.55634767 -7.4446106 -5.276056
v -2.728243 -7.2809434 4.616682
v -2.862849 -7.1892223 4.615138
v 0.5795752 -7.2809505 -4.9202094
v 0.46945435 -7.1892223 -4.994069
v -10.3240185 -7.444615 -8.505774
v -10.176687 -7.280952 -8.420446
v -13.656339 -7.444618 1.1034191
v -13.484476 -7.2809515 1.1164604
v -2.580865 -7.4446163 4.702016
v -2.728243 -7.2809434 4.616682
v 0.7514514 -7.444613 -4.90718
v 0.5795752 -7.2809505 -4.9202094
v -10.209163 -2.1282241 -5.7803392
v -10.064824 -2.048085 -5.6087317
v -10.312622 -2.1223202 -0.8906494
v -10.146951 -2.0410335 -1.0285134
v -5.5764647 -2.1431973 -5.704316
v -5.644333 -2.0479276 -5.4414954
v -10.082699 -2.143328 -5.87807
v -10.064824 -2.048085 -5.6087317
v -10.229315 -2.3173273 -0.65010804
v -10.21488 -2.0933883 -0.7641992
v -5.7230735 -2.3165503 -0.47636136
v -5.708632 -2.087898 -0.5904462
v -5.5621686 -2.3560586 -5.8144126
v -5.5764647 -2.1431973 -5.704316
v -10.068412 -2.3568263 -5.9881687
v -10.082699 -2.143328 -5.87807
v -5.470144 -2.3188384 -0.67183167
v -5.5821786 -2.1030028 -0.68818235
v -5.3666954 -2.3533108 -5.561511
v -5.478717 -2.1142666 -5.577866
v 1.0216413 2.1511319 4.8559556
v 0.67149687 2.391408 5.1272135
v -3.1275399 2.1507971 0.44364104
v -3.3735812 2.39102 0.8089721
v -8.232188 1.7119393 5.5170403
v -8.099578 2.2767544 5.384274
v -4.082989 1.7139013 9.92935
v -3.9503767 2.2906075 9.796604
v -3.5207007 1.6180874 0.3153366
v -3.3883352 2.1888928 0.44337156
v -8.231685 1.7050116 4.995459
v -8.099335 2.2037878 5.1234856
v 1.1500835 1.6142502 4.728205
v 1.0216413 2.1511319 4.8559556
v -2.9991066 1.612312 0.31587586
v -3.1275399 2.1507971 0.44364104
v -3.561391 1.7081293 9.929881
v -3.68959 2.2525067 9.796854
v 1.1495876 1.621184 5.249774
v 1.0214071 2.2240975 5.1167517
v 10.174243 5.6040697 3.1319237
v 10.104516 5.895561 2.943967
v 10.410679 5.6040697 2.6165624
v 10.222719 5.8955665 2.6862938
v 0.26632813 5.604071 5.772134
v 0.45426756 5.8955626 5.702417
v 0.7816797 5.604076 6.008591
v 0.7119629 5.8955626 5.820632
v 7.791909 5.604105 -6.5447507
v 7.603965 5.8955994 -6.4750195
v 7.276562 5.6041074 -6.7811937
v 7.3462887 5.895604 -6.593247
v -2.1159961 5.6041064 -3.9045262
v -2.0462694 5.8956027 -3.7165697
v -2.3524315 5.604104 -3.3891673
v -2.1644921 5.895598 -3.4588964
v 0.7119629 5.8955626 5.820632
v 0.6440234 6.1234336 5.3745995
v 10.104516 5.895561 2.943967
v 9.88374 6.1234326 2.5470848
v -2.1644921 5.895598 -3.4588964
v -1.8570898 6.1234717 -3.405349
v 0.45426756 5.8955626 5.702417
v 0.6440234 6.1234336 5.3745995
v 7.3462887 5.895604 -6.593247
v 7.3826513 6.1234727 -6.232871
v -2.0462694 5.8956027 -3.7165697
v -1.8570898 6.1234717 -3.405349
v 10.222719 5.8955665 2.6862938
v 9.88374 6.1234326 2.5470848
v 7.603965 5.8955994 -6.4750195
v 7.3826513 6.1234727 -6.232871
v 0.7816797 5.604076 6.008591
v 0.7119629 5.8955626 5.820632
v 10.174243 5.6040697 3.1319237
v 10.104516 5.895561 2.943967
v -2.3524315 5.604104 -3.3891673
v -2.1644921 5.895598 -3.4588964
v 0.26632813 5.604071 5.772134
v 0.45426756 5.8955626 5.702417
v 7.276562 5.6041074 -6.7811937
v 7.3462887 5.895604 -6.593247
v -2.1159961 5.6041064 -3.9045262
v -2.0462694 5.8956027 -3.7165697
v 10.410679 5.6040697 2.6165624
v 10.222719 5.8955665 2.6862938
v 7.791909 5.604105 -6.5447507
v 7.603965 5.8955994 -6.4750195
v 6.695233 2.81124 -14.791065
v 3.7205026 2.811224 -2.1990294
v -1.4910504 2.8112385 -17.27919
v -4.4657726 2.8112247 -4.6871533
v 5.1103163 3.688202 -8.474228
v 8.188442 3.6881683 0.48710692
v -4.7227674 3.6882033 -4.899801
v -1.6446277 3.6881742 4.0615325
v 3.4616678 0.61422545 -10.08929
v 1.529783 0.6142004 3.628955
v -4.361764 0.61422604 -11.212228
v -6.2936378 0.61420345 2.5060217
v 10.999612 -5.155193 -10.7200775
v 6.326705 -5.155243 7.244912
v -5.8341 -5.155195 -14.7310095
v -10.507016 -5.1552415 3.234
v 2.324212 -8.69485 -14.106833
v -0.42459106 -8.694854 -4.3147435
v -8.374112 -8.694851 -16.893784
v -11.12292 -8.694852 -7.101681
v -9.124152 -10.521878 -9.962607
v -9.646307 -10.186827 -3.8975177
v -13.145679 -10.418415 -10.428257
v -13.666798 -10.051568 -4.364948
v 0.46945435 -7.1892223 -4.994069
v -2.862849 -7.1892223 4.615138
v -10.042048 -7.1892233 -8.418907
v -13.374357 -7.189225 1.1903095
v -5.644333 -2.0479276 -5.4414954
v -5.7264657 -2.0727365 -0.8612927
v -10.064824 -2.048085 -5.6087317
v -10.146951 -2.0410335 -1.0285134
v 0.67149687 2.391408 5.1272135
v -3.7027776 2.3288438 9.429369
v -3.3735812 2.39102 0.8089721
v -7.7478623 2.4087965 5.111152
v 7.3826513 6.1234727 -6.232871
v 9.88374 6.1234326 2.5470848
v -1.8570898 6.1234717 -3.405349
v 0.6440234 6.1234336 5.3745995
vt -10.4140625 7.4375
vt -10.4140625 8.609375
vt -10.390625 7.4414062
vt -10.390625 8.609375
vt -10.390625 7.4414062
vt -10.4140625 8.609375
vt -3.140625 4.6640625
vt -3.1523438 3.9511719
vt -3.1835938 4.6679688
vt -3.1835938 3.9550781
vt -3.1835938 4.6679688
vt -3.1523438 3.9511719
vt -6.3867188 3.7871094
vt -6.4648438 4.5039062
vt -6.3515625 3.8007812
vt -6.4179688 4.5117188
vt -6.3515625 3.8007812
vt -6.4648438 4.5039062
vt -4.3945312 4.6679688
vt -4.3828125 3.9550781
vt -4.4453125 4.6640625
vt -4.4140625 3.9492188
vt -4.4453125 4.6640625
vt -4.3828125 3.9550781
vt -5.1679688 4.625
vt -5.1210938 3.9101562
vt -5.2109375 4.6210938
vt -5.1523438 3.9121094
vt -5.2109375 4.6210938
vt -5.1210938 3.9101562
vt -2.3417969 8.53125
vt -2.34375 7.703125
vt -2.3769531 8.5390625
vt -2.3730469 7.7070312
vt -2.3769531 8.5390625
vt -2.34375 7.703125
vt -4.6445312 7.609375
vt -4.7109375 8.4453125
vt -4.609375 7.6210938
vt -4.671875 8.4453125
vt -4.609375 7.6210938
vt -4.7109375 8.4453125
vt -3.1621094 8.5390625
vt -3.1523438 7.7070312
vt -3.2070312 8.53125
vt -3.1777344 7.703125
vt -3.2070312 8.53125
vt -3.1523438 7.7070312
vt -3.84375 8.5078125
vt -3.8027344 7.6757812
vt -3.8847656 8.5
vt -3.828125 7.6757812
vt -3.8847656 8.5
vt -3.8027344 7.6757812
vt -2.9804688 -0.16723633
vt -2.9707031 0.9819336
vt -2.9472656 -0.1821289
vt -2.9375 0.9814453
vt -2.9472656 -0.1821289
vt -2.9707031 0.9819336
vt -6.6484375 0.99365234
vt -6.6445312 -0.15563965
vt -6.6757812 0.99365234
vt -6.6679688 -0.17004395
vt -6.6757812 0.99365234
vt -6.6445312 -0.15563965
vt -2.953125 -0.19177246
vt -2.984375 -0.21472168
vt -2.9804688 -0.16723633
vt -4.3828125 -0.15563965
vt -4.3554688 -0.15673828
vt -4.3710938 -0.203125
vt -8.046875 -0.18200684
vt -8.0546875 -0.21313477
vt -8.0703125 -0.18225098
vt -6.6679688 -0.17004395
vt -6.6328125 -0.15966797
vt -6.6523438 -0.20422363
vt -8.0546875 -0.21313477
vt -10.3359375 -0.2142334
vt -8.0703125 -0.18225098
vt -10.3359375 -0.17687988
vt -8.0703125 -0.18225098
vt -10.3359375 -0.2142334
vt -6.6523438 -0.20422363
vt -8.0546875 -0.21313477
vt -6.6679688 -0.17004395
vt -8.046875 -0.18200684
vt -6.6679688 -0.17004395
vt -8.0546875 -0.21313477
vt -6.8710938 2.8417969
vt -6.8671875 2.8125
vt -6.8945312 2.8222656
vt -4.4335938 2.8496094
vt -4.40625 2.8476562
vt -4.421875 2.8203125
vt -6.0703125 2.84375
vt -6.078125 2.8164062
vt -6.09375 2.8417969
vt -5.2304688 2.8496094
vt -5.2070312 2.8496094
vt -5.2148438 2.8222656
vt -3.2890625 2.8183594
vt -3.3144531 3.0097656
vt -3.2675781 2.8242188
vt -3.2890625 3.0117188
vt -3.2675781 2.8242188
vt -3.3144531 3.0097656
vt -3.2675781 2.8242188
vt -3.2675781 2.8066406
vt -3.2890625 2.8183594
vt -1.9443359 2.9003906
vt -1.9257812 2.8984375
vt -1.9365234 2.8808594
vt -2.765625 2.8828125
vt -2.7714844 2.8632812
vt -2.7832031 2.8808594
vt -2.4453125 2.9082031
vt -2.4296875 2.9082031
vt -2.4355469 2.8886719
vt -5 6.8242188
vt -4.9960938 6.7929688
vt -5.0234375 6.8046875
vt -2.5703125 6.8867188
vt -2.5449219 6.8867188
vt -2.5585938 6.859375
vt -4.203125 6.8671875
vt -4.2109375 6.8398438
vt -4.2226562 6.8671875
vt -3.3652344 6.8867188
vt -3.3417969 6.8867188
vt -3.3515625 6.859375
vt -3.7617188 5.5898438
vt -3.7617188 6.34375
vt -3.7382812 5.59375
vt -3.7382812 6.3476562
vt -3.7382812 5.59375
vt -3.7617188 6.34375
vt -3.7382812 5.59375
vt -3.7402344 5.5742188
vt -3.7617188 5.5898438
vt -2.734375 5.5976562
vt -2.7167969 5.5976562
vt -2.7246094 5.5820312
vt -3.4121094 5.59375
vt -3.4179688 5.5742188
vt -3.4296875 5.59375
vt -3.0605469 5.59375
vt -3.0429688 5.5976562
vt -3.0488281 5.578125
vt -2.7207031 2.2539062
vt -2.7480469 2.6269531
vt -2.6933594 2.2597656
vt -2.7167969 2.6308594
vt -2.6933594 2.2597656
vt -2.7480469 2.6269531
vt -2.6933594 2.2597656
vt -2.6933594 2.2304688
vt -2.7207031 2.2539062
vt -1.5 2.3027344
vt -1.4755859 2.3027344
vt -1.4892578 2.2734375
vt -2.2773438 2.28125
vt -2.2871094 2.2519531
vt -2.3007812 2.28125
vt -1.9121094 2.2988281
vt -1.890625 2.2988281
vt -1.8994141 2.2695312
vt -12.6015625 -5.3476562
vt -12.6015625 -4.1367188
vt -12.5546875 -5.3398438
vt -12.5546875 -4.1367188
vt -12.5546875 -5.3398438
vt -12.6015625 -4.1367188
vt -12.5546875 -5.3398438
vt -12.5625 -5.3867188
vt -12.6015625 -5.3476562
vt -11.296875 -5.3671875
vt -11.265625 -5.3710938
vt -11.28125 -5.4140625
vt -12.0625 -5.3320312
vt -12.078125 -5.4179688
vt -12.09375 -5.3320312
vt -11.7890625 -5.3398438
vt -11.75 -5.3398438
vt -11.7734375 -5.421875
vt -12.078125 -5.4179688
vt -12.5625 -5.3867188
vt -12.09375 -5.3320312
vt -12.5546875 -5.3398438
vt -12.09375 -5.3320312
vt -12.5625 -5.3867188
vt -11 -5.4414062
vt -11.28125 -5.4140625
vt -10.984375 -5.3945312
vt -11.265625 -5.3710938
vt -10.984375 -5.3945312
vt -11.28125 -5.4140625
vt -8.046875 8.609375
vt -8.046875 7.4414062
vt -8.46875 8.609375
vt -8.46875 7.4414062
vt -8.484375 8.609375
vt -8.484375 7.4414062
vt -9.21875 8.609375
vt -9.2109375 7.4414062
vt -9.234375 8.609375
vt -9.2265625 7.4414062
vt -9.6484375 8.609375
vt -9.6484375 7.4414062
vt -9.6640625 8.609375
vt -9.6640625 7.4414062
vt -10.390625 8.609375
vt -10.390625 7.4414062
vt -8.46875 8.609375
vt -8.46875 7.4414062
vt -8.484375 8.609375
vt -8.484375 7.4414062
vt -9.21875 8.609375
vt -9.2109375 7.4414062
vt -9.234375 8.609375
vt -9.2265625 7.4414062
vt -9.6484375 8.609375
vt -9.6484375 7.4414062
vt -9.6640625 8.609375
vt -9.6640625 7.4414062
vt -2.4238281 4.6484375
vt -2.4414062 3.9355469
vt -3.140625 4.6640625
vt -3.1523438 3.9511719
vt -3.1835938 4.6679688
vt -3.1835938 3.9550781
vt -4.3945312 4.6679688
vt -4.3828125 3.9550781
vt -4.4453125 4.6640625
vt -4.4140625 3.9492188
vt -5.1679688 4.625
vt -5.1210938 3.9101562
vt -5.2109375 4.6210938
vt -5.1523438 3.9121094
vt -6.4179688 4.5117188
vt -6.3515625 3.8007812
vt -1.7099609 8.53125
vt -1.7177734 7.6992188
vt -2.3417969 8.53125
vt -2.34375 7.703125
vt -2.3769531 8.5390625
vt -2.3730469 7.7070312
vt -3.1621094 8.5390625
vt -3.1523438 7.7070312
vt -3.2070312 8.53125
vt -3.1777344 7.703125
vt -3.84375 8.5078125
vt -3.8027344 7.6757812
vt -3.8847656 8.5
vt -3.828125 7.6757812
vt -4.671875 8.4453125
vt -4.609375 7.6210938
vt -2.9707031 0.9819336
vt -2.9804688 -0.16723633
vt -4.3554688 0.9926758
vt -4.3554688 -0.15673828
vt -4.3867188 0.99316406
vt -4.3828125 -0.15563965
vt -6.6484375 0.99365234
vt -6.6445312 -0.15563965
vt -6.6757812 0.99365234
vt -6.6679688 -0.17004395
vt -8.0546875 0.9863281
vt -8.046875 -0.18200684
vt -8.078125 0.9863281
vt -8.0703125 -0.18225098
vt -10.3359375 0.9863281
vt -10.3359375 -0.17687988
vt -4.3554688 0.9926758
vt -4.3554688 -0.15673828
vt -4.3867188 0.99316406
vt -4.3828125 -0.15563965
vt -8.0546875 0.9863281
vt -8.046875 -0.18200684
vt -8.078125 0.9863281
vt -8.0703125 -0.18225098
vt -4.3710938 -0.203125
vt -6.6523438 -0.20422363
vt -4.3828125 -0.15563965
vt -6.6445312 -0.15563965
vt -2.984375 -0.21472168
vt -4.3710938 -0.203125
vt -2.9804688 -0.16723633
vt -4.3554688 -0.15673828
vt -3.5605469 3.3554688
vt -3.5703125 2.8320312
vt -4.40625 3.3710938
vt -4.40625 2.8476562
vt -4.4375 3.3710938
vt -4.4335938 2.8496094
vt -5.2070312 3.3730469
vt -5.2070312 2.8496094
vt -5.234375 3.3730469
vt -5.2304688 2.8496094
vt -6.0742188 3.3671875
vt -6.0703125 2.84375
vt -6.0976562 3.3652344
vt -6.09375 2.8417969
vt -6.8710938 3.3652344
vt -6.8710938 2.8417969
vt -4.40625 3.3710938
vt -4.40625 2.8476562
vt -4.4375 3.3710938
vt -4.4335938 2.8496094
vt -6.9023438 2.8417969
vt -6.9023438 3.3652344
vt -6.8710938 2.8417969
vt -6.8710938 3.3652344
vt -5.2070312 3.3730469
vt -5.2070312 2.8496094
vt -5.234375 3.3730469
vt -5.2304688 2.8496094
vt -6.0742188 3.3671875
vt -6.0703125 2.84375
vt -6.0976562 3.3652344
vt -6.09375 2.8417969
vt -6.078125 2.8164062
vt -6.8671875 2.8125
vt -6.09375 2.8417969
vt -6.8710938 2.8417969
vt -5.2148438 2.8222656
vt -6.078125 2.8164062
vt -5.2304688 2.8496094
vt -6.0703125 2.84375
vt -4.421875 2.8203125
vt -5.2148438 2.8222656
vt -4.4335938 2.8496094
vt -5.2070312 2.8496094
vt -3.5742188 2.8027344
vt -4.421875 2.8203125
vt -3.5703125 2.8320312
vt -4.40625 2.8476562
vt -1.6015625 3.0644531
vt -1.6054688 2.875
vt -1.9160156 3.0859375
vt -1.9257812 2.8984375
vt -1.9414062 3.0878906
vt -1.9443359 2.9003906
vt -2.4316406 3.0976562
vt -2.4296875 2.9082031
vt -2.4589844 3.0957031
vt -2.4453125 2.9082031
vt -2.7753906 3.0703125
vt -2.765625 2.8828125
vt -2.8007812 3.0683594
vt -2.7832031 2.8808594
vt -3.2890625 3.0117188
vt -3.2675781 2.8242188
vt -1.9160156 3.0859375
vt -1.9257812 2.8984375
vt -1.9414062 3.0878906
vt -1.9443359 2.9003906
vt -2.4316406 3.0976562
vt -2.4296875 2.9082031
vt -2.4589844 3.0957031
vt -2.4453125 2.9082031
vt -2.7753906 3.0703125
vt -2.765625 2.8828125
vt -2.8007812 3.0683594
vt -2.7832031 2.8808594
vt -2.7714844 2.8632812
vt -3.2675781 2.8066406
vt -2.7832031 2.8808594
vt -3.2675781 2.8242188
vt -2.4355469 2.8886719
vt -2.7714844 2.8632812
vt -2.4453125 2.9082031
vt -2.765625 2.8828125
vt -1.9365234 2.8808594
vt -2.4355469 2.8886719
vt -1.9443359 2.9003906
vt -2.4296875 2.9082031
vt -1.609375 2.8535156
vt -1.9365234 2.8808594
vt -1.6054688 2.875
vt -1.9257812 2.8984375
vt -1.6972656 7.3945312
vt -1.7070312 6.8710938
vt -2.5410156 7.4101562
vt -2.5449219 6.8867188
vt -2.5703125 7.4101562
vt -2.5703125 6.8867188
vt -3.34375 7.4101562
vt -3.3417969 6.8867188
vt -3.3730469 7.4101562
vt -3.3652344 6.8867188
vt -4.21875 7.390625
vt -4.203125 6.8671875
vt -4.25 7.390625
vt -4.2226562 6.8671875
vt -5.0273438 7.3476562
vt -5 6.8242188
vt -2.5410156 7.4101562
vt -2.5449219 6.8867188
vt -2.5703125 7.4101562
vt -2.5703125 6.8867188
vt -5.03125 6.8203125
vt -5.0585938 7.34375
vt -5 6.8242188
vt -5.0273438 7.3476562
vt -3.34375 7.4101562
vt -3.3417969 6.8867188
vt -3.3730469 7.4101562
vt -3.3652344 6.8867188
vt -4.21875 7.390625
vt -4.203125 6.8671875
vt -4.25 7.390625
vt -4.2226562 6.8671875
vt -4.2109375 6.8398438
vt -4.9960938 6.7929688
vt -4.2226562 6.8671875
vt -5 6.8242188
vt -3.3515625 6.859375
vt -4.2109375 6.8398438
vt -3.3652344 6.8867188
vt -4.203125 6.8671875
vt -2.5585938 6.859375
vt -3.3515625 6.859375
vt -2.5703125 6.8867188
vt -3.3417969 6.8867188
vt -1.7109375 6.84375
vt -2.5585938 6.859375
vt -1.7070312 6.8710938
vt -2.5449219 6.8867188
vt -2.3730469 6.3476562
vt -2.3671875 5.5976562
vt -2.71875 6.3515625
vt -2.7167969 5.5976562
vt -2.7402344 6.3515625
vt -2.734375 5.5976562
vt -3.046875 6.3476562
vt -3.0429688 5.5976562
vt -3.0683594 6.3476562
vt -3.0605469 5.59375
vt -3.4082031 6.34375
vt -3.4121094 5.59375
vt -3.4277344 6.34375
vt -3.4296875 5.59375
vt -3.7382812 6.3476562
vt -3.7382812 5.59375
vt -2.71875 6.3515625
vt -2.7167969 5.5976562
vt -2.7402344 6.3515625
vt -2.734375 5.5976562
vt -3.046875 6.3476562
vt -3.0429688 5.5976562
vt -3.0683594 6.3476562
vt -3.0605469 5.59375
vt -3.4082031 6.34375
vt -3.4121094 5.59375
vt -3.4277344 6.34375
vt -3.4296875 5.59375
vt -3.4179688 5.5742188
vt -3.7402344 5.5742188
vt -3.4296875 5.59375
vt -3.7382812 5.59375
vt -3.0488281 5.578125
vt -3.4179688 5.5742188
vt -3.0605469 5.59375
vt -3.4121094 5.59375
vt -2.7246094 5.5820312
vt -3.0488281 5.578125
vt -2.734375 5.5976562
vt -3.0429688 5.5976562
vt -2.3691406 5.578125
vt -2.7246094 5.5820312
vt -2.3671875 5.5976562
vt -2.7167969 5.5976562
vt -1.1142578 2.6640625
vt -1.109375 2.2929688
vt -1.4746094 2.671875
vt -1.4755859 2.3027344
vt -1.5068359 2.6738281
vt -1.5 2.3027344
vt -1.8984375 2.6699219
vt -1.890625 2.2988281
vt -1.9296875 2.6699219
vt -1.9121094 2.2988281
vt -2.2890625 2.6523438
vt -2.2773438 2.28125
vt -2.3203125 2.6503906
vt -2.3007812 2.28125
vt -2.7167969 2.6308594
vt -2.6933594 2.2597656
vt -1.4746094 2.671875
vt -1.4755859 2.3027344
vt -1.5068359 2.6738281
vt -1.5 2.3027344
vt -1.8984375 2.6699219
vt -1.890625 2.2988281
vt -1.9296875 2.6699219
vt -1.9121094 2.2988281
vt -2.2890625 2.6523438
vt -2.2773438 2.28125
vt -2.3203125 2.6503906
vt -2.3007812 2.28125
vt -2.2871094 2.2519531
vt -2.6933594 2.2304688
vt -2.3007812 2.28125
vt -2.6933594 2.2597656
vt -1.8994141 2.2695312
vt -2.2871094 2.2519531
vt -1.9121094 2.2988281
vt -2.2773438 2.28125
vt -1.4892578 2.2734375
vt -1.8994141 2.2695312
vt -1.5 2.3027344
vt -1.890625 2.2988281
vt -1.1132812 2.2617188
vt -1.4892578 2.2734375
vt -1.109375 2.2929688
vt -1.4755859 2.3027344
vt -10.8984375 -4.1914062
vt -10.984375 -5.3945312
vt -11.1875 -4.171875
vt -11.265625 -5.3710938
vt -11.234375 -4.1679688
vt -11.296875 -5.3671875
vt -11.703125 -4.140625
vt -11.75 -5.3398438
vt -11.75 -4.140625
vt -11.7890625 -5.3398438
vt -12.0390625 -4.1328125
vt -12.0625 -5.3320312
vt -12.09375 -4.1328125
vt -12.09375 -5.3320312
vt -12.5546875 -4.1367188
vt -12.5546875 -5.3398438
vt -11.1875 -4.171875
vt -11.265625 -5.3710938
vt -11.234375 -4.1679688
vt -11.296875 -5.3671875
vt -11.703125 -4.140625
vt -11.75 -5.3398438
vt -11.75 -4.140625
vt -11.7890625 -5.3398438
vt -12.0390625 -4.1328125
vt -12.0625 -5.3320312
vt -12.09375 -4.1328125
vt -12.09375 -5.3320312
vt -11.7734375 -5.421875
vt -12.078125 -5.4179688
vt -11.7890625 -5.3398438
vt -12.0625 -5.3320312
vt -11.28125 -5.4140625
vt -11.7734375 -5.421875
vt -11.296875 -5.3671875
vt -11.75 -5.3398438
vt -10.390625 7.4414062
vt -10.390625 7.421875
vt -10.4140625 7.4375
vt -8.484375 7.4414062
vt -8.46875 7.4414062
vt -8.4765625 7.4257812
vt -9.6484375 7.4414062
vt -9.6484375 7.421875
vt -9.6640625 7.4414062
vt -9.2265625 7.4414062
vt -9.2109375 7.4414062
vt -9.21875 7.4257812
vt -6.3515625 3.8007812
vt -6.3515625 3.7597656
vt -6.3867188 3.7871094
vt -3.1835938 3.9550781
vt -3.1523438 3.9511719
vt -3.1660156 3.9179688
vt -5.1210938 3.9101562
vt -5.1289062 3.875
vt -5.1523438 3.9121094
vt -4.4140625 3.9492188
vt -4.3828125 3.9550781
vt -4.3945312 3.9160156
vt -4.609375 7.6210938
vt -4.6132812 7.5820312
vt -4.6445312 7.609375
vt -2.3730469 7.7070312
vt -2.34375 7.703125
vt -2.3554688 7.6757812
vt -3.8027344 7.6757812
vt -3.8105469 7.6445312
vt -3.828125 7.6757812
vt -3.1777344 7.703125
vt -3.1523438 7.7070312
vt -3.1640625 7.671875
vt 3.2226562 -1.0996094
vt 3.2265625 -1.5205078
vt 2.4882812 -1.09375
vt 2.4921875 -1.5146484
vt -9.6484375 7.421875
vt -10.390625 7.421875
vt -9.6640625 7.4414062
vt -10.390625 7.4414062
vt -9.21875 7.4257812
vt -9.6484375 7.421875
vt -9.2265625 7.4414062
vt -9.6484375 7.4414062
vt -8.4765625 7.4257812
vt -9.21875 7.4257812
vt -8.484375 7.4414062
vt -9.2109375 7.4414062
vt -8.0546875 7.421875
vt -8.4765625 7.4257812
vt -8.046875 7.4414062
vt -8.46875 7.4414062
vt 2.7363281 -0.58251953
vt 2.7578125 -1.3007812
vt 1.5263672 -0.5966797
vt 1.546875 -1.3144531
vt -5.1289062 3.875
vt -6.3515625 3.7597656
vt -5.1523438 3.9121094
vt -6.3515625 3.8007812
vt -4.3945312 3.9160156
vt -5.1289062 3.875
vt -4.4140625 3.9492188
vt -5.1210938 3.9101562
vt -3.1660156 3.9179688
vt -4.3945312 3.9160156
vt -3.1835938 3.9550781
vt -4.3828125 3.9550781
vt -2.4433594 3.9023438
vt -3.1660156 3.9179688
vt -2.4414062 3.9355469
vt -3.1523438 3.9511719
vt 2.5351562 -0.625
vt 2.5371094 -1.2578125
vt 1.7460938 -0.63916016
vt 1.7480469 -1.2714844
vt -3.8105469 7.6445312
vt -4.6132812 7.5820312
vt -3.828125 7.6757812
vt -4.609375 7.6210938
vt -3.1640625 7.671875
vt -3.8105469 7.6445312
vt -3.1777344 7.703125
vt -3.8027344 7.6757812
vt -2.3554688 7.6757812
vt -3.1640625 7.671875
vt -2.3730469 7.7070312
vt -3.1523438 7.7070312
vt -1.7197266 7.6679688
vt -2.3554688 7.6757812
vt -1.7177734 7.6992188
vt -2.34375 7.703125
vt 8.296875 -3.5039062
vt 8.3671875 -4.8867188
vt 6.0273438 -3.5234375
vt 6.0976562 -4.90625
vt 5.8710938 -3.9902344
vt 5.8554688 -4.8359375
vt 5.09375 -3.9902344
vt 5.078125 -4.8320312
vt 5.4648438 -3.2480469
vt 5.4648438 -3.5722656
vt 4.9726562 -3.2382812
vt 4.9765625 -3.5644531
vt 5.8710938 -3.9902344
vt 5.8554688 -4.8359375
vt 5.09375 -3.9902344
vt 5.078125 -4.8320312
vt 5.3867188 -3.2246094
vt 5.3632812 -3.578125
vt 5.0742188 -3.2324219
vt 5.0507812 -3.5859375
vt 5.4179688 -3.2246094
vt 5.4179688 -3.5976562
vt 5.0234375 -3.2128906
vt 5.0195312 -3.5859375
vt 5.484375 -3.9023438
vt 5.4648438 -4.1875
vt 5.015625 -3.8886719
vt 5 -4.1757812
vt 0.0026779175 0.9428711
vt 0.020339966 0.6533203
vt 0.0026779175 0.6533203
vt 0.021469116 0.9428711
vt 0.032287598 0.6533203
vt 0.011489868 0.6533203
vt 0.024475098 0.9428711
vt 0.028869629 0.6533203
vt 0.008972168 0.6533203
vt 0.040161133 0.9428711
vt 0.046905518 0.6533203
vt 0.026031494 0.6533203
vt 0.027450562 0.9404297
vt 0.027450562 0.61035156
vt 0.027450562 0.61035156
vt 0.027450562 0.9404297
vt 0.027450562 0.61035156
vt 0.027450562 0.61035156
vt 0.027450562 0.9404297
vt 0.027450562 0.61035156
vt 0.027450562 0.61035156
vt 0.027450562 0.9404297
vt 0.027450562 0.61035156
vt 0.027450562 0.61035156
vt 0.027450562 0.9404297
vt 0.027450562 0.61035156
vt 0.027450562 0.61035156
vt 0.027450562 0.9404297
vt 0.027450562 0.61035156
vt 0.027450562 0.61035156
vt 0.027450562 0.9404297
vt 0.027450562 0.61035156
vt 0.027450562 0.61035156
vt 0.027450562 0.9404297
vt 0.027450562 0.61035156
vt 0.027450562 0.61035156
vt 0.018920898 0.9404297
vt 0.018920898 0.61035156
vt 0.018920898 0.61035156
vt 0.018920898 0.9404297
vt 0.018920898 0.61035156
vt 0.018920898 0.61035156
vt 0.018920898 0.9404297
vt 0.018920898 0.61035156
vt 0.018920898 0.61035156
vt 0.018920898 0.9404297
vt 0.018920898 0.61035156
vt 0.018920898 0.61035156
vt 0.018920898 0.9404297
vt 0.018920898 0.61035156
vt 0.018920898 0.61035156
vt 0.018920898 0.9404297
vt 0.018920898 0.61035156
vt 0.018920898 0.61035156
vt 0.018920898 0.9404297
vt 0.018920898 0.61035156
vt 0.018920898 0.61035156
vt 0.018920898 0.9404297
vt 0.018920898 0.61035156
vt 0.018920898 0.61035156
vt 0.0016212463 0.9428711
vt 0.00982666 0.6533203
vt 0.0016212463 0.6533203
vt 0.010345459 0.9428711
vt 0.01537323 0.6533203
vt 0.005710602 0.6533203
vt 0.011741638 0.9428711
vt 0.0137786865 0.6533203
vt 0.0045433044 0.6533203
vt 0.019012451 0.9428711
vt 0.022155762 0.6533203
vt 0.012458801 0.6533203
vt 0.0016212463 0.04699707
vt 0.0016212463 0.6533203
vt 0.00982666 0.04699707
vt 0.00982666 0.6533203
vt 0.00982666 0.04699707
vt 0.0016212463 0.6533203
vt 0.005256653 0.04699707
vt 0.005710602 0.6533203
vt 0.020462036 0.04699707
vt 0.01537323 0.6533203
vt 0.020462036 0.04699707
vt 0.005710602 0.6533203
vt 0.00070619583 0.04699707
vt 0.0045433044 0.6533203
vt 0.016036987 0.04699707
vt 0.0137786865 0.6533203
vt 0.016036987 0.04699707
vt 0.0045433044 0.6533203
vt 0.010597229 0.04699707
vt 0.012458801 0.6533203
vt 0.025527954 0.04699707
vt 0.022155762 0.6533203
vt 0.025527954 0.04699707
vt 0.012458801 0.6533203
vt 0.01537323 0.6533203
vt 0.010345459 0.9428711
vt 0.3720703 0.6533203
vt 0.3720703 0.9428711
vt 0.3720703 0.6533203
vt 0.010345459 0.9428711
vt 0.022155762 0.6533203
vt 0.019012451 0.9428711
vt 0.45874023 0.6533203
vt 0.4633789 0.9428711
vt 0.45874023 0.6533203
vt 0.019012451 0.9428711
vt 0.00982666 0.6533203
vt 0.0016212463 0.9428711
vt 0.4555664 0.9428711
vt 0.025527954 0.04699707
vt 0.022155762 0.6533203
vt 0.45825195 0.04699707
vt 0.45874023 0.6533203
vt 0.45825195 0.04699707
vt 0.022155762 0.6533203
vt 0.00982666 0.6533203
vt 0.4555664 0.9428711
vt 0.4482422 0.6533203
vt 0.018920898 0.9404297
vt 0.018920898 0.61035156
vt 0.018920898 0.61035156
vt 0.018920898 0.9404297
vt 0.018920898 0.61035156
vt 0.018920898 0.61035156
vt 0.018920898 0.9404297
vt 0.018920898 0.61035156
vt 0.018920898 0.61035156
vt 0.018920898 0.9404297
vt 0.018920898 0.61035156
vt 0.018920898 0.61035156
vt 0.0016212463 0.9428711
vt 0.00982666 0.6533203
vt 0.0016212463 0.6533203
vt 0.010345459 0.9428711
vt 0.01537323 0.6533203
vt 0.005710602 0.6533203
vt 0.011741638 0.9428711
vt 0.0137786865 0.6533203
vt 0.0045433044 0.6533203
vt 0.019012451 0.9428711
vt 0.022155762 0.6533203
vt 0.012458801 0.6533203
vt 0.0016212463 0.04699707
vt 0.0016212463 0.6533203
vt 0.00982666 0.04699707
vt 0.00982666 0.6533203
vt 0.00982666 0.04699707
vt 0.0016212463 0.6533203
vt 0.005256653 0.04699707
vt 0.005710602 0.6533203
vt 0.020462036 0.04699707
vt 0.01537323 0.6533203
vt 0.020462036 0.04699707
vt 0.005710602 0.6533203
vt 0.00070619583 0.04699707
vt 0.0045433044 0.6533203
vt 0.016036987 0.04699707
vt 0.0137786865 0.6533203
vt 0.016036987 0.04699707
vt 0.0045433044 0.6533203
vt 0.010597229 0.04699707
vt 0.012458801 0.6533203
vt 0.025527954 0.04699707
vt 0.022155762 0.6533203
vt 0.025527954 0.04699707
vt 0.012458801 0.6533203
vt 0.01537323 0.6533203
vt 0.010345459 0.9428711
vt 0.3720703 0.6533203
vt 0.3720703 0.9428711
vt 0.3720703 0.6533203
vt 0.010345459 0.9428711
vt 0.00982666 0.6533203
vt 0.0016212463 0.9428711
vt 0.4555664 0.9428711
vt 0.025527954 0.04699707
vt 0.022155762 0.6533203
vt 0.45825195 0.04699707
vt 0.45874023 0.6533203
vt 0.45825195 0.04699707
vt 0.022155762 0.6533203
vt 0.00982666 0.6533203
vt 0.4555664 0.9428711
vt 0.4482422 0.6533203
vt 0.0016212463 0.9428711
vt 0.00982666 0.6533203
vt 0.0016212463 0.6533203
vt 0.010345459 0.9428711
vt 0.01537323 0.6533203
vt 0.005710602 0.6533203
vt 0.011741638 0.9428711
vt 0.0137786865 0.6533203
vt 0.0045433044 0.6533203
vt 0.019012451 0.9428711
vt 0.022155762 0.6533203
vt 0.012458801 0.6533203
vt 0.0016212463 0.04699707
vt 0.0016212463 0.6533203
vt 0.00982666 0.04699707
vt 0.00982666 0.6533203
vt 0.00982666 0.04699707
vt 0.0016212463 0.6533203
vt 0.005256653 0.04699707
vt 0.005710602 0.6533203
vt 0.020462036 0.04699707
vt 0.01537323 0.6533203
vt 0.020462036 0.04699707
vt 0.005710602 0.6533203
vt 0.00070619583 0.04699707
vt 0.0045433044 0.6533203
vt 0.016036987 0.04699707
vt 0.0137786865 0.6533203
vt 0.016036987 0.04699707
vt 0.0045433044 0.6533203
vt 0.010597229 0.04699707
vt 0.012458801 0.6533203
vt 0.025527954 0.04699707
vt 0.022155762 0.6533203
vt 0.025527954 0.04699707
vt 0.012458801 0.6533203
vt 0.01537323 0.6533203
vt 0.010345459 0.9428711
vt 0.3720703 0.6533203
vt 0.3720703 0.9428711
vt 0.3720703 0.6533203
vt 0.010345459 0.9428711
vt 0.022155762 0.6533203
vt 0.019012451 0.9428711
vt 0.45874023 0.6533203
vt 0.4633789 0.9428711
vt 0.45874023 0.6533203
vt 0.019012451 0.9428711
vt 0.00982666 0.6533203
vt 0.0016212463 0.9428711
vt 0.4555664 0.9428711
vt 0.00982666 0.6533203
vt 0.4555664 0.9428711
vt 0.4482422 0.6533203
vt 0.0026893616 0.9428711
vt 0.020477295 0.6533203
vt 0.0026893616 0.6533203
vt 0.021591187 0.9428711
vt 0.03250122 0.6533203
vt 0.011558533 0.6533203
vt 0.024627686 0.9428711
vt 0.029052734 0.6533203
vt 0.009025574 0.6533203
vt 0.040405273 0.9428711
vt 0.047180176 0.6533203
vt 0.026184082 0.6533203
vt 0.0026779175 0.04699707
vt 0.0026779175 0.6533203
vt 0.020339966 0.04699707
vt 0.020339966 0.6533203
vt 0.010505676 0.04699707
vt 0.011489868 0.6533203
vt 0.04324341 0.04699707
vt 0.032287598 0.6533203
vt 0.00070619583 0.04699707
vt 0.008972168 0.6533203
vt 0.033721924 0.04699707
vt 0.028869629 0.6533203
vt 0.022003174 0.04699707
vt 0.026031494 0.6533203
vt 0.05419922 0.04699707
vt 0.046905518 0.6533203
vt 0.032287598 0.6533203
vt 0.021469116 0.9428711
vt 0.80078125 0.6533203
vt 0.80078125 0.9428711
vt 0.046905518 0.6533203
vt 0.040161133 0.9428711
vt 0.9873047 0.6533203
vt 0.9970703 0.9428711
vt 0.028869629 0.6533203
vt 0.024475098 0.9428711
vt 0.80029297 0.6533203
vt 0.8144531 0.9428711
vt 0.020339966 0.6533203
vt 0.0026779175 0.9428711
vt 0.96484375 0.6533203
vt 0.98046875 0.9428711
vt 0.04324341 0.04699707
vt 0.032287598 0.6533203
vt 0.80078125 0.04699707
vt 0.80078125 0.6533203
vt 0.05419922 0.04699707
vt 0.046905518 0.6533203
vt 0.9863281 0.04699707
vt 0.9873047 0.6533203
vt 0.033721924 0.04699707
vt 0.028869629 0.6533203
vt 0.79589844 0.04699707
vt 0.80029297 0.6533203
vt 0.020339966 0.04699707
vt 0.020339966 0.6533203
vt 0.95654297 0.04699707
vt 0.96484375 0.6533203
vt 0.027450562 0.006668091
vt 0.027450562 0.61035156
vt 0.027450562 0.006668091
vt 0.027450562 0.61035156
vt 0.027450562 0.006668091
vt 0.027450562 0.61035156
vt 0.027450562 0.006668091
vt 0.027450562 0.61035156
vt 0.027450562 0.006668091
vt 0.027450562 0.61035156
vt 0.027450562 0.006668091
vt 0.027450562 0.61035156
vt 0.027450562 0.006668091
vt 0.027450562 0.61035156
vt 0.027450562 0.006668091
vt 0.027450562 0.61035156
vt 0.027450562 0.61035156
vt 0.027450562 0.9404297
vt 0.96533203 0.61035156
vt 0.96533203 0.9404297
vt 0.027450562 0.61035156
vt 0.027450562 0.9404297
vt 0.9682617 0.61035156
vt 0.9682617 0.9404297
vt 0.027450562 0.61035156
vt 0.027450562 0.9404297
vt 0.96533203 0.61035156
vt 0.96533203 0.9404297
vt 0.027450562 0.61035156
vt 0.027450562 0.9404297
vt 0.9682617 0.61035156
vt 0.9682617 0.9404297
vt 0.027450562 0.006668091
vt 0.027450562 0.61035156
vt 0.96533203 0.006668091
vt 0.96533203 0.61035156
vt 0.027450562 0.006668091
vt 0.027450562 0.61035156
vt 0.9682617 0.006668091
vt 0.9682617 0.61035156
vt 0.027450562 0.006668091
vt 0.027450562 0.61035156
vt 0.96533203 0.006668091
vt 0.96533203 0.61035156
vt 0.027450562 0.006668091
vt 0.027450562 0.61035156
vt 0.9682617 0.006668091
vt 0.9682617 0.61035156
vt 0.027450562 0.006668091
vt 0.027450562 0.61035156
vt 0.027450562 0.006668091
vt 0.027450562 0.61035156
vt 0.027450562 0.006668091
vt 0.027450562 0.61035156
vt 0.027450562 0.006668091
vt 0.027450562 0.61035156
vt 0.027450562 0.006668091
vt 0.027450562 0.61035156
vt 0.027450562 0.006668091
vt 0.027450562 0.61035156
vt 0.027450562 0.006668091
vt 0.027450562 0.61035156
vt 0.027450562 0.006668091
vt 0.027450562 0.61035156
vt 0.027450562 0.61035156
vt 0.027450562 0.9404297
vt 0.96533203 0.61035156
vt 0.96533203 0.9404297
vt 0.027450562 0.61035156
vt 0.027450562 0.9404297
vt 0.9682617 0.61035156
vt 0.9682617 0.9404297
vt 0.027450562 0.61035156
vt 0.027450562 0.9404297
vt 0.96533203 0.61035156
vt 0.96533203 0.9404297
vt 0.027450562 0.61035156
vt 0.027450562 0.9404297
vt 0.9682617 0.61035156
vt 0.9682617 0.9404297
vt 0.027450562 0.006668091
vt 0.027450562 0.61035156
vt 0.96533203 0.006668091
vt 0.96533203 0.61035156
vt 0.027450562 0.006668091
vt 0.027450562 0.61035156
vt 0.9682617 0.006668091
vt 0.9682617 0.61035156
vt 0.027450562 0.006668091
vt 0.027450562 0.61035156
vt 0.96533203 0.006668091
vt 0.96533203 0.61035156
vt 0.027450562 0.006668091
vt 0.027450562 0.61035156
vt 0.9682617 0.006668091
vt 0.9682617 0.61035156
vt 0.018920898 0.006668091
vt 0.018920898 0.61035156
vt 0.018920898 0.006668091
vt 0.018920898 0.61035156
vt 0.018920898 0.006668091
vt 0.018920898 0.61035156
vt 0.018920898 0.006668091
vt 0.018920898 0.61035156
vt 0.018920898 0.006668091
vt 0.018920898 0.61035156
vt 0.018920898 0.006668091
vt 0.018920898 0.61035156
vt 0.018920898 0.006668091
vt 0.018920898 0.61035156
vt 0.018920898 0.006668091
vt 0.018920898 0.61035156
vt 0.018920898 0.61035156
vt 0.018920898 0.9404297
vt 0.65771484 0.61035156
vt 0.65771484 0.9404297
vt 0.018920898 0.61035156
vt 0.018920898 0.9404297
vt 0.65966797 0.61035156
vt 0.65966797 0.9404297
vt 0.018920898 0.61035156
vt 0.018920898 0.9404297
vt 0.65771484 0.61035156
vt 0.65771484 0.9404297
vt 0.018920898 0.61035156
vt 0.018920898 0.9404297
vt 0.65966797 0.61035156
vt 0.65966797 0.9404297
vt 0.018920898 0.006668091
vt 0.018920898 0.61035156
vt 0.65771484 0.006668091
vt 0.65771484 0.61035156
vt 0.018920898 0.006668091
vt 0.018920898 0.61035156
vt 0.65966797 0.006668091
vt 0.65966797 0.61035156
vt 0.018920898 0.006668091
vt 0.018920898 0.61035156
vt 0.65771484 0.006668091
vt 0.65771484 0.61035156
vt 0.018920898 0.006668091
vt 0.018920898 0.61035156
vt 0.65966797 0.006668091
vt 0.65966797 0.61035156
vt 0.018920898 0.006668091
vt 0.018920898 0.61035156
vt 0.018920898 0.006668091
vt 0.018920898 0.61035156
vt 0.018920898 0.006668091
vt 0.018920898 0.61035156
vt 0.018920898 0.006668091
vt 0.018920898 0.61035156
vt 0.018920898 0.006668091
vt 0.018920898 0.61035156
vt 0.018920898 0.006668091
vt 0.018920898 0.61035156
vt 0.018920898 0.006668091
vt 0.018920898 0.61035156
vt 0.018920898 0.006668091
vt 0.018920898 0.61035156
vt 0.25195312 0.9404297
vt 0.25195312 0.61035156
vt 0.018920898 0.9404297
vt 0.018920898 0.61035156
vt 0.25195312 0.006668091
vt 0.018920898 0.006668091
vt 0.018920898 0.61035156
vt 0.018920898 0.9404297
vt 0.31054688 0.61035156
vt 0.3137207 0.9404297
vt 0.25634766 0.9404297
vt 0.25170898 0.61035156
vt 0.018920898 0.9404297
vt 0.018920898 0.61035156
vt 0.25048828 0.006668091
vt 0.018920898 0.006668091
vt 0.018920898 0.61035156
vt 0.018920898 0.9404297
vt 0.3034668 0.61035156
vt 0.3083496 0.9404297
vt 0.018920898 0.006668091
vt 0.018920898 0.61035156
vt 0.31030273 0.006668091
vt 0.31054688 0.61035156
vt 0.018920898 0.006668091
vt 0.018920898 0.61035156
vt 0.3010254 0.006668091
vt 0.3034668 0.61035156
vt 0.0137786865 0.6533203
vt 0.011741638 0.9428711
vt 0.37182617 0.6533203
vt 0.37841797 0.9428711
vt 0.020462036 0.04699707
vt 0.01537323 0.6533203
vt 0.3720703 0.04699707
vt 0.3720703 0.6533203
vt 0.016036987 0.04699707
vt 0.0137786865 0.6533203
vt 0.36987305 0.04699707
vt 0.37182617 0.6533203
vt 0.00982666 0.04699707
vt 0.00982666 0.6533203
vt 0.44433594 0.04699707
vt 0.4482422 0.6533203
vt 0.018920898 0.006668091
vt 0.018920898 0.61035156
vt 0.018920898 0.006668091
vt 0.018920898 0.61035156
vt 0.018920898 0.006668091
vt 0.018920898 0.61035156
vt 0.018920898 0.006668091
vt 0.018920898 0.61035156
vt 0.018920898 0.006668091
vt 0.018920898 0.61035156
vt 0.018920898 0.006668091
vt 0.018920898 0.61035156
vt 0.018920898 0.006668091
vt 0.018920898 0.61035156
vt 0.018920898 0.006668091
vt 0.018920898 0.61035156
vt 0.25195312 0.9404297
vt 0.25195312 0.61035156
vt 0.018920898 0.9404297
vt 0.018920898 0.61035156
vt 0.25195312 0.006668091
vt 0.018920898 0.006668091
vt 0.018920898 0.61035156
vt 0.018920898 0.9404297
vt 0.31054688 0.61035156
vt 0.3137207 0.9404297
vt 0.25634766 0.9404297
vt 0.25170898 0.61035156
vt 0.018920898 0.9404297
vt 0.018920898 0.61035156
vt 0.25048828 0.006668091
vt 0.018920898 0.006668091
vt 0.018920898 0.61035156
vt 0.018920898 0.9404297
vt 0.3034668 0.61035156
vt 0.3083496 0.9404297
vt 0.018920898 0.006668091
vt 0.018920898 0.61035156
vt 0.31030273 0.006668091
vt 0.31054688 0.61035156
vt 0.018920898 0.006668091
vt 0.018920898 0.61035156
vt 0.3010254 0.006668091
vt 0.3034668 0.61035156
vt 0.022155762 0.6533203
vt 0.019012451 0.9428711
vt 0.45874023 0.6533203
vt 0.4633789 0.9428711
vt 0.0137786865 0.6533203
vt 0.011741638 0.9428711
vt 0.37182617 0.6533203
vt 0.37841797 0.9428711
vt 0.020462036 0.04699707
vt 0.01537323 0.6533203
vt 0.3720703 0.04699707
vt 0.3720703 0.6533203
vt 0.016036987 0.04699707
vt 0.0137786865 0.6533203
vt 0.36987305 0.04699707
vt 0.37182617 0.6533203
vt 0.00982666 0.04699707
vt 0.00982666 0.6533203
vt 0.44433594 0.04699707
vt 0.4482422 0.6533203
vt 0.0137786865 0.6533203
vt 0.011741638 0.9428711
vt 0.37182617 0.6533203
vt 0.37841797 0.9428711
vt 0.020462036 0.04699707
vt 0.01537323 0.6533203
vt 0.3720703 0.04699707
vt 0.3720703 0.6533203
vt 0.025527954 0.04699707
vt 0.022155762 0.6533203
vt 0.45825195 0.04699707
vt 0.45874023 0.6533203
vt 0.016036987 0.04699707
vt 0.0137786865 0.6533203
vt 0.36987305 0.04699707
vt 0.37182617 0.6533203
vt 0.00982666 0.04699707
vt 0.00982666 0.6533203
vt 0.44433594 0.04699707
vt 0.4482422 0.6533203
vt 0.0026893616 0.04699707
vt 0.0026893616 0.6533203
vt 0.020477295 0.04699707
vt 0.020477295 0.6533203
vt 0.010574341 0.04699707
vt 0.011558533 0.6533203
vt 0.043518066 0.04699707
vt 0.03250122 0.6533203
vt 0.00070619583 0.04699707
vt 0.009025574 0.6533203
vt 0.033935547 0.04699707
vt 0.029052734 0.6533203
vt 0.022140503 0.04699707
vt 0.026184082 0.6533203
vt 0.054534912 0.04699707
vt 0.047180176 0.6533203
vt 0.03250122 0.6533203
vt 0.021591187 0.9428711
vt 0.80566406 0.6533203
vt 0.80566406 0.9428711
vt 0.047180176 0.6533203
vt 0.040405273 0.9428711
vt 0.99365234 0.6533203
vt 1.0039062 0.9428711
vt 0.029052734 0.6533203
vt 0.024627686 0.9428711
vt 0.8051758 0.6533203
vt 0.81933594 0.9428711
vt 0.020477295 0.6533203
vt 0.0026893616 0.9428711
vt 0.9707031 0.6533203
vt 0.9863281 0.9428711
vt 0.043518066 0.04699707
vt 0.03250122 0.6533203
vt 0.80566406 0.04699707
vt 0.80566406 0.6533203
vt 0.054534912 0.04699707
vt 0.047180176 0.6533203
vt 0.9926758 0.04699707
vt 0.99365234 0.6533203
vt 0.033935547 0.04699707
vt 0.029052734 0.6533203
vt 0.80126953 0.04699707
vt 0.8051758 0.6533203
vt 0.020477295 0.04699707
vt 0.020477295 0.6533203
vt 0.96240234 0.04699707
vt 0.9707031 0.6533203
vt 3.9746094 1.1689453
vt 3.265625 1.1435547
vt 3.96875 1.5751953
vt 3.2597656 1.5507812
vt 3.4550781 1.3720703
vt 2.2792969 1.3916016
vt 3.4785156 2.0566406
vt 2.3027344 2.0761719
vt 3.2539062 1.4130859
vt 2.4980469 1.4316406
vt 3.2617188 2.0175781
vt 2.5039062 2.0351562
vt 4.9609375 2.5078125
vt 2.7539062 2.5175781
vt 5.0234375 3.828125
vt 2.8144531 3.8378906
vt 2.4335938 2.4472656
vt 2.4453125 3.2246094
vt 3.2792969 2.4511719
vt 3.2890625 3.2285156
vt 5.25 3.0273438
vt 4.7851562 3.03125
vt 5.2617188 3.3359375
vt 4.7929688 3.3398438
vt 2.4375 2.4433594
vt 2.4414062 3.2207031
vt 3.28125 2.4550781
vt 3.2871094 3.2324219
vt 5.171875 3.0078125
vt 4.8867188 3.0234375
vt 5.15625 3.3457031
vt 4.8710938 3.359375
vt 5.1992188 3.0097656
vt 4.8359375 3.0078125
vt 5.2070312 3.3613281
vt 4.84375 3.359375
vt 4.1289062 4.5351562
vt 3.6992188 4.53125
vt 4.1171875 4.8046875
vt 3.6855469 4.8046875
vn 0.4855957 0.0006790161 0.87402344
vn 0.4855957 0.0006790161 0.87402344
vn 0.4855957 0.0006790161 0.87402344
vn 0.4855957 0.00067949295 0.87402344
vn 0.4855957 0.00067949295 0.87402344
vn 0.4855957 0.00067949295 0.87402344
vn -0.21582031 0.0022964478 0.9765625
vn -0.21582031 0.0022964478 0.9765625
vn -0.21582031 0.0022964478 0.9765625
vn -0.21569824 0.002298355 0.9765625
vn -0.21569824 0.002298355 0.9765625
vn -0.21569824 0.002298355 0.9765625
vn 0.76464844 0.0021896362 0.64453125
vn 0.76464844 0.0021896362 0.64453125
vn 0.76464844 0.0021896362 0.64453125
vn 0.76464844 0.0021896362 0.64453125
vn 0.76464844 0.0021896362 0.64453125
vn 0.76464844 0.0021896362 0.64453125
vn -0.76464844 6.556511E-07 -0.64453125
vn -0.76464844 6.556511E-07 -0.64453125
vn -0.76464844 6.556511E-07 -0.64453125
vn -0.76464844 2.2649765E-06 -0.64453125
vn -0.76464844 2.2649765E-06 -0.64453125
vn -0.76464844 2.2649765E-06 -0.64453125
vn 0.21582031 -8.34465E-07 -0.9765625
vn 0.21582031 -8.34465E-07 -0.9765625
vn 0.21582031 -8.34465E-07 -0.9765625
vn 0.21569824 4.172325E-07 -0.9765625
vn 0.21569824 4.172325E-07 -0.9765625
vn 0.21569824 4.172325E-07 -0.9765625
vn -0.64501953 0.0017375946 0.76416016
vn -0.64501953 0.0017375946 0.76416016
vn -0.64501953 0.0017375946 0.76416016
vn -0.64501953 0.0017375946 0.76416016
vn -0.64501953 0.0017375946 0.76416016
vn -0.64501953 0.0017375946 0.76416016
vn 0.3774414 0.0016565323 0.92578125
vn 0.3774414 0.0016565323 0.92578125
vn 0.3774414 0.0016565323 0.92578125
vn 0.3774414 0.0016565323 0.92578125
vn 0.3774414 0.0016565323 0.92578125
vn 0.3774414 0.0016565323 0.92578125
vn -0.3774414 5.9604645E-07 -0.92578125
vn -0.3774414 5.9604645E-07 -0.92578125
vn -0.3774414 5.9604645E-07 -0.92578125
vn -0.3774414 1.4901161E-06 -0.92578125
vn -0.3774414 1.4901161E-06 -0.92578125
vn -0.3774414 1.4901161E-06 -0.92578125
vn 0.64501953 -9.536743E-07 -0.76416016
vn 0.64501953 -9.536743E-07 -0.76416016
vn 0.64501953 -9.536743E-07 -0.76416016
vn 0.64501953 -1.1920929E-07 -0.76416016
vn 0.64501953 -1.1920929E-07 -0.76416016
vn 0.64501953 -1.1920929E-07 -0.76416016
vn 0.47705078 0.002090454 0.87890625
vn 0.47705078 0.002090454 0.87890625
vn 0.47705078 0.002090454 0.87890625
vn 0.47631836 0.002046585 0.87939453
vn 0.47631836 0.002046585 0.87939453
vn 0.47631836 0.002046585 0.87939453
vn -0.47631836 -1.7285347E-06 -0.87939453
vn -0.47631836 -1.7285347E-06 -0.87939453
vn -0.47631836 -1.7285347E-06 -0.87939453
vn -0.47631836 1.4305115E-06 -0.87939453
vn -0.47631836 1.4305115E-06 -0.87939453
vn -0.47631836 1.4305115E-06 -0.87939453
vn 0.27441406 -0.39892578 0.875
vn 0.27441406 -0.39892578 0.875
vn 0.27441406 -0.39892578 0.875
vn -0.74658203 -0.35302734 0.56347656
vn -0.74658203 -0.35302734 0.56347656
vn -0.74658203 -0.35302734 0.56347656
vn 0.65966797 -0.5629883 -0.49804688
vn 0.65966797 -0.5629883 -0.49804688
vn 0.65966797 -0.5629883 -0.49804688
vn -0.5854492 -0.4189453 -0.69384766
vn -0.5854492 -0.4189453 -0.69384766
vn -0.5854492 -0.4189453 -0.69384766
vn 0.66845703 -0.7236328 0.17224121
vn 0.66845703 -0.7236328 0.17224121
vn 0.66845703 -0.7236328 0.17224121
vn 0.7290039 -0.65771484 0.1899414
vn 0.7290039 -0.65771484 0.1899414
vn 0.7290039 -0.65771484 0.1899414
vn 0.1850586 -0.6010742 -0.77783203
vn 0.1850586 -0.6010742 -0.77783203
vn 0.1850586 -0.6010742 -0.77783203
vn 0.16967773 -0.6699219 -0.72314453
vn 0.16967773 -0.6699219 -0.72314453
vn 0.16967773 -0.6699219 -0.72314453
vn 0.4025879 -0.6328125 0.6616211
vn 0.4025879 -0.6328125 0.6616211
vn 0.4025879 -0.6328125 0.6616211
vn -0.6616211 -0.6328125 0.4025879
vn -0.6616211 -0.6328125 0.4025879
vn -0.6616211 -0.6328125 0.4025879
vn 0.6616211 -0.6328125 -0.4025879
vn 0.6616211 -0.6328125 -0.4025879
vn 0.6616211 -0.6328125 -0.4025879
vn -0.4025879 -0.6328125 -0.6616211
vn -0.4025879 -0.6328125 -0.6616211
vn -0.4025879 -0.6328125 -0.6616211
vn 0.64501953 0.0736084 0.7607422
vn 0.64501953 0.0736084 0.7607422
vn 0.64501953 0.0736084 0.7607422
vn 0.64501953 0.0736084 0.7607422
vn 0.64501953 0.0736084 0.7607422
vn 0.64501953 0.0736084 0.7607422
vn 0.3996582 -0.73046875 0.55371094
vn 0.3996582 -0.73046875 0.55371094
vn 0.3996582 -0.73046875 0.55371094
vn -0.52685547 -0.7060547 0.4729004
vn -0.52685547 -0.7060547 0.4729004
vn -0.52685547 -0.7060547 0.4729004
vn 0.47558594 -0.7988281 -0.3684082
vn 0.47558594 -0.7988281 -0.3684082
vn 0.47558594 -0.7988281 -0.3684082
vn -0.44555664 -0.77490234 -0.44848633
vn -0.44555664 -0.77490234 -0.44848633
vn -0.44555664 -0.77490234 -0.44848633
vn 0.36206055 -0.6328125 0.6845703
vn 0.36206055 -0.6328125 0.6845703
vn 0.36206055 -0.6328125 0.6845703
vn -0.6845703 -0.6328125 0.36206055
vn -0.6845703 -0.6328125 0.36206055
vn -0.6845703 -0.6328125 0.36206055
vn 0.6845703 -0.6328125 -0.36206055
vn 0.6845703 -0.6328125 -0.36206055
vn 0.6845703 -0.6328125 -0.36206055
vn -0.36206055 -0.6328125 -0.6845703
vn -0.36206055 -0.6328125 -0.6845703
vn -0.36206055 -0.6328125 -0.6845703
vn 0.6113281 0.012908936 0.7910156
vn 0.6113281 0.012908936 0.7910156
vn 0.6113281 0.012908936 0.7910156
vn 0.6113281 0.012901306 0.7910156
vn 0.6113281 0.012901306 0.7910156
vn 0.6113281 0.012901306 0.7910156
vn 0.4020996 -0.7470703 0.5292969
vn 0.4020996 -0.7470703 0.5292969
vn 0.4020996 -0.7470703 0.5292969
vn -0.5205078 -0.74853516 0.41064453
vn -0.5205078 -0.74853516 0.41064453
vn -0.5205078 -0.74853516 0.41064453
vn 0.51708984 -0.7607422 -0.39160156
vn 0.51708984 -0.7607422 -0.39160156
vn 0.51708984 -0.7607422 -0.39160156
vn -0.40014648 -0.76220703 -0.50878906
vn -0.40014648 -0.76220703 -0.50878906
vn -0.40014648 -0.76220703 -0.50878906
vn -0.00062417984 0.033203125 0.9995117
vn -0.00062417984 0.033203125 0.9995117
vn -0.00062417984 0.033203125 0.9995117
vn -0.00064992905 0.033203125 0.9995117
vn -0.00064992905 0.033203125 0.9995117
vn -0.00064992905 0.033203125 0.9995117
vn -0.0073127747 -0.5883789 0.80859375
vn -0.0073127747 -0.5883789 0.80859375
vn -0.0073127747 -0.5883789 0.80859375
vn -0.8076172 -0.58984375 0.0070724487
vn -0.8076172 -0.58984375 0.0070724487
vn -0.8076172 -0.58984375 0.0070724487
vn 0.7963867 -0.6044922 0.0087890625
vn 0.7963867 -0.6044922 0.0087890625
vn 0.7963867 -0.6044922 0.0087890625
vn -0.0058784485 -0.60595703 -0.79541016
vn -0.0058784485 -0.60595703 -0.79541016
vn -0.0058784485 -0.60595703 -0.79541016
vn 0.9086914 0.0016021729 0.4169922
vn 0.9086914 0.0016021729 0.4169922
vn 0.9086914 0.0016021729 0.4169922
vn 0.9086914 0.0016021729 0.4169922
vn 0.9086914 0.0016021729 0.4169922
vn 0.9086914 0.0016021729 0.4169922
vn 0.7421875 -0.57714844 0.34057617
vn 0.7421875 -0.57714844 0.34057617
vn 0.7421875 -0.57714844 0.34057617
vn -0.3569336 -0.51660156 0.7783203
vn -0.3569336 -0.51660156 0.7783203
vn -0.3569336 -0.51660156 0.7783203
vn 0.35766602 -0.51464844 -0.7792969
vn 0.35766602 -0.51464844 -0.7792969
vn 0.35766602 -0.51464844 -0.7792969
vn -0.7792969 -0.51464844 -0.35766602
vn -0.7792969 -0.51464844 -0.35766602
vn -0.7792969 -0.51464844 -0.35766602
vn 0.734375 -0.6459961 -0.20812988
vn 0.734375 -0.6459961 -0.20812988
vn 0.734375 -0.6459961 -0.20812988
vn 0.6796875 -0.7060547 -0.19787598
vn 0.6796875 -0.7060547 -0.19787598
vn 0.6796875 -0.7060547 -0.19787598
vn 0.21191406 -0.70654297 0.67529297
vn 0.21191406 -0.70654297 0.67529297
vn 0.21191406 -0.70654297 0.67529297
vn 0.22290039 -0.6484375 0.72753906
vn 0.22290039 -0.6484375 0.72753906
vn 0.22290039 -0.6484375 0.72753906
vn -0.28979492 0.00091838837 0.95703125
vn -0.28979492 0.00091838837 0.95703125
vn -0.28979492 0.00091838837 0.95703125
vn -0.28979492 0.00091838837 0.95703125
vn -0.97314453 1.1324883E-06 -0.22998047
vn -0.97314453 1.1324883E-06 -0.22998047
vn -0.97314453 1.1324883E-06 -0.22998047
vn -0.97314453 0 -0.22998047
vn 0.28979492 7.748604E-07 -0.95703125
vn 0.28979492 7.748604E-07 -0.95703125
vn 0.28979492 7.748604E-07 -0.95703125
vn 0.28979492 4.7683716E-07 -0.95703125
vn 0.97314453 0 0.22998047
vn 0.97314453 0 0.22998047
vn 0.97314453 0 0.22998047
vn 0.97314453 -1.1920929E-06 0.22998047
vn -0.82714844 0.0006790161 0.5620117
vn -0.82714844 0.0006790161 0.5620117
vn -0.82714844 0.0006790161 0.5620117
vn -0.82714844 0.0006790161 0.5620117
vn -0.4855957 4.7683716E-07 -0.87402344
vn -0.4855957 4.7683716E-07 -0.87402344
vn -0.4855957 4.7683716E-07 -0.87402344
vn -0.4855957 7.1525574E-07 -0.87402344
vn 0.82714844 -1.7881393E-07 -0.5620117
vn 0.82714844 -1.7881393E-07 -0.5620117
vn 0.82714844 -1.7881393E-07 -0.5620117
vn 0.82714844 5.364418E-07 -0.5620117
vn 0.3413086 0.0026187897 0.9399414
vn 0.3413086 0.0026187897 0.9399414
vn 0.3413086 0.0026187897 0.9399414
vn 0.3413086 0.0026187897 0.9399414
vn -0.9458008 0.000114142895 0.3244629
vn -0.9458008 0.000114142895 0.3244629
vn -0.9458008 0.000114142895 0.3244629
vn -0.9458008 1.1920929E-07 0.3244629
vn -0.3413086 1.5497208E-06 -0.9399414
vn -0.3413086 1.5497208E-06 -0.9399414
vn -0.3413086 1.5497208E-06 -0.9399414
vn -0.3413086 1.013279E-06 -0.9399414
vn 0.9458008 -1.7881393E-06 -0.3244629
vn 0.9458008 -1.7881393E-06 -0.3244629
vn 0.9458008 -1.7881393E-06 -0.3244629
vn 0.9458008 -0.000113487244 -0.3244629
vn -0.14208984 0.0019817352 0.9897461
vn -0.14208984 0.0019817352 0.9897461
vn -0.14208984 0.0019817352 0.9897461
vn -0.14208984 0.0019817352 0.9897461
vn -0.9902344 0.00011104345 -0.14001465
vn -0.9902344 0.00011104345 -0.14001465
vn -0.9902344 0.00011104345 -0.14001465
vn -0.9902344 2.3841858E-07 -0.14013672
vn 0.14208984 9.536743E-07 -0.9897461
vn 0.14208984 9.536743E-07 -0.9897461
vn 0.14208984 9.536743E-07 -0.9897461
vn 0.14208984 4.172325E-07 -0.9897461
vn 0.9902344 -1.4305115E-06 0.14001465
vn 0.9902344 -1.4305115E-06 0.14001465
vn 0.9902344 -1.4305115E-06 0.14001465
vn 0.9902344 -0.000110924244 0.14013672
vn -0.23144531 0.0027484894 0.97265625
vn -0.23144531 0.0027484894 0.97265625
vn -0.23144531 0.0027484894 0.97265625
vn -0.23144531 0.0027503967 0.97265625
vn -0.9682617 -0.00011652708 -0.24951172
vn -0.9682617 -0.00011652708 -0.24951172
vn -0.9682617 -0.00011652708 -0.24951172
vn -0.9682617 1.1920929E-07 -0.24951172
vn 0.23144531 1.0728836E-06 -0.97265625
vn 0.23144531 1.0728836E-06 -0.97265625
vn 0.23144531 1.0728836E-06 -0.97265625
vn 0.23144531 -4.7683716E-06 -0.97265625
vn 0.9682617 -1.3709068E-06 0.24951172
vn 0.9682617 -1.3709068E-06 0.24951172
vn 0.9682617 -1.3709068E-06 0.24951172
vn 0.9682617 0.000115931034 0.24951172
vn -0.79833984 0.0020751953 0.60253906
vn -0.79833984 0.0020751953 0.60253906
vn -0.79833984 0.0020751953 0.60253906
vn -0.79833984 0.00207901 0.60253906
vn 0.79833984 -1.5497208E-06 -0.60253906
vn 0.79833984 -1.5497208E-06 -0.60253906
vn 0.79833984 -1.5497208E-06 -0.60253906
vn 0.79833984 -2.3841858E-07 -0.60253906
vn -0.83740234 -0.5019531 -0.21582031
vn -0.83740234 -0.5019531 -0.21582031
vn -0.83740234 -0.5019531 -0.21582031
vn -0.83740234 -0.5019531 -0.21582031
vn -0.20703125 -0.44677734 0.87060547
vn -0.20703125 -0.44677734 0.87060547
vn -0.20703125 -0.44677734 0.87060547
vn -0.20703125 -0.44677734 0.87060547
vn -0.25219727 0.0044784546 0.96777344
vn -0.25219727 0.0044784546 0.96777344
vn -0.25219727 0.0044784546 0.96777344
vn -0.25219727 0.00447464 0.96777344
vn -0.9628906 -0.00015687943 -0.27026367
vn -0.9628906 -0.00015687943 -0.27026367
vn -0.9628906 -0.00015687943 -0.27026367
vn -0.9628906 1.7881393E-06 -0.27026367
vn 0.25219727 2.3841858E-07 -0.96777344
vn 0.25219727 2.3841858E-07 -0.96777344
vn 0.25219727 2.3841858E-07 -0.96777344
vn 0.25219727 -3.993511E-06 -0.96777344
vn 0.9628906 -4.053116E-06 0.27026367
vn 0.9628906 -4.053116E-06 0.27026367
vn 0.9628906 -4.053116E-06 0.27026367
vn 0.9628906 0.00015258789 0.27026367
vn -0.8544922 0.0031661987 0.52001953
vn -0.8544922 0.0031661987 0.52001953
vn -0.8544922 0.0031661987 0.52001953
vn -0.8544922 0.0031642914 0.51953125
vn 0.52001953 0.0031642914 0.8544922
vn 0.52001953 0.0031642914 0.8544922
vn 0.52001953 0.0031642914 0.8544922
vn 0.52001953 0.0031642914 0.8544922
vn -0.52001953 1.4305115E-06 -0.8544922
vn -0.52001953 1.4305115E-06 -0.8544922
vn -0.52001953 1.4305115E-06 -0.8544922
vn -0.52001953 1.1920929E-07 -0.8544922
vn 0.8544922 -6.1392784E-06 -0.52001953
vn 0.8544922 -6.1392784E-06 -0.52001953
vn 0.8544922 -6.1392784E-06 -0.52001953
vn 0.8540039 -1.5497208E-06 -0.52001953
vn 0.6303711 -0.7558594 0.17687988
vn 0.6303711 -0.7558594 0.17687988
vn 0.6303711 -0.7558594 0.17687988
vn 0.6303711 -0.7558594 0.17687988
vn 0.16503906 -0.7558594 -0.6333008
vn 0.16503906 -0.7558594 -0.6333008
vn 0.16503906 -0.7558594 -0.6333008
vn 0.16503906 -0.7558594 -0.6333008
vn -0.6303711 -0.7558594 -0.17687988
vn -0.6303711 -0.7558594 -0.17687988
vn -0.6303711 -0.7558594 -0.17687988
vn -0.6303711 -0.7558594 -0.17687988
vn -0.16503906 -0.7558594 0.6333008
vn -0.16503906 -0.7558594 0.6333008
vn -0.16503906 -0.7558594 0.6333008
vn -0.16503906 -0.7558594 0.6333008
vn -0.11114502 0.07531738 0.99072266
vn -0.11114502 0.07531738 0.99072266
vn -0.11114502 0.07531738 0.99072266
vn -0.10852051 0.079589844 0.99072266
vn -0.99609375 0.02633667 -0.084350586
vn -0.99609375 0.02633667 -0.084350586
vn -0.99609375 0.02633667 -0.084350586
vn -0.99609375 0.026306152 -0.084350586
vn 0.11126709 -0.07208252 -0.99121094
vn 0.11126709 -0.07208252 -0.99121094
vn 0.11126709 -0.07208252 -0.99121094
vn 0.10888672 -0.067871094 -0.9916992
vn 0.99609375 0.027862549 0.08087158
vn 0.99609375 0.027862549 0.08087158
vn 0.99609375 0.027862549 0.08087158
vn 0.99609375 0.02784729 0.08087158
vn -0.76416016 0.074279785 0.6411133
vn -0.76416016 0.074279785 0.6411133
vn -0.76416016 0.074279785 0.6411133
vn -0.76416016 0.074279785 0.6411133
vn -0.64404297 -0.03201294 -0.76416016
vn -0.64404297 -0.03201294 -0.76416016
vn -0.64404297 -0.03201294 -0.76416016
vn -0.64404297 -0.03201294 -0.76416016
vn 0.76464844 -0.02859497 -0.6435547
vn 0.76464844 -0.02859497 -0.6435547
vn 0.76464844 -0.02859497 -0.6435547
vn 0.76464844 -0.02859497 -0.6435547
vn 0.4946289 -0.86376953 0.09692383
vn 0.4946289 -0.86376953 0.09692383
vn 0.4946289 -0.86376953 0.09692383
vn 0.4946289 -0.86376953 0.09692383
vn 0.028366089 -0.8876953 -0.4597168
vn 0.028366089 -0.8876953 -0.4597168
vn 0.028366089 -0.8876953 -0.4597168
vn 0.028366089 -0.8876953 -0.4597168
vn -0.54833984 -0.8364258 0.008590698
vn -0.54833984 -0.8364258 0.008590698
vn -0.54833984 -0.8364258 0.008590698
vn -0.54833984 -0.8364258 0.008590698
vn -0.085510254 -0.81103516 0.5786133
vn -0.085510254 -0.81103516 0.5786133
vn -0.085510254 -0.81103516 0.5786133
vn -0.085510254 -0.81103516 0.5786133
vn -0.30981445 0.0035762787 0.9506836
vn -0.30981445 0.0035762787 0.9506836
vn -0.30981445 0.0035762787 0.9506836
vn -0.30981445 0.003572464 0.9506836
vn -0.9448242 -0.00012528896 -0.32763672
vn -0.9448242 -0.00012528896 -0.32763672
vn -0.9448242 -0.00012528896 -0.32763672
vn -0.9448242 1.4305115E-06 -0.32763672
vn 0.30981445 4.172325E-07 -0.9506836
vn 0.30981445 4.172325E-07 -0.9506836
vn 0.30981445 4.172325E-07 -0.9506836
vn 0.30981445 -3.2186508E-06 -0.9506836
vn 0.9448242 -3.0398369E-06 0.32763672
vn 0.9448242 -3.0398369E-06 0.32763672
vn 0.9448242 -3.0398369E-06 0.32763672
vn 0.9448242 0.000121831894 0.32763672
vn -0.88378906 0.002527237 0.4675293
vn -0.88378906 0.002527237 0.4675293
vn -0.88378906 0.002527237 0.4675293
vn -0.88378906 0.0025253296 0.4675293
vn 0.4675293 0.0025253296 0.88378906
vn 0.4675293 0.0025253296 0.88378906
vn 0.4675293 0.0025253296 0.88378906
vn 0.4675293 0.0025253296 0.88378906
vn -0.4675293 1.1920929E-06 -0.88378906
vn -0.4675293 1.1920929E-06 -0.88378906
vn -0.4675293 1.1920929E-06 -0.88378906
vn -0.4675293 2.3841858E-07 -0.88378906
vn 0.88378906 -4.827976E-06 -0.4675293
vn 0.88378906 -4.827976E-06 -0.4675293
vn 0.88378906 -4.827976E-06 -0.4675293
vn 0.88378906 -1.2516975E-06 -0.4675293
vn 0.61865234 -0.7558594 0.21447754
vn 0.61865234 -0.7558594 0.21447754
vn 0.61865234 -0.7558594 0.21447754
vn 0.61865234 -0.7558594 0.21447754
vn 0.20275879 -0.7558594 -0.6225586
vn 0.20275879 -0.7558594 -0.6225586
vn 0.20275879 -0.7558594 -0.6225586
vn 0.20275879 -0.7558594 -0.6225586
vn -0.61865234 -0.7558594 -0.21447754
vn -0.61865234 -0.7558594 -0.21447754
vn -0.61865234 -0.7558594 -0.21447754
vn -0.61865234 -0.7558594 -0.21447754
vn -0.20275879 -0.7558594 0.6220703
vn -0.20275879 -0.7558594 0.6220703
vn -0.20275879 -0.7558594 0.6220703
vn -0.20275879 -0.7558594 0.6220703
vn -0.0385437 0.0055274963 0.99902344
vn -0.0385437 0.0055274963 0.99902344
vn -0.0385437 0.0055274963 0.99902344
vn -0.0395813 0.0050315857 0.99902344
vn -1 0.00024938583 -0.021148682
vn -1 0.00024938583 -0.021148682
vn -1 0.00024938583 -0.021148682
vn -1 4.5359135E-05 -0.021560669
vn 0.0385437 -0.0031356812 -0.99902344
vn 0.0385437 -0.0031356812 -0.99902344
vn 0.0385437 -0.0031356812 -0.99902344
vn 0.0395813 -0.0036144257 -0.99902344
vn 0.9995117 0.01361084 0.021057129
vn 0.9995117 0.01361084 0.021057129
vn 0.9995117 0.01361084 0.021057129
vn 0.9995117 0.013412476 0.021453857
vn -0.7910156 0.0033512115 0.6113281
vn -0.7910156 0.0033512115 0.6113281
vn -0.7910156 0.0033512115 0.6113281
vn -0.7910156 0.0033512115 0.6113281
vn -0.6113281 -0.0024089813 -0.7910156
vn -0.6113281 -0.0024089813 -0.7910156
vn -0.6113281 -0.0024089813 -0.7910156
vn -0.6113281 -0.0024089813 -0.7910156
vn 0.7910156 0.008163452 -0.6118164
vn 0.7910156 0.008163452 -0.6118164
vn 0.7910156 0.008163452 -0.6118164
vn 0.7910156 0.008163452 -0.6118164
vn 0.5253906 -0.85058594 0.017349243
vn 0.5253906 -0.85058594 0.017349243
vn 0.5253906 -0.85058594 0.017349243
vn 0.5253906 -0.85058594 0.017333984
vn 0.020462036 -0.85791016 -0.5131836
vn 0.020462036 -0.85791016 -0.5131836
vn 0.020462036 -0.85791016 -0.5131836
vn 0.020462036 -0.85791016 -0.5131836
vn -0.5253906 -0.85058594 -0.0053215027
vn -0.5253906 -0.85058594 -0.0053215027
vn -0.5253906 -0.85058594 -0.0053215027
vn -0.5253906 -0.85058594 -0.0053215027
vn -0.021102905 -0.84375 0.5361328
vn -0.021102905 -0.84375 0.5361328
vn -0.021102905 -0.84375 0.5361328
vn -0.021102905 -0.84375 0.5361328
vn -0.7285156 0.010017395 0.6850586
vn -0.7285156 0.010017395 0.6850586
vn -0.7285156 0.010017395 0.6850586
vn -0.7265625 0.012916565 0.6870117
vn -0.70458984 -0.0007638931 -0.70947266
vn -0.70458984 -0.0007638931 -0.70947266
vn -0.70458984 -0.0007638931 -0.70947266
vn -0.70458984 -0.0007543564 -0.70947266
vn 0.7285156 -0.008010864 -0.6850586
vn 0.7285156 -0.008010864 -0.6850586
vn 0.7285156 -0.008010864 -0.6850586
vn 0.7265625 -0.005214691 -0.6870117
vn 0.70458984 0.035888672 0.7084961
vn 0.70458984 0.035888672 0.7084961
vn 0.70458984 0.035888672 0.7084961
vn 0.70458984 0.035888672 0.7084961
vn -1 0.008628845 -0.0010814667
vn -1 0.008628845 -0.0010814667
vn -1 0.008628845 -0.0010814667
vn -1 0.008628845 -0.0010738373
vn 0.0009651184 -0.0062026978 -1
vn 0.0009651184 -0.0062026978 -1
vn 0.0009651184 -0.0062026978 -1
vn 0.00095415115 -0.0062026978 -1
vn 1 0.020996094 0.0006713867
vn 1 0.020996094 0.0006713867
vn 1 0.020996094 0.0006713867
vn 1 0.020996094 0.0006737709
vn 0.47924805 -0.7241211 0.49609375
vn 0.47924805 -0.7241211 0.49609375
vn 0.47924805 -0.7241211 0.49609375
vn 0.47924805 -0.7241211 0.49609375
vn 0.49267578 -0.73535156 -0.46557617
vn 0.49267578 -0.73535156 -0.46557617
vn 0.49267578 -0.73535156 -0.46557617
vn 0.49267578 -0.73535156 -0.46557617
vn -0.49145508 -0.7260742 -0.48120117
vn -0.49145508 -0.7260742 -0.48120117
vn -0.49145508 -0.7260742 -0.48120117
vn -0.49145508 -0.7260742 -0.48120117
vn -0.5083008 -0.71435547 0.48095703
vn -0.5083008 -0.71435547 0.48095703
vn -0.5083008 -0.71435547 0.48095703
vn -0.5083008 -0.71435547 0.48095703
vn 0.2927246 0.0022640228 0.9560547
vn 0.2927246 0.0022640228 0.9560547
vn 0.2927246 0.0022640228 0.9560547
vn 0.2927246 0.0022640228 0.9560547
vn -0.9614258 -0.00017297268 0.27490234
vn -0.9614258 -0.00017297268 0.27490234
vn -0.9614258 -0.00017297268 0.27490234
vn -0.9614258 8.34465E-07 0.27514648
vn -0.2927246 1.7285347E-06 -0.9560547
vn -0.2927246 1.7285347E-06 -0.9560547
vn -0.2927246 1.7285347E-06 -0.9560547
vn -0.2927246 1.5497208E-06 -0.9560547
vn 0.9614258 -7.1525574E-07 -0.27490234
vn 0.9614258 -7.1525574E-07 -0.27490234
vn 0.9614258 -7.1525574E-07 -0.27490234
vn 0.9614258 0.00017237663 -0.27514648
vn -0.4169922 0.0016031265 0.9086914
vn -0.4169922 0.0016031265 0.9086914
vn -0.4169922 0.0016031265 0.9086914
vn -0.4169922 0.0016040802 0.9086914
vn -0.9086914 1.9073486E-06 -0.4169922
vn -0.9086914 1.9073486E-06 -0.4169922
vn -0.9086914 1.9073486E-06 -0.4169922
vn -0.9086914 1.5497208E-06 -0.4169922
vn 0.4169922 0 -0.9086914
vn 0.4169922 0 -0.9086914
vn 0.4169922 0 -0.9086914
vn 0.4169922 3.5762787E-07 -0.9086914
vn -0.22351074 -0.6464844 -0.7294922
vn -0.22351074 -0.6464844 -0.7294922
vn -0.22351074 -0.6464844 -0.7294922
vn -0.22351074 -0.6464844 -0.7294922
vn -0.73291016 -0.6479492 0.20690918
vn -0.73291016 -0.6479492 0.20690918
vn -0.73291016 -0.6479492 0.20690918
vn -0.7348633 -0.6459961 0.20727539
vn 0.4025879 -0.55908203 0.7246094
vn 0.4025879 -0.55908203 0.7246094
vn 0.4025879 -0.55908203 0.7246094
vn -0.6855469 -0.55908203 0.46606445
vn -0.6855469 -0.55908203 0.46606445
vn -0.6855469 -0.55908203 0.46606445
vn 0.6855469 -0.55908203 -0.46606445
vn 0.6855469 -0.55908203 -0.46606445
vn 0.6855469 -0.55908203 -0.46606445
vn -0.4025879 -0.55908203 -0.7246094
vn -0.4025879 -0.55908203 -0.7246094
vn -0.4025879 -0.55908203 -0.7246094
vn 0.6074219 -0.6074219 0.51171875
vn 0.6074219 -0.6074219 0.51171875
vn 0.6074219 -0.6074219 0.51171875
vn -0.16833496 -0.6254883 0.76171875
vn -0.16833496 -0.6254883 0.76171875
vn -0.16833496 -0.6254883 0.76171875
vn 0.16833496 -0.6254883 -0.76171875
vn 0.16833496 -0.6254883 -0.76171875
vn 0.16833496 -0.6254883 -0.76171875
vn -0.6074219 -0.6074219 -0.51171875
vn -0.6074219 -0.6074219 -0.51171875
vn -0.6074219 -0.6074219 -0.51171875
vn 0.30004883 -0.6074219 0.73535156
vn 0.30004883 -0.6074219 0.73535156
vn 0.30004883 -0.6074219 0.73535156
vn -0.50341797 -0.6254883 0.5961914
vn -0.50341797 -0.6254883 0.5961914
vn -0.50341797 -0.6254883 0.5961914
vn 0.50341797 -0.6254883 -0.5961914
vn 0.50341797 -0.6254883 -0.5961914
vn 0.50341797 -0.6254883 -0.5961914
vn -0.30004883 -0.6074219 -0.73583984
vn -0.30004883 -0.6074219 -0.73583984
vn -0.30004883 -0.6074219 -0.73583984
vn 8.940697E-07 -1 -1.4901161E-06
vn 8.940697E-07 -1 -1.4901161E-06
vn 8.940697E-07 -1 -1.4901161E-06
vn 1.0728836E-06 -1 -1.5497208E-06
vn 0.6879883 -0.70703125 0.16259766
vn 0.6879883 -0.70703125 0.16259766
vn 0.6879883 -0.70703125 0.16259766
vn 0.6879883 -0.70703125 0.16259766
vn 0.21398926 -0.6738281 -0.70703125
vn 0.21398926 -0.6738281 -0.70703125
vn 0.21398926 -0.6738281 -0.70703125
vn 0.21411133 -0.6738281 -0.70703125
vn -0.6879883 -0.70703125 -0.16259766
vn -0.6879883 -0.70703125 -0.16259766
vn -0.6879883 -0.70703125 -0.16259766
vn -0.6879883 -0.70703125 -0.16259766
vn -0.21411133 -0.6738281 0.70703125
vn -0.21411133 -0.6738281 0.70703125
vn -0.21411133 -0.6738281 0.70703125
vn -0.21398926 -0.6738281 0.70703125
vn -1.0728836E-06 -1 -2.9802322E-06
vn -1.0728836E-06 -1 -2.9802322E-06
vn -1.0728836E-06 -1 -2.9802322E-06
vn -1.013279E-06 -1 -3.1590462E-06
vn 0.5214844 -0.83447266 -0.17883301
vn 0.5214844 -0.83447266 -0.17883301
vn 0.5214844 -0.83447266 -0.17883301
vn 0.5214844 -0.83447266 -0.17883301
vn -0.25195312 -0.6748047 -0.69384766
vn -0.25195312 -0.6748047 -0.69384766
vn -0.25195312 -0.6748047 -0.69384766
vn -0.25195312 -0.6748047 -0.69384766
vn -0.5214844 -0.83447266 0.17883301
vn -0.5214844 -0.83447266 0.17883301
vn -0.5214844 -0.83447266 0.17883301
vn -0.5214844 -0.83447266 0.17883301
vn 0.25195312 -0.6748047 0.69384766
vn 0.25195312 -0.6748047 0.69384766
vn 0.25195312 -0.6748047 0.69384766
vn 0.25195312 -0.6748047 0.69384766
vn 2.3841858E-07 -1 -1.66893E-06
vn 2.3841858E-07 -1 -1.66893E-06
vn 2.3841858E-07 -1 -1.66893E-06
vn 2.3841858E-07 -1 -1.66893E-06
vn 0.54589844 -0.83447266 0.07727051
vn 0.54589844 -0.83447266 0.07727051
vn 0.54589844 -0.83447266 0.07727051
vn 0.54589844 -0.83447266 0.07727051
vn 0.1048584 -0.6748047 -0.73046875
vn 0.1048584 -0.6748047 -0.73046875
vn 0.1048584 -0.6748047 -0.73046875
vn 0.1048584 -0.6748047 -0.73046875
vn -0.54589844 -0.83447266 -0.07727051
vn -0.54589844 -0.83447266 -0.07727051
vn -0.54589844 -0.83447266 -0.07727051
vn -0.54589844 -0.83447266 -0.07727051
vn -0.1048584 -0.6748047 0.73046875
vn -0.1048584 -0.6748047 0.73046875
vn -0.1048584 -0.6748047 0.73046875
vn -0.1048584 -0.6748047 0.73046875
vn 4.7683716E-07 -1 -2.3245811E-06
vn 4.7683716E-07 -1 -2.3245811E-06
vn 4.7683716E-07 -1 -2.3245811E-06
vn 4.172325E-07 -1 -2.3245811E-06
vn 2.9802322E-07 -1 -1.013279E-06
vn 2.9802322E-07 -1 -1.013279E-06
vn 2.9802322E-07 -1 -1.013279E-06
vn 2.9802322E-07 -1 -1.013279E-06
vn -0.03265381 -0.9975586 0.061798096
vn -0.03265381 -0.9975586 0.061798096
vn -0.03265381 -0.9975586 0.061798096
vn -0.03265381 -0.9975586 0.061798096
vn 2.9802322E-07 -1 -1.66893E-06
vn 2.9802322E-07 -1 -1.66893E-06
vn 2.9802322E-07 -1 -1.66893E-06
vn 4.7683716E-07 -1 -1.7285347E-06
vn -0.00011563301 -1 0.0070648193
vn -0.00011563301 -1 0.0070648193
vn -0.00011563301 -1 0.0070648193
vn -0.00011456013 -1 0.0070610046
vn -0.009307861 -1 0.009231567
vn -0.009307861 -1 0.009231567
vn -0.009307861 -1 0.009231567
vn -0.009307861 -1 0.009231567
vn 0.0054969788 -1 -0.005958557
vn 0.0054969788 -1 -0.005958557
vn 0.0054969788 -1 -0.005958557
vn 0.0008711815 -1 0.0028457642
vn 0.32836914 0.7363281 0.5913086
vn 0.32836914 0.7363281 0.5913086
vn 0.32836914 0.7363281 0.5913086
vn -0.5605469 0.7348633 0.38110352
vn -0.5605469 0.7348633 0.38110352
vn -0.5605469 0.7348633 0.38110352
vn 0.56103516 0.7348633 -0.38110352
vn 0.56103516 0.7348633 -0.38110352
vn 0.56103516 0.7348633 -0.38110352
vn -0.32836914 0.7363281 -0.5913086
vn -0.32836914 0.7363281 -0.5913086
vn -0.32836914 0.7363281 -0.5913086
vn 0.36547852 0.87841797 0.30786133
vn 0.36547852 0.87841797 0.30786133
vn 0.36547852 0.87841797 0.30786133
vn -0.10076904 0.88427734 0.4560547
vn -0.10076904 0.88427734 0.4560547
vn -0.10076904 0.88427734 0.4560547
vn 0.10076904 0.88427734 -0.4560547
vn 0.10076904 0.88427734 -0.4560547
vn 0.10076904 0.88427734 -0.4560547
vn -0.36547852 0.87841797 -0.30786133
vn -0.36547852 0.87841797 -0.30786133
vn -0.36547852 0.87841797 -0.30786133
vn 0.18041992 0.87841797 0.4423828
vn 0.18041992 0.87841797 0.4423828
vn 0.18041992 0.87841797 0.4423828
vn -0.30126953 0.88427734 0.3569336
vn -0.30126953 0.88427734 0.3569336
vn -0.30126953 0.88427734 0.3569336
vn 0.30126953 0.88427734 -0.3569336
vn 0.30126953 0.88427734 -0.3569336
vn 0.30126953 0.88427734 -0.3569336
vn -0.18041992 0.87841797 -0.4423828
vn -0.18041992 0.87841797 -0.4423828
vn -0.18041992 0.87841797 -0.4423828
vn 0.20214844 0.90527344 0.37329102
vn 0.20214844 0.90527344 0.37329102
vn 0.20214844 0.90527344 0.37329102
vn -0.34521484 0.90185547 0.26049805
vn -0.34521484 0.90185547 0.26049805
vn -0.34521484 0.90185547 0.26049805
vn 0.36914062 0.88671875 -0.27856445
vn 0.36914062 0.88671875 -0.27856445
vn 0.36914062 0.88671875 -0.27856445
vn -0.2154541 0.89208984 -0.39770508
vn -0.2154541 0.89208984 -0.39770508
vn -0.2154541 0.89208984 -0.39770508
vn 0.42578125 0.57421875 0.69921875
vn 0.42578125 0.57421875 0.69921875
vn 0.42578125 0.57421875 0.69921875
vn -0.7050781 0.5649414 0.42895508
vn -0.7050781 0.5649414 0.42895508
vn -0.7050781 0.5649414 0.42895508
vn 0.7050781 0.5649414 -0.42895508
vn 0.7050781 0.5649414 -0.42895508
vn 0.7050781 0.5649414 -0.42895508
vn -0.4255371 0.57421875 -0.69970703
vn -0.4255371 0.57421875 -0.69970703
vn -0.4255371 0.57421875 -0.69970703
vn 0.18640137 0.9824219 -0.01675415
vn 0.18640137 0.9824219 -0.01675415
vn 0.18640137 0.9824219 -0.01675415
vn -0.34765625 0.93652344 0.047454834
vn -0.34765625 0.93652344 0.047454834
vn -0.34765625 0.93652344 0.047454834
vn 0.1394043 0.9194336 -0.36743164
vn 0.1394043 0.9194336 -0.36743164
vn 0.1394043 0.9194336 -0.36743164
vn -0.12017822 0.921875 -0.36865234
vn -0.12017822 0.921875 -0.36865234
vn -0.12017822 0.921875 -0.36865234
vn 0.6191406 0.35498047 0.7001953
vn 0.6191406 0.35498047 0.7001953
vn 0.6191406 0.35498047 0.7001953
vn 0.63720703 0.38183594 0.6694336
vn 0.63720703 0.38183594 0.6694336
vn 0.63720703 0.38183594 0.6694336
vn -0.69677734 0.43652344 0.56933594
vn -0.69677734 0.43652344 0.56933594
vn -0.69677734 0.43652344 0.56933594
vn -0.7495117 0.37719727 0.5439453
vn -0.7495117 0.37719727 0.5439453
vn -0.7495117 0.37719727 0.5439453
vn 0.7348633 0.2529297 -0.62939453
vn 0.7348633 0.2529297 -0.62939453
vn 0.7348633 0.2529297 -0.62939453
vn 0.67822266 0.3083496 -0.6669922
vn 0.67822266 0.3083496 -0.6669922
vn 0.67822266 0.3083496 -0.6669922
vn -0.5913086 0.32348633 -0.73876953
vn -0.5913086 0.32348633 -0.73876953
vn -0.5913086 0.32348633 -0.73876953
vn -0.57714844 0.29370117 -0.76220703
vn -0.57714844 0.29370117 -0.76220703
vn -0.57714844 0.29370117 -0.76220703
vn 0.009246826 0.99121094 0.13208008
vn 0.009246826 0.99121094 0.13208008
vn 0.009246826 0.99121094 0.13208008
vn 0.033691406 0.9995117 -0.00050115585
vn 0.033691406 0.9995117 -0.00050115585
vn 0.033691406 0.9995117 -0.00050115585
vn -0.40625 0.9091797 -0.08850098
vn -0.40625 0.9091797 -0.08850098
vn -0.40625 0.9091797 -0.08850098
vn -0.45507812 0.8857422 -0.0927124
vn -0.45507812 0.8857422 -0.0927124
vn -0.45507812 0.8857422 -0.0927124
vn 0.20727539 0.97753906 -0.03616333
vn 0.20727539 0.97753906 -0.03616333
vn 0.20727539 0.97753906 -0.03616333
vn -0.8769531 0.46972656 -0.10308838
vn -0.8769531 0.46972656 -0.10308838
vn -0.8769531 0.46972656 -0.10308838
vn -0.8491211 0.5185547 -0.101745605
vn -0.8491211 0.5185547 -0.101745605
vn -0.8491211 0.5185547 -0.101745605
vn 0.43701172 0.89941406 -0.018569946
vn 0.43701172 0.89941406 -0.018569946
vn 0.43701172 0.89941406 -0.018569946
vn 0.3828125 0.57421875 0.7236328
vn 0.3828125 0.57421875 0.7236328
vn 0.3828125 0.57421875 0.7236328
vn -0.7294922 0.5649414 0.3857422
vn -0.7294922 0.5649414 0.3857422
vn -0.7294922 0.5649414 0.3857422
vn 0.7294922 0.5649414 -0.3857422
vn 0.7294922 0.5649414 -0.3857422
vn 0.7294922 0.5649414 -0.3857422
vn -0.3828125 0.57421875 -0.7236328
vn -0.3828125 0.57421875 -0.7236328
vn -0.3828125 0.57421875 -0.7236328
vn 0.15283203 0.9873047 0.045196533
vn 0.15283203 0.9873047 0.045196533
vn 0.15283203 0.9873047 0.045196533
vn -0.3815918 0.92041016 0.08428955
vn -0.3815918 0.92041016 0.08428955
vn -0.3815918 0.92041016 0.08428955
vn 0.12225342 0.9428711 -0.31030273
vn 0.12225342 0.9428711 -0.31030273
vn 0.12225342 0.9428711 -0.31030273
vn -0.13708496 0.93652344 -0.32202148
vn -0.13708496 0.93652344 -0.32202148
vn -0.13708496 0.93652344 -0.32202148
vn 0.578125 0.3347168 0.7441406
vn 0.578125 0.3347168 0.7441406
vn 0.578125 0.3347168 0.7441406
vn 0.5966797 0.36376953 0.71533203
vn 0.5966797 0.36376953 0.71533203
vn 0.5966797 0.36376953 0.71533203
vn -0.73339844 0.38085938 0.5629883
vn -0.73339844 0.38085938 0.5629883
vn -0.73339844 0.38085938 0.5629883
vn -0.7832031 0.3215332 0.5317383
vn -0.7832031 0.3215332 0.5317383
vn -0.7832031 0.3215332 0.5317383
vn 0.75 0.31152344 -0.5830078
vn 0.75 0.31152344 -0.5830078
vn 0.75 0.31152344 -0.5830078
vn 0.6933594 0.3671875 -0.6201172
vn 0.6933594 0.3671875 -0.6201172
vn 0.6933594 0.3671875 -0.6201172
vn -0.57177734 0.34545898 -0.7441406
vn -0.57177734 0.34545898 -0.7441406
vn -0.57177734 0.34545898 -0.7441406
vn -0.55566406 0.3173828 -0.7680664
vn -0.55566406 0.3173828 -0.7680664
vn -0.55566406 0.3173828 -0.7680664
vn -0.008605957 0.9814453 0.19213867
vn -0.008605957 0.9814453 0.19213867
vn -0.008605957 0.9814453 0.19213867
vn 0.0050582886 0.99853516 0.05557251
vn 0.0050582886 0.99853516 0.05557251
vn 0.0050582886 0.99853516 0.05557251
vn 0.19519043 0.98095703 0.008811951
vn 0.19519043 0.98095703 0.008811951
vn 0.19519043 0.98095703 0.008811951
vn -0.8955078 0.44506836 -0.022079468
vn -0.8955078 0.44506836 -0.022079468
vn -0.8955078 0.44506836 -0.022079468
vn -0.8691406 0.49414062 -0.018981934
vn -0.8691406 0.49414062 -0.018981934
vn -0.8691406 0.49414062 -0.018981934
vn 0.37597656 0.9267578 0.005821228
vn 0.37597656 0.9267578 0.005821228
vn 0.37597656 0.9267578 0.005821228
vn 0.14160156 0.97021484 0.19641113
vn 0.14160156 0.97021484 0.19641113
vn 0.14160156 0.97021484 0.19641113
vn -0.4958496 0.8359375 -0.234375
vn -0.4958496 0.8359375 -0.234375
vn -0.4958496 0.8359375 -0.234375
vn 0.41235352 0.8774414 -0.24511719
vn 0.41235352 0.8774414 -0.24511719
vn 0.41235352 0.8774414 -0.24511719
vn 0.12695312 0.86572266 -0.48388672
vn 0.12695312 0.86572266 -0.48388672
vn 0.12695312 0.86572266 -0.48388672
vn 0.0014867783 0.22399902 0.9746094
vn 0.0014867783 0.22399902 0.9746094
vn 0.0014867783 0.22399902 0.9746094
vn 0.034851074 0.24499512 0.96875
vn 0.034851074 0.24499512 0.96875
vn 0.034851074 0.24499512 0.96875
vn -0.9663086 0.25756836 -0.0043525696
vn -0.9663086 0.25756836 -0.0043525696
vn -0.9663086 0.25756836 -0.0043525696
vn -0.9746094 0.21459961 -0.060943604
vn -0.9746094 0.21459961 -0.060943604
vn -0.9746094 0.21459961 -0.060943604
vn 0.97802734 0.20751953 -0.0018291473
vn 0.97802734 0.20751953 -0.0018291473
vn 0.97802734 0.20751953 -0.0018291473
vn 0.9663086 0.24743652 -0.068359375
vn 0.9663086 0.24743652 -0.068359375
vn 0.9663086 0.24743652 -0.068359375
vn 0.0035705566 0.23168945 -0.97265625
vn 0.0035705566 0.23168945 -0.97265625
vn 0.0035705566 0.23168945 -0.97265625
vn 0.031921387 0.21166992 -0.9770508
vn 0.031921387 0.21166992 -0.9770508
vn 0.031921387 0.21166992 -0.9770508
vn -0.20935059 0.9584961 0.19384766
vn -0.20935059 0.9584961 0.19384766
vn -0.20935059 0.9584961 0.19384766
vn -0.052947998 0.99609375 0.0680542
vn -0.052947998 0.99609375 0.0680542
vn -0.052947998 0.99609375 0.0680542
vn -0.4206543 0.80126953 -0.4260254
vn -0.4206543 0.80126953 -0.4260254
vn -0.4206543 0.80126953 -0.4260254
vn -0.45751953 0.7558594 -0.46826172
vn -0.45751953 0.7558594 -0.46826172
vn -0.45751953 0.7558594 -0.46826172
vn 0.17712402 0.96484375 0.1940918
vn 0.17712402 0.96484375 0.1940918
vn 0.17712402 0.96484375 0.1940918
vn 0.40478516 0.82128906 0.40234375
vn 0.40478516 0.82128906 0.40234375
vn 0.40478516 0.82128906 0.40234375
vn 0.4802246 0.8491211 0.22033691
vn 0.4802246 0.8491211 0.22033691
vn 0.4802246 0.8491211 0.22033691
vn -0.21569824 0.85595703 0.47021484
vn -0.21569824 0.85595703 0.47021484
vn -0.21569824 0.85595703 0.47021484
vn 0.24572754 0.80810547 -0.53564453
vn 0.24572754 0.80810547 -0.53564453
vn 0.24572754 0.80810547 -0.53564453
vn -0.54785156 0.79785156 -0.2512207
vn -0.54785156 0.79785156 -0.2512207
vn -0.54785156 0.79785156 -0.2512207
vn 0.4741211 0.21508789 0.8540039
vn 0.4741211 0.21508789 0.8540039
vn 0.4741211 0.21508789 0.8540039
vn 0.4741211 0.21496582 0.8540039
vn -0.8076172 0.21496582 0.5488281
vn -0.8076172 0.21496582 0.5488281
vn -0.8076172 0.21496582 0.5488281
vn -0.8076172 0.21508789 0.5488281
vn 0.8076172 0.21496582 -0.5488281
vn 0.8076172 0.21496582 -0.5488281
vn 0.8076172 0.21496582 -0.5488281
vn 0.8076172 0.21496582 -0.5488281
vn -0.4741211 0.21496582 -0.8540039
vn -0.4741211 0.21496582 -0.8540039
vn -0.4741211 0.21496582 -0.8540039
vn -0.4741211 0.21508789 -0.8540039
vn -0.19433594 0.7416992 0.64208984
vn -0.19433594 0.7416992 0.64208984
vn -0.19433594 0.7416992 0.64208984
vn -0.19958496 0.72753906 0.6567383
vn -0.7426758 0.6464844 -0.17541504
vn -0.7426758 0.6464844 -0.17541504
vn -0.7426758 0.6464844 -0.17541504
vn -0.7416992 0.64746094 -0.1751709
vn 0.19433594 0.7416992 -0.64208984
vn 0.19433594 0.7416992 -0.64208984
vn 0.19433594 0.7416992 -0.64208984
vn 0.19958496 0.72753906 -0.6567383
vn 0.7426758 0.6464844 0.17541504
vn 0.7426758 0.6464844 0.17541504
vn 0.7426758 0.6464844 0.17541504
vn 0.7416992 0.64746094 0.1751709
vn -0.2775879 0.2854004 0.91748047
vn -0.2775879 0.2854004 0.91748047
vn -0.2775879 0.2854004 0.91748047
vn -0.2775879 0.2854004 0.91748047
vn -0.92529297 0.31030273 -0.21862793
vn -0.92529297 0.31030273 -0.21862793
vn -0.92529297 0.31030273 -0.21862793
vn -0.92529297 0.31030273 -0.21862793
vn 0.2775879 0.2854004 -0.91748047
vn 0.2775879 0.2854004 -0.91748047
vn 0.2775879 0.2854004 -0.91748047
vn 0.2775879 0.2854004 -0.91748047
vn 0.92529297 0.31030273 0.21862793
vn 0.92529297 0.31030273 0.21862793
vn 0.92529297 0.31030273 0.21862793
vn 0.92529297 0.31030273 0.21862793
vn 0.7373047 0.26660156 0.62109375
vn 0.7373047 0.26660156 0.62109375
vn 0.7373047 0.26660156 0.62109375
vn 0.7373047 0.26660156 0.62109375
vn -0.20727539 0.27856445 0.9379883
vn -0.20727539 0.27856445 0.9379883
vn -0.20727539 0.27856445 0.9379883
vn -0.20715332 0.27856445 0.9379883
vn 0.20727539 0.27856445 -0.9379883
vn 0.20727539 0.27856445 -0.9379883
vn 0.20727539 0.27856445 -0.9379883
vn 0.20727539 0.27856445 -0.9379883
vn -0.7373047 0.26660156 -0.62109375
vn -0.7373047 0.26660156 -0.62109375
vn -0.7373047 0.26660156 -0.62109375
vn -0.7373047 0.26660156 -0.62109375
vn 0.18078613 0.84814453 0.49780273
vn 0.18078613 0.84814453 0.49780273
vn 0.18078613 0.84814453 0.49780273
vn 0.17980957 0.85058594 0.4946289
vn -0.42382812 0.89404297 0.14538574
vn -0.42382812 0.89404297 0.14538574
vn -0.42382812 0.89404297 0.14538574
vn -0.4206543 0.8955078 0.14453125
vn -0.18078613 0.84814453 -0.49780273
vn -0.18078613 0.84814453 -0.49780273
vn -0.18078613 0.84814453 -0.49780273
vn -0.17980957 0.85058594 -0.4946289
vn 0.42358398 0.89404297 -0.14538574
vn 0.42358398 0.89404297 -0.14538574
vn 0.42358398 0.89404297 -0.14538574
vn 0.4206543 0.8955078 -0.14453125
vn 0.3239746 0.31396484 0.8925781
vn 0.3239746 0.31396484 0.8925781
vn 0.3239746 0.31396484 0.8925781
vn 0.3239746 0.31396484 0.8925781
vn -0.82958984 0.4802246 0.28466797
vn -0.82958984 0.4802246 0.28466797
vn -0.82958984 0.4802246 0.28466797
vn -0.82958984 0.4802246 0.28466797
vn -0.3239746 0.31396484 -0.8925781
vn -0.3239746 0.31396484 -0.8925781
vn -0.3239746 0.31396484 -0.8925781
vn -0.3239746 0.31396484 -0.8925781
vn 0.82958984 0.4802246 -0.28466797
vn 0.82958984 0.4802246 -0.28466797
vn 0.82958984 0.4802246 -0.28466797
vn 0.82958984 0.4802246 -0.28466797
vn 0.36401367 0.26660156 0.8925781
vn 0.36401367 0.26660156 0.8925781
vn 0.36401367 0.26660156 0.8925781
vn 0.36376953 0.26660156 0.8925781
vn -0.6196289 0.27856445 0.7338867
vn -0.6196289 0.27856445 0.7338867
vn -0.6196289 0.27856445 0.7338867
vn -0.6196289 0.27856445 0.7338867
vn 0.6196289 0.27856445 -0.7338867
vn 0.6196289 0.27856445 -0.7338867
vn 0.6196289 0.27856445 -0.7338867
vn 0.6196289 0.27856445 -0.7338867
vn -0.36376953 0.26660156 -0.8925781
vn -0.36376953 0.26660156 -0.8925781
vn -0.36376953 0.26660156 -0.8925781
vn -0.36376953 0.26660156 -0.8925781
vn -0.07501221 0.8491211 0.52246094
vn -0.07501221 0.8491211 0.52246094
vn -0.07501221 0.8491211 0.52246094
vn -0.07501221 0.8491211 0.52246094
vn -0.44580078 0.8930664 -0.06304932
vn -0.44580078 0.8930664 -0.06304932
vn -0.44580078 0.8930664 -0.06304932
vn -0.43823242 0.89697266 -0.061706543
vn 0.07501221 0.8491211 -0.52246094
vn 0.07501221 0.8491211 -0.52246094
vn 0.07501221 0.8491211 -0.52246094
vn 0.07501221 0.8491211 -0.52246094
vn 0.44555664 0.8930664 0.06304932
vn 0.44555664 0.8930664 0.06304932
vn 0.44555664 0.8930664 0.06304932
vn 0.43823242 0.89697266 0.061706543
vn -0.1348877 0.31420898 0.9399414
vn -0.1348877 0.31420898 0.9399414
vn -0.1348877 0.31420898 0.9399414
vn -0.1348877 0.31420898 0.9399414
vn -0.86865234 0.4802246 -0.12286377
vn -0.86865234 0.4802246 -0.12286377
vn -0.86865234 0.4802246 -0.12286377
vn -0.86865234 0.4802246 -0.12286377
vn 0.1348877 0.31420898 -0.9399414
vn 0.1348877 0.31420898 -0.9399414
vn 0.1348877 0.31420898 -0.9399414
vn 0.1348877 0.31420898 -0.9399414
vn 0.86865234 0.4802246 0.12286377
vn 0.86865234 0.4802246 0.12286377
vn 0.86865234 0.4802246 0.12286377
vn 0.86865234 0.4802246 0.12286377
vn 0.46557617 0.2121582 0.859375
vn 0.46557617 0.2121582 0.859375
vn 0.46557617 0.2121582 0.859375
vn 0.46557617 0.2121582 0.859375
vn -0.78027344 0.21057129 0.5888672
vn -0.78027344 0.21057129 0.5888672
vn -0.78027344 0.21057129 0.5888672
vn -0.78027344 0.21057129 0.5888672
vn 0.78027344 0.21057129 -0.5888672
vn 0.78027344 0.21057129 -0.5888672
vn 0.78027344 0.21057129 -0.5888672
vn 0.78027344 0.21057129 -0.5888672
vn -0.46557617 0.2121582 -0.859375
vn -0.46557617 0.2121582 -0.859375
vn -0.46557617 0.2121582 -0.859375
vn -0.46557617 0.2121582 -0.859375
vn -0.11608887 0.8652344 0.4880371
vn -0.11608887 0.8652344 0.4880371
vn -0.11608887 0.8652344 0.4880371
vn -0.117248535 0.86279297 0.49194336
vn -0.47094727 0.87402344 -0.12133789
vn -0.47094727 0.87402344 -0.12133789
vn -0.47094727 0.87402344 -0.12133789
vn -0.49853516 0.8569336 -0.12963867
vn 0.12792969 0.8334961 -0.53808594
vn 0.12792969 0.8334961 -0.53808594
vn 0.12792969 0.8334961 -0.53808594
vn 0.12927246 0.8300781 -0.54248047
vn 0.47021484 0.87402344 0.12121582
vn 0.47021484 0.87402344 0.12121582
vn 0.47021484 0.87402344 0.12121582
vn 0.49780273 0.8574219 0.1295166
vn -0.22253418 0.27416992 0.9355469
vn -0.22253418 0.27416992 0.9355469
vn -0.22253418 0.27416992 0.9355469
vn -0.22253418 0.27416992 0.9355469
vn -0.9194336 0.31469727 -0.2368164
vn -0.9194336 0.31469727 -0.2368164
vn -0.9194336 0.31469727 -0.2368164
vn -0.9194336 0.31469727 -0.2368164
vn 0.22253418 0.27416992 -0.9355469
vn 0.22253418 0.27416992 -0.9355469
vn 0.22253418 0.27416992 -0.9355469
vn 0.22253418 0.27416992 -0.9355469
vn 0.9194336 0.31445312 0.2368164
vn 0.9194336 0.31445312 0.2368164
vn 0.9194336 0.31445312 0.2368164
vn 0.9189453 0.31469727 0.2368164
vn 0.38989258 0.6616211 0.640625
vn 0.38989258 0.6616211 0.640625
vn 0.38989258 0.6616211 0.640625
vn 0.38989258 0.6616211 0.640625
vn -0.6376953 0.66503906 0.3881836
vn -0.6376953 0.66503906 0.3881836
vn -0.6376953 0.66503906 0.3881836
vn -0.6376953 0.66552734 0.3881836
vn 0.6376953 0.66552734 -0.3881836
vn 0.6376953 0.66552734 -0.3881836
vn 0.6376953 0.66552734 -0.3881836
vn 0.6376953 0.66503906 -0.3881836
vn -0.38989258 0.6616211 -0.640625
vn -0.38989258 0.6616211 -0.640625
vn -0.38989258 0.6616211 -0.640625
vn -0.38989258 0.6611328 -0.640625
vn -0.16296387 0.7626953 0.6254883
vn -0.16357422 0.76123047 0.6274414
vn -0.16357422 0.76123047 0.6274414
vn -0.16357422 0.76123047 0.6274414
vn -0.16589355 0.7529297 0.63671875
vn -0.16589355 0.7529297 0.63671875
vn -0.56152344 0.8120117 -0.15771484
vn -0.56152344 0.8120117 -0.15771484
vn -0.56152344 0.8120117 -0.15771484
vn -0.5600586 0.81347656 -0.15722656
vn 0.16296387 0.7626953 -0.6254883
vn 0.16357422 0.76123047 -0.6274414
vn 0.16357422 0.76123047 -0.6274414
vn 0.16357422 0.76123047 -0.6274414
vn 0.16589355 0.7529297 -0.63671875
vn 0.16589355 0.7529297 -0.63671875
vn 0.56152344 0.8120117 0.15771484
vn 0.56152344 0.8120117 0.15771484
vn 0.56152344 0.8120117 0.15771484
vn 0.5600586 0.81347656 0.15722656
vn -0.67333984 0.71435547 -0.18908691
vn -0.67333984 0.71435547 -0.18908691
vn -0.67333984 0.71435547 -0.18908691
vn -0.6748047 0.7133789 -0.18945312
vn 0.67333984 0.71484375 0.18908691
vn 0.67333984 0.71484375 0.18908691
vn 0.67333984 0.71484375 0.18908691
vn 0.6748047 0.7133789 0.18945312
vn 0.06750488 0.9213867 -0.38305664
vn 0.06750488 0.9213867 -0.38305664
vn 0.06750488 0.9213867 -0.38305664
vn 0.068847656 0.91796875 -0.39038086
vn -0.08465576 0.50878906 0.8564453
vn -0.08465576 0.50878906 0.8564453
vn -0.08465576 0.50878906 0.8564453
vn -0.085876465 0.50146484 0.86083984
vn 0.11383057 0.40844727 -0.9057617
vn 0.11383057 0.40844727 -0.9057617
vn 0.11383057 0.40844727 -0.9057617
vn 0.11395264 0.40722656 -0.90625
vn 0.89746094 0.43896484 0.046051025
vn 0.89746094 0.43896484 0.046051025
vn 0.89746094 0.43896484 0.046051025
vn 0.9140625 0.4020996 0.0513916
vn 0.35058594 0.6616211 0.66308594
vn 0.35058594 0.6616211 0.66308594
vn 0.35058594 0.6616211 0.66308594
vn 0.35083008 0.6616211 0.66308594
vn -0.66015625 0.66503906 0.3491211
vn -0.66015625 0.66503906 0.3491211
vn -0.66015625 0.66503906 0.3491211
vn -0.65966797 0.66552734 0.3491211
vn 0.66015625 0.66552734 -0.3491211
vn 0.66015625 0.66552734 -0.3491211
vn 0.66015625 0.66552734 -0.3491211
vn 0.66015625 0.66503906 -0.3491211
vn -0.35058594 0.6616211 -0.66308594
vn -0.35058594 0.6616211 -0.66308594
vn -0.35058594 0.6616211 -0.66308594
vn -0.35058594 0.6611328 -0.66308594
vn -0.20031738 0.7626953 0.6147461
vn -0.20092773 0.76123047 0.6166992
vn -0.20092773 0.76123047 0.6166992
vn -0.20092773 0.76123047 0.6166992
vn -0.20373535 0.7529297 0.6254883
vn -0.20373535 0.7529297 0.6254883
vn -0.55126953 0.8120117 -0.19116211
vn -0.55126953 0.8120117 -0.19116211
vn -0.55126953 0.8120117 -0.19116211
vn -0.5498047 0.81347656 -0.19067383
vn 0.20031738 0.7626953 -0.6147461
vn 0.20092773 0.76123047 -0.6166992
vn 0.20092773 0.76123047 -0.6166992
vn 0.20092773 0.76123047 -0.6166992
vn 0.20373535 0.7529297 -0.6254883
vn 0.20373535 0.7529297 -0.6254883
vn 0.55126953 0.8120117 0.19116211
vn 0.55126953 0.8120117 0.19116211
vn 0.55126953 0.8120117 0.19116211
vn 0.5498047 0.81347656 0.19055176
vn -0.6611328 0.71435547 -0.22924805
vn -0.6611328 0.71435547 -0.22924805
vn -0.6611328 0.71435547 -0.22924805
vn -0.6621094 0.7133789 -0.22961426
vn 0.6611328 0.71484375 0.22924805
vn 0.6611328 0.71484375 0.22924805
vn 0.6611328 0.71484375 0.22924805
vn 0.6621094 0.7133789 0.22961426
vn -0.4753418 0.8798828 -0.011116028
vn -0.4753418 0.8798828 -0.011116028
vn -0.4753418 0.8798828 -0.011116028
vn -0.44677734 0.89453125 -0.009384155
vn 0.013000488 0.94091797 -0.33789062
vn 0.013000488 0.94091797 -0.33789062
vn 0.013000488 0.94091797 -0.33789062
vn 0.01260376 0.9423828 -0.33398438
vn -0.03439331 0.4555664 0.88964844
vn -0.03439331 0.4555664 0.88964844
vn -0.03439331 0.4555664 0.88964844
vn -0.035003662 0.44799805 0.8935547
vn 0.034118652 0.4609375 -0.88671875
vn 0.034118652 0.4609375 -0.88671875
vn 0.034118652 0.4609375 -0.88671875
vn 0.034210205 0.45996094 -0.88720703
vn 0.88720703 0.46166992 0.015510559
vn 0.88720703 0.46166992 0.015510559
vn 0.88720703 0.46166992 0.015510559
vn 0.90478516 0.42529297 0.018173218
vn 0.3486328 0.8779297 -0.32788086
vn 0.3486328 0.8779297 -0.32788086
vn 0.3486328 0.8779297 -0.32788086
vn 0.35620117 0.8725586 -0.33374023
vn -0.69140625 0.31518555 0.64990234
vn -0.69140625 0.31518555 0.64990234
vn -0.69140625 0.31518555 0.64990234
vn -0.6933594 0.30932617 0.6508789
vn -0.66796875 0.30688477 -0.67822266
vn -0.66796875 0.30688477 -0.67822266
vn -0.66796875 0.30688477 -0.67822266
vn -0.66064453 0.3461914 -0.6660156
vn 0.6904297 0.31958008 -0.64941406
vn 0.6904297 0.31958008 -0.64941406
vn 0.6904297 0.31958008 -0.64941406
vn 0.6904297 0.31884766 -0.64941406
vn 0.67041016 0.32128906 0.6689453
vn 0.67041016 0.32128906 0.6689453
vn 0.67041016 0.32128906 0.6689453
vn 0.6748047 0.29296875 0.6772461
vn 0.8173828 0.43725586 0.375
vn 0.8173828 0.43725586 0.375
vn 0.8173828 0.43725586 0.375
vn 0.8173828 0.43725586 0.375
vn -0.375 0.43725586 0.8173828
vn -0.375 0.43725586 0.8173828
vn -0.375 0.43725586 0.8173828
vn -0.375 0.4375 0.8173828
vn 0.375 0.43725586 -0.8173828
vn 0.375 0.43725586 -0.8173828
vn 0.375 0.43725586 -0.8173828
vn 0.375 0.43725586 -0.8173828
vn -0.8173828 0.43725586 -0.375
vn -0.8173828 0.43725586 -0.375
vn -0.8173828 0.43725586 -0.375
vn -0.8173828 0.43725586 -0.375
vn 0.13317871 0.890625 0.43481445
vn 0.13317871 0.890625 0.43481445
vn 0.13317871 0.890625 0.43481445
vn 0.13354492 0.88964844 0.43652344
vn -0.60595703 0.7763672 0.17321777
vn -0.60595703 0.7763672 0.17321777
vn -0.60595703 0.7763672 0.17321777
vn -0.6171875 0.76708984 0.17578125
vn -0.15808105 0.8417969 -0.5161133
vn -0.15808105 0.8417969 -0.5161133
vn -0.15808105 0.8417969 -0.5161133
vn -0.1586914 0.84033203 -0.5185547
vn 0.59716797 0.7836914 -0.1706543
vn 0.59716797 0.7836914 -0.1706543
vn 0.59716797 0.7836914 -0.1706543
vn 0.60791016 0.77490234 -0.17321777
vn 0.24145508 0.56591797 0.78808594
vn 0.24145508 0.56591797 0.78808594
vn 0.24145508 0.56591797 0.78808594
vn 0.24145508 0.56591797 0.78808594
vn -0.79296875 0.5654297 0.22668457
vn -0.79296875 0.5654297 0.22668457
vn -0.79296875 0.5654297 0.22668457
vn -0.79296875 0.5654297 0.22668457
vn -0.24145508 0.56591797 -0.78808594
vn -0.24145508 0.56591797 -0.78808594
vn -0.24145508 0.56591797 -0.78808594
vn -0.24145508 0.56591797 -0.78808594
vn 0.79296875 0.5654297 -0.22668457
vn 0.79296875 0.5654297 -0.22668457
vn 0.79296875 0.5654297 -0.22668457
vn 0.79296875 0.5654297 -0.22668457
vn -4.7683716E-07 1 1.1324883E-06
vn -4.7683716E-07 1 1.1324883E-06
vn -4.7683716E-07 1 1.1324883E-06
vn -2.3841858E-07 1 1.0728836E-06
vn 1.3709068E-06 1 3.2782555E-06
vn 1.3709068E-06 1 3.2782555E-06
vn 1.3709068E-06 1 3.2782555E-06
vn 1.6093254E-06 1 2.682209E-06
vn -1.7881393E-07 1 1.7881393E-06
vn -1.7881393E-07 1 1.7881393E-06
vn -1.7881393E-07 1 1.7881393E-06
vn 1.7881393E-07 1 1.66893E-06
vn -7.748604E-07 1 2.5629997E-06
vn -7.748604E-07 1 2.5629997E-06
vn -7.748604E-07 1 2.5629997E-06
vn -5.364418E-07 1 2.4437904E-06
vn -1.7881393E-07 1 2.9802322E-07
vn -1.7881393E-07 1 2.9802322E-07
vn -1.7881393E-07 1 2.9802322E-07
vn -0 1 1.1920929E-07
vn 0.03173828 0.9980469 -0.05239868
vn 0.03173828 0.9980469 -0.05239868
vn 0.03173828 0.9980469 -0.05239868
vn 0.040161133 0.9975586 -0.056915283
vn -1.1920929E-07 1 0
vn -1.1920929E-07 1 0
vn -1.1920929E-07 1 0
vn -2.9802322E-07 1 0
vn -0.00024032593 1 0.0054130554
vn -0.00024032593 1 0.0054130554
vn -0.00024032593 1 0.0054130554
vn 0.0072250366 1 -0.0014095306
vn -0.0074882507 1 0.0069274902
vn -0.0074882507 1 0.0069274902
vn -0.0074882507 1 0.0069274902
vn 0.01158905 1 0.0076560974
vn 1.1920929E-06 1 4.23193E-06
vn 1.1920929E-06 1 4.23193E-06
vn 1.1920929E-06 1 4.23193E-06
vn 1.3113022E-06 1 3.9339066E-06
g A005_B001_0
f 3/3/3 2/2/2 1/1/1
f 6/6/6 5/5/5 4/4/4
f 9/9/9 8/8/8 7/7/7
f 12/12/12 11/11/11 10/10/10
f 15/15/15 14/14/14 13/13/13
f 18/18/18 17/17/17 16/16/16
f 21/21/21 20/20/20 19/19/19
f 24/24/24 23/23/23 22/22/22
f 27/27/27 26/26/26 25/25/25
f 30/30/30 29/29/29 28/28/28
f 33/33/33 32/32/32 31/31/31
f 36/36/36 35/35/35 34/34/34
f 39/39/39 38/38/38 37/37/37
f 42/42/42 41/41/41 40/40/40
f 45/45/45 44/44/44 43/43/43
f 48/48/48 47/47/47 46/46/46
f 51/51/51 50/50/50 49/49/49
f 54/54/54 53/53/53 52/52/52
f 57/57/57 56/56/56 55/55/55
f 60/60/60 59/59/59 58/58/58
f 63/63/63 62/62/62 61/61/61
f 66/66/66 65/65/65 64/64/64
f 69/69/69 68/68/68 67/67/67
f 72/72/72 71/71/71 70/70/70
f 75/75/75 74/74/74 73/73/73
f 78/78/78 77/77/77 76/76/76
f 81/81/81 80/80/80 79/79/79
f 84/84/84 83/83/83 82/82/82
f 87/87/87 86/86/86 85/85/85
f 90/90/90 89/89/89 88/88/88
f 93/93/93 92/92/92 91/91/91
f 96/96/96 95/95/95 94/94/94
f 99/99/99 98/98/98 97/97/97
f 102/102/102 101/101/101 100/100/100
f 105/105/105 104/104/104 103/103/103
f 108/108/108 107/107/107 106/106/106
f 111/111/111 110/110/110 109/109/109
f 114/114/114 113/113/113 112/112/112
f 117/117/117 116/116/116 115/115/115
f 120/120/120 119/119/119 118/118/118
f 123/123/123 122/122/122 121/121/121
f 126/126/126 125/125/125 124/124/124
f 129/129/129 128/128/128 127/127/127
f 132/132/132 131/131/131 130/130/130
f 135/135/135 134/134/134 133/133/133
f 138/138/138 137/137/137 136/136/136
f 141/141/141 140/140/140 139/139/139
f 144/144/144 143/143/143 142/142/142
f 147/147/147 146/146/146 145/145/145
f 150/150/150 149/149/149 148/148/148
f 153/153/153 152/152/152 151/151/151
f 156/156/156 155/155/155 154/154/154
f 159/159/159 158/158/158 157/157/157
f 162/162/162 161/161/161 160/160/160
f 165/165/165 164/164/164 163/163/163
f 168/168/168 167/167/167 166/166/166
f 171/171/171 170/170/170 169/169/169
f 174/174/174 173/173/173 172/172/172
f 177/177/177 176/176/176 175/175/175
f 180/180/180 179/179/179 178/178/178
f 183/183/183 182/182/182 181/181/181
f 186/186/186 185/185/185 184/184/184
f 189/189/189 188/188/188 187/187/187
f 192/192/192 191/191/191 190/190/190
f 195/195/195 194/194/194 193/193/193
f 198/198/198 197/197/197 196/196/196
f 201/201/201 200/200/200 199/199/199
f 200/200/200 201/201/201 202/202/202
f 205/205/205 204/204/204 203/203/203
f 204/204/204 205/205/205 206/206/206
f 209/209/209 208/208/208 207/207/207
f 208/208/208 209/209/209 210/210/210
f 213/213/213 212/212/212 211/211/211
f 212/212/212 213/213/213 214/214/214
f 217/217/217 216/216/216 215/215/215
f 216/216/216 217/217/217 218/218/218
f 221/221/221 220/220/220 219/219/219
f 220/220/220 221/221/221 222/222/222
f 225/225/225 224/224/224 223/223/223
f 224/224/224 225/225/225 226/226/226
f 229/229/229 228/228/228 227/227/227
f 228/228/228 229/229/229 230/230/230
f 233/233/233 232/232/232 231/231/231
f 232/232/232 233/233/233 234/234/234
f 237/237/237 236/236/236 235/235/235
f 236/236/236 237/237/237 238/238/238
f 241/241/241 240/240/240 239/239/239
f 240/240/240 241/241/241 242/242/242
f 245/245/245 244/244/244 243/243/243
f 244/244/244 245/245/245 246/246/246
f 249/249/249 248/248/248 247/247/247
f 248/248/248 249/249/249 250/250/250
f 253/253/253 252/252/252 251/251/251
f 252/252/252 253/253/253 254/254/254
f 257/257/257 256/256/256 255/255/255
f 256/256/256 257/257/257 258/258/258
f 261/261/261 260/260/260 259/259/259
f 260/260/260 261/261/261 262/262/262
f 265/265/265 264/264/264 263/263/263
f 264/264/264 265/265/265 266/266/266
f 269/269/269 268/268/268 267/267/267
f 268/268/268 269/269/269 270/270/270
f 273/273/273 272/272/272 271/271/271
f 272/272/272 273/273/273 274/274/274
f 277/277/277 276/276/276 275/275/275
f 276/276/276 277/277/277 278/278/278
f 281/281/281 280/280/280 279/279/279
f 280/280/280 281/281/281 282/282/282
f 285/285/285 284/284/284 283/283/283
f 284/284/284 285/285/285 286/286/286
f 289/289/289 288/288/288 287/287/287
f 288/288/288 289/289/289 290/290/290
f 293/293/293 292/292/292 291/291/291
f 292/292/292 293/293/293 294/294/294
f 297/297/297 296/296/296 295/295/295
f 296/296/296 297/297/297 298/298/298
f 301/301/301 300/300/300 299/299/299
f 300/300/300 301/301/301 302/302/302
f 305/305/305 304/304/304 303/303/303
f 304/304/304 305/305/305 306/306/306
f 309/309/309 308/308/308 307/307/307
f 308/308/308 309/309/309 310/310/310
f 313/313/313 312/312/312 311/311/311
f 312/312/312 313/313/313 314/314/314
f 317/317/317 316/316/316 315/315/315
f 316/316/316 317/317/317 318/318/318
f 321/321/321 320/320/320 319/319/319
f 320/320/320 321/321/321 322/322/322
f 325/325/325 324/324/324 323/323/323
f 324/324/324 325/325/325 326/326/326
f 329/329/329 328/328/328 327/327/327
f 328/328/328 329/329/329 330/330/330
f 333/333/333 332/332/332 331/331/331
f 332/332/332 333/333/333 334/334/334
f 337/337/337 336/336/336 335/335/335
f 336/336/336 337/337/337 338/338/338
f 341/341/341 340/340/340 339/339/339
f 340/340/340 341/341/341 342/342/342
f 345/345/345 344/344/344 343/343/343
f 344/344/344 345/345/345 346/346/346
f 349/349/349 348/348/348 347/347/347
f 348/348/348 349/349/349 350/350/350
f 353/353/353 352/352/352 351/351/351
f 352/352/352 353/353/353 354/354/354
f 357/357/357 356/356/356 355/355/355
f 356/356/356 357/357/357 358/358/358
f 361/361/361 360/360/360 359/359/359
f 360/360/360 361/361/361 362/362/362
f 365/365/365 364/364/364 363/363/363
f 364/364/364 365/365/365 366/366/366
f 369/369/369 368/368/368 367/367/367
f 368/368/368 369/369/369 370/370/370
f 373/373/373 372/372/372 371/371/371
f 372/372/372 373/373/373 374/374/374
f 377/377/377 376/376/376 375/375/375
f 376/376/376 377/377/377 378/378/378
f 381/381/381 380/380/380 379/379/379
f 380/380/380 381/381/381 382/382/382
f 385/385/385 384/384/384 383/383/383
f 384/384/384 385/385/385 386/386/386
f 389/389/389 388/388/388 387/387/387
f 388/388/388 389/389/389 390/390/390
f 393/393/393 392/392/392 391/391/391
f 392/392/392 393/393/393 394/394/394
f 397/397/397 396/396/396 395/395/395
f 396/396/396 397/397/397 398/398/398
f 401/401/401 400/400/400 399/399/399
f 400/400/400 401/401/401 402/402/402
f 405/405/405 404/404/404 403/403/403
f 404/404/404 405/405/405 406/406/406
f 409/409/409 408/408/408 407/407/407
f 408/408/408 409/409/409 410/410/410
f 413/413/413 412/412/412 411/411/411
f 412/412/412 413/413/413 414/414/414
f 417/417/417 416/416/416 415/415/415
f 416/416/416 417/417/417 418/418/418
f 421/421/421 420/420/420 419/419/419
f 420/420/420 421/421/421 422/422/422
f 425/425/425 424/424/424 423/423/423
f 424/424/424 425/425/425 426/426/426
f 429/429/429 428/428/428 427/427/427
f 428/428/428 429/429/429 430/430/430
f 433/433/433 432/432/432 431/431/431
f 432/432/432 433/433/433 434/434/434
f 437/437/437 436/436/436 435/435/435
f 436/436/436 437/437/437 438/438/438
f 441/441/441 440/440/440 439/439/439
f 440/440/440 441/441/441 442/442/442
f 445/445/445 444/444/444 443/443/443
f 444/444/444 445/445/445 446/446/446
f 449/449/449 448/448/448 447/447/447
f 448/448/448 449/449/449 450/450/450
f 453/453/453 452/452/452 451/451/451
f 452/452/452 453/453/453 454/454/454
f 457/457/457 456/456/456 455/455/455
f 456/456/456 457/457/457 458/458/458
f 461/461/461 460/460/460 459/459/459
f 460/460/460 461/461/461 462/462/462
f 465/465/465 464/464/464 463/463/463
f 464/464/464 465/465/465 466/466/466
f 469/469/469 468/468/468 467/467/467
f 468/468/468 469/469/469 470/470/470
f 473/473/473 472/472/472 471/471/471
f 472/472/472 473/473/473 474/474/474
f 477/477/477 476/476/476 475/475/475
f 476/476/476 477/477/477 478/478/478
f 481/481/481 480/480/480 479/479/479
f 480/480/480 481/481/481 482/482/482
f 485/485/485 484/484/484 483/483/483
f 484/484/484 485/485/485 486/486/486
f 489/489/489 488/488/488 487/487/487
f 488/488/488 489/489/489 490/490/490
f 493/493/493 492/492/492 491/491/491
f 492/492/492 493/493/493 494/494/494
f 497/497/497 496/496/496 495/495/495
f 496/496/496 497/497/497 498/498/498
f 501/501/501 500/500/500 499/499/499
f 500/500/500 501/501/501 502/502/502
f 505/505/505 504/504/504 503/503/503
f 504/504/504 505/505/505 506/506/506
f 509/509/509 508/508/508 507/507/507
f 508/508/508 509/509/509 510/510/510
f 513/513/513 512/512/512 511/511/511
f 512/512/512 513/513/513 514/514/514
f 517/517/517 516/516/516 515/515/515
f 516/516/516 517/517/517 518/518/518
f 521/521/521 520/520/520 519/519/519
f 520/520/520 521/521/521 522/522/522
f 525/525/525 524/524/524 523/523/523
f 524/524/524 525/525/525 526/526/526
f 529/529/529 528/528/528 527/527/527
f 528/528/528 529/529/529 530/530/530
f 533/533/533 532/532/532 531/531/531
f 532/532/532 533/533/533 534/534/534
f 537/537/537 536/536/536 535/535/535
f 536/536/536 537/537/537 538/538/538
f 541/541/541 540/540/540 539/539/539
f 540/540/540 541/541/541 542/542/542
f 545/545/545 544/544/544 543/543/543
f 544/544/544 545/545/545 546/546/546
f 549/549/549 548/548/548 547/547/547
f 548/548/548 549/549/549 550/550/550
f 553/553/553 552/552/552 551/551/551
f 552/552/552 553/553/553 554/554/554
g A005_B001_1
f 557/557/557 556/556/556 555/555/555
f 560/560/560 559/559/559 558/558/558
f 563/563/563 562/562/562 561/561/561
f 566/566/566 565/565/565 564/564/564
f 569/569/569 568/568/568 567/567/567
f 572/572/572 571/571/571 570/570/570
f 575/575/575 574/574/574 573/573/573
f 578/578/578 577/577/577 576/576/576
f 581/581/581 580/580/580 579/579/579
f 584/584/584 583/583/583 582/582/582
f 587/587/587 586/586/586 585/585/585
f 590/590/590 589/589/589 588/588/588
f 593/593/593 592/592/592 591/591/591
f 592/592/592 593/593/593 594/594/594
f 597/597/597 596/596/596 595/595/595
f 596/596/596 597/597/597 598/598/598
f 601/601/601 600/600/600 599/599/599
f 600/600/600 601/601/601 602/602/602
f 605/605/605 604/604/604 603/603/603
f 604/604/604 605/605/605 606/606/606
f 609/609/609 608/608/608 607/607/607
f 608/608/608 609/609/609 610/610/610
f 613/613/613 612/612/612 611/611/611
f 612/612/612 613/613/613 614/614/614
f 617/617/617 616/616/616 615/615/615
f 616/616/616 617/617/617 618/618/618
f 621/621/621 620/620/620 619/619/619
f 620/620/620 621/621/621 622/622/622
f 625/625/625 624/624/624 623/623/623
f 624/624/624 625/625/625 626/626/626
f 629/629/629 628/628/628 627/627/627
f 628/628/628 629/629/629 630/630/630
f 633/633/633 632/632/632 631/631/631
f 632/632/632 633/633/633 634/634/634
f 637/637/637 636/636/636 635/635/635
f 636/636/636 637/637/637 638/638/638
f 641/641/641 640/640/640 639/639/639
f 640/640/640 641/641/641 642/642/642
f 645/645/645 644/644/644 643/643/643
f 644/644/644 645/645/645 646/646/646
f 649/649/649 648/648/648 647/647/647
f 648/648/648 649/649/649 650/650/650
f 653/653/653 652/652/652 651/651/651
f 652/652/652 653/653/653 654/654/654
f 657/657/657 656/656/656 655/655/655
f 656/656/656 657/657/657 658/658/658
f 661/661/661 660/660/660 659/659/659
f 660/660/660 661/661/661 662/662/662
f 665/665/665 664/664/664 663/663/663
f 664/664/664 665/665/665 666/666/666
f 669/669/669 668/668/668 667/667/667
f 668/668/668 669/669/669 670/670/670
f 673/673/673 672/672/672 671/671/671
f 672/672/672 673/673/673 674/674/674
f 677/677/677 676/676/676 675/675/675
f 676/676/676 677/677/677 678/678/678
g A005_B001_2
f 681/681/681 680/680/680 679/679/679
f 684/684/684 683/683/683 682/682/682
f 687/687/687 686/686/686 685/685/685
f 690/690/690 689/689/689 688/688/688
f 693/693/693 692/692/692 691/691/691
f 696/696/696 695/695/695 694/694/694
f 699/699/699 698/698/698 697/697/697
f 702/702/702 701/701/701 700/700/700
f 705/705/705 704/704/704 703/703/703
f 708/708/708 707/707/707 706/706/706
f 711/711/711 710/710/710 709/709/709
f 714/714/714 713/713/713 712/712/712
f 717/717/717 716/716/716 715/715/715
f 720/720/720 719/719/719 718/718/718
f 723/723/723 722/722/722 721/721/721
f 726/726/726 725/725/725 724/724/724
f 729/729/729 728/728/728 727/727/727
f 732/732/732 731/731/731 730/730/730
f 735/735/735 734/734/734 733/733/733
f 738/738/738 737/737/737 736/736/736
f 741/741/741 740/740/740 739/739/739
f 744/744/744 743/743/743 742/742/742
f 747/747/747 746/746/746 745/745/745
f 750/750/750 749/749/749 748/748/748
f 753/753/753 752/752/752 751/751/751
f 756/756/756 755/755/755 754/754/754
f 759/759/759 758/758/758 757/757/757
f 762/762/762 761/761/761 760/760/760
f 765/765/765 764/764/764 763/763/763
f 768/768/768 767/767/767 766/766/766
f 771/771/771 770/770/770 769/769/769
f 774/774/774 773/773/773 772/772/772
f 777/777/777 776/776/776 775/775/775
f 780/780/780 779/779/779 778/778/778
f 783/783/783 782/782/782 781/781/781
f 786/786/786 785/785/785 784/784/784
f 789/789/789 788/788/788 787/787/787
f 792/792/792 791/791/791 790/790/790
f 795/795/795 794/794/794 793/793/793
f 798/798/798 797/797/797 796/796/796
f 801/801/801 800/800/800 799/799/799
f 804/804/804 803/803/803 802/802/802
f 807/807/807 806/806/806 805/805/805
f 810/810/810 809/809/809 808/808/808
f 813/813/813 812/812/812 811/811/811
f 816/816/816 815/815/815 814/814/814
f 819/819/819 818/818/818 817/817/817
f 822/822/822 821/821/821 820/820/820
f 825/825/825 824/824/824 823/823/823
f 828/828/828 827/827/827 826/826/826
f 831/831/831 830/830/830 829/829/829
f 834/834/834 833/833/833 832/832/832
f 837/837/837 836/836/836 835/835/835
f 840/840/840 839/839/839 838/838/838
f 843/843/843 842/842/842 841/841/841
f 846/846/846 845/845/845 844/844/844
f 849/849/849 848/848/848 847/847/847
f 852/852/852 851/851/851 850/850/850
f 855/855/855 854/854/854 853/853/853
f 858/858/858 857/857/857 856/856/856
f 861/861/861 860/860/860 859/859/859
f 864/864/864 863/863/863 862/862/862
f 867/867/867 866/866/866 865/865/865
f 870/870/870 869/869/869 868/868/868
f 873/873/873 872/872/872 871/871/871
f 876/876/876 875/875/875 874/874/874
f 879/879/879 878/878/878 877/877/877
f 882/882/882 881/881/881 880/880/880
f 885/885/885 884/884/884 883/883/883
f 888/888/888 887/887/887 886/886/886
f 891/891/891 890/890/890 889/889/889
f 894/894/894 893/893/893 892/892/892
f 897/897/897 896/896/896 895/895/895
f 900/900/900 899/899/899 898/898/898
f 903/903/903 902/902/902 901/901/901
f 906/906/906 905/905/905 904/904/904
f 909/909/909 908/908/908 907/907/907
f 912/912/912 911/911/911 910/910/910
f 915/915/915 914/914/914 913/913/913
f 918/918/918 917/917/917 916/916/916
f 921/921/921 920/920/920 919/919/919
f 924/924/924 923/923/923 922/922/922
f 927/927/927 926/926/926 925/925/925
f 930/930/930 929/929/929 928/928/928
f 933/933/933 932/932/932 931/931/931
f 932/932/932 933/933/933 934/934/934
f 937/937/937 936/936/936 935/935/935
f 936/936/936 937/937/937 938/938/938
f 941/941/941 940/940/940 939/939/939
f 940/940/940 941/941/941 942/942/942
f 945/945/945 944/944/944 943/943/943
f 944/944/944 945/945/945 946/946/946
f 949/949/949 948/948/948 947/947/947
f 948/948/948 949/949/949 950/950/950
f 953/953/953 952/952/952 951/951/951
f 952/952/952 953/953/953 954/954/954
f 957/957/957 956/956/956 955/955/955
f 956/956/956 957/957/957 958/958/958
f 961/961/961 960/960/960 959/959/959
f 960/960/960 961/961/961 962/962/962
f 965/965/965 964/964/964 963/963/963
f 964/964/964 965/965/965 966/966/966
f 969/969/969 968/968/968 967/967/967
f 968/968/968 969/969/969 970/970/970
f 973/973/973 972/972/972 971/971/971
f 972/972/972 973/973/973 974/974/974
f 977/977/977 976/976/976 975/975/975
f 976/976/976 977/977/977 978/978/978
f 981/981/981 980/980/980 979/979/979
f 980/980/980 981/981/981 982/982/982
f 985/985/985 984/984/984 983/983/983
f 984/984/984 985/985/985 986/986/986
f 989/989/989 988/988/988 987/987/987
f 988/988/988 989/989/989 990/990/990
f 993/993/993 992/992/992 991/991/991
f 992/992/992 993/993/993 994/994/994
f 997/997/997 996/996/996 995/995/995
f 996/996/996 997/997/997 998/998/998
f 1001/1001/1001 1000/1000/1000 999/999/999
f 1000/1000/1000 1001/1001/1001 1002/1002/1002
f 1005/1005/1005 1004/1004/1004 1003/1003/1003
f 1004/1004/1004 1005/1005/1005 1006/1006/1006
f 1009/1009/1009 1008/1008/1008 1007/1007/1007
f 1008/1008/1008 1009/1009/1009 1010/1010/1010
f 1013/1013/1013 1012/1012/1012 1011/1011/1011
f 1012/1012/1012 1013/1013/1013 1014/1014/1014
f 1017/1017/1017 1016/1016/1016 1015/1015/1015
f 1016/1016/1016 1017/1017/1017 1018/1018/1018
f 1021/1021/1021 1020/1020/1020 1019/1019/1019
f 1020/1020/1020 1021/1021/1021 1022/1022/1022
f 1025/1025/1025 1024/1024/1024 1023/1023/1023
f 1024/1024/1024 1025/1025/1025 1026/1026/1026
f 1029/1029/1029 1028/1028/1028 1027/1027/1027
f 1028/1028/1028 1029/1029/1029 1030/1030/1030
f 1033/1033/1033 1032/1032/1032 1031/1031/1031
f 1032/1032/1032 1033/1033/1033 1034/1034/1034
f 1037/1037/1037 1036/1036/1036 1035/1035/1035
f 1036/1036/1036 1037/1037/1037 1038/1038/1038
f 1041/1041/1041 1040/1040/1040 1039/1039/1039
f 1040/1040/1040 1041/1041/1041 1042/1042/1042
f 1045/1045/1045 1044/1044/1044 1043/1043/1043
f 1044/1044/1044 1045/1045/1045 1046/1046/1046
f 1049/1049/1049 1048/1048/1048 1047/1047/1047
f 1048/1048/1048 1049/1049/1049 1050/1050/1050
f 1053/1053/1053 1052/1052/1052 1051/1051/1051
f 1052/1052/1052 1053/1053/1053 1054/1054/1054
f 1057/1057/1057 1056/1056/1056 1055/1055/1055
f 1056/1056/1056 1057/1057/1057 1058/1058/1058
f 1061/1061/1061 1060/1060/1060 1059/1059/1059
f 1060/1060/1060 1061/1061/1061 1062/1062/1062
f 1065/1065/1065 1064/1064/1064 1063/1063/1063
f 1064/1064/1064 1065/1065/1065 1066/1066/1066
f 1069/1069/1069 1068/1068/1068 1067/1067/1067
f 1068/1068/1068 1069/1069/1069 1070/1070/1070
f 1073/1073/1073 1072/1072/1072 1071/1071/1071
f 1072/1072/1072 1073/1073/1073 1074/1074/1074
f 1077/1077/1077 1076/1076/1076 1075/1075/1075
f 1076/1076/1076 1077/1077/1077 1078/1078/1078
f 1081/1081/1081 1080/1080/1080 1079/1079/1079
f 1080/1080/1080 1081/1081/1081 1082/1082/1082
f 1085/1085/1085 1084/1084/1084 1083/1083/1083
f 1084/1084/1084 1085/1085/1085 1086/1086/1086
f 1089/1089/1089 1088/1088/1088 1087/1087/1087
f 1088/1088/1088 1089/1089/1089 1090/1090/1090
f 1093/1093/1093 1092/1092/1092 1091/1091/1091
f 1092/1092/1092 1093/1093/1093 1094/1094/1094
f 1097/1097/1097 1096/1096/1096 1095/1095/1095
f 1096/1096/1096 1097/1097/1097 1098/1098/1098
f 1101/1101/1101 1100/1100/1100 1099/1099/1099
f 1100/1100/1100 1101/1101/1101 1102/1102/1102
f 1105/1105/1105 1104/1104/1104 1103/1103/1103
f 1104/1104/1104 1105/1105/1105 1106/1106/1106
f 1109/1109/1109 1108/1108/1108 1107/1107/1107
f 1108/1108/1108 1109/1109/1109 1110/1110/1110
f 1113/1113/1113 1112/1112/1112 1111/1111/1111
f 1112/1112/1112 1113/1113/1113 1114/1114/1114
f 1117/1117/1117 1116/1116/1116 1115/1115/1115
f 1116/1116/1116 1117/1117/1117 1118/1118/1118
f 1121/1121/1121 1120/1120/1120 1119/1119/1119
f 1120/1120/1120 1121/1121/1121 1122/1122/1122
f 1125/1125/1125 1124/1124/1124 1123/1123/1123
f 1124/1124/1124 1125/1125/1125 1126/1126/1126
f 1129/1129/1129 1128/1128/1128 1127/1127/1127
f 1128/1128/1128 1129/1129/1129 1130/1130/1130
f 1133/1133/1133 1132/1132/1132 1131/1131/1131
f 1132/1132/1132 1133/1133/1133 1134/1134/1134
f 1137/1137/1137 1136/1136/1136 1135/1135/1135
f 1136/1136/1136 1137/1137/1137 1138/1138/1138
f 1141/1141/1141 1140/1140/1140 1139/1139/1139
f 1140/1140/1140 1141/1141/1141 1142/1142/1142
f 1142/1142/1142 1143/1143/1143 1140/1140/1140
f 1143/1143/1143 1142/1142/1142 1144/1144/1144
f 1147/1147/1147 1146/1146/1146 1145/1145/1145
f 1146/1146/1146 1147/1147/1147 1148/1148/1148
f 1151/1151/1151 1150/1150/1150 1149/1149/1149
f 1150/1150/1150 1151/1151/1151 1152/1152/1152
f 1152/1152/1152 1153/1153/1153 1150/1150/1150
f 1153/1153/1153 1152/1152/1152 1154/1154/1154
f 1157/1157/1157 1156/1156/1156 1155/1155/1155
f 1156/1156/1156 1157/1157/1157 1158/1158/1158
f 1161/1161/1161 1160/1160/1160 1159/1159/1159
f 1160/1160/1160 1161/1161/1161 1162/1162/1162
f 1165/1165/1165 1164/1164/1164 1163/1163/1163
f 1164/1164/1164 1165/1165/1165 1166/1166/1166
f 1169/1169/1169 1168/1168/1168 1167/1167/1167
f 1168/1168/1168 1169/1169/1169 1170/1170/1170
f 1173/1173/1173 1172/1172/1172 1171/1171/1171
f 1172/1172/1172 1173/1173/1173 1174/1174/1174
f 1177/1177/1177 1176/1176/1176 1175/1175/1175
f 1176/1176/1176 1177/1177/1177 1178/1178/1178
f 1181/1181/1181 1180/1180/1180 1179/1179/1179
f 1180/1180/1180 1181/1181/1181 1182/1182/1182
f 1185/1185/1185 1184/1184/1184 1183/1183/1183
f 1184/1184/1184 1185/1185/1185 1186/1186/1186
f 1189/1189/1189 1188/1188/1188 1187/1187/1187
f 1188/1188/1188 1189/1189/1189 1190/1190/1190
f 1193/1193/1193 1192/1192/1192 1191/1191/1191
f 1192/1192/1192 1193/1193/1193 1194/1194/1194
f 1197/1197/1197 1196/1196/1196 1195/1195/1195
f 1196/1196/1196 1197/1197/1197 1198/1198/1198
f 1201/1201/1201 1200/1200/1200 1199/1199/1199
f 1200/1200/1200 1201/1201/1201 1202/1202/1202
f 1202/1202/1202 1203/1203/1203 1200/1200/1200
f 1203/1203/1203 1202/1202/1202 1204/1204/1204
f 1207/1207/1207 1206/1206/1206 1205/1205/1205
f 1206/1206/1206 1207/1207/1207 1208/1208/1208
f 1211/1211/1211 1210/1210/1210 1209/1209/1209
f 1210/1210/1210 1211/1211/1211 1212/1212/1212
f 1212/1212/1212 1213/1213/1213 1210/1210/1210
f 1213/1213/1213 1212/1212/1212 1214/1214/1214
f 1217/1217/1217 1216/1216/1216 1215/1215/1215
f 1216/1216/1216 1217/1217/1217 1218/1218/1218
f 1221/1221/1221 1220/1220/1220 1219/1219/1219
f 1220/1220/1220 1221/1221/1221 1222/1222/1222
f 1225/1225/1225 1224/1224/1224 1223/1223/1223
f 1224/1224/1224 1225/1225/1225 1226/1226/1226
f 1229/1229/1229 1228/1228/1228 1227/1227/1227
f 1228/1228/1228 1229/1229/1229 1230/1230/1230
f 1233/1233/1233 1232/1232/1232 1231/1231/1231
f 1232/1232/1232 1233/1233/1233 1234/1234/1234
f 1237/1237/1237 1236/1236/1236 1235/1235/1235
f 1236/1236/1236 1237/1237/1237 1238/1238/1238
f 1241/1241/1241 1240/1240/1240 1239/1239/1239
f 1240/1240/1240 1241/1241/1241 1242/1242/1242
f 1245/1245/1245 1244/1244/1244 1243/1243/1243
f 1244/1244/1244 1245/1245/1245 1246/1246/1246
f 1249/1249/1249 1248/1248/1248 1247/1247/1247
f 1248/1248/1248 1249/1249/1249 1250/1250/1250
f 1253/1253/1253 1252/1252/1252 1251/1251/1251
f 1252/1252/1252 1253/1253/1253 1254/1254/1254
f 1257/1257/1257 1256/1256/1256 1255/1255/1255
f 1256/1256/1256 1257/1257/1257 1258/1258/1258
f 1261/1261/1261 1260/1260/1260 1259/1259/1259
f 1260/1260/1260 1261/1261/1261 1262/1262/1262
f 1265/1265/1265 1264/1264/1264 1263/1263/1263
f 1264/1264/1264 1265/1265/1265 1266/1266/1266
f 1269/1269/1269 1268/1268/1268 1267/1267/1267
f 1268/1268/1268 1269/1269/1269 1270/1270/1270
f 1273/1273/1273 1272/1272/1272 1271/1271/1271
f 1272/1272/1272 1273/1273/1273 1274/1274/1274
f 1277/1277/1277 1276/1276/1276 1275/1275/1275
f 1276/1276/1276 1277/1277/1277 1278/1278/1278
f 1281/1281/1281 1280/1280/1280 1279/1279/1279
f 1280/1280/1280 1281/1281/1281 1282/1282/1282
f 1285/1285/1285 1284/1284/1284 1283/1283/1283
f 1284/1284/1284 1285/1285/1285 1286/1286/1286
f 1289/1289/1289 1288/1288/1288 1287/1287/1287
f 1288/1288/1288 1289/1289/1289 1290/1290/1290
f 1293/1293/1293 1292/1292/1292 1291/1291/1291
f 1292/1292/1292 1293/1293/1293 1294/1294/1294
f 1297/1297/1297 1296/1296/1296 1295/1295/1295
f 1296/1296/1296 1297/1297/1297 1298/1298/1298
f 1301/1301/1301 1300/1300/1300 1299/1299/1299
f 1300/1300/1300 1301/1301/1301 1302/1302/1302
f 1305/1305/1305 1304/1304/1304 1303/1303/1303
f 1304/1304/1304 1305/1305/1305 1306/1306/1306
f 1309/1309/1309 1308/1308/1308 1307/1307/1307
f 1308/1308/1308 1309/1309/1309 1310/1310/1310
f 1313/1313/1313 1312/1312/1312 1311/1311/1311
f 1312/1312/1312 1313/1313/1313 1314/1314/1314
g A005_B001_3
f 1317/1317/1317 1316/1316/1316 1315/1315/1315
f 1316/1316/1316 1317/1317/1317 1318/1318/1318
f 1321/1321/1321 1320/1320/1320 1319/1319/1319
f 1320/1320/1320 1321/1321/1321 1322/1322/1322
f 1325/1325/1325 1324/1324/1324 1323/1323/1323
f 1324/1324/1324 1325/1325/1325 1326/1326/1326
f 1329/1329/1329 1328/1328/1328 1327/1327/1327
f 1328/1328/1328 1329/1329/1329 1330/1330/1330
f 1333/1333/1333 1332/1332/1332 1331/1331/1331
f 1332/1332/1332 1333/1333/1333 1334/1334/1334
f 1337/1337/1337 1336/1336/1336 1335/1335/1335
f 1336/1336/1336 1337/1337/1337 1338/1338/1338
f 1341/1341/1341 1340/1340/1340 1339/1339/1339
f 1340/1340/1340 1341/1341/1341 1342/1342/1342
f 1345/1345/1345 1344/1344/1344 1343/1343/1343
f 1344/1344/1344 1345/1345/1345 1346/1346/1346
f 1349/1349/1349 1348/1348/1348 1347/1347/1347
f 1348/1348/1348 1349/1349/1349 1350/1350/1350
f 1353/1353/1353 1352/1352/1352 1351/1351/1351
f 1352/1352/1352 1353/1353/1353 1354/1354/1354
