g B001_FB03
v 4.9668994 1.9332651 -0.87418747
v 4.9826584 1.821481 -0.78004926
v 4.800444 1.8212026 -0.8547099
v 10.208187 1.9541124 -1.365235
v 10.374373 1.8413905 -1.3831995
v 10.223947 1.8423332 -1.2711029
v 4.499248 1.8956604 -6.6087217
v 4.3327856 1.783588 -6.5892467
v 4.483181 1.7826598 -6.7013416
v 9.740546 1.916508 -7.09978
v 9.724483 1.8035026 -7.1923985
v 9.906723 1.8037856 -7.117733
v -7.6932907 2.497356 -0.7475903
v -7.8722997 2.42782 -0.5756177
v -7.972031 2.4278247 -0.66460204
v 6.4265113 2.6132348 -0.7102539
v 6.709253 2.4278247 -0.64420164
v 6.6202536 2.4278247 -0.5444824
v -7.8039646 2.6132348 -22.343222
v -8.086704 2.4278197 -22.409275
v -7.9977293 2.4278295 -22.508999
v 6.315857 2.6132345 -22.305902
v 6.494851 2.4278295 -22.477861
v 6.5945606 2.4278247 -22.388874
v 6.6202536 2.4278247 -0.5444824
v -7.8722997 2.42782 -0.5756177
v 6.4265113 2.6132348 -0.7102539
v -7.6932907 2.497356 -0.7475903
v 6.4265113 2.6132348 -0.7102539
v -7.8722997 2.42782 -0.5756177
v -7.972031 2.4278247 -0.66460204
v -8.086704 2.4278197 -22.409275
v -7.6932907 2.497356 -0.7475903
v -7.8039646 2.6132348 -22.343222
v -7.6932907 2.497356 -0.7475903
v -8.086704 2.4278197 -22.409275
v 6.62563 2.1555934 -0.4501294
v -7.8669434 2.3802955 -0.48125488
v 6.6202536 2.4278247 -0.5444824
v -7.8722997 2.42782 -0.5756177
v 6.6202536 2.4278247 -0.5444824
v -7.8669434 2.3802955 -0.48125488
v -8.066377 2.3802953 -0.65924317
v -8.18106 2.1555932 -22.403923
v -7.972031 2.4278247 -0.66460204
v -8.086704 2.4278197 -22.409275
v -7.972031 2.4278247 -0.66460204
v -8.18106 2.1555932 -22.403923
v 15.686489 2.3063529 -7.6749716
v 15.530036 2.197422 -7.8691854
v 15.627136 2.1974907 -7.9610167
v 14.643303 2.3163912 -1.1060055
v 14.552974 2.1954727 -0.83363795
v 14.461143 2.1955702 -0.9307126
v 19.439041 2.3244002 -7.12727
v 19.528166 2.1973398 -7.407047
v 19.619995 2.1972418 -7.3099914
v 18.395489 2.3157027 -0.56061006
v 18.551107 2.1953897 -0.37150422
v 18.454006 2.1953213 -0.27968842
v 14.461143 2.1955702 -0.9307126
v 15.530036 2.197422 -7.8691854
v 14.643303 2.3163912 -1.1060055
v 15.686489 2.3063529 -7.6749716
v 14.643303 2.3163912 -1.1060055
v 15.530036 2.197422 -7.8691854
v 19.619995 2.1972418 -7.3099914
v 18.551107 2.1953897 -0.37150422
v 19.439041 2.3244002 -7.12727
v 18.395489 2.3157027 -0.56061006
v 19.439041 2.3244002 -7.12727
v 18.551107 2.1953897 -0.37150422
v 14.36579 1.9654776 -0.9387625
v 15.435403 1.9657574 -7.8727646
v 14.461143 2.1955702 -0.9307126
v 15.530036 2.197422 -7.8691854
v 14.461143 2.1955702 -0.9307126
v 15.435403 1.9657574 -7.8727646
v 15.629614 1.9659771 -8.056398
v 19.529924 1.9685113 -7.506926
v 15.627136 2.1974907 -7.9610167
v 19.528166 2.1973398 -7.407047
v 15.627136 2.1974907 -7.9610167
v 19.529924 1.9685113 -7.506926
v 16.682043 5.798872 -6.434691
v 16.508371 5.678347 -6.6491146
v 16.615532 5.678424 -6.751002
v 15.894893 5.809978 0.2738577
v 15.795752 5.6761923 0.5754773
v 15.693862 5.6763 0.46833923
v 20.835558 5.818839 -5.839735
v 20.933344 5.6782556 -6.149548
v 21.03523 5.6781483 -6.0424337
v 20.047995 5.809216 0.86626434
v 20.220734 5.6761 1.0750366
v 20.113567 5.6760235 1.176911
v 15.693862 5.6763 0.46833923
v 16.508371 5.678347 -6.6491146
v 15.894893 5.809978 0.2738577
v 16.682043 5.798872 -6.434691
v 15.894893 5.809978 0.2738577
v 16.508371 5.678347 -6.6491146
v 21.03523 5.6781483 -6.0424337
v 20.220734 5.6761 1.0750366
v 20.835558 5.818839 -5.839735
v 20.047995 5.809216 0.86626434
v 20.835558 5.818839 -5.839735
v 20.220734 5.6761 1.0750366
v 15.58834 5.42172 0.45971403
v 16.403656 5.4220276 -6.6527953
v 15.693862 5.6763 0.46833923
v 16.508371 5.678347 -6.6491146
v 15.693862 5.6763 0.46833923
v 16.403656 5.4220276 -6.6527953
v 16.617994 5.4222717 -6.8565416
v 20.934998 5.4250755 -6.26006
v 16.615532 5.678424 -6.751002
v 20.933344 5.6782556 -6.149548
v 16.615532 5.678424 -6.751002
v 20.934998 5.4250755 -6.26006
v 4.3410153 5.9502897 2.2532449
v 4.365359 5.8385057 2.3455377
v 4.1770506 5.8382273 2.2879279
v 9.5150585 5.9711375 1.2829117
v 9.67889 5.8584156 1.2497604
v 9.539394 5.859358 1.375199
v 3.3034766 5.9126854 -4.014797
v 3.1395068 5.8006124 -3.980117
v 3.2789698 5.799685 -4.1055493
v 8.477526 5.9335327 -4.9851427
v 8.453024 5.8205285 -5.075894
v 8.641351 5.8208103 -5.018281
v 8.703559 2.9113638 2.9419942
v 8.710156 2.79958 3.0372152
v 8.535998 2.7993014 2.9453006
v 18.609222 2.9322116 3.0834858
v 18.776367 2.8194895 3.081659
v 18.615814 2.8204317 3.1787002
v 8.885727 2.8737597 -2.811603
v 8.718162 2.761687 -2.8083005
v 8.87868 2.760759 -2.9053414
v 18.791399 2.8946066 -2.6701236
v 18.784357 2.7816024 -2.7638595
v 18.958532 2.7818844 -2.6719375
v 9.955106 0.8602124 0.7150784
v 9.96313 0.74842817 0.8101883
v 9.787619 0.7481499 0.72090423
v 18.929499 0.8810597 0.6534787
v 19.096596 0.76833785 0.6491391
v 18.937521 0.76928055 0.7485837
v 9.9570875 0.8226077 -5.0384936
v 9.789591 0.7105354 -5.032671
v 9.948634 0.70960706 -5.1321154
v 18.93149 0.8434553 -5.1001024
v 18.923038 0.7304501 -5.193722
v 19.09858 0.73073286 -5.104432
v 1.9288477 2.7271593 -4.48743
v 1.9347973 2.6153753 -4.3921666
v 1.7612743 2.615097 -4.48526
v 7.1928196 2.7480066 -4.4341745
v 7.3599753 2.635285 -4.434867
v 7.1987643 2.636228 -4.3389173
v 2.0563524 2.689555 -10.239591
v 1.8887695 2.5774825 -10.237423
v 2.0499437 2.5765538 -10.333374
v 7.320337 2.7104025 -10.186341
v 7.3139305 2.597397 -10.280126
v 7.48748 2.59768 -10.187026
v 17.191969 -1.4643621 -6.033712
v 17.013437 -1.5732931 -6.207843
v 17.09887 -1.5732248 -6.3106165
v 16.941038 -1.4543226 0.61283535
v 16.883894 -1.5752422 0.89404327
v 16.781122 -1.5751444 0.80863494
v 20.98308 -1.4463143 -5.9382434
v 21.038141 -1.5733755 -6.2266636
v 21.140907 -1.5734735 -6.141273
v 20.731506 -1.4550123 0.7060574
v 20.908606 -1.5753255 0.87521726
v 20.823166 -1.5753942 0.9779764
v 16.781122 -1.5751444 0.80863494
v 17.013437 -1.5732931 -6.207843
v 16.941038 -1.4543226 0.61283535
v 17.191969 -1.4643621 -6.033712
v 16.941038 -1.4543226 0.61283535
v 17.013437 -1.5732931 -6.207843
v 21.140907 -1.5734735 -6.141273
v 20.908606 -1.5753255 0.87521726
v 20.98308 -1.4463143 -5.9382434
v 20.731506 -1.4550123 0.7060574
v 20.98308 -1.4463143 -5.9382434
v 20.908606 -1.5753255 0.87521726
v 16.685493 -1.805238 0.81203336
v 16.919052 -1.8049579 -6.2000904
v 16.781122 -1.5751444 0.80863494
v 17.013437 -1.5732931 -6.207843
v 16.781122 -1.5751444 0.80863494
v 16.919052 -1.8049579 -6.2000904
v 17.089935 -1.8047382 -6.4056125
v 21.027956 -1.8022039 -6.3260374
v 17.09887 -1.5732248 -6.3106165
v 21.038141 -1.5733755 -6.2266636
v 17.09887 -1.5732248 -6.3106165
v 21.027956 -1.8022039 -6.3260374
v 5.130498 1.840449 -9.329521
v 5.1364474 1.728665 -9.234258
v 4.9629245 1.7283864 -9.327351
v 6.568804 1.8612963 -9.276264
v 6.7359595 1.7485745 -9.2769575
v 6.5747485 1.7495174 -9.181008
v 5.2580028 1.8028437 -16.543928
v 5.09042 1.6907713 -16.54176
v 5.251594 1.6898427 -16.637709
v 6.6963205 1.8236914 -16.490679
v 6.689914 1.7106858 -16.584463
v 6.8634644 1.7109689 -16.491362
v 10.060898 -0.9756331 -6.012136
v 9.883154 -1.0845637 -6.187075
v 9.969051 -1.0844952 -6.28946
v 9.779873 -0.96559477 0.6332068
v 9.721457 -1.0865136 0.9141531
v 9.619073 -1.0864156 0.82828003
v 13.851537 -0.95758545 -5.899503
v 13.907905 -1.0846461 -6.1876707
v 14.0102825 -1.0847441 -6.101816
v 13.569881 -0.96628356 0.7435916
v 13.746212 -1.0865964 0.9135519
v 13.660309 -1.0866649 1.0159228
v 9.619073 -1.0864156 0.82828003
v 9.883154 -1.0845637 -6.187075
v 9.779873 -0.96559477 0.6332068
v 10.060898 -0.9756331 -6.012136
v 9.779873 -0.96559477 0.6332068
v 9.883154 -1.0845637 -6.187075
v 14.0102825 -1.0847441 -6.101816
v 13.746212 -1.0865964 0.9135519
v 13.851537 -0.95758545 -5.899503
v 13.569881 -0.96628356 0.7435916
v 13.851537 -0.95758545 -5.899503
v 13.746212 -1.0865964 0.9135519
v 9.523429 -1.3165083 0.8312466
v 9.788736 -1.3162283 -6.1797495
v 9.619073 -1.0864156 0.82828003
v 9.883154 -1.0845637 -6.187075
v 9.619073 -1.0864156 0.82828003
v 9.788736 -1.3162283 -6.1797495
v 9.960547 -1.3160089 -6.3844943
v 13.898169 -1.3134747 -6.2870884
v 9.969051 -1.0844952 -6.28946
v 13.907905 -1.0846461 -6.1876707
v 9.969051 -1.0844952 -6.28946
v 13.898169 -1.3134747 -6.2870884
v 8.738382 -3.7285748 -5.392537
v 8.546806 -3.8375053 -5.5522094
v 8.623961 -3.8374372 -5.661334
v 9.127535 -3.7185364 0.37674347
v 9.0925045 -3.8394554 0.6615524
v 8.983383 -3.8393571 0.584422
v 12.525384 -3.7105272 -5.5931334
v 12.557778 -3.8375878 -5.88497
v 12.666893 -3.837686 -5.807858
v 12.913724 -3.7192256 0.17395782
v 13.10348 -3.8395379 0.3287854
v 13.026318 -3.8396068 0.43789703
v 8.983383 -3.8393571 0.584422
v 8.546806 -3.8375053 -5.5522094
v 9.127535 -3.7185364 0.37674347
v 8.738382 -3.7285748 -5.392537
v 9.127535 -3.7185364 0.37674347
v 8.546806 -3.8375053 -5.5522094
v 12.666893 -3.837686 -5.807858
v 13.10348 -3.8395379 0.3287854
v 12.525384 -3.7105272 -5.5931334
v 12.913724 -3.7192256 0.17395782
v 12.525384 -3.7105272 -5.5931334
v 13.10348 -3.8395379 0.3287854
v 8.88831 -4.06945 0.5952716
v 8.453317 -4.06917 -5.537118
v 8.983383 -3.8393571 0.584422
v 8.546806 -3.8375053 -5.5522094
v 8.983383 -3.8393571 0.584422
v 8.453317 -4.06917 -5.537118
v 8.607642 -4.0689507 -5.7553434
v 12.539869 -4.0664167 -5.983247
v 8.623961 -3.8374372 -5.661334
v 12.557778 -3.8375878 -5.88497
v 8.623961 -3.8374372 -5.661334
v 12.539869 -4.0664167 -5.983247
v 4.998396 1.6810739 -0.68571305
v 4.6339283 1.6805084 -0.8350398
v 4.9826584 1.821481 -0.78004926
v 4.800444 1.8212026 -0.8547099
v 10.540509 1.7000462 -1.4009722
v 10.239697 1.701922 -1.1767663
v 10.374373 1.8413905 -1.3831995
v 10.223947 1.8423332 -1.2711029
v 4.166289 1.642903 -6.5695834
v 4.467107 1.641027 -6.793773
v 4.3327856 1.783588 -6.5892467
v 4.483181 1.7826598 -6.7013416
v 9.708396 1.6618699 -7.284824
v 10.072868 1.6624358 -7.135503
v 9.724483 1.8035026 -7.1923985
v 9.906723 1.8037856 -7.117733
v 10.223947 1.8423332 -1.2711029
v 4.9826584 1.821481 -0.78004926
v 10.208187 1.9541124 -1.365235
v 4.9668994 1.9332651 -0.87418747
v 9.906723 1.8037856 -7.117733
v 10.374373 1.8413905 -1.3831995
v 9.740546 1.916508 -7.09978
v 10.208187 1.9541124 -1.365235
v 4.483181 1.7826598 -6.7013416
v 9.724483 1.8035026 -7.1923985
v 4.499248 1.8956604 -6.6087217
v 9.740546 1.916508 -7.09978
v 4.800444 1.8212026 -0.8547099
v 4.3327856 1.783588 -6.5892467
v 4.9668994 1.9332651 -0.87418747
v 4.499248 1.8956604 -6.6087217
v 10.239697 1.701922 -1.1767663
v 4.998396 1.6810739 -0.68571305
v 10.223947 1.8423332 -1.2711029
v 4.9826584 1.821481 -0.78004926
v 10.072868 1.6624358 -7.135503
v 10.540509 1.7000462 -1.4009722
v 9.906723 1.8037856 -7.117733
v 10.374373 1.8413905 -1.3831995
v 4.467107 1.641027 -6.793773
v 9.708396 1.6618699 -7.284824
v 4.483181 1.7826598 -6.7013416
v 9.724483 1.8035026 -7.1923985
v 4.6339283 1.6805084 -0.8350398
v 4.166289 1.642903 -6.5695834
v 4.800444 1.8212026 -0.8547099
v 4.3327856 1.783588 -6.5892467
v -7.8669434 2.3802955 -0.48125488
v -8.066377 2.3802953 -0.65924317
v -7.8722997 2.42782 -0.5756177
v -7.972031 2.4278247 -0.66460204
v 6.803601 2.1555932 -0.64956295
v 6.62563 2.1555934 -0.4501294
v 6.709253 2.4278247 -0.64420164
v 6.6202536 2.4278247 -0.5444824
v -8.18106 2.1555932 -22.403923
v -8.003081 2.1555936 -22.603344
v -8.086704 2.4278197 -22.409275
v -7.9977293 2.4278295 -22.508999
v 6.48948 2.1555936 -22.572212
v 6.688921 2.1555932 -22.394236
v 6.494851 2.4278295 -22.477861
v 6.5945606 2.4278247 -22.388874
v 6.5945606 2.4278247 -22.388874
v 6.709253 2.4278247 -0.64420164
v 6.315857 2.6132345 -22.305902
v 6.4265113 2.6132348 -0.7102539
v -7.9977293 2.4278295 -22.508999
v 6.494851 2.4278295 -22.477861
v -7.8039646 2.6132348 -22.343222
v 6.315857 2.6132345 -22.305902
v 6.688921 2.1555932 -22.394236
v 6.803601 2.1555932 -0.64956295
v 6.5945606 2.4278247 -22.388874
v 6.709253 2.4278247 -0.64420164
v -8.003081 2.1555936 -22.603344
v 6.48948 2.1555936 -22.572212
v -7.9977293 2.4278295 -22.508999
v 6.494851 2.4278295 -22.477861
v 15.435403 1.9657574 -7.8727646
v 15.629614 1.9659771 -8.056398
v 15.530036 2.197422 -7.8691854
v 15.627136 2.1974907 -7.9610167
v 14.54946 1.9651552 -0.74464506
v 14.36579 1.9654776 -0.9387625
v 14.552974 2.1954727 -0.83363795
v 14.461143 2.1955702 -0.9307126
v 19.529924 1.9685113 -7.506926
v 19.713575 1.9681894 -7.3128037
v 19.528166 2.1973398 -7.407047
v 19.619995 2.1972418 -7.3099914
v 18.644688 1.9651263 -0.37432066
v 18.450487 1.9649065 -0.1906839
v 18.551107 2.1953897 -0.37150422
v 18.454006 2.1953213 -0.27968842
v 18.454006 2.1953213 -0.27968842
v 14.552974 2.1954727 -0.83363795
v 18.395489 2.3157027 -0.56061006
v 14.643303 2.3163912 -1.1060055
v 15.627136 2.1974907 -7.9610167
v 19.528166 2.1973398 -7.407047
v 19.439041 2.3244002 -7.12727
v 15.686489 2.3063529 -7.6749716
v 18.450487 1.9649065 -0.1906839
v 14.54946 1.9651552 -0.74464506
v 18.454006 2.1953213 -0.27968842
v 14.552974 2.1954727 -0.83363795
v 19.713575 1.9681894 -7.3128037
v 18.644688 1.9651263 -0.37432066
v 19.619995 2.1972418 -7.3099914
v 18.551107 2.1953897 -0.37150422
v 16.403656 5.4220276 -6.6527953
v 16.617994 5.4222717 -6.8565416
v 16.508371 5.678347 -6.6491146
v 16.615532 5.678424 -6.751002
v 15.792129 5.421365 0.6739517
v 15.58834 5.42172 0.45971403
v 15.795752 5.6761923 0.5754773
v 15.693862 5.6763 0.46833923
v 20.934998 5.4250755 -6.26006
v 21.138763 5.4247193 -6.04582
v 20.933344 5.6782556 -6.149548
v 21.03523 5.6781483 -6.0424337
v 20.324263 5.421331 1.0716449
v 20.109938 5.4210863 1.2753979
v 20.220734 5.6761 1.0750366
v 20.113567 5.6760235 1.176911
v 20.113567 5.6760235 1.176911
v 15.795752 5.6761923 0.5754773
v 20.047995 5.809216 0.86626434
v 15.894893 5.809978 0.2738577
v 16.615532 5.678424 -6.751002
v 20.933344 5.6782556 -6.149548
v 20.835558 5.818839 -5.839735
v 16.682043 5.798872 -6.434691
v 20.109938 5.4210863 1.2753979
v 15.792129 5.421365 0.6739517
v 20.113567 5.6760235 1.176911
v 15.795752 5.6761923 0.5754773
v 21.138763 5.4247193 -6.04582
v 20.324263 5.421331 1.0716449
v 21.03523 5.6781483 -6.0424337
v 20.220734 5.6761 1.0750366
v 4.38969 5.6980987 2.4380302
v 4.0130515 5.6975327 2.322807
v 4.365359 5.8385057 2.3455377
v 4.1770506 5.8382273 2.2879279
v 9.842692 5.7170706 1.2168051
v 9.563743 5.718947 1.4676901
v 9.67889 5.8584156 1.2497604
v 9.539394 5.859358 1.375199
v 2.9755175 5.6599283 -3.945244
v 3.25448 5.6580524 -4.1961145
v 3.1395068 5.8006124 -3.980117
v 3.2789698 5.799685 -4.1055493
v 8.428515 5.678895 -5.166452
v 8.8051605 5.6794605 -5.0512342
v 8.453024 5.8205285 -5.075894
v 8.641351 5.8208103 -5.018281
v 9.539394 5.859358 1.375199
v 4.365359 5.8385057 2.3455377
v 9.5150585 5.9711375 1.2829117
v 4.3410153 5.9502897 2.2532449
v 8.641351 5.8208103 -5.018281
v 9.67889 5.8584156 1.2497604
v 8.477526 5.9335327 -4.9851427
v 9.5150585 5.9711375 1.2829117
v 3.2789698 5.799685 -4.1055493
v 8.453024 5.8205285 -5.075894
v 3.3034766 5.9126854 -4.014797
v 8.477526 5.9335327 -4.9851427
v 4.1770506 5.8382273 2.2879279
v 3.1395068 5.8006124 -3.980117
v 4.3410153 5.9502897 2.2532449
v 3.3034766 5.9126854 -4.014797
v 9.563743 5.718947 1.4676901
v 4.38969 5.6980987 2.4380302
v 9.539394 5.859358 1.375199
v 4.365359 5.8385057 2.3455377
v 8.8051605 5.6794605 -5.0512342
v 9.842692 5.7170706 1.2168051
v 8.641351 5.8208103 -5.018281
v 9.67889 5.8584156 1.2497604
v 3.25448 5.6580524 -4.1961145
v 8.428515 5.678895 -5.166452
v 3.2789698 5.799685 -4.1055493
v 8.453024 5.8205285 -5.075894
v 4.0130515 5.6975327 2.322807
v 2.9755175 5.6599283 -3.945244
v 4.1770506 5.8382273 2.2879279
v 3.1395068 5.8006124 -3.980117
v 8.716702 2.659173 3.1326303
v 8.368366 2.6586068 2.9487925
v 8.710156 2.79958 3.0372152
v 8.535998 2.7993014 2.9453006
v 18.943441 2.6781447 3.0800192
v 18.622377 2.680021 3.2741165
v 18.776367 2.8194895 3.081659
v 18.615814 2.8204317 3.1787002
v 8.550542 2.6210024 -2.804813
v 8.8716135 2.6191258 -2.9988937
v 8.718162 2.761687 -2.8083005
v 8.87868 2.760759 -2.9053414
v 18.777273 2.6399689 -2.8574076
v 19.125614 2.6405346 -2.673574
v 18.784357 2.7816024 -2.7638595
v 18.958532 2.7818844 -2.6719375
v 18.615814 2.8204317 3.1787002
v 8.710156 2.79958 3.0372152
v 18.609222 2.9322116 3.0834858
v 8.703559 2.9113638 2.9419942
v 18.958532 2.7818844 -2.6719375
v 18.776367 2.8194895 3.081659
v 18.791399 2.8946066 -2.6701236
v 18.609222 2.9322116 3.0834858
v 8.87868 2.760759 -2.9053414
v 18.784357 2.7816024 -2.7638595
v 8.885727 2.8737597 -2.811603
v 18.791399 2.8946066 -2.6701236
v 8.535998 2.7993014 2.9453006
v 8.718162 2.761687 -2.8083005
v 8.703559 2.9113638 2.9419942
v 8.885727 2.8737597 -2.811603
v 18.622377 2.680021 3.2741165
v 8.716702 2.659173 3.1326303
v 18.615814 2.8204317 3.1787002
v 8.710156 2.79958 3.0372152
v 19.125614 2.6405346 -2.673574
v 18.943441 2.6781447 3.0800192
v 18.958532 2.7818844 -2.6719375
v 18.776367 2.8194895 3.081659
v 8.8716135 2.6191258 -2.9988937
v 18.777273 2.6399689 -2.8574076
v 8.87868 2.760759 -2.9053414
v 18.784357 2.7816024 -2.7638595
v 8.368366 2.6586068 2.9487925
v 8.550542 2.6210024 -2.804813
v 8.535998 2.7993014 2.9453006
v 8.718162 2.761687 -2.8083005
v 9.971115 0.6080211 0.905495
v 9.620052 0.6074556 0.7269171
v 9.96313 0.74842817 0.8101883
v 9.787619 0.7481499 0.72090423
v 19.263628 0.62699354 0.64498657
v 18.94552 0.6288695 0.84389096
v 19.096596 0.76833785 0.6491391
v 18.937521 0.76928055 0.7485837
v 9.622045 0.5698503 -5.026664
v 9.940159 0.5679744 -5.2255507
v 9.789591 0.7105354 -5.032671
v 9.948634 0.70960706 -5.1321154
v 18.91455 0.5888173 -5.287152
v 19.26562 0.58938307 -5.10858
v 18.923038 0.7304501 -5.193722
v 19.09858 0.73073286 -5.104432
v 18.937521 0.76928055 0.7485837
v 9.96313 0.74842817 0.8101883
v 18.929499 0.8810597 0.6534787
v 9.955106 0.8602124 0.7150784
v 19.09858 0.73073286 -5.104432
v 19.096596 0.76833785 0.6491391
v 18.93149 0.8434553 -5.1001024
v 18.929499 0.8810597 0.6534787
v 9.948634 0.70960706 -5.1321154
v 18.923038 0.7304501 -5.193722
v 9.9570875 0.8226077 -5.0384936
v 18.93149 0.8434553 -5.1001024
v 9.787619 0.7481499 0.72090423
v 9.789591 0.7105354 -5.032671
v 9.955106 0.8602124 0.7150784
v 9.9570875 0.8226077 -5.0384936
v 18.94552 0.6288695 0.84389096
v 9.971115 0.6080211 0.905495
v 18.937521 0.76928055 0.7485837
v 9.96313 0.74842817 0.8101883
v 19.26562 0.58938307 -5.10858
v 19.263628 0.62699354 0.64498657
v 19.09858 0.73073286 -5.104432
v 19.096596 0.76833785 0.6491391
v 9.940159 0.5679744 -5.2255507
v 18.91455 0.5888173 -5.287152
v 9.948634 0.70960706 -5.1321154
v 18.923038 0.7304501 -5.193722
v 9.620052 0.6074556 0.7269171
v 9.622045 0.5698503 -5.026664
v 9.787619 0.7481499 0.72090423
v 9.789591 0.7105354 -5.032671
v 1.9406981 2.4749684 -4.29671
v 1.5936157 2.4744027 -4.482904
v 1.9347973 2.6153753 -4.3921666
v 1.7612743 2.615097 -4.48526
v 7.527058 2.4939406 -4.4353757
v 7.2046824 2.4958167 -4.243457
v 7.3599753 2.635285 -4.434867
v 7.1987643 2.636228 -4.3389173
v 1.7211328 2.4367976 -10.23507
v 2.0435107 2.4349213 -10.426971
v 1.8887695 2.5774825 -10.237423
v 2.0499437 2.5765538 -10.333374
v 7.3074803 2.4557643 -10.373718
v 7.65457 2.4563303 -10.187529
v 7.3139305 2.597397 -10.280126
v 7.48748 2.59768 -10.187026
v 7.1987643 2.636228 -4.3389173
v 1.9347973 2.6153753 -4.3921666
v 7.1928196 2.7480066 -4.4341745
v 1.9288477 2.7271593 -4.48743
v 7.48748 2.59768 -10.187026
v 7.3599753 2.635285 -4.434867
v 7.320337 2.7104025 -10.186341
v 7.1928196 2.7480066 -4.4341745
v 2.0499437 2.5765538 -10.333374
v 7.3139305 2.597397 -10.280126
v 2.0563524 2.689555 -10.239591
v 7.320337 2.7104025 -10.186341
v 1.7612743 2.615097 -4.48526
v 1.8887695 2.5774825 -10.237423
v 1.9288477 2.7271593 -4.48743
v 2.0563524 2.689555 -10.239591
v 7.2046824 2.4958167 -4.243457
v 1.9406981 2.4749684 -4.29671
v 7.1987643 2.636228 -4.3389173
v 1.9347973 2.6153753 -4.3921666
v 7.65457 2.4563303 -10.187529
v 7.527058 2.4939406 -4.4353757
v 7.48748 2.59768 -10.187026
v 7.3599753 2.635285 -4.434867
v 2.0435107 2.4349213 -10.426971
v 7.3074803 2.4557643 -10.373718
v 2.0499437 2.5765538 -10.333374
v 7.3139305 2.597397 -10.280126
v 1.5936157 2.4744027 -4.482904
v 1.7211328 2.4367976 -10.23507
v 1.7612743 2.615097 -4.48526
v 1.8887695 2.5774825 -10.237423
v 16.919052 -1.8049579 -6.2000904
v 17.089935 -1.8047382 -6.4056125
v 17.013437 -1.5732931 -6.207843
v 17.09887 -1.5732248 -6.3106165
v 16.891037 -1.80556 0.9828183
v 16.685493 -1.805238 0.81203336
v 16.883894 -1.5752422 0.89404327
v 16.781122 -1.5751444 0.80863494
v 21.027956 -1.8022039 -6.3260374
v 21.233484 -1.8025259 -6.1552453
v 21.038141 -1.5733755 -6.2266636
v 21.140907 -1.5734735 -6.141273
v 21.001177 -1.805589 0.8612411
v 20.830307 -1.8058087 1.0667636
v 20.908606 -1.5753255 0.87521726
v 20.823166 -1.5753942 0.9779764
v 20.823166 -1.5753942 0.9779764
v 16.883894 -1.5752422 0.89404327
v 20.731506 -1.4550123 0.7060574
v 16.941038 -1.4543226 0.61283535
v 17.09887 -1.5732248 -6.3106165
v 21.038141 -1.5733755 -6.2266636
v 20.98308 -1.4463143 -5.9382434
v 17.191969 -1.4643621 -6.033712
v 20.830307 -1.8058087 1.0667636
v 16.891037 -1.80556 0.9828183
v 20.823166 -1.5753942 0.9779764
v 16.883894 -1.5752422 0.89404327
v 21.233484 -1.8025259 -6.1552453
v 21.001177 -1.805589 0.8612411
v 21.140907 -1.5734735 -6.141273
v 20.908606 -1.5753255 0.87521726
v 5.1423483 1.5882579 -9.138801
v 4.795266 1.587692 -9.324995
v 5.1364474 1.728665 -9.234258
v 4.9629245 1.7283864 -9.327351
v 6.903042 1.6072301 -9.277466
v 6.5806665 1.6091063 -9.0855465
v 6.7359595 1.7485745 -9.2769575
v 6.5747485 1.7495174 -9.181008
v 4.922783 1.5500866 -16.539406
v 5.245161 1.5482106 -16.731308
v 5.09042 1.6907713 -16.54176
v 5.251594 1.6898427 -16.637709
v 6.683464 1.5690534 -16.678053
v 7.030554 1.5696193 -16.491865
v 6.689914 1.7106858 -16.584463
v 6.8634644 1.7109689 -16.491362
v 6.5747485 1.7495174 -9.181008
v 5.1364474 1.728665 -9.234258
v 6.568804 1.8612963 -9.276264
v 5.130498 1.840449 -9.329521
v 6.8634644 1.7109689 -16.491362
v 6.7359595 1.7485745 -9.2769575
v 6.6963205 1.8236914 -16.490679
v 6.568804 1.8612963 -9.276264
v 5.251594 1.6898427 -16.637709
v 6.689914 1.7106858 -16.584463
v 5.2580028 1.8028437 -16.543928
v 6.6963205 1.8236914 -16.490679
v 4.9629245 1.7283864 -9.327351
v 5.09042 1.6907713 -16.54176
v 5.130498 1.840449 -9.329521
v 5.2580028 1.8028437 -16.543928
v 6.5806665 1.6091063 -9.0855465
v 5.1423483 1.5882579 -9.138801
v 6.5747485 1.7495174 -9.181008
v 5.1364474 1.728665 -9.234258
v 7.030554 1.5696193 -16.491865
v 6.903042 1.6072301 -9.277466
v 6.8634644 1.7109689 -16.491362
v 6.7359595 1.7485745 -9.2769575
v 5.245161 1.5482106 -16.731308
v 6.683464 1.5690534 -16.678053
v 5.251594 1.6898427 -16.637709
v 6.689914 1.7106858 -16.584463
v 4.795266 1.587692 -9.324995
v 4.922783 1.5500866 -16.539406
v 4.9629245 1.7283864 -9.327351
v 5.09042 1.6907713 -16.54176
v 9.788736 -1.3162283 -6.1797495
v 9.960547 -1.3160089 -6.3844943
v 9.883154 -1.0845637 -6.187075
v 9.969051 -1.0844952 -6.28946
v 9.728198 -1.3168304 1.0029602
v 9.523429 -1.3165083 0.8312466
v 9.721457 -1.0865136 0.9141531
v 9.619073 -1.0864156 0.82828003
v 13.898169 -1.3134747 -6.2870884
v 14.102921 -1.3137964 -6.1153684
v 13.907905 -1.0846461 -6.1876707
v 14.0102825 -1.0847441 -6.101816
v 13.838846 -1.3168596 0.8999954
v 13.667048 -1.3170794 1.1047415
v 13.746212 -1.0865964 0.9135519
v 13.660309 -1.0866649 1.0159228
v 13.660309 -1.0866649 1.0159228
v 9.721457 -1.0865136 0.9141531
v 13.569881 -0.96628356 0.7435916
v 9.779873 -0.96559477 0.6332068
v 9.969051 -1.0844952 -6.28946
v 13.907905 -1.0846461 -6.1876707
v 13.851537 -0.95758545 -5.899503
v 10.060898 -0.9756331 -6.012136
v 13.667048 -1.3170794 1.1047415
v 9.728198 -1.3168304 1.0029602
v 13.660309 -1.0866649 1.0159228
v 9.721457 -1.0865136 0.9141531
v 14.102921 -1.3137964 -6.1153684
v 13.838846 -1.3168596 0.8999954
v 14.0102825 -1.0847441 -6.101816
v 13.746212 -1.0865964 0.9135519
v 8.453317 -4.06917 -5.537118
v 8.607642 -4.0689507 -5.7553434
v 8.546806 -3.8375053 -5.5522094
v 8.623961 -3.8374372 -5.661334
v 9.106552 -4.0697722 0.7495001
v 8.88831 -4.06945 0.5952716
v 9.0925045 -3.8394554 0.6615524
v 8.983383 -3.8393571 0.584422
v 12.539869 -4.0664167 -5.983247
v 12.758096 -4.066738 -5.829011
v 12.557778 -3.8375878 -5.88497
v 12.666893 -3.837686 -5.807858
v 13.194678 -4.069802 0.30762938
v 13.040364 -4.070021 0.5258557
v 13.10348 -3.8395379 0.3287854
v 13.026318 -3.8396068 0.43789703
v 13.026318 -3.8396068 0.43789703
v 9.0925045 -3.8394554 0.6615524
v 12.913724 -3.7192256 0.17395782
v 9.127535 -3.7185364 0.37674347
v 8.623961 -3.8374372 -5.661334
v 12.557778 -3.8375878 -5.88497
v 12.525384 -3.7105272 -5.5931334
v 8.738382 -3.7285748 -5.392537
v 13.040364 -4.070021 0.5258557
v 9.106552 -4.0697722 0.7495001
v 13.026318 -3.8396068 0.43789703
v 9.0925045 -3.8394554 0.6615524
v 12.758096 -4.066738 -5.829011
v 13.194678 -4.069802 0.30762938
v 12.666893 -3.837686 -5.807858
v 13.10348 -3.8395379 0.3287854
v 10.239697 1.701922 -1.1767663
v 10.540509 1.7000462 -1.4009722
v 10.238743 -3.6029139 -1.1411896
v 10.539553 -3.6047912 -1.3653897
v 10.238743 -3.6029139 -1.1411896
v 10.540509 1.7000462 -1.4009722
v 10.072868 1.6624358 -7.135503
v 9.708396 1.6618699 -7.284824
v 10.069266 -3.6424968 -7.115415
v 9.704801 -3.6430626 -7.26474
v 10.069266 -3.6424968 -7.115415
v 9.708396 1.6618699 -7.284824
v 4.467107 1.641027 -6.793773
v 4.166289 1.642903 -6.5695834
v 4.463508 -3.6639159 -6.773684
v 4.1627 -3.6620398 -6.549492
v 4.463508 -3.6639159 -6.773684
v 4.166289 1.642903 -6.5695834
v 4.632983 -3.6243334 -0.7994565
v 4.9974413 -3.623767 -0.6501309
v 4.965393 -3.8189538 -0.8355879
v 10.539553 -3.6047912 -1.3653897
v 10.20668 -3.7981017 -1.3266381
v 10.238743 -3.6029139 -1.1411896
v 4.463508 -3.6639159 -6.773684
v 4.1627 -3.6620398 -6.549492
v 4.4951024 -3.856654 -6.5856137
v 9.704801 -3.6430626 -7.26474
v 9.736404 -3.8358061 -7.076671
v 10.069266 -3.6424968 -7.115415
v 6.62563 2.1555934 -0.4501294
v 6.803601 2.1555932 -0.64956295
v 6.6265206 -1.2236966 -0.43447998
v 6.8044896 -1.2236962 -0.6339172
v 6.6265206 -1.2236966 -0.43447998
v 6.803601 2.1555932 -0.64956295
v -7.86605 -1.2236917 -0.46560547
v -8.065478 -1.2236913 -0.6435852
v -7.8669434 2.3802955 -0.48125488
v -8.066377 2.3802953 -0.65924317
v -7.8669434 2.3802955 -0.48125488
v -8.065478 -1.2236913 -0.6435852
v -8.065478 -1.2236913 -0.6435852
v -7.86605 -1.2236917 -0.46560547
v -7.8767676 -1.4592432 -0.6543139
v 6.8044896 -1.2236962 -0.6339172
v 6.615786 -1.4592432 -0.623186
v 6.6265206 -1.2236966 -0.43447998
v -8.003076 -1.2236913 -22.603344
v -8.18104 -1.2236913 -22.403917
v -7.9923487 -1.4592383 -22.41464
v 6.48948 -1.2236913 -22.57223
v 6.500222 -1.4592432 -22.383514
v 6.6889133 -1.2236913 -22.39424
v 14.36579 1.9654776 -0.9387625
v 14.54946 1.9651552 -0.74464506
v 14.36165 -1.6153054 -1.0416754
v 14.545327 -1.6208864 -0.84755707
v 14.36165 -1.6153054 -1.0416754
v 14.54946 1.9651552 -0.74464506
v 15.430539 -1.5630044 -7.980161
v 15.624739 -1.5592153 -8.163788
v 15.435403 1.9657574 -7.8727646
v 15.629614 1.9659771 -8.056398
v 15.435403 1.9657574 -7.8727646
v 15.624739 -1.5592153 -8.163788
v 15.624739 -1.5592153 -8.163788
v 15.430539 -1.5630044 -7.980161
v 15.618709 -1.7757778 -7.979613
v 14.545327 -1.6208864 -0.84755707
v 14.549816 -1.7857159 -1.041142
v 14.36165 -1.6153054 -1.0416754
v 19.725111 -1.5691068 -7.4152756
v 19.541443 -1.5635312 -7.6093836
v 19.53542 -1.7765969 -7.425228
v 18.656227 -1.6214083 -0.476799
v 18.466522 -1.7865304 -0.486734
v 18.462023 -1.6251974 -0.2931613
v 18.466522 -1.7865304 -0.486734
v 18.656227 -1.6214083 -0.476799
v 19.53542 -1.7765969 -7.425228
v 19.725111 -1.5691068 -7.4152756
v 19.53542 -1.7765969 -7.425228
v 18.656227 -1.6214083 -0.476799
v 15.618709 -1.7757778 -7.979613
v 15.430539 -1.5630044 -7.980161
v 14.549816 -1.7857159 -1.041142
v 14.36165 -1.6153054 -1.0416754
v 14.549816 -1.7857159 -1.041142
v 15.430539 -1.5630044 -7.980161
v 15.58834 5.42172 0.45971403
v 15.792129 5.421365 0.6739517
v 15.583457 0.61164856 0.34586182
v 15.7872505 0.60547364 0.56009763
v 15.583457 0.61164856 0.34586182
v 15.792129 5.421365 0.6739517
v 16.397959 0.6695151 -6.7716074
v 16.612282 0.6737085 -6.9753466
v 16.403656 5.4220276 -6.6527953
v 16.617994 5.4222717 -6.8565416
v 16.403656 5.4220276 -6.6527953
v 16.612282 0.6737085 -6.9753466
v 16.612282 0.6737085 -6.9753466
v 16.397959 0.6695151 -6.7716074
v 16.606153 0.4340976 -6.771551
v 15.7872505 0.60547364 0.56009763
v 15.791653 0.423103 0.34589842
v 15.583457 0.61164856 0.34586182
v 21.151226 0.6627621 -6.159232
v 20.947443 0.6689322 -6.373458
v 20.941319 0.43319 -6.169684
v 20.336731 0.60489595 0.9582269
v 20.126806 0.42220122 0.94779176
v 20.122396 0.6007034 1.1619787
v 20.126806 0.42220122 0.94779176
v 20.336731 0.60489595 0.9582269
v 20.941319 0.43319 -6.169684
v 21.151226 0.6627621 -6.159232
v 20.941319 0.43319 -6.169684
v 20.336731 0.60489595 0.9582269
v 16.606153 0.4340976 -6.771551
v 16.397959 0.6695151 -6.7716074
v 15.791653 0.423103 0.34589842
v 15.583457 0.61164856 0.34586182
v 15.791653 0.423103 0.34589842
v 16.397959 0.6695151 -6.7716074
v 9.563743 5.718947 1.4676901
v 9.842692 5.7170706 1.2168051
v 9.566059 0.41411132 1.5032034
v 9.845008 0.41223297 1.2523242
v 9.566059 0.41411132 1.5032034
v 9.842692 5.7170706 1.2168051
v 8.8051605 5.6794605 -5.0512342
v 8.428515 5.678895 -5.166452
v 8.80342 0.37452757 -5.030901
v 8.42678 0.37396178 -5.1461215
v 8.80342 0.37452757 -5.030901
v 8.428515 5.678895 -5.166452
v 3.25448 5.6580524 -4.1961145
v 2.9755175 5.6599283 -3.945244
v 3.2527368 0.35310853 -4.1757812
v 2.9737914 0.35498536 -3.9249108
v 3.2527368 0.35310853 -4.1757812
v 2.9755175 5.6599283 -3.945244
v 4.015373 0.39269072 2.358327
v 4.3920093 0.39325836 2.4735491
v 4.343064 0.19807036 2.2918198
v 9.845008 0.41223297 1.2523242
v 9.5171 0.21892242 1.3214843
v 9.566059 0.41411132 1.5032034
v 3.2527368 0.35310853 -4.1757812
v 2.9737914 0.35498536 -3.9249108
v 3.3014696 0.1603711 -3.9914074
v 8.42678 0.37396178 -5.1461215
v 8.475524 0.18121825 -4.9617505
v 8.80342 0.37452757 -5.030901
v 18.622377 2.680021 3.2741165
v 18.943441 2.6781447 3.0800192
v 18.617992 0.26266968 3.3094335
v 18.939053 0.26079163 3.1153412
v 18.617992 0.26266968 3.3094335
v 18.943441 2.6781447 3.0800192
v 19.125614 2.6405346 -2.673574
v 18.777273 2.6399689 -2.8574076
v 19.12009 0.22308289 -2.6539295
v 18.771755 0.22251709 -2.8377647
v 19.12009 0.22308289 -2.6539295
v 18.777273 2.6399689 -2.8574076
v 8.8716135 2.6191258 -2.9988937
v 8.550542 2.6210024 -2.804813
v 8.866089 0.20166442 -2.979248
v 8.545029 0.20354064 -2.7851648
v 8.866089 0.20166442 -2.979248
v 8.550542 2.6210024 -2.804813
v 8.363984 0.24124938 2.9841173
v 8.7123165 0.2418164 3.1679528
v 8.698335 0.046629027 2.9802678
v 18.939053 0.26079163 3.1153412
v 18.603994 0.06748108 3.1217566
v 18.617992 0.26266968 3.3094335
v 8.866089 0.20166442 -2.979248
v 8.545029 0.20354064 -2.7851648
v 8.879368 0.008926392 -2.7890062
v 18.771755 0.22251709 -2.8377647
v 18.785044 0.02977356 -2.6475232
v 19.12009 0.22308289 -2.6539295
v 8.879368 0.008926392 -2.7890062
v 8.545029 0.20354064 -2.7851648
v 8.698335 0.046629027 2.9802678
v 8.363984 0.24124938 2.9841173
v 8.698335 0.046629027 2.9802678
v 8.545029 0.20354064 -2.7851648
v 18.94552 0.6288695 0.84389096
v 19.263628 0.62699354 0.64498657
v 18.941664 -5.5895476 0.8792715
v 19.259773 -5.5914245 0.6803723
v 18.941664 -5.5895476 0.8792715
v 19.263628 0.62699354 0.64498657
v 19.26562 0.58938307 -5.10858
v 18.91455 0.5888173 -5.287152
v 19.26039 -5.629131 -5.0888524
v 18.909328 -5.6296964 -5.267428
v 19.26039 -5.629131 -5.0888524
v 18.91455 0.5888173 -5.287152
v 9.940159 0.5679744 -5.2255507
v 9.622045 0.5698503 -5.026664
v 9.934933 -5.65055 -5.2058215
v 9.616827 -5.6486735 -5.00693
v 9.934933 -5.65055 -5.2058215
v 9.622045 0.5698503 -5.026664
v 9.616206 -5.610967 0.76230466
v 9.967259 -5.6104007 0.9408801
v 9.950457 -5.805588 0.7534262
v 19.259773 -5.5914245 0.6803723
v 18.924847 -5.784735 0.6918246
v 18.941664 -5.5895476 0.8792715
v 9.934933 -5.65055 -5.2058215
v 9.616827 -5.6486735 -5.00693
v 9.951071 -5.843288 -5.015799
v 18.909328 -5.6296964 -5.267428
v 18.925476 -5.82244 -5.0774064
v 19.26039 -5.629131 -5.0888524
v 7.2046824 2.4958167 -4.243457
v 7.527058 2.4939406 -4.4353757
v 7.200061 -2.5578225 -4.208169
v 7.5224266 -2.5597 -4.4000807
v 7.200061 -2.5578225 -4.208169
v 7.527058 2.4939406 -4.4353757
v 7.65457 2.4563303 -10.187529
v 7.3074803 2.4557643 -10.373718
v 7.648916 -2.5974069 -10.167921
v 7.3018284 -2.5979722 -10.354115
v 7.648916 -2.5974069 -10.167921
v 7.3074803 2.4557643 -10.373718
v 2.0435107 2.4349213 -10.426971
v 1.7211328 2.4367976 -10.23507
v 2.037854 -2.618826 -10.407362
v 1.7154858 -2.616949 -10.215458
v 2.037854 -2.618826 -10.407362
v 1.7211328 2.4367976 -10.23507
v 1.588999 -2.5792422 -4.4476085
v 1.9360741 -2.5786757 -4.261417
v 1.9233618 -2.7738626 -4.449193
v 7.5224266 -2.5597 -4.4000807
v 7.187334 -2.7530105 -4.39594
v 7.200061 -2.5578225 -4.208169
v 2.037854 -2.618826 -10.407362
v 1.7154858 -2.616949 -10.215458
v 2.0498438 -2.8115628 -10.217036
v 7.3018284 -2.5979722 -10.354115
v 7.3138304 -2.7907162 -10.163786
v 7.648916 -2.5974069 -10.167921
v 16.685493 -1.805238 0.81203336
v 16.891037 -1.80556 0.9828183
v 16.669088 -6.6782775 0.7103528
v 16.874638 -6.6838584 0.88113767
v 16.669088 -6.6782775 0.7103528
v 16.891037 -1.80556 0.9828183
v 16.901394 -6.6259766 -6.306136
v 17.072264 -6.622187 -6.511649
v 16.919052 -1.8049579 -6.2000904
v 17.089935 -1.8047382 -6.4056125
v 16.919052 -1.8049579 -6.2000904
v 17.072264 -6.622187 -6.511649
v 20.830307 -1.8058087 1.0667636
v 21.001177 -1.805589 0.8612411
v 20.829515 -6.68817 0.96364224
v 21.000393 -6.684381 0.75811857
v 20.829515 -6.68817 0.96364224
v 21.001177 -1.805589 0.8612411
v 17.072264 -6.622187 -6.511649
v 16.901394 -6.6259766 -6.306136
v 17.088282 -6.83875 -6.3280725
v 16.874638 -6.6838584 0.88113767
v 16.85597 -6.8486876 0.68840206
v 16.669088 -6.6782775 0.7103528
v 21.232695 -6.6320786 -6.258362
v 21.027153 -6.626504 -6.4291368
v 21.04317 -6.839569 -6.245581
v 21.000393 -6.684381 0.75811857
v 20.81086 -6.849503 0.77091855
v 20.829515 -6.68817 0.96364224
v 20.81086 -6.849503 0.77091855
v 21.000393 -6.684381 0.75811857
v 21.04317 -6.839569 -6.245581
v 21.232695 -6.6320786 -6.258362
v 21.04317 -6.839569 -6.245581
v 21.000393 -6.684381 0.75811857
v 17.088282 -6.83875 -6.3280725
v 16.901394 -6.6259766 -6.306136
v 16.85597 -6.8486876 0.68840206
v 16.669088 -6.6782775 0.7103528
v 16.85597 -6.8486876 0.68840206
v 16.901394 -6.6259766 -6.306136
v 7.030554 1.5696193 -16.491865
v 6.683464 1.5690534 -16.678053
v 7.0249 -3.4928148 -16.472258
v 6.6778126 -3.4933794 -16.658451
v 7.0249 -3.4928148 -16.472258
v 6.683464 1.5690534 -16.678053
v 5.245161 1.5482106 -16.731308
v 4.922783 1.5500866 -16.539406
v 5.2395043 -3.5142334 -16.711699
v 4.917136 -3.512357 -16.519794
v 5.2395043 -3.5142334 -16.711699
v 4.922783 1.5500866 -16.539406
v 4.7906494 -3.474649 -9.289704
v 5.1377244 -3.4740832 -9.103513
v 5.125012 -3.6692693 -9.291286
v 6.8984103 -3.4551067 -9.242174
v 6.563318 -3.6484172 -9.238032
v 6.5760446 -3.45323 -9.050262
v 5.2395043 -3.5142334 -16.711699
v 4.917136 -3.512357 -16.519794
v 5.251494 -3.7069707 -16.521374
v 6.6778126 -3.4933794 -16.658451
v 6.689814 -3.686124 -16.468124
v 7.0249 -3.4928148 -16.472258
v 9.523429 -1.3165083 0.8312466
v 9.728198 -1.3168304 1.0029602
v 9.5074835 -4.897291 0.7294922
v 9.71226 -4.902872 0.9012054
v 9.5074835 -4.897291 0.7294922
v 9.728198 -1.3168304 1.0029602
v 9.771558 -4.8449903 -6.2858753
v 9.9433565 -4.841201 -6.4906116
v 9.788736 -1.3162283 -6.1797495
v 9.960547 -1.3160089 -6.3844943
v 9.788736 -1.3162283 -6.1797495
v 9.9433565 -4.841201 -6.4906116
v 13.667048 -1.3170794 1.1047415
v 13.838846 -1.3168596 0.8999954
v 13.666722 -4.9071836 1.0016177
v 13.838528 -4.9033947 0.7968695
v 13.666722 -4.9071836 1.0016177
v 13.838846 -1.3168596 0.8999954
v 9.9433565 -4.841201 -6.4906116
v 9.771558 -4.8449903 -6.2858753
v 9.958542 -5.0577636 -6.306964
v 9.71226 -4.902872 0.9012054
v 9.694464 -5.0677013 0.7083883
v 9.5074835 -4.897291 0.7294922
v 14.102598 -4.8510923 -6.2184873
v 13.897832 -4.8455176 -6.3901916
v 13.913018 -5.058583 -6.206565
v 13.838528 -4.9033947 0.7968695
v 13.648937 -5.0685167 0.8088116
v 13.666722 -4.9071836 1.0016177
v 13.648937 -5.0685167 0.8088116
v 13.838528 -4.9033947 0.7968695
v 13.913018 -5.058583 -6.206565
v 14.102598 -4.8510923 -6.2184873
v 13.913018 -5.058583 -6.206565
v 13.838528 -4.9033947 0.7968695
v 9.958542 -5.0577636 -6.306964
v 9.771558 -4.8449903 -6.2858753
v 9.694464 -5.0677013 0.7083883
v 9.5074835 -4.897291 0.7294922
v 9.694464 -5.0677013 0.7083883
v 9.771558 -4.8449903 -6.2858753
v 8.88831 -4.06945 0.5952716
v 9.106552 -4.0697722 0.7495001
v 8.864022 -7.650233 0.49518096
v 9.082272 -7.655814 0.6494079
v 8.864022 -7.650233 0.49518096
v 9.106552 -4.0697722 0.7495001
v 8.427436 -7.597932 -5.641462
v 8.581753 -7.594143 -5.8596787
v 8.453317 -4.06917 -5.537118
v 8.607642 -4.0689507 -5.7553434
v 8.453317 -4.06917 -5.537118
v 8.581753 -7.594143 -5.8596787
v 8.581753 -7.594143 -5.8596787
v 8.427436 -7.597932 -5.641462
v 8.612043 -7.810705 -5.677912
v 9.082272 -7.655814 0.6494079
v 9.048623 -7.820643 0.45871702
v 8.864022 -7.650233 0.49518096
v 12.749265 -7.6040344 -5.9317503
v 12.531025 -7.5984592 -6.0859685
v 12.561315 -7.8115244 -5.9042234
v 13.18585 -7.6563363 0.2048822
v 12.997894 -7.8214583 0.23243041
v 13.031529 -7.6601257 0.42311126
v 12.997894 -7.8214583 0.23243041
v 13.18585 -7.6563363 0.2048822
v 12.561315 -7.8115244 -5.9042234
v 12.749265 -7.6040344 -5.9317503
v 12.561315 -7.8115244 -5.9042234
v 13.18585 -7.6563363 0.2048822
v 8.612043 -7.810705 -5.677912
v 8.427436 -7.597932 -5.641462
v 9.048623 -7.820643 0.45871702
v 8.864022 -7.650233 0.49518096
v 9.048623 -7.820643 0.45871702
v 8.427436 -7.597932 -5.641462
v 10.540509 1.7000462 -1.4009722
v 10.072868 1.6624358 -7.135503
v 10.539553 -3.6047912 -1.3653897
v 10.069266 -3.6424968 -7.115415
v 4.998396 1.6810739 -0.68571305
v 10.239697 1.701922 -1.1767663
v 4.9974413 -3.623767 -0.6501309
v 10.238743 -3.6029139 -1.1411896
v 9.708396 1.6618699 -7.284824
v 4.467107 1.641027 -6.793773
v 9.704801 -3.6430626 -7.26474
v 4.463508 -3.6639159 -6.773684
v 4.166289 1.642903 -6.5695834
v 4.6339283 1.6805084 -0.8350398
v 4.1627 -3.6620398 -6.549492
v 4.632983 -3.6243334 -0.7994565
v 4.9974413 -3.623767 -0.6501309
v 4.632983 -3.6243334 -0.7994565
v 4.998396 1.6810739 -0.68571305
v 4.6339283 1.6805084 -0.8350398
v 4.4951024 -3.856654 -6.5856137
v 4.1627 -3.6620398 -6.549492
v 4.965393 -3.8189538 -0.8355879
v 4.632983 -3.6243334 -0.7994565
v 9.736404 -3.8358061 -7.076671
v 9.704801 -3.6430626 -7.26474
v 4.4951024 -3.856654 -6.5856137
v 4.463508 -3.6639159 -6.773684
v 10.20668 -3.7981017 -1.3266381
v 10.539553 -3.6047912 -1.3653897
v 9.736404 -3.8358061 -7.076671
v 10.069266 -3.6424968 -7.115415
v 4.965393 -3.8189538 -0.8355879
v 4.9974413 -3.623767 -0.6501309
v 10.20668 -3.7981017 -1.3266381
v 10.238743 -3.6029139 -1.1411896
v -7.8669434 2.3802955 -0.48125488
v 6.62563 2.1555934 -0.4501294
v -7.86605 -1.2236917 -0.46560547
v 6.6265206 -1.2236966 -0.43447998
v 6.803601 2.1555932 -0.64956295
v 6.688921 2.1555932 -22.394236
v 6.8044896 -1.2236962 -0.6339172
v 6.6889133 -1.2236913 -22.39424
v 6.48948 2.1555936 -22.572212
v -8.003081 2.1555936 -22.603344
v 6.48948 -1.2236913 -22.57223
v -8.003076 -1.2236913 -22.603344
v -8.18106 2.1555932 -22.403923
v -8.066377 2.3802953 -0.65924317
v -8.18104 -1.2236913 -22.403917
v -8.065478 -1.2236913 -0.6435852
v 6.688921 2.1555932 -22.394236
v 6.48948 2.1555936 -22.572212
v 6.6889133 -1.2236913 -22.39424
v 6.48948 -1.2236913 -22.57223
v -8.003081 2.1555936 -22.603344
v -8.18106 2.1555932 -22.403923
v -8.003076 -1.2236913 -22.603344
v -8.18104 -1.2236913 -22.403917
v -7.9923487 -1.4592383 -22.41464
v -8.18104 -1.2236913 -22.403917
v -7.8767676 -1.4592432 -0.6543139
v -8.065478 -1.2236913 -0.6435852
v 6.500222 -1.4592432 -22.383514
v 6.48948 -1.2236913 -22.57223
v -7.9923487 -1.4592383 -22.41464
v -8.003076 -1.2236913 -22.603344
v 6.615786 -1.4592432 -0.623186
v 6.8044896 -1.2236962 -0.6339172
v 6.500222 -1.4592432 -22.383514
v 6.6889133 -1.2236913 -22.39424
v -7.8767676 -1.4592432 -0.6543139
v -7.86605 -1.2236917 -0.46560547
v 6.615786 -1.4592432 -0.623186
v 6.6265206 -1.2236966 -0.43447998
v 15.435403 1.9657574 -7.8727646
v 14.36579 1.9654776 -0.9387625
v 15.430539 -1.5630044 -7.980161
v 14.36165 -1.6153054 -1.0416754
v 14.54946 1.9651552 -0.74464506
v 18.450487 1.9649065 -0.1906839
v 14.545327 -1.6208864 -0.84755707
v 18.462023 -1.6251974 -0.2931613
v 18.644688 1.9651263 -0.37432066
v 19.713575 1.9681894 -7.3128037
v 18.656227 -1.6214083 -0.476799
v 19.725111 -1.5691068 -7.4152756
v 19.529924 1.9685113 -7.506926
v 15.629614 1.9659771 -8.056398
v 19.541443 -1.5635312 -7.6093836
v 15.624739 -1.5592153 -8.163788
v 18.450487 1.9649065 -0.1906839
v 18.644688 1.9651263 -0.37432066
v 18.462023 -1.6251974 -0.2931613
v 18.656227 -1.6214083 -0.476799
v 19.713575 1.9681894 -7.3128037
v 19.529924 1.9685113 -7.506926
v 19.725111 -1.5691068 -7.4152756
v 19.541443 -1.5635312 -7.6093836
v 19.53542 -1.7765969 -7.425228
v 19.541443 -1.5635312 -7.6093836
v 15.618709 -1.7757778 -7.979613
v 15.624739 -1.5592153 -8.163788
v 14.549816 -1.7857159 -1.041142
v 14.545327 -1.6208864 -0.84755707
v 18.466522 -1.7865304 -0.486734
v 18.462023 -1.6251974 -0.2931613
v 16.403656 5.4220276 -6.6527953
v 15.58834 5.42172 0.45971403
v 16.397959 0.6695151 -6.7716074
v 15.583457 0.61164856 0.34586182
v 15.792129 5.421365 0.6739517
v 20.109938 5.4210863 1.2753979
v 15.7872505 0.60547364 0.56009763
v 20.122396 0.6007034 1.1619787
v 20.324263 5.421331 1.0716449
v 21.138763 5.4247193 -6.04582
v 20.336731 0.60489595 0.9582269
v 21.151226 0.6627621 -6.159232
v 20.934998 5.4250755 -6.26006
v 16.617994 5.4222717 -6.8565416
v 20.947443 0.6689322 -6.373458
v 16.612282 0.6737085 -6.9753466
v 20.109938 5.4210863 1.2753979
v 20.324263 5.421331 1.0716449
v 20.122396 0.6007034 1.1619787
v 20.336731 0.60489595 0.9582269
v 21.138763 5.4247193 -6.04582
v 20.934998 5.4250755 -6.26006
v 21.151226 0.6627621 -6.159232
v 20.947443 0.6689322 -6.373458
v 20.941319 0.43319 -6.169684
v 20.947443 0.6689322 -6.373458
v 16.606153 0.4340976 -6.771551
v 16.612282 0.6737085 -6.9753466
v 15.791653 0.423103 0.34589842
v 15.7872505 0.60547364 0.56009763
v 20.126806 0.42220122 0.94779176
v 20.122396 0.6007034 1.1619787
v 9.842692 5.7170706 1.2168051
v 8.8051605 5.6794605 -5.0512342
v 9.845008 0.41223297 1.2523242
v 8.80342 0.37452757 -5.030901
v 4.38969 5.6980987 2.4380302
v 9.563743 5.718947 1.4676901
v 4.3920093 0.39325836 2.4735491
v 9.566059 0.41411132 1.5032034
v 8.428515 5.678895 -5.166452
v 3.25448 5.6580524 -4.1961145
v 8.42678 0.37396178 -5.1461215
v 3.2527368 0.35310853 -4.1757812
v 2.9755175 5.6599283 -3.945244
v 4.0130515 5.6975327 2.322807
v 2.9737914 0.35498536 -3.9249108
v 4.015373 0.39269072 2.358327
v 4.3920093 0.39325836 2.4735491
v 4.015373 0.39269072 2.358327
v 4.38969 5.6980987 2.4380302
v 4.0130515 5.6975327 2.322807
v 3.3014696 0.1603711 -3.9914074
v 2.9737914 0.35498536 -3.9249108
v 4.343064 0.19807036 2.2918198
v 4.015373 0.39269072 2.358327
v 8.475524 0.18121825 -4.9617505
v 8.42678 0.37396178 -5.1461215
v 3.3014696 0.1603711 -3.9914074
v 3.2527368 0.35310853 -4.1757812
v 9.5171 0.21892242 1.3214843
v 9.845008 0.41223297 1.2523242
v 8.475524 0.18121825 -4.9617505
v 8.80342 0.37452757 -5.030901
v 4.343064 0.19807036 2.2918198
v 4.3920093 0.39325836 2.4735491
v 9.5171 0.21892242 1.3214843
v 9.566059 0.41411132 1.5032034
v 18.943441 2.6781447 3.0800192
v 19.125614 2.6405346 -2.673574
v 18.939053 0.26079163 3.1153412
v 19.12009 0.22308289 -2.6539295
v 8.716702 2.659173 3.1326303
v 18.622377 2.680021 3.2741165
v 8.7123165 0.2418164 3.1679528
v 18.617992 0.26266968 3.3094335
v 18.777273 2.6399689 -2.8574076
v 8.8716135 2.6191258 -2.9988937
v 18.771755 0.22251709 -2.8377647
v 8.866089 0.20166442 -2.979248
v 8.550542 2.6210024 -2.804813
v 8.368366 2.6586068 2.9487925
v 8.545029 0.20354064 -2.7851648
v 8.363984 0.24124938 2.9841173
v 8.7123165 0.2418164 3.1679528
v 8.363984 0.24124938 2.9841173
v 8.716702 2.659173 3.1326303
v 8.368366 2.6586068 2.9487925
v 18.785044 0.02977356 -2.6475232
v 18.771755 0.22251709 -2.8377647
v 8.879368 0.008926392 -2.7890062
v 8.866089 0.20166442 -2.979248
v 18.603994 0.06748108 3.1217566
v 18.939053 0.26079163 3.1153412
v 18.785044 0.02977356 -2.6475232
v 19.12009 0.22308289 -2.6539295
v 8.698335 0.046629027 2.9802678
v 8.7123165 0.2418164 3.1679528
v 18.603994 0.06748108 3.1217566
v 18.617992 0.26266968 3.3094335
v 19.263628 0.62699354 0.64498657
v 19.26562 0.58938307 -5.10858
v 19.259773 -5.5914245 0.6803723
v 19.26039 -5.629131 -5.0888524
v 9.971115 0.6080211 0.905495
v 18.94552 0.6288695 0.84389096
v 9.967259 -5.6104007 0.9408801
v 18.941664 -5.5895476 0.8792715
v 18.91455 0.5888173 -5.287152
v 9.940159 0.5679744 -5.2255507
v 18.909328 -5.6296964 -5.267428
v 9.934933 -5.65055 -5.2058215
v 9.622045 0.5698503 -5.026664
v 9.620052 0.6074556 0.7269171
v 9.616827 -5.6486735 -5.00693
v 9.616206 -5.610967 0.76230466
v 9.967259 -5.6104007 0.9408801
v 9.616206 -5.610967 0.76230466
v 9.971115 0.6080211 0.905495
v 9.620052 0.6074556 0.7269171
v 9.951071 -5.843288 -5.015799
v 9.616827 -5.6486735 -5.00693
v 9.950457 -5.805588 0.7534262
v 9.616206 -5.610967 0.76230466
v 18.925476 -5.82244 -5.0774064
v 18.909328 -5.6296964 -5.267428
v 9.951071 -5.843288 -5.015799
v 9.934933 -5.65055 -5.2058215
v 18.924847 -5.784735 0.6918246
v 19.259773 -5.5914245 0.6803723
v 18.925476 -5.82244 -5.0774064
v 19.26039 -5.629131 -5.0888524
v 9.950457 -5.805588 0.7534262
v 9.967259 -5.6104007 0.9408801
v 18.924847 -5.784735 0.6918246
v 18.941664 -5.5895476 0.8792715
v 7.527058 2.4939406 -4.4353757
v 7.65457 2.4563303 -10.187529
v 7.5224266 -2.5597 -4.4000807
v 7.648916 -2.5974069 -10.167921
v 1.9406981 2.4749684 -4.29671
v 7.2046824 2.4958167 -4.243457
v 1.9360741 -2.5786757 -4.261417
v 7.200061 -2.5578225 -4.208169
v 7.3074803 2.4557643 -10.373718
v 2.0435107 2.4349213 -10.426971
v 7.3018284 -2.5979722 -10.354115
v 2.037854 -2.618826 -10.407362
v 1.7211328 2.4367976 -10.23507
v 1.5936157 2.4744027 -4.482904
v 1.7154858 -2.616949 -10.215458
v 1.588999 -2.5792422 -4.4476085
v 1.9360741 -2.5786757 -4.261417
v 1.588999 -2.5792422 -4.4476085
v 1.9406981 2.4749684 -4.29671
v 1.5936157 2.4744027 -4.482904
v 2.0498438 -2.8115628 -10.217036
v 1.7154858 -2.616949 -10.215458
v 1.9233618 -2.7738626 -4.449193
v 1.588999 -2.5792422 -4.4476085
v 7.3138304 -2.7907162 -10.163786
v 7.3018284 -2.5979722 -10.354115
v 2.0498438 -2.8115628 -10.217036
v 2.037854 -2.618826 -10.407362
v 7.187334 -2.7530105 -4.39594
v 7.5224266 -2.5597 -4.4000807
v 7.3138304 -2.7907162 -10.163786
v 7.648916 -2.5974069 -10.167921
v 1.9233618 -2.7738626 -4.449193
v 1.9360741 -2.5786757 -4.261417
v 7.187334 -2.7530105 -4.39594
v 7.200061 -2.5578225 -4.208169
v 16.919052 -1.8049579 -6.2000904
v 16.685493 -1.805238 0.81203336
v 16.901394 -6.6259766 -6.306136
v 16.669088 -6.6782775 0.7103528
v 16.891037 -1.80556 0.9828183
v 20.830307 -1.8058087 1.0667636
v 16.874638 -6.6838584 0.88113767
v 20.829515 -6.68817 0.96364224
v 21.001177 -1.805589 0.8612411
v 21.233484 -1.8025259 -6.1552453
v 21.000393 -6.684381 0.75811857
v 21.232695 -6.6320786 -6.258362
v 21.027956 -1.8022039 -6.3260374
v 17.089935 -1.8047382 -6.4056125
v 21.027153 -6.626504 -6.4291368
v 17.072264 -6.622187 -6.511649
v 21.233484 -1.8025259 -6.1552453
v 21.027956 -1.8022039 -6.3260374
v 21.232695 -6.6320786 -6.258362
v 21.027153 -6.626504 -6.4291368
v 21.04317 -6.839569 -6.245581
v 21.027153 -6.626504 -6.4291368
v 17.088282 -6.83875 -6.3280725
v 17.072264 -6.622187 -6.511649
v 16.85597 -6.8486876 0.68840206
v 16.874638 -6.6838584 0.88113767
v 20.81086 -6.849503 0.77091855
v 20.829515 -6.68817 0.96364224
v 6.903042 1.6072301 -9.277466
v 7.030554 1.5696193 -16.491865
v 6.8984103 -3.4551067 -9.242174
v 7.0249 -3.4928148 -16.472258
v 5.1423483 1.5882579 -9.138801
v 6.5806665 1.6091063 -9.0855465
v 5.1377244 -3.4740832 -9.103513
v 6.5760446 -3.45323 -9.050262
v 6.683464 1.5690534 -16.678053
v 5.245161 1.5482106 -16.731308
v 6.6778126 -3.4933794 -16.658451
v 5.2395043 -3.5142334 -16.711699
v 4.922783 1.5500866 -16.539406
v 4.795266 1.587692 -9.324995
v 4.917136 -3.512357 -16.519794
v 4.7906494 -3.474649 -9.289704
v 6.5806665 1.6091063 -9.0855465
v 6.903042 1.6072301 -9.277466
v 6.5760446 -3.45323 -9.050262
v 6.8984103 -3.4551067 -9.242174
v 5.1377244 -3.4740832 -9.103513
v 4.7906494 -3.474649 -9.289704
v 5.1423483 1.5882579 -9.138801
v 4.795266 1.587692 -9.324995
v 5.251494 -3.7069707 -16.521374
v 4.917136 -3.512357 -16.519794
v 5.125012 -3.6692693 -9.291286
v 4.7906494 -3.474649 -9.289704
v 6.689814 -3.686124 -16.468124
v 6.6778126 -3.4933794 -16.658451
v 5.251494 -3.7069707 -16.521374
v 5.2395043 -3.5142334 -16.711699
v 6.563318 -3.6484172 -9.238032
v 6.8984103 -3.4551067 -9.242174
v 6.689814 -3.686124 -16.468124
v 7.0249 -3.4928148 -16.472258
v 5.125012 -3.6692693 -9.291286
v 5.1377244 -3.4740832 -9.103513
v 6.563318 -3.6484172 -9.238032
v 6.5760446 -3.45323 -9.050262
v 9.788736 -1.3162283 -6.1797495
v 9.523429 -1.3165083 0.8312466
v 9.771558 -4.8449903 -6.2858753
v 9.5074835 -4.897291 0.7294922
v 9.728198 -1.3168304 1.0029602
v 13.667048 -1.3170794 1.1047415
v 9.71226 -4.902872 0.9012054
v 13.666722 -4.9071836 1.0016177
v 13.838846 -1.3168596 0.8999954
v 14.102921 -1.3137964 -6.1153684
v 13.838528 -4.9033947 0.7968695
v 14.102598 -4.8510923 -6.2184873
v 13.898169 -1.3134747 -6.2870884
v 9.960547 -1.3160089 -6.3844943
v 13.897832 -4.8455176 -6.3901916
v 9.9433565 -4.841201 -6.4906116
v 14.102921 -1.3137964 -6.1153684
v 13.898169 -1.3134747 -6.2870884
v 14.102598 -4.8510923 -6.2184873
v 13.897832 -4.8455176 -6.3901916
v 13.913018 -5.058583 -6.206565
v 13.897832 -4.8455176 -6.3901916
v 9.958542 -5.0577636 -6.306964
v 9.9433565 -4.841201 -6.4906116
v 9.694464 -5.0677013 0.7083883
v 9.71226 -4.902872 0.9012054
v 13.648937 -5.0685167 0.8088116
v 13.666722 -4.9071836 1.0016177
v 8.453317 -4.06917 -5.537118
v 8.88831 -4.06945 0.5952716
v 8.427436 -7.597932 -5.641462
v 8.864022 -7.650233 0.49518096
v 9.106552 -4.0697722 0.7495001
v 13.040364 -4.070021 0.5258557
v 9.082272 -7.655814 0.6494079
v 13.031529 -7.6601257 0.42311126
v 13.194678 -4.069802 0.30762938
v 12.758096 -4.066738 -5.829011
v 13.18585 -7.6563363 0.2048822
v 12.749265 -7.6040344 -5.9317503
v 12.539869 -4.0664167 -5.983247
v 8.607642 -4.0689507 -5.7553434
v 12.531025 -7.5984592 -6.0859685
v 8.581753 -7.594143 -5.8596787
v 13.040364 -4.070021 0.5258557
v 13.194678 -4.069802 0.30762938
v 13.031529 -7.6601257 0.42311126
v 13.18585 -7.6563363 0.2048822
v 12.758096 -4.066738 -5.829011
v 12.539869 -4.0664167 -5.983247
v 12.749265 -7.6040344 -5.9317503
v 12.531025 -7.5984592 -6.0859685
v 12.561315 -7.8115244 -5.9042234
v 12.531025 -7.5984592 -6.0859685
v 8.612043 -7.810705 -5.677912
v 8.581753 -7.594143 -5.8596787
v 9.048623 -7.820643 0.45871702
v 9.082272 -7.655814 0.6494079
v 12.997894 -7.8214583 0.23243041
v 13.031529 -7.6601257 0.42311126
v 10.20668 -3.7981017 -1.3266381
v 9.736404 -3.8358061 -7.076671
v 4.965393 -3.8189538 -0.8355879
v 4.4951024 -3.856654 -6.5856137
v 6.615786 -1.4592432 -0.623186
v 6.500222 -1.4592432 -22.383514
v -7.8767676 -1.4592432 -0.6543139
v -7.9923487 -1.4592383 -22.41464
v 14.549816 -1.7857159 -1.041142
v 18.466522 -1.7865304 -0.486734
v 15.618709 -1.7757778 -7.979613
v 19.53542 -1.7765969 -7.425228
v 15.791653 0.423103 0.34589842
v 20.126806 0.42220122 0.94779176
v 16.606153 0.4340976 -6.771551
v 20.941319 0.43319 -6.169684
v 9.5171 0.21892242 1.3214843
v 8.475524 0.18121825 -4.9617505
v 4.343064 0.19807036 2.2918198
v 3.3014696 0.1603711 -3.9914074
v 18.603994 0.06748108 3.1217566
v 18.785044 0.02977356 -2.6475232
v 8.698335 0.046629027 2.9802678
v 8.879368 0.008926392 -2.7890062
v 18.924847 -5.784735 0.6918246
v 18.925476 -5.82244 -5.0774064
v 9.950457 -5.805588 0.7534262
v 9.951071 -5.843288 -5.015799
v 7.187334 -2.7530105 -4.39594
v 7.3138304 -2.7907162 -10.163786
v 1.9233618 -2.7738626 -4.449193
v 2.0498438 -2.8115628 -10.217036
v 16.85597 -6.8486876 0.68840206
v 20.81086 -6.849503 0.77091855
v 17.088282 -6.83875 -6.3280725
v 21.04317 -6.839569 -6.245581
v 6.563318 -3.6484172 -9.238032
v 6.689814 -3.686124 -16.468124
v 5.125012 -3.6692693 -9.291286
v 5.251494 -3.7069707 -16.521374
v 9.694464 -5.0677013 0.7083883
v 13.648937 -5.0685167 0.8088116
v 9.958542 -5.0577636 -6.306964
v 13.913018 -5.058583 -6.206565
v 9.048623 -7.820643 0.45871702
v 12.997894 -7.8214583 0.23243041
v 8.612043 -7.810705 -5.677912
v 12.561315 -7.8115244 -5.9042234
v 4.499248 1.8956604 -6.6087217
v 9.740546 1.916508 -7.09978
v 4.9668994 1.9332651 -0.87418747
v 10.208187 1.9541124 -1.365235
v -7.8039646 2.6132348 -22.343222
v 6.315857 2.6132345 -22.305902
v -7.6932907 2.497356 -0.7475903
v 6.4265113 2.6132348 -0.7102539
v 19.439041 2.3244002 -7.12727
v 18.395489 2.3157027 -0.56061006
v 15.686489 2.3063529 -7.6749716
v 14.643303 2.3163912 -1.1060055
v 20.835558 5.818839 -5.839735
v 20.047995 5.809216 0.86626434
v 16.682043 5.798872 -6.434691
v 15.894893 5.809978 0.2738577
v 3.3034766 5.9126854 -4.014797
v 8.477526 5.9335327 -4.9851427
v 4.3410153 5.9502897 2.2532449
v 9.5150585 5.9711375 1.2829117
v 8.885727 2.8737597 -2.811603
v 18.791399 2.8946066 -2.6701236
v 8.703559 2.9113638 2.9419942
v 18.609222 2.9322116 3.0834858
v 9.9570875 0.8226077 -5.0384936
v 18.93149 0.8434553 -5.1001024
v 9.955106 0.8602124 0.7150784
v 18.929499 0.8810597 0.6534787
v 2.0563524 2.689555 -10.239591
v 7.320337 2.7104025 -10.186341
v 1.9288477 2.7271593 -4.48743
v 7.1928196 2.7480066 -4.4341745
v 20.98308 -1.4463143 -5.9382434
v 20.731506 -1.4550123 0.7060574
v 17.191969 -1.4643621 -6.033712
v 16.941038 -1.4543226 0.61283535
v 5.2580028 1.8028437 -16.543928
v 6.6963205 1.8236914 -16.490679
v 5.130498 1.840449 -9.329521
v 6.568804 1.8612963 -9.276264
v 13.851537 -0.95758545 -5.899503
v 13.569881 -0.96628356 0.7435916
v 10.060898 -0.9756331 -6.012136
v 9.779873 -0.96559477 0.6332068
v 12.525384 -3.7105272 -5.5931334
v 12.913724 -3.7192256 0.17395782
v 8.738382 -3.7285748 -5.392537
v 9.127535 -3.7185364 0.37674347
vt 0.11639404 0.9536133
vt 0.032989502 0.61035156
vt 0.11639404 0.5996094
vt 0.11639404 0.9536133
vt 0.032989502 0.61035156
vt 0.11639404 0.5996094
vt 0.11639404 0.9536133
vt 0.032989502 0.61035156
vt 0.11639404 0.5996094
vt 0.11639404 0.9536133
vt 0.032989502 0.61035156
vt 0.11639404 0.5996094
vt 0.11639404 0.9536133
vt 0.032989502 0.5996094
vt 0.11639404 0.60839844
vt 0.11639404 0.9536133
vt 0.032989502 0.61035156
vt 0.11639404 0.5996094
vt 0.11639404 0.9536133
vt 0.032989502 0.61035156
vt 0.11639404 0.5996094
vt 0.11639404 0.9536133
vt 0.032989502 0.61035156
vt 0.11639404 0.5996094
vt 0.11639404 0.5996094
vt 0.3635254 0.5996094
vt 0.11639404 0.9536133
vt 0.3635254 0.9536133
vt 0.11639404 0.9536133
vt 0.3635254 0.5996094
vt 0.11639404 0.60839844
vt 0.3635254 0.60839844
vt 0.11639404 0.9536133
vt 0.3635254 0.9536133
vt 0.11639404 0.9536133
vt 0.3635254 0.60839844
vt 0.11639404 0.056152344
vt 0.3635254 0.056152344
vt 0.11639404 0.5996094
vt 0.3635254 0.5996094
vt 0.11639404 0.5996094
vt 0.3635254 0.056152344
vt 0.11639404 0.056152344
vt 0.3635254 0.056152344
vt 0.11639404 0.60839844
vt 0.3635254 0.60839844
vt 0.11639404 0.60839844
vt 0.3635254 0.056152344
vt 0.11639404 0.9536133
vt 0.032989502 0.5996094
vt 0.11639404 0.60839844
vt 0.11639404 0.9536133
vt 0.032989502 0.61035156
vt 0.11639404 0.5996094
vt 0.11639404 0.9536133
vt 0.032989502 0.61035156
vt 0.11639404 0.5996094
vt 0.11639404 0.9536133
vt 0.032989502 0.61035156
vt 0.11639404 0.5996094
vt 0.11639404 0.5996094
vt 0.3635254 0.5996094
vt 0.11639404 0.9536133
vt 0.3635254 0.9536133
vt 0.11639404 0.9536133
vt 0.3635254 0.5996094
vt 0.11639404 0.5996094
vt 0.3635254 0.5996094
vt 0.11639404 0.9536133
vt 0.3635254 0.9536133
vt 0.11639404 0.9536133
vt 0.3635254 0.5996094
vt 0.11639404 0.056152344
vt 0.3635254 0.056152344
vt 0.11639404 0.5996094
vt 0.3635254 0.5996094
vt 0.11639404 0.5996094
vt 0.3635254 0.056152344
vt 0.11639404 0.056152344
vt 0.3635254 0.056152344
vt 0.11639404 0.60839844
vt 0.3635254 0.60839844
vt 0.11639404 0.60839844
vt 0.3635254 0.056152344
vt 0.11639404 0.9536133
vt 0.032989502 0.5996094
vt 0.11639404 0.60839844
vt 0.11639404 0.9536133
vt 0.032989502 0.61035156
vt 0.11639404 0.5996094
vt 0.11639404 0.9536133
vt 0.032989502 0.61035156
vt 0.11639404 0.5996094
vt 0.11639404 0.9536133
vt 0.032989502 0.61035156
vt 0.11639404 0.5996094
vt 0.11639404 0.5996094
vt 0.3635254 0.5996094
vt 0.11639404 0.9536133
vt 0.3635254 0.9536133
vt 0.11639404 0.9536133
vt 0.3635254 0.5996094
vt 0.11639404 0.5996094
vt 0.3635254 0.5996094
vt 0.11639404 0.9536133
vt 0.3635254 0.9536133
vt 0.11639404 0.9536133
vt 0.3635254 0.5996094
vt 0.11639404 0.056152344
vt 0.3635254 0.056152344
vt 0.11639404 0.5996094
vt 0.3635254 0.5996094
vt 0.11639404 0.5996094
vt 0.3635254 0.056152344
vt 0.11639404 0.056152344
vt 0.3635254 0.056152344
vt 0.11639404 0.60839844
vt 0.3635254 0.60839844
vt 0.11639404 0.60839844
vt 0.3635254 0.056152344
vt 0.11639404 0.9536133
vt 0.032989502 0.61035156
vt 0.11639404 0.5996094
vt 0.11639404 0.9536133
vt 0.032989502 0.61035156
vt 0.11639404 0.5996094
vt 0.11639404 0.9536133
vt 0.032989502 0.61035156
vt 0.11639404 0.5996094
vt 0.11639404 0.9536133
vt 0.032989502 0.61035156
vt 0.11639404 0.5996094
vt 0.11639404 0.9536133
vt 0.032989502 0.61035156
vt 0.11639404 0.5996094
vt 0.11639404 0.9536133
vt 0.032989502 0.61035156
vt 0.11639404 0.5996094
vt 0.11639404 0.9536133
vt 0.032989502 0.61035156
vt 0.11639404 0.5996094
vt 0.11639404 0.9536133
vt 0.032989502 0.61035156
vt 0.11639404 0.5996094
vt 0.11639404 0.9536133
vt 0.032989502 0.61035156
vt 0.11639404 0.5996094
vt 0.11639404 0.9536133
vt 0.032989502 0.61035156
vt 0.11639404 0.5996094
vt 0.11639404 0.9536133
vt 0.032989502 0.61035156
vt 0.11639404 0.5996094
vt 0.11639404 0.9536133
vt 0.032989502 0.61035156
vt 0.11639404 0.5996094
vt 0.11639404 0.9536133
vt 0.032989502 0.61035156
vt 0.11639404 0.5996094
vt 0.11639404 0.9536133
vt 0.032989502 0.61035156
vt 0.11639404 0.5996094
vt 0.11639404 0.9536133
vt 0.032989502 0.61035156
vt 0.11639404 0.5996094
vt 0.11639404 0.9536133
vt 0.032989502 0.61035156
vt 0.11639404 0.5996094
vt 0.11639404 0.9536133
vt 0.032989502 0.5996094
vt 0.11639404 0.60839844
vt 0.11639404 0.9536133
vt 0.032989502 0.61035156
vt 0.11639404 0.5996094
vt 0.11639404 0.9536133
vt 0.032989502 0.61035156
vt 0.11639404 0.5996094
vt 0.11639404 0.9536133
vt 0.032989502 0.61035156
vt 0.11639404 0.5996094
vt 0.11639404 0.5996094
vt 0.3635254 0.5996094
vt 0.11639404 0.9536133
vt 0.3635254 0.9536133
vt 0.11639404 0.9536133
vt 0.3635254 0.5996094
vt 0.11639404 0.5996094
vt 0.3635254 0.5996094
vt 0.11639404 0.9536133
vt 0.3635254 0.9536133
vt 0.11639404 0.9536133
vt 0.3635254 0.5996094
vt 0.11639404 0.056152344
vt 0.3635254 0.056152344
vt 0.11639404 0.5996094
vt 0.3635254 0.5996094
vt 0.11639404 0.5996094
vt 0.3635254 0.056152344
vt 0.11639404 0.056152344
vt 0.3635254 0.056152344
vt 0.11639404 0.60839844
vt 0.3635254 0.60839844
vt 0.11639404 0.60839844
vt 0.3635254 0.056152344
vt 0.11639404 0.9536133
vt 0.032989502 0.61035156
vt 0.11639404 0.5996094
vt 0.11639404 0.9536133
vt 0.032989502 0.61035156
vt 0.11639404 0.5996094
vt 0.11639404 0.9536133
vt 0.032989502 0.61035156
vt 0.11639404 0.5996094
vt 0.11639404 0.9536133
vt 0.032989502 0.61035156
vt 0.11639404 0.5996094
vt 0.11639404 0.9536133
vt 0.032989502 0.5996094
vt 0.11639404 0.60839844
vt 0.11639404 0.9536133
vt 0.032989502 0.61035156
vt 0.11639404 0.5996094
vt 0.11639404 0.9536133
vt 0.032989502 0.61035156
vt 0.11639404 0.5996094
vt 0.11639404 0.9536133
vt 0.032989502 0.61035156
vt 0.11639404 0.5996094
vt 0.11639404 0.5996094
vt 0.3635254 0.5996094
vt 0.11639404 0.9536133
vt 0.3635254 0.9536133
vt 0.11639404 0.9536133
vt 0.3635254 0.5996094
vt 0.11639404 0.5996094
vt 0.3635254 0.5996094
vt 0.11639404 0.9536133
vt 0.3635254 0.9536133
vt 0.11639404 0.9536133
vt 0.3635254 0.5996094
vt 0.11639404 0.056152344
vt 0.3635254 0.056152344
vt 0.11639404 0.5996094
vt 0.3635254 0.5996094
vt 0.11639404 0.5996094
vt 0.3635254 0.056152344
vt 0.11639404 0.056152344
vt 0.3635254 0.056152344
vt 0.11639404 0.60839844
vt 0.3635254 0.60839844
vt 0.11639404 0.60839844
vt 0.3635254 0.056152344
vt 0.11639404 0.9536133
vt 0.032989502 0.5996094
vt 0.11639404 0.60839844
vt 0.11639404 0.9536133
vt 0.032989502 0.61035156
vt 0.11639404 0.5996094
vt 0.11639404 0.9536133
vt 0.032989502 0.61035156
vt 0.11639404 0.5996094
vt 0.11639404 0.9536133
vt 0.032989502 0.61035156
vt 0.11639404 0.5996094
vt 0.11639404 0.5996094
vt 0.3635254 0.5996094
vt 0.11639404 0.9536133
vt 0.3635254 0.9536133
vt 0.11639404 0.9536133
vt 0.3635254 0.5996094
vt 0.11639404 0.5996094
vt 0.3635254 0.5996094
vt 0.11639404 0.9536133
vt 0.3635254 0.9536133
vt 0.11639404 0.9536133
vt 0.3635254 0.5996094
vt 0.11639404 0.056152344
vt 0.3635254 0.056152344
vt 0.11639404 0.5996094
vt 0.3635254 0.5996094
vt 0.11639404 0.5996094
vt 0.3635254 0.056152344
vt 0.11639404 0.056152344
vt 0.3635254 0.056152344
vt 0.11639404 0.60839844
vt 0.3635254 0.60839844
vt 0.11639404 0.60839844
vt 0.3635254 0.056152344
vt 0.032989502 0.056152344
vt 0.11639404 0.056152344
vt 0.032989502 0.61035156
vt 0.11639404 0.5996094
vt 0.032989502 0.056152344
vt 0.11639404 0.056152344
vt 0.032989502 0.61035156
vt 0.11639404 0.5996094
vt 0.032989502 0.056152344
vt 0.11639404 0.056152344
vt 0.032989502 0.61035156
vt 0.11639404 0.5996094
vt 0.032989502 0.056152344
vt 0.11639404 0.056152344
vt 0.032989502 0.61035156
vt 0.11639404 0.5996094
vt 0.11639404 0.5996094
vt 0.3635254 0.5996094
vt 0.11639404 0.9536133
vt 0.3635254 0.9536133
vt 0.11639404 0.5996094
vt 0.3635254 0.5996094
vt 0.11639404 0.9536133
vt 0.3635254 0.9536133
vt 0.11639404 0.5996094
vt 0.3635254 0.5996094
vt 0.11639404 0.9536133
vt 0.3635254 0.9536133
vt 0.11639404 0.5996094
vt 0.3635254 0.5996094
vt 0.11639404 0.9536133
vt 0.3635254 0.9536133
vt 0.11639404 0.056152344
vt 0.3635254 0.056152344
vt 0.11639404 0.5996094
vt 0.3635254 0.5996094
vt 0.11639404 0.056152344
vt 0.3635254 0.056152344
vt 0.11639404 0.5996094
vt 0.3635254 0.5996094
vt 0.11639404 0.056152344
vt 0.3635254 0.056152344
vt 0.11639404 0.5996094
vt 0.3635254 0.5996094
vt 0.11639404 0.056152344
vt 0.3635254 0.056152344
vt 0.11639404 0.5996094
vt 0.3635254 0.5996094
vt 0.032989502 0.056152344
vt 0.11639404 0.056152344
vt 0.032989502 0.5996094
vt 0.11639404 0.60839844
vt 0.032989502 0.056152344
vt 0.11639404 0.056152344
vt 0.032989502 0.61035156
vt 0.11639404 0.5996094
vt 0.032989502 0.056152344
vt 0.11639404 0.056152344
vt 0.032989502 0.61035156
vt 0.11639404 0.5996094
vt 0.032989502 0.056152344
vt 0.11639404 0.056152344
vt 0.032989502 0.61035156
vt 0.11639404 0.5996094
vt 0.11639404 0.5996094
vt 0.3635254 0.5996094
vt 0.11639404 0.9536133
vt 0.3635254 0.9536133
vt 0.11639404 0.5996094
vt 0.3635254 0.5996094
vt 0.11639404 0.9536133
vt 0.3635254 0.9536133
vt 0.11639404 0.056152344
vt 0.3635254 0.056152344
vt 0.11639404 0.5996094
vt 0.3635254 0.5996094
vt 0.11639404 0.056152344
vt 0.3635254 0.056152344
vt 0.11639404 0.5996094
vt 0.3635254 0.5996094
vt 0.032989502 0.056152344
vt 0.11639404 0.056152344
vt 0.032989502 0.5996094
vt 0.11639404 0.60839844
vt 0.032989502 0.056152344
vt 0.11639404 0.056152344
vt 0.032989502 0.61035156
vt 0.11639404 0.5996094
vt 0.032989502 0.056152344
vt 0.11639404 0.056152344
vt 0.032989502 0.61035156
vt 0.11639404 0.5996094
vt 0.032989502 0.056152344
vt 0.11639404 0.056152344
vt 0.032989502 0.61035156
vt 0.11639404 0.5996094
vt 0.11639404 0.5996094
vt 0.3635254 0.5996094
vt 0.11639404 0.9536133
vt 0.3635254 0.9536133
vt 0.11639404 0.60839844
vt 0.3635254 0.60839844
vt 0.3635254 0.9536133
vt 0.11639404 0.9536133
vt 0.11639404 0.056152344
vt 0.3635254 0.056152344
vt 0.11639404 0.5996094
vt 0.3635254 0.5996094
vt 0.11639404 0.056152344
vt 0.3635254 0.056152344
vt 0.11639404 0.5996094
vt 0.3635254 0.5996094
vt 0.032989502 0.056152344
vt 0.11639404 0.056152344
vt 0.032989502 0.5996094
vt 0.11639404 0.60839844
vt 0.032989502 0.056152344
vt 0.11639404 0.056152344
vt 0.032989502 0.61035156
vt 0.11639404 0.5996094
vt 0.032989502 0.056152344
vt 0.11639404 0.056152344
vt 0.032989502 0.61035156
vt 0.11639404 0.5996094
vt 0.032989502 0.056152344
vt 0.11639404 0.056152344
vt 0.032989502 0.61035156
vt 0.11639404 0.5996094
vt 0.11639404 0.5996094
vt 0.3635254 0.5996094
vt 0.11639404 0.9536133
vt 0.3635254 0.9536133
vt 0.11639404 0.60839844
vt 0.3635254 0.60839844
vt 0.3635254 0.9536133
vt 0.11639404 0.9536133
vt 0.11639404 0.056152344
vt 0.3635254 0.056152344
vt 0.11639404 0.5996094
vt 0.3635254 0.5996094
vt 0.11639404 0.056152344
vt 0.3635254 0.056152344
vt 0.11639404 0.5996094
vt 0.3635254 0.5996094
vt 0.032989502 0.056152344
vt 0.11639404 0.056152344
vt 0.032989502 0.61035156
vt 0.11639404 0.5996094
vt 0.032989502 0.056152344
vt 0.11639404 0.056152344
vt 0.032989502 0.61035156
vt 0.11639404 0.5996094
vt 0.032989502 0.056152344
vt 0.11639404 0.056152344
vt 0.032989502 0.61035156
vt 0.11639404 0.5996094
vt 0.032989502 0.056152344
vt 0.11639404 0.056152344
vt 0.032989502 0.61035156
vt 0.11639404 0.5996094
vt 0.11639404 0.5996094
vt 0.3635254 0.5996094
vt 0.11639404 0.9536133
vt 0.3635254 0.9536133
vt 0.11639404 0.5996094
vt 0.3635254 0.5996094
vt 0.11639404 0.9536133
vt 0.3635254 0.9536133
vt 0.11639404 0.5996094
vt 0.3635254 0.5996094
vt 0.11639404 0.9536133
vt 0.3635254 0.9536133
vt 0.11639404 0.5996094
vt 0.3635254 0.5996094
vt 0.11639404 0.9536133
vt 0.3635254 0.9536133
vt 0.11639404 0.056152344
vt 0.3635254 0.056152344
vt 0.11639404 0.5996094
vt 0.3635254 0.5996094
vt 0.11639404 0.056152344
vt 0.3635254 0.056152344
vt 0.11639404 0.5996094
vt 0.3635254 0.5996094
vt 0.11639404 0.056152344
vt 0.3635254 0.056152344
vt 0.11639404 0.5996094
vt 0.3635254 0.5996094
vt 0.11639404 0.056152344
vt 0.3635254 0.056152344
vt 0.11639404 0.5996094
vt 0.3635254 0.5996094
vt 0.032989502 0.056152344
vt 0.11639404 0.056152344
vt 0.032989502 0.61035156
vt 0.11639404 0.5996094
vt 0.032989502 0.056152344
vt 0.11639404 0.056152344
vt 0.032989502 0.61035156
vt 0.11639404 0.5996094
vt 0.032989502 0.056152344
vt 0.11639404 0.056152344
vt 0.032989502 0.61035156
vt 0.11639404 0.5996094
vt 0.032989502 0.056152344
vt 0.11639404 0.056152344
vt 0.032989502 0.61035156
vt 0.11639404 0.5996094
vt 0.11639404 0.5996094
vt 0.3635254 0.5996094
vt 0.11639404 0.9536133
vt 0.3635254 0.9536133
vt 0.11639404 0.5996094
vt 0.3635254 0.5996094
vt 0.11639404 0.9536133
vt 0.3635254 0.9536133
vt 0.11639404 0.5996094
vt 0.3635254 0.5996094
vt 0.11639404 0.9536133
vt 0.3635254 0.9536133
vt 0.11639404 0.5996094
vt 0.3635254 0.5996094
vt 0.11639404 0.9536133
vt 0.3635254 0.9536133
vt 0.11639404 0.056152344
vt 0.3635254 0.056152344
vt 0.11639404 0.5996094
vt 0.3635254 0.5996094
vt 0.11639404 0.056152344
vt 0.3635254 0.056152344
vt 0.11639404 0.5996094
vt 0.3635254 0.5996094
vt 0.11639404 0.056152344
vt 0.3635254 0.056152344
vt 0.11639404 0.5996094
vt 0.3635254 0.5996094
vt 0.11639404 0.056152344
vt 0.3635254 0.056152344
vt 0.11639404 0.5996094
vt 0.3635254 0.5996094
vt 0.032989502 0.056152344
vt 0.11639404 0.056152344
vt 0.032989502 0.61035156
vt 0.11639404 0.5996094
vt 0.032989502 0.056152344
vt 0.11639404 0.056152344
vt 0.032989502 0.61035156
vt 0.11639404 0.5996094
vt 0.032989502 0.056152344
vt 0.11639404 0.056152344
vt 0.032989502 0.61035156
vt 0.11639404 0.5996094
vt 0.032989502 0.056152344
vt 0.11639404 0.056152344
vt 0.032989502 0.61035156
vt 0.11639404 0.5996094
vt 0.11639404 0.5996094
vt 0.3635254 0.5996094
vt 0.11639404 0.9536133
vt 0.3635254 0.9536133
vt 0.11639404 0.5996094
vt 0.3635254 0.5996094
vt 0.11639404 0.9536133
vt 0.3635254 0.9536133
vt 0.11639404 0.5996094
vt 0.3635254 0.5996094
vt 0.11639404 0.9536133
vt 0.3635254 0.9536133
vt 0.11639404 0.5996094
vt 0.3635254 0.5996094
vt 0.11639404 0.9536133
vt 0.3635254 0.9536133
vt 0.11639404 0.056152344
vt 0.3635254 0.056152344
vt 0.11639404 0.5996094
vt 0.3635254 0.5996094
vt 0.11639404 0.056152344
vt 0.3635254 0.056152344
vt 0.11639404 0.5996094
vt 0.3635254 0.5996094
vt 0.11639404 0.056152344
vt 0.3635254 0.056152344
vt 0.11639404 0.5996094
vt 0.3635254 0.5996094
vt 0.11639404 0.056152344
vt 0.3635254 0.056152344
vt 0.11639404 0.5996094
vt 0.3635254 0.5996094
vt 0.032989502 0.056152344
vt 0.11639404 0.056152344
vt 0.032989502 0.61035156
vt 0.11639404 0.5996094
vt 0.032989502 0.056152344
vt 0.11639404 0.056152344
vt 0.032989502 0.61035156
vt 0.11639404 0.5996094
vt 0.032989502 0.056152344
vt 0.11639404 0.056152344
vt 0.032989502 0.61035156
vt 0.11639404 0.5996094
vt 0.032989502 0.056152344
vt 0.11639404 0.056152344
vt 0.032989502 0.61035156
vt 0.11639404 0.5996094
vt 0.11639404 0.5996094
vt 0.3635254 0.5996094
vt 0.11639404 0.9536133
vt 0.3635254 0.9536133
vt 0.11639404 0.5996094
vt 0.3635254 0.5996094
vt 0.11639404 0.9536133
vt 0.3635254 0.9536133
vt 0.11639404 0.5996094
vt 0.3635254 0.5996094
vt 0.11639404 0.9536133
vt 0.3635254 0.9536133
vt 0.11639404 0.5996094
vt 0.3635254 0.5996094
vt 0.11639404 0.9536133
vt 0.3635254 0.9536133
vt 0.11639404 0.056152344
vt 0.3635254 0.056152344
vt 0.11639404 0.5996094
vt 0.3635254 0.5996094
vt 0.11639404 0.056152344
vt 0.3635254 0.056152344
vt 0.11639404 0.5996094
vt 0.3635254 0.5996094
vt 0.11639404 0.056152344
vt 0.3635254 0.056152344
vt 0.11639404 0.5996094
vt 0.3635254 0.5996094
vt 0.11639404 0.056152344
vt 0.3635254 0.056152344
vt 0.11639404 0.5996094
vt 0.3635254 0.5996094
vt 0.032989502 0.056152344
vt 0.11639404 0.056152344
vt 0.032989502 0.5996094
vt 0.11639404 0.60839844
vt 0.032989502 0.056152344
vt 0.11639404 0.056152344
vt 0.032989502 0.61035156
vt 0.11639404 0.5996094
vt 0.032989502 0.056152344
vt 0.11639404 0.056152344
vt 0.032989502 0.61035156
vt 0.11639404 0.5996094
vt 0.032989502 0.056152344
vt 0.11639404 0.056152344
vt 0.032989502 0.61035156
vt 0.11639404 0.5996094
vt 0.11639404 0.5996094
vt 0.3635254 0.5996094
vt 0.11639404 0.9536133
vt 0.3635254 0.9536133
vt 0.11639404 0.60839844
vt 0.3635254 0.60839844
vt 0.3635254 0.9536133
vt 0.11639404 0.9536133
vt 0.11639404 0.056152344
vt 0.3635254 0.056152344
vt 0.11639404 0.5996094
vt 0.3635254 0.5996094
vt 0.11639404 0.056152344
vt 0.3635254 0.056152344
vt 0.11639404 0.5996094
vt 0.3635254 0.5996094
vt 0.032989502 0.056152344
vt 0.11639404 0.056152344
vt 0.032989502 0.61035156
vt 0.11639404 0.5996094
vt 0.032989502 0.056152344
vt 0.11639404 0.056152344
vt 0.032989502 0.61035156
vt 0.11639404 0.5996094
vt 0.032989502 0.056152344
vt 0.11639404 0.056152344
vt 0.032989502 0.61035156
vt 0.11639404 0.5996094
vt 0.032989502 0.056152344
vt 0.11639404 0.056152344
vt 0.032989502 0.61035156
vt 0.11639404 0.5996094
vt 0.11639404 0.5996094
vt 0.3635254 0.5996094
vt 0.11639404 0.9536133
vt 0.3635254 0.9536133
vt 0.11639404 0.5996094
vt 0.3635254 0.5996094
vt 0.11639404 0.9536133
vt 0.3635254 0.9536133
vt 0.11639404 0.5996094
vt 0.3635254 0.5996094
vt 0.11639404 0.9536133
vt 0.3635254 0.9536133
vt 0.11639404 0.5996094
vt 0.3635254 0.5996094
vt 0.11639404 0.9536133
vt 0.3635254 0.9536133
vt 0.11639404 0.056152344
vt 0.3635254 0.056152344
vt 0.11639404 0.5996094
vt 0.3635254 0.5996094
vt 0.11639404 0.056152344
vt 0.3635254 0.056152344
vt 0.11639404 0.5996094
vt 0.3635254 0.5996094
vt 0.11639404 0.056152344
vt 0.3635254 0.056152344
vt 0.11639404 0.5996094
vt 0.3635254 0.5996094
vt 0.11639404 0.056152344
vt 0.3635254 0.056152344
vt 0.11639404 0.5996094
vt 0.3635254 0.5996094
vt 0.032989502 0.056152344
vt 0.11639404 0.056152344
vt 0.032989502 0.5996094
vt 0.11639404 0.60839844
vt 0.032989502 0.056152344
vt 0.11639404 0.056152344
vt 0.032989502 0.61035156
vt 0.11639404 0.5996094
vt 0.032989502 0.056152344
vt 0.11639404 0.056152344
vt 0.032989502 0.61035156
vt 0.11639404 0.5996094
vt 0.032989502 0.056152344
vt 0.11639404 0.056152344
vt 0.032989502 0.61035156
vt 0.11639404 0.5996094
vt 0.11639404 0.5996094
vt 0.3635254 0.5996094
vt 0.11639404 0.9536133
vt 0.3635254 0.9536133
vt 0.11639404 0.60839844
vt 0.3635254 0.60839844
vt 0.3635254 0.9536133
vt 0.11639404 0.9536133
vt 0.11639404 0.056152344
vt 0.3635254 0.056152344
vt 0.11639404 0.5996094
vt 0.3635254 0.5996094
vt 0.11639404 0.056152344
vt 0.3635254 0.056152344
vt 0.11639404 0.5996094
vt 0.3635254 0.5996094
vt 0.032989502 0.056152344
vt 0.11639404 0.056152344
vt 0.032989502 0.5996094
vt 0.11639404 0.60839844
vt 0.032989502 0.056152344
vt 0.11639404 0.056152344
vt 0.032989502 0.61035156
vt 0.11639404 0.5996094
vt 0.032989502 0.056152344
vt 0.11639404 0.056152344
vt 0.032989502 0.61035156
vt 0.11639404 0.5996094
vt 0.032989502 0.056152344
vt 0.11639404 0.056152344
vt 0.032989502 0.61035156
vt 0.11639404 0.5996094
vt 0.11639404 0.5996094
vt 0.3635254 0.5996094
vt 0.11639404 0.9536133
vt 0.3635254 0.9536133
vt 0.11639404 0.60839844
vt 0.3635254 0.60839844
vt 0.3635254 0.9536133
vt 0.11639404 0.9536133
vt 0.11639404 0.056152344
vt 0.3635254 0.056152344
vt 0.11639404 0.5996094
vt 0.3635254 0.5996094
vt 0.11639404 0.056152344
vt 0.3635254 0.056152344
vt 0.11639404 0.5996094
vt 0.3635254 0.5996094
vt -7.9140625 15.25
vt -7.8828125 15.25
vt -7.9101562 14.8203125
vt -7.8867188 14.8203125
vt -7.9101562 14.8203125
vt -7.8828125 15.25
vt -7.4179688 15.25
vt -7.3828125 15.2421875
vt -7.4296875 14.8203125
vt -7.40625 14.8125
vt -7.4296875 14.8203125
vt -7.3828125 15.2421875
vt -6.9570312 15.21875
vt -6.9257812 15.2109375
vt -6.9882812 14.7890625
vt -6.96875 14.7890625
vt -6.9882812 14.7890625
vt -6.9257812 15.2109375
vt -6.5039062 14.7421875
vt -6.4882812 14.71875
vt -6.5117188 14.7109375
vt -7.8867188 14.8203125
vt -7.8984375 14.796875
vt -7.9101562 14.8203125
vt -6.9882812 14.7890625
vt -6.96875 14.7890625
vt -6.984375 14.765625
vt -7.40625 14.8125
vt -7.4179688 14.796875
vt -7.4296875 14.8203125
vt -16.828125 19.140625
vt -16.8125 19.140625
vt -16.828125 18.875
vt -16.8125 18.875
vt -16.828125 18.875
vt -16.8125 19.140625
vt -12.078125 18.875
vt -12.1015625 18.875
vt -12.078125 19.15625
vt -12.09375 19.171875
vt -12.078125 19.15625
vt -12.1015625 18.875
vt -12.1015625 18.875
vt -12.078125 18.875
vt -12.1015625 18.84375
vt -16.8125 18.875
vt -16.8125 18.859375
vt -16.828125 18.875
vt -13.8671875 18.875
vt -13.8515625 18.875
vt -13.8671875 18.84375
vt -15.0390625 18.875
vt -15.046875 18.859375
vt -15.0546875 18.875
vt -11.3046875 17.734375
vt -11.2890625 17.734375
vt -11.3125 17.453125
vt -11.2890625 17.453125
vt -11.3125 17.453125
vt -11.2890625 17.734375
vt -10.046875 17.453125
vt -10.0625 17.453125
vt -10.0390625 17.734375
vt -10.0625 17.734375
vt -10.0390625 17.734375
vt -10.0625 17.453125
vt -10.0625 17.453125
vt -10.046875 17.453125
vt -10.0625 17.421875
vt -11.2890625 17.453125
vt -11.296875 17.4375
vt -11.3125 17.453125
vt -10.3984375 17.453125
vt -10.3828125 17.453125
vt -10.390625 17.4375
vt -10.9609375 17.453125
vt -10.96875 17.4375
vt -10.9765625 17.453125
vt -10.96875 17.4375
vt -10.9609375 17.453125
vt -10.390625 17.4375
vt -10.3984375 17.453125
vt -10.390625 17.4375
vt -10.9609375 17.453125
vt -11.8828125 17.4375
vt -11.8828125 17.453125
vt -11.3203125 17.4375
vt -11.3125 17.453125
vt -11.3203125 17.4375
vt -11.8828125 17.453125
vt -11.34375 17.8125
vt -11.3203125 17.8125
vt -11.3515625 17.421875
vt -11.328125 17.421875
vt -11.3515625 17.421875
vt -11.3203125 17.8125
vt -9.9921875 17.421875
vt -10.015625 17.421875
vt -9.984375 17.8125
vt -10.0078125 17.8125
vt -9.984375 17.8125
vt -10.015625 17.421875
vt -10.015625 17.421875
vt -9.9921875 17.421875
vt -10.015625 17.40625
vt -11.328125 17.421875
vt -11.328125 17.40625
vt -11.3515625 17.421875
vt -10.3828125 17.421875
vt -10.3671875 17.421875
vt -10.375 17.40625
vt -10.953125 17.421875
vt -10.96875 17.40625
vt -10.9765625 17.421875
vt -10.96875 17.40625
vt -10.953125 17.421875
vt -10.375 17.40625
vt -10.3828125 17.421875
vt -10.375 17.40625
vt -10.953125 17.421875
vt -11.9296875 17.40625
vt -11.9296875 17.421875
vt -11.3515625 17.40625
vt -11.3515625 17.421875
vt -11.3515625 17.40625
vt -11.9296875 17.421875
vt -7.9570312 15.25
vt -7.9257812 15.25
vt -7.9492188 14.8203125
vt -7.9296875 14.8203125
vt -7.9492188 14.8203125
vt -7.9257812 15.25
vt -7.4140625 15.25
vt -7.3789062 15.25
vt -7.421875 14.8203125
vt -7.3984375 14.8203125
vt -7.421875 14.8203125
vt -7.3789062 15.25
vt -6.953125 15.21875
vt -6.921875 15.21875
vt -6.9804688 14.7890625
vt -6.9609375 14.7890625
vt -6.9804688 14.7890625
vt -6.921875 15.21875
vt -6.4492188 14.7421875
vt -6.4335938 14.7109375
vt -6.4570312 14.7109375
vt -7.9296875 14.8203125
vt -7.9414062 14.796875
vt -7.9492188 14.8203125
vt -6.9804688 14.7890625
vt -6.9609375 14.7890625
vt -6.9765625 14.765625
vt -7.3984375 14.8203125
vt -7.4140625 14.796875
vt -7.421875 14.8203125
vt -8.046875 15.1015625
vt -8.015625 15.1015625
vt -8.0390625 14.90625
vt -8.015625 14.9140625
vt -8.0390625 14.90625
vt -8.015625 15.1015625
vt -7.5546875 15.1015625
vt -7.5234375 15.1015625
vt -7.5585938 14.90625
vt -7.5390625 14.90625
vt -7.5585938 14.90625
vt -7.5234375 15.1015625
vt -6.7265625 15.0390625
vt -6.6953125 15.03125
vt -6.7460938 14.84375
vt -6.7226562 14.84375
vt -6.7460938 14.84375
vt -6.6953125 15.03125
vt -6.2617188 14.7734375
vt -6.25 14.7421875
vt -6.2734375 14.7421875
vt -8.015625 14.9140625
vt -8.03125 14.8828125
vt -8.0390625 14.90625
vt -6.7460938 14.84375
vt -6.7226562 14.84375
vt -6.7421875 14.8203125
vt -7.5390625 14.90625
vt -7.5507812 14.8828125
vt -7.5585938 14.90625
vt -6.7421875 14.8203125
vt -6.7226562 14.84375
vt -6.2734375 14.7421875
vt -6.2617188 14.7734375
vt -6.2734375 14.7421875
vt -6.7226562 14.84375
vt -8.0234375 15.3046875
vt -7.9921875 15.3046875
vt -8.015625 14.8046875
vt -7.9921875 14.8046875
vt -8.015625 14.8046875
vt -7.9921875 15.3046875
vt -7.5273438 15.3046875
vt -7.4921875 15.3046875
vt -7.5351562 14.8046875
vt -7.515625 14.796875
vt -7.5351562 14.8046875
vt -7.4921875 15.3046875
vt -6.765625 15.2578125
vt -6.734375 15.2578125
vt -6.796875 14.7578125
vt -6.7734375 14.7578125
vt -6.796875 14.7578125
vt -6.734375 15.2578125
vt -6.3125 14.71875
vt -6.296875 14.6953125
vt -6.3164062 14.6875
vt -7.9921875 14.8046875
vt -8.0078125 14.78125
vt -8.015625 14.8046875
vt -6.796875 14.7578125
vt -6.7734375 14.7578125
vt -6.7929688 14.734375
vt -7.515625 14.796875
vt -7.5273438 14.7734375
vt -7.5351562 14.8046875
vt -7.9140625 15.234375
vt -7.8828125 15.234375
vt -7.9101562 14.828125
vt -7.8867188 14.828125
vt -7.9101562 14.828125
vt -7.8828125 15.234375
vt -7.4179688 15.234375
vt -7.3828125 15.234375
vt -7.4296875 14.828125
vt -7.40625 14.8203125
vt -7.4296875 14.828125
vt -7.3828125 15.234375
vt -6.9570312 15.203125
vt -6.9257812 15.1953125
vt -6.9882812 14.796875
vt -6.96875 14.796875
vt -6.9882812 14.796875
vt -6.9257812 15.1953125
vt -6.5039062 14.75
vt -6.4882812 14.71875
vt -6.5117188 14.71875
vt -7.8867188 14.828125
vt -7.8984375 14.8046875
vt -7.9101562 14.828125
vt -6.9882812 14.796875
vt -6.96875 14.796875
vt -6.984375 14.7734375
vt -7.40625 14.8203125
vt -7.4179688 14.796875
vt -7.4296875 14.828125
vt -11.3125 17.8125
vt -11.2890625 17.8125
vt -11.3125 17.421875
vt -11.2890625 17.421875
vt -11.3125 17.421875
vt -11.2890625 17.8125
vt -10.046875 17.421875
vt -10.0625 17.421875
vt -10.0390625 17.8125
vt -10.0546875 17.8125
vt -10.0390625 17.8125
vt -10.0625 17.421875
vt -10.9765625 17.8125
vt -10.9609375 17.8125
vt -10.9765625 17.421875
vt -10.9609375 17.421875
vt -10.9765625 17.421875
vt -10.9609375 17.8125
vt -10.0625 17.421875
vt -10.046875 17.421875
vt -10.0625 17.40625
vt -11.2890625 17.421875
vt -11.296875 17.40625
vt -11.3125 17.421875
vt -10.3984375 17.421875
vt -10.3828125 17.421875
vt -10.390625 17.40625
vt -10.9609375 17.421875
vt -10.96875 17.40625
vt -10.9765625 17.421875
vt -10.96875 17.40625
vt -10.9609375 17.421875
vt -10.390625 17.40625
vt -10.3984375 17.421875
vt -10.390625 17.40625
vt -10.9609375 17.421875
vt -11.8828125 17.390625
vt -11.8828125 17.421875
vt -11.3203125 17.390625
vt -11.3125 17.421875
vt -11.3203125 17.390625
vt -11.8828125 17.421875
vt -7.296875 15.21875
vt -7.265625 15.21875
vt -7.3007812 14.8125
vt -7.2773438 14.8125
vt -7.3007812 14.8125
vt -7.265625 15.21875
vt -7.1484375 15.21875
vt -7.1210938 15.21875
vt -7.1679688 14.8125
vt -7.1445312 14.8125
vt -7.1679688 14.8125
vt -7.1210938 15.21875
vt -6.5625 14.7734375
vt -6.546875 14.75
vt -6.5703125 14.7421875
vt -7.8789062 14.8125
vt -7.8867188 14.7890625
vt -7.8984375 14.8046875
vt -7.1679688 14.8125
vt -7.1445312 14.8125
vt -7.1601562 14.7890625
vt -7.2773438 14.8125
vt -7.2890625 14.7890625
vt -7.3007812 14.8125
vt -11.3125 17.734375
vt -11.2890625 17.734375
vt -11.3125 17.4375
vt -11.2890625 17.453125
vt -11.3125 17.4375
vt -11.2890625 17.734375
vt -10.046875 17.453125
vt -10.0625 17.453125
vt -10.0390625 17.734375
vt -10.0546875 17.734375
vt -10.0390625 17.734375
vt -10.0625 17.453125
vt -10.9765625 17.75
vt -10.9609375 17.75
vt -10.9765625 17.453125
vt -10.9609375 17.453125
vt -10.9765625 17.453125
vt -10.9609375 17.75
vt -10.0625 17.453125
vt -10.046875 17.453125
vt -10.0625 17.421875
vt -11.2890625 17.453125
vt -11.296875 17.421875
vt -11.3125 17.4375
vt -10.3984375 17.453125
vt -10.3828125 17.453125
vt -10.390625 17.4375
vt -10.9609375 17.453125
vt -10.96875 17.4375
vt -10.9765625 17.453125
vt -10.96875 17.4375
vt -10.9609375 17.453125
vt -10.390625 17.4375
vt -10.3984375 17.453125
vt -10.390625 17.4375
vt -10.9609375 17.453125
vt -11.8828125 17.421875
vt -11.8828125 17.453125
vt -11.3203125 17.421875
vt -11.3125 17.4375
vt -11.3203125 17.421875
vt -11.8828125 17.453125
vt -11.28125 17.734375
vt -11.265625 17.734375
vt -11.2890625 17.453125
vt -11.265625 17.453125
vt -11.2890625 17.453125
vt -11.265625 17.734375
vt -10.0859375 17.453125
vt -10.109375 17.453125
vt -10.078125 17.734375
vt -10.1015625 17.734375
vt -10.078125 17.734375
vt -10.109375 17.453125
vt -10.109375 17.453125
vt -10.0859375 17.453125
vt -10.109375 17.421875
vt -11.265625 17.453125
vt -11.265625 17.4375
vt -11.2890625 17.453125
vt -10.4375 17.453125
vt -10.421875 17.453125
vt -10.4375 17.4375
vt -10.9296875 17.453125
vt -10.9453125 17.4375
vt -10.953125 17.453125
vt -10.9453125 17.4375
vt -10.9296875 17.453125
vt -10.4375 17.4375
vt -10.4375 17.453125
vt -10.4375 17.4375
vt -10.9296875 17.453125
vt -11.7890625 17.421875
vt -11.7890625 17.453125
vt -11.2890625 17.421875
vt -11.2890625 17.453125
vt -11.2890625 17.421875
vt -11.7890625 17.453125
vt -7.8828125 15.25
vt -7.4179688 15.25
vt -7.8867188 14.8203125
vt -7.4296875 14.8203125
vt -8.3359375 15.234375
vt -7.9140625 15.25
vt -8.328125 14.8046875
vt -7.9101562 14.8203125
vt -7.3828125 15.2421875
vt -6.9570312 15.21875
vt -7.40625 14.8125
vt -6.9882812 14.7890625
vt -6.9257812 15.2109375
vt -6.4648438 15.171875
vt -6.96875 14.7890625
vt -6.5039062 14.7421875
vt -6.4726562 14.7421875
vt -6.5039062 14.7421875
vt -6.4335938 15.1640625
vt -6.4648438 15.171875
vt -6.984375 14.765625
vt -6.96875 14.7890625
vt -6.5117188 14.7109375
vt -6.5039062 14.7421875
vt -7.4179688 14.796875
vt -7.40625 14.8125
vt -6.984375 14.765625
vt -6.9882812 14.7890625
vt -7.8984375 14.796875
vt -7.8867188 14.8203125
vt -7.4179688 14.796875
vt -7.4296875 14.8203125
vt -8.328125 14.7890625
vt -8.328125 14.8046875
vt -7.8984375 14.796875
vt -7.9101562 14.8203125
vt -18 19.171875
vt -16.828125 19.140625
vt -18 18.875
vt -16.828125 18.875
vt -16.8125 19.140625
vt -15.0546875 19.15625
vt -16.8125 18.875
vt -15.0546875 18.875
vt -15.03125 19.15625
vt -13.8671875 19.140625
vt -15.0390625 18.875
vt -13.8671875 18.875
vt -13.8515625 19.140625
vt -12.09375 19.171875
vt -13.8515625 18.875
vt -12.1015625 18.875
vt -15.0546875 19.15625
vt -15.03125 19.15625
vt -15.0546875 18.875
vt -15.0390625 18.875
vt -13.8671875 19.140625
vt -13.8515625 19.140625
vt -13.8671875 18.875
vt -13.8515625 18.875
vt -13.8671875 18.84375
vt -13.8515625 18.875
vt -12.1015625 18.84375
vt -12.1015625 18.875
vt -15.046875 18.859375
vt -15.0390625 18.875
vt -13.8671875 18.84375
vt -13.8671875 18.875
vt -16.8125 18.859375
vt -16.8125 18.875
vt -15.046875 18.859375
vt -15.0546875 18.875
vt -18 18.84375
vt -18 18.875
vt -16.828125 18.84375
vt -16.828125 18.875
vt -11.875 17.734375
vt -11.3046875 17.734375
vt -11.8828125 17.453125
vt -11.3125 17.453125
vt -11.2890625 17.734375
vt -10.9765625 17.734375
vt -11.2890625 17.453125
vt -10.9765625 17.453125
vt -10.9609375 17.734375
vt -10.3984375 17.734375
vt -10.9609375 17.453125
vt -10.3984375 17.453125
vt -10.3828125 17.734375
vt -10.0625 17.734375
vt -10.3828125 17.453125
vt -10.0625 17.453125
vt -10.9765625 17.734375
vt -10.9609375 17.734375
vt -10.9765625 17.453125
vt -10.9609375 17.453125
vt -10.3984375 17.734375
vt -10.3828125 17.734375
vt -10.3984375 17.453125
vt -10.3828125 17.453125
vt -10.390625 17.4375
vt -10.3828125 17.453125
vt -10.0625 17.421875
vt -10.0625 17.453125
vt -11.296875 17.4375
vt -11.2890625 17.453125
vt -10.96875 17.4375
vt -10.9765625 17.453125
vt -11.921875 17.8125
vt -11.34375 17.8125
vt -11.9296875 17.421875
vt -11.3515625 17.421875
vt -11.3203125 17.8125
vt -10.9765625 17.8125
vt -11.328125 17.421875
vt -10.9765625 17.421875
vt -10.9609375 17.8125
vt -10.390625 17.8125
vt -10.953125 17.421875
vt -10.3828125 17.421875
vt -10.3671875 17.8125
vt -10.0078125 17.8125
vt -10.3671875 17.421875
vt -10.015625 17.421875
vt -10.9765625 17.8125
vt -10.9609375 17.8125
vt -10.9765625 17.421875
vt -10.953125 17.421875
vt -10.390625 17.8125
vt -10.3671875 17.8125
vt -10.3828125 17.421875
vt -10.3671875 17.421875
vt -10.375 17.40625
vt -10.3671875 17.421875
vt -10.015625 17.40625
vt -10.015625 17.421875
vt -11.328125 17.40625
vt -11.328125 17.421875
vt -10.96875 17.40625
vt -10.9765625 17.421875
vt -7.9257812 15.25
vt -7.4140625 15.25
vt -7.9296875 14.8203125
vt -7.421875 14.8203125
vt -8.3828125 15.234375
vt -7.9570312 15.25
vt -8.3671875 14.8125
vt -7.9492188 14.8203125
vt -7.3789062 15.25
vt -6.953125 15.21875
vt -7.3984375 14.8203125
vt -6.9804688 14.7890625
vt -6.921875 15.21875
vt -6.4101562 15.1640625
vt -6.9609375 14.7890625
vt -6.4492188 14.7421875
vt -6.4179688 14.734375
vt -6.4492188 14.7421875
vt -6.3789062 15.1640625
vt -6.4101562 15.1640625
vt -6.9765625 14.765625
vt -6.9609375 14.7890625
vt -6.4570312 14.7109375
vt -6.4492188 14.7421875
vt -7.4140625 14.796875
vt -7.3984375 14.8203125
vt -6.9765625 14.765625
vt -6.9804688 14.7890625
vt -7.9414062 14.796875
vt -7.9296875 14.8203125
vt -7.4140625 14.796875
vt -7.421875 14.8203125
vt -8.3671875 14.7890625
vt -8.3671875 14.8125
vt -7.9414062 14.796875
vt -7.9492188 14.8203125
vt -8.015625 15.1015625
vt -7.5546875 15.1015625
vt -8.015625 14.9140625
vt -7.5585938 14.90625
vt -8.84375 15.046875
vt -8.046875 15.1015625
vt -8.8359375 14.8515625
vt -8.0390625 14.90625
vt -7.5234375 15.1015625
vt -6.7265625 15.0390625
vt -7.5390625 14.90625
vt -6.7460938 14.84375
vt -6.6953125 15.03125
vt -6.234375 14.96875
vt -6.7226562 14.84375
vt -6.2617188 14.7734375
vt -6.2304688 14.765625
vt -6.2617188 14.7734375
vt -6.203125 14.9609375
vt -6.234375 14.96875
vt -7.5507812 14.8828125
vt -7.5390625 14.90625
vt -6.7421875 14.8203125
vt -6.7460938 14.84375
vt -8.03125 14.8828125
vt -8.015625 14.9140625
vt -7.5507812 14.8828125
vt -7.5585938 14.90625
vt -8.828125 14.828125
vt -8.8359375 14.8515625
vt -8.03125 14.8828125
vt -8.0390625 14.90625
vt -7.9921875 15.3046875
vt -7.5273438 15.3046875
vt -7.9921875 14.8046875
vt -7.5351562 14.8046875
vt -8.7421875 15.2890625
vt -8.0234375 15.3046875
vt -8.734375 14.7890625
vt -8.015625 14.8046875
vt -7.4921875 15.3046875
vt -6.765625 15.2578125
vt -7.515625 14.796875
vt -6.796875 14.7578125
vt -6.734375 15.2578125
vt -6.2695312 15.21875
vt -6.7734375 14.7578125
vt -6.3125 14.71875
vt -6.28125 14.71875
vt -6.3125 14.71875
vt -6.2382812 15.21875
vt -6.2695312 15.21875
vt -6.7929688 14.734375
vt -6.7734375 14.7578125
vt -6.3164062 14.6875
vt -6.3125 14.71875
vt -7.5273438 14.7734375
vt -7.515625 14.796875
vt -6.7929688 14.734375
vt -6.796875 14.7578125
vt -8.0078125 14.78125
vt -7.9921875 14.8046875
vt -7.5273438 14.7734375
vt -7.5351562 14.8046875
vt -8.734375 14.765625
vt -8.734375 14.7890625
vt -8.0078125 14.78125
vt -8.015625 14.8046875
vt -7.8828125 15.234375
vt -7.4179688 15.234375
vt -7.8867188 14.828125
vt -7.4296875 14.828125
vt -8.3359375 15.21875
vt -7.9140625 15.234375
vt -8.328125 14.8125
vt -7.9101562 14.828125
vt -7.3828125 15.234375
vt -6.9570312 15.203125
vt -7.40625 14.8203125
vt -6.9882812 14.796875
vt -6.9257812 15.1953125
vt -6.4648438 15.15625
vt -6.96875 14.796875
vt -6.5039062 14.75
vt -6.4726562 14.7421875
vt -6.5039062 14.75
vt -6.4335938 15.1484375
vt -6.4648438 15.15625
vt -6.984375 14.7734375
vt -6.96875 14.796875
vt -6.5117188 14.71875
vt -6.5039062 14.75
vt -7.4179688 14.796875
vt -7.40625 14.8203125
vt -6.984375 14.7734375
vt -6.9882812 14.796875
vt -7.8984375 14.8046875
vt -7.8867188 14.828125
vt -7.4179688 14.796875
vt -7.4296875 14.828125
vt -8.328125 14.7890625
vt -8.328125 14.8125
vt -7.8984375 14.8046875
vt -7.9101562 14.828125
vt -11.875 17.8125
vt -11.3125 17.8125
vt -11.8828125 17.421875
vt -11.3125 17.421875
vt -11.2890625 17.8125
vt -10.9765625 17.8125
vt -11.2890625 17.421875
vt -10.9765625 17.421875
vt -10.9609375 17.8125
vt -10.3984375 17.8125
vt -10.9609375 17.421875
vt -10.3984375 17.421875
vt -10.375 17.8125
vt -10.0546875 17.8125
vt -10.3828125 17.421875
vt -10.0625 17.421875
vt -10.3984375 17.8125
vt -10.375 17.8125
vt -10.3984375 17.421875
vt -10.3828125 17.421875
vt -10.390625 17.40625
vt -10.3828125 17.421875
vt -10.0625 17.40625
vt -10.0625 17.421875
vt -11.296875 17.40625
vt -11.2890625 17.421875
vt -10.96875 17.40625
vt -10.9765625 17.421875
vt -7.8789062 15.21875
vt -7.296875 15.21875
vt -7.8789062 14.8125
vt -7.3007812 14.8125
vt -8.03125 15.203125
vt -7.9140625 15.21875
vt -8.0078125 14.796875
vt -7.8984375 14.8046875
vt -7.265625 15.21875
vt -7.1484375 15.21875
vt -7.2773438 14.8125
vt -7.1679688 14.8125
vt -7.1210938 15.21875
vt -6.5390625 15.1796875
vt -7.1445312 14.8125
vt -6.5625 14.7734375
vt -7.9140625 15.21875
vt -7.8789062 15.21875
vt -7.8984375 14.8046875
vt -7.8789062 14.8125
vt -6.53125 14.7734375
vt -6.5625 14.7734375
vt -6.5078125 15.1796875
vt -6.5390625 15.1796875
vt -7.1601562 14.7890625
vt -7.1445312 14.8125
vt -6.5703125 14.7421875
vt -6.5625 14.7734375
vt -7.2890625 14.7890625
vt -7.2773438 14.8125
vt -7.1601562 14.7890625
vt -7.1679688 14.8125
vt -7.8867188 14.7890625
vt -7.8789062 14.8125
vt -7.2890625 14.7890625
vt -7.3007812 14.8125
vt -8.0078125 14.7734375
vt -8.0078125 14.796875
vt -7.8867188 14.7890625
vt -7.8984375 14.8046875
vt -11.875 17.734375
vt -11.3125 17.734375
vt -11.8828125 17.453125
vt -11.3125 17.4375
vt -11.2890625 17.734375
vt -10.9765625 17.75
vt -11.2890625 17.453125
vt -10.9765625 17.453125
vt -10.9609375 17.75
vt -10.3984375 17.75
vt -10.9609375 17.453125
vt -10.3984375 17.453125
vt -10.375 17.75
vt -10.0546875 17.734375
vt -10.3828125 17.453125
vt -10.0625 17.453125
vt -10.3984375 17.75
vt -10.375 17.75
vt -10.3984375 17.453125
vt -10.3828125 17.453125
vt -10.390625 17.4375
vt -10.3828125 17.453125
vt -10.0625 17.421875
vt -10.0625 17.453125
vt -11.296875 17.421875
vt -11.2890625 17.453125
vt -10.96875 17.4375
vt -10.9765625 17.453125
vt -11.78125 17.734375
vt -11.28125 17.734375
vt -11.7890625 17.453125
vt -11.2890625 17.453125
vt -11.265625 17.734375
vt -10.953125 17.75
vt -11.265625 17.453125
vt -10.953125 17.453125
vt -10.9375 17.75
vt -10.4453125 17.75
vt -10.9296875 17.453125
vt -10.4375 17.453125
vt -10.421875 17.75
vt -10.1015625 17.734375
vt -10.421875 17.453125
vt -10.109375 17.453125
vt -10.953125 17.75
vt -10.9375 17.75
vt -10.953125 17.453125
vt -10.9296875 17.453125
vt -10.4453125 17.75
vt -10.421875 17.75
vt -10.4375 17.453125
vt -10.421875 17.453125
vt -10.4375 17.4375
vt -10.421875 17.453125
vt -10.109375 17.421875
vt -10.109375 17.453125
vt -11.265625 17.4375
vt -11.265625 17.453125
vt -10.9453125 17.4375
vt -10.953125 17.453125
vt 17.109375 -8.1484375
vt 17.09375 -7.6835938
vt 17.53125 -8.1484375
vt 17.515625 -7.6796875
vt 9.5546875 -3.6054688
vt 7.8007812 -3.5253906
vt 9.6015625 -2.4375
vt 7.8476562 -2.3554688
vt 14.875 -3.7714844
vt 15.1953125 -3.7871094
vt 14.859375 -4.3398438
vt 15.1796875 -4.3515625
vt 14.859375 -3.7695312
vt 15.21875 -3.7753906
vt 14.8359375 -4.3476562
vt 15.1953125 -4.3554688
vt 17.109375 -8.171875
vt 17.09375 -7.6601562
vt 17.53125 -8.171875
vt 17.515625 -7.65625
vt 16.921875 -8.15625
vt 16.90625 -7.6875
vt 17.71875 -8.140625
vt 17.703125 -7.6757812
vt 16.953125 -8.15625
vt 16.9375 -7.6914062
vt 17.6875 -8.140625
vt 17.671875 -7.6757812
vt 17.109375 -8.1484375
vt 17.09375 -7.6835938
vt 17.53125 -8.1484375
vt 17.515625 -7.6796875
vt 14.875 -3.7714844
vt 15.1953125 -3.7871094
vt 14.859375 -4.3398438
vt 15.1796875 -4.3515625
vt 17.28125 -8.2109375
vt 17.21875 -7.6328125
vt 17.40625 -8.1953125
vt 17.34375 -7.6171875
vt 14.875 -3.7714844
vt 15.1953125 -3.7871094
vt 14.859375 -4.3398438
vt 15.1796875 -4.3515625
vt 14.875 -3.8085938
vt 15.1953125 -3.8183594
vt 14.859375 -4.3046875
vt 15.171875 -4.3164062
vt 12 14.109375
vt 11.984375 14.53125
vt 12.4609375 14.1171875
vt 12.4453125 14.546875
vt 11.7734375 7.4921875
vt 11.7890625 6.3554688
vt 10.03125 7.4570312
vt 10.046875 6.3203125
vt 9.40625 9.2734375
vt 9.9375 9.25
vt 9.390625 8.96875
vt 9.9296875 8.9453125
vt 9.40625 9.2890625
vt 9.953125 9.265625
vt 9.3828125 8.953125
vt 9.9296875 8.9296875
vt 11.9765625 14.109375
vt 11.9609375 14.5390625
vt 12.484375 14.1171875
vt 12.46875 14.5390625
vt 12 13.9296875
vt 11.984375 14.7265625
vt 12.4609375 13.9296875
vt 12.4453125 14.7265625
vt 12 13.9609375
vt 11.984375 14.6875
vt 12.4609375 13.96875
vt 12.4453125 14.6953125
vt 12 14.109375
vt 11.984375 14.53125
vt 12.4609375 14.1171875
vt 12.4453125 14.546875
vt 9.40625 9.2734375
vt 9.9375 9.25
vt 9.390625 8.96875
vt 9.9296875 8.9453125
vt 11.9296875 14.2890625
vt 11.9375 14.40625
vt 12.5078125 14.25
vt 12.515625 14.3671875
vt 9.40625 9.2734375
vt 9.9375 9.25
vt 9.390625 8.96875
vt 9.9296875 8.9453125
vt 9.4453125 9.2734375
vt 9.90625 9.2578125
vt 9.421875 8.96875
vt 9.890625 8.953125
vn -0.3076172 0.58691406 0.74853516
vn -0.3076172 0.58691406 0.74853516
vn -0.3076172 0.58691406 0.74853516
vn 0.47851562 0.6040039 0.63720703
vn 0.47851562 0.6040039 0.63720703
vn 0.47851562 0.6040039 0.63720703
vn -0.47729492 0.5966797 -0.64501953
vn -0.47729492 0.5966797 -0.64501953
vn -0.47729492 0.5966797 -0.64501953
vn 0.30908203 0.5761719 -0.75683594
vn 0.30908203 0.5761719 -0.75683594
vn 0.30908203 0.5761719 -0.75683594
vn -0.18005371 0.9628906 0.2019043
vn -0.18005371 0.9628906 0.2019043
vn -0.18005371 0.9628906 0.2019043
vn 0.4387207 0.80859375 0.39160156
vn 0.4387207 0.80859375 0.39160156
vn 0.4387207 0.80859375 0.39160156
vn -0.43896484 0.80859375 -0.39160156
vn -0.43896484 0.80859375 -0.39160156
vn -0.43896484 0.80859375 -0.39160156
vn 0.39916992 0.80029297 -0.44726562
vn 0.39916992 0.80029297 -0.44726562
vn 0.39916992 0.80029297 -0.44726562
vn -0.0016031265 0.66552734 0.74609375
vn -0.0016031265 0.66552734 0.74609375
vn -0.0016031265 0.66552734 0.74609375
vn -0.008605957 0.9301758 0.3671875
vn -0.008605957 0.9301758 0.3671875
vn -0.008605957 0.9301758 0.3671875
vn -0.24169922 0.97021484 0.0012741089
vn -0.24169922 0.97021484 0.0012741089
vn -0.24169922 0.97021484 0.0012741089
vn -0.5493164 0.8354492 0.007297516
vn -0.5493164 0.8354492 0.007297516
vn -0.5493164 0.8354492 0.007297516
vn 0.0030498505 0.32763672 0.9448242
vn 0.0030498505 0.32763672 0.9448242
vn 0.0030498505 0.32763672 0.9448242
vn -0.0009665489 0.8930664 0.44995117
vn -0.0009665489 0.8930664 0.44995117
vn -0.0009665489 0.8930664 0.44995117
vn -0.4501953 0.8930664 -0.0068511963
vn -0.4501953 0.8930664 -0.0068511963
vn -0.4501953 0.8930664 -0.0068511963
vn -0.9448242 0.32763672 0.0049819946
vn -0.9448242 0.32763672 0.0049819946
vn -0.9448242 0.32763672 0.0049819946
vn -0.27612305 0.9160156 -0.29125977
vn -0.27612305 0.9160156 -0.29125977
vn -0.27612305 0.9160156 -0.29125977
vn -0.31274414 0.90234375 0.296875
vn -0.31274414 0.90234375 0.296875
vn -0.31274414 0.90234375 0.296875
vn 0.32250977 0.8964844 -0.30419922
vn 0.32250977 0.8964844 -0.30419922
vn 0.32250977 0.8964844 -0.30419922
vn 0.30322266 0.89697266 0.32128906
vn 0.30322266 0.89697266 0.32128906
vn 0.30322266 0.89697266 0.32128906
vn -0.6113281 0.78564453 -0.09399414
vn -0.6113281 0.78564453 -0.09399414
vn -0.6113281 0.78564453 -0.09399414
vn -0.5 0.8623047 -0.08074951
vn -0.5 0.8623047 -0.08074951
vn -0.5 0.8623047 -0.08074951
vn 0.63671875 0.76464844 0.0982666
vn 0.63671875 0.76464844 0.0982666
vn 0.63671875 0.76464844 0.0982666
vn 0.5410156 0.8364258 0.08709717
vn 0.5410156 0.8364258 0.08709717
vn 0.5410156 0.8364258 0.08709717
vn -0.91308594 0.38330078 -0.14074707
vn -0.91308594 0.38330078 -0.14074707
vn -0.91308594 0.38330078 -0.14074707
vn -0.91552734 0.3762207 -0.14099121
vn -0.91552734 0.3762207 -0.14099121
vn -0.91552734 0.3762207 -0.14099121
vn 0.12890625 0.37890625 -0.9165039
vn 0.12890625 0.37890625 -0.9165039
vn 0.12890625 0.37890625 -0.9165039
vn 0.12902832 0.39746094 -0.9086914
vn 0.12902832 0.39746094 -0.9086914
vn 0.12902832 0.39746094 -0.9086914
vn -0.27685547 0.9160156 -0.29052734
vn -0.27685547 0.9160156 -0.29052734
vn -0.27685547 0.9160156 -0.29052734
vn -0.31201172 0.90234375 0.29760742
vn -0.31201172 0.90234375 0.29760742
vn -0.31201172 0.90234375 0.29760742
vn 0.32177734 0.8964844 -0.30517578
vn 0.32177734 0.8964844 -0.30517578
vn 0.32177734 0.8964844 -0.30517578
vn 0.30395508 0.89697266 0.32055664
vn 0.30395508 0.89697266 0.32055664
vn 0.30395508 0.89697266 0.32055664
vn -0.59716797 0.7993164 -0.068115234
vn -0.59716797 0.7993164 -0.068115234
vn -0.59716797 0.7993164 -0.068115234
vn -0.5161133 0.8540039 -0.0619812
vn -0.5161133 0.8540039 -0.0619812
vn -0.5161133 0.8540039 -0.0619812
vn 0.6220703 0.77978516 0.07141113
vn 0.6220703 0.77978516 0.07141113
vn 0.6220703 0.77978516 0.07141113
vn 0.5571289 0.8276367 0.06665039
vn 0.5571289 0.8276367 0.06665039
vn 0.5571289 0.8276367 0.06665039
vn -0.91748047 0.38378906 -0.105163574
vn -0.91748047 0.38378906 -0.105163574
vn -0.91748047 0.38378906 -0.105163574
vn -0.9199219 0.3774414 -0.105163574
vn -0.9199219 0.3774414 -0.105163574
vn -0.9199219 0.3774414 -0.105163574
vn 0.12646484 0.37890625 -0.9169922
vn 0.12646484 0.37890625 -0.9169922
vn 0.12646484 0.37890625 -0.9169922
vn 0.12658691 0.39746094 -0.9086914
vn 0.12658691 0.39746094 -0.9086914
vn 0.12658691 0.39746094 -0.9086914
vn -0.23754883 0.58691406 0.7739258
vn -0.23754883 0.58691406 0.7739258
vn -0.23754883 0.58691406 0.7739258
vn 0.53515625 0.6040039 0.59033203
vn 0.53515625 0.6040039 0.59033203
vn 0.53515625 0.6040039 0.59033203
vn -0.53466797 0.5966797 -0.5986328
vn -0.53466797 0.5966797 -0.5986328
vn -0.53466797 0.5966797 -0.5986328
vn 0.23828125 0.5761719 -0.7817383
vn 0.23828125 0.5761719 -0.7817383
vn 0.23828125 0.5761719 -0.7817383
vn -0.3786621 0.58691406 0.71533203
vn -0.3786621 0.58691406 0.71533203
vn -0.3786621 0.58691406 0.71533203
vn 0.41479492 0.6040039 0.68066406
vn 0.41479492 0.6040039 0.68066406
vn 0.41479492 0.6040039 0.68066406
vn -0.41259766 0.5966797 -0.68847656
vn -0.41259766 0.5966797 -0.68847656
vn -0.41259766 0.5966797 -0.68847656
vn 0.38085938 0.5761719 -0.72314453
vn 0.38085938 0.5761719 -0.72314453
vn 0.38085938 0.5761719 -0.72314453
vn -0.36767578 0.58691406 0.7211914
vn -0.36767578 0.58691406 0.7211914
vn -0.36767578 0.58691406 0.7211914
vn 0.42504883 0.6040039 0.6743164
vn 0.42504883 0.6040039 0.6743164
vn 0.42504883 0.6040039 0.6743164
vn -0.42285156 0.5966797 -0.6821289
vn -0.42285156 0.5966797 -0.6821289
vn -0.42285156 0.5966797 -0.6821289
vn 0.36987305 0.5761719 -0.7290039
vn 0.36987305 0.5761719 -0.7290039
vn 0.36987305 0.5761719 -0.7290039
vn -0.38330078 0.58691406 0.7128906
vn -0.38330078 0.58691406 0.7128906
vn -0.38330078 0.58691406 0.7128906
vn 0.41015625 0.6040039 0.68310547
vn 0.41015625 0.6040039 0.68310547
vn 0.41015625 0.6040039 0.68310547
vn -0.40795898 0.5966797 -0.69091797
vn -0.40795898 0.5966797 -0.69091797
vn -0.40795898 0.5966797 -0.69091797
vn 0.3857422 0.5761719 -0.7207031
vn 0.3857422 0.5761719 -0.7207031
vn 0.3857422 0.5761719 -0.7207031
vn -0.3088379 0.9160156 -0.25610352
vn -0.3088379 0.9160156 -0.25610352
vn -0.3088379 0.9160156 -0.25610352
vn -0.27514648 0.90234375 0.33203125
vn -0.27514648 0.90234375 0.33203125
vn -0.27514648 0.90234375 0.33203125
vn 0.28393555 0.8964844 -0.34057617
vn 0.28393555 0.8964844 -0.34057617
vn 0.28393555 0.8964844 -0.34057617
vn 0.33935547 0.89697266 0.28271484
vn 0.33935547 0.89697266 0.28271484
vn 0.33935547 0.89697266 0.28271484
vn -0.61816406 0.78564453 -0.020263672
vn -0.61816406 0.78564453 -0.020263672
vn -0.61816406 0.78564453 -0.020263672
vn -0.50634766 0.8623047 -0.02041626
vn -0.50634766 0.8623047 -0.02041626
vn -0.50634766 0.8623047 -0.02041626
vn 0.64404297 0.76464844 0.021514893
vn 0.64404297 0.76464844 0.021514893
vn 0.64404297 0.76464844 0.021514893
vn 0.5473633 0.8364258 0.021820068
vn 0.5473633 0.8364258 0.021820068
vn 0.5473633 0.8364258 0.021820068
vn -0.92333984 0.38330078 -0.030731201
vn -0.92333984 0.38330078 -0.030731201
vn -0.92333984 0.38330078 -0.030731201
vn -0.92578125 0.3762207 -0.030563354
vn -0.92578125 0.3762207 -0.030563354
vn -0.92578125 0.3762207 -0.030563354
vn 0.018447876 0.37890625 -0.92529297
vn 0.018447876 0.37890625 -0.92529297
vn 0.018447876 0.37890625 -0.92529297
vn 0.019561768 0.39746094 -0.91748047
vn 0.019561768 0.39746094 -0.91748047
vn 0.019561768 0.39746094 -0.91748047
vn -0.38330078 0.58691406 0.7128906
vn -0.38330078 0.58691406 0.7128906
vn -0.38330078 0.58691406 0.7128906
vn 0.41015625 0.6040039 0.68310547
vn 0.41015625 0.6040039 0.68310547
vn 0.41015625 0.6040039 0.68310547
vn -0.40795898 0.5966797 -0.69091797
vn -0.40795898 0.5966797 -0.69091797
vn -0.40795898 0.5966797 -0.69091797
vn 0.3857422 0.5761719 -0.7207031
vn 0.3857422 0.5761719 -0.7207031
vn 0.3857422 0.5761719 -0.7207031
vn -0.30786133 0.9160156 -0.25756836
vn -0.30786133 0.9160156 -0.25756836
vn -0.30786133 0.9160156 -0.25756836
vn -0.27661133 0.90234375 0.33081055
vn -0.27661133 0.90234375 0.33081055
vn -0.27661133 0.90234375 0.33081055
vn 0.2854004 0.8964844 -0.33935547
vn 0.2854004 0.8964844 -0.33935547
vn 0.2854004 0.8964844 -0.33935547
vn 0.33813477 0.89697266 0.28442383
vn 0.33813477 0.89697266 0.28442383
vn 0.33813477 0.89697266 0.28442383
vn -0.61816406 0.78564453 -0.023071289
vn -0.61816406 0.78564453 -0.023071289
vn -0.61816406 0.78564453 -0.023071289
vn -0.5058594 0.8623047 -0.022705078
vn -0.5058594 0.8623047 -0.022705078
vn -0.5058594 0.8623047 -0.022705078
vn 0.6435547 0.76464844 0.024429321
vn 0.6435547 0.76464844 0.024429321
vn 0.6435547 0.76464844 0.024429321
vn 0.5473633 0.8364258 0.024307251
vn 0.5473633 0.8364258 0.024307251
vn 0.5473633 0.8364258 0.024307251
vn -0.92285156 0.38330078 -0.03491211
vn -0.92285156 0.38330078 -0.03491211
vn -0.92285156 0.38330078 -0.03491211
vn -0.92578125 0.3762207 -0.03475952
vn -0.92578125 0.3762207 -0.03475952
vn -0.92578125 0.3762207 -0.03475952
vn 0.022644043 0.37890625 -0.92529297
vn 0.022644043 0.37890625 -0.92529297
vn 0.022644043 0.37890625 -0.92529297
vn 0.023727417 0.39746094 -0.91748047
vn 0.023727417 0.39746094 -0.91748047
vn 0.023727417 0.39746094 -0.91748047
vn -0.32788086 0.9160156 -0.23132324
vn -0.32788086 0.9160156 -0.23132324
vn -0.32788086 0.9160156 -0.23132324
vn -0.24841309 0.90234375 0.35253906
vn -0.24841309 0.90234375 0.35253906
vn -0.24841309 0.90234375 0.35253906
vn 0.25634766 0.8964844 -0.3618164
vn 0.25634766 0.8964844 -0.3618164
vn 0.25634766 0.8964844 -0.3618164
vn 0.36035156 0.89697266 0.2553711
vn 0.36035156 0.89697266 0.2553711
vn 0.36035156 0.89697266 0.2553711
vn -0.6044922 0.79541016 0.04324341
vn -0.6044922 0.79541016 0.04324341
vn -0.6044922 0.79541016 0.04324341
vn -0.51464844 0.8564453 0.033233643
vn -0.51464844 0.8564453 0.033233643
vn -0.51464844 0.8564453 0.033233643
vn 0.62939453 0.7758789 -0.044555664
vn 0.62939453 0.7758789 -0.044555664
vn 0.62939453 0.7758789 -0.044555664
vn 0.55615234 0.8305664 -0.036193848
vn 0.55615234 0.8305664 -0.036193848
vn 0.55615234 0.8305664 -0.036193848
vn -0.9213867 0.38378906 0.06536865
vn -0.9213867 0.38378906 0.06536865
vn -0.9213867 0.38378906 0.06536865
vn -0.9238281 0.37719727 0.06585693
vn -0.9238281 0.37719727 0.06585693
vn -0.9238281 0.37719727 0.06585693
vn -0.05380249 0.37890625 -0.9238281
vn -0.05380249 0.37890625 -0.9238281
vn -0.05380249 0.37890625 -0.9238281
vn -0.05206299 0.39746094 -0.9160156
vn -0.05206299 0.39746094 -0.9160156
vn -0.05206299 0.39746094 -0.9160156
vn -0.32885742 0.50097656 0.80078125
vn -0.32885742 0.50097656 0.80078125
vn -0.32885742 0.50097656 0.80078125
vn -0.32885742 0.50097656 0.80078125
vn 0.5136719 0.5175781 0.6845703
vn 0.5136719 0.5175781 0.6845703
vn 0.5136719 0.5175781 0.6845703
vn 0.5131836 0.5175781 0.6845703
vn -0.51220703 0.50927734 -0.69140625
vn -0.51220703 0.50927734 -0.69140625
vn -0.51220703 0.50927734 -0.69140625
vn -0.51220703 0.50927734 -0.69140625
vn 0.33007812 0.4892578 -0.8071289
vn 0.33007812 0.4892578 -0.8071289
vn 0.33007812 0.4892578 -0.8071289
vn 0.33007812 0.4892578 -0.8071289
vn 0.068481445 0.6484375 0.7583008
vn 0.068481445 0.6484375 0.7583008
vn 0.068481445 0.6484375 0.7583008
vn 0.068481445 0.6484375 0.7583008
vn 0.5566406 0.82910156 -0.050842285
vn 0.5566406 0.82910156 -0.050842285
vn 0.5566406 0.82910156 -0.050842285
vn 0.5566406 0.82910156 -0.050842285
vn -0.07434082 0.6386719 -0.7661133
vn -0.07434082 0.6386719 -0.7661133
vn -0.07434082 0.6386719 -0.7661133
vn -0.07434082 0.6386719 -0.7661133
vn -0.5546875 0.8310547 0.039794922
vn -0.5546875 0.8310547 0.039794922
vn -0.5546875 0.8310547 0.039794922
vn -0.5546875 0.8310547 0.039794922
vn 0.07495117 0.5620117 0.82373047
vn 0.07495117 0.5620117 0.82373047
vn 0.07495117 0.5620117 0.82373047
vn 0.07495117 0.5620117 0.82373047
vn 0.6435547 0.7631836 -0.0574646
vn 0.6435547 0.7631836 -0.0574646
vn 0.6435547 0.7631836 -0.0574646
vn 0.6435547 0.7631836 -0.0574646
vn -0.08001709 0.55126953 -0.8305664
vn -0.08001709 0.55126953 -0.8305664
vn -0.08001709 0.55126953 -0.8305664
vn -0.08001709 0.55126953 -0.8305664
vn -0.64160156 0.765625 0.04727173
vn -0.64160156 0.765625 0.04727173
vn -0.64160156 0.765625 0.04727173
vn -0.64160156 0.765625 0.04727173
vn -0.3857422 0.8149414 0.43237305
vn -0.3857422 0.8149414 0.43237305
vn -0.3857422 0.8149414 0.43237305
vn -0.38598633 0.8149414 0.4326172
vn 0.7246094 0.23840332 0.6464844
vn 0.7246094 0.23840332 0.6464844
vn 0.7246094 0.23840332 0.6464844
vn 0.7246094 0.23840332 0.6464844
vn -0.7246094 0.23840332 -0.6464844
vn -0.7246094 0.23840332 -0.6464844
vn -0.7246094 0.23840332 -0.6464844
vn -0.7246094 0.23828125 -0.6464844
vn 0.6464844 0.23840332 -0.7246094
vn 0.6464844 0.23840332 -0.7246094
vn 0.6464844 0.23840332 -0.7246094
vn 0.6464844 0.23840332 -0.7246094
vn 0.55322266 0.8330078 -0.0029182434
vn 0.55322266 0.8330078 -0.0029182434
vn 0.55322266 0.8330078 -0.0029182434
vn 0.5488281 0.8359375 -0.002811432
vn 0.0016031265 0.66552734 -0.74609375
vn 0.0016031265 0.66552734 -0.74609375
vn 0.0016031265 0.66552734 -0.74609375
vn 0.0019350052 0.68115234 -0.7324219
vn 0.9448242 0.32763672 -0.0049819946
vn 0.9448242 0.32763672 -0.0049819946
vn 0.9448242 0.32763672 -0.0049819946
vn 0.9448242 0.32763672 -0.0049819946
vn 0.002029419 0.32739258 -0.9448242
vn 0.002029419 0.32739258 -0.9448242
vn 0.002029419 0.32739258 -0.9448242
vn 0.002029419 0.32739258 -0.9448242
vn -0.65966797 0.28027344 -0.6972656
vn -0.65966797 0.28027344 -0.6972656
vn -0.65966797 0.28027344 -0.6972656
vn -0.65966797 0.28027344 -0.6972656
vn -0.69970703 0.26660156 0.66259766
vn -0.69970703 0.26660156 0.66259766
vn -0.69970703 0.26660156 0.66259766
vn -0.7001953 0.2668457 0.66259766
vn 0.6948242 0.2919922 -0.65722656
vn 0.6948242 0.2919922 -0.65722656
vn 0.6948242 0.2919922 -0.65722656
vn 0.6948242 0.2919922 -0.65722656
vn 0.66308594 0.26098633 0.70166016
vn 0.66308594 0.26098633 0.70166016
vn 0.66308594 0.26098633 0.70166016
vn 0.66308594 0.26098633 0.70166016
vn -0.05722046 0.91308594 0.4033203
vn -0.05722046 0.91308594 0.4033203
vn -0.05722046 0.91308594 0.4033203
vn -0.056427002 0.9194336 0.3894043
vn 0.056518555 0.91552734 -0.39794922
vn 0.056518555 0.91552734 -0.39794922
vn 0.056518555 0.91552734 -0.39794922
vn 0.048675537 0.9301758 -0.36401367
vn -0.13122559 0.35888672 0.9243164
vn -0.13122559 0.35888672 0.9243164
vn -0.13122559 0.35888672 0.9243164
vn -0.13122559 0.35913086 0.9238281
vn 0.9169922 0.37280273 0.14147949
vn 0.9169922 0.37280273 0.14147949
vn 0.9169922 0.37280273 0.14147949
vn 0.91748047 0.3713379 0.14147949
vn -0.6616211 0.28027344 -0.6958008
vn -0.6616211 0.28027344 -0.6958008
vn -0.6616211 0.28027344 -0.6958008
vn -0.6616211 0.28027344 -0.6958008
vn -0.6982422 0.26660156 0.6645508
vn -0.6982422 0.26660156 0.6645508
vn -0.6982422 0.26660156 0.6645508
vn -0.6982422 0.2668457 0.6640625
vn 0.6933594 0.2919922 -0.6586914
vn 0.6933594 0.2919922 -0.6586914
vn 0.6933594 0.2919922 -0.6586914
vn 0.6933594 0.2919922 -0.6591797
vn 0.66503906 0.26098633 0.69970703
vn 0.66503906 0.26098633 0.69970703
vn 0.66503906 0.26098633 0.69970703
vn 0.66503906 0.2607422 0.69970703
vn -0.056152344 0.91308594 0.4033203
vn -0.056152344 0.91308594 0.4033203
vn -0.056152344 0.91308594 0.4033203
vn -0.055389404 0.9194336 0.38964844
vn 0.055480957 0.91552734 -0.39794922
vn 0.055480957 0.91552734 -0.39794922
vn 0.055480957 0.91552734 -0.39794922
vn 0.047698975 0.9301758 -0.3642578
vn -0.12878418 0.35888672 0.9243164
vn -0.12878418 0.35888672 0.9243164
vn -0.12878418 0.35888672 0.9243164
vn -0.12878418 0.35913086 0.9243164
vn 0.92089844 0.37475586 0.10559082
vn 0.92089844 0.37475586 0.10559082
vn 0.92089844 0.37475586 0.10559082
vn 0.921875 0.37304688 0.10559082
vn -0.25390625 0.50097656 0.82714844
vn -0.25390625 0.50097656 0.82714844
vn -0.25390625 0.50097656 0.82714844
vn -0.25390625 0.50097656 0.82714844
vn 0.57421875 0.5175781 0.63427734
vn 0.57421875 0.5175781 0.63427734
vn 0.57421875 0.5175781 0.63427734
vn 0.57421875 0.5175781 0.63427734
vn -0.57373047 0.50927734 -0.64160156
vn -0.57373047 0.50927734 -0.64160156
vn -0.57373047 0.50927734 -0.64160156
vn -0.57373047 0.50927734 -0.64160156
vn 0.25439453 0.4892578 -0.8339844
vn 0.25439453 0.4892578 -0.8339844
vn 0.25439453 0.4892578 -0.8339844
vn 0.25439453 0.4892578 -0.8339844
vn 0.13781738 0.6484375 0.74902344
vn 0.13781738 0.6484375 0.74902344
vn 0.13781738 0.6484375 0.74902344
vn 0.13781738 0.6484375 0.74902344
vn 0.55078125 0.82910156 -0.096191406
vn 0.55078125 0.82910156 -0.096191406
vn 0.55078125 0.82910156 -0.096191406
vn 0.55078125 0.82910156 -0.096191406
vn -0.14440918 0.6386719 -0.7558594
vn -0.14440918 0.6386719 -0.7558594
vn -0.14440918 0.6386719 -0.7558594
vn -0.14440918 0.6386719 -0.7558594
vn -0.5498047 0.8310547 0.085998535
vn -0.5498047 0.8310547 0.085998535
vn -0.5498047 0.8310547 0.085998535
vn -0.5498047 0.8310547 0.085998535
vn 0.15026855 0.5620117 0.81347656
vn 0.15026855 0.5620117 0.81347656
vn 0.15026855 0.5620117 0.81347656
vn 0.15026855 0.5620117 0.81347656
vn 0.63671875 0.7631836 -0.10992432
vn 0.63671875 0.7631836 -0.10992432
vn 0.63671875 0.7631836 -0.10992432
vn 0.63671875 0.7631836 -0.10992432
vn -0.15600586 0.55126953 -0.8198242
vn -0.15600586 0.55126953 -0.8198242
vn -0.15600586 0.55126953 -0.8198242
vn -0.15600586 0.55126953 -0.8198242
vn -0.6352539 0.765625 0.10058594
vn -0.6352539 0.765625 0.10058594
vn -0.6352539 0.765625 0.10058594
vn -0.6352539 0.765625 0.10058594
vn -0.40454102 0.50097656 0.7651367
vn -0.40454102 0.50097656 0.7651367
vn -0.40454102 0.50097656 0.7651367
vn -0.40454102 0.50097656 0.7651367
vn 0.44482422 0.5175781 0.73095703
vn 0.44482422 0.5175781 0.73095703
vn 0.44482422 0.5175781 0.73095703
vn 0.44482422 0.5175781 0.73095703
vn -0.4428711 0.50927734 -0.73779297
vn -0.4428711 0.50927734 -0.73779297
vn -0.4428711 0.50927734 -0.73779297
vn -0.44311523 0.50927734 -0.73779297
vn 0.40649414 0.4892578 -0.7714844
vn 0.40649414 0.4892578 -0.7714844
vn 0.40649414 0.4892578 -0.7714844
vn 0.40649414 0.4892578 -0.7714844
vn -0.012245178 0.6479492 0.76171875
vn -0.012245178 0.6479492 0.76171875
vn -0.012245178 0.6479492 0.76171875
vn -0.012245178 0.6479492 0.76171875
vn 0.55908203 0.82910156 0.012290955
vn 0.55908203 0.82910156 0.012290955
vn 0.55908203 0.82910156 0.012290955
vn 0.55908203 0.82910156 0.012290955
vn 0.009651184 0.6381836 -0.77001953
vn 0.009651184 0.6381836 -0.77001953
vn 0.009651184 0.6381836 -0.77001953
vn 0.009651184 0.6381836 -0.77001953
vn -0.55615234 0.8305664 -0.023040771
vn -0.55615234 0.8305664 -0.023040771
vn -0.55615234 0.8305664 -0.023040771
vn -0.55615234 0.8305664 -0.023040771
vn -0.013000488 0.56152344 0.82714844
vn -0.013000488 0.56152344 0.82714844
vn -0.013000488 0.56152344 0.82714844
vn -0.013000488 0.56152344 0.82714844
vn 0.6459961 0.7631836 0.015457153
vn 0.6459961 0.7631836 0.015457153
vn 0.6459961 0.7631836 0.015457153
vn 0.6459961 0.7631836 0.015457153
vn 0.010765076 0.55078125 -0.83447266
vn 0.010765076 0.55078125 -0.83447266
vn 0.010765076 0.55078125 -0.83447266
vn 0.010765076 0.55078125 -0.83447266
vn -0.6430664 0.765625 -0.025360107
vn -0.6430664 0.765625 -0.025360107
vn -0.6430664 0.765625 -0.025360107
vn -0.6430664 0.765625 -0.025360107
vn -0.3930664 0.50097656 0.7709961
vn -0.3930664 0.50097656 0.7709961
vn -0.3930664 0.50097656 0.7709961
vn -0.3930664 0.50097656 0.7709961
vn 0.45581055 0.5175781 0.7241211
vn 0.45581055 0.5175781 0.7241211
vn 0.45581055 0.5175781 0.7241211
vn 0.45581055 0.5175781 0.7241211
vn -0.45410156 0.50927734 -0.73095703
vn -0.45410156 0.50927734 -0.73095703
vn -0.45410156 0.50927734 -0.73095703
vn -0.45410156 0.50927734 -0.73095703
vn 0.3947754 0.4892578 -0.77783203
vn 0.3947754 0.4892578 -0.77783203
vn 0.3947754 0.4892578 -0.77783203
vn 0.3947754 0.4892578 -0.77783203
vn 0.0037212372 0.6479492 0.76171875
vn 0.0037212372 0.6479492 0.76171875
vn 0.0037212372 0.6479492 0.76171875
vn 0.0037212372 0.6479492 0.76171875
vn 0.55908203 0.82910156 -0.0052261353
vn 0.55908203 0.82910156 -0.0052261353
vn 0.55908203 0.82910156 -0.0052261353
vn 0.55908203 0.82910156 -0.0052261353
vn -0.006767273 0.6381836 -0.77001953
vn -0.006767273 0.6381836 -0.77001953
vn -0.006767273 0.6381836 -0.77001953
vn -0.006767273 0.6381836 -0.77001953
vn -0.55615234 0.8310547 -0.005622864
vn -0.55615234 0.8310547 -0.005622864
vn -0.55615234 0.8310547 -0.005622864
vn -0.55615234 0.8310547 -0.005622864
vn 0.0043754578 0.5620117 0.82714844
vn 0.0043754578 0.5620117 0.82714844
vn 0.0043754578 0.5620117 0.82714844
vn 0.004371643 0.5620117 0.82714844
vn 0.6459961 0.7631836 -0.0047683716
vn 0.6459961 0.7631836 -0.0047683716
vn 0.6459961 0.7631836 -0.0047683716
vn 0.6459961 0.7631836 -0.0047683716
vn -0.007007599 0.55078125 -0.83447266
vn -0.007007599 0.55078125 -0.83447266
vn -0.007007599 0.55078125 -0.83447266
vn -0.007007599 0.55078125 -0.83447266
vn -0.6430664 0.765625 -0.0052261353
vn -0.6430664 0.765625 -0.0052261353
vn -0.6430664 0.765625 -0.0052261353
vn -0.6430664 0.765625 -0.0052261353
vn -0.40966797 0.50097656 0.76220703
vn -0.40966797 0.50097656 0.76220703
vn -0.40966797 0.50097656 0.76220703
vn -0.40966797 0.50097656 0.76220703
vn 0.4399414 0.5175781 0.7338867
vn 0.4399414 0.5175781 0.7338867
vn 0.4399414 0.5175781 0.7338867
vn 0.4399414 0.5175781 0.7338867
vn -0.43798828 0.50927734 -0.74072266
vn -0.43798828 0.50927734 -0.74072266
vn -0.43798828 0.50927734 -0.74072266
vn -0.43798828 0.50927734 -0.74072266
vn 0.4116211 0.4892578 -0.76904297
vn 0.4116211 0.4892578 -0.76904297
vn 0.4116211 0.4892578 -0.76904297
vn 0.4116211 0.4892578 -0.76904297
vn -0.010269165 0.6484375 0.76123047
vn -0.010269165 0.6484375 0.76123047
vn -0.010269165 0.6484375 0.76123047
vn -0.010269165 0.6484375 0.76123047
vn 0.55908203 0.82910156 0.0069732666
vn 0.55908203 0.82910156 0.0069732666
vn 0.55908203 0.82910156 0.0069732666
vn 0.55908203 0.82910156 0.0069732666
vn 0.005256653 0.6386719 -0.76953125
vn 0.005256653 0.6386719 -0.76953125
vn 0.005256653 0.6386719 -0.76953125
vn 0.005256653 0.6386719 -0.76953125
vn -0.55615234 0.8310547 -0.01776123
vn -0.55615234 0.8310547 -0.01776123
vn -0.55615234 0.8310547 -0.01776123
vn -0.55615234 0.8310547 -0.01776123
vn -0.0105896 0.5620117 0.82714844
vn -0.0105896 0.5620117 0.82714844
vn -0.0105896 0.5620117 0.82714844
vn -0.0105896 0.5620117 0.82714844
vn 0.6459961 0.7631836 0.00932312
vn 0.6459961 0.7631836 0.00932312
vn 0.6459961 0.7631836 0.00932312
vn 0.6459961 0.7631836 0.00932312
vn 0.006259918 0.55126953 -0.83447266
vn 0.006259918 0.55126953 -0.83447266
vn 0.006259918 0.55126953 -0.83447266
vn 0.006259918 0.55126953 -0.83447266
vn -0.6430664 0.765625 -0.019256592
vn -0.6430664 0.765625 -0.019256592
vn -0.6430664 0.765625 -0.019256592
vn -0.6430664 0.765625 -0.019256592
vn -0.73828125 0.28027344 -0.61376953
vn -0.73828125 0.28027344 -0.61376953
vn -0.73828125 0.28027344 -0.61376953
vn -0.73828125 0.28027344 -0.61328125
vn -0.61572266 0.26660156 0.7416992
vn -0.61572266 0.26660156 0.7416992
vn -0.61572266 0.26660156 0.7416992
vn -0.61572266 0.2668457 0.74121094
vn 0.6113281 0.2919922 -0.73535156
vn 0.6113281 0.2919922 -0.73535156
vn 0.6113281 0.2919922 -0.73535156
vn 0.6113281 0.2919922 -0.73535156
vn 0.7421875 0.26098633 0.6171875
vn 0.7421875 0.26098633 0.6171875
vn 0.7421875 0.26098633 0.6171875
vn 0.7421875 0.26098633 0.6171875
vn -0.008644104 0.91308594 0.40722656
vn -0.008644104 0.91308594 0.40722656
vn -0.008644104 0.91308594 0.40722656
vn -0.009506226 0.9194336 0.39331055
vn 0.008598328 0.91552734 -0.40185547
vn 0.008598328 0.91552734 -0.40185547
vn 0.008598328 0.91552734 -0.40185547
vn 0.0048217773 0.9301758 -0.3671875
vn -0.019866943 0.35888672 0.93310547
vn -0.019866943 0.35888672 0.93310547
vn -0.019866943 0.35888672 0.93310547
vn -0.019866943 0.35913086 0.93310547
vn 0.9272461 0.37280273 0.03086853
vn 0.9272461 0.37280273 0.03086853
vn 0.9272461 0.37280273 0.03086853
vn 0.92822266 0.3713379 0.030822754
vn -0.40966797 0.50097656 0.76220703
vn -0.40966797 0.50097656 0.76220703
vn -0.40966797 0.50097656 0.76220703
vn -0.40966797 0.50097656 0.76220703
vn 0.4399414 0.5175781 0.7338867
vn 0.4399414 0.5175781 0.7338867
vn 0.4399414 0.5175781 0.7338867
vn 0.4399414 0.5175781 0.7338867
vn -0.43798828 0.50927734 -0.74072266
vn -0.43798828 0.50927734 -0.74072266
vn -0.43798828 0.50927734 -0.74072266
vn -0.43798828 0.50927734 -0.74072266
vn 0.4116211 0.4892578 -0.76904297
vn 0.4116211 0.4892578 -0.76904297
vn 0.4116211 0.4892578 -0.76904297
vn 0.4116211 0.4892578 -0.76904297
vn -0.03756714 0.64697266 0.76171875
vn -0.03756714 0.64697266 0.76171875
vn -0.03756714 0.64697266 0.76171875
vn -0.03756714 0.64697266 0.76171875
vn 0.55908203 0.82910156 0.0055618286
vn 0.55908203 0.82910156 0.0055618286
vn 0.55908203 0.82910156 0.0055618286
vn 0.55908203 0.82910156 0.0055618286
vn 0.019256592 0.6376953 -0.77001953
vn 0.019256592 0.6376953 -0.77001953
vn 0.019256592 0.6376953 -0.77001953
vn 0.019256592 0.6376953 -0.77001953
vn -0.55615234 0.8310547 -0.014160156
vn -0.55615234 0.8310547 -0.014160156
vn -0.55615234 0.8310547 -0.014160156
vn -0.55615234 0.8310547 -0.014160156
vn -0.038757324 0.5605469 0.82714844
vn -0.038757324 0.5605469 0.82714844
vn -0.038757324 0.5605469 0.82714844
vn -0.038757324 0.5605469 0.82714844
vn 0.6459961 0.7636719 0.007434845
vn 0.6459961 0.7636719 0.007434845
vn 0.6459961 0.7636719 0.007434845
vn 0.6459961 0.7636719 0.007434845
vn 0.022918701 0.55029297 -0.83447266
vn 0.022918701 0.55029297 -0.83447266
vn 0.022918701 0.55029297 -0.83447266
vn 0.022918701 0.55029297 -0.83447266
vn -0.6430664 0.765625 -0.015357971
vn -0.6430664 0.765625 -0.015357971
vn -0.6430664 0.765625 -0.015357971
vn -0.6430664 0.765625 -0.015357971
vn -0.73535156 0.28027344 -0.6166992
vn -0.73535156 0.28027344 -0.6166992
vn -0.73535156 0.28027344 -0.6166992
vn -0.73535156 0.28027344 -0.6166992
vn -0.6191406 0.26660156 0.73876953
vn -0.6191406 0.26660156 0.73876953
vn -0.6191406 0.26660156 0.73876953
vn -0.6191406 0.2668457 0.73828125
vn 0.6147461 0.2919922 -0.7324219
vn 0.6147461 0.2919922 -0.7324219
vn 0.6147461 0.2919922 -0.7324219
vn 0.6147461 0.2919922 -0.73291016
vn 0.7392578 0.26098633 0.62060547
vn 0.7392578 0.26098633 0.62060547
vn 0.7392578 0.26098633 0.62060547
vn 0.7392578 0.26098633 0.62060547
vn -0.010482788 0.91308594 0.40722656
vn -0.010482788 0.91308594 0.40722656
vn -0.010482788 0.91308594 0.40722656
vn -0.011291504 0.9194336 0.39331055
vn 0.010414124 0.91552734 -0.40161133
vn 0.010414124 0.91552734 -0.40161133
vn 0.010414124 0.91552734 -0.40161133
vn 0.0064849854 0.9301758 -0.3671875
vn -0.024093628 0.35888672 0.93310547
vn -0.024093628 0.35888672 0.93310547
vn -0.024093628 0.35888672 0.93310547
vn -0.024093628 0.35913086 0.93310547
vn 0.9272461 0.37280273 0.035064697
vn 0.9272461 0.37280273 0.035064697
vn 0.9272461 0.37280273 0.035064697
vn 0.9277344 0.3713379 0.03503418
vn -0.7836914 0.28027344 -0.5541992
vn -0.7836914 0.28027344 -0.5541992
vn -0.7836914 0.28027344 -0.5541992
vn -0.7836914 0.28027344 -0.5541992
vn -0.55615234 0.26660156 0.7871094
vn -0.55615234 0.26660156 0.7871094
vn -0.55615234 0.26660156 0.7871094
vn -0.55615234 0.2668457 0.7871094
vn 0.5522461 0.29223633 -0.7807617
vn 0.5522461 0.29223633 -0.7807617
vn 0.5522461 0.29223633 -0.7807617
vn 0.5522461 0.2919922 -0.7807617
vn 0.78808594 0.26098633 0.5576172
vn 0.78808594 0.26098633 0.5576172
vn 0.78808594 0.26098633 0.5576172
vn 0.78808594 0.26098633 0.5576172
vn 0.023162842 0.91308594 0.40673828
vn 0.023162842 0.91308594 0.40673828
vn 0.023162842 0.91308594 0.40673828
vn 0.021209717 0.9194336 0.39282227
vn -0.022766113 0.91552734 -0.40112305
vn -0.022766113 0.91552734 -0.40112305
vn -0.022766113 0.91552734 -0.40112305
vn -0.023849487 0.9301758 -0.36645508
vn 0.053009033 0.35888672 0.9316406
vn 0.053009033 0.35888672 0.9316406
vn 0.053009033 0.35888672 0.9316406
vn 0.052978516 0.35913086 0.9316406
vn 0.9248047 0.37426758 -0.06561279
vn 0.9248047 0.37426758 -0.06561279
vn 0.9248047 0.37426758 -0.06561279
vn 0.92578125 0.3725586 -0.06573486
vn 0.59765625 0.005268097 0.8017578
vn 0.59765625 0.005268097 0.8017578
vn 0.59765625 0.005268097 0.8017578
vn 0.59765625 0.0052719116 0.8017578
vn 0.59765625 0.0052719116 0.8017578
vn 0.59765625 0.0052719116 0.8017578
vn 0.3791504 -0.0037612915 -0.92529297
vn 0.3791504 -0.0037612915 -0.92529297
vn 0.3791504 -0.0037612915 -0.92529297
vn 0.3791504 -0.0037593842 -0.92529297
vn 0.3791504 -0.0037593842 -0.92529297
vn 0.3791504 -0.0037593842 -0.92529297
vn -0.59765625 -0.0026302338 -0.8017578
vn -0.59765625 -0.0026302338 -0.8017578
vn -0.59765625 -0.0026302338 -0.8017578
vn -0.59765625 -0.002632141 -0.8017578
vn -0.59765625 -0.002632141 -0.8017578
vn -0.59765625 -0.002632141 -0.8017578
vn -0.2927246 -0.6328125 0.7167969
vn -0.2927246 -0.6328125 0.7167969
vn -0.2927246 -0.6328125 0.7167969
vn 0.44995117 -0.65283203 0.609375
vn 0.44995117 -0.65283203 0.609375
vn 0.44995117 -0.65283203 0.609375
vn -0.45166016 -0.66015625 -0.60058594
vn -0.45166016 -0.66015625 -0.60058594
vn -0.45166016 -0.66015625 -0.60058594
vn 0.29101562 -0.6430664 -0.7080078
vn 0.29101562 -0.6430664 -0.7080078
vn 0.29101562 -0.6430664 -0.7080078
vn 0.74609375 0.0032806396 0.6660156
vn 0.74609375 0.0032806396 0.6660156
vn 0.74609375 0.0032806396 0.6660156
vn 0.74609375 0.0032787323 0.6660156
vn 0.74609375 0.0032787323 0.6660156
vn 0.74609375 0.0032787323 0.6660156
vn -0.6660156 0.003074646 0.74609375
vn -0.6660156 0.003074646 0.74609375
vn -0.6660156 0.003074646 0.74609375
vn -0.6660156 0.003074646 0.74609375
vn -0.6660156 0.003074646 0.74609375
vn -0.6660156 0.003074646 0.74609375
vn -0.57910156 -0.4934082 0.6489258
vn -0.57910156 -0.4934082 0.6489258
vn -0.57910156 -0.4934082 0.6489258
vn 0.6489258 -0.4934082 0.57910156
vn 0.6489258 -0.4934082 0.57910156
vn 0.6489258 -0.4934082 0.57910156
vn -0.6489258 -0.4934082 -0.57910156
vn -0.6489258 -0.4934082 -0.57910156
vn -0.6489258 -0.4934082 -0.57910156
vn 0.57910156 -0.4934082 -0.6489258
vn 0.57910156 -0.4934082 -0.6489258
vn 0.57910156 -0.4934082 -0.6489258
vn -0.7260742 -0.01890564 0.6870117
vn -0.7260742 -0.01890564 0.6870117
vn -0.7260742 -0.01890564 0.6870117
vn -0.7265625 -0.018875122 0.6870117
vn -0.7265625 -0.018875122 0.6870117
vn -0.7265625 -0.018875122 0.6870117
vn -0.6870117 0.023040771 -0.7260742
vn -0.6870117 0.023040771 -0.7260742
vn -0.6870117 0.023040771 -0.7260742
vn -0.6870117 0.023071289 -0.7265625
vn -0.6870117 0.023071289 -0.7265625
vn -0.6870117 0.023071289 -0.7265625
vn -0.58251953 -0.51708984 -0.6269531
vn -0.58251953 -0.51708984 -0.6269531
vn -0.58251953 -0.51708984 -0.6269531
vn -0.5727539 -0.6308594 0.5239258
vn -0.5727539 -0.6308594 0.5239258
vn -0.5727539 -0.6308594 0.5239258
vn 0.6088867 -0.5283203 -0.5913086
vn 0.6088867 -0.5283203 -0.5913086
vn 0.6088867 -0.5283203 -0.5913086
vn 0.53222656 -0.64453125 0.5493164
vn 0.53222656 -0.64453125 0.5493164
vn 0.53222656 -0.64453125 0.5493164
vn 0.6503906 -0.7529297 0.099121094
vn 0.6503906 -0.7529297 0.099121094
vn 0.6503906 -0.7529297 0.099121094
vn 0.73095703 -0.6738281 0.107543945
vn 0.73095703 -0.6738281 0.107543945
vn 0.73095703 -0.6738281 0.107543945
vn -0.7441406 -0.6582031 -0.11553955
vn -0.7441406 -0.6582031 -0.11553955
vn -0.7441406 -0.6582031 -0.11553955
vn -0.6669922 -0.7368164 -0.1083374
vn -0.6669922 -0.7368164 -0.1083374
vn -0.6669922 -0.7368164 -0.1083374
vn -0.7246094 -0.015579224 0.68896484
vn -0.7246094 -0.015579224 0.68896484
vn -0.7246094 -0.015579224 0.68896484
vn -0.7246094 -0.015556335 0.68896484
vn -0.7246094 -0.015556335 0.68896484
vn -0.7246094 -0.015556335 0.68896484
vn -0.68896484 0.018936157 -0.7246094
vn -0.68896484 0.018936157 -0.7246094
vn -0.68896484 0.018936157 -0.7246094
vn -0.68896484 0.018951416 -0.7246094
vn -0.68896484 0.018951416 -0.7246094
vn -0.68896484 0.018951416 -0.7246094
vn -0.58447266 -0.51708984 -0.6254883
vn -0.58447266 -0.51708984 -0.6254883
vn -0.58447266 -0.51708984 -0.6254883
vn -0.57128906 -0.6308594 0.5253906
vn -0.57128906 -0.6308594 0.5253906
vn -0.57128906 -0.6308594 0.5253906
vn 0.6074219 -0.5283203 -0.5932617
vn 0.6074219 -0.5283203 -0.5932617
vn 0.6074219 -0.5283203 -0.5932617
vn 0.5336914 -0.64453125 0.54785156
vn 0.5336914 -0.64453125 0.54785156
vn 0.5336914 -0.64453125 0.54785156
vn 0.65283203 -0.75390625 0.07354736
vn 0.65283203 -0.75390625 0.07354736
vn 0.65283203 -0.75390625 0.07354736
vn 0.7338867 -0.6748047 0.07849121
vn 0.7338867 -0.6748047 0.07849121
vn 0.7338867 -0.6748047 0.07849121
vn -0.74609375 -0.66015625 -0.08642578
vn -0.74609375 -0.66015625 -0.08642578
vn -0.74609375 -0.66015625 -0.08642578
vn -0.6689453 -0.73876953 -0.08258057
vn -0.6689453 -0.73876953 -0.08258057
vn -0.6689453 -0.73876953 -0.08258057
vn 0.6689453 0.005268097 0.74365234
vn 0.6689453 0.005268097 0.74365234
vn 0.6689453 0.005268097 0.74365234
vn 0.6689453 0.0052719116 0.74365234
vn 0.6689453 0.0052719116 0.74365234
vn 0.6689453 0.0052719116 0.74365234
vn 0.29248047 -0.0037612915 -0.9560547
vn 0.29248047 -0.0037612915 -0.9560547
vn 0.29248047 -0.0037612915 -0.9560547
vn 0.29248047 -0.0037612915 -0.9560547
vn 0.29248047 -0.0037612915 -0.9560547
vn 0.29248047 -0.0037612915 -0.9560547
vn -0.66845703 -0.0026302338 -0.74365234
vn -0.66845703 -0.0026302338 -0.74365234
vn -0.66845703 -0.0026302338 -0.74365234
vn -0.6689453 -0.002632141 -0.74365234
vn -0.6689453 -0.002632141 -0.74365234
vn -0.6689453 -0.002632141 -0.74365234
vn -0.22558594 -0.6328125 0.74072266
vn -0.22558594 -0.6328125 0.74072266
vn -0.22558594 -0.6328125 0.74072266
vn 0.50390625 -0.65283203 0.5654297
vn 0.50390625 -0.65283203 0.5654297
vn 0.50390625 -0.65283203 0.5654297
vn -0.5048828 -0.66015625 -0.5566406
vn -0.5048828 -0.66015625 -0.5566406
vn -0.5048828 -0.66015625 -0.5566406
vn 0.22485352 -0.6430664 -0.7319336
vn 0.22485352 -0.6430664 -0.7319336
vn 0.22485352 -0.6430664 -0.7319336
vn 0.5175781 0.011566162 0.85546875
vn 0.5175781 0.011566162 0.85546875
vn 0.5175781 0.011566162 0.85546875
vn 0.5175781 0.011566162 0.85546875
vn 0.5175781 0.011566162 0.85546875
vn 0.5175781 0.011566162 0.85546875
vn 0.46679688 -0.008255005 -0.88427734
vn 0.46679688 -0.008255005 -0.88427734
vn 0.46679688 -0.008255005 -0.88427734
vn 0.46679688 -0.008255005 -0.88427734
vn 0.46679688 -0.008255005 -0.88427734
vn 0.46679688 -0.008255005 -0.88427734
vn -0.51708984 -0.005771637 -0.85595703
vn -0.51708984 -0.005771637 -0.85595703
vn -0.51708984 -0.005771637 -0.85595703
vn -0.5175781 -0.0057754517 -0.85595703
vn -0.5175781 -0.0057754517 -0.85595703
vn -0.5175781 -0.0057754517 -0.85595703
vn -0.3605957 -0.6328125 0.6850586
vn -0.3605957 -0.6328125 0.6850586
vn -0.3605957 -0.6328125 0.6850586
vn 0.38916016 -0.65283203 0.64990234
vn 0.38916016 -0.65283203 0.64990234
vn 0.38916016 -0.65283203 0.64990234
vn -0.39160156 -0.66015625 -0.6411133
vn -0.39160156 -0.66015625 -0.6411133
vn -0.39160156 -0.66015625 -0.6411133
vn 0.3581543 -0.6430664 -0.6767578
vn 0.3581543 -0.6430664 -0.6767578
vn 0.3581543 -0.6430664 -0.6767578
vn -0.5029297 -0.8642578 -0.010139465
vn -0.5029297 -0.8642578 -0.010139465
vn -0.5029297 -0.8642578 -0.010139465
vn -0.5029297 -0.8642578 -0.010139465
vn -0.5029297 -0.8642578 -0.010139465
vn -0.5029297 -0.8642578 -0.010139465
vn 0.53027344 0.0044937134 0.84765625
vn 0.53027344 0.0044937134 0.84765625
vn 0.53027344 0.0044937134 0.84765625
vn 0.53027344 0.004497528 0.84765625
vn 0.53027344 0.004497528 0.84765625
vn 0.53027344 0.004497528 0.84765625
vn 0.45336914 -0.0032081604 -0.8911133
vn 0.45336914 -0.0032081604 -0.8911133
vn 0.45336914 -0.0032081604 -0.8911133
vn 0.45336914 -0.0032081604 -0.8911133
vn 0.45336914 -0.0032081604 -0.8911133
vn 0.45336914 -0.0032081604 -0.8911133
vn -0.53027344 -0.0022449493 -0.84814453
vn -0.53027344 -0.0022449493 -0.84814453
vn -0.53027344 -0.0022449493 -0.84814453
vn -0.53027344 -0.0022468567 -0.84765625
vn -0.53027344 -0.0022468567 -0.84765625
vn -0.53027344 -0.0022468567 -0.84765625
vn -0.35009766 -0.6328125 0.6904297
vn -0.35009766 -0.6328125 0.6904297
vn -0.35009766 -0.6328125 0.6904297
vn 0.39892578 -0.65283203 0.64404297
vn 0.39892578 -0.65283203 0.64404297
vn 0.39892578 -0.65283203 0.64404297
vn -0.40112305 -0.66015625 -0.6352539
vn -0.40112305 -0.66015625 -0.6352539
vn -0.40112305 -0.66015625 -0.6352539
vn 0.3479004 -0.6430664 -0.6821289
vn 0.3479004 -0.6430664 -0.6821289
vn 0.3479004 -0.6430664 -0.6821289
vn 0.51171875 0.005531311 0.859375
vn 0.51171875 0.005531311 0.859375
vn 0.51171875 0.005531311 0.859375
vn 0.51171875 0.005531311 0.859375
vn 0.51171875 0.005531311 0.859375
vn 0.51171875 0.005531311 0.859375
vn 0.47265625 -0.0039482117 -0.88134766
vn 0.47265625 -0.0039482117 -0.88134766
vn 0.47265625 -0.0039482117 -0.88134766
vn 0.47265625 -0.0039482117 -0.88134766
vn 0.47265625 -0.0039482117 -0.88134766
vn 0.47265625 -0.0039482117 -0.88134766
vn -0.51171875 -0.0027618408 -0.859375
vn -0.51171875 -0.0027618408 -0.859375
vn -0.51171875 -0.0027618408 -0.859375
vn -0.51171875 -0.0027637482 -0.859375
vn -0.51171875 -0.0027637482 -0.859375
vn -0.51171875 -0.0027637482 -0.859375
vn -0.36523438 -0.6328125 0.6826172
vn -0.36523438 -0.6328125 0.6826172
vn -0.36523438 -0.6328125 0.6826172
vn 0.38476562 -0.65283203 0.65234375
vn 0.38476562 -0.65283203 0.65234375
vn 0.38476562 -0.65283203 0.65234375
vn -0.38720703 -0.66015625 -0.64404297
vn -0.38720703 -0.66015625 -0.64404297
vn -0.38720703 -0.66015625 -0.64404297
vn 0.36279297 -0.6430664 -0.6743164
vn 0.36279297 -0.6430664 -0.6743164
vn 0.36279297 -0.6430664 -0.6743164
vn -0.63916016 -0.013893127 0.76904297
vn -0.63916016 -0.013893127 0.76904297
vn -0.63916016 -0.013893127 0.76904297
vn -0.63916016 -0.013877869 0.76904297
vn -0.63916016 -0.013877869 0.76904297
vn -0.63916016 -0.013877869 0.76904297
vn -0.76904297 0.01687622 -0.63916016
vn -0.76904297 0.01687622 -0.63916016
vn -0.76904297 0.01687622 -0.63916016
vn -0.76904297 0.01689148 -0.63916016
vn -0.76904297 0.01689148 -0.63916016
vn -0.76904297 0.01689148 -0.63916016
vn 0.76904297 -0.013626099 0.63916016
vn 0.76904297 -0.013626099 0.63916016
vn 0.76904297 -0.013626099 0.63916016
vn 0.76904297 -0.013633728 0.63916016
vn 0.76904297 -0.013633728 0.63916016
vn 0.76904297 -0.013633728 0.63916016
vn -0.6533203 -0.51708984 -0.5527344
vn -0.6533203 -0.51708984 -0.5527344
vn -0.6533203 -0.51708984 -0.5527344
vn -0.5058594 -0.6308594 0.5883789
vn -0.5058594 -0.6308594 0.5883789
vn -0.5058594 -0.6308594 0.5883789
vn 0.5341797 -0.5283203 -0.66015625
vn 0.5341797 -0.5283203 -0.66015625
vn 0.5341797 -0.5283203 -0.66015625
vn 0.59375 -0.64453125 0.4819336
vn 0.59375 -0.64453125 0.4819336
vn 0.59375 -0.64453125 0.4819336
vn 0.65771484 -0.7529297 0.020706177
vn 0.65771484 -0.7529297 0.020706177
vn 0.65771484 -0.7529297 0.020706177
vn 0.73876953 -0.6738281 0.019439697
vn 0.73876953 -0.6738281 0.019439697
vn 0.73876953 -0.6738281 0.019439697
vn -0.7524414 -0.6582031 -0.025848389
vn -0.7524414 -0.6582031 -0.025848389
vn -0.7524414 -0.6582031 -0.025848389
vn -0.67529297 -0.7368164 -0.02784729
vn -0.67529297 -0.7368164 -0.02784729
vn -0.67529297 -0.7368164 -0.02784729
vn 0.47265625 -0.0039405823 -0.88134766
vn 0.47265625 -0.0039405823 -0.88134766
vn 0.47265625 -0.0039405823 -0.88134766
vn 0.47265625 -0.0039405823 -0.88134766
vn 0.47265625 -0.0039405823 -0.88134766
vn 0.47265625 -0.0039405823 -0.88134766
vn -0.51171875 -0.0027561188 -0.859375
vn -0.51171875 -0.0027561188 -0.859375
vn -0.51171875 -0.0027561188 -0.859375
vn -0.51171875 -0.0027580261 -0.859375
vn -0.51171875 -0.0027580261 -0.859375
vn -0.51171875 -0.0027580261 -0.859375
vn -0.36523438 -0.6328125 0.6826172
vn -0.36523438 -0.6328125 0.6826172
vn -0.36523438 -0.6328125 0.6826172
vn 0.38476562 -0.65283203 0.65234375
vn 0.38476562 -0.65283203 0.65234375
vn 0.38476562 -0.65283203 0.65234375
vn -0.38720703 -0.66015625 -0.64404297
vn -0.38720703 -0.66015625 -0.64404297
vn -0.38720703 -0.66015625 -0.64404297
vn 0.36279297 -0.6430664 -0.6743164
vn 0.36279297 -0.6430664 -0.6743164
vn 0.36279297 -0.6430664 -0.6743164
vn -0.6425781 -0.01890564 0.7661133
vn -0.6425781 -0.01890564 0.7661133
vn -0.6425781 -0.01890564 0.7661133
vn -0.6425781 -0.018875122 0.765625
vn -0.6425781 -0.018875122 0.765625
vn -0.6425781 -0.018875122 0.765625
vn -0.7661133 0.02305603 -0.6425781
vn -0.7661133 0.02305603 -0.6425781
vn -0.7661133 0.02305603 -0.6425781
vn -0.765625 0.023086548 -0.6425781
vn -0.765625 0.023086548 -0.6425781
vn -0.765625 0.023086548 -0.6425781
vn 0.7661133 -0.01852417 0.6425781
vn 0.7661133 -0.01852417 0.6425781
vn 0.7661133 -0.01852417 0.6425781
vn 0.7661133 -0.018539429 0.6425781
vn 0.7661133 -0.018539429 0.6425781
vn 0.7661133 -0.018539429 0.6425781
vn -0.6508789 -0.51708984 -0.55566406
vn -0.6508789 -0.51708984 -0.55566406
vn -0.6508789 -0.51708984 -0.55566406
vn -0.50878906 -0.6308594 0.5859375
vn -0.50878906 -0.6308594 0.5859375
vn -0.50878906 -0.6308594 0.5859375
vn 0.5371094 -0.5283203 -0.65771484
vn 0.5371094 -0.5283203 -0.65771484
vn 0.5371094 -0.5283203 -0.65771484
vn 0.5917969 -0.64453125 0.48461914
vn 0.5917969 -0.64453125 0.48461914
vn 0.5917969 -0.64453125 0.48461914
vn 0.65722656 -0.7529297 0.02368164
vn 0.65722656 -0.7529297 0.02368164
vn 0.65722656 -0.7529297 0.02368164
vn 0.73876953 -0.6738281 0.022781372
vn 0.73876953 -0.6738281 0.022781372
vn 0.73876953 -0.6738281 0.022781372
vn -0.7524414 -0.6582031 -0.029251099
vn -0.7524414 -0.6582031 -0.029251099
vn -0.7524414 -0.6582031 -0.029251099
vn -0.67529297 -0.7368164 -0.030914307
vn -0.67529297 -0.7368164 -0.030914307
vn -0.67529297 -0.7368164 -0.030914307
vn -0.57714844 -0.01890564 0.81640625
vn -0.57714844 -0.01890564 0.81640625
vn -0.57714844 -0.01890564 0.81640625
vn -0.57714844 -0.018875122 0.81640625
vn -0.57714844 -0.018875122 0.81640625
vn -0.57714844 -0.018875122 0.81640625
vn -0.81640625 0.02305603 -0.57714844
vn -0.81640625 0.02305603 -0.57714844
vn -0.81640625 0.02305603 -0.57714844
vn -0.81640625 0.023086548 -0.57714844
vn -0.81640625 0.023086548 -0.57714844
vn -0.81640625 0.023086548 -0.57714844
vn -0.6948242 -0.51708984 -0.5
vn -0.6948242 -0.51708984 -0.5
vn -0.6948242 -0.51708984 -0.5
vn -0.4584961 -0.6308594 0.62597656
vn -0.4584961 -0.6308594 0.62597656
vn -0.4584961 -0.6308594 0.62597656
vn 0.48095703 -0.5283203 -0.69970703
vn 0.48095703 -0.5283203 -0.69970703
vn 0.48095703 -0.5283203 -0.69970703
vn 0.6298828 -0.64453125 0.43408203
vn 0.6298828 -0.64453125 0.43408203
vn 0.6298828 -0.64453125 0.43408203
vn 0.65527344 -0.75390625 -0.047851562
vn 0.65527344 -0.75390625 -0.047851562
vn 0.65527344 -0.75390625 -0.047851562
vn 0.73583984 -0.6743164 -0.05810547
vn 0.73583984 -0.6743164 -0.05810547
vn 0.73583984 -0.6743164 -0.05810547
vn -0.75 -0.65966797 0.05227661
vn -0.75 -0.65966797 0.05227661
vn -0.75 -0.65966797 0.05227661
vn -0.67333984 -0.73828125 0.04159546
vn -0.67333984 -0.73828125 0.04159546
vn -0.67333984 -0.73828125 0.04159546
vn 0.99658203 -0.0007247925 -0.08129883
vn 0.99658203 -0.0007247925 -0.08129883
vn 0.99658203 -0.0007247925 -0.08129883
vn 0.99658203 -0.0009851456 -0.08148193
vn 0.09326172 0.0066604614 0.99560547
vn 0.09326172 0.0066604614 0.99560547
vn 0.09326172 0.0066604614 0.99560547
vn 0.09326172 0.0066604614 0.99560547
vn -0.09326172 -0.0037059784 -0.99560547
vn -0.09326172 -0.0037059784 -0.99560547
vn -0.09326172 -0.0037059784 -0.99560547
vn -0.09326172 -0.0037078857 -0.99560547
vn -0.99658203 0.0009822845 0.08129883
vn -0.99658203 0.0009822845 0.08129883
vn -0.99658203 0.0009822845 0.08129883
vn -0.99658203 0.00072431564 0.08148193
vn -0.3791504 0.006275177 0.92529297
vn -0.3791504 0.006275177 0.92529297
vn -0.3791504 0.006275177 0.92529297
vn -0.3791504 0.006275177 0.92529297
vn -0.50097656 -0.8642578 0.04663086
vn -0.50097656 -0.8642578 0.04663086
vn -0.50097656 -0.8642578 0.04663086
vn -0.50097656 -0.8642578 0.04663086
vn -0.06365967 -0.70214844 -0.7089844
vn -0.06365967 -0.70214844 -0.7089844
vn -0.06365967 -0.70214844 -0.7089844
vn -0.06365967 -0.70214844 -0.7089844
vn 0.4987793 -0.86621094 -0.035125732
vn 0.4987793 -0.86621094 -0.035125732
vn 0.4987793 -0.86621094 -0.035125732
vn 0.4987793 -0.86621094 -0.035125732
vn 0.06994629 -0.6933594 0.71728516
vn 0.06994629 -0.6933594 0.71728516
vn 0.06994629 -0.6933594 0.71728516
vn 0.06994629 -0.6933594 0.71728516
vn -0.0020809174 0.0043411255 1
vn -0.0020809174 0.0043411255 1
vn -0.0020809174 0.0043411255 1
vn -0.0021476746 0.0046310425 1
vn 1 0.00023853779 -0.0052757263
vn 1 0.00023853779 -0.0052757263
vn 1 0.00023853779 -0.0052757263
vn 1 -2.1457672E-06 -0.0053100586
vn 0.0021476746 5.066395E-06 -1
vn 0.0021476746 5.066395E-06 -1
vn 0.0021476746 5.066395E-06 -1
vn 0.0021476746 0 -1
vn -1 -5.7816505E-06 0.0052757263
vn -1 -5.7816505E-06 0.0052757263
vn -1 -5.7816505E-06 0.0052757263
vn -1 -0.00022625923 0.0053100586
vn 0.6660156 -3.5762787E-07 -0.74609375
vn 0.6660156 -3.5762787E-07 -0.74609375
vn 0.6660156 -3.5762787E-07 -0.74609375
vn 0.6660156 3.7550926E-06 -0.74609375
vn -0.74609375 -1.0728836E-06 -0.6660156
vn -0.74609375 -1.0728836E-06 -0.6660156
vn -0.74609375 -1.0728836E-06 -0.6660156
vn -0.74609375 -5.2452087E-06 -0.6660156
vn -0.78027344 -0.6254883 0.004146576
vn -0.78027344 -0.6254883 0.004146576
vn -0.78027344 -0.6254883 0.004146576
vn -0.78027344 -0.6254883 0.004142761
vn 0.0016756058 -0.625 -0.78027344
vn 0.0016756058 -0.625 -0.78027344
vn 0.0016756058 -0.625 -0.78027344
vn 0.0016756058 -0.625 -0.78027344
vn 0.78027344 -0.6254883 -0.004142761
vn 0.78027344 -0.6254883 -0.004142761
vn 0.78027344 -0.6254883 -0.004142761
vn 0.78027344 -0.6254883 -0.004146576
vn -0.0016765594 -0.625 0.78027344
vn -0.0016765594 -0.625 0.78027344
vn -0.0016765594 -0.625 0.78027344
vn -0.0016765594 -0.625 0.78027344
vn -0.98828125 0.006000519 -0.15246582
vn -0.98828125 0.006000519 -0.15246582
vn -0.98828125 0.006000519 -0.15246582
vn -0.98828125 0.0055160522 -0.15222168
vn -0.14050293 -0.028244019 0.9897461
vn -0.14050293 -0.028244019 0.9897461
vn -0.14050293 -0.028244019 0.9897461
vn -0.14013672 -0.028701782 0.9897461
vn 0.98828125 -0.0011701584 0.15222168
vn 0.98828125 -0.0011701584 0.15222168
vn 0.98828125 -0.0011701584 0.15222168
vn 0.98828125 -0.0011873245 0.15222168
vn 0.1394043 0.029159546 -0.9897461
vn 0.1394043 0.029159546 -0.9897461
vn 0.1394043 0.029159546 -0.9897461
vn 0.14013672 0.029953003 -0.9897461
vn 0.6870117 -0.01852417 0.7265625
vn 0.6870117 -0.01852417 0.7265625
vn 0.6870117 -0.01852417 0.7265625
vn 0.6870117 -0.018539429 0.7260742
vn 0.7260742 0.022277832 -0.6870117
vn 0.7260742 0.022277832 -0.6870117
vn 0.7260742 0.022277832 -0.6870117
vn 0.7265625 0.02229309 -0.6870117
vn 0.10614014 -0.65185547 -0.75097656
vn 0.10614014 -0.65185547 -0.75097656
vn 0.10614014 -0.65185547 -0.75097656
vn 0.10632324 -0.6459961 -0.7558594
vn -0.09136963 -0.75927734 0.64453125
vn -0.09136963 -0.75927734 0.64453125
vn -0.09136963 -0.75927734 0.64453125
vn -0.09094238 -0.7661133 0.63623047
vn -0.99365234 0.0040397644 -0.1138916
vn -0.99365234 0.0040397644 -0.1138916
vn -0.99365234 0.0040397644 -0.1138916
vn -0.99365234 0.003698349 -0.11364746
vn -0.13793945 -0.023269653 0.9902344
vn -0.13793945 -0.023269653 0.9902344
vn -0.13793945 -0.023269653 0.9902344
vn -0.13745117 -0.023651123 0.9902344
vn 0.99365234 -0.00010538101 0.113708496
vn 0.99365234 -0.00010538101 0.113708496
vn 0.99365234 -0.00010538101 0.113708496
vn 0.99365234 -0.000107586384 0.113708496
vn 0.13684082 0.023971558 -0.9902344
vn 0.13684082 0.023971558 -0.9902344
vn 0.13684082 0.023971558 -0.9902344
vn 0.13745117 0.024612427 -0.9902344
vn 0.68896484 -0.015266418 0.7246094
vn 0.68896484 -0.015266418 0.7246094
vn 0.68896484 -0.015266418 0.7246094
vn 0.68896484 -0.015274048 0.7246094
vn 0.7246094 0.018310547 -0.68896484
vn 0.7246094 0.018310547 -0.68896484
vn 0.7246094 0.018310547 -0.68896484
vn 0.7246094 0.018325806 -0.68896484
vn 0.10412598 -0.65185547 -0.75097656
vn 0.10412598 -0.65185547 -0.75097656
vn 0.10412598 -0.65185547 -0.75097656
vn 0.10430908 -0.6459961 -0.75634766
vn -0.089660645 -0.75927734 0.64453125
vn -0.089660645 -0.75927734 0.64453125
vn -0.089660645 -0.75927734 0.64453125
vn -0.0892334 -0.7661133 0.63671875
vn 0.9868164 -0.00066280365 -0.16333008
vn 0.9868164 -0.00066280365 -0.16333008
vn 0.9868164 -0.00066280365 -0.16333008
vn 0.9863281 -0.00095033646 -0.16357422
vn 0.18432617 0.0066604614 0.98291016
vn 0.18432617 0.0066604614 0.98291016
vn 0.18432617 0.0066604614 0.98291016
vn 0.18432617 0.0066604614 0.98291016
vn -0.18432617 -0.0037059784 -0.98291016
vn -0.18432617 -0.0037059784 -0.98291016
vn -0.18432617 -0.0037059784 -0.98291016
vn -0.18432617 -0.0037059784 -0.98291016
vn -0.9868164 0.0009469986 0.16333008
vn -0.9868164 0.0009469986 0.16333008
vn -0.9868164 0.0009469986 0.16333008
vn -0.9863281 0.0006632805 0.16357422
vn -0.29248047 0.006275177 0.9560547
vn -0.29248047 0.006275177 0.9560547
vn -0.29248047 0.006275177 0.9560547
vn -0.29248047 0.006275177 0.9560547
vn -0.49560547 -0.8642578 0.08734131
vn -0.49560547 -0.8642578 0.08734131
vn -0.49560547 -0.8642578 0.08734131
vn -0.49560547 -0.8642578 0.08734131
vn -0.12854004 -0.70214844 -0.7001953
vn -0.12854004 -0.70214844 -0.7001953
vn -0.12854004 -0.70214844 -0.7001953
vn -0.12854004 -0.70214844 -0.7001953
vn 0.49438477 -0.86572266 -0.07672119
vn 0.49438477 -0.86572266 -0.07672119
vn 0.49438477 -0.86572266 -0.07672119
vn 0.49438477 -0.86572266 -0.07672119
vn 0.13562012 -0.6933594 0.7080078
vn 0.13562012 -0.6933594 0.7080078
vn 0.13562012 -0.6933594 0.7080078
vn 0.13562012 -0.6928711 0.7080078
vn 0.9995117 -0.0013523102 0.03164673
vn 0.9995117 -0.0013523102 0.03164673
vn 0.9995117 -0.0013523102 0.03164673
vn 0.9995117 -0.002029419 0.03137207
vn -0.014312744 0.014633179 1
vn -0.014312744 0.014633179 1
vn -0.014312744 0.014633179 1
vn -0.014312744 0.014633179 1
vn 0.014297485 -0.008155823 -1
vn 0.014297485 -0.008155823 -1
vn 0.014297485 -0.008155823 -1
vn 0.014297485 -0.008155823 -1
vn -0.9995117 0.0020217896 -0.03164673
vn -0.9995117 0.0020217896 -0.03164673
vn -0.9995117 0.0020217896 -0.03164673
vn -0.9995117 0.0013532639 -0.03137207
vn -0.46679688 0.013771057 0.88427734
vn -0.46679688 0.013771057 0.88427734
vn -0.46679688 0.013771057 0.88427734
vn -0.46679688 0.013771057 0.88427734
vn 0.011650085 -0.70214844 -0.71191406
vn 0.011650085 -0.70214844 -0.71191406
vn 0.011650085 -0.70214844 -0.71191406
vn 0.011650085 -0.70214844 -0.71191406
vn 0.5 -0.86572266 0.021347046
vn 0.5 -0.86572266 0.021347046
vn 0.5 -0.86572266 0.021347046
vn 0.5 -0.86572266 0.021347046
vn -0.008842468 -0.6928711 0.7211914
vn -0.008842468 -0.6928711 0.7211914
vn -0.008842468 -0.6928711 0.7211914
vn -0.008842468 -0.6928711 0.7211914
vn 1 -0.00061798096 0.00034999847
vn 1 -0.00061798096 0.00034999847
vn 1 -0.00061798096 0.00034999847
vn 1 -0.0008406639 0.000112473965
vn 0.0068511963 0.0056877136 1
vn 0.0068511963 0.0056877136 1
vn 0.0068511963 0.0056877136 1
vn 0.0068511963 0.005683899 1
vn -0.006855011 -0.0031661987 -1
vn -0.006855011 -0.0031661987 -1
vn -0.006855011 -0.0031661987 -1
vn -0.0068588257 -0.0031661987 -1
vn -1 0.0008378029 -0.0003516674
vn -1 0.0008378029 -0.0003516674
vn -1 0.0008378029 -0.0003516674
vn -1 0.00061798096 -0.00011175871
vn -0.45336914 0.0053520203 0.8911133
vn -0.45336914 0.0053520203 0.8911133
vn -0.45336914 0.0053520203 0.8911133
vn -0.45336914 0.0053520203 0.8911133
vn -0.5029297 -0.8642578 0.005592346
vn -0.5029297 -0.8642578 0.005592346
vn -0.5029297 -0.8642578 0.005592346
vn -0.5029297 -0.8642578 0.005592346
vn -0.003255844 -0.70214844 -0.71191406
vn -0.003255844 -0.70214844 -0.71191406
vn -0.003255844 -0.70214844 -0.71191406
vn -0.003255844 -0.70214844 -0.71191406
vn 0.5 -0.86621094 0.0057144165
vn 0.5 -0.86621094 0.0057144165
vn 0.5 -0.86621094 0.0057144165
vn 0.5 -0.86621094 0.0057144165
vn 0.0065574646 -0.6928711 0.7211914
vn 0.0065574646 -0.6928711 0.7211914
vn 0.0065574646 -0.6928711 0.7211914
vn 0.0065612793 -0.6928711 0.7211914
vn 0.9995117 -0.00076150894 0.02217102
vn 0.9995117 -0.00076150894 0.02217102
vn 0.9995117 -0.00076150894 0.02217102
vn 1 -0.001033783 0.02192688
vn -0.010147095 0.00699234 1
vn -0.010147095 0.00699234 1
vn -0.010147095 0.00699234 1
vn -0.010139465 0.00699234 1
vn 0.010131836 -0.0038909912 -1
vn 0.010131836 -0.0038909912 -1
vn 0.010131836 -0.0038909912 -1
vn 0.010131836 -0.0038909912 -1
vn -0.9995117 0.0010309219 -0.02217102
vn -0.9995117 0.0010309219 -0.02217102
vn -0.9995117 0.0010309219 -0.02217102
vn -1 0.00076007843 -0.02192688
vn -0.47265625 0.006587982 0.88134766
vn -0.47265625 0.006587982 0.88134766
vn -0.47265625 0.006587982 0.88134766
vn -0.47265625 0.006587982 0.88134766
vn -0.5029297 -0.8642578 -0.005382538
vn -0.5029297 -0.8642578 -0.005382538
vn -0.5029297 -0.8642578 -0.005382538
vn -0.5029297 -0.8642578 -0.005382538
vn 0.009979248 -0.70214844 -0.71191406
vn 0.009979248 -0.70214844 -0.71191406
vn 0.009979248 -0.70214844 -0.71191406
vn 0.009979248 -0.70214844 -0.71191406
vn 0.49975586 -0.86621094 0.016616821
vn 0.49975586 -0.86621094 0.016616821
vn 0.49975586 -0.86621094 0.016616821
vn 0.49975586 -0.86621094 0.016616821
vn -0.004547119 -0.6933594 0.7207031
vn -0.004547119 -0.6933594 0.7207031
vn -0.004547119 -0.6933594 0.7207031
vn -0.004547119 -0.6933594 0.7207031
vn -0.9995117 0.0043945312 -0.033294678
vn -0.9995117 0.0043945312 -0.033294678
vn -0.9995117 0.0043945312 -0.033294678
vn -0.9995117 0.004055023 -0.033050537
vn -0.02130127 -0.020767212 0.9995117
vn -0.02130127 -0.020767212 0.9995117
vn -0.02130127 -0.020767212 0.9995117
vn -0.020874023 -0.021102905 0.9995117
vn 0.9995117 -0.00086021423 0.033081055
vn 0.9995117 -0.00086021423 0.033081055
vn 0.9995117 -0.00086021423 0.033081055
vn 0.9995117 -0.000869751 0.033081055
vn 0.020187378 0.021362305 -0.9995117
vn 0.020187378 0.021362305 -0.9995117
vn 0.020187378 0.021362305 -0.9995117
vn 0.020874023 0.02192688 -0.9995117
vn 0.63916016 0.016311646 -0.76904297
vn 0.63916016 0.016311646 -0.76904297
vn 0.63916016 0.016311646 -0.76904297
vn 0.63916016 0.016326904 -0.76904297
vn 0.015670776 -0.65185547 -0.7583008
vn 0.015670776 -0.65185547 -0.7583008
vn 0.015670776 -0.65185547 -0.7583008
vn 0.015220642 -0.6459961 -0.7631836
vn -0.01373291 -0.75927734 0.6508789
vn -0.01373291 -0.75927734 0.6508789
vn -0.01373291 -0.75927734 0.6508789
vn -0.01424408 -0.7661133 0.6425781
vn 1 -0.0007915497 0.017669678
vn 1 -0.0007915497 0.017669678
vn 1 -0.0007915497 0.017669678
vn 1 -0.0010490417 0.017501831
vn -0.037109375 0.0069999695 0.9995117
vn -0.037109375 0.0069999695 0.9995117
vn -0.037109375 0.0069999695 0.9995117
vn -0.037109375 0.0069999695 0.9995117
vn 0.03704834 -0.0039100647 -0.9995117
vn 0.03704834 -0.0039100647 -0.9995117
vn 0.03704834 -0.0039100647 -0.9995117
vn 0.03704834 -0.0039138794 -0.9995117
vn -1 0.0010471344 -0.017684937
vn -1 0.0010471344 -0.017684937
vn -1 0.0010471344 -0.017684937
vn -1 0.00078964233 -0.017501831
vn 0.51171875 0.0055236816 0.859375
vn 0.51171875 0.0055236816 0.859375
vn 0.51171875 0.0055236816 0.859375
vn 0.51171875 0.0055236816 0.859375
vn -0.47265625 0.0065727234 0.88134766
vn -0.47265625 0.0065727234 0.88134766
vn -0.47265625 0.0065727234 0.88134766
vn -0.47265625 0.0065727234 0.88134766
vn -0.5029297 -0.8642578 -0.004295349
vn -0.5029297 -0.8642578 -0.004295349
vn -0.5029297 -0.8642578 -0.004295349
vn -0.5029297 -0.8642578 -0.0042915344
vn 0.03652954 -0.7011719 -0.71240234
vn 0.03652954 -0.7011719 -0.71240234
vn 0.03652954 -0.7011719 -0.71240234
vn 0.03652954 -0.7011719 -0.71240234
vn 0.49975586 -0.86621094 0.013259888
vn 0.49975586 -0.86621094 0.013259888
vn 0.49975586 -0.86621094 0.013259888
vn 0.49975586 -0.86621094 0.013259888
vn -0.016662598 -0.6928711 0.7211914
vn -0.016662598 -0.6928711 0.7211914
vn -0.016662598 -0.6928711 0.7211914
vn -0.016662598 -0.6923828 0.7211914
vn -0.99902344 0.006000519 -0.03781128
vn -0.99902344 0.006000519 -0.03781128
vn -0.99902344 0.006000519 -0.03781128
vn -0.9995117 0.0055160522 -0.03756714
vn -0.025817871 -0.028244019 0.99902344
vn -0.025817871 -0.028244019 0.99902344
vn -0.025817871 -0.028244019 0.99902344
vn -0.025405884 -0.028701782 0.99902344
vn 0.9995117 -0.0011701584 0.037628174
vn 0.9995117 -0.0011701584 0.037628174
vn 0.9995117 -0.0011701584 0.037628174
vn 0.9995117 -0.0011873245 0.037597656
vn 0.02470398 0.029159546 -0.9995117
vn 0.02470398 0.029159546 -0.9995117
vn 0.02470398 0.029159546 -0.9995117
vn 0.025405884 0.029953003 -0.99902344
vn 0.6425781 0.022277832 -0.7661133
vn 0.6425781 0.022277832 -0.7661133
vn 0.6425781 0.022277832 -0.7661133
vn 0.6425781 0.02229309 -0.765625
vn 0.019104004 -0.65185547 -0.7578125
vn 0.019104004 -0.65185547 -0.7578125
vn 0.019104004 -0.65185547 -0.7578125
vn 0.018676758 -0.6459961 -0.7631836
vn -0.016677856 -0.75927734 0.6503906
vn -0.016677856 -0.75927734 0.6503906
vn -0.016677856 -0.75927734 0.6503906
vn -0.017150879 -0.7661133 0.6425781
vn -0.9975586 0.0052223206 0.070739746
vn -0.9975586 0.0052223206 0.070739746
vn -0.9975586 0.0052223206 0.070739746
vn -0.9975586 0.0047798157 0.07098389
vn 0.056732178 -0.028244019 0.9980469
vn 0.056732178 -0.028244019 0.9980469
vn 0.056732178 -0.028244019 0.9980469
vn 0.057159424 -0.028701782 0.9980469
vn 0.9975586 -0.0004222393 -0.07098389
vn 0.9975586 -0.0004222393 -0.07098389
vn 0.9975586 -0.0004222393 -0.07098389
vn 0.9975586 -0.00042891502 -0.07098389
vn -0.057861328 0.029159546 -0.9980469
vn -0.057861328 0.029159546 -0.9980469
vn -0.057861328 0.029159546 -0.9980469
vn -0.057159424 0.029953003 -0.9980469
vn 0.81640625 -0.01852417 0.57714844
vn 0.81640625 -0.01852417 0.57714844
vn 0.81640625 -0.01852417 0.57714844
vn 0.81640625 -0.018539429 0.57714844
vn 0.57714844 0.022277832 -0.81640625
vn 0.57714844 0.022277832 -0.81640625
vn 0.57714844 0.022277832 -0.81640625
vn 0.57714844 0.02229309 -0.81640625
vn -0.043518066 -0.65185547 -0.75683594
vn -0.043518066 -0.65185547 -0.75683594
vn -0.043518066 -0.65185547 -0.75683594
vn -0.04437256 -0.6459961 -0.76220703
vn 0.037078857 -0.75927734 0.64990234
vn 0.037078857 -0.75927734 0.64990234
vn 0.037078857 -0.75927734 0.64990234
vn 0.035949707 -0.7661133 0.64160156
vn 0.004558563 -1 0.0061836243
vn 0.004558563 -1 0.0061836243
vn 0.004558563 -1 0.0061836243
vn 0.004558563 -1 0.0061836243
vn -0 -1 0
vn -0 -1 0
vn -0 -1 0
vn -3.5762787E-07 -1 -2.3841858E-07
vn -5.1259995E-06 -1 -0.0014333725
vn -5.1259995E-06 -1 -0.0014333725
vn -5.1259995E-06 -1 -0.0014333725
vn -6.377697E-06 -1 -0.0014324188
vn 6.377697E-06 -1 -0.0015439987
vn 6.377697E-06 -1 -0.0015439987
vn 6.377697E-06 -1 -0.0015439987
vn 4.887581E-06 -1 -0.001543045
vn 0.005001068 -1 0.0051727295
vn 0.005001068 -1 0.0051727295
vn 0.005001068 -1 0.0051727295
vn 0.0049972534 -1 0.0051727295
vn 0.0020103455 -1 0.0065994263
vn 0.0020103455 -1 0.0065994263
vn 0.0020103455 -1 0.0065994263
vn 0.0020103455 -1 0.0065994263
vn 0.002368927 -1 0.0065345764
vn 0.002368927 -1 0.0065345764
vn 0.002368927 -1 0.0065345764
vn 0.0023670197 -1 0.0065345764
vn 0.003894806 -1 0.0066223145
vn 0.003894806 -1 0.0066223145
vn 0.003894806 -1 0.0066223145
vn 0.0038928986 -1 0.0066223145
vn -0.00017654896 -1 -0.0014219284
vn -0.00017654896 -1 -0.0014219284
vn -0.00017654896 -1 -0.0014219284
vn -0.00017750263 -1 -0.0014219284
vn 0.014289856 -1 0.005466461
vn 0.014289856 -1 0.005466461
vn 0.014289856 -1 0.005466461
vn 0.014289856 -1 0.0054626465
vn -0.00017011166 -1 -0.0014228821
vn -0.00017011166 -1 -0.0014228821
vn -0.00017011166 -1 -0.0014228821
vn -0.00017106533 -1 -0.0014228821
vn -0.00029802322 -1 -0.0015983582
vn -0.00029802322 -1 -0.0015983582
vn -0.00029802322 -1 -0.0015983582
vn -0.0002989769 -1 -0.0015974045
vn -0.004558563 1 -0.006187439
vn -0.004558563 1 -0.006187439
vn -0.004558563 1 -0.006187439
vn -0.004558563 1 -0.006187439
vn -1.41859055E-05 1 0.005367279
vn -1.41859055E-05 1 0.005367279
vn -1.41859055E-05 1 0.005367279
vn -0.0082092285 1 4.2021275E-05
vn -0.004890442 1 0.00054740906
vn -0.004890442 1 0.00054740906
vn -0.004890442 1 0.00054740906
vn 0.0003964901 1 -0.0014648438
vn -0.004928589 1 0.0008559227
vn -0.004928589 1 0.0008559227
vn -0.004928589 1 0.0008559227
vn 0.00041270256 1 -0.0016069412
vn -0.0049972534 1 -0.0051727295
vn -0.0049972534 1 -0.0051727295
vn -0.0049972534 1 -0.0051727295
vn -0.0049972534 1 -0.0051727295
vn -0.0020103455 1 -0.0065994263
vn -0.0020103455 1 -0.0065994263
vn -0.0020103455 1 -0.0065994263
vn -0.0020103455 1 -0.0065994263
vn -0.0023670197 1 -0.006538391
vn -0.0023670197 1 -0.006538391
vn -0.0023670197 1 -0.006538391
vn -0.0023670197 1 -0.0065345764
vn -0.0038928986 1 -0.0066223145
vn -0.0038928986 1 -0.0066223145
vn -0.0038928986 1 -0.0066223145
vn -0.0038928986 1 -0.0066223145
vn -0.004787445 1 0.0011281967
vn -0.004787445 1 0.0011281967
vn -0.004787445 1 0.0011281967
vn 0.00021886826 1 -0.001502037
vn -0.014289856 1 -0.0054626465
vn -0.014289856 1 -0.0054626465
vn -0.014289856 1 -0.0054626465
vn -0.014289856 1 -0.0054626465
vn -0.0047950745 1 0.0011062622
vn -0.0047950745 1 0.0011062622
vn -0.0047950745 1 0.0011062622
vn 0.00022542477 1 -0.0015010834
vn -0.0046691895 1 0.0018224716
vn -0.0046691895 1 0.0018224716
vn -0.0046691895 1 0.0018224716
vn 8.85725E-05 1 -0.0017461777
g B001_FB03_0
f 3/3/3 2/2/2 1/1/1
f 6/6/6 5/5/5 4/4/4
f 9/9/9 8/8/8 7/7/7
f 12/12/12 11/11/11 10/10/10
f 15/15/15 14/14/14 13/13/13
f 18/18/18 17/17/17 16/16/16
f 21/21/21 20/20/20 19/19/19
f 24/24/24 23/23/23 22/22/22
f 27/27/27 26/26/26 25/25/25
f 30/30/30 29/29/29 28/28/28
f 33/33/33 32/32/32 31/31/31
f 36/36/36 35/35/35 34/34/34
f 39/39/39 38/38/38 37/37/37
f 42/42/42 41/41/41 40/40/40
f 45/45/45 44/44/44 43/43/43
f 48/48/48 47/47/47 46/46/46
f 51/51/51 50/50/50 49/49/49
f 54/54/54 53/53/53 52/52/52
f 57/57/57 56/56/56 55/55/55
f 60/60/60 59/59/59 58/58/58
f 63/63/63 62/62/62 61/61/61
f 66/66/66 65/65/65 64/64/64
f 69/69/69 68/68/68 67/67/67
f 72/72/72 71/71/71 70/70/70
f 75/75/75 74/74/74 73/73/73
f 78/78/78 77/77/77 76/76/76
f 81/81/81 80/80/80 79/79/79
f 84/84/84 83/83/83 82/82/82
f 87/87/87 86/86/86 85/85/85
f 90/90/90 89/89/89 88/88/88
f 93/93/93 92/92/92 91/91/91
f 96/96/96 95/95/95 94/94/94
f 99/99/99 98/98/98 97/97/97
f 102/102/102 101/101/101 100/100/100
f 105/105/105 104/104/104 103/103/103
f 108/108/108 107/107/107 106/106/106
f 111/111/111 110/110/110 109/109/109
f 114/114/114 113/113/113 112/112/112
f 117/117/117 116/116/116 115/115/115
f 120/120/120 119/119/119 118/118/118
f 123/123/123 122/122/122 121/121/121
f 126/126/126 125/125/125 124/124/124
f 129/129/129 128/128/128 127/127/127
f 132/132/132 131/131/131 130/130/130
f 135/135/135 134/134/134 133/133/133
f 138/138/138 137/137/137 136/136/136
f 141/141/141 140/140/140 139/139/139
f 144/144/144 143/143/143 142/142/142
f 147/147/147 146/146/146 145/145/145
f 150/150/150 149/149/149 148/148/148
f 153/153/153 152/152/152 151/151/151
f 156/156/156 155/155/155 154/154/154
f 159/159/159 158/158/158 157/157/157
f 162/162/162 161/161/161 160/160/160
f 165/165/165 164/164/164 163/163/163
f 168/168/168 167/167/167 166/166/166
f 171/171/171 170/170/170 169/169/169
f 174/174/174 173/173/173 172/172/172
f 177/177/177 176/176/176 175/175/175
f 180/180/180 179/179/179 178/178/178
f 183/183/183 182/182/182 181/181/181
f 186/186/186 185/185/185 184/184/184
f 189/189/189 188/188/188 187/187/187
f 192/192/192 191/191/191 190/190/190
f 195/195/195 194/194/194 193/193/193
f 198/198/198 197/197/197 196/196/196
f 201/201/201 200/200/200 199/199/199
f 204/204/204 203/203/203 202/202/202
f 207/207/207 206/206/206 205/205/205
f 210/210/210 209/209/209 208/208/208
f 213/213/213 212/212/212 211/211/211
f 216/216/216 215/215/215 214/214/214
f 219/219/219 218/218/218 217/217/217
f 222/222/222 221/221/221 220/220/220
f 225/225/225 224/224/224 223/223/223
f 228/228/228 227/227/227 226/226/226
f 231/231/231 230/230/230 229/229/229
f 234/234/234 233/233/233 232/232/232
f 237/237/237 236/236/236 235/235/235
f 240/240/240 239/239/239 238/238/238
f 243/243/243 242/242/242 241/241/241
f 246/246/246 245/245/245 244/244/244
f 249/249/249 248/248/248 247/247/247
f 252/252/252 251/251/251 250/250/250
f 255/255/255 254/254/254 253/253/253
f 258/258/258 257/257/257 256/256/256
f 261/261/261 260/260/260 259/259/259
f 264/264/264 263/263/263 262/262/262
f 267/267/267 266/266/266 265/265/265
f 270/270/270 269/269/269 268/268/268
f 273/273/273 272/272/272 271/271/271
f 276/276/276 275/275/275 274/274/274
f 279/279/279 278/278/278 277/277/277
f 282/282/282 281/281/281 280/280/280
f 285/285/285 284/284/284 283/283/283
f 288/288/288 287/287/287 286/286/286
f 291/291/291 290/290/290 289/289/289
f 290/290/290 291/291/291 292/292/292
f 295/295/295 294/294/294 293/293/293
f 294/294/294 295/295/295 296/296/296
f 299/299/299 298/298/298 297/297/297
f 298/298/298 299/299/299 300/300/300
f 303/303/303 302/302/302 301/301/301
f 302/302/302 303/303/303 304/304/304
f 307/307/307 306/306/306 305/305/305
f 306/306/306 307/307/307 308/308/308
f 311/311/311 310/310/310 309/309/309
f 310/310/310 311/311/311 312/312/312
f 315/315/315 314/314/314 313/313/313
f 314/314/314 315/315/315 316/316/316
f 319/319/319 318/318/318 317/317/317
f 318/318/318 319/319/319 320/320/320
f 323/323/323 322/322/322 321/321/321
f 322/322/322 323/323/323 324/324/324
f 327/327/327 326/326/326 325/325/325
f 326/326/326 327/327/327 328/328/328
f 331/331/331 330/330/330 329/329/329
f 330/330/330 331/331/331 332/332/332
f 335/335/335 334/334/334 333/333/333
f 334/334/334 335/335/335 336/336/336
f 339/339/339 338/338/338 337/337/337
f 338/338/338 339/339/339 340/340/340
f 343/343/343 342/342/342 341/341/341
f 342/342/342 343/343/343 344/344/344
f 347/347/347 346/346/346 345/345/345
f 346/346/346 347/347/347 348/348/348
f 351/351/351 350/350/350 349/349/349
f 350/350/350 351/351/351 352/352/352
f 355/355/355 354/354/354 353/353/353
f 354/354/354 355/355/355 356/356/356
f 359/359/359 358/358/358 357/357/357
f 358/358/358 359/359/359 360/360/360
f 363/363/363 362/362/362 361/361/361
f 362/362/362 363/363/363 364/364/364
f 367/367/367 366/366/366 365/365/365
f 366/366/366 367/367/367 368/368/368
f 371/371/371 370/370/370 369/369/369
f 370/370/370 371/371/371 372/372/372
f 375/375/375 374/374/374 373/373/373
f 374/374/374 375/375/375 376/376/376
f 379/379/379 378/378/378 377/377/377
f 378/378/378 379/379/379 380/380/380
f 383/383/383 382/382/382 381/381/381
f 382/382/382 383/383/383 384/384/384
f 387/387/387 386/386/386 385/385/385
f 386/386/386 387/387/387 388/388/388
f 391/391/391 390/390/390 389/389/389
f 392/392/392 391/391/391 389/389/389
f 395/395/395 394/394/394 393/393/393
f 394/394/394 395/395/395 396/396/396
f 399/399/399 398/398/398 397/397/397
f 398/398/398 399/399/399 400/400/400
f 403/403/403 402/402/402 401/401/401
f 402/402/402 403/403/403 404/404/404
f 407/407/407 406/406/406 405/405/405
f 406/406/406 407/407/407 408/408/408
f 411/411/411 410/410/410 409/409/409
f 410/410/410 411/411/411 412/412/412
f 415/415/415 414/414/414 413/413/413
f 414/414/414 415/415/415 416/416/416
f 419/419/419 418/418/418 417/417/417
f 418/418/418 419/419/419 420/420/420
f 423/423/423 422/422/422 421/421/421
f 424/424/424 423/423/423 421/421/421
f 427/427/427 426/426/426 425/425/425
f 426/426/426 427/427/427 428/428/428
f 431/431/431 430/430/430 429/429/429
f 430/430/430 431/431/431 432/432/432
f 435/435/435 434/434/434 433/433/433
f 434/434/434 435/435/435 436/436/436
f 439/439/439 438/438/438 437/437/437
f 438/438/438 439/439/439 440/440/440
f 443/443/443 442/442/442 441/441/441
f 442/442/442 443/443/443 444/444/444
f 447/447/447 446/446/446 445/445/445
f 446/446/446 447/447/447 448/448/448
f 451/451/451 450/450/450 449/449/449
f 450/450/450 451/451/451 452/452/452
f 455/455/455 454/454/454 453/453/453
f 454/454/454 455/455/455 456/456/456
f 459/459/459 458/458/458 457/457/457
f 458/458/458 459/459/459 460/460/460
f 463/463/463 462/462/462 461/461/461
f 462/462/462 463/463/463 464/464/464
f 467/467/467 466/466/466 465/465/465
f 466/466/466 467/467/467 468/468/468
f 471/471/471 470/470/470 469/469/469
f 470/470/470 471/471/471 472/472/472
f 475/475/475 474/474/474 473/473/473
f 474/474/474 475/475/475 476/476/476
f 479/479/479 478/478/478 477/477/477
f 478/478/478 479/479/479 480/480/480
f 483/483/483 482/482/482 481/481/481
f 482/482/482 483/483/483 484/484/484
f 487/487/487 486/486/486 485/485/485
f 486/486/486 487/487/487 488/488/488
f 491/491/491 490/490/490 489/489/489
f 490/490/490 491/491/491 492/492/492
f 495/495/495 494/494/494 493/493/493
f 494/494/494 495/495/495 496/496/496
f 499/499/499 498/498/498 497/497/497
f 498/498/498 499/499/499 500/500/500
f 503/503/503 502/502/502 501/501/501
f 502/502/502 503/503/503 504/504/504
f 507/507/507 506/506/506 505/505/505
f 506/506/506 507/507/507 508/508/508
f 511/511/511 510/510/510 509/509/509
f 510/510/510 511/511/511 512/512/512
f 515/515/515 514/514/514 513/513/513
f 514/514/514 515/515/515 516/516/516
f 519/519/519 518/518/518 517/517/517
f 518/518/518 519/519/519 520/520/520
f 523/523/523 522/522/522 521/521/521
f 522/522/522 523/523/523 524/524/524
f 527/527/527 526/526/526 525/525/525
f 526/526/526 527/527/527 528/528/528
f 531/531/531 530/530/530 529/529/529
f 530/530/530 531/531/531 532/532/532
f 535/535/535 534/534/534 533/533/533
f 534/534/534 535/535/535 536/536/536
f 539/539/539 538/538/538 537/537/537
f 538/538/538 539/539/539 540/540/540
f 543/543/543 542/542/542 541/541/541
f 542/542/542 543/543/543 544/544/544
f 547/547/547 546/546/546 545/545/545
f 546/546/546 547/547/547 548/548/548
f 551/551/551 550/550/550 549/549/549
f 550/550/550 551/551/551 552/552/552
f 555/555/555 554/554/554 553/553/553
f 554/554/554 555/555/555 556/556/556
f 559/559/559 558/558/558 557/557/557
f 558/558/558 559/559/559 560/560/560
f 563/563/563 562/562/562 561/561/561
f 562/562/562 563/563/563 564/564/564
f 567/567/567 566/566/566 565/565/565
f 566/566/566 567/567/567 568/568/568
f 571/571/571 570/570/570 569/569/569
f 570/570/570 571/571/571 572/572/572
f 575/575/575 574/574/574 573/573/573
f 574/574/574 575/575/575 576/576/576
f 579/579/579 578/578/578 577/577/577
f 578/578/578 579/579/579 580/580/580
f 583/583/583 582/582/582 581/581/581
f 582/582/582 583/583/583 584/584/584
f 587/587/587 586/586/586 585/585/585
f 586/586/586 587/587/587 588/588/588
f 591/591/591 590/590/590 589/589/589
f 590/590/590 591/591/591 592/592/592
f 595/595/595 594/594/594 593/593/593
f 594/594/594 595/595/595 596/596/596
f 599/599/599 598/598/598 597/597/597
f 598/598/598 599/599/599 600/600/600
f 603/603/603 602/602/602 601/601/601
f 602/602/602 603/603/603 604/604/604
f 607/607/607 606/606/606 605/605/605
f 606/606/606 607/607/607 608/608/608
f 611/611/611 610/610/610 609/609/609
f 610/610/610 611/611/611 612/612/612
f 615/615/615 614/614/614 613/613/613
f 614/614/614 615/615/615 616/616/616
f 619/619/619 618/618/618 617/617/617
f 618/618/618 619/619/619 620/620/620
f 623/623/623 622/622/622 621/621/621
f 622/622/622 623/623/623 624/624/624
f 627/627/627 626/626/626 625/625/625
f 626/626/626 627/627/627 628/628/628
f 631/631/631 630/630/630 629/629/629
f 630/630/630 631/631/631 632/632/632
f 635/635/635 634/634/634 633/633/633
f 634/634/634 635/635/635 636/636/636
f 639/639/639 638/638/638 637/637/637
f 638/638/638 639/639/639 640/640/640
f 643/643/643 642/642/642 641/641/641
f 642/642/642 643/643/643 644/644/644
f 647/647/647 646/646/646 645/645/645
f 648/648/648 647/647/647 645/645/645
f 651/651/651 650/650/650 649/649/649
f 650/650/650 651/651/651 652/652/652
f 655/655/655 654/654/654 653/653/653
f 654/654/654 655/655/655 656/656/656
f 659/659/659 658/658/658 657/657/657
f 658/658/658 659/659/659 660/660/660
f 663/663/663 662/662/662 661/661/661
f 662/662/662 663/663/663 664/664/664
f 667/667/667 666/666/666 665/665/665
f 666/666/666 667/667/667 668/668/668
f 671/671/671 670/670/670 669/669/669
f 670/670/670 671/671/671 672/672/672
f 675/675/675 674/674/674 673/673/673
f 674/674/674 675/675/675 676/676/676
f 679/679/679 678/678/678 677/677/677
f 678/678/678 679/679/679 680/680/680
f 683/683/683 682/682/682 681/681/681
f 682/682/682 683/683/683 684/684/684
f 687/687/687 686/686/686 685/685/685
f 686/686/686 687/687/687 688/688/688
f 691/691/691 690/690/690 689/689/689
f 690/690/690 691/691/691 692/692/692
f 695/695/695 694/694/694 693/693/693
f 694/694/694 695/695/695 696/696/696
f 699/699/699 698/698/698 697/697/697
f 698/698/698 699/699/699 700/700/700
f 703/703/703 702/702/702 701/701/701
f 702/702/702 703/703/703 704/704/704
f 707/707/707 706/706/706 705/705/705
f 706/706/706 707/707/707 708/708/708
f 711/711/711 710/710/710 709/709/709
f 710/710/710 711/711/711 712/712/712
f 715/715/715 714/714/714 713/713/713
f 714/714/714 715/715/715 716/716/716
f 719/719/719 718/718/718 717/717/717
f 718/718/718 719/719/719 720/720/720
f 723/723/723 722/722/722 721/721/721
f 722/722/722 723/723/723 724/724/724
f 727/727/727 726/726/726 725/725/725
f 728/728/728 727/727/727 725/725/725
f 731/731/731 730/730/730 729/729/729
f 730/730/730 731/731/731 732/732/732
f 735/735/735 734/734/734 733/733/733
f 734/734/734 735/735/735 736/736/736
f 739/739/739 738/738/738 737/737/737
f 738/738/738 739/739/739 740/740/740
f 743/743/743 742/742/742 741/741/741
f 742/742/742 743/743/743 744/744/744
f 747/747/747 746/746/746 745/745/745
f 746/746/746 747/747/747 748/748/748
f 751/751/751 750/750/750 749/749/749
f 750/750/750 751/751/751 752/752/752
f 755/755/755 754/754/754 753/753/753
f 754/754/754 755/755/755 756/756/756
f 759/759/759 758/758/758 757/757/757
f 760/760/760 759/759/759 757/757/757
f 763/763/763 762/762/762 761/761/761
f 762/762/762 763/763/763 764/764/764
f 767/767/767 766/766/766 765/765/765
f 766/766/766 767/767/767 768/768/768
g B001_FB03_1
f 771/771/771 770/770/770 769/769/769
f 774/774/774 773/773/773 772/772/772
f 777/777/777 776/776/776 775/775/775
f 780/780/780 779/779/779 778/778/778
f 783/783/783 782/782/782 781/781/781
f 786/786/786 785/785/785 784/784/784
f 789/789/789 788/788/788 787/787/787
f 792/792/792 791/791/791 790/790/790
f 795/795/795 794/794/794 793/793/793
f 798/798/798 797/797/797 796/796/796
f 801/801/801 800/800/800 799/799/799
f 804/804/804 803/803/803 802/802/802
f 807/807/807 806/806/806 805/805/805
f 810/810/810 809/809/809 808/808/808
f 813/813/813 812/812/812 811/811/811
f 816/816/816 815/815/815 814/814/814
f 819/819/819 818/818/818 817/817/817
f 822/822/822 821/821/821 820/820/820
f 825/825/825 824/824/824 823/823/823
f 828/828/828 827/827/827 826/826/826
f 831/831/831 830/830/830 829/829/829
f 834/834/834 833/833/833 832/832/832
f 837/837/837 836/836/836 835/835/835
f 840/840/840 839/839/839 838/838/838
f 843/843/843 842/842/842 841/841/841
f 846/846/846 845/845/845 844/844/844
f 849/849/849 848/848/848 847/847/847
f 852/852/852 851/851/851 850/850/850
f 855/855/855 854/854/854 853/853/853
f 858/858/858 857/857/857 856/856/856
f 861/861/861 860/860/860 859/859/859
f 864/864/864 863/863/863 862/862/862
f 867/867/867 866/866/866 865/865/865
f 870/870/870 869/869/869 868/868/868
f 873/873/873 872/872/872 871/871/871
f 876/876/876 875/875/875 874/874/874
f 879/879/879 878/878/878 877/877/877
f 882/882/882 881/881/881 880/880/880
f 885/885/885 884/884/884 883/883/883
f 888/888/888 887/887/887 886/886/886
f 891/891/891 890/890/890 889/889/889
f 894/894/894 893/893/893 892/892/892
f 897/897/897 896/896/896 895/895/895
f 900/900/900 899/899/899 898/898/898
f 903/903/903 902/902/902 901/901/901
f 906/906/906 905/905/905 904/904/904
f 909/909/909 908/908/908 907/907/907
f 912/912/912 911/911/911 910/910/910
f 915/915/915 914/914/914 913/913/913
f 918/918/918 917/917/917 916/916/916
f 921/921/921 920/920/920 919/919/919
f 924/924/924 923/923/923 922/922/922
f 927/927/927 926/926/926 925/925/925
f 930/930/930 929/929/929 928/928/928
f 933/933/933 932/932/932 931/931/931
f 936/936/936 935/935/935 934/934/934
f 939/939/939 938/938/938 937/937/937
f 942/942/942 941/941/941 940/940/940
f 945/945/945 944/944/944 943/943/943
f 948/948/948 947/947/947 946/946/946
f 951/951/951 950/950/950 949/949/949
f 954/954/954 953/953/953 952/952/952
f 957/957/957 956/956/956 955/955/955
f 960/960/960 959/959/959 958/958/958
f 963/963/963 962/962/962 961/961/961
f 966/966/966 965/965/965 964/964/964
f 969/969/969 968/968/968 967/967/967
f 972/972/972 971/971/971 970/970/970
f 975/975/975 974/974/974 973/973/973
f 978/978/978 977/977/977 976/976/976
f 981/981/981 980/980/980 979/979/979
f 984/984/984 983/983/983 982/982/982
f 987/987/987 986/986/986 985/985/985
f 990/990/990 989/989/989 988/988/988
f 993/993/993 992/992/992 991/991/991
f 996/996/996 995/995/995 994/994/994
f 999/999/999 998/998/998 997/997/997
f 1002/1002/1002 1001/1001/1001 1000/1000/1000
f 1005/1005/1005 1004/1004/1004 1003/1003/1003
f 1008/1008/1008 1007/1007/1007 1006/1006/1006
f 1011/1011/1011 1010/1010/1010 1009/1009/1009
f 1014/1014/1014 1013/1013/1013 1012/1012/1012
f 1017/1017/1017 1016/1016/1016 1015/1015/1015
f 1020/1020/1020 1019/1019/1019 1018/1018/1018
f 1023/1023/1023 1022/1022/1022 1021/1021/1021
f 1026/1026/1026 1025/1025/1025 1024/1024/1024
f 1029/1029/1029 1028/1028/1028 1027/1027/1027
f 1032/1032/1032 1031/1031/1031 1030/1030/1030
f 1035/1035/1035 1034/1034/1034 1033/1033/1033
f 1038/1038/1038 1037/1037/1037 1036/1036/1036
f 1041/1041/1041 1040/1040/1040 1039/1039/1039
f 1044/1044/1044 1043/1043/1043 1042/1042/1042
f 1047/1047/1047 1046/1046/1046 1045/1045/1045
f 1050/1050/1050 1049/1049/1049 1048/1048/1048
f 1053/1053/1053 1052/1052/1052 1051/1051/1051
f 1056/1056/1056 1055/1055/1055 1054/1054/1054
f 1059/1059/1059 1058/1058/1058 1057/1057/1057
f 1062/1062/1062 1061/1061/1061 1060/1060/1060
f 1065/1065/1065 1064/1064/1064 1063/1063/1063
f 1068/1068/1068 1067/1067/1067 1066/1066/1066
f 1071/1071/1071 1070/1070/1070 1069/1069/1069
f 1074/1074/1074 1073/1073/1073 1072/1072/1072
f 1077/1077/1077 1076/1076/1076 1075/1075/1075
f 1080/1080/1080 1079/1079/1079 1078/1078/1078
f 1083/1083/1083 1082/1082/1082 1081/1081/1081
f 1086/1086/1086 1085/1085/1085 1084/1084/1084
f 1089/1089/1089 1088/1088/1088 1087/1087/1087
f 1092/1092/1092 1091/1091/1091 1090/1090/1090
f 1095/1095/1095 1094/1094/1094 1093/1093/1093
f 1098/1098/1098 1097/1097/1097 1096/1096/1096
f 1101/1101/1101 1100/1100/1100 1099/1099/1099
f 1104/1104/1104 1103/1103/1103 1102/1102/1102
f 1107/1107/1107 1106/1106/1106 1105/1105/1105
f 1110/1110/1110 1109/1109/1109 1108/1108/1108
f 1113/1113/1113 1112/1112/1112 1111/1111/1111
f 1116/1116/1116 1115/1115/1115 1114/1114/1114
f 1119/1119/1119 1118/1118/1118 1117/1117/1117
f 1122/1122/1122 1121/1121/1121 1120/1120/1120
f 1125/1125/1125 1124/1124/1124 1123/1123/1123
f 1128/1128/1128 1127/1127/1127 1126/1126/1126
f 1131/1131/1131 1130/1130/1130 1129/1129/1129
f 1134/1134/1134 1133/1133/1133 1132/1132/1132
f 1137/1137/1137 1136/1136/1136 1135/1135/1135
f 1140/1140/1140 1139/1139/1139 1138/1138/1138
f 1143/1143/1143 1142/1142/1142 1141/1141/1141
f 1146/1146/1146 1145/1145/1145 1144/1144/1144
f 1149/1149/1149 1148/1148/1148 1147/1147/1147
f 1152/1152/1152 1151/1151/1151 1150/1150/1150
f 1155/1155/1155 1154/1154/1154 1153/1153/1153
f 1158/1158/1158 1157/1157/1157 1156/1156/1156
f 1161/1161/1161 1160/1160/1160 1159/1159/1159
f 1164/1164/1164 1163/1163/1163 1162/1162/1162
f 1167/1167/1167 1166/1166/1166 1165/1165/1165
f 1166/1166/1166 1167/1167/1167 1168/1168/1168
f 1171/1171/1171 1170/1170/1170 1169/1169/1169
f 1170/1170/1170 1171/1171/1171 1172/1172/1172
f 1175/1175/1175 1174/1174/1174 1173/1173/1173
f 1174/1174/1174 1175/1175/1175 1176/1176/1176
f 1179/1179/1179 1178/1178/1178 1177/1177/1177
f 1178/1178/1178 1179/1179/1179 1180/1180/1180
f 1183/1183/1183 1182/1182/1182 1181/1181/1181
f 1182/1182/1182 1183/1183/1183 1184/1184/1184
f 1187/1187/1187 1186/1186/1186 1185/1185/1185
f 1186/1186/1186 1187/1187/1187 1188/1188/1188
f 1191/1191/1191 1190/1190/1190 1189/1189/1189
f 1190/1190/1190 1191/1191/1191 1192/1192/1192
f 1195/1195/1195 1194/1194/1194 1193/1193/1193
f 1194/1194/1194 1195/1195/1195 1196/1196/1196
f 1199/1199/1199 1198/1198/1198 1197/1197/1197
f 1198/1198/1198 1199/1199/1199 1200/1200/1200
f 1203/1203/1203 1202/1202/1202 1201/1201/1201
f 1202/1202/1202 1203/1203/1203 1204/1204/1204
f 1207/1207/1207 1206/1206/1206 1205/1205/1205
f 1206/1206/1206 1207/1207/1207 1208/1208/1208
f 1211/1211/1211 1210/1210/1210 1209/1209/1209
f 1210/1210/1210 1211/1211/1211 1212/1212/1212
f 1215/1215/1215 1214/1214/1214 1213/1213/1213
f 1214/1214/1214 1215/1215/1215 1216/1216/1216
f 1219/1219/1219 1218/1218/1218 1217/1217/1217
f 1218/1218/1218 1219/1219/1219 1220/1220/1220
f 1223/1223/1223 1222/1222/1222 1221/1221/1221
f 1222/1222/1222 1223/1223/1223 1224/1224/1224
f 1227/1227/1227 1226/1226/1226 1225/1225/1225
f 1226/1226/1226 1227/1227/1227 1228/1228/1228
f 1231/1231/1231 1230/1230/1230 1229/1229/1229
f 1230/1230/1230 1231/1231/1231 1232/1232/1232
f 1235/1235/1235 1234/1234/1234 1233/1233/1233
f 1234/1234/1234 1235/1235/1235 1236/1236/1236
f 1239/1239/1239 1238/1238/1238 1237/1237/1237
f 1238/1238/1238 1239/1239/1239 1240/1240/1240
f 1243/1243/1243 1242/1242/1242 1241/1241/1241
f 1242/1242/1242 1243/1243/1243 1244/1244/1244
f 1247/1247/1247 1246/1246/1246 1245/1245/1245
f 1246/1246/1246 1247/1247/1247 1248/1248/1248
f 1251/1251/1251 1250/1250/1250 1249/1249/1249
f 1250/1250/1250 1251/1251/1251 1252/1252/1252
f 1255/1255/1255 1254/1254/1254 1253/1253/1253
f 1254/1254/1254 1255/1255/1255 1256/1256/1256
f 1259/1259/1259 1258/1258/1258 1257/1257/1257
f 1258/1258/1258 1259/1259/1259 1260/1260/1260
f 1263/1263/1263 1262/1262/1262 1261/1261/1261
f 1262/1262/1262 1263/1263/1263 1264/1264/1264
f 1267/1267/1267 1266/1266/1266 1265/1265/1265
f 1266/1266/1266 1267/1267/1267 1268/1268/1268
f 1271/1271/1271 1270/1270/1270 1269/1269/1269
f 1270/1270/1270 1271/1271/1271 1272/1272/1272
f 1275/1275/1275 1274/1274/1274 1273/1273/1273
f 1274/1274/1274 1275/1275/1275 1276/1276/1276
f 1279/1279/1279 1278/1278/1278 1277/1277/1277
f 1278/1278/1278 1279/1279/1279 1280/1280/1280
f 1283/1283/1283 1282/1282/1282 1281/1281/1281
f 1282/1282/1282 1283/1283/1283 1284/1284/1284
f 1287/1287/1287 1286/1286/1286 1285/1285/1285
f 1286/1286/1286 1287/1287/1287 1288/1288/1288
f 1291/1291/1291 1290/1290/1290 1289/1289/1289
f 1290/1290/1290 1291/1291/1291 1292/1292/1292
f 1295/1295/1295 1294/1294/1294 1293/1293/1293
f 1294/1294/1294 1295/1295/1295 1296/1296/1296
f 1299/1299/1299 1298/1298/1298 1297/1297/1297
f 1298/1298/1298 1299/1299/1299 1300/1300/1300
f 1303/1303/1303 1302/1302/1302 1301/1301/1301
f 1302/1302/1302 1303/1303/1303 1304/1304/1304
f 1307/1307/1307 1306/1306/1306 1305/1305/1305
f 1306/1306/1306 1307/1307/1307 1308/1308/1308
f 1311/1311/1311 1310/1310/1310 1309/1309/1309
f 1310/1310/1310 1311/1311/1311 1312/1312/1312
f 1315/1315/1315 1314/1314/1314 1313/1313/1313
f 1314/1314/1314 1315/1315/1315 1316/1316/1316
f 1319/1319/1319 1318/1318/1318 1317/1317/1317
f 1318/1318/1318 1319/1319/1319 1320/1320/1320
f 1323/1323/1323 1322/1322/1322 1321/1321/1321
f 1322/1322/1322 1323/1323/1323 1324/1324/1324
f 1327/1327/1327 1326/1326/1326 1325/1325/1325
f 1326/1326/1326 1327/1327/1327 1328/1328/1328
f 1331/1331/1331 1330/1330/1330 1329/1329/1329
f 1330/1330/1330 1331/1331/1331 1332/1332/1332
f 1335/1335/1335 1334/1334/1334 1333/1333/1333
f 1334/1334/1334 1335/1335/1335 1336/1336/1336
f 1339/1339/1339 1338/1338/1338 1337/1337/1337
f 1338/1338/1338 1339/1339/1339 1340/1340/1340
f 1343/1343/1343 1342/1342/1342 1341/1341/1341
f 1342/1342/1342 1343/1343/1343 1344/1344/1344
f 1347/1347/1347 1346/1346/1346 1345/1345/1345
f 1346/1346/1346 1347/1347/1347 1348/1348/1348
f 1351/1351/1351 1350/1350/1350 1349/1349/1349
f 1350/1350/1350 1351/1351/1351 1352/1352/1352
f 1355/1355/1355 1354/1354/1354 1353/1353/1353
f 1354/1354/1354 1355/1355/1355 1356/1356/1356
f 1359/1359/1359 1358/1358/1358 1357/1357/1357
f 1358/1358/1358 1359/1359/1359 1360/1360/1360
f 1363/1363/1363 1362/1362/1362 1361/1361/1361
f 1362/1362/1362 1363/1363/1363 1364/1364/1364
f 1367/1367/1367 1366/1366/1366 1365/1365/1365
f 1366/1366/1366 1367/1367/1367 1368/1368/1368
f 1371/1371/1371 1370/1370/1370 1369/1369/1369
f 1370/1370/1370 1371/1371/1371 1372/1372/1372
f 1375/1375/1375 1374/1374/1374 1373/1373/1373
f 1374/1374/1374 1375/1375/1375 1376/1376/1376
f 1379/1379/1379 1378/1378/1378 1377/1377/1377
f 1378/1378/1378 1379/1379/1379 1380/1380/1380
f 1383/1383/1383 1382/1382/1382 1381/1381/1381
f 1382/1382/1382 1383/1383/1383 1384/1384/1384
f 1387/1387/1387 1386/1386/1386 1385/1385/1385
f 1386/1386/1386 1387/1387/1387 1388/1388/1388
f 1391/1391/1391 1390/1390/1390 1389/1389/1389
f 1390/1390/1390 1391/1391/1391 1392/1392/1392
f 1395/1395/1395 1394/1394/1394 1393/1393/1393
f 1394/1394/1394 1395/1395/1395 1396/1396/1396
f 1399/1399/1399 1398/1398/1398 1397/1397/1397
f 1398/1398/1398 1399/1399/1399 1400/1400/1400
f 1403/1403/1403 1402/1402/1402 1401/1401/1401
f 1402/1402/1402 1403/1403/1403 1404/1404/1404
f 1407/1407/1407 1406/1406/1406 1405/1405/1405
f 1406/1406/1406 1407/1407/1407 1408/1408/1408
f 1411/1411/1411 1410/1410/1410 1409/1409/1409
f 1410/1410/1410 1411/1411/1411 1412/1412/1412
f 1415/1415/1415 1414/1414/1414 1413/1413/1413
f 1414/1414/1414 1415/1415/1415 1416/1416/1416
f 1419/1419/1419 1418/1418/1418 1417/1417/1417
f 1418/1418/1418 1419/1419/1419 1420/1420/1420
f 1423/1423/1423 1422/1422/1422 1421/1421/1421
f 1422/1422/1422 1423/1423/1423 1424/1424/1424
f 1427/1427/1427 1426/1426/1426 1425/1425/1425
f 1426/1426/1426 1427/1427/1427 1428/1428/1428
f 1431/1431/1431 1430/1430/1430 1429/1429/1429
f 1430/1430/1430 1431/1431/1431 1432/1432/1432
f 1435/1435/1435 1434/1434/1434 1433/1433/1433
f 1434/1434/1434 1435/1435/1435 1436/1436/1436
f 1439/1439/1439 1438/1438/1438 1437/1437/1437
f 1438/1438/1438 1439/1439/1439 1440/1440/1440
f 1443/1443/1443 1442/1442/1442 1441/1441/1441
f 1442/1442/1442 1443/1443/1443 1444/1444/1444
f 1447/1447/1447 1446/1446/1446 1445/1445/1445
f 1446/1446/1446 1447/1447/1447 1448/1448/1448
f 1451/1451/1451 1450/1450/1450 1449/1449/1449
f 1450/1450/1450 1451/1451/1451 1452/1452/1452
f 1455/1455/1455 1454/1454/1454 1453/1453/1453
f 1454/1454/1454 1455/1455/1455 1456/1456/1456
f 1459/1459/1459 1458/1458/1458 1457/1457/1457
f 1458/1458/1458 1459/1459/1459 1460/1460/1460
f 1463/1463/1463 1462/1462/1462 1461/1461/1461
f 1462/1462/1462 1463/1463/1463 1464/1464/1464
f 1467/1467/1467 1466/1466/1466 1465/1465/1465
f 1466/1466/1466 1467/1467/1467 1468/1468/1468
f 1471/1471/1471 1470/1470/1470 1469/1469/1469
f 1470/1470/1470 1471/1471/1471 1472/1472/1472
f 1475/1475/1475 1474/1474/1474 1473/1473/1473
f 1474/1474/1474 1475/1475/1475 1476/1476/1476
f 1479/1479/1479 1478/1478/1478 1477/1477/1477
f 1478/1478/1478 1479/1479/1479 1480/1480/1480
f 1483/1483/1483 1482/1482/1482 1481/1481/1481
f 1482/1482/1482 1483/1483/1483 1484/1484/1484
f 1487/1487/1487 1486/1486/1486 1485/1485/1485
f 1486/1486/1486 1487/1487/1487 1488/1488/1488
f 1491/1491/1491 1490/1490/1490 1489/1489/1489
f 1490/1490/1490 1491/1491/1491 1492/1492/1492
f 1495/1495/1495 1494/1494/1494 1493/1493/1493
f 1494/1494/1494 1495/1495/1495 1496/1496/1496
f 1499/1499/1499 1498/1498/1498 1497/1497/1497
f 1498/1498/1498 1499/1499/1499 1500/1500/1500
f 1503/1503/1503 1502/1502/1502 1501/1501/1501
f 1502/1502/1502 1503/1503/1503 1504/1504/1504
f 1507/1507/1507 1506/1506/1506 1505/1505/1505
f 1506/1506/1506 1507/1507/1507 1508/1508/1508
f 1511/1511/1511 1510/1510/1510 1509/1509/1509
f 1510/1510/1510 1511/1511/1511 1512/1512/1512
f 1515/1515/1515 1514/1514/1514 1513/1513/1513
f 1514/1514/1514 1515/1515/1515 1516/1516/1516
f 1519/1519/1519 1518/1518/1518 1517/1517/1517
f 1518/1518/1518 1519/1519/1519 1520/1520/1520
f 1523/1523/1523 1522/1522/1522 1521/1521/1521
f 1522/1522/1522 1523/1523/1523 1524/1524/1524
f 1527/1527/1527 1526/1526/1526 1525/1525/1525
f 1526/1526/1526 1527/1527/1527 1528/1528/1528
f 1531/1531/1531 1530/1530/1530 1529/1529/1529
f 1530/1530/1530 1531/1531/1531 1532/1532/1532
f 1535/1535/1535 1534/1534/1534 1533/1533/1533
f 1534/1534/1534 1535/1535/1535 1536/1536/1536
f 1539/1539/1539 1538/1538/1538 1537/1537/1537
f 1538/1538/1538 1539/1539/1539 1540/1540/1540
f 1543/1543/1543 1542/1542/1542 1541/1541/1541
f 1542/1542/1542 1543/1543/1543 1544/1544/1544
f 1547/1547/1547 1546/1546/1546 1545/1545/1545
f 1546/1546/1546 1547/1547/1547 1548/1548/1548
f 1551/1551/1551 1550/1550/1550 1549/1549/1549
f 1550/1550/1550 1551/1551/1551 1552/1552/1552
f 1555/1555/1555 1554/1554/1554 1553/1553/1553
f 1554/1554/1554 1555/1555/1555 1556/1556/1556
f 1559/1559/1559 1558/1558/1558 1557/1557/1557
f 1558/1558/1558 1559/1559/1559 1560/1560/1560
f 1563/1563/1563 1562/1562/1562 1561/1561/1561
f 1562/1562/1562 1563/1563/1563 1564/1564/1564
f 1567/1567/1567 1566/1566/1566 1565/1565/1565
f 1566/1566/1566 1567/1567/1567 1568/1568/1568
f 1571/1571/1571 1570/1570/1570 1569/1569/1569
f 1570/1570/1570 1571/1571/1571 1572/1572/1572
g B001_FB03_2
f 1575/1575/1575 1574/1574/1574 1573/1573/1573
f 1574/1574/1574 1575/1575/1575 1576/1576/1576
f 1579/1579/1579 1578/1578/1578 1577/1577/1577
f 1578/1578/1578 1579/1579/1579 1580/1580/1580
f 1583/1583/1583 1582/1582/1582 1581/1581/1581
f 1582/1582/1582 1583/1583/1583 1584/1584/1584
f 1587/1587/1587 1586/1586/1586 1585/1585/1585
f 1586/1586/1586 1587/1587/1587 1588/1588/1588
f 1591/1591/1591 1590/1590/1590 1589/1589/1589
f 1590/1590/1590 1591/1591/1591 1592/1592/1592
f 1595/1595/1595 1594/1594/1594 1593/1593/1593
f 1594/1594/1594 1595/1595/1595 1596/1596/1596
f 1599/1599/1599 1598/1598/1598 1597/1597/1597
f 1598/1598/1598 1599/1599/1599 1600/1600/1600
f 1603/1603/1603 1602/1602/1602 1601/1601/1601
f 1602/1602/1602 1603/1603/1603 1604/1604/1604
f 1607/1607/1607 1606/1606/1606 1605/1605/1605
f 1606/1606/1606 1607/1607/1607 1608/1608/1608
f 1611/1611/1611 1610/1610/1610 1609/1609/1609
f 1610/1610/1610 1611/1611/1611 1612/1612/1612
f 1615/1615/1615 1614/1614/1614 1613/1613/1613
f 1614/1614/1614 1615/1615/1615 1616/1616/1616
f 1619/1619/1619 1618/1618/1618 1617/1617/1617
f 1618/1618/1618 1619/1619/1619 1620/1620/1620
g B001_FB03_3
f 1623/1623/1623 1622/1622/1622 1621/1621/1621
f 1622/1622/1622 1623/1623/1623 1624/1624/1624
f 1627/1627/1627 1626/1626/1626 1625/1625/1625
f 1626/1626/1626 1627/1627/1627 1628/1628/1628
f 1631/1631/1631 1630/1630/1630 1629/1629/1629
f 1630/1630/1630 1631/1631/1631 1632/1632/1632
f 1635/1635/1635 1634/1634/1634 1633/1633/1633
f 1634/1634/1634 1635/1635/1635 1636/1636/1636
f 1639/1639/1639 1638/1638/1638 1637/1637/1637
f 1638/1638/1638 1639/1639/1639 1640/1640/1640
f 1643/1643/1643 1642/1642/1642 1641/1641/1641
f 1642/1642/1642 1643/1643/1643 1644/1644/1644
f 1647/1647/1647 1646/1646/1646 1645/1645/1645
f 1646/1646/1646 1647/1647/1647 1648/1648/1648
f 1651/1651/1651 1650/1650/1650 1649/1649/1649
f 1650/1650/1650 1651/1651/1651 1652/1652/1652
f 1655/1655/1655 1654/1654/1654 1653/1653/1653
f 1654/1654/1654 1655/1655/1655 1656/1656/1656
f 1659/1659/1659 1658/1658/1658 1657/1657/1657
f 1658/1658/1658 1659/1659/1659 1660/1660/1660
f 1663/1663/1663 1662/1662/1662 1661/1661/1661
f 1662/1662/1662 1663/1663/1663 1664/1664/1664
f 1667/1667/1667 1666/1666/1666 1665/1665/1665
f 1666/1666/1666 1667/1667/1667 1668/1668/1668
