g B002_R_001
v -5.7410007 3.662506 24.56129
v -6.1410203 3.662506 24.159435
v -5.7409425 44.076145 24.528053
v -6.1409717 44.076145 24.126198
v -5.7409425 44.076145 24.528053
v -6.1410203 3.662506 24.159435
v -6.1410203 3.662506 24.159435
v -5.7410007 3.662506 24.56129
v -5.7400827 3.5126379 24.160343
v 0.7963623 3.662506 24.015724
v 0.39543456 3.48693 24.014826
v 0.3945166 3.662506 24.415764
v -6.2031393 3.662528 -25.369568
v -6.604985 3.662528 -24.969538
v -6.2040477 3.2984557 -24.96863
v -0.067617185 3.662528 -25.5151
v -0.06851074 3.2984557 -25.114166
v 0.33240235 3.662528 -25.113249
v -6.2040477 3.2984557 -24.96863
v -6.604985 3.662528 -24.969538
v -5.7400827 3.5126379 24.160343
v -6.1410203 3.662506 24.159435
v -5.7400827 3.5126379 24.160343
v -6.604985 3.662528 -24.969538
v 0.39543456 3.48693 24.014826
v 0.7963623 3.662506 24.015724
v -0.06851074 3.2984557 -25.114166
v 0.33240235 3.662528 -25.113249
v -0.06851074 3.2984557 -25.114166
v 0.7963623 3.662506 24.015724
v -5.7400827 3.5126379 24.160343
v -5.7410007 3.662506 24.56129
v 0.39543456 3.48693 24.014826
v 0.3945166 3.662506 24.415764
v 0.39543456 3.48693 24.014826
v -5.7410007 3.662506 24.56129
v -4.131562 -11.79827 -19.367718
v -4.329736 -11.798275 -19.580225
v -4.1309667 -8.776688 -19.384747
v -4.32915 -8.776686 -19.597256
v -4.1309667 -8.776688 -19.384747
v -4.329736 -11.798275 -19.580225
v -4.329736 -11.798275 -19.580225
v -4.131562 -11.79827 -19.367718
v -4.124385 -12.147371 -19.57306
v -0.34204102 -11.798275 -19.433239
v -0.54737794 -12.147371 -19.440395
v -0.5545459 -11.79827 -19.235054
v -3.6882763 -11.79827 -24.402346
v -3.9007764 -11.79827 -24.204166
v -3.6954346 -12.147367 -24.197
v -0.111259766 -11.79827 -24.26968
v -0.1184082 -12.147367 -24.06434
v 0.08691894 -11.79827 -24.057177
v -4.9294724 -31.819628 -18.025106
v -5.140869 -31.819628 -18.224472
v -4.9299707 -23.018824 -18.042141
v -5.1413717 -23.018824 -18.241507
v -4.9299707 -23.018824 -18.042141
v -5.140869 -31.819628 -18.224472
v -5.140869 -31.819628 -18.224472
v -4.9294724 -31.819628 -18.025106
v -4.935478 -32.025093 -18.230488
v -1.1519482 -31.819628 -18.333427
v -1.3573242 -32.025093 -18.327406
v -1.3513086 -31.819628 -18.122026
v -4.953769 -31.819618 -23.947
v -5.1531296 -31.819618 -23.735607
v -4.947754 -32.025085 -23.741621
v -1.3756104 -31.819618 -24.043919
v -1.36958 -32.025085 -23.838541
v -1.1642188 -31.819618 -23.844555
v -4.1199656 -30.06285 -11.141499
v -4.3051414 -30.062857 -11.324503
v -4.1200485 -24.96438 -11.156757
v -4.3052344 -24.96438 -11.339766
v -4.1200485 -24.96438 -11.156757
v -4.3051414 -30.062857 -11.324503
v -4.3051414 -30.062857 -11.324503
v -4.1199656 -30.06285 -11.141499
v -4.12104 -30.246948 -11.325587
v -0.7298535 -30.062857 -11.3385725
v -0.9139453 -30.246948 -11.337479
v -0.9128564 -30.06285 -11.153392
v -4.1657667 -30.062836 -21.304897
v -4.3487644 -30.062836 -21.119719
v -4.1646776 -30.246927 -21.120802
v -0.9586621 -30.062836 -21.316786
v -0.9575586 -30.246927 -21.132694
v -0.7734863 -30.062836 -21.133781
v -5.238784 -30.956205 25.344055
v -5.443984 -30.956205 25.138323
v -5.2387547 -20.950151 25.327034
v -5.443965 -20.950151 25.12129
v -5.2387547 -20.950151 25.327034
v -5.443984 -30.956205 25.138323
v -5.443984 -30.956205 25.138323
v -5.238784 -30.956205 25.344055
v -5.238506 -31.161674 25.138596
v -1.4535937 -30.956205 25.151407
v -1.6590576 -31.161674 25.151144
v -1.659331 -30.956205 25.356623
v -5.008286 -30.956177 -14.991704
v -5.2140136 -30.956177 -14.786509
v -5.0085545 -31.161644 -14.786235
v -1.4288379 -30.956177 -14.979143
v -1.4290918 -31.161644 -14.773677
v -1.2236377 -30.956177 -14.773408
v -5.4077635 -25.314976 -12.930852
v -5.616689 -25.314976 -13.132808
v -5.4080467 -17.527235 -12.947883
v -5.6169825 -17.527235 -13.149838
v -5.4080467 -17.527235 -12.947883
v -5.616689 -25.314976 -13.132808
v -5.616689 -25.314976 -13.132808
v -5.4077635 -25.314976 -12.930852
v -5.41124 -25.520443 -13.136289
v -1.6267285 -25.31498 -13.192685
v -1.8321631 -25.520449 -13.189189
v -1.8286767 -25.314976 -12.9837475
v -5.4316993 -25.314966 -21.945507
v -5.6336427 -25.314966 -21.736584
v -5.428203 -25.520433 -21.740072
v -1.8526171 -25.314966 -21.998404
v -1.8491113 -25.520433 -21.792969
v -1.6436865 -25.314966 -21.796455
v -10.442065 -24.092533 25.437082
v -10.842085 -24.092533 25.035227
v -10.442007 -9.429596 25.40384
v -10.8420315 -9.429596 25.001984
v -10.442007 -9.429596 25.40384
v -10.842085 -24.092533 25.035227
v -10.842085 -24.092533 25.035227
v -10.442065 -24.092533 25.437082
v -10.441147 -24.49348 25.036135
v -1.77479 -24.092543 24.891506
v -2.1757226 -24.56225 24.890608
v -2.1766357 -24.092533 25.291555
v -10.904199 -24.049408 -24.493782
v -11.306045 -24.049417 -24.09375
v -10.9051075 -25.023422 -24.092844
v -2.6387744 -24.049417 -24.63931
v -2.639668 -25.023413 -24.238379
v -2.2387547 -24.049417 -24.237463
v -10.9051075 -25.023422 -24.092844
v -11.306045 -24.049417 -24.09375
v -10.441147 -24.49348 25.036135
v -10.842085 -24.092533 25.035227
v -10.441147 -24.49348 25.036135
v -11.306045 -24.049417 -24.09375
v -2.1757226 -24.56225 24.890608
v -1.77479 -24.092543 24.891506
v -2.639668 -25.023413 -24.238379
v -2.2387547 -24.049417 -24.237463
v -2.639668 -25.023413 -24.238379
v -1.77479 -24.092543 24.891506
v -10.441147 -24.49348 25.036135
v -10.442065 -24.092533 25.437082
v -2.1757226 -24.56225 24.890608
v -2.1766357 -24.092533 25.291555
v -2.1757226 -24.56225 24.890608
v -10.442065 -24.092533 25.437082
v -7.37562 -45.2461 25.637331
v -6.9756002 -45.2461 26.039186
v -6.9746823 -45.277576 25.638239
v 1.9129248 -45.2461 25.49361
v 1.511997 -45.346348 25.492712
v 1.5110791 -45.2461 25.89366
v -7.4377294 -45.202976 -26.05123
v -7.839575 -45.202988 -25.651201
v -7.4386377 -45.807518 -25.650288
v 1.0489404 -45.202976 -26.196762
v 1.0480517 -45.80751 -25.795824
v 1.44896 -45.202988 -25.794912
v -7.4386377 -45.807518 -25.650288
v -7.839575 -45.202988 -25.651201
v -6.9746823 -45.277576 25.638239
v -7.37562 -45.2461 25.637331
v -6.9746823 -45.277576 25.638239
v -7.839575 -45.202988 -25.651201
v 1.511997 -45.346348 25.492712
v 1.9129248 -45.2461 25.49361
v 1.0480517 -45.80751 -25.795824
v 1.44896 -45.202988 -25.794912
v 1.0480517 -45.80751 -25.795824
v 1.9129248 -45.2461 25.49361
v -6.9746823 -45.277576 25.638239
v -6.9756002 -45.2461 26.039186
v 1.511997 -45.346348 25.492712
v 1.5110791 -45.2461 25.89366
v 1.511997 -45.346348 25.492712
v -6.9756002 -45.2461 26.039186
v -13.419218 45.870052 -22.397264
v -13.832685 45.870052 -22.009272
v -13.419199 -29.690903 -22.397316
v -13.832676 -29.690903 -22.009314
v -13.419199 -29.690903 -22.397316
v -13.832685 45.870052 -22.009272
v -14.039512 -29.690903 24.448586
v -13.651524 -29.690903 24.862062
v -13.638779 -29.840765 24.46133
v -5.280498 -29.690918 24.62093
v -5.6812305 -29.866493 24.608194
v -5.6939697 -29.690918 25.008938
v -13.419199 -29.690903 -22.397316
v -13.832676 -29.690903 -22.009314
v -13.431933 -30.054976 -21.996576
v -5.4616504 -29.690903 -22.250452
v -5.474375 -30.054976 -21.849718
v -5.073657 -29.690903 -21.836975
v -13.431933 -30.054976 -21.996576
v -13.832676 -29.690903 -22.009314
v -13.638779 -29.840765 24.46133
v -14.039512 -29.690903 24.448586
v -13.638779 -29.840765 24.46133
v -13.832676 -29.690903 -22.009314
v -5.6812305 -29.866493 24.608194
v -5.280498 -29.690918 24.62093
v -5.474375 -30.054976 -21.849718
v -5.073657 -29.690903 -21.836975
v -5.474375 -30.054976 -21.849718
v -5.280498 -29.690918 24.62093
v -13.638779 -29.840765 24.46133
v -13.651524 -29.690903 24.862062
v -5.6812305 -29.866493 24.608194
v -5.6939697 -29.690918 25.008938
v -5.6812305 -29.866493 24.608194
v -13.651524 -29.690903 24.862062
v -13.905014 -45.643326 27.29026
v -14.436621 -45.643326 26.756218
v -13.904936 -23.313364 27.246105
v -14.436547 -23.313364 26.712063
v -13.904936 -23.313364 27.246105
v -14.436621 -45.643326 26.756218
v -14.436621 -45.643326 26.756218
v -13.905014 -45.643326 27.29026
v -13.903793 -45.68515 26.757439
v -2.0926123 -45.643326 26.565222
v -2.6254344 -45.776546 26.56404
v -2.6266456 -45.643326 27.096863
v -14.51917 -45.58601 -27.096857
v -15.053203 -45.586018 -26.565237
v -14.520375 -46.38942 -26.564028
v -3.2408056 -45.586018 -27.29026
v -3.2419872 -46.38941 -26.75744
v -2.7091942 -45.586018 -26.756227
v -14.520375 -46.38942 -26.564028
v -15.053203 -45.586018 -26.565237
v -13.903793 -45.68515 26.757439
v -14.436621 -45.643326 26.756218
v -13.903793 -45.68515 26.757439
v -15.053203 -45.586018 -26.565237
v -2.6254344 -45.776546 26.56404
v -2.0926123 -45.643326 26.565222
v -3.2419872 -46.38941 -26.75744
v -2.7091942 -45.586018 -26.756227
v -3.2419872 -46.38941 -26.75744
v -2.0926123 -45.643326 26.565222
v -13.903793 -45.68515 26.757439
v -13.905014 -45.643326 27.29026
v -2.6254344 -45.776546 26.56404
v -2.6266456 -45.643326 27.096863
v -2.6254344 -45.776546 26.56404
v -13.905014 -45.643326 27.29026
v -1.9767724 3.0049841 12.467514
v -2.3014112 3.0049841 12.141384
v -1.9767236 8.907293 12.440554
v -2.301367 8.907293 12.114426
v -1.9767236 8.907293 12.440554
v -2.3014112 3.0049841 12.141384
v -2.3014112 3.0049841 12.141384
v -1.9767724 3.0049841 12.467514
v -1.9760253 2.6795886 12.142126
v 1.1703417 3.0049767 12.024754
v 0.8449609 2.6237755 12.024026
v 0.84421873 3.0049841 12.349409
v -2.3518212 3.0399754 -2.7428296
v -2.6779394 3.0399683 -2.4181836
v -2.3525586 2.2495165 -2.4174535
v 0.4691699 3.0399683 -2.8609374
v 0.46844238 2.2495263 -2.535564
v 0.7938086 3.0399683 -2.5348144
v -2.3525586 2.2495165 -2.4174535
v -2.6779394 3.0399683 -2.4181836
v -1.9760253 2.6795886 12.142126
v -2.3014112 3.0049841 12.141384
v -1.9760253 2.6795886 12.142126
v -2.6779394 3.0399683 -2.4181836
v 0.8449609 2.6237755 12.024026
v 1.1703417 3.0049767 12.024754
v 0.46844238 2.2495263 -2.535564
v 0.7938086 3.0399683 -2.5348144
v 0.46844238 2.2495263 -2.535564
v 1.1703417 3.0049767 12.024754
v -1.9760253 2.6795886 12.142126
v -1.9767724 3.0049841 12.467514
v 0.8449609 2.6237755 12.024026
v 0.84421873 3.0049841 12.349409
v 0.8449609 2.6237755 12.024026
v -1.9767724 3.0049841 12.467514
v -5.7410007 -10.291852 24.561287
v -6.1410203 -10.291852 24.159431
v -5.7409425 -1.6255652 24.528059
v -6.1409717 -1.6255652 24.126204
v -5.7409425 -1.6255652 24.528059
v -6.1410203 -10.291852 24.159431
v -6.1410203 -10.291852 24.159431
v -5.7410007 -10.291852 24.561287
v -5.7400827 -10.441725 24.16034
v 0.7963623 -10.291852 24.01572
v 0.39543456 -10.467428 24.014822
v 0.3945166 -10.291852 24.415758
v -6.2031393 -10.29183 -25.369568
v -6.604985 -10.29183 -24.969538
v -6.2040477 -10.655902 -24.96863
v -0.067617185 -10.29183 -25.5151
v -0.06851074 -10.655902 -25.114166
v 0.33240235 -10.29183 -25.113249
v -6.2040477 -10.655902 -24.96863
v -6.604985 -10.29183 -24.969538
v -5.7400827 -10.441725 24.16034
v -6.1410203 -10.291852 24.159431
v -5.7400827 -10.441725 24.16034
v -6.604985 -10.29183 -24.969538
v 0.39543456 -10.467428 24.014822
v 0.7963623 -10.291852 24.01572
v -0.06851074 -10.655902 -25.114166
v 0.33240235 -10.29183 -25.113249
v -0.06851074 -10.655902 -25.114166
v 0.7963623 -10.291852 24.01572
v -5.7400827 -10.441725 24.16034
v -5.7410007 -10.291852 24.561287
v 0.39543456 -10.467428 24.014822
v 0.3945166 -10.291852 24.415758
v 0.39543456 -10.467428 24.014822
v -5.7410007 -10.291852 24.561287
v -5.3380613 -2.3635924 -9.463377
v -4.899702 -2.3635924 -9.06152
v -4.898696 -2.7645397 -9.462469
v 1.6648828 -2.3635974 -9.607092
v 1.2255175 -2.7645397 -9.607997
v 1.2245214 -2.3635924 -9.20705
v -5.229961 -2.363568 -24.645002
v -5.670322 -2.3635728 -24.244968
v -5.230957 -2.7645154 -24.244064
v 0.9403613 -2.3635728 -24.790539
v 0.93938476 -2.7645104 -24.389606
v 1.3787206 -2.3635728 -24.388689
v -4.531606 -0.9753869 -12.58767
v -4.3016114 -0.9688098 -12.288281
v -4.3048778 -1.2964368 -12.5848675
v 1.6097168 -1.090968 -24.300549
v 1.6195264 -1.4167541 -24.034464
v 1.8508154 -1.0906726 -24.04087
v 1.8145165 3.1597314 -24.068308
v 1.7632177 1.7282189 -22.291224
v 1.7876757 2.114662 -22.37714
v 1.9074365 -1.0554187 -22.248425
v 1.8318212 -0.49963734 -22.031237
v 1.8517187 -0.48725462 -22.526842
v 1.8103955 2.560908 -21.841726
v 1.813291 3.0723145 -22.048632
v 1.7922412 2.5202403 -22.08469
v 1.9069238 2.0796998 -18.806
v 1.9225488 2.972351 -18.782137
v 1.8848388 2.45464 -19.108646
v 1.9588915 5.0485215 -18.726633
v 2.0288818 2.9589233 -17.550768
v 1.9704003 5.0555725 -17.527514
v 2.0468116 2.7001624 -16.45622
v 2.0164306 5.0837793 -12.730383
v 2.0430663 1.7966247 -12.696865
v 2.1679785 1.1532104 -17.573603
v 2.082998 -0.5071765 -17.521832
v 2.0773046 -0.9436096 -12.653787
v 1.9013574 5.0132627 -20.20414
v 1.9225488 2.972351 -18.782137
v 1.860869 3.0133862 -20.26858
v 1.8848388 2.45464 -19.108646
v 1.8495849 2.707445 -20.286543
v 1.838623 3.0409424 -21.100962
v 1.813291 3.0723145 -22.048632
v 1.8438183 4.978004 -22.273708
v 1.8145165 3.1597314 -24.068308
v 1.7862792 4.9427443 -24.101564
v 1.8145165 3.1597314 -24.068308
v 1.7922412 2.5202403 -22.08469
v 1.7876757 2.114662 -22.37714
v 1.7632177 1.7282189 -22.291224
v 1.8326659 0.35594115 -24.04693
v 1.8508154 -1.0906726 -24.04087
v 1.8517187 -0.48725462 -22.526842
v 1.8124804 0.5721179 -22.340218
v 1.8043798 1.1401684 -22.577047
v 2.0206835 -0.97885376 -18.707134
v 2.0313866 -0.50364137 -18.768023
v 2.0003319 -1.031676 -19.409649
v 2.082998 -0.5071765 -17.521832
v 2.1679785 1.1532104 -17.573603
v 2.0421143 -0.16797484 -18.563639
v 2.019707 0.45181882 -18.83685
v 2.1679785 1.1532104 -17.573603
v 1.9253857 0.89469725 -18.810896
v 1.7632177 1.7282189 -22.291224
v 1.8326659 0.35594115 -24.04693
v 1.8043798 1.1401684 -22.577047
v 2.0421143 -0.16797484 -18.563639
v 2.1679785 1.1532104 -17.573603
v 2.019707 0.45181882 -18.83685
v 1.9074365 -1.0554187 -22.248425
v 1.8517187 -0.48725462 -22.526842
v 1.8508154 -1.0906726 -24.04087
v 2.0003319 -1.031676 -19.409649
v 2.0313866 -0.50364137 -18.768023
v 1.9582226 -0.5400012 -19.383753
v -2.4472117 -22.288656 24.236088
v -2.8472314 -22.288652 23.834232
v -2.4471533 -8.6282215 24.202848
v -2.8471777 -8.6282215 23.800993
v -2.4471533 -8.6282215 24.202848
v -2.8472314 -22.288652 23.834232
v -2.8472314 -22.288652 23.834232
v -2.4472117 -22.288656 24.236088
v -2.4462936 -22.644888 23.835146
v 1.4306592 -22.288662 23.690517
v 1.0297265 -22.713657 23.68962
v 1.0288135 -22.288652 24.09056
v -2.9093456 -22.245531 -25.69477
v -3.3111913 -22.24554 -25.29474
v -2.9102538 -22.673456 -25.293835
v 0.56667477 -22.24554 -25.840302
v 0.56578124 -22.673447 -25.439371
v 0.9666943 -22.24554 -25.438452
v -2.9102538 -22.673456 -25.293835
v -3.3111913 -22.24554 -25.29474
v -2.4462936 -22.644888 23.835146
v -2.8472314 -22.288652 23.834232
v -2.4462936 -22.644888 23.835146
v -3.3111913 -22.24554 -25.29474
v -2.4462936 -22.644888 23.835146
v -2.4472117 -22.288656 24.236088
v 1.0297265 -22.713657 23.68962
v 1.0288135 -22.288652 24.09056
v 1.0297265 -22.713657 23.68962
v -2.4472117 -22.288656 24.236088
v -2.5071435 -18.285856 19.913462
v -2.907163 -18.285862 19.511608
v -2.5070848 -2.8215392 19.880232
v -2.9071093 -2.821539 19.478378
v -2.5070848 -2.8215392 19.880232
v -2.907163 -18.285862 19.511608
v -2.907163 -18.285862 19.511608
v -2.5071435 -18.285856 19.913462
v -2.5062256 -18.686813 19.512522
v 1.3707275 -18.285872 19.367893
v 0.9697949 -18.755583 19.366995
v 0.9688818 -18.285862 19.767937
v -2.9692774 -18.284292 1.1712621
v -3.371123 -18.284311 1.5712914
v -2.9701855 -18.640593 1.5721997
v 0.50674313 -18.284302 1.02573
v 0.5058496 -18.640583 1.4266626
v 0.90676266 -18.284311 1.4275799
v -2.9701855 -18.640593 1.5721997
v -3.371123 -18.284311 1.5712914
v -2.5062256 -18.686813 19.512522
v -2.907163 -18.285862 19.511608
v -2.5062256 -18.686813 19.512522
v -3.371123 -18.284311 1.5712914
v 0.9697949 -18.755583 19.366995
v 1.3707275 -18.285872 19.367893
v 0.5058496 -18.640583 1.4266626
v 0.90676266 -18.284311 1.4275799
v 0.5058496 -18.640583 1.4266626
v 1.3707275 -18.285872 19.367893
v -2.5062256 -18.686813 19.512522
v -2.5071435 -18.285856 19.913462
v 0.9697949 -18.755583 19.366995
v 0.9688818 -18.285862 19.767937
v 0.9697949 -18.755583 19.366995
v -2.5071435 -18.285856 19.913462
v -1.6263769 -9.781967 -7.9925566
v -1.9510156 -9.781967 -8.3186865
v -1.6263281 -3.8796585 -8.01953
v -1.9509716 -3.8796585 -8.345658
v -1.6263281 -3.8796585 -8.01953
v -1.9510156 -9.781967 -8.3186865
v -1.9510156 -9.781967 -8.3186865
v -1.6263769 -9.781967 -7.9925566
v -1.6256299 -10.107363 -8.317945
v 1.5207373 -9.781973 -8.435318
v 1.1953564 -10.163174 -8.436048
v 1.1946142 -9.781967 -8.110662
v -2.0014257 -9.746972 -23.202911
v -2.327544 -9.746984 -22.878265
v -2.0021634 -10.110162 -22.87753
v 0.8195654 -9.746977 -23.32102
v 0.8188379 -10.110152 -22.99564
v 1.144204 -9.746984 -22.994894
v -2.0021634 -10.110162 -22.87753
v -2.327544 -9.746984 -22.878265
v -1.6256299 -10.107363 -8.317945
v -1.9510156 -9.781967 -8.3186865
v -1.6256299 -10.107363 -8.317945
v -2.327544 -9.746984 -22.878265
v -1.6256299 -10.107363 -8.317945
v -1.6263769 -9.781967 -7.9925566
v 1.1953564 -10.163174 -8.436048
v 1.1946142 -9.781967 -8.110662
v 1.1953564 -10.163174 -8.436048
v -1.6263769 -9.781967 -7.9925566
v -2.6847363 -11.169174 9.783173
v -3.084756 -11.169179 9.381317
v -2.6846776 4.29514 9.749945
v -3.084702 4.2951374 9.348089
v -2.6846776 4.29514 9.749945
v -3.084756 -11.169179 9.381317
v -3.084756 -11.169179 9.381317
v -2.6847363 -11.169174 9.783173
v -2.6838183 -11.570131 9.38223
v 1.1931348 -11.169189 9.237601
v 0.7922021 -11.638901 9.236703
v 0.79128903 -11.169179 9.637645
v -3.1468701 -11.126047 -14.090428
v -3.5487158 -11.126058 -13.690399
v -3.1477783 -11.584697 -13.689492
v 0.32915038 -11.12606 -14.23596
v 0.32825682 -11.584687 -13.835029
v 0.7291699 -11.126058 -13.83411
v -3.1477783 -11.584697 -13.689492
v -3.5487158 -11.126058 -13.690399
v -2.6838183 -11.570131 9.38223
v -3.084756 -11.169179 9.381317
v -2.6838183 -11.570131 9.38223
v -3.5487158 -11.126058 -13.690399
v -2.6838183 -11.570131 9.38223
v -2.6847363 -11.169174 9.783173
v 0.7922021 -11.638901 9.236703
v 0.79128903 -11.169179 9.637645
v 0.7922021 -11.638901 9.236703
v -2.6847363 -11.169174 9.783173
v -5.7409425 44.076145 24.528053
v 0.39459473 44.076145 24.382532
v -5.7410007 3.662506 24.56129
v 0.3945166 3.662506 24.415764
v 0.79643065 44.076145 23.982492
v 0.33239257 44.07619 -25.11321
v 0.7963623 3.662506 24.015724
v 0.33240235 3.662528 -25.113249
v -0.06762695 44.07619 -25.515055
v -6.2031493 44.07619 -25.369534
v -0.067617185 3.662528 -25.5151
v -6.2031393 3.662528 -25.369568
v -6.604995 44.07619 -24.96951
v -6.1409717 44.076145 24.126198
v -6.604985 3.662528 -24.969538
v -6.1410203 3.662506 24.159435
v 0.39459473 44.076145 24.382532
v 0.79643065 44.076145 23.982492
v 0.3945166 3.662506 24.415764
v 0.7963623 3.662506 24.015724
v 0.33239257 44.07619 -25.11321
v -0.06762695 44.07619 -25.515055
v 0.33240235 3.662528 -25.113249
v -0.067617185 3.662528 -25.5151
v -6.2031493 44.07619 -25.369534
v -6.604995 44.07619 -24.96951
v -6.2031393 3.662528 -25.369568
v -6.604985 3.662528 -24.969538
v -0.06851074 3.2984557 -25.114166
v -0.067617185 3.662528 -25.5151
v -6.2040477 3.2984557 -24.96863
v -6.2031393 3.662528 -25.369568
v -4.1309667 -8.776688 -19.384747
v -0.5539404 -8.776688 -19.252085
v -4.131562 -11.79827 -19.367718
v -0.5545459 -11.79827 -19.235054
v -0.3414453 -8.776688 -19.450268
v 0.08692382 -8.776683 -24.057175
v -0.34204102 -11.798275 -19.433239
v 0.08691894 -11.79827 -24.057177
v -0.111259766 -8.776683 -24.269674
v -3.688286 -8.776683 -24.40234
v -0.111259766 -11.79827 -24.26968
v -3.6882763 -11.79827 -24.402346
v -3.9007862 -8.776683 -24.204163
v -4.32915 -8.776686 -19.597256
v -3.9007764 -11.79827 -24.204166
v -4.329736 -11.798275 -19.580225
v -0.5539404 -8.776688 -19.252085
v -0.3414453 -8.776688 -19.450268
v -0.5545459 -11.79827 -19.235054
v -0.34204102 -11.798275 -19.433239
v 0.08692382 -8.776683 -24.057175
v -0.111259766 -8.776683 -24.269674
v 0.08691894 -11.79827 -24.057177
v -0.111259766 -11.79827 -24.26968
v -3.688286 -8.776683 -24.40234
v -3.9007862 -8.776683 -24.204163
v -3.6882763 -11.79827 -24.402346
v -3.9007764 -11.79827 -24.204166
v -3.6954346 -12.147367 -24.197
v -3.9007764 -11.79827 -24.204166
v -4.124385 -12.147371 -19.57306
v -4.329736 -11.798275 -19.580225
v -0.1184082 -12.147367 -24.06434
v -0.111259766 -11.79827 -24.26968
v -3.6954346 -12.147367 -24.197
v -3.6882763 -11.79827 -24.402346
v -0.54737794 -12.147371 -19.440395
v -0.34204102 -11.798275 -19.433239
v -0.1184082 -12.147367 -24.06434
v 0.08691894 -11.79827 -24.057177
v -4.124385 -12.147371 -19.57306
v -4.131562 -11.79827 -19.367718
v -0.54737794 -12.147371 -19.440395
v -0.5545459 -11.79827 -19.235054
v -4.9299707 -23.018824 -18.042141
v -1.3517969 -23.018824 -18.13906
v -4.9294724 -31.819628 -18.025106
v -1.3513086 -31.819628 -18.122026
v -1.1524463 -23.018824 -18.350456
v -1.164209 -23.018803 -23.844543
v -1.1519482 -31.819628 -18.333427
v -1.1642188 -31.819618 -23.844555
v -1.3756104 -23.018803 -24.04391
v -4.953779 -23.018803 -23.94699
v -1.3756104 -31.819618 -24.043919
v -4.953769 -31.819618 -23.947
v -5.1531396 -23.018803 -23.735598
v -5.1413717 -23.018824 -18.241507
v -5.1531296 -31.819618 -23.735607
v -5.140869 -31.819628 -18.224472
v -1.3517969 -23.018824 -18.13906
v -1.1524463 -23.018824 -18.350456
v -1.3513086 -31.819628 -18.122026
v -1.1519482 -31.819628 -18.333427
v -1.164209 -23.018803 -23.844543
v -1.3756104 -23.018803 -24.04391
v -1.1642188 -31.819618 -23.844555
v -1.3756104 -31.819618 -24.043919
v -4.953779 -23.018803 -23.94699
v -5.1531396 -23.018803 -23.735598
v -4.953769 -31.819618 -23.947
v -5.1531296 -31.819618 -23.735607
v -4.947754 -32.025085 -23.741621
v -5.1531296 -31.819618 -23.735607
v -4.935478 -32.025093 -18.230488
v -5.140869 -31.819628 -18.224472
v -1.36958 -32.025085 -23.838541
v -1.3756104 -31.819618 -24.043919
v -4.947754 -32.025085 -23.741621
v -4.953769 -31.819618 -23.947
v -1.3573242 -32.025093 -18.327406
v -1.1519482 -31.819628 -18.333427
v -1.36958 -32.025085 -23.838541
v -1.1642188 -31.819618 -23.844555
v -4.935478 -32.025093 -18.230488
v -4.9294724 -31.819628 -18.025106
v -1.3573242 -32.025093 -18.327406
v -1.3513086 -31.819628 -18.122026
v -4.1200485 -24.96438 -11.156757
v -0.9129394 -24.96438 -11.16865
v -4.1199656 -30.06285 -11.141499
v -0.9128564 -30.06285 -11.153392
v -0.72994137 -24.96438 -11.353827
v -0.77347654 -24.96436 -21.133774
v -0.7298535 -30.062857 -11.3385725
v -0.7734863 -30.062836 -21.133781
v -0.9586621 -24.96436 -21.316776
v -4.1657715 -24.96436 -21.304882
v -0.9586621 -30.062836 -21.316786
v -4.1657667 -30.062836 -21.304897
v -4.3487697 -24.96436 -21.119709
v -4.3052344 -24.96438 -11.339766
v -4.3487644 -30.062836 -21.119719
v -4.3051414 -30.062857 -11.324503
v -0.9129394 -24.96438 -11.16865
v -0.72994137 -24.96438 -11.353827
v -0.9128564 -30.06285 -11.153392
v -0.7298535 -30.062857 -11.3385725
v -0.77347654 -24.96436 -21.133774
v -0.9586621 -24.96436 -21.316776
v -0.7734863 -30.062836 -21.133781
v -0.9586621 -30.062836 -21.316786
v -4.1657715 -24.96436 -21.304882
v -4.3487697 -24.96436 -21.119709
v -4.1657667 -30.062836 -21.304897
v -4.3487644 -30.062836 -21.119719
v -4.1646776 -30.246927 -21.120802
v -4.3487644 -30.062836 -21.119719
v -4.12104 -30.246948 -11.325587
v -4.3051414 -30.062857 -11.324503
v -0.9575586 -30.246927 -21.132694
v -0.9586621 -30.062836 -21.316786
v -4.1646776 -30.246927 -21.120802
v -4.1657667 -30.062836 -21.304897
v -0.9139453 -30.246948 -11.337479
v -0.7298535 -30.062857 -11.3385725
v -0.9575586 -30.246927 -21.132694
v -0.7734863 -30.062836 -21.133781
v -4.12104 -30.246948 -11.325587
v -4.1199656 -30.06285 -11.141499
v -0.9139453 -30.246948 -11.337479
v -0.9128564 -30.06285 -11.153392
v -5.2387547 -20.950151 25.327034
v -1.6592969 -20.950151 25.339592
v -5.238784 -30.956205 25.344055
v -1.659331 -30.956205 25.356623
v -1.4535693 -20.950151 25.134396
v -1.2236328 -20.95013 -14.773394
v -1.4535937 -30.956205 25.151407
v -1.2236377 -30.956177 -14.773408
v -1.4288379 -20.95013 -14.979126
v -5.008296 -20.95013 -14.991684
v -1.4288379 -30.956177 -14.979143
v -5.008286 -30.956177 -14.991704
v -5.214023 -20.95013 -14.786494
v -5.443965 -20.950151 25.12129
v -5.2140136 -30.956177 -14.786509
v -5.443984 -30.956205 25.138323
v -1.6592969 -20.950151 25.339592
v -1.4535693 -20.950151 25.134396
v -1.659331 -30.956205 25.356623
v -1.4535937 -30.956205 25.151407
v -1.2236328 -20.95013 -14.773394
v -1.4288379 -20.95013 -14.979126
v -1.2236377 -30.956177 -14.773408
v -1.4288379 -30.956177 -14.979143
v -5.008296 -20.95013 -14.991684
v -5.214023 -20.95013 -14.786494
v -5.008286 -30.956177 -14.991704
v -5.2140136 -30.956177 -14.786509
v -5.0085545 -31.161644 -14.786235
v -5.2140136 -30.956177 -14.786509
v -5.238506 -31.161674 25.138596
v -5.443984 -30.956205 25.138323
v -1.4290918 -31.161644 -14.773677
v -1.4288379 -30.956177 -14.979143
v -5.0085545 -31.161644 -14.786235
v -5.008286 -30.956177 -14.991704
v -1.6590576 -31.161674 25.151144
v -1.4535937 -30.956205 25.151407
v -1.4290918 -31.161644 -14.773677
v -1.2236377 -30.956177 -14.773408
v -5.238506 -31.161674 25.138596
v -5.238784 -30.956205 25.344055
v -1.6590576 -31.161674 25.151144
v -1.659331 -30.956205 25.356623
v -5.4080467 -17.527235 -12.947883
v -1.828955 -17.527235 -13.000778
v -5.4077635 -25.314976 -12.930852
v -1.8286767 -25.314976 -12.9837475
v -1.6270165 -17.527235 -13.209709
v -1.6436816 -17.527227 -21.796452
v -1.6267285 -25.31498 -13.192685
v -1.6436865 -25.314966 -21.796455
v -1.8526171 -17.527227 -21.9984
v -5.431709 -17.527227 -21.945503
v -1.8526171 -25.314966 -21.998404
v -5.4316993 -25.314966 -21.945507
v -5.633652 -17.527227 -21.736582
v -5.6169825 -17.527235 -13.149838
v -5.6336427 -25.314966 -21.736584
v -5.616689 -25.314976 -13.132808
v -1.828955 -17.527235 -13.000778
v -1.6270165 -17.527235 -13.209709
v -1.8286767 -25.314976 -12.9837475
v -1.6267285 -25.31498 -13.192685
v -1.6436816 -17.527227 -21.796452
v -1.8526171 -17.527227 -21.9984
v -1.6436865 -25.314966 -21.796455
v -1.8526171 -25.314966 -21.998404
v -5.431709 -17.527227 -21.945503
v -5.633652 -17.527227 -21.736582
v -5.4316993 -25.314966 -21.945507
v -5.6336427 -25.314966 -21.736584
v -5.428203 -25.520433 -21.740072
v -5.6336427 -25.314966 -21.736584
v -5.41124 -25.520443 -13.136289
v -5.616689 -25.314976 -13.132808
v -1.8491113 -25.520433 -21.792969
v -1.8526171 -25.314966 -21.998404
v -5.428203 -25.520433 -21.740072
v -5.4316993 -25.314966 -21.945507
v -1.8321631 -25.520449 -13.189189
v -1.6267285 -25.31498 -13.192685
v -1.8491113 -25.520433 -21.792969
v -1.6436865 -25.314966 -21.796455
v -5.41124 -25.520443 -13.136289
v -5.4077635 -25.314976 -12.930852
v -1.8321631 -25.520449 -13.189189
v -1.8286767 -25.314976 -12.9837475
v -10.442007 -9.429596 25.40384
v -2.1765625 -9.429596 25.258312
v -10.442065 -24.092533 25.437082
v -2.1766357 -24.092533 25.291555
v -1.7747265 -9.429591 24.858273
v -2.2387645 -9.4295635 -24.237434
v -1.77479 -24.092543 24.891506
v -2.2387547 -24.049417 -24.237463
v -2.6387842 -9.4295635 -24.639278
v -10.904214 -9.4295635 -24.493757
v -2.6387744 -24.049417 -24.63931
v -10.904199 -24.049408 -24.493782
v -11.306059 -9.4295635 -24.093733
v -10.8420315 -9.429596 25.001984
v -11.306045 -24.049417 -24.09375
v -10.842085 -24.092533 25.035227
v -2.1765625 -9.429596 25.258312
v -1.7747265 -9.429591 24.858273
v -2.1766357 -24.092533 25.291555
v -1.77479 -24.092543 24.891506
v -2.2387645 -9.4295635 -24.237434
v -2.6387842 -9.4295635 -24.639278
v -2.2387547 -24.049417 -24.237463
v -2.6387744 -24.049417 -24.63931
v -10.904214 -9.4295635 -24.493757
v -11.306059 -9.4295635 -24.093733
v -10.904199 -24.049408 -24.493782
v -11.306045 -24.049417 -24.09375
v -2.639668 -25.023413 -24.238379
v -2.6387744 -24.049417 -24.63931
v -10.9051075 -25.023422 -24.092844
v -10.904199 -24.049408 -24.493782
v -6.975542 -21.776518 26.005968
v 1.5111572 -21.776518 25.860441
v -6.9756002 -45.2461 26.039186
v 1.5110791 -45.2461 25.89366
v 1.9129931 -21.776518 25.460402
v 1.4489502 -21.776484 -25.794878
v 1.9129248 -45.2461 25.49361
v 1.44896 -45.202988 -25.794912
v 1.0489306 -21.776484 -26.196724
v -7.437744 -21.776484 -26.0512
v 1.0489404 -45.202976 -26.196762
v -7.4377294 -45.202976 -26.05123
v -7.8395896 -21.776484 -25.651176
v -7.375561 -21.776518 25.604113
v -7.839575 -45.202988 -25.651201
v -7.37562 -45.2461 25.637331
v 1.5111572 -21.776518 25.860441
v 1.9129931 -21.776518 25.460402
v 1.5110791 -45.2461 25.89366
v 1.9129248 -45.2461 25.49361
v -6.9756002 -45.2461 26.039186
v -7.37562 -45.2461 25.637331
v -6.975542 -21.776518 26.005968
v -7.375561 -21.776518 25.604113
v 1.4489502 -21.776484 -25.794878
v 1.0489306 -21.776484 -26.196724
v 1.44896 -45.202988 -25.794912
v 1.0489404 -45.202976 -26.196762
v -7.437744 -21.776484 -26.0512
v -7.8395896 -21.776484 -25.651176
v -7.4377294 -45.202976 -26.05123
v -7.839575 -45.202988 -25.651201
v 1.0480517 -45.80751 -25.795824
v 1.0489404 -45.202976 -26.196762
v -7.4386377 -45.807518 -25.650288
v -7.4377294 -45.202976 -26.05123
v -13.650488 45.87002 24.828854
v -5.692915 45.87002 24.975729
v -13.651524 -29.690903 24.862062
v -5.6939697 -29.690918 25.008938
v -5.279453 45.87002 24.587711
v -5.073667 45.870052 -21.836918
v -5.280498 -29.690918 24.62093
v -5.073657 -29.690903 -21.836975
v -5.46166 45.870052 -22.250395
v -13.419218 45.870052 -22.397264
v -5.4616504 -29.690903 -22.250452
v -13.419199 -29.690903 -22.397316
v -13.832685 45.870052 -22.009272
v -14.038476 45.87002 24.415379
v -13.832676 -29.690903 -22.009314
v -14.039512 -29.690903 24.448586
v -5.692915 45.87002 24.975729
v -5.279453 45.87002 24.587711
v -5.6939697 -29.690918 25.008938
v -5.280498 -29.690918 24.62093
v -13.651524 -29.690903 24.862062
v -14.039512 -29.690903 24.448586
v -13.650488 45.87002 24.828854
v -14.038476 45.87002 24.415379
v -5.073667 45.870052 -21.836918
v -5.46166 45.870052 -22.250395
v -5.073657 -29.690903 -21.836975
v -5.4616504 -29.690903 -22.250452
v -5.474375 -30.054976 -21.849718
v -5.4616504 -29.690903 -22.250452
v -13.431933 -30.054976 -21.996576
v -13.419199 -29.690903 -22.397316
v -13.904936 -23.313364 27.246105
v -2.6265478 -23.313364 27.052708
v -13.905014 -45.643326 27.29026
v -2.6266456 -45.643326 27.096863
v -2.0925293 -23.313364 26.521076
v -2.709209 -23.313324 -26.756182
v -2.0926123 -45.643326 26.565222
v -2.7091942 -45.586018 -26.756227
v -3.2408154 -23.313324 -27.290215
v -14.519189 -23.313324 -27.09682
v -3.2408056 -45.586018 -27.29026
v -14.51917 -45.58601 -27.096857
v -15.053223 -23.313324 -26.565208
v -14.436547 -23.313364 26.712063
v -15.053203 -45.586018 -26.565237
v -14.436621 -45.643326 26.756218
v -2.6265478 -23.313364 27.052708
v -2.0925293 -23.313364 26.521076
v -2.6266456 -45.643326 27.096863
v -2.0926123 -45.643326 26.565222
v -2.709209 -23.313324 -26.756182
v -3.2408154 -23.313324 -27.290215
v -2.7091942 -45.586018 -26.756227
v -3.2408056 -45.586018 -27.29026
v -14.519189 -23.313324 -27.09682
v -15.053223 -23.313324 -26.565208
v -14.51917 -45.58601 -27.096857
v -15.053203 -45.586018 -26.565237
v -3.2419872 -46.38941 -26.75744
v -3.2408056 -45.586018 -27.29026
v -14.520375 -46.38942 -26.564028
v -14.51917 -45.58601 -27.096857
v -1.9767236 8.907293 12.440554
v 0.8442773 8.907293 12.322451
v -1.9767724 3.0049841 12.467514
v 0.84421873 3.0049841 12.349409
v 1.1703906 8.907293 11.997798
v 0.7937988 8.907314 -2.5348022
v 1.1703417 3.0049767 12.024754
v 0.7938086 3.0399683 -2.5348144
v 0.46916014 8.907314 -2.8609228
v -2.351831 8.907314 -2.7428174
v 0.4691699 3.0399683 -2.8609374
v -2.3518212 3.0399754 -2.7428296
v -2.6779492 8.907314 -2.4181762
v -2.301367 8.907293 12.114426
v -2.6779394 3.0399683 -2.4181836
v -2.3014112 3.0049841 12.141384
v 0.8442773 8.907293 12.322451
v 1.1703906 8.907293 11.997798
v 0.84421873 3.0049841 12.349409
v 1.1703417 3.0049767 12.024754
v 0.7937988 8.907314 -2.5348022
v 0.46916014 8.907314 -2.8609228
v 0.7938086 3.0399683 -2.5348144
v 0.4691699 3.0399683 -2.8609374
v -2.351831 8.907314 -2.7428174
v -2.6779492 8.907314 -2.4181762
v -2.3518212 3.0399754 -2.7428296
v -2.6779394 3.0399683 -2.4181836
v 0.46844238 2.2495263 -2.535564
v 0.4691699 3.0399683 -2.8609374
v -2.3525586 2.2495165 -2.4174535
v -2.3518212 3.0399754 -2.7428296
v -5.7409425 -1.6255652 24.528059
v 0.39459473 -1.6255652 24.382532
v -5.7410007 -10.291852 24.561287
v 0.3945166 -10.291852 24.415758
v 0.79643065 -1.6255652 23.982492
v 0.33239257 -1.6255188 -25.113207
v 0.7963623 -10.291852 24.01572
v 0.33240235 -10.29183 -25.113249
v -0.06762695 -1.6255188 -25.515053
v -6.2031493 -1.6255188 -25.369532
v -0.067617185 -10.29183 -25.5151
v -6.2031393 -10.29183 -25.369568
v -6.604995 -1.6255188 -24.969507
v -6.1409717 -1.6255652 24.126204
v -6.604985 -10.29183 -24.969538
v -6.1410203 -10.291852 24.159431
v 0.39459473 -1.6255652 24.382532
v 0.79643065 -1.6255652 23.982492
v 0.3945166 -10.291852 24.415758
v 0.7963623 -10.291852 24.01572
v 0.33239257 -1.6255188 -25.113207
v -0.06762695 -1.6255188 -25.515053
v 0.33240235 -10.29183 -25.113249
v -0.067617185 -10.29183 -25.5151
v -6.2031493 -1.6255188 -25.369532
v -6.604995 -1.6255188 -24.969507
v -6.2031393 -10.29183 -25.369568
v -6.604985 -10.29183 -24.969538
v -0.06851074 -10.655902 -25.114166
v -0.067617185 -10.29183 -25.5151
v -6.2040477 -10.655902 -24.96863
v -6.2031393 -10.29183 -25.369568
v -4.899663 4.7791014 -9.078139
v -4.899634 9.967464 -9.094754
v 1.2245996 9.967464 -9.240283
v 1.2245605 4.7791014 -9.223668
v -4.8996825 -1.3253039 -9.069833
v 1.224541 -1.3253039 -9.21536
v -4.899702 -2.3635924 -9.06152
v 1.2245214 -2.3635924 -9.20705
v 1.664917 4.7791004 -9.623707
v 1.6649511 9.967464 -9.640322
v 1.6329687 9.967477 -15.440408
v 1.6329541 4.77911 -15.432104
v 1.6648974 -1.3253088 -9.615401
v 1.5058349 4.779121 -23.701277
v 1.5058398 9.967489 -23.705421
v 1.6329443 -1.3253015 -15.427963
v 1.6648828 -2.3635974 -9.607092
v 1.6329395 -2.3635876 -15.423813
v 1.50583 -2.3635778 -23.697136
v 1.5058349 -1.3252918 -23.699205
v 0.94035643 4.7791257 -24.79052
v 0.94035155 9.967494 -24.790504
v -5.2299805 9.967494 -24.644983
v -5.2299705 4.779128 -24.644997
v 0.94035643 -1.3252844 -24.79053
v -5.2299657 -1.325282 -24.645002
v 0.9403613 -2.3635728 -24.790539
v -5.229961 -2.363568 -24.645002
v -5.670332 4.7791257 -24.244968
v -5.6703415 9.967494 -24.244959
v -5.5432177 9.967487 -23.56172
v -5.5432177 4.779121 -23.55757
v -5.670327 -1.3252844 -24.244968
v -5.5432177 -1.3252892 -23.55549
v -5.670322 -2.3635728 -24.244968
v -5.5432177 -2.3635778 -23.55342
v 1.2245605 4.7791014 -9.223668
v 1.2245996 9.967464 -9.240283
v 1.6649511 9.967464 -9.640322
v 1.664917 4.7791004 -9.623707
v 1.224541 -1.3253039 -9.21536
v 1.6648974 -1.3253088 -9.615401
v 1.2245214 -2.3635924 -9.20705
v 1.6648828 -2.3635974 -9.607092
v -4.8996825 -1.3253039 -9.069833
v -4.899702 -2.3635924 -9.06152
v -5.3380613 -2.3635924 -9.463377
v -5.338042 -1.3253064 -9.471688
v -4.899663 4.7791014 -9.078139
v -5.3380322 4.779103 -9.479995
v -4.899634 9.967464 -9.094754
v -5.3380027 9.967464 -9.496608
v 1.3787158 4.7791257 -24.388674
v 1.3787109 9.967494 -24.388659
v 0.94035155 9.967494 -24.790504
v 0.94035643 4.7791257 -24.79052
v 1.3787158 -1.3252844 -24.388683
v 0.94035643 -1.3252844 -24.79053
v 1.3787206 -2.3635728 -24.388689
v 0.9403613 -2.3635728 -24.790539
v -5.2299705 4.779128 -24.644997
v -5.2299805 9.967494 -24.644983
v -5.6703415 9.967494 -24.244959
v -5.670332 4.7791257 -24.244968
v -5.2299657 -1.325282 -24.645002
v -5.670327 -1.3252844 -24.244968
v -5.229961 -2.363568 -24.645002
v -5.670322 -2.3635728 -24.244968
v -5.230957 -2.7645154 -24.244064
v -5.670322 -2.3635728 -24.244968
v -5.5432177 -2.3635778 -23.55342
v -5.1038523 -2.7645202 -23.55252
v 0.93938476 -2.7645104 -24.389606
v 0.9403613 -2.3635728 -24.790539
v -5.230957 -2.7645154 -24.244064
v -5.229961 -2.363568 -24.645002
v 1.1935889 -2.76453 -15.424724
v 1.2255175 -2.7645397 -9.607997
v 1.6648828 -2.3635974 -9.607092
v 1.6329395 -2.3635876 -15.423813
v 1.0664892 -2.7645178 -23.69806
v 1.50583 -2.3635778 -23.697136
v -4.898696 -2.7645397 -9.462469
v -4.899702 -2.3635924 -9.06152
v 1.2255175 -2.7645397 -9.607997
v 1.2245214 -2.3635924 -9.20705
v -5.3380322 4.779103 -9.479995
v -5.4160886 9.967477 -15.296699
v -5.3380027 9.967464 -9.496608
v -5.4160986 4.7791114 -15.288396
v -5.5432177 9.967487 -23.56172
v -5.338042 -1.3253064 -9.471688
v -5.5432177 4.779121 -23.55757
v -5.4161034 -1.325299 -15.28425
v -5.3380613 -2.3635924 -9.463377
v -5.5432177 -1.3252892 -23.55549
v -5.416108 -2.3635876 -15.280099
v -5.5432177 -2.3635778 -23.55342
v -4.898696 -2.7645397 -9.462469
v -5.416108 -2.3635876 -15.280099
v -5.3380613 -2.3635924 -9.463377
v -4.976743 -2.76453 -15.279189
v -5.5432177 -2.3635778 -23.55342
v -5.1038523 -2.7645202 -23.55252
v 1.3787158 4.7791257 -24.388674
v 1.5058398 9.967489 -23.705421
v 1.3787109 9.967494 -24.388659
v 1.5058349 4.779121 -23.701277
v 1.3787158 -1.3252844 -24.388683
v 1.5058349 -1.3252918 -23.699205
v 1.3787206 -2.3635728 -24.388689
v 1.50583 -2.3635778 -23.697136
v 1.0664892 -2.7645178 -23.69806
v 1.50583 -2.3635778 -23.697136
v 1.3787206 -2.3635728 -24.388689
v 0.93938476 -2.7645104 -24.389606
v -4.3371677 1.7965978 -12.343601
v -4.364819 5.058259 -12.386645
v 1.7892333 5.08553 -12.4130125
v 1.8166015 1.7966272 -12.382658
v -4.3016114 -0.9688098 -12.288281
v 1.8517822 -0.9419372 -12.343655
v 1.5470215 4.936393 -24.376589
v -4.6016455 4.9091806 -24.350353
v 1.5744531 3.159724 -24.343323
v -4.574214 1.7964478 -24.317081
v 1.5920849 0.3527539 -24.321936
v -4.53895 -1.1181799 -24.27431
v 1.6097168 -1.090968 -24.300549
v -4.5668797 1.796593 -12.630725
v -4.531606 -0.9753869 -12.58767
v -4.598999 -1.0168688 -17.06851
v -4.6400633 1.8317236 -17.199085
v -4.5943165 5.051981 -12.664226
v -4.6461573 -1.0458947 -20.20414
v -4.6647363 5.0086327 -17.299625
v -4.6881638 1.8134253 -20.20415
v -4.760708 -1.1164074 -23.95939
v -4.7088623 4.981471 -20.204163
v -4.7959766 1.7964501 -24.00217
v -4.823408 4.910957 -24.03544
v 1.8166015 1.7966272 -12.382658
v 1.7892333 5.08553 -12.4130125
v 2.0164306 5.0837793 -12.730383
v 2.0430663 1.7966247 -12.696865
v 1.8517822 -0.9419372 -12.343655
v 2.0773046 -0.9436096 -12.653787
v 1.8485302 -1.269613 -12.643971
v 1.8145165 3.1597314 -24.068308
v 1.7862792 4.9427443 -24.101564
v 1.5470215 4.936393 -24.376589
v 1.5744531 3.159724 -24.343323
v 1.5920849 0.3527539 -24.321936
v 1.8326659 0.35594115 -24.04693
v 1.8508154 -1.0906726 -24.04087
v 1.6097168 -1.090968 -24.300549
v -4.574214 1.7964478 -24.317081
v -4.6016455 4.9091806 -24.350353
v -4.823408 4.910957 -24.03544
v -4.7959766 1.7964501 -24.00217
v -4.760708 -1.1164074 -23.95939
v -4.53895 -1.1181799 -24.27431
v -4.5283155 -1.4374499 -23.960432
v -4.4165964 -1.3669397 -20.204138
v -4.5283155 -1.4374499 -23.960432
v -4.760708 -1.1164074 -23.95939
v -4.6461573 -1.0458947 -20.20414
v -4.382329 -1.3453137 -17.86699
v -4.3705225 -1.3378601 -17.061628
v -4.598999 -1.0168688 -17.06851
v -4.3048778 -1.2964368 -12.5848675
v -4.531606 -0.9753869 -12.58767
v 1.6195264 -1.4167541 -24.034464
v 1.6097168 -1.090968 -24.300549
v -4.53895 -1.1181799 -24.27431
v -4.5283155 -1.4374499 -23.960432
v 1.799541 -1.2997888 -17.832312
v 1.8485302 -1.269613 -12.643971
v 2.0773046 -0.9436096 -12.653787
v 2.0290575 -0.97364134 -17.530046
v 2.0206835 -0.97885376 -18.707134
v 1.7912793 -1.3048767 -19.077148
v 2.0003319 -1.031676 -19.409649
v 1.7340283 -1.3401452 -20.204092
v 1.9640625 -1.0141003 -20.204098
v 1.9357519 -1.0317248 -21.218603
v 1.7054052 -1.3577795 -21.214968
v 1.9074365 -1.0554187 -22.248425
v 1.6767774 -1.3814831 -22.241163
v 1.6195264 -1.4167541 -24.034464
v 1.8508154 -1.0906726 -24.04087
v 1.8485302 -1.269613 -12.643971
v -4.3048778 -1.2964368 -12.5848675
v -4.3016114 -0.9688098 -12.288281
v 1.8517822 -0.9419372 -12.343655
v 1.9357519 -1.0317248 -21.218603
v 1.9640625 -1.0141003 -20.204098
v 1.8891406 -0.46458125 -20.286526
v 1.6435694 -0.4821106 -21.158882
v 2.082998 -0.5071765 -17.521832
v 2.0421143 -0.16797484 -18.563639
v 2.0313866 -0.50364137 -18.768023
v 2.0206835 -0.97885376 -18.707134
v 1.9640625 -1.0141003 -20.204098
v 2.0003319 -1.031676 -19.409649
v 1.9582226 -0.5400012 -19.383753
v 1.8891406 -0.46458125 -20.286526
v 2.0430663 1.7966247 -12.696865
v 2.1241748 1.9930688 -17.56148
v 2.1679785 1.1532104 -17.573603
v 2.0468116 2.7001624 -16.45622
v 2.0288818 2.9589233 -17.550768
v 2.1679785 1.1532104 -17.573603
v 1.9097265 1.8979784 -18.623667
v 1.9253857 0.89469725 -18.810896
v 2.1241748 1.9930688 -17.56148
v 2.082998 -0.5071765 -17.521832
v 2.0290575 -0.97364134 -17.530046
v 2.0773046 -0.9436096 -12.653787
v 2.0206835 -0.97885376 -18.707134
v 1.8495849 2.707445 -20.286543
v 1.860869 3.0133862 -20.26858
v 1.838623 3.0409424 -21.100962
v 1.7432764 2.4443457 -20.944904
v 1.9069238 2.0796998 -18.806
v 1.9097265 1.8979784 -18.623667
v 2.1241748 1.9930688 -17.56148
v 2.0288818 2.9589233 -17.550768
v 1.9225488 2.972351 -18.782137
v 1.9357519 -1.0317248 -21.218603
v 1.6435694 -0.4821106 -21.158882
v 1.8318212 -0.49963734 -22.031237
v 1.9074365 -1.0554187 -22.248425
v 1.8103955 2.560908 -21.841726
v 1.7432764 2.4443457 -20.944904
v 1.838623 3.0409424 -21.100962
v 1.813291 3.0723145 -22.048632
v -2.4471533 -8.6282215 24.202848
v 1.0288867 -8.6282215 24.057322
v -2.4472117 -22.288656 24.236088
v 1.0288135 -22.288652 24.09056
v 1.4307226 -8.6282215 23.657282
v 0.9666845 -8.628183 -25.438425
v 1.4306592 -22.288662 23.690517
v 0.9666943 -22.24554 -25.438452
v 0.56666505 -8.628184 -25.840271
v -2.9093602 -8.628184 -25.694742
v 0.56667477 -22.24554 -25.840302
v -2.9093456 -22.245531 -25.69477
v -3.3112059 -8.628183 -25.294718
v -2.8471777 -8.6282215 23.800993
v -3.3111913 -22.24554 -25.29474
v -2.8472314 -22.288652 23.834232
v 1.0288867 -8.6282215 24.057322
v 1.4307226 -8.6282215 23.657282
v 1.0288135 -22.288652 24.09056
v 1.4306592 -22.288662 23.690517
v 0.9666845 -8.628183 -25.438425
v 0.56666505 -8.628184 -25.840271
v 0.9666943 -22.24554 -25.438452
v 0.56667477 -22.24554 -25.840302
v -2.9093602 -8.628184 -25.694742
v -3.3112059 -8.628183 -25.294718
v -2.9093456 -22.245531 -25.69477
v -3.3111913 -22.24554 -25.29474
v 0.56578124 -22.673447 -25.439371
v 0.56667477 -22.24554 -25.840302
v -2.9102538 -22.673456 -25.293835
v -2.9093456 -22.245531 -25.69477
v 1.0297265 -22.713657 23.68962
v 1.4306592 -22.288662 23.690517
v 0.56578124 -22.673447 -25.439371
v 0.9666943 -22.24554 -25.438452
v -2.5070848 -2.8215392 19.880232
v 0.96895504 -2.821539 19.734707
v -2.5071435 -18.285856 19.913462
v 0.9688818 -18.285862 19.767937
v 1.370791 -2.821539 19.334667
v 0.9067529 -2.8215096 1.4276068
v 1.3707275 -18.285872 19.367893
v 0.90676266 -18.284311 1.4275799
v 0.50673336 -2.8215096 1.0257617
v -2.969292 -2.8215096 1.1712891
v 0.50674313 -18.284302 1.02573
v -2.9692774 -18.284292 1.1712621
v -3.3711376 -2.8215096 1.5713128
v -2.9071093 -2.821539 19.478378
v -3.371123 -18.284311 1.5712914
v -2.907163 -18.285862 19.511608
v 0.96895504 -2.821539 19.734707
v 1.370791 -2.821539 19.334667
v 0.9688818 -18.285862 19.767937
v 1.3707275 -18.285872 19.367893
v 0.9067529 -2.8215096 1.4276068
v 0.50673336 -2.8215096 1.0257617
v 0.90676266 -18.284311 1.4275799
v 0.50674313 -18.284302 1.02573
v -2.969292 -2.8215096 1.1712891
v -3.3711376 -2.8215096 1.5713128
v -2.9692774 -18.284292 1.1712621
v -3.371123 -18.284311 1.5712914
v 0.5058496 -18.640583 1.4266626
v 0.50674313 -18.284302 1.02573
v -2.9701855 -18.640593 1.5721997
v -2.9692774 -18.284292 1.1712621
v -1.6263281 -3.8796585 -8.01953
v 1.1946728 -3.8796585 -8.137633
v -1.6263769 -9.781967 -7.9925566
v 1.1946142 -9.781967 -8.110662
v 1.520786 -3.8796585 -8.462287
v 1.1441944 -3.8796346 -22.99488
v 1.5207373 -9.781973 -8.435318
v 1.144204 -9.746984 -22.994894
v 0.81955564 -3.8796346 -23.321001
v -2.0014355 -3.8796346 -23.202894
v 0.8195654 -9.746977 -23.32102
v -2.0014257 -9.746972 -23.202911
v -2.3275537 -3.8796346 -22.878254
v -1.9509716 -3.8796585 -8.345658
v -2.327544 -9.746984 -22.878265
v -1.9510156 -9.781967 -8.3186865
v 1.1946728 -3.8796585 -8.137633
v 1.520786 -3.8796585 -8.462287
v 1.1946142 -9.781967 -8.110662
v 1.5207373 -9.781973 -8.435318
v 1.1441944 -3.8796346 -22.99488
v 0.81955564 -3.8796346 -23.321001
v 1.144204 -9.746984 -22.994894
v 0.8195654 -9.746977 -23.32102
v -2.0014355 -3.8796346 -23.202894
v -2.3275537 -3.8796346 -22.878254
v -2.0014257 -9.746972 -23.202911
v -2.327544 -9.746984 -22.878265
v 0.8188379 -10.110152 -22.99564
v 0.8195654 -9.746977 -23.32102
v -2.0021634 -10.110162 -22.87753
v -2.0014257 -9.746972 -23.202911
v 1.1953564 -10.163174 -8.436048
v 1.5207373 -9.781973 -8.435318
v 0.8188379 -10.110152 -22.99564
v 1.144204 -9.746984 -22.994894
v -2.6846776 4.29514 9.749945
v 0.7913623 4.2951374 9.604418
v -2.6847363 -11.169174 9.783173
v 0.79128903 -11.169179 9.637645
v 1.1931982 4.2951374 9.204378
v 0.72916013 4.2951713 -13.834086
v 1.1931348 -11.169189 9.237601
v 0.7291699 -11.126058 -13.83411
v 0.3291406 4.295168 -14.235932
v -3.1468847 4.2951713 -14.0904045
v 0.32915038 -11.12606 -14.23596
v -3.1468701 -11.126047 -14.090428
v -3.5487304 4.2951713 -13.69038
v -3.084702 4.2951374 9.348089
v -3.5487158 -11.126058 -13.690399
v -3.084756 -11.169179 9.381317
v 0.7913623 4.2951374 9.604418
v 1.1931982 4.2951374 9.204378
v 0.79128903 -11.169179 9.637645
v 1.1931348 -11.169189 9.237601
v 0.72916013 4.2951713 -13.834086
v 0.3291406 4.295168 -14.235932
v 0.7291699 -11.126058 -13.83411
v 0.32915038 -11.12606 -14.23596
v -3.1468847 4.2951713 -14.0904045
v -3.5487304 4.2951713 -13.69038
v -3.1468701 -11.126047 -14.090428
v -3.5487158 -11.126058 -13.690399
v 0.32825682 -11.584687 -13.835029
v 0.32915038 -11.12606 -14.23596
v -3.1477783 -11.584697 -13.689492
v -3.1468701 -11.126047 -14.090428
v 0.7922021 -11.638901 9.236703
v 1.1931348 -11.169189 9.237601
v 0.32825682 -11.584687 -13.835029
v 0.7291699 -11.126058 -13.83411
v -4.3016114 -0.9688098 -12.288281
v -4.531606 -0.9753869 -12.58767
v -4.437788 1.7965941 -12.474585
v -4.3371677 1.7965978 -12.343601
v -4.5668797 1.796593 -12.630725
v -4.364819 5.058259 -12.386645
v -4.5943165 5.051981 -12.664226
v 0.39543456 3.48693 24.014826
v -0.06851074 3.2984557 -25.114166
v -5.7400827 3.5126379 24.160343
v -6.2040477 3.2984557 -24.96863
v -0.54737794 -12.147371 -19.440395
v -0.1184082 -12.147367 -24.06434
v -4.124385 -12.147371 -19.57306
v -3.6954346 -12.147367 -24.197
v -1.3573242 -32.025093 -18.327406
v -1.36958 -32.025085 -23.838541
v -4.935478 -32.025093 -18.230488
v -4.947754 -32.025085 -23.741621
v -0.9139453 -30.246948 -11.337479
v -0.9575586 -30.246927 -21.132694
v -4.12104 -30.246948 -11.325587
v -4.1646776 -30.246927 -21.120802
v -1.6590576 -31.161674 25.151144
v -1.4290918 -31.161644 -14.773677
v -5.238506 -31.161674 25.138596
v -5.0085545 -31.161644 -14.786235
v -1.8321631 -25.520449 -13.189189
v -1.8491113 -25.520433 -21.792969
v -5.41124 -25.520443 -13.136289
v -5.428203 -25.520433 -21.740072
v -2.1757226 -24.56225 24.890608
v -2.639668 -25.023413 -24.238379
v -10.441147 -24.49348 25.036135
v -10.9051075 -25.023422 -24.092844
v 1.511997 -45.346348 25.492712
v 1.0480517 -45.80751 -25.795824
v -6.9746823 -45.277576 25.638239
v -7.4386377 -45.807518 -25.650288
v -5.6812305 -29.866493 24.608194
v -5.474375 -30.054976 -21.849718
v -13.638779 -29.840765 24.46133
v -13.431933 -30.054976 -21.996576
v -2.6254344 -45.776546 26.56404
v -3.2419872 -46.38941 -26.75744
v -13.903793 -45.68515 26.757439
v -14.520375 -46.38942 -26.564028
v 0.8449609 2.6237755 12.024026
v 0.46844238 2.2495263 -2.535564
v -1.9760253 2.6795886 12.142126
v -2.3525586 2.2495165 -2.4174535
v 0.39543456 -10.467428 24.014822
v -0.06851074 -10.655902 -25.114166
v -5.7400827 -10.441725 24.16034
v -6.2040477 -10.655902 -24.96863
v -4.898696 -2.7645397 -9.462469
v 1.2255175 -2.7645397 -9.607997
v 1.1935889 -2.76453 -15.424724
v -4.976743 -2.76453 -15.279189
v -5.1038523 -2.7645202 -23.55252
v 1.0664892 -2.7645178 -23.69806
v -5.230957 -2.7645154 -24.244064
v 0.93938476 -2.7645104 -24.389606
v 1.8485302 -1.269613 -12.643971
v 1.799541 -1.2997888 -17.832312
v -4.3048778 -1.2964368 -12.5848675
v -4.3705225 -1.3378601 -17.061628
v -4.382329 -1.3453137 -17.86699
v 1.7912793 -1.3048767 -19.077148
v -4.4165964 -1.3669397 -20.204138
v 1.7340283 -1.3401452 -20.204092
v 1.7054052 -1.3577795 -21.214968
v 1.6767774 -1.3814831 -22.241163
v -4.5283155 -1.4374499 -23.960432
v 1.6195264 -1.4167541 -24.034464
v 1.0297265 -22.713657 23.68962
v 0.56578124 -22.673447 -25.439371
v -2.4462936 -22.644888 23.835146
v -2.9102538 -22.673456 -25.293835
v 0.9697949 -18.755583 19.366995
v 0.5058496 -18.640583 1.4266626
v -2.5062256 -18.686813 19.512522
v -2.9701855 -18.640593 1.5721997
v 1.1953564 -10.163174 -8.436048
v 0.8188379 -10.110152 -22.99564
v -1.6256299 -10.107363 -8.317945
v -2.0021634 -10.110162 -22.87753
v 0.7922021 -11.638901 9.236703
v 0.32825682 -11.584687 -13.835029
v -2.6838183 -11.570131 9.38223
v -3.1477783 -11.584697 -13.689492
v -5.670532 44.59551 23.878845
v -5.740493 44.36764 24.327576
v -5.940493 44.36765 24.126657
v 0.3045996 44.59551 23.740036
v 0.59597164 44.36764 23.982048
v 0.39503416 44.36764 24.182053
v -6.113149 44.595554 -24.818336
v -6.404536 44.367683 -24.96905
v -6.203618 44.367695 -25.169064
v -0.13800293 44.595554 -24.95715
v -0.06807617 44.367695 -25.314587
v 0.13193358 44.367683 -25.113665
v -4.1238084 -8.392291 -19.590092
v -4.1273923 -8.4483795 -19.487423
v -4.2264743 -8.448375 -19.593676
v -0.5467871 -8.392291 -19.457426
v -0.44411132 -8.4483795 -19.453844
v -0.5503662 -8.4483795 -19.354757
v -3.6954443 -8.392279 -24.196999
v -3.79812 -8.448373 -24.200586
v -3.6918602 -8.448368 -24.299667
v -0.1184082 -8.392283 -24.064339
v -0.11484375 -8.448368 -24.167006
v -0.015751952 -8.448368 -24.060751
v -4.8537107 -22.45309 -18.376513
v -4.932988 -22.627611 -18.14483
v -5.0386767 -22.627607 -18.244514
v -1.4406445 -22.45309 -18.468958
v -1.255127 -22.627611 -18.347443
v -1.3548144 -22.627611 -18.241747
v -4.8649364 -22.453081 -23.617094
v -5.050454 -22.627602 -23.738605
v -4.9507666 -22.627592 -23.8443
v -1.4518652 -22.453081 -23.709543
v -1.3726025 -22.627592 -23.941217
v -1.2669042 -22.627598 -23.841536
v -0.98835933 -24.525434 -11.478621
v -0.8219824 -24.648373 -11.353284
v -0.9134863 -24.648373 -11.260695
v -4.1646824 -24.528246 -21.120792
v -4.2567334 -24.648369 -21.120256
v -4.1652246 -24.648369 -21.212841
v -1.0102783 -24.525425 -21.088198
v -0.9581152 -24.648373 -21.224733
v -0.86552733 -24.648369 -21.13323
v -4.1200485 -24.96438 -11.156757
v -4.3052344 -24.96438 -11.339766
v -4.166216 -24.642992 -11.387807
v -0.9134863 -24.648373 -11.260695
v -4.0391307 -24.526558 -11.506313
v -0.98835933 -24.525434 -11.478621
v -0.86552733 -24.648369 -21.13323
v -0.8219824 -24.648373 -11.353284
v -1.0102783 -24.525425 -21.088198
v -0.98835933 -24.525434 -11.478621
v -1.0102783 -24.525425 -21.088198
v -0.8219824 -24.648373 -11.353284
v -4.1652246 -24.648369 -21.212841
v -0.9581152 -24.648373 -21.224733
v -4.1646824 -24.528246 -21.120792
v -1.0102783 -24.525425 -21.088198
v -4.1646824 -24.528246 -21.120792
v -0.9581152 -24.648373 -21.224733
v -4.1646824 -24.528246 -21.120792
v -4.166216 -24.642992 -11.387807
v -4.2567334 -24.648369 -21.120256
v -0.9129394 -24.96438 -11.16865
v -4.1200485 -24.96438 -11.156757
v -0.9134863 -24.648373 -11.260695
v -4.166216 -24.642992 -11.387807
v -4.073291 -24.643148 -11.326789
v -4.1200485 -24.96438 -11.156757
v -4.3487697 -24.96436 -21.119709
v -4.2567334 -24.648369 -21.120256
v -4.3052344 -24.96438 -11.339766
v -4.073291 -24.643148 -11.326789
v -4.166216 -24.642992 -11.387807
v -4.0391307 -24.526558 -11.506313
v -4.0391307 -24.526558 -11.506313
v -0.9134863 -24.648373 -11.260695
v -4.073291 -24.643148 -11.326789
v -4.073291 -24.643148 -11.326789
v -0.9134863 -24.648373 -11.260695
v -4.1200485 -24.96438 -11.156757
v -4.2567334 -24.648369 -21.120256
v -4.166216 -24.642992 -11.387807
v -4.3052344 -24.96438 -11.339766
v -1.7402831 -20.2973 24.974152
v -1.5562989 -20.506586 25.13426
v -1.6591699 -20.506586 25.236856
v -4.9186277 -20.297247 -14.633969
v -5.1112986 -20.506573 -14.786357
v -5.0084276 -20.506567 -14.888952
v -1.5043261 -20.297247 -14.621997
v -1.4289697 -20.506567 -14.876393
v -1.3263671 -20.506573 -14.773525
v -5.2387547 -20.950151 25.327034
v -5.443965 -20.950151 25.12129
v -5.185039 -20.506586 25.221203
v -5.286245 -20.506586 25.058586
v -5.185039 -20.506586 25.221203
v -5.443965 -20.950151 25.12129
v -5.443965 -20.950151 25.12129
v -5.214023 -20.95013 -14.786494
v -5.286245 -20.506586 25.058586
v -5.1112986 -20.506573 -14.786357
v -5.286245 -20.506586 25.058586
v -5.214023 -20.95013 -14.786494
v -5.0874753 -20.303946 24.942366
v -5.185039 -20.506586 25.221203
v -5.286245 -20.506586 25.058586
v -5.3293552 -17.046326 -13.3526535
v -5.4097996 -17.155561 -13.050603
v -5.514258 -17.155561 -13.151577
v -1.9154102 -17.046326 -13.403105
v -1.7297266 -17.155561 -13.207958
v -1.8307079 -17.155561 -13.1035
v -5.345254 -17.046305 -21.54318
v -5.530937 -17.155558 -21.738327
v -5.429956 -17.155558 -21.842785
v -1.9312987 -17.046307 -21.593637
v -1.850869 -17.155558 -21.895683
v -1.7464062 -17.155558 -21.794708
v -10.371596 -8.910231 24.754631
v -10.441552 -9.138106 25.203362
v -10.641553 -9.138097 25.002443
v -2.2665575 -8.910231 24.615812
v -1.9751806 -9.138102 24.857824
v -2.1761181 -9.138102 25.057835
v -10.814214 -8.910193 -23.94256
v -11.105596 -9.13807 -24.093273
v -10.904677 -9.138065 -24.293287
v -2.70916 -8.910193 -24.081379
v -2.6392334 -9.138065 -24.43881
v -2.4392235 -9.13807 -24.237892
v -6.905132 -21.257153 25.35677
v -6.975083 -21.485023 25.8055
v -7.1750827 -21.48502 25.604572
v 1.4211572 -21.257153 25.21795
v 1.7125342 -21.485023 25.459963
v 1.5115967 -21.485023 25.659973
v -7.347744 -21.257114 -25.500004
v -7.639126 -21.48499 -25.650717
v -7.4382076 -21.484985 -25.850737
v 0.97855955 -21.257114 -25.63882
v 1.0484815 -21.484985 -25.996254
v 1.2484912 -21.48499 -25.795334
v -13.560947 46.38937 24.182014
v -13.644121 46.16152 24.628473
v -13.838105 46.161526 24.421745
v -5.763911 46.389378 24.330862
v -5.4798045 46.16152 24.581354
v -5.6865525 46.16152 24.775349
v -13.345517 46.38942 -21.843658
v -13.632324 46.16155 -22.0029
v -13.425595 46.161556 -22.1969
v -5.5484667 46.38942 -21.69481
v -5.468027 46.161556 -22.050024
v -5.2740283 46.16155 -21.84329
v -13.811367 -22.62316 26.38334
v -13.904336 -22.925982 26.97968
v -14.170122 -22.925982 26.712667
v -2.7461474 -22.62316 26.19886
v -2.3589208 -22.925982 26.520481
v -2.6259618 -22.925982 26.786282
v -14.39958 -22.62311 -26.364305
v -14.786811 -22.925941 -26.564598
v -14.519804 -22.925938 -26.830412
v -3.3343408 -22.62311 -26.548788
v -3.241411 -22.925941 -27.0238
v -2.9756103 -22.925941 -26.756786
v -1.91958 9.328788 11.913684
v -1.9763573 9.143859 12.277854
v -2.1386669 9.143861 12.114795
v 0.7712451 9.328788 11.80103
v 1.00771 9.143859 11.997437
v 0.84463865 9.143859 12.159751
v -2.278789 9.328807 -2.2954834
v -2.5152636 9.143879 -2.4178026
v -2.352207 9.143884 -2.5801318
v 0.41205078 9.328811 -2.408142
v 0.46879393 9.143884 -2.69823
v 0.6311133 9.143879 -2.5351708
v -5.670532 -1.1062073 23.878849
v -5.740493 -1.334071 24.32758
v -5.940493 -1.3340613 24.126661
v 0.3045996 -1.1062073 23.740042
v 0.59597164 -1.334071 23.982052
v 0.39503416 -1.334071 24.182053
v -6.113149 -1.1061511 -24.818335
v -6.404536 -1.3340247 -24.969048
v -6.203618 -1.3340149 -25.169062
v -0.13800293 -1.1061535 -24.957148
v -0.06807617 -1.3340149 -25.314585
v 0.13193358 -1.3340247 -25.11366
v -4.8986278 10.70809 -9.495697
v -4.8991356 10.420913 -9.295234
v -5.1183057 10.420921 -9.496157
v 1.2255957 10.70809 -9.641223
v 1.4452832 10.420912 -9.640771
v 1.2250879 10.420912 -9.440762
v -5.2309666 10.70812 -24.24404
v -5.450664 10.420942 -24.2445
v -5.2304883 10.420952 -24.444519
v 0.93938476 10.70812 -24.389572
v 0.93986326 10.420952 -24.59004
v 1.159043 10.420942 -24.389118
v 1.7789307 5.3188486 -12.727446
v 1.9397705 5.208817 -12.730266
v 1.7848144 5.2095323 -12.549329
v -4.5939646 5.151045 -24.044357
v -4.751865 5.040066 -24.038927
v -4.599971 5.036877 -24.217428
v -2.376743 -8.108856 23.55364
v -2.4466991 -8.336728 24.00237
v -2.6466992 -8.336722 23.801447
v 0.9388916 -8.108856 23.414825
v 1.2302685 -8.336728 23.656837
v 1.0293311 -8.336728 23.856842
v -2.8193603 -8.108819 -25.143541
v -3.110742 -8.33669 -25.29426
v -2.9098241 -8.336685 -25.49428
v 0.49629393 -8.108819 -25.28236
v 0.5662158 -8.336685 -25.639801
v 0.7662256 -8.33669 -25.438879
v -2.4366748 -2.3021734 19.231026
v -2.506631 -2.5300446 19.679756
v -2.7066307 -2.5300395 19.478832
v 0.87895995 -2.3021734 19.09221
v 1.1703368 -2.5300446 19.334223
v 0.9693994 -2.5300446 19.534227
v -2.879292 -2.3021448 1.7224951
v -3.1706738 -2.5300157 1.5717725
v -2.969756 -2.530011 1.3717529
v 0.4363623 -2.3021448 1.5836767
v 0.5062842 -2.530011 1.2262304
v 0.70629394 -2.5300157 1.4271532
v -1.5691845 -3.4581618 -8.546401
v -1.6259619 -3.6430936 -8.182231
v -1.7882714 -3.643091 -8.34529
v 1.1216406 -3.4581618 -8.659055
v 1.3581054 -3.6430936 -8.462648
v 1.1950341 -3.6430936 -8.300334
v -1.9283935 -3.4581404 -22.755558
v -2.164868 -3.6430671 -22.877878
v -2.0018115 -3.6430671 -23.040207
v 0.7624463 -3.4581404 -22.868217
v 0.8191894 -3.6430671 -23.158304
v 0.9815088 -3.6430671 -22.995247
v -2.6142676 4.8145022 9.100736
v -2.6842237 4.5866313 9.549466
v -2.8842235 4.586636 9.348543
v 0.7013672 4.8145022 8.961923
v 0.99274415 4.5866313 9.203934
v 0.79180664 4.5866313 9.403939
v -3.0568848 4.8145366 -13.5392
v -3.3482666 4.5866656 -13.689922
v -3.1473486 4.5866704 -13.889942
v 0.2587695 4.8145366 -13.678019
v 0.3286914 4.5866704 -14.035465
v 0.5287012 4.5866656 -13.834542
v -5.7409425 44.076145 24.528053
v -6.1409717 44.076145 24.126198
v -5.740493 44.36764 24.327576
v -5.940493 44.36765 24.126657
v 0.79643065 44.076145 23.982492
v 0.39459473 44.076145 24.382532
v 0.59597164 44.36764 23.982048
v 0.39503416 44.36764 24.182053
v -6.604995 44.07619 -24.96951
v -6.2031493 44.07619 -25.369534
v -6.404536 44.367683 -24.96905
v -6.203618 44.367695 -25.169064
v -0.06762695 44.07619 -25.515055
v 0.33239257 44.07619 -25.11321
v -0.06807617 44.367695 -25.314587
v 0.13193358 44.367683 -25.113665
v 0.39503416 44.36764 24.182053
v -5.740493 44.36764 24.327576
v 0.3045996 44.59551 23.740036
v -5.670532 44.59551 23.878845
v 0.13193358 44.367683 -25.113665
v 0.59597164 44.36764 23.982048
v -0.13800293 44.595554 -24.95715
v 0.3045996 44.59551 23.740036
v -6.203618 44.367695 -25.169064
v -0.06807617 44.367695 -25.314587
v -6.113149 44.595554 -24.818336
v -0.13800293 44.595554 -24.95715
v -5.940493 44.36765 24.126657
v -6.404536 44.367683 -24.96905
v -5.670532 44.59551 23.878845
v -6.113149 44.595554 -24.818336
v 0.39459473 44.076145 24.382532
v -5.7409425 44.076145 24.528053
v 0.39503416 44.36764 24.182053
v -5.740493 44.36764 24.327576
v 0.33239257 44.07619 -25.11321
v 0.79643065 44.076145 23.982492
v 0.13193358 44.367683 -25.113665
v 0.59597164 44.36764 23.982048
v -6.2031493 44.07619 -25.369534
v -0.06762695 44.07619 -25.515055
v -6.203618 44.367695 -25.169064
v -0.06807617 44.367695 -25.314587
v -6.1409717 44.076145 24.126198
v -6.604995 44.07619 -24.96951
v -5.940493 44.36765 24.126657
v -6.404536 44.367683 -24.96905
v -4.1309667 -8.776688 -19.384747
v -4.32915 -8.776686 -19.597256
v -4.1273923 -8.4483795 -19.487423
v -4.2264743 -8.448375 -19.593676
v -0.3414453 -8.776688 -19.450268
v -0.5539404 -8.776688 -19.252085
v -0.44411132 -8.4483795 -19.453844
v -0.5503662 -8.4483795 -19.354757
v -3.9007862 -8.776683 -24.204163
v -3.688286 -8.776683 -24.40234
v -3.79812 -8.448373 -24.200586
v -3.6918602 -8.448368 -24.299667
v -0.111259766 -8.776683 -24.269674
v 0.08692382 -8.776683 -24.057175
v -0.11484375 -8.448368 -24.167006
v -0.015751952 -8.448368 -24.060751
v -0.5503662 -8.4483795 -19.354757
v -4.1273923 -8.4483795 -19.487423
v -0.5467871 -8.392291 -19.457426
v -4.1238084 -8.392291 -19.590092
v -0.015751952 -8.448368 -24.060751
v -0.44411132 -8.4483795 -19.453844
v -0.1184082 -8.392283 -24.064339
v -0.5467871 -8.392291 -19.457426
v -3.6918602 -8.448368 -24.299667
v -0.11484375 -8.448368 -24.167006
v -3.6954443 -8.392279 -24.196999
v -0.1184082 -8.392283 -24.064339
v -4.2264743 -8.448375 -19.593676
v -3.79812 -8.448373 -24.200586
v -4.1238084 -8.392291 -19.590092
v -3.6954443 -8.392279 -24.196999
v -0.5539404 -8.776688 -19.252085
v -4.1309667 -8.776688 -19.384747
v -0.5503662 -8.4483795 -19.354757
v -4.1273923 -8.4483795 -19.487423
v 0.08692382 -8.776683 -24.057175
v -0.3414453 -8.776688 -19.450268
v -0.015751952 -8.448368 -24.060751
v -0.44411132 -8.4483795 -19.453844
v -3.688286 -8.776683 -24.40234
v -0.111259766 -8.776683 -24.269674
v -3.6918602 -8.448368 -24.299667
v -0.11484375 -8.448368 -24.167006
v -4.32915 -8.776686 -19.597256
v -3.9007862 -8.776683 -24.204163
v -4.2264743 -8.448375 -19.593676
v -3.79812 -8.448373 -24.200586
v -4.9299707 -23.018824 -18.042141
v -5.1413717 -23.018824 -18.241507
v -4.932988 -22.627611 -18.14483
v -5.0386767 -22.627607 -18.244514
v -1.1524463 -23.018824 -18.350456
v -1.3517969 -23.018824 -18.13906
v -1.255127 -22.627611 -18.347443
v -1.3548144 -22.627611 -18.241747
v -5.1531396 -23.018803 -23.735598
v -4.953779 -23.018803 -23.94699
v -5.050454 -22.627602 -23.738605
v -4.9507666 -22.627592 -23.8443
v -1.3756104 -23.018803 -24.04391
v -1.164209 -23.018803 -23.844543
v -1.3726025 -22.627592 -23.941217
v -1.2669042 -22.627598 -23.841536
v -1.3548144 -22.627611 -18.241747
v -4.932988 -22.627611 -18.14483
v -1.4406445 -22.45309 -18.468958
v -4.8537107 -22.45309 -18.376513
v -1.2669042 -22.627598 -23.841536
v -1.255127 -22.627611 -18.347443
v -1.4518652 -22.453081 -23.709543
v -1.4406445 -22.45309 -18.468958
v -4.9507666 -22.627592 -23.8443
v -1.3726025 -22.627592 -23.941217
v -4.8649364 -22.453081 -23.617094
v -1.4518652 -22.453081 -23.709543
v -5.0386767 -22.627607 -18.244514
v -5.050454 -22.627602 -23.738605
v -4.8537107 -22.45309 -18.376513
v -4.8649364 -22.453081 -23.617094
v -1.3517969 -23.018824 -18.13906
v -4.9299707 -23.018824 -18.042141
v -1.3548144 -22.627611 -18.241747
v -4.932988 -22.627611 -18.14483
v -1.164209 -23.018803 -23.844543
v -1.1524463 -23.018824 -18.350456
v -1.2669042 -22.627598 -23.841536
v -1.255127 -22.627611 -18.347443
v -4.953779 -23.018803 -23.94699
v -1.3756104 -23.018803 -24.04391
v -4.9507666 -22.627592 -23.8443
v -1.3726025 -22.627592 -23.941217
v -5.1413717 -23.018824 -18.241507
v -5.1531396 -23.018803 -23.735598
v -5.0386767 -22.627607 -18.244514
v -5.050454 -22.627602 -23.738605
v -0.72994137 -24.96438 -11.353827
v -0.9129394 -24.96438 -11.16865
v -0.8219824 -24.648373 -11.353284
v -0.9134863 -24.648373 -11.260695
v -4.3487697 -24.96436 -21.119709
v -4.1657715 -24.96436 -21.304882
v -4.2567334 -24.648369 -21.120256
v -4.1652246 -24.648369 -21.212841
v -0.9586621 -24.96436 -21.316776
v -0.77347654 -24.96436 -21.133774
v -0.9581152 -24.648373 -21.224733
v -0.86552733 -24.648369 -21.13323
v -0.77347654 -24.96436 -21.133774
v -0.72994137 -24.96438 -11.353827
v -0.86552733 -24.648369 -21.13323
v -0.8219824 -24.648373 -11.353284
v -4.1657715 -24.96436 -21.304882
v -0.9586621 -24.96436 -21.316776
v -4.1652246 -24.648369 -21.212841
v -0.9581152 -24.648373 -21.224733
v -1.4535693 -20.950151 25.134396
v -1.6592969 -20.950151 25.339592
v -1.5562989 -20.506586 25.13426
v -1.6591699 -20.506586 25.236856
v -5.214023 -20.95013 -14.786494
v -5.008296 -20.95013 -14.991684
v -5.1112986 -20.506573 -14.786357
v -5.0084276 -20.506567 -14.888952
v -1.4288379 -20.95013 -14.979126
v -1.2236328 -20.95013 -14.773394
v -1.4289697 -20.506567 -14.876393
v -1.3263671 -20.506573 -14.773525
v -1.6591699 -20.506586 25.236856
v -5.185039 -20.506586 25.221203
v -1.7402831 -20.2973 24.974152
v -5.0874753 -20.303946 24.942366
v -1.3263671 -20.506573 -14.773525
v -1.5562989 -20.506586 25.13426
v -1.5043261 -20.297247 -14.621997
v -1.7402831 -20.2973 24.974152
v -5.0084276 -20.506567 -14.888952
v -1.4289697 -20.506567 -14.876393
v -4.9186277 -20.297247 -14.633969
v -1.5043261 -20.297247 -14.621997
v -1.6592969 -20.950151 25.339592
v -5.2387547 -20.950151 25.327034
v -1.6591699 -20.506586 25.236856
v -5.185039 -20.506586 25.221203
v -1.2236328 -20.95013 -14.773394
v -1.4535693 -20.950151 25.134396
v -1.3263671 -20.506573 -14.773525
v -1.5562989 -20.506586 25.13426
v -5.008296 -20.95013 -14.991684
v -1.4288379 -20.95013 -14.979126
v -5.0084276 -20.506567 -14.888952
v -1.4289697 -20.506567 -14.876393
v -4.9186277 -20.297247 -14.633969
v -5.0874753 -20.303946 24.942366
v -5.286245 -20.506586 25.058586
v -5.1112986 -20.506573 -14.786357
v -5.4080467 -17.527235 -12.947883
v -5.6169825 -17.527235 -13.149838
v -5.4097996 -17.155561 -13.050603
v -5.514258 -17.155561 -13.151577
v -1.6270165 -17.527235 -13.209709
v -1.828955 -17.527235 -13.000778
v -1.7297266 -17.155561 -13.207958
v -1.8307079 -17.155561 -13.1035
v -5.633652 -17.527227 -21.736582
v -5.431709 -17.527227 -21.945503
v -5.530937 -17.155558 -21.738327
v -5.429956 -17.155558 -21.842785
v -1.8526171 -17.527227 -21.9984
v -1.6436816 -17.527227 -21.796452
v -1.850869 -17.155558 -21.895683
v -1.7464062 -17.155558 -21.794708
v -1.8307079 -17.155561 -13.1035
v -5.4097996 -17.155561 -13.050603
v -1.9154102 -17.046326 -13.403105
v -5.3293552 -17.046326 -13.3526535
v -1.7464062 -17.155558 -21.794708
v -1.7297266 -17.155561 -13.207958
v -1.9312987 -17.046307 -21.593637
v -1.9154102 -17.046326 -13.403105
v -5.429956 -17.155558 -21.842785
v -1.850869 -17.155558 -21.895683
v -5.345254 -17.046305 -21.54318
v -1.9312987 -17.046307 -21.593637
v -5.514258 -17.155561 -13.151577
v -5.530937 -17.155558 -21.738327
v -5.3293552 -17.046326 -13.3526535
v -5.345254 -17.046305 -21.54318
v -1.828955 -17.527235 -13.000778
v -5.4080467 -17.527235 -12.947883
v -1.8307079 -17.155561 -13.1035
v -5.4097996 -17.155561 -13.050603
v -1.6436816 -17.527227 -21.796452
v -1.6270165 -17.527235 -13.209709
v -1.7464062 -17.155558 -21.794708
v -1.7297266 -17.155561 -13.207958
v -5.431709 -17.527227 -21.945503
v -1.8526171 -17.527227 -21.9984
v -5.429956 -17.155558 -21.842785
v -1.850869 -17.155558 -21.895683
v -5.6169825 -17.527235 -13.149838
v -5.633652 -17.527227 -21.736582
v -5.514258 -17.155561 -13.151577
v -5.530937 -17.155558 -21.738327
v -10.442007 -9.429596 25.40384
v -10.8420315 -9.429596 25.001984
v -10.441552 -9.138106 25.203362
v -10.641553 -9.138097 25.002443
v -1.7747265 -9.429591 24.858273
v -2.1765625 -9.429596 25.258312
v -1.9751806 -9.138102 24.857824
v -2.1761181 -9.138102 25.057835
v -11.306059 -9.4295635 -24.093733
v -10.904214 -9.4295635 -24.493757
v -11.105596 -9.13807 -24.093273
v -10.904677 -9.138065 -24.293287
v -2.6387842 -9.4295635 -24.639278
v -2.2387645 -9.4295635 -24.237434
v -2.6392334 -9.138065 -24.43881
v -2.4392235 -9.13807 -24.237892
v -2.1761181 -9.138102 25.057835
v -10.441552 -9.138106 25.203362
v -2.2665575 -8.910231 24.615812
v -10.371596 -8.910231 24.754631
v -2.4392235 -9.13807 -24.237892
v -1.9751806 -9.138102 24.857824
v -2.70916 -8.910193 -24.081379
v -2.2665575 -8.910231 24.615812
v -10.904677 -9.138065 -24.293287
v -2.6392334 -9.138065 -24.43881
v -10.814214 -8.910193 -23.94256
v -2.70916 -8.910193 -24.081379
v -10.641553 -9.138097 25.002443
v -11.105596 -9.13807 -24.093273
v -10.371596 -8.910231 24.754631
v -10.814214 -8.910193 -23.94256
v -2.1765625 -9.429596 25.258312
v -10.442007 -9.429596 25.40384
v -2.1761181 -9.138102 25.057835
v -10.441552 -9.138106 25.203362
v -2.2387645 -9.4295635 -24.237434
v -1.7747265 -9.429591 24.858273
v -2.4392235 -9.13807 -24.237892
v -1.9751806 -9.138102 24.857824
v -10.904214 -9.4295635 -24.493757
v -2.6387842 -9.4295635 -24.639278
v -10.904677 -9.138065 -24.293287
v -2.6392334 -9.138065 -24.43881
v -10.8420315 -9.429596 25.001984
v -11.306059 -9.4295635 -24.093733
v -10.641553 -9.138097 25.002443
v -11.105596 -9.13807 -24.093273
v -6.975542 -21.776518 26.005968
v -7.375561 -21.776518 25.604113
v -6.975083 -21.485023 25.8055
v -7.1750827 -21.48502 25.604572
v 1.9129931 -21.776518 25.460402
v 1.5111572 -21.776518 25.860441
v 1.7125342 -21.485023 25.459963
v 1.5115967 -21.485023 25.659973
v -7.8395896 -21.776484 -25.651176
v -7.437744 -21.776484 -26.0512
v -7.639126 -21.48499 -25.650717
v -7.4382076 -21.484985 -25.850737
v 1.0489306 -21.776484 -26.196724
v 1.4489502 -21.776484 -25.794878
v 1.0484815 -21.484985 -25.996254
v 1.2484912 -21.48499 -25.795334
v 1.5115967 -21.485023 25.659973
v -6.975083 -21.485023 25.8055
v 1.4211572 -21.257153 25.21795
v -6.905132 -21.257153 25.35677
v 1.2484912 -21.48499 -25.795334
v 1.7125342 -21.485023 25.459963
v 0.97855955 -21.257114 -25.63882
v 1.4211572 -21.257153 25.21795
v -7.4382076 -21.484985 -25.850737
v 1.0484815 -21.484985 -25.996254
v -7.347744 -21.257114 -25.500004
v 0.97855955 -21.257114 -25.63882
v -7.1750827 -21.48502 25.604572
v -7.639126 -21.48499 -25.650717
v -6.905132 -21.257153 25.35677
v -7.347744 -21.257114 -25.500004
v 1.5111572 -21.776518 25.860441
v -6.975542 -21.776518 26.005968
v 1.5115967 -21.485023 25.659973
v -6.975083 -21.485023 25.8055
v 1.4489502 -21.776484 -25.794878
v 1.9129931 -21.776518 25.460402
v 1.2484912 -21.48499 -25.795334
v 1.7125342 -21.485023 25.459963
v -7.437744 -21.776484 -26.0512
v 1.0489306 -21.776484 -26.196724
v -7.4382076 -21.484985 -25.850737
v 1.0484815 -21.484985 -25.996254
v -7.375561 -21.776518 25.604113
v -7.8395896 -21.776484 -25.651176
v -7.1750827 -21.48502 25.604572
v -7.639126 -21.48499 -25.650717
v -13.650488 45.87002 24.828854
v -14.038476 45.87002 24.415379
v -13.644121 46.16152 24.628473
v -13.838105 46.161526 24.421745
v -5.279453 45.87002 24.587711
v -5.692915 45.87002 24.975729
v -5.4798045 46.16152 24.581354
v -5.6865525 46.16152 24.775349
v -13.832685 45.870052 -22.009272
v -13.419218 45.870052 -22.397264
v -13.632324 46.16155 -22.0029
v -13.425595 46.161556 -22.1969
v -5.46166 45.870052 -22.250395
v -5.073667 45.870052 -21.836918
v -5.468027 46.161556 -22.050024
v -5.2740283 46.16155 -21.84329
v -5.6865525 46.16152 24.775349
v -13.644121 46.16152 24.628473
v -5.763911 46.389378 24.330862
v -13.560947 46.38937 24.182014
v -5.2740283 46.16155 -21.84329
v -5.4798045 46.16152 24.581354
v -5.5484667 46.38942 -21.69481
v -5.763911 46.389378 24.330862
v -13.425595 46.161556 -22.1969
v -5.468027 46.161556 -22.050024
v -13.345517 46.38942 -21.843658
v -5.5484667 46.38942 -21.69481
v -13.838105 46.161526 24.421745
v -13.632324 46.16155 -22.0029
v -13.560947 46.38937 24.182014
v -13.345517 46.38942 -21.843658
v -5.692915 45.87002 24.975729
v -13.650488 45.87002 24.828854
v -5.6865525 46.16152 24.775349
v -13.644121 46.16152 24.628473
v -5.073667 45.870052 -21.836918
v -5.279453 45.87002 24.587711
v -5.2740283 46.16155 -21.84329
v -5.4798045 46.16152 24.581354
v -13.419218 45.870052 -22.397264
v -5.46166 45.870052 -22.250395
v -13.425595 46.161556 -22.1969
v -5.468027 46.161556 -22.050024
v -14.038476 45.87002 24.415379
v -13.832685 45.870052 -22.009272
v -13.838105 46.161526 24.421745
v -13.632324 46.16155 -22.0029
v -13.904936 -23.313364 27.246105
v -14.436547 -23.313364 26.712063
v -13.904336 -22.925982 26.97968
v -14.170122 -22.925982 26.712667
v -2.0925293 -23.313364 26.521076
v -2.6265478 -23.313364 27.052708
v -2.3589208 -22.925982 26.520481
v -2.6259618 -22.925982 26.786282
v -15.053223 -23.313324 -26.565208
v -14.519189 -23.313324 -27.09682
v -14.786811 -22.925941 -26.564598
v -14.519804 -22.925938 -26.830412
v -3.2408154 -23.313324 -27.290215
v -2.709209 -23.313324 -26.756182
v -3.241411 -22.925941 -27.0238
v -2.9756103 -22.925941 -26.756786
v -2.6259618 -22.925982 26.786282
v -13.904336 -22.925982 26.97968
v -2.7461474 -22.62316 26.19886
v -13.811367 -22.62316 26.38334
v -2.9756103 -22.925941 -26.756786
v -2.3589208 -22.925982 26.520481
v -3.3343408 -22.62311 -26.548788
v -2.7461474 -22.62316 26.19886
v -14.519804 -22.925938 -26.830412
v -3.241411 -22.925941 -27.0238
v -14.39958 -22.62311 -26.364305
v -3.3343408 -22.62311 -26.548788
v -14.170122 -22.925982 26.712667
v -14.786811 -22.925941 -26.564598
v -13.811367 -22.62316 26.38334
v -14.39958 -22.62311 -26.364305
v -2.6265478 -23.313364 27.052708
v -13.904936 -23.313364 27.246105
v -2.6259618 -22.925982 26.786282
v -13.904336 -22.925982 26.97968
v -2.709209 -23.313324 -26.756182
v -2.0925293 -23.313364 26.521076
v -2.9756103 -22.925941 -26.756786
v -2.3589208 -22.925982 26.520481
v -14.519189 -23.313324 -27.09682
v -3.2408154 -23.313324 -27.290215
v -14.519804 -22.925938 -26.830412
v -3.241411 -22.925941 -27.0238
v -14.436547 -23.313364 26.712063
v -15.053223 -23.313324 -26.565208
v -14.170122 -22.925982 26.712667
v -14.786811 -22.925941 -26.564598
v -1.9767236 8.907293 12.440554
v -2.301367 8.907293 12.114426
v -1.9763573 9.143859 12.277854
v -2.1386669 9.143861 12.114795
v 1.1703906 8.907293 11.997798
v 0.8442773 8.907293 12.322451
v 1.00771 9.143859 11.997437
v 0.84463865 9.143859 12.159751
v -2.6779492 8.907314 -2.4181762
v -2.351831 8.907314 -2.7428174
v -2.5152636 9.143879 -2.4178026
v -2.352207 9.143884 -2.5801318
v 0.46916014 8.907314 -2.8609228
v 0.7937988 8.907314 -2.5348022
v 0.46879393 9.143884 -2.69823
v 0.6311133 9.143879 -2.5351708
v 0.84463865 9.143859 12.159751
v -1.9763573 9.143859 12.277854
v 0.7712451 9.328788 11.80103
v -1.91958 9.328788 11.913684
v 0.6311133 9.143879 -2.5351708
v 1.00771 9.143859 11.997437
v 0.41205078 9.328811 -2.408142
v 0.7712451 9.328788 11.80103
v -2.352207 9.143884 -2.5801318
v 0.46879393 9.143884 -2.69823
v -2.278789 9.328807 -2.2954834
v 0.41205078 9.328811 -2.408142
v -2.1386669 9.143861 12.114795
v -2.5152636 9.143879 -2.4178026
v -1.91958 9.328788 11.913684
v -2.278789 9.328807 -2.2954834
v 0.8442773 8.907293 12.322451
v -1.9767236 8.907293 12.440554
v 0.84463865 9.143859 12.159751
v -1.9763573 9.143859 12.277854
v 0.7937988 8.907314 -2.5348022
v 1.1703906 8.907293 11.997798
v 0.6311133 9.143879 -2.5351708
v 1.00771 9.143859 11.997437
v -2.351831 8.907314 -2.7428174
v 0.46916014 8.907314 -2.8609228
v -2.352207 9.143884 -2.5801318
v 0.46879393 9.143884 -2.69823
v -2.301367 8.907293 12.114426
v -2.6779492 8.907314 -2.4181762
v -2.1386669 9.143861 12.114795
v -2.5152636 9.143879 -2.4178026
v -5.7409425 -1.6255652 24.528059
v -6.1409717 -1.6255652 24.126204
v -5.740493 -1.334071 24.32758
v -5.940493 -1.3340613 24.126661
v 0.79643065 -1.6255652 23.982492
v 0.39459473 -1.6255652 24.382532
v 0.59597164 -1.334071 23.982052
v 0.39503416 -1.334071 24.182053
v -6.604995 -1.6255188 -24.969507
v -6.2031493 -1.6255188 -25.369532
v -6.404536 -1.3340247 -24.969048
v -6.203618 -1.3340149 -25.169062
v -0.06762695 -1.6255188 -25.515053
v 0.33239257 -1.6255188 -25.113207
v -0.06807617 -1.3340149 -25.314585
v 0.13193358 -1.3340247 -25.11366
v 0.39503416 -1.334071 24.182053
v -5.740493 -1.334071 24.32758
v 0.3045996 -1.1062073 23.740042
v -5.670532 -1.1062073 23.878849
v 0.13193358 -1.3340247 -25.11366
v 0.59597164 -1.334071 23.982052
v -0.13800293 -1.1061535 -24.957148
v 0.3045996 -1.1062073 23.740042
v -6.203618 -1.3340149 -25.169062
v -0.06807617 -1.3340149 -25.314585
v -6.113149 -1.1061511 -24.818335
v -0.13800293 -1.1061535 -24.957148
v -5.940493 -1.3340613 24.126661
v -6.404536 -1.3340247 -24.969048
v -5.670532 -1.1062073 23.878849
v -6.113149 -1.1061511 -24.818335
v 0.39459473 -1.6255652 24.382532
v -5.7409425 -1.6255652 24.528059
v 0.39503416 -1.334071 24.182053
v -5.740493 -1.334071 24.32758
v 0.33239257 -1.6255188 -25.113207
v 0.79643065 -1.6255652 23.982492
v 0.13193358 -1.3340247 -25.11366
v 0.59597164 -1.334071 23.982052
v -6.2031493 -1.6255188 -25.369532
v -0.06762695 -1.6255188 -25.515053
v -6.203618 -1.3340149 -25.169062
v -0.06807617 -1.3340149 -25.314585
v -6.1409717 -1.6255652 24.126204
v -6.604995 -1.6255188 -24.969507
v -5.940493 -1.3340613 24.126661
v -6.404536 -1.3340247 -24.969048
v -4.899634 9.967464 -9.094754
v -5.3380027 9.967464 -9.496608
v -4.8991356 10.420913 -9.295234
v -5.1183057 10.420921 -9.496157
v 1.6649511 9.967464 -9.640322
v 1.2245996 9.967464 -9.240283
v 1.4452832 10.420912 -9.640771
v 1.2250879 10.420912 -9.440762
v -5.6703415 9.967494 -24.244959
v -5.2299805 9.967494 -24.644983
v -5.450664 10.420942 -24.2445
v -5.2304883 10.420952 -24.444519
v 0.94035155 9.967494 -24.790504
v 1.3787109 9.967494 -24.388659
v 0.93986326 10.420952 -24.59004
v 1.159043 10.420942 -24.389118
v 1.2250879 10.420912 -9.440762
v -4.8991356 10.420913 -9.295234
v 1.2255957 10.70809 -9.641223
v -4.8986278 10.70809 -9.495697
v 0.93938476 10.70812 -24.389572
v 1.159043 10.420942 -24.389118
v 1.2861718 10.420935 -23.705881
v 1.1214306 10.636318 -23.706223
v 1.0665088 10.708113 -23.706335
v -5.2304883 10.420952 -24.444519
v 0.93986326 10.420952 -24.59004
v -5.2309666 10.70812 -24.24404
v 0.93938476 10.70812 -24.389572
v -5.450664 10.420942 -24.2445
v -5.2309666 10.70812 -24.24404
v -5.1038427 10.708113 -23.560802
v -5.2686133 10.492729 -23.56115
v -5.323535 10.420938 -23.561262
v 1.2245996 9.967464 -9.240283
v -4.899634 9.967464 -9.094754
v 1.2250879 10.420912 -9.440762
v -4.8991356 10.420913 -9.295234
v 1.159043 10.420942 -24.389118
v 1.3787109 9.967494 -24.388659
v 1.5058398 9.967489 -23.705421
v 1.2861718 10.420935 -23.705881
v -5.2299805 9.967494 -24.644983
v 0.94035155 9.967494 -24.790504
v -5.2304883 10.420952 -24.444519
v 0.93986326 10.420952 -24.59004
v -5.1183057 10.420921 -9.496157
v -5.3380027 9.967464 -9.496608
v -5.4160886 9.967477 -15.296699
v -5.30624 10.194205 -15.296467
v -5.196401 10.420929 -15.296237
v -5.5432177 9.967487 -23.56172
v -5.323535 10.420938 -23.561262
v -5.488291 10.080852 -23.56161
v -5.6703415 9.967494 -24.244959
v -5.450664 10.420942 -24.2445
v -5.323535 10.420938 -23.561262
v -5.488291 10.080852 -23.56161
v -5.5432177 9.967487 -23.56172
v 1.4133008 10.420924 -15.440854
v 1.6649511 9.967464 -9.640322
v 1.4452832 10.420912 -9.640771
v 1.6329687 9.967477 -15.440408
v 1.5058398 9.967489 -23.705421
v 1.2861718 10.420935 -23.705881
v 1.193628 10.708101 -15.441308
v 1.0665088 10.708113 -23.706335
v 1.1214306 10.636318 -23.706223
v 1.3034717 10.564512 -15.441081
v 1.2255957 10.70809 -9.641223
v 1.2861718 10.420935 -23.705881
v 1.4452832 10.420912 -9.640771
v 1.4133008 10.420924 -15.440854
v -4.354648 5.2953186 -12.672795
v -4.369287 5.182263 -12.522976
v -4.5170946 5.178674 -12.667808
v -4.5943165 5.051981 -12.664226
v -4.364819 5.058259 -12.386645
v 1.5497118 5.177816 -24.099245
v 1.5486474 5.0640893 -24.243664
v 1.7067578 5.067756 -24.101374
v 1.7862792 4.9427443 -24.101564
v 1.5470215 4.936393 -24.376589
v 1.9397705 5.208817 -12.730266
v 2.0164306 5.0837793 -12.730383
v 1.7892333 5.08553 -12.4130125
v 1.7848144 5.2095323 -12.549329
v -4.823408 4.910957 -24.03544
v -4.6016455 4.9091806 -24.350353
v -4.751865 5.040066 -24.038927
v -4.599971 5.036877 -24.217428
v 1.7789307 5.3188486 -12.727446
v 1.7848144 5.2095323 -12.549329
v -4.369287 5.182263 -12.522976
v -4.354648 5.2953186 -12.672795
v -4.5939646 5.151045 -24.044357
v -4.599971 5.036877 -24.217428
v 1.5486474 5.0640893 -24.243664
v 1.5497118 5.177816 -24.099245
v 1.7848144 5.2095323 -12.549329
v 1.7892333 5.08553 -12.4130125
v -4.364819 5.058259 -12.386645
v -4.369287 5.182263 -12.522976
v 1.7067578 5.067756 -24.101374
v 1.7862792 4.9427443 -24.101564
v 1.8438183 4.978004 -22.273708
v 1.7650098 5.1030235 -22.273537
v 1.5497118 5.177816 -24.099245
v 1.6070166 5.213076 -22.271233
v 1.6643213 5.2483335 -20.204138
v 1.9013574 5.0132627 -20.20414
v 1.8232665 5.138287 -20.20414
v 1.7216259 5.2835913 -18.726631
v 1.8815185 5.173552 -18.726633
v 1.9588915 5.0485215 -18.726633
v 1.9704003 5.0555725 -17.527514
v 1.8934082 5.1807494 -17.50282
v 2.0164306 5.0837793 -12.730383
v 1.7335448 5.2909265 -17.478525
v 1.9397705 5.208817 -12.730266
v 1.7789307 5.3188486 -12.727446
v -4.599971 5.036877 -24.217428
v -4.6016455 4.9091806 -24.350353
v 1.5470215 4.936393 -24.376589
v 1.5486474 5.0640893 -24.243664
v -4.5170946 5.178674 -12.667808
v -4.5943165 5.051981 -12.664226
v -4.6647363 5.0086327 -17.299625
v -4.5893455 5.136019 -17.306364
v -4.354648 5.2953186 -12.672795
v -4.7088623 4.981471 -20.204163
v -4.428398 5.250858 -17.314684
v -4.6344824 5.109371 -20.204163
v -4.823408 4.910957 -24.03544
v -4.4743066 5.223182 -20.204166
v -4.751865 5.040066 -24.038927
v -4.5939646 5.151045 -24.044357
v -2.4471533 -8.6282215 24.202848
v -2.8471777 -8.6282215 23.800993
v -2.4466991 -8.336728 24.00237
v -2.6466992 -8.336722 23.801447
v 1.4307226 -8.6282215 23.657282
v 1.0288867 -8.6282215 24.057322
v 1.2302685 -8.336728 23.656837
v 1.0293311 -8.336728 23.856842
v -3.3112059 -8.628183 -25.294718
v -2.9093602 -8.628184 -25.694742
v -3.110742 -8.33669 -25.29426
v -2.9098241 -8.336685 -25.49428
v 0.56666505 -8.628184 -25.840271
v 0.9666845 -8.628183 -25.438425
v 0.5662158 -8.336685 -25.639801
v 0.7662256 -8.33669 -25.438879
v 1.0293311 -8.336728 23.856842
v -2.4466991 -8.336728 24.00237
v 0.9388916 -8.108856 23.414825
v -2.376743 -8.108856 23.55364
v 0.7662256 -8.33669 -25.438879
v 1.2302685 -8.336728 23.656837
v 0.49629393 -8.108819 -25.28236
v 0.9388916 -8.108856 23.414825
v -2.9098241 -8.336685 -25.49428
v 0.5662158 -8.336685 -25.639801
v -2.8193603 -8.108819 -25.143541
v 0.49629393 -8.108819 -25.28236
v -2.6466992 -8.336722 23.801447
v -3.110742 -8.33669 -25.29426
v -2.376743 -8.108856 23.55364
v -2.8193603 -8.108819 -25.143541
v 1.0288867 -8.6282215 24.057322
v -2.4471533 -8.6282215 24.202848
v 1.0293311 -8.336728 23.856842
v -2.4466991 -8.336728 24.00237
v 0.9666845 -8.628183 -25.438425
v 1.4307226 -8.6282215 23.657282
v 0.7662256 -8.33669 -25.438879
v 1.2302685 -8.336728 23.656837
v -2.9093602 -8.628184 -25.694742
v 0.56666505 -8.628184 -25.840271
v -2.9098241 -8.336685 -25.49428
v 0.5662158 -8.336685 -25.639801
v -2.8471777 -8.6282215 23.800993
v -3.3112059 -8.628183 -25.294718
v -2.6466992 -8.336722 23.801447
v -3.110742 -8.33669 -25.29426
v -2.5070848 -2.8215392 19.880232
v -2.9071093 -2.821539 19.478378
v -2.506631 -2.5300446 19.679756
v -2.7066307 -2.5300395 19.478832
v 1.370791 -2.821539 19.334667
v 0.96895504 -2.821539 19.734707
v 1.1703368 -2.5300446 19.334223
v 0.9693994 -2.5300446 19.534227
v -3.3711376 -2.8215096 1.5713128
v -2.969292 -2.8215096 1.1712891
v -3.1706738 -2.5300157 1.5717725
v -2.969756 -2.530011 1.3717529
v 0.50673336 -2.8215096 1.0257617
v 0.9067529 -2.8215096 1.4276068
v 0.5062842 -2.530011 1.2262304
v 0.70629394 -2.5300157 1.4271532
v 0.9693994 -2.5300446 19.534227
v -2.506631 -2.5300446 19.679756
v 0.87895995 -2.3021734 19.09221
v -2.4366748 -2.3021734 19.231026
v 0.70629394 -2.5300157 1.4271532
v 1.1703368 -2.5300446 19.334223
v 0.4363623 -2.3021448 1.5836767
v 0.87895995 -2.3021734 19.09221
v -2.969756 -2.530011 1.3717529
v 0.5062842 -2.530011 1.2262304
v -2.879292 -2.3021448 1.7224951
v 0.4363623 -2.3021448 1.5836767
v -2.7066307 -2.5300395 19.478832
v -3.1706738 -2.5300157 1.5717725
v -2.4366748 -2.3021734 19.231026
v -2.879292 -2.3021448 1.7224951
v 0.96895504 -2.821539 19.734707
v -2.5070848 -2.8215392 19.880232
v 0.9693994 -2.5300446 19.534227
v -2.506631 -2.5300446 19.679756
v 0.9067529 -2.8215096 1.4276068
v 1.370791 -2.821539 19.334667
v 0.70629394 -2.5300157 1.4271532
v 1.1703368 -2.5300446 19.334223
v -2.969292 -2.8215096 1.1712891
v 0.50673336 -2.8215096 1.0257617
v -2.969756 -2.530011 1.3717529
v 0.5062842 -2.530011 1.2262304
v -2.9071093 -2.821539 19.478378
v -3.3711376 -2.8215096 1.5713128
v -2.7066307 -2.5300395 19.478832
v -3.1706738 -2.5300157 1.5717725
v -1.6263281 -3.8796585 -8.01953
v -1.9509716 -3.8796585 -8.345658
v -1.6259619 -3.6430936 -8.182231
v -1.7882714 -3.643091 -8.34529
v 1.520786 -3.8796585 -8.462287
v 1.1946728 -3.8796585 -8.137633
v 1.3581054 -3.6430936 -8.462648
v 1.1950341 -3.6430936 -8.300334
v -2.3275537 -3.8796346 -22.878254
v -2.0014355 -3.8796346 -23.202894
v -2.164868 -3.6430671 -22.877878
v -2.0018115 -3.6430671 -23.040207
v 0.81955564 -3.8796346 -23.321001
v 1.1441944 -3.8796346 -22.99488
v 0.8191894 -3.6430671 -23.158304
v 0.9815088 -3.6430671 -22.995247
v 1.1950341 -3.6430936 -8.300334
v -1.6259619 -3.6430936 -8.182231
v 1.1216406 -3.4581618 -8.659055
v -1.5691845 -3.4581618 -8.546401
v 0.9815088 -3.6430671 -22.995247
v 1.3581054 -3.6430936 -8.462648
v 0.7624463 -3.4581404 -22.868217
v 1.1216406 -3.4581618 -8.659055
v -2.0018115 -3.6430671 -23.040207
v 0.8191894 -3.6430671 -23.158304
v -1.9283935 -3.4581404 -22.755558
v 0.7624463 -3.4581404 -22.868217
v -1.7882714 -3.643091 -8.34529
v -2.164868 -3.6430671 -22.877878
v -1.5691845 -3.4581618 -8.546401
v -1.9283935 -3.4581404 -22.755558
v 1.1946728 -3.8796585 -8.137633
v -1.6263281 -3.8796585 -8.01953
v 1.1950341 -3.6430936 -8.300334
v -1.6259619 -3.6430936 -8.182231
v 1.1441944 -3.8796346 -22.99488
v 1.520786 -3.8796585 -8.462287
v 0.9815088 -3.6430671 -22.995247
v 1.3581054 -3.6430936 -8.462648
v -2.0014355 -3.8796346 -23.202894
v 0.81955564 -3.8796346 -23.321001
v -2.0018115 -3.6430671 -23.040207
v 0.8191894 -3.6430671 -23.158304
v -1.9509716 -3.8796585 -8.345658
v -2.3275537 -3.8796346 -22.878254
v -1.7882714 -3.643091 -8.34529
v -2.164868 -3.6430671 -22.877878
v -2.6846776 4.29514 9.749945
v -3.084702 4.2951374 9.348089
v -2.6842237 4.5866313 9.549466
v -2.8842235 4.586636 9.348543
v 1.1931982 4.2951374 9.204378
v 0.7913623 4.2951374 9.604418
v 0.99274415 4.5866313 9.203934
v 0.79180664 4.5866313 9.403939
v -3.5487304 4.2951713 -13.69038
v -3.1468847 4.2951713 -14.0904045
v -3.3482666 4.5866656 -13.689922
v -3.1473486 4.5866704 -13.889942
v 0.3291406 4.295168 -14.235932
v 0.72916013 4.2951713 -13.834086
v 0.3286914 4.5866704 -14.035465
v 0.5287012 4.5866656 -13.834542
v 0.79180664 4.5866313 9.403939
v -2.6842237 4.5866313 9.549466
v 0.7013672 4.8145022 8.961923
v -2.6142676 4.8145022 9.100736
v 0.5287012 4.5866656 -13.834542
v 0.99274415 4.5866313 9.203934
v 0.2587695 4.8145366 -13.678019
v 0.7013672 4.8145022 8.961923
v -3.1473486 4.5866704 -13.889942
v 0.3286914 4.5866704 -14.035465
v -3.0568848 4.8145366 -13.5392
v 0.2587695 4.8145366 -13.678019
v -2.8842235 4.586636 9.348543
v -3.3482666 4.5866656 -13.689922
v -2.6142676 4.8145022 9.100736
v -3.0568848 4.8145366 -13.5392
v 0.7913623 4.2951374 9.604418
v -2.6846776 4.29514 9.749945
v 0.79180664 4.5866313 9.403939
v -2.6842237 4.5866313 9.549466
v 0.72916013 4.2951713 -13.834086
v 1.1931982 4.2951374 9.204378
v 0.5287012 4.5866656 -13.834542
v 0.99274415 4.5866313 9.203934
v -3.1468847 4.2951713 -14.0904045
v 0.3291406 4.295168 -14.235932
v -3.1473486 4.5866704 -13.889942
v 0.3286914 4.5866704 -14.035465
v -3.084702 4.2951374 9.348089
v -3.5487304 4.2951713 -13.69038
v -2.8842235 4.586636 9.348543
v -3.3482666 4.5866656 -13.689922
v -5.1183057 10.420921 -9.496157
v -5.196401 10.420929 -15.296237
v -5.086562 10.564512 -15.296008
v -4.8986278 10.70809 -9.495697
v -5.323535 10.420938 -23.561262
v -4.9767137 10.708101 -15.295778
v -5.2686133 10.492729 -23.56115
v -5.1038427 10.708113 -23.560802
v -4.1646824 -24.528246 -21.120792
v -4.0391307 -24.526558 -11.506313
v -4.166216 -24.642992 -11.387807
v -6.113149 44.595554 -24.818336
v -0.13800293 44.595554 -24.95715
v -5.670532 44.59551 23.878845
v 0.3045996 44.59551 23.740036
v -3.6954443 -8.392279 -24.196999
v -0.1184082 -8.392283 -24.064339
v -4.1238084 -8.392291 -19.590092
v -0.5467871 -8.392291 -19.457426
v -4.8649364 -22.453081 -23.617094
v -1.4518652 -22.453081 -23.709543
v -4.8537107 -22.45309 -18.376513
v -1.4406445 -22.45309 -18.468958
v -4.1646824 -24.528246 -21.120792
v -1.0102783 -24.525425 -21.088198
v -4.0391307 -24.526558 -11.506313
v -0.98835933 -24.525434 -11.478621
v -4.9186277 -20.297247 -14.633969
v -1.7402831 -20.2973 24.974152
v -5.0874753 -20.303946 24.942366
v -1.5043261 -20.297247 -14.621997
v -5.345254 -17.046305 -21.54318
v -1.9312987 -17.046307 -21.593637
v -5.3293552 -17.046326 -13.3526535
v -1.9154102 -17.046326 -13.403105
v -10.814214 -8.910193 -23.94256
v -2.70916 -8.910193 -24.081379
v -10.371596 -8.910231 24.754631
v -2.2665575 -8.910231 24.615812
v -7.347744 -21.257114 -25.500004
v 0.97855955 -21.257114 -25.63882
v -6.905132 -21.257153 25.35677
v 1.4211572 -21.257153 25.21795
v -13.345517 46.38942 -21.843658
v -5.5484667 46.38942 -21.69481
v -13.560947 46.38937 24.182014
v -5.763911 46.389378 24.330862
v -14.39958 -22.62311 -26.364305
v -3.3343408 -22.62311 -26.548788
v -13.811367 -22.62316 26.38334
v -2.7461474 -22.62316 26.19886
v -2.278789 9.328807 -2.2954834
v 0.41205078 9.328811 -2.408142
v -1.91958 9.328788 11.913684
v 0.7712451 9.328788 11.80103
v -6.113149 -1.1061511 -24.818335
v -0.13800293 -1.1061535 -24.957148
v -5.670532 -1.1062073 23.878849
v 0.3045996 -1.1062073 23.740042
v -5.2309666 10.70812 -24.24404
v 0.93938476 10.70812 -24.389572
v 1.0665088 10.708113 -23.706335
v -5.1038427 10.708113 -23.560802
v -4.9767137 10.708101 -15.295778
v 1.193628 10.708101 -15.441308
v 1.2255957 10.70809 -9.641223
v -4.8986278 10.70809 -9.495697
v -4.5939646 5.151045 -24.044357
v 1.5497118 5.177816 -24.099245
v 1.6070166 5.213076 -22.271233
v -4.4743066 5.223182 -20.204166
v 1.6643213 5.2483335 -20.204138
v 1.7216259 5.2835913 -18.726631
v -4.428398 5.250858 -17.314684
v 1.7335448 5.2909265 -17.478525
v -4.354648 5.2953186 -12.672795
v 1.7789307 5.3188486 -12.727446
v -2.8193603 -8.108819 -25.143541
v 0.49629393 -8.108819 -25.28236
v -2.376743 -8.108856 23.55364
v 0.9388916 -8.108856 23.414825
v -2.879292 -2.3021448 1.7224951
v 0.4363623 -2.3021448 1.5836767
v -2.4366748 -2.3021734 19.231026
v 0.87895995 -2.3021734 19.09221
v -1.9283935 -3.4581404 -22.755558
v 0.7624463 -3.4581404 -22.868217
v -1.5691845 -3.4581618 -8.546401
v 1.1216406 -3.4581618 -8.659055
v -3.0568848 4.8145366 -13.5392
v 0.2587695 4.8145366 -13.678019
v -2.6142676 4.8145022 9.100736
v 0.7013672 4.8145022 8.961923
v 1.7908984 -0.069301754 -18.963085
v 1.4517382 -0.30039427 -19.089016
v 1.7867919 -0.384364 -19.064692
v 1.5609765 -0.45283568 -20.290977
v 0.70827144 -0.41099486 -19.489435
v 0.6817578 -0.36015013 -20.287453
v -1.1530713 2.0094664 -20.147549
v 0.89410645 1.9115552 -20.65485
v -1.1616309 1.8726672 -21.398344
v 1.1136572 1.8883861 -19.479225
v 0.8778662 2.0697327 -20.169487
v -1.1439404 1.6961792 -19.438248
v 1.7262646 1.8869776 -18.81124
v 1.9097265 1.8979784 -18.623667
v 1.9069238 2.0796998 -18.806
v 1.7876757 2.114662 -22.37714
v 1.6314502 2.17469 -21.82634
v 1.7922412 2.5202403 -22.08469
v 2.0313866 -0.50364137 -18.768023
v 1.7867919 -0.384364 -19.064692
v 1.9582226 -0.5400012 -19.383753
v 1.7432764 2.4443457 -20.944904
v 1.5645752 1.9758434 -21.389917
v 1.6220703 2.0160484 -20.807316
v 2.0421143 -0.16797484 -18.563639
v 1.7908984 -0.069301754 -18.963085
v 2.0313866 -0.50364137 -18.768023
v 1.7449218 -0.39640012 -19.453745
v 1.5609765 -0.45283568 -20.290977
v 1.8891406 -0.46458125 -20.286526
v -1.1263428 1.261643 -18.908226
v 1.1136572 1.8883861 -19.479225
v -1.1439404 1.6961792 -19.438248
v -1.151162 0.7288489 -18.766823
v -1.5229541 -0.16369018 -18.663797
v 0.8109863 0.40541625 -19.07952
v 0.8820801 1.1368347 -22.117746
v 1.1998535 0.48548216 -21.899292
v -1.1720215 0.4146399 -21.725803
v 1.1034765 1.531709 -19.051935
v 1.1136572 1.8883861 -19.479225
v -1.1263428 1.261643 -18.908226
v 0.6817578 -0.36015013 -20.287453
v 0.70827144 -0.41099486 -19.489435
v 0.05786621 -0.4933215 -19.356152
v -1.1110156 -0.68658566 -19.363594
v -1.1395751 -0.6429675 -20.288265
v 0.6817578 -0.36015013 -20.287453
v 0.05786621 -0.4933215 -19.356152
v 1.1136572 1.8883861 -19.479225
v 1.704209 2.195521 -19.225382
v 1.6730077 2.2992554 -20.078812
v 1.5609765 -0.45283568 -20.290977
v 1.4276172 -0.33053833 -19.558762
v 0.70827144 -0.41099486 -19.489435
v 1.4517382 -0.30039427 -19.089016
v 0.7733887 -0.27139527 -19.128626
v 0.70827144 -0.41099486 -19.489435
v -2.7842724 -0.6232849 -19.229094
v -1.1110156 -0.68658566 -19.363594
v -1.3247217 -0.5539368 -19.017056
v 0.8109863 0.40541625 -19.07952
v 1.3307568 0.08083496 -18.930748
v 1.3385156 0.9330334 -19.241688
v 1.7908984 -0.069301754 -18.963085
v 2.0421143 -0.16797484 -18.563639
v 2.019707 0.45181882 -18.83685
v 0.8109863 0.40541625 -19.07952
v 0.16367187 -0.28285033 -19.044895
v 0.7733887 -0.27139527 -19.128626
v -2.945327 -0.13141114 -19.102715
v -1.5229541 -0.16369018 -18.663797
v -2.5959716 0.63827145 -19.063452
v -1.1110156 -0.68658566 -19.363594
v -2.7842724 -0.6232849 -19.229094
v -2.7540088 -0.8202283 -19.65739
v -3.1974657 0.6123474 -19.327785
v -3.197451 -0.05247192 -19.274048
v -2.5959716 0.63827145 -19.063452
v -2.5959716 0.63827145 -19.063452
v -2.5498095 1.1478552 -19.115875
v -3.1974657 0.6123474 -19.327785
v -2.5498095 1.1478552 -19.115875
v -2.9443555 1.5051965 -19.471722
v -3.197461 1.1997522 -19.640928
v -2.9443555 1.5051965 -19.471722
v -2.4973536 1.756549 -20.169575
v -3.197461 1.1997522 -19.640928
v -3.197754 1.2728332 -20.99244
v -2.0993018 1.5822741 -21.366632
v -3.1978173 1.1194286 -21.289911
v -2.0993018 1.5822741 -21.366632
v -2.6277685 1.5956701 -21.703527
v -3.1978173 1.1194286 -21.289911
v -2.9027343 1.3510314 -21.828556
v -2.797075 0.84997433 -21.789988
v -3.3245459 0.6158923 -21.438007
v -3.193081 -0.60069454 -20.817997
v -2.6253808 -0.7323767 -20.921936
v -2.4373388 -0.72459346 -20.289011
v -2.4373388 -0.72459346 -20.289011
v -2.7540088 -0.8202283 -19.65739
v -3.197617 -0.5986462 -20.306776
v 1.4276172 -0.33053833 -19.558762
v 1.4517382 -0.30039427 -19.089016
v 0.70827144 -0.41099486 -19.489435
v -3.1974657 0.6123474 -19.327785
v -2.5498095 1.1478552 -19.115875
v -3.197461 1.1997522 -19.640928
v 0.8778662 2.0697327 -20.169487
v 1.1136572 1.8883861 -19.479225
v 1.6730077 2.2992554 -20.078812
v -1.1720215 0.4146399 -21.725803
v 1.1998535 0.48548216 -21.899292
v -1.1691601 -0.20804077 -21.82112
v -3.1978173 1.1194286 -21.289911
v -2.6277685 1.5956701 -21.703527
v -2.9027343 1.3510314 -21.828556
v -2.9027343 1.3510314 -21.828556
v -3.3245459 0.6158923 -21.438007
v -3.1978173 1.1194286 -21.289911
v -2.7540088 -0.8202283 -19.65739
v -2.7842724 -0.6232849 -19.229094
v -3.1974413 -0.43324095 -19.381313
v -1.5229541 -0.16369018 -18.663797
v -2.945327 -0.13141114 -19.102715
v -2.7842724 -0.6232849 -19.229094
v -3.1897118 -0.43695676 -21.19765
v -3.1977978 -0.09709839 -21.435915
v -2.821333 -0.3941467 -21.578283
v -1.1585889 -0.5593933 -21.782732
v -2.813418 -0.74015987 -21.385202
v -2.821333 -0.3941467 -21.578283
v 0.73349607 -0.39042357 -21.790014
v -1.1585889 -0.5593933 -21.782732
v 0.63751465 -0.37489867 -22.05333
v -2.5959716 0.63827145 -19.063452
v -3.197451 -0.05247192 -19.274048
v -2.945327 -0.13141114 -19.102715
v 0.70827144 -0.41099486 -19.489435
v 0.7733887 -0.27139527 -19.128626
v 0.05786621 -0.4933215 -19.356152
v -1.151162 0.7288489 -18.766823
v 0.8109863 0.40541625 -19.07952
v 1.3385156 0.9330334 -19.241688
v 0.05786621 -0.4933215 -19.356152
v 0.7733887 -0.27139527 -19.128626
v 0.16367187 -0.28285033 -19.044895
v -3.197461 1.1997522 -19.640928
v -2.4973536 1.756549 -20.169575
v -3.1976416 1.3409606 -20.299086
v -3.3245459 0.6158923 -21.438007
v -3.2345362 0.26550293 -21.01698
v -3.1978173 1.1194286 -21.289911
v -3.1977978 0.23936157 -21.389072
v -3.2345362 0.26550293 -21.01698
v -3.3245459 0.6158923 -21.438007
v -3.1977978 -0.09709839 -21.435915
v -3.2345362 0.26550293 -21.01698
v -3.1977978 0.23936157 -21.389072
v -3.1978173 1.1194286 -21.289911
v -3.2345362 0.26550293 -21.01698
v -3.197754 1.2728332 -20.99244
v -3.2005272 0.27197632 -19.667118
v -3.1974413 -0.43324095 -19.381313
v -3.197451 -0.05247192 -19.274048
v -3.2005272 0.27197632 -19.667118
v -3.1974657 0.6123474 -19.327785
v -3.197461 1.1997522 -19.640928
v -3.197495 -0.48147094 -19.65117
v -3.1974413 -0.43324095 -19.381313
v -3.197617 -0.5986462 -20.306776
v -3.2075438 0.30660278 -20.291126
v -3.193081 -0.60069454 -20.817997
v -3.197461 1.1997522 -19.640928
v -3.1976416 1.3409606 -20.299086
v -3.197754 1.2728332 -20.99244
v -3.2345362 0.26550293 -21.01698
v -3.2075438 0.30660278 -20.291126
v -2.6253808 -0.7323767 -20.921936
v -3.193081 -0.60069454 -20.817997
v -2.813418 -0.74015987 -21.385202
v -3.193081 -0.60069454 -20.817997
v -3.2075438 0.30660278 -20.291126
v -3.2345362 0.26550293 -21.01698
v -2.813418 -0.74015987 -21.385202
v -3.193081 -0.60069454 -20.817997
v -3.1897118 -0.43695676 -21.19765
v -3.193081 -0.60069454 -20.817997
v -2.4373388 -0.72459346 -20.289011
v -3.197617 -0.5986462 -20.306776
v -3.1897118 -0.43695676 -21.19765
v -2.821333 -0.3941467 -21.578283
v -2.813418 -0.74015987 -21.385202
v 0.8820801 1.1368347 -22.117746
v -1.1720215 0.4146399 -21.725803
v -1.1760107 0.9730749 -22.129293
v -1.1691601 -0.20804077 -21.82112
v 1.1998535 0.48548216 -21.899292
v 0.63751465 -0.37489867 -22.05333
v -1.1439404 1.6961792 -19.438248
v 0.8778662 2.0697327 -20.169487
v -1.1530713 2.0094664 -20.147549
v 1.7432764 2.4443457 -20.944904
v 1.6730077 2.2992554 -20.078812
v 1.8495849 2.707445 -20.286543
v 1.6314502 2.17469 -21.82634
v 1.5645752 1.9758434 -21.389917
v 1.8103955 2.560908 -21.841726
v 1.7922412 2.5202403 -22.08469
v -2.7842724 -0.6232849 -19.229094
v -1.3247217 -0.5539368 -19.017056
v -1.5229541 -0.16369018 -18.663797
v 1.7432764 2.4443457 -20.944904
v 1.6220703 2.0160484 -20.807316
v 1.6730077 2.2992554 -20.078812
v 0.89410645 1.9115552 -20.65485
v -1.1530713 2.0094664 -20.147549
v 0.8778662 2.0697327 -20.169487
v -1.1616309 1.8726672 -21.398344
v 0.89410645 1.9115552 -20.65485
v 0.91930175 1.8976977 -21.40796
v 1.7908984 -0.069301754 -18.963085
v 2.019707 0.45181882 -18.83685
v 1.797788 0.50781006 -19.105415
v 1.7449218 -0.39640012 -19.453745
v 1.8891406 -0.46458125 -20.286526
v 1.9582226 -0.5400012 -19.383753
v 1.4517382 -0.30039427 -19.089016
v 1.4276172 -0.33053833 -19.558762
v 1.7867919 -0.384364 -19.064692
v 1.4276172 -0.33053833 -19.558762
v 1.7449218 -0.39640012 -19.453745
v 1.7867919 -0.384364 -19.064692
v 1.4276172 -0.33053833 -19.558762
v 1.5609765 -0.45283568 -20.290977
v 1.7449218 -0.39640012 -19.453745
v 2.0313866 -0.50364137 -18.768023
v 1.7908984 -0.069301754 -18.963085
v 1.7867919 -0.384364 -19.064692
v 1.9582226 -0.5400012 -19.383753
v 1.7867919 -0.384364 -19.064692
v 1.7449218 -0.39640012 -19.453745
v 1.4517382 -0.30039427 -19.089016
v 1.3307568 0.08083496 -18.930748
v 0.7733887 -0.27139527 -19.128626
v 1.3307568 0.08083496 -18.930748
v 1.7908984 -0.069301754 -18.963085
v 1.797788 0.50781006 -19.105415
v 1.3307568 0.08083496 -18.930748
v 1.4517382 -0.30039427 -19.089016
v 1.7908984 -0.069301754 -18.963085
v 0.7733887 -0.27139527 -19.128626
v 1.3307568 0.08083496 -18.930748
v 0.8109863 0.40541625 -19.07952
v 0.05786621 -0.4933215 -19.356152
v 0.16367187 -0.28285033 -19.044895
v -1.1110156 -0.68658566 -19.363594
v 0.16367187 -0.28285033 -19.044895
v -1.3247217 -0.5539368 -19.017056
v -1.1110156 -0.68658566 -19.363594
v 0.16367187 -0.28285033 -19.044895
v -1.5229541 -0.16369018 -18.663797
v -1.3247217 -0.5539368 -19.017056
v 0.16367187 -0.28285033 -19.044895
v 0.8109863 0.40541625 -19.07952
v -1.5229541 -0.16369018 -18.663797
v -5.0665183 -1.3252966 -23.707438
v -4.939404 -1.3253088 -15.436197
v -4.9393992 4.7791038 -15.440334
v -5.0665183 4.779114 -23.709503
v 1.5058349 4.779121 -23.701277
v -5.0665183 4.779114 -23.709503
v -4.9393992 4.7791038 -15.440334
v 1.6329541 4.77911 -15.432104
v 1.6329541 4.77911 -15.432104
v -4.9393992 4.7791038 -15.440334
v -4.939404 -1.3253088 -15.436197
v 1.6329443 -1.3253015 -15.427963
v 1.6329443 -1.3253015 -15.427963
v -4.939404 -1.3253088 -15.436197
v -5.0665183 -1.3252966 -23.707438
v 1.5058349 -1.3252918 -23.699205
v 1.5058349 -1.3252918 -23.699205
v -5.0665183 -1.3252966 -23.707438
v -5.0665183 4.779114 -23.709503
v 1.5058349 4.779121 -23.701277
v 1.7413818 0.8938867 -19.064611
v 1.7262646 1.8869776 -18.81124
v 1.1034765 1.531709 -19.051935
v 1.3385156 0.9330334 -19.241688
v 1.4608691 -0.33672974 -22.248531
v 0.63751465 -0.37489867 -22.05333
v 1.1998535 0.48548216 -21.899292
v 1.6352929 0.5044494 -22.132542
v 1.6314502 2.17469 -21.82634
v 1.6291211 1.6309752 -22.198498
v 1.0209765 1.5457531 -21.890263
v 0.90739745 1.9953747 -21.769373
v 1.704209 2.195521 -19.225382
v 1.1136572 1.8883861 -19.479225
v 1.1034765 1.531709 -19.051935
v 1.7262646 1.8869776 -18.81124
v 1.5349219 -0.47749877 -21.146818
v 1.5609765 -0.45283568 -20.290977
v 0.6817578 -0.36015013 -20.287453
v 0.60981447 -0.4558142 -21.117458
v 1.7262646 1.8869776 -18.81124
v 1.7413818 0.8938867 -19.064611
v 1.9253857 0.89469725 -18.810896
v 1.9097265 1.8979784 -18.623667
v 1.7632177 1.7282189 -22.291224
v 1.6291211 1.6309752 -22.198498
v 1.6314502 2.17469 -21.82634
v 1.7876757 2.114662 -22.37714
v 1.8848388 2.45464 -19.108646
v 1.704209 2.195521 -19.225382
v 1.7262646 1.8869776 -18.81124
v 1.9069238 2.0796998 -18.806
v 1.8517187 -0.48725462 -22.526842
v 1.4608691 -0.33672974 -22.248531
v 1.6352929 0.5044494 -22.132542
v 1.8124804 0.5721179 -22.340218
v 1.5609765 -0.45283568 -20.290977
v 1.5349219 -0.47749877 -21.146818
v 1.6435694 -0.4821106 -21.158882
v 1.8891406 -0.46458125 -20.286526
v 1.704209 2.195521 -19.225382
v 1.8848388 2.45464 -19.108646
v 1.8495849 2.707445 -20.286543
v 1.6730077 2.2992554 -20.078812
v -1.151162 0.7288489 -18.766823
v -1.1263428 1.261643 -18.908226
v -2.5498095 1.1478552 -19.115875
v -2.5959716 0.63827145 -19.063452
v -1.5229541 -0.16369018 -18.663797
v -1.1760107 0.9730749 -22.129293
v -1.1720215 0.4146399 -21.725803
v -2.069131 0.43258178 -21.549162
v -2.797075 0.84997433 -21.789988
v -1.1803662 1.506676 -22.026594
v -1.1760107 0.9730749 -22.129293
v -2.797075 0.84997433 -21.789988
v -2.9027343 1.3510314 -21.828556
v -2.4373388 -0.72459346 -20.289011
v -1.1395751 -0.6429675 -20.288265
v -1.1110156 -0.68658566 -19.363594
v -2.7540088 -0.8202283 -19.65739
v -1.1530713 2.0094664 -20.147549
v -1.1616309 1.8726672 -21.398344
v -2.0993018 1.5822741 -21.366632
v -2.4973536 1.756549 -20.169575
v 1.3385156 0.9330334 -19.241688
v 1.1034765 1.531709 -19.051935
v -1.1263428 1.261643 -18.908226
v -1.151162 0.7288489 -18.766823
v -1.1803662 1.506676 -22.026594
v 1.0209765 1.5457531 -21.890263
v 0.8820801 1.1368347 -22.117746
v -1.1760107 0.9730749 -22.129293
v -1.1554785 -0.61734253 -21.585812
v 0.73349607 -0.39042357 -21.790014
v 0.60981447 -0.4558142 -21.117458
v -1.1490821 -0.6357385 -21.035498
v 1.797788 0.50781006 -19.105415
v 2.019707 0.45181882 -18.83685
v 1.9253857 0.89469725 -18.810896
v 1.7413818 0.8938867 -19.064611
v -3.1977978 -0.09709839 -21.435915
v -3.1977978 0.23936157 -21.389072
v -2.069131 0.43258178 -21.549162
v -2.821333 -0.3941467 -21.578283
v 0.91930175 1.8976977 -21.40796
v 0.89410645 1.9115552 -20.65485
v 1.6220703 2.0160484 -20.807316
v 1.5645752 1.9758434 -21.389917
v 1.6352929 0.5044494 -22.132542
v 1.1998535 0.48548216 -21.899292
v 0.8820801 1.1368347 -22.117746
v 1.6126367 1.1365539 -22.204025
v 1.8124804 0.5721179 -22.340218
v 1.6352929 0.5044494 -22.132542
v 1.6126367 1.1365539 -22.204025
v 1.8043798 1.1401684 -22.577047
v -2.821333 -0.3941467 -21.578283
v -2.069131 0.43258178 -21.549162
v -1.1691601 -0.20804077 -21.82112
v -1.1720215 0.4146399 -21.725803
v -2.0993018 1.5822741 -21.366632
v -3.197754 1.2728332 -20.99244
v -3.1976416 1.3409606 -20.299086
v -2.4973536 1.756549 -20.169575
v -2.0993018 1.5822741 -21.366632
v -1.1616309 1.8726672 -21.398344
v -1.1707373 1.7711706 -21.844841
v -2.6277685 1.5956701 -21.703527
v -1.1616309 1.8726672 -21.398344
v 0.91930175 1.8976977 -21.40796
v 0.90739745 1.9953747 -21.769373
v -1.1707373 1.7711706 -21.844841
v -1.1803662 1.506676 -22.026594
v -2.9027343 1.3510314 -21.828556
v -2.6277685 1.5956701 -21.703527
v -1.1707373 1.7711706 -21.844841
v 1.0209765 1.5457531 -21.890263
v -1.1803662 1.506676 -22.026594
v -1.1707373 1.7711706 -21.844841
v 0.90739745 1.9953747 -21.769373
v 1.6314502 2.17469 -21.82634
v 0.90739745 1.9953747 -21.769373
v 0.91930175 1.8976977 -21.40796
v 1.5645752 1.9758434 -21.389917
v 1.0209765 1.5457531 -21.890263
v 1.6291211 1.6309752 -22.198498
v 1.6126367 1.1365539 -22.204025
v 0.8820801 1.1368347 -22.117746
v 1.6291211 1.6309752 -22.198498
v 1.7632177 1.7282189 -22.291224
v 1.8043798 1.1401684 -22.577047
v 1.6126367 1.1365539 -22.204025
v -2.797075 0.84997433 -21.789988
v -2.069131 0.43258178 -21.549162
v -3.1977978 0.23936157 -21.389072
v -3.3245459 0.6158923 -21.438007
v -2.7842724 -0.6232849 -19.229094
v -2.945327 -0.13141114 -19.102715
v -3.197451 -0.05247192 -19.274048
v -3.1974413 -0.43324095 -19.381313
v -2.5498095 1.1478552 -19.115875
v -1.1263428 1.261643 -18.908226
v -1.1439404 1.6961792 -19.438248
v -2.9443555 1.5051965 -19.471722
v -1.1439404 1.6961792 -19.438248
v -1.1530713 2.0094664 -20.147549
v -2.4973536 1.756549 -20.169575
v -2.9443555 1.5051965 -19.471722
v 1.5088671 -0.38978392 -22.002659
v 1.4608691 -0.33672974 -22.248531
v 1.8517187 -0.48725462 -22.526842
v 1.8318212 -0.49963734 -22.031237
v 1.5088671 -0.38978392 -22.002659
v 0.73349607 -0.39042357 -21.790014
v 0.63751465 -0.37489867 -22.05333
v 1.4608691 -0.33672974 -22.248531
v -3.197617 -0.5986462 -20.306776
v -2.7540088 -0.8202283 -19.65739
v -3.197495 -0.48147094 -19.65117
v -3.1974413 -0.43324095 -19.381313
v -3.1897118 -0.43695676 -21.19765
v -3.2345362 0.26550293 -21.01698
v -3.1977978 -0.09709839 -21.435915
v -3.193081 -0.60069454 -20.817997
v 1.5349219 -0.47749877 -21.146818
v 0.60981447 -0.4558142 -21.117458
v 0.73349607 -0.39042357 -21.790014
v 1.5088671 -0.38978392 -22.002659
v 1.6435694 -0.4821106 -21.158882
v 1.5349219 -0.47749877 -21.146818
v 1.5088671 -0.38978392 -22.002659
v 1.8318212 -0.49963734 -22.031237
v -2.4373388 -0.72459346 -20.289011
v -1.1490821 -0.6357385 -21.035498
v -1.1395751 -0.6429675 -20.288265
v -2.6253808 -0.7323767 -20.921936
v -1.1554785 -0.61734253 -21.585812
v -2.813418 -0.74015987 -21.385202
v -1.1395751 -0.6429675 -20.288265
v -1.1490821 -0.6357385 -21.035498
v 0.60981447 -0.4558142 -21.117458
v 0.6817578 -0.36015013 -20.287453
v 0.63751465 -0.37489867 -22.05333
v -1.1585889 -0.5593933 -21.782732
v -1.1691601 -0.20804077 -21.82112
v -2.821333 -0.3941467 -21.578283
v 1.6730077 2.2992554 -20.078812
v 1.6220703 2.0160484 -20.807316
v 0.89410645 1.9115552 -20.65485
v 0.8778662 2.0697327 -20.169487
v 0.73349607 -0.39042357 -21.790014
v -1.1554785 -0.61734253 -21.585812
v -1.1585889 -0.5593933 -21.782732
v -2.813418 -0.74015987 -21.385202
v 1.7413818 0.8938867 -19.064611
v 1.3385156 0.9330334 -19.241688
v 1.3307568 0.08083496 -18.930748
v 1.797788 0.50781006 -19.105415
vt -9.6015625 -5.6367188
vt -9.65625 -5.625
vt -9.6015625 -1.78125
vt -9.65625 -1.7792969
vt -9.6015625 -1.78125
vt -9.65625 -5.625
vt -9.65625 -5.625
vt -9.6015625 -5.6367188
vt -9.6484375 -5.6601562
vt -19.640625 -5.6210938
vt -19.65625 -5.65625
vt -19.6875 -5.6210938
vt -14.3671875 -5.6210938
vt -14.3203125 -5.625
vt -14.3515625 -5.671875
vt -14.9375 -5.6210938
vt -14.9609375 -5.6679688
vt -14.984375 -5.6210938
vt -14.3515625 -5.671875
vt -14.3203125 -5.625
vt -9.6484375 -5.6601562
vt -9.65625 -5.625
vt -9.6484375 -5.6601562
vt -14.3203125 -5.625
vt -19.65625 -5.65625
vt -19.640625 -5.6210938
vt -14.9609375 -5.6679688
vt -14.984375 -5.6210938
vt -14.9609375 -5.6679688
vt -19.640625 -5.6210938
vt -20.25 -5.6679688
vt -20.265625 -5.625
vt -19.65625 -5.65625
vt -19.6875 -5.6210938
vt -19.65625 -5.65625
vt -20.265625 -5.625
vt -12.9921875 4.4179688
vt -13.015625 4.421875
vt -12.9921875 4.7109375
vt -13.015625 4.7109375
vt -12.9921875 4.7109375
vt -13.015625 4.421875
vt -13.015625 4.421875
vt -12.9921875 4.4179688
vt -13.015625 4.3828125
vt -14.28125 4.421875
vt -14.2890625 4.3828125
vt -14.3046875 4.421875
vt -13.484375 4.421875
vt -13.4609375 4.421875
vt -13.4765625 4.3828125
vt -13.8203125 4.421875
vt -13.828125 4.3828125
vt -13.8359375 4.421875
vt -13.328125 6.859375
vt -13.359375 6.8632812
vt -13.328125 7.7148438
vt -13.3515625 7.7148438
vt -13.328125 7.7148438
vt -13.359375 6.8632812
vt -13.359375 6.8632812
vt -13.328125 6.859375
vt -13.359375 6.8359375
vt -14.8046875 6.8632812
vt -14.8203125 6.8398438
vt -14.828125 6.8632812
vt -13.90625 6.8632812
vt -13.8828125 6.8632812
vt -13.90625 6.8398438
vt -14.25 6.8632812
vt -14.265625 6.8398438
vt -14.28125 6.8632812
vt -12.6171875 6.0585938
vt -12.640625 6.0625
vt -12.6171875 6.5507812
vt -12.640625 6.5507812
vt -12.6171875 6.5507812
vt -12.640625 6.0625
vt -12.640625 6.0625
vt -12.6171875 6.0585938
vt -12.640625 6.0390625
vt -14.8515625 6.0625
vt -14.859375 6.0390625
vt -14.8671875 6.0625
vt -13.59375 6.0625
vt -13.578125 6.0625
vt -13.5859375 6.0390625
vt -13.8984375 6.0625
vt -13.9140625 6.0390625
vt -13.921875 6.0625
vt -11.8203125 2.7265625
vt -11.84375 2.7304688
vt -11.8203125 3.6816406
vt -11.84375 3.6816406
vt -11.8203125 3.6816406
vt -11.84375 2.7304688
vt -11.84375 2.7304688
vt -11.8203125 2.7265625
vt -11.84375 2.703125
vt -19.8125 2.7226562
vt -19.84375 2.703125
vt -19.84375 2.7304688
vt -15.6640625 2.7304688
vt -15.640625 2.7304688
vt -15.65625 2.7050781
vt -16 2.7304688
vt -16 2.7011719
vt -16.015625 2.7128906
vt -17.453125 3.8984375
vt -17.46875 3.9023438
vt -17.453125 4.6523438
vt -17.46875 4.6523438
vt -17.453125 4.6523438
vt -17.46875 3.9023438
vt -17.46875 3.9023438
vt -17.453125 3.8984375
vt -17.46875 3.875
vt -19.515625 3.9042969
vt -19.515625 3.8769531
vt -19.53125 3.9023438
vt -18.328125 3.9023438
vt -18.296875 3.9023438
vt -18.3125 3.8730469
vt -18.671875 3.9042969
vt -18.6875 3.8769531
vt -18.6875 3.9042969
vt -8.8828125 -17.171875
vt -8.9375 -17.171875
vt -8.8828125 -15.765625
vt -8.9375 -15.765625
vt -8.8828125 -15.765625
vt -8.9375 -17.171875
vt -8.9375 -17.171875
vt -8.8828125 -17.171875
vt -8.9375 -17.21875
vt -19.1875 -17.171875
vt -19.203125 -17.21875
vt -19.234375 -17.171875
vt -13.671875 -17.171875
vt -13.625 -17.171875
vt -13.6640625 -17.265625
vt -14.4609375 -17.171875
vt -14.484375 -17.265625
vt -14.5078125 -17.171875
vt -13.6640625 -17.265625
vt -13.625 -17.171875
vt -8.9375 -17.21875
vt -8.9375 -17.171875
vt -8.9375 -17.21875
vt -13.625 -17.171875
vt -19.203125 -17.21875
vt -19.1875 -17.171875
vt -14.484375 -17.265625
vt -14.5078125 -17.171875
vt -14.484375 -17.265625
vt -19.1875 -17.171875
vt -20 -17.234375
vt -20.015625 -17.171875
vt -19.203125 -17.21875
vt -19.234375 -17.171875
vt -19.203125 -17.21875
vt -20.015625 -17.171875
vt -8.6328125 -20.328125
vt -8.5859375 -20.34375
vt -8.6328125 -20.359375
vt -19.265625 -20.34375
vt -19.28125 -20.375
vt -19.296875 -20.34375
vt -13.5546875 -20.34375
vt -13.5078125 -20.34375
vt -13.5390625 -20.40625
vt -14.3515625 -20.34375
vt -14.375 -20.40625
vt -14.390625 -20.34375
vt -13.5390625 -20.40625
vt -13.5078125 -20.34375
vt -8.6328125 -20.359375
vt -8.6328125 -20.328125
vt -8.6328125 -20.359375
vt -13.5078125 -20.34375
vt -19.28125 -20.375
vt -19.265625 -20.34375
vt -14.375 -20.40625
vt -14.390625 -20.34375
vt -14.375 -20.40625
vt -19.265625 -20.34375
vt -20.09375 -20.375
vt -20.09375 -20.328125
vt -19.28125 -20.375
vt -19.296875 -20.34375
vt -19.28125 -20.375
vt -20.09375 -20.328125
vt -14.265625 -7.1132812
vt -14.2265625 -7.109375
vt -14.2734375 -14.296875
vt -14.2265625 -14.296875
vt -14.2734375 -14.296875
vt -14.2265625 -7.109375
vt -9.8125 -14.296875
vt -9.765625 -14.3125
vt -9.8125 -14.3359375
vt -19.46875 -14.3046875
vt -19.484375 -14.34375
vt -19.515625 -14.3125
vt -14.2734375 -14.296875
vt -14.2265625 -14.296875
vt -14.2578125 -14.34375
vt -15.015625 -14.3046875
vt -15.0390625 -14.359375
vt -15.0625 -14.3046875
vt -14.2578125 -14.34375
vt -14.2265625 -14.296875
vt -9.8125 -14.3359375
vt -9.8125 -14.296875
vt -9.8125 -14.3359375
vt -14.2265625 -14.296875
vt -19.484375 -14.34375
vt -19.46875 -14.3046875
vt -15.0390625 -14.359375
vt -15.0625 -14.3046875
vt -15.0390625 -14.359375
vt -19.46875 -14.3046875
vt -20.25 -14.359375
vt -20.25 -14.3203125
vt -19.484375 -14.34375
vt -19.515625 -14.3125
vt -19.484375 -14.34375
vt -20.25 -14.3203125
vt -7.6757812 -23.8125
vt -7.7421875 -23.796875
vt -7.671875 -21.671875
vt -7.7421875 -21.671875
vt -7.671875 -21.671875
vt -7.7421875 -23.796875
vt -7.7421875 -23.796875
vt -7.6757812 -23.8125
vt -7.7382812 -23.828125
vt -19.046875 -23.796875
vt -19.0625 -23.84375
vt -19.09375 -23.796875
vt -12.8671875 -23.796875
vt -12.8125 -23.796875
vt -12.84375 -23.890625
vt -13.9296875 -23.796875
vt -13.9609375 -23.890625
vt -13.9765625 -23.796875
vt -12.84375 -23.890625
vt -12.8125 -23.796875
vt -7.7382812 -23.828125
vt -7.7421875 -23.796875
vt -7.7382812 -23.828125
vt -12.8125 -23.796875
vt -19.0625 -23.84375
vt -19.046875 -23.796875
vt -13.9609375 -23.890625
vt -13.9765625 -23.796875
vt -13.9609375 -23.890625
vt -19.046875 -23.796875
vt -20.15625 -23.828125
vt -20.15625 -23.78125
vt -19.0625 -23.84375
vt -19.09375 -23.796875
vt -19.0625 -23.84375
vt -20.15625 -23.78125
vt -11.625 5.0625
vt -11.6640625 5.0703125
vt -11.6171875 5.6367188
vt -11.6640625 5.6367188
vt -11.6171875 5.6367188
vt -11.6640625 5.0703125
vt -11.6640625 5.0703125
vt -11.625 5.0625
vt -11.6640625 5.03125
vt -14.796875 5.0742188
vt -14.8125 5.03125
vt -14.8359375 5.0703125
vt -13.1015625 5.0742188
vt -13.0625 5.0742188
vt -13.0859375 4.9882812
vt -13.3671875 5.0742188
vt -13.390625 4.9921875
vt -13.40625 5.0742188
vt -13.0859375 4.9882812
vt -13.0625 5.0742188
vt -11.6640625 5.03125
vt -11.6640625 5.0703125
vt -11.6640625 5.03125
vt -13.0625 5.0742188
vt -14.8125 5.03125
vt -14.796875 5.0742188
vt -13.390625 4.9921875
vt -13.40625 5.0742188
vt -13.390625 4.9921875
vt -14.796875 5.0742188
vt -15.09375 5.0195312
vt -15.1015625 5.0664062
vt -14.8125 5.03125
vt -14.8359375 5.0703125
vt -14.8125 5.03125
vt -15.1015625 5.0664062
vt -9.6015625 -0.93847656
vt -9.6484375 -0.9277344
vt -9.6015625 -0.105895996
vt -9.6484375 -0.103637695
vt -9.6015625 -0.105895996
vt -9.6484375 -0.9277344
vt -9.6484375 -0.9277344
vt -9.6015625 -0.93847656
vt -9.6484375 -0.96435547
vt -19.640625 -0.9189453
vt -19.65625 -0.95654297
vt -19.6875 -0.9199219
vt -14.3671875 -0.92626953
vt -14.3203125 -0.92822266
vt -14.3515625 -0.9760742
vt -14.9375 -0.9194336
vt -14.9609375 -0.9667969
vt -14.9765625 -0.91845703
vt -14.3515625 -0.9760742
vt -14.3203125 -0.92822266
vt -9.6484375 -0.96435547
vt -9.6484375 -0.9277344
vt -9.6484375 -0.96435547
vt -14.3203125 -0.92822266
vt -19.65625 -0.95654297
vt -19.640625 -0.9189453
vt -14.9609375 -0.9667969
vt -14.9765625 -0.91845703
vt -14.9609375 -0.9667969
vt -19.640625 -0.9189453
vt -20.25 -0.9770508
vt -20.265625 -0.93603516
vt -19.65625 -0.95654297
vt -19.6875 -0.9199219
vt -19.65625 -0.95654297
vt -20.265625 -0.93603516
vt -2.9707031 -3.2011719
vt -2.9257812 -3.2109375
vt -2.9648438 -3.2480469
vt -6.0546875 -3.2011719
vt -6.0742188 -3.2460938
vt -6.09375 -3.2011719
vt -4.2539062 -3.1953125
vt -4.2148438 -3.1972656
vt -4.2421875 -3.2402344
vt -4.7695312 -3.1972656
vt -4.7851562 -3.2421875
vt -4.8164062 -3.1992188
vt -1.9619141 -1.1015625
vt -1.9306641 -1.1035156
vt -1.9589844 -1.1328125
vt -3.4550781 -1.1386719
vt -3.4570312 -1.1728516
vt -3.4824219 -1.1445312
vt -4.2226562 -0.7680664
vt -4.3710938 -0.8886719
vt -4.3632812 -0.8564453
vt -4.375 -1.1269531
vt -4.3945312 -1.0976562
vt -4.3515625 -1.0771484
vt -4.4101562 -0.8178711
vt -4.390625 -0.7753906
vt -4.3867188 -0.82177734
vt -4.6679688 -0.8598633
vt -4.6679688 -0.78466797
vt -4.640625 -0.8286133
vt -4.671875 -0.6098633
vt -4.7734375 -0.7866211
vt -4.7734375 -0.6098633
vt -4.8632812 -0.80859375
vt -5.1796875 -0.60791016
vt -5.1835938 -0.8852539
vt -4.7734375 -0.9399414
vt -4.7773438 -1.0927734
vt -5.1835938 -1.1171875
vt -4.546875 -0.6123047
vt -4.6679688 -0.78466797
vt -4.5429688 -0.7807617
vt -4.640625 -0.8286133
vt -4.5390625 -0.80615234
vt -4.4726562 -0.77783203
vt -4.390625 -0.7753906
vt -4.3710938 -0.6147461
vt -4.2226562 -0.7680664
vt -4.21875 -0.6176758
vt -4.2226562 -0.7680664
vt -4.3867188 -0.82177734
vt -4.3632812 -0.8564453
vt -4.3710938 -0.8886719
vt -4.2226562 -1.0048828
vt -4.2226562 -1.1279297
vt -4.3515625 -1.0771484
vt -4.3671875 -0.9863281
vt -4.3476562 -0.93847656
vt -4.6757812 -1.1230469
vt -4.671875 -1.0908203
vt -4.6171875 -1.1289062
vt -4.7773438 -1.0927734
vt -4.7734375 -0.9399414
vt -4.6875 -1.0527344
vt -4.6679688 -0.9995117
vt -4.7734375 -0.9399414
vt -4.6679688 -0.96191406
vt -4.3710938 -0.8886719
vt -4.2226562 -1.0048828
vt -4.3476562 -0.93847656
vt -4.6875 -1.0527344
vt -4.7734375 -0.9399414
vt -4.6679688 -0.9995117
vt -4.375 -1.1269531
vt -4.3515625 -1.0771484
vt -4.2226562 -1.1279297
vt -4.6171875 -1.1289062
vt -4.671875 -1.0908203
vt -4.6171875 -1.0976562
vt -10.1640625 0.5859375
vt -10.2109375 0.5961914
vt -10.15625 1.8720703
vt -10.203125 1.875
vt -10.15625 1.8720703
vt -10.2109375 0.5961914
vt -10.2109375 0.5961914
vt -10.1640625 0.5859375
vt -10.21875 0.5449219
vt -19.953125 0.7011719
vt -19.96875 0.6484375
vt -20 0.7011719
vt -14.9296875 0.69189453
vt -14.890625 0.68896484
vt -14.9140625 0.59033203
vt -15.25 0.6972656
vt -15.2734375 0.5986328
vt -15.2890625 0.7006836
vt -14.9140625 0.59033203
vt -14.890625 0.68896484
vt -10.21875 0.5449219
vt -10.2109375 0.5961914
vt -10.21875 0.5449219
vt -14.890625 0.68896484
vt -20.3125 0.63623047
vt -20.3125 0.6904297
vt -19.96875 0.6484375
vt -20 0.7011719
vt -19.96875 0.6484375
vt -20.3125 0.6904297
vt -16.546875 6.6914062
vt -16.59375 6.6992188
vt -16.53125 8.1875
vt -16.59375 8.1875
vt -16.53125 8.1875
vt -16.59375 6.6992188
vt -16.59375 6.6992188
vt -16.546875 6.6914062
vt -16.59375 6.6523438
vt -20.453125 6.703125
vt -20.46875 6.6484375
vt -20.5 6.703125
vt -18.359375 6.703125
vt -18.3125 6.703125
vt -18.34375 6.6015625
vt -18.6875 6.703125
vt -18.71875 6.6015625
vt -18.734375 6.703125
vt -18.34375 6.6015625
vt -18.3125 6.703125
vt -16.59375 6.6523438
vt -16.59375 6.6992188
vt -16.59375 6.6523438
vt -18.3125 6.703125
vt -20.46875 6.6484375
vt -20.453125 6.703125
vt -18.71875 6.6015625
vt -18.734375 6.703125
vt -18.71875 6.6015625
vt -20.453125 6.703125
vt -20.8125 6.640625
vt -20.8125 6.6953125
vt -20.46875 6.6484375
vt -20.5 6.703125
vt -20.46875 6.6484375
vt -20.8125 6.6953125
vt -16.6875 5.265625
vt -16.734375 5.2695312
vt -16.6875 5.8359375
vt -16.734375 5.8359375
vt -16.6875 5.8359375
vt -16.734375 5.2695312
vt -16.734375 5.2695312
vt -16.6875 5.265625
vt -16.734375 5.2304688
vt -19.859375 5.2734375
vt -19.859375 5.2304688
vt -19.890625 5.2734375
vt -18.15625 5.2734375
vt -18.125 5.2734375
vt -18.15625 5.1914062
vt -18.421875 5.2734375
vt -18.453125 5.1914062
vt -18.46875 5.2734375
vt -18.15625 5.1914062
vt -18.125 5.2734375
vt -16.734375 5.2304688
vt -16.734375 5.2695312
vt -16.734375 5.2304688
vt -18.125 5.2734375
vt -20.140625 5.21875
vt -20.15625 5.265625
vt -19.859375 5.2304688
vt -19.890625 5.2734375
vt -19.859375 5.2304688
vt -20.15625 5.265625
vt -16.859375 8.9609375
vt -16.90625 8.96875
vt -16.859375 10.4375
vt -16.90625 10.4375
vt -16.859375 10.4375
vt -16.90625 8.96875
vt -16.90625 8.96875
vt -16.859375 8.9609375
vt -16.90625 8.9140625
vt -21.703125 8.9765625
vt -21.71875 8.921875
vt -21.734375 8.9765625
vt -19.15625 8.96875
vt -19.109375 8.96875
vt -19.140625 8.8671875
vt -19.46875 8.96875
vt -19.5 8.875
vt -19.515625 8.9765625
vt -19.140625 8.8671875
vt -19.109375 8.96875
vt -16.90625 8.9140625
vt -16.90625 8.96875
vt -16.90625 8.9140625
vt -19.109375 8.96875
vt -22.046875 8.9140625
vt -22.0625 8.96875
vt -21.71875 8.921875
vt -21.734375 8.9765625
vt -21.71875 8.921875
vt -22.0625 8.96875
vt -20.28125 -1.7802734
vt -19.703125 -1.7763672
vt -20.265625 -5.625
vt -19.6875 -5.6210938
vt -19.640625 -1.7753906
vt -14.9765625 -1.7744141
vt -19.640625 -5.6210938
vt -14.984375 -5.6210938
vt -14.9296875 -1.7753906
vt -14.359375 -1.7763672
vt -14.9375 -5.6210938
vt -14.3671875 -5.6210938
vt -14.3125 -1.7783203
vt -9.65625 -1.7792969
vt -14.3203125 -5.625
vt -9.65625 -5.625
vt -19.703125 -1.7763672
vt -19.640625 -1.7753906
vt -19.6875 -5.6210938
vt -19.640625 -5.6210938
vt -14.9765625 -1.7744141
vt -14.9296875 -1.7753906
vt -14.984375 -5.6210938
vt -14.9375 -5.6210938
vt -14.359375 -1.7763672
vt -14.3125 -1.7783203
vt -14.3671875 -5.6210938
vt -14.3203125 -5.625
vt -14.9609375 -5.6679688
vt -14.9375 -5.6210938
vt -14.3515625 -5.671875
vt -14.3671875 -5.6210938
vt -14.6484375 4.7070312
vt -14.3046875 4.7109375
vt -14.640625 4.4179688
vt -14.3046875 4.421875
vt -14.28125 4.7109375
vt -13.8359375 4.7109375
vt -14.28125 4.421875
vt -13.8359375 4.421875
vt -13.8125 4.7109375
vt -13.4765625 4.7109375
vt -13.8203125 4.421875
vt -13.484375 4.421875
vt -13.453125 4.7109375
vt -13.015625 4.7109375
vt -13.4609375 4.421875
vt -13.015625 4.421875
vt -14.3046875 4.7109375
vt -14.28125 4.7109375
vt -14.3046875 4.421875
vt -14.28125 4.421875
vt -13.8359375 4.7109375
vt -13.8125 4.7109375
vt -13.8359375 4.421875
vt -13.8203125 4.421875
vt -13.4765625 4.7109375
vt -13.453125 4.7109375
vt -13.484375 4.421875
vt -13.4609375 4.421875
vt -13.4765625 4.3828125
vt -13.4609375 4.421875
vt -13.015625 4.3828125
vt -13.015625 4.421875
vt -13.828125 4.3828125
vt -13.8203125 4.421875
vt -13.4765625 4.3828125
vt -13.484375 4.421875
vt -14.2890625 4.3828125
vt -14.28125 4.421875
vt -13.828125 4.3828125
vt -13.8359375 4.421875
vt -14.640625 4.3789062
vt -14.640625 4.4179688
vt -14.2890625 4.3828125
vt -14.3046875 4.421875
vt -15.171875 7.7148438
vt -14.828125 7.7148438
vt -15.171875 6.8632812
vt -14.828125 6.8632812
vt -14.8046875 7.7148438
vt -14.28125 7.7148438
vt -14.8046875 6.8632812
vt -14.28125 6.8632812
vt -14.25 7.7148438
vt -13.90625 7.7148438
vt -14.25 6.8632812
vt -13.90625 6.8632812
vt -13.875 7.7148438
vt -13.3515625 7.7148438
vt -13.8828125 6.8632812
vt -13.359375 6.8632812
vt -14.828125 7.7148438
vt -14.8046875 7.7148438
vt -14.828125 6.8632812
vt -14.8046875 6.8632812
vt -14.28125 7.7148438
vt -14.25 7.7148438
vt -14.28125 6.8632812
vt -14.25 6.8632812
vt -13.90625 7.7148438
vt -13.875 7.7148438
vt -13.90625 6.8632812
vt -13.8828125 6.8632812
vt -13.90625 6.8398438
vt -13.8828125 6.8632812
vt -13.359375 6.8359375
vt -13.359375 6.8632812
vt -14.265625 6.8398438
vt -14.25 6.8632812
vt -13.90625 6.8398438
vt -13.90625 6.8632812
vt -14.8203125 6.8398438
vt -14.8046875 6.8632812
vt -14.265625 6.8398438
vt -14.28125 6.8632812
vt -15.1640625 6.8359375
vt -15.171875 6.8632812
vt -14.8203125 6.8398438
vt -14.828125 6.8632812
vt -15.171875 6.5507812
vt -14.8671875 6.5507812
vt -15.171875 6.0625
vt -14.8671875 6.0625
vt -14.84375 6.5507812
vt -13.921875 6.5507812
vt -14.8515625 6.0625
vt -13.921875 6.0625
vt -13.8984375 6.5507812
vt -13.59375 6.5507812
vt -13.8984375 6.0625
vt -13.59375 6.0625
vt -13.5703125 6.5507812
vt -12.640625 6.5507812
vt -13.578125 6.0625
vt -12.640625 6.0625
vt -14.8671875 6.5507812
vt -14.84375 6.5507812
vt -14.8671875 6.0625
vt -14.8515625 6.0625
vt -13.921875 6.5507812
vt -13.8984375 6.5507812
vt -13.921875 6.0625
vt -13.8984375 6.0625
vt -13.59375 6.5507812
vt -13.5703125 6.5507812
vt -13.59375 6.0625
vt -13.578125 6.0625
vt -13.5859375 6.0390625
vt -13.578125 6.0625
vt -12.640625 6.0390625
vt -12.640625 6.0625
vt -13.9140625 6.0390625
vt -13.8984375 6.0625
vt -13.5859375 6.0390625
vt -13.59375 6.0625
vt -14.859375 6.0390625
vt -14.8515625 6.0625
vt -13.9140625 6.0390625
vt -13.921875 6.0625
vt -15.171875 6.0351562
vt -15.171875 6.0625
vt -14.859375 6.0390625
vt -14.8671875 6.0625
vt -20.1875 3.6796875
vt -19.84375 3.6816406
vt -20.1875 2.7265625
vt -19.84375 2.7304688
vt -19.828125 3.6816406
vt -16.03125 3.6816406
vt -19.828125 2.7304688
vt -16.03125 2.7304688
vt -16 3.6816406
vt -15.6640625 3.6835938
vt -16 2.7304688
vt -15.6640625 2.7304688
vt -15.640625 3.6835938
vt -11.84375 3.6816406
vt -15.640625 2.7304688
vt -11.84375 2.7304688
vt -19.84375 3.6816406
vt -19.828125 3.6816406
vt -19.84375 2.7304688
vt -19.828125 2.7304688
vt -16.03125 3.6816406
vt -16 3.6816406
vt -16.03125 2.7304688
vt -16 2.7304688
vt -15.6640625 3.6835938
vt -15.640625 3.6835938
vt -15.6640625 2.7304688
vt -15.640625 2.7304688
vt -15.65625 2.7050781
vt -15.640625 2.7304688
vt -11.84375 2.703125
vt -11.84375 2.7304688
vt -16 2.7011719
vt -16 2.7304688
vt -15.65625 2.7050781
vt -15.6640625 2.7304688
vt -19.84375 2.703125
vt -19.828125 2.7304688
vt -16.03125 2.703125
vt -16.03125 2.7304688
vt -20.1875 2.6992188
vt -20.1875 2.7265625
vt -19.84375 2.703125
vt -19.84375 2.7304688
vt -19.875 4.6523438
vt -19.53125 4.6523438
vt -19.875 3.9003906
vt -19.53125 3.9023438
vt -19.515625 4.6523438
vt -18.6875 4.6523438
vt -19.515625 3.9042969
vt -18.6875 3.9042969
vt -18.65625 4.6523438
vt -18.328125 4.6523438
vt -18.671875 3.9042969
vt -18.328125 3.9023438
vt -18.296875 4.6523438
vt -17.46875 4.6523438
vt -18.296875 3.9023438
vt -17.46875 3.9023438
vt -19.53125 4.6523438
vt -19.515625 4.6523438
vt -19.53125 3.9023438
vt -19.515625 3.9042969
vt -18.6875 4.6523438
vt -18.65625 4.6523438
vt -18.6875 3.9042969
vt -18.671875 3.9042969
vt -18.328125 4.6523438
vt -18.296875 4.6523438
vt -18.328125 3.9023438
vt -18.296875 3.9023438
vt -18.3125 3.8730469
vt -18.296875 3.9023438
vt -17.46875 3.875
vt -17.46875 3.9023438
vt -18.6875 3.8769531
vt -18.671875 3.9042969
vt -18.3125 3.8730469
vt -18.328125 3.9023438
vt -19.515625 3.8769531
vt -19.515625 3.9042969
vt -18.6875 3.8769531
vt -18.6875 3.9042969
vt -19.875 3.8730469
vt -19.875 3.9003906
vt -19.515625 3.8769531
vt -19.53125 3.9023438
vt -20.015625 -15.765625
vt -19.234375 -15.765625
vt -20.015625 -17.171875
vt -19.234375 -17.171875
vt -19.171875 -15.765625
vt -14.5078125 -15.765625
vt -19.1875 -17.171875
vt -14.5078125 -17.171875
vt -14.4609375 -15.765625
vt -13.6640625 -15.765625
vt -14.4609375 -17.171875
vt -13.671875 -17.171875
vt -13.609375 -15.765625
vt -8.9375 -15.765625
vt -13.625 -17.171875
vt -8.9375 -17.171875
vt -19.234375 -15.765625
vt -19.171875 -15.765625
vt -19.234375 -17.171875
vt -19.1875 -17.171875
vt -14.5078125 -15.765625
vt -14.4609375 -15.765625
vt -14.5078125 -17.171875
vt -14.4609375 -17.171875
vt -13.6640625 -15.765625
vt -13.609375 -15.765625
vt -13.671875 -17.171875
vt -13.625 -17.171875
vt -14.484375 -17.265625
vt -14.4609375 -17.171875
vt -13.6640625 -17.265625
vt -13.671875 -17.171875
vt -20.109375 -18.109375
vt -19.296875 -18.109375
vt -20.09375 -20.328125
vt -19.296875 -20.34375
vt -19.25 -18.109375
vt -14.3828125 -18.109375
vt -19.265625 -20.34375
vt -14.390625 -20.34375
vt -14.34375 -18.109375
vt -13.546875 -18.109375
vt -14.3515625 -20.34375
vt -13.5546875 -20.34375
vt -13.5 -18.109375
vt -8.6328125 -18.109375
vt -13.5078125 -20.34375
vt -8.6328125 -20.328125
vt -19.296875 -18.109375
vt -19.25 -18.109375
vt -19.296875 -20.34375
vt -19.265625 -20.34375
vt -8.5859375 -20.34375
vt -8.6328125 -20.328125
vt -8.5859375 -18.109375
vt -8.6328125 -18.109375
vt -14.3828125 -18.109375
vt -14.34375 -18.109375
vt -14.390625 -20.34375
vt -14.3515625 -20.34375
vt -13.546875 -18.109375
vt -13.5 -18.109375
vt -13.5546875 -20.34375
vt -13.5078125 -20.34375
vt -14.375 -20.40625
vt -14.3515625 -20.34375
vt -13.5390625 -20.40625
vt -13.5546875 -20.34375
vt -20.28125 -7.125
vt -19.53125 -7.1210938
vt -20.25 -14.3203125
vt -19.515625 -14.3125
vt -19.46875 -7.1171875
vt -15.0546875 -7.1171875
vt -19.46875 -14.3046875
vt -15.0625 -14.3046875
vt -15.015625 -7.1171875
vt -14.265625 -7.1132812
vt -15.015625 -14.3046875
vt -14.2734375 -14.296875
vt -14.2265625 -7.109375
vt -9.8125 -7.109375
vt -14.2265625 -14.296875
vt -9.8125 -14.296875
vt -19.53125 -7.1210938
vt -19.46875 -7.1171875
vt -19.515625 -14.3125
vt -19.46875 -14.3046875
vt -9.765625 -14.3125
vt -9.8125 -14.296875
vt -9.765625 -7.1132812
vt -9.8125 -7.109375
vt -15.0546875 -7.1171875
vt -15.015625 -7.1171875
vt -15.0625 -14.3046875
vt -15.015625 -14.3046875
vt -15.0390625 -14.359375
vt -15.015625 -14.3046875
vt -14.2578125 -14.34375
vt -14.2734375 -14.296875
vt -20.15625 -21.671875
vt -19.09375 -21.671875
vt -20.15625 -23.78125
vt -19.09375 -23.796875
vt -19.03125 -21.671875
vt -13.9765625 -21.671875
vt -19.046875 -23.796875
vt -13.9765625 -23.796875
vt -13.9140625 -21.671875
vt -12.8515625 -21.6875
vt -13.9296875 -23.796875
vt -12.8671875 -23.796875
vt -12.796875 -21.6875
vt -7.7421875 -21.671875
vt -12.8125 -23.796875
vt -7.7421875 -23.796875
vt -19.09375 -21.671875
vt -19.03125 -21.671875
vt -19.09375 -23.796875
vt -19.046875 -23.796875
vt -13.9765625 -21.671875
vt -13.9140625 -21.671875
vt -13.9765625 -23.796875
vt -13.9296875 -23.796875
vt -12.8515625 -21.6875
vt -12.796875 -21.6875
vt -12.8671875 -23.796875
vt -12.8125 -23.796875
vt -13.9609375 -23.890625
vt -13.9296875 -23.796875
vt -12.84375 -23.890625
vt -12.8671875 -23.796875
vt -15.109375 5.6367188
vt -14.84375 5.6367188
vt -15.1015625 5.0664062
vt -14.8359375 5.0703125
vt -14.796875 5.6367188
vt -13.4140625 5.6367188
vt -14.796875 5.0742188
vt -13.40625 5.0742188
vt -13.3671875 5.6367188
vt -13.09375 5.6367188
vt -13.3671875 5.0742188
vt -13.1015625 5.0742188
vt -13.0390625 5.6367188
vt -11.6640625 5.6367188
vt -13.0625 5.0742188
vt -11.6640625 5.0703125
vt -14.84375 5.6367188
vt -14.796875 5.6367188
vt -14.8359375 5.0703125
vt -14.796875 5.0742188
vt -13.4140625 5.6367188
vt -13.3671875 5.6367188
vt -13.40625 5.0742188
vt -13.3671875 5.0742188
vt -13.09375 5.6367188
vt -13.0390625 5.6367188
vt -13.1015625 5.0742188
vt -13.0625 5.0742188
vt -13.390625 4.9921875
vt -13.3671875 5.0742188
vt -13.0859375 4.9882812
vt -13.1015625 5.0742188
vt -20.28125 -0.11206055
vt -19.703125 -0.096191406
vt -20.265625 -0.93603516
vt -19.6875 -0.9199219
vt -19.640625 -0.09454346
vt -14.9765625 -0.09429932
vt -19.640625 -0.9189453
vt -14.9765625 -0.91845703
vt -14.9296875 -0.09460449
vt -14.3515625 -0.10144043
vt -14.9375 -0.9194336
vt -14.3671875 -0.92626953
vt -14.3125 -0.10272217
vt -9.6484375 -0.103637695
vt -14.3203125 -0.92822266
vt -9.6484375 -0.9277344
vt -19.703125 -0.096191406
vt -19.640625 -0.09454346
vt -19.6875 -0.9199219
vt -19.640625 -0.9189453
vt -14.9765625 -0.09429932
vt -14.9296875 -0.09460449
vt -14.9765625 -0.91845703
vt -14.9375 -0.9194336
vt -14.3515625 -0.10144043
vt -14.3125 -0.10272217
vt -14.3671875 -0.92626953
vt -14.3203125 -0.92822266
vt -14.9609375 -0.9667969
vt -14.9375 -0.9194336
vt -14.3515625 -0.9760742
vt -14.3671875 -0.92626953
vt -6.625 -2.6132812
vt -6.6328125 -2.1738281
vt -6.1132812 -2.1640625
vt -6.109375 -2.6015625
vt -6.6132812 -3.1308594
vt -6.0976562 -3.1152344
vt -6.6054688 -3.2226562
vt -6.09375 -3.2011719
vt -6.0585938 -2.5996094
vt -6.0625 -2.1640625
vt -5.5703125 -2.1621094
vt -5.5703125 -2.5996094
vt -6.0546875 -3.1152344
vt -4.8789062 -2.5996094
vt -4.875 -2.1621094
vt -5.5664062 -3.1152344
vt -6.0546875 -3.2011719
vt -5.5703125 -3.203125
vt -4.8710938 -3.203125
vt -4.875 -3.1152344
vt -4.7734375 -2.5976562
vt -4.7734375 -2.1601562
vt -4.2539062 -2.1601562
vt -4.2539062 -2.5976562
vt -4.7734375 -3.1113281
vt -4.2539062 -3.1113281
vt -4.7695312 -3.1972656
vt -4.2539062 -3.1953125
vt -4.2070312 -2.5976562
vt -4.2070312 -2.1621094
vt -4.1523438 -2.1621094
vt -4.1523438 -2.5996094
vt -4.2070312 -3.1113281
vt -4.1523438 -3.1152344
vt -4.2148438 -3.1972656
vt -4.1601562 -3.2070312
vt -6.109375 -2.6015625
vt -6.1132812 -2.1640625
vt -6.0625 -2.1640625
vt -6.0585938 -2.5996094
vt -6.0976562 -3.1152344
vt -6.0546875 -3.1152344
vt -6.09375 -3.2011719
vt -6.0546875 -3.2011719
vt -2.9179688 -3.1191406
vt -2.9257812 -3.2109375
vt -2.9707031 -3.2011719
vt -2.96875 -3.1152344
vt -2.9160156 -2.6015625
vt -2.9667969 -2.6015625
vt -2.9179688 -2.1640625
vt -2.9667969 -2.1640625
vt -4.8203125 -2.5976562
vt -4.8203125 -2.1621094
vt -4.7734375 -2.1601562
vt -4.7734375 -2.5976562
vt -4.8203125 -3.1132812
vt -4.7734375 -3.1113281
vt -4.8164062 -3.1992188
vt -4.7695312 -3.1972656
vt -4.2539062 -2.5976562
vt -4.2539062 -2.1601562
vt -4.2070312 -2.1621094
vt -4.2070312 -2.5976562
vt -4.2539062 -3.1113281
vt -4.2070312 -3.1113281
vt -4.2539062 -3.1953125
vt -4.2148438 -3.1972656
vt -4.2421875 -3.2402344
vt -4.2148438 -3.1972656
vt -4.1601562 -3.2070312
vt -4.1640625 -3.2578125
vt -4.7851562 -3.2421875
vt -4.7695312 -3.1972656
vt -4.2421875 -3.2402344
vt -4.2539062 -3.1953125
vt -5.5703125 -3.2539062
vt -6.0742188 -3.2460938
vt -6.0546875 -3.2011719
vt -5.5703125 -3.203125
vt -4.8632812 -3.2539062
vt -4.8710938 -3.203125
vt -6.5976562 -3.2714844
vt -6.6054688 -3.2226562
vt -6.0742188 -3.2460938
vt -6.09375 -3.2011719
vt -2.9667969 -2.6015625
vt -3.4550781 -2.1640625
vt -2.9667969 -2.1640625
vt -3.4550781 -2.6015625
vt -4.1523438 -2.1621094
vt -2.96875 -3.1152344
vt -4.1523438 -2.5996094
vt -3.4570312 -3.1152344
vt -2.9707031 -3.2011719
vt -4.1523438 -3.1152344
vt -3.4609375 -3.203125
vt -4.1601562 -3.2070312
vt -2.9648438 -3.2480469
vt -3.4609375 -3.203125
vt -2.9707031 -3.2011719
vt -3.4609375 -3.2539062
vt -4.1601562 -3.2070312
vt -4.1640625 -3.2578125
vt -4.8203125 -2.5976562
vt -4.875 -2.1621094
vt -4.8203125 -2.1621094
vt -4.8789062 -2.5996094
vt -4.8203125 -3.1132812
vt -4.875 -3.1152344
vt -4.8164062 -3.1992188
vt -4.8710938 -3.203125
vt -4.8632812 -3.2539062
vt -4.8710938 -3.203125
vt -4.8164062 -3.1992188
vt -4.7851562 -3.2421875
vt -5.7304688 -0.88671875
vt -5.734375 -0.6113281
vt -5.2148438 -0.60791016
vt -5.2148438 -0.8847656
vt -5.7265625 -1.1210938
vt -5.2109375 -1.1152344
vt -3.4804688 -0.63134766
vt -2.9628906 -0.6069336
vt -3.4746094 -0.78125
vt -2.953125 -0.86865234
vt -3.4648438 -1.0175781
vt -2.9433594 -1.1132812
vt -3.4550781 -1.1386719
vt -1.9658203 -0.86816406
vt -1.9619141 -1.1015625
vt -2.3398438 -1.1044922
vt -2.3515625 -0.8652344
vt -1.96875 -0.59375
vt -2.6035156 -1.1074219
vt -2.359375 -0.59716797
vt -2.6035156 -0.8666992
vt -2.9179688 -1.1142578
vt -2.6035156 -0.5996094
vt -2.921875 -0.86816406
vt -2.9277344 -0.60595703
vt -5.2148438 -0.8847656
vt -5.2148438 -0.60791016
vt -5.1796875 -0.60791016
vt -5.1835938 -0.8852539
vt -5.2109375 -1.1152344
vt -5.1835938 -1.1171875
vt -5.1992188 -1.1494141
vt -3.5058594 -0.7832031
vt -3.5117188 -0.6328125
vt -3.4804688 -0.63134766
vt -3.4746094 -0.78125
vt -3.4648438 -1.0175781
vt -3.4960938 -1.0205078
vt -3.4824219 -1.1445312
vt -3.4550781 -1.1386719
vt -2.953125 -0.86865234
vt -2.9628906 -0.6069336
vt -2.9277344 -0.60595703
vt -2.921875 -0.86816406
vt -2.9179688 -1.1142578
vt -2.9433594 -1.1132812
vt -2.9277344 -1.1474609
vt -2.6035156 -1.140625
vt -2.9277344 -1.1474609
vt -2.9179688 -1.1142578
vt -2.6035156 -1.1074219
vt -2.40625 -1.1386719
vt -2.3378906 -1.1376953
vt -2.3398438 -1.1044922
vt -1.9589844 -1.1328125
vt -1.9619141 -1.1015625
vt -3.4570312 -1.1728516
vt -3.4550781 -1.1386719
vt -2.9433594 -1.1132812
vt -2.9277344 -1.1474609
vt -4.7539062 -1.1533203
vt -5.1992188 -1.1494141
vt -5.1835938 -1.1171875
vt -4.7773438 -1.1191406
vt -4.6757812 -1.1230469
vt -4.6445312 -1.1582031
vt -4.6171875 -1.1289062
vt -4.5507812 -1.1621094
vt -4.5507812 -1.1289062
vt -4.4648438 -1.1298828
vt -4.4609375 -1.1630859
vt -4.375 -1.1269531
vt -4.375 -1.1611328
vt -4.2226562 -1.1621094
vt -4.2226562 -1.1279297
vt -5.1992188 -1.1494141
vt -5.7226562 -1.1582031
vt -5.7265625 -1.1210938
vt -5.2109375 -1.1152344
vt -4.4648438 -1.1298828
vt -4.5507812 -1.1289062
vt -4.5429688 -1.0976562
vt -4.46875 -1.0908203
vt -4.7773438 -1.0927734
vt -4.6875 -1.0527344
vt -4.671875 -1.0908203
vt -4.6757812 -1.1230469
vt -4.5507812 -1.1289062
vt -4.6171875 -1.1289062
vt -4.6171875 -1.0976562
vt -4.5429688 -1.0976562
vt -5.1835938 -0.8852539
vt -4.7734375 -0.86816406
vt -4.7734375 -0.9399414
vt -4.8632812 -0.80859375
vt -4.7734375 -0.7866211
vt -4.7734375 -0.9399414
vt -4.6796875 -0.87646484
vt -4.6679688 -0.96191406
vt -4.7734375 -0.86816406
vt -4.7773438 -1.0927734
vt -4.7773438 -1.1191406
vt -5.1835938 -1.1171875
vt -4.6757812 -1.1230469
vt -4.5390625 -0.80615234
vt -4.5429688 -0.7807617
vt -4.4726562 -0.77783203
vt -4.484375 -0.8286133
vt -4.6679688 -0.8598633
vt -4.6796875 -0.87646484
vt -4.7734375 -0.86816406
vt -4.7734375 -0.7866211
vt -4.6679688 -0.78466797
vt -4.4648438 -1.1298828
vt -4.46875 -1.0908203
vt -4.3945312 -1.0976562
vt -4.375 -1.1269531
vt -4.4101562 -0.8178711
vt -4.484375 -0.8286133
vt -4.4726562 -0.77783203
vt -4.390625 -0.7753906
vt -20.34375 1.9697266
vt -20.015625 1.9775391
vt -20.3125 0.6904297
vt -20 0.7011719
vt -19.953125 1.9794922
vt -15.2890625 1.9775391
vt -19.953125 0.7011719
vt -15.2890625 0.7006836
vt -15.2421875 1.9736328
vt -14.9140625 1.9677734
vt -15.25 0.6972656
vt -14.9296875 0.69189453
vt -14.859375 1.9648438
vt -10.203125 1.875
vt -14.890625 0.68896484
vt -10.2109375 0.5961914
vt -20.015625 1.9775391
vt -19.953125 1.9794922
vt -20 0.7011719
vt -19.953125 0.7011719
vt -15.2890625 1.9775391
vt -15.2421875 1.9736328
vt -15.2890625 0.7006836
vt -15.25 0.6972656
vt -14.9140625 1.9677734
vt -14.859375 1.9648438
vt -14.9296875 0.69189453
vt -14.890625 0.68896484
vt -15.2734375 0.5986328
vt -15.25 0.6972656
vt -14.9140625 0.59033203
vt -14.9296875 0.69189453
vt -19.96875 0.6484375
vt -19.953125 0.7011719
vt -15.2734375 0.5986328
vt -15.2890625 0.7006836
vt -20.828125 8.1875
vt -20.5 8.1875
vt -20.8125 6.6953125
vt -20.5 6.703125
vt -20.4375 8.1875
vt -18.734375 8.1875
vt -20.453125 6.703125
vt -18.734375 6.703125
vt -18.6875 8.1875
vt -18.359375 8.1875
vt -18.6875 6.703125
vt -18.359375 6.703125
vt -18.296875 8.1875
vt -16.59375 8.1875
vt -18.3125 6.703125
vt -16.59375 6.6992188
vt -20.5 8.1875
vt -20.4375 8.1875
vt -20.5 6.703125
vt -20.453125 6.703125
vt -18.734375 8.1875
vt -18.6875 8.1875
vt -18.734375 6.703125
vt -18.6875 6.703125
vt -18.359375 8.1875
vt -18.296875 8.1875
vt -18.359375 6.703125
vt -18.3125 6.703125
vt -18.71875 6.6015625
vt -18.6875 6.703125
vt -18.34375 6.6015625
vt -18.359375 6.703125
vt -20.15625 5.8359375
vt -19.890625 5.8359375
vt -20.15625 5.265625
vt -19.890625 5.2734375
vt -19.84375 5.8359375
vt -18.46875 5.8359375
vt -19.859375 5.2734375
vt -18.46875 5.2734375
vt -18.421875 5.8359375
vt -18.15625 5.8359375
vt -18.421875 5.2734375
vt -18.15625 5.2734375
vt -18.109375 5.8359375
vt -16.734375 5.8359375
vt -18.125 5.2734375
vt -16.734375 5.2695312
vt -19.890625 5.8359375
vt -19.84375 5.8359375
vt -19.890625 5.2734375
vt -19.859375 5.2734375
vt -18.46875 5.8359375
vt -18.421875 5.8359375
vt -18.46875 5.2734375
vt -18.421875 5.2734375
vt -18.15625 5.8359375
vt -18.109375 5.8359375
vt -18.15625 5.2734375
vt -18.125 5.2734375
vt -18.453125 5.1914062
vt -18.421875 5.2734375
vt -18.15625 5.1914062
vt -18.15625 5.2734375
vt -19.859375 5.2304688
vt -19.859375 5.2734375
vt -18.453125 5.1914062
vt -18.46875 5.2734375
vt -22.078125 10.4375
vt -21.75 10.4453125
vt -22.0625 8.96875
vt -21.734375 8.9765625
vt -21.703125 10.4453125
vt -19.5 10.4453125
vt -21.703125 8.9765625
vt -19.515625 8.9765625
vt -19.46875 10.4453125
vt -19.140625 10.4453125
vt -19.46875 8.96875
vt -19.15625 8.96875
vt -19.09375 10.4375
vt -16.90625 10.4375
vt -19.109375 8.96875
vt -16.90625 8.96875
vt -21.75 10.4453125
vt -21.703125 10.4453125
vt -21.734375 8.9765625
vt -21.703125 8.9765625
vt -19.5 10.4453125
vt -19.46875 10.4453125
vt -19.515625 8.9765625
vt -19.46875 8.96875
vt -19.140625 10.4453125
vt -19.09375 10.4375
vt -19.15625 8.96875
vt -19.109375 8.96875
vt -19.5 8.875
vt -19.46875 8.96875
vt -19.140625 8.8671875
vt -19.15625 8.96875
vt -21.71875 8.921875
vt -21.703125 8.9765625
vt -19.5 8.875
vt -19.515625 8.9765625
vt -1.9306641 -1.1035156
vt -1.9619141 -1.1015625
vt -1.9492188 -0.86816406
vt -1.9355469 -0.86865234
vt -1.9658203 -0.86816406
vt -1.9394531 -0.5932617
vt -1.96875 -0.59375
vt 8.375 0.8588867
vt 5.1289062 0.88964844
vt 8.3828125 1.2646484
vt 5.1367188 1.2949219
vt 8.765625 0.8876953
vt 8.4609375 0.859375
vt 8.7578125 1.1240234
vt 8.453125 1.0957031
vt 8.8125 -0.39526367
vt 8.453125 -0.39453125
vt 8.8203125 -0.15905762
vt 8.453125 -0.15820312
vt 9.234375 -1.0556641
vt 8.59375 -1.0527344
vt 9.2421875 -0.8442383
vt 8.59375 -0.8408203
vt 7.7695312 1.7109375
vt 5.1289062 1.6953125
vt 7.765625 1.9472656
vt 5.1289062 1.9316406
vt 9.296875 -1.9101562
vt 8.7265625 -1.9091797
vt 9.296875 -1.6738281
vt 8.734375 -1.6728516
vt 8.375 -0.3959961
vt 5.1289062 -0.36499023
vt 8.3828125 0.15002441
vt 5.1367188 0.1809082
vt 8.515625 -1.0566406
vt 5.1289062 -1.0253906
vt 8.5234375 -0.4958496
vt 5.1367188 -0.4650879
vt 8.2109375 0.26367188
vt 5.1367188 0.25024414
vt 8.1953125 0.7895508
vt 5.1289062 0.7758789
vt 8.6484375 -1.9111328
vt 5.1289062 -1.8701172
vt 8.6640625 -1.1660156
vt 5.140625 -1.125
vt 8.2734375 0.43725586
vt 9.234375 0.44995117
vt 8.2734375 0.25073242
vt 9.234375 0.26342773
vt 8.375 0.8588867
vt 5.1289062 0.88964844
vt 8.3828125 1.2646484
vt 5.1367188 1.2949219
vt 9.9921875 -1.7773438
vt 9.9921875 -1.3720703
vt 10.375 -1.3632812
vt 10.3828125 -1.7705078
vt 10.9296875 -1.7626953
vt 10.921875 -1.3554688
vt 10.96875 -1.7695312
vt 10.96875 -1.3623047
vt 10.28125 -0.6875
vt 9.9375 -0.7109375
vt 10.2578125 -0.28198242
vt 9.9609375 -0.3005371
vt 9.90625 -0.30371094
vt 9.859375 -0.7167969
vt 9.75 -0.31347656
vt 9.78125 -0.71875
vt 9.71875 -0.7216797
vt 9.6484375 -0.72509766
vt 9.5078125 -0.32543945
vt 9.53125 -0.73095703
vt 8.375 1.3652344
vt 5.1289062 1.3955078
vt 8.3828125 1.5947266
vt 5.1367188 1.625
vt 5.1328125 2.2480469
vt 6.3164062 2.2636719
vt 5.1328125 2.0175781
vt 6.3164062 2.0332031
vt 6.3867188 2.203125
vt 7.3476562 2.2167969
vt 6.3867188 2.0175781
vt 7.3476562 2.0292969
vt 7.6640625 1.9179688
vt 9.1875 1.9482422
vt 7.6640625 1.6884766
vt 9.1875 1.71875
vt 0.30566406 0.96240234
vt 0.01109314 0.64404297
vt 0.30566406 0.64404297
vt 0.30566406 0.96240234
vt 0.01109314 0.64404297
vt 0.30566406 0.64404297
vt 0.30566406 0.96240234
vt 0.01109314 0.64404297
vt 0.30566406 0.64404297
vt 0.30566406 0.96240234
vt 0.01109314 0.64404297
vt 0.30566406 0.64404297
vt 0.30566406 0.9584961
vt 0.01109314 0.6401367
vt 0.30566406 0.6401367
vt 0.30566406 0.9584961
vt 0.01109314 0.6401367
vt 0.30566406 0.6401367
vt 0.30566406 0.9584961
vt 0.01109314 0.6401367
vt 0.30566406 0.6401367
vt 0.30566406 0.9584961
vt 0.01109314 0.6401367
vt 0.30566406 0.6401367
vt 0.30566406 0.9584961
vt 0.01109314 0.6401367
vt 0.30566406 0.6401367
vt 0.30566406 0.9584961
vt 0.01109314 0.6401367
vt 0.30566406 0.6401367
vt 0.30566406 0.9584961
vt 0.01109314 0.6401367
vt 0.30566406 0.6401367
vt 0.30566406 0.9584961
vt 0.01109314 0.6401367
vt 0.30566406 0.6401367
vt 0.30566406 0.9584961
vt 0.01109314 0.6401367
vt 0.30566406 0.6401367
vt 0.30566406 0.9584961
vt 0.01109314 0.6401367
vt 0.30566406 0.6401367
vt 0.30566406 0.9584961
vt 0.01109314 0.6401367
vt 0.30566406 0.6401367
vt 0.01109314 0.03616333
vt 0.10870361 0.03616333
vt 0.01109314 0.6401367
vt 0.30566406 0.6401367
vt 0.47973633 0.9584961
vt 0.30566406 0.9584961
vt 0.30566406 0.6401367
vt 0.47973633 0.6401367
vt 0.30566406 0.9584961
vt 0.47973633 0.9584961
vt 0.30566406 0.9584961
vt 0.47973633 0.6401367
vt 0.30566406 0.6401367
vt 0.47973633 0.6401367
vt 0.30566406 0.9584961
vt 0.47973633 0.9584961
vt 0.30566406 0.9584961
vt 0.47973633 0.6401367
vt 0.30566406 0.9584961
vt 0.01109314 0.6401367
vt 0.30566406 0.6401367
vt 0.30566406 0.03616333
vt 0.47973633 0.03616333
vt 0.30566406 0.6401367
vt 0.47973633 0.6401367
vt 0.47973633 0.6401367
vt 0.47973633 0.03616333
vt 0.30566406 0.03616333
vt 0.30566406 0.6401367
vt 0.10870361 0.03616333
vt 0.47973633 0.6401367
vt 0.47973633 0.6401367
vt 0.47973633 0.9584961
vt 0.47973633 0.9584961
vt 0.30566406 0.6401367
vt 0.47973633 0.6401367
vt 0.47973633 0.6401367
vt 0.30566406 0.6401367
vt 0.47973633 0.03616333
vt 0.30566406 0.6401367
vt 0.01109314 0.6401367
vt 0.10870361 0.03616333
vt 0.30566406 0.9584961
vt 0.01109314 0.6401367
vt 0.30566406 0.6401367
vt 0.30566406 0.9584961
vt 0.01109314 0.6401367
vt 0.30566406 0.6401367
vt 0.30566406 0.96240234
vt 0.01109314 0.64404297
vt 0.30566406 0.64404297
vt 0.01109314 0.03994751
vt 0.30566406 0.03994751
vt 0.01109314 0.64404297
vt 0.30566406 0.64404297
vt 0.01109314 0.64404297
vt 0.30566406 0.03994751
vt 0.30566406 0.03994751
vt 0.9926758 0.03994751
vt 0.30566406 0.64404297
vt 0.9926758 0.64404297
vt 0.30566406 0.64404297
vt 0.9926758 0.03994751
vt 0.30566406 0.96240234
vt 0.01109314 0.64404297
vt 0.30566406 0.64404297
vt 0.30566406 0.9584961
vt 0.01109314 0.6401367
vt 0.30566406 0.6401367
vt 0.30566406 0.9584961
vt 0.01109314 0.6401367
vt 0.30566406 0.6401367
vt 0.30566406 0.9584961
vt 0.01109314 0.6401367
vt 0.30566406 0.6401367
vt 0.30566406 0.9584961
vt 0.01109314 0.6401367
vt 0.30566406 0.6401367
vt 0.30566406 0.96240234
vt 0.01109314 0.64404297
vt 0.30566406 0.64404297
vt 0.30566406 0.96240234
vt 0.01109314 0.64404297
vt 0.30566406 0.64404297
vt 0.30566406 0.96240234
vt 0.01109314 0.64404297
vt 0.30566406 0.64404297
vt 0.30566406 0.96240234
vt 0.01109314 0.64404297
vt 0.30566406 0.64404297
vt 0.30566406 0.96240234
vt 0.01109314 0.64404297
vt 0.30566406 0.64404297
vt 0.30566406 0.96240234
vt 0.01109314 0.64404297
vt 0.30566406 0.64404297
vt 0.30566406 0.96240234
vt 0.01109314 0.64404297
vt 0.30566406 0.64404297
vt 0.30566406 0.96240234
vt 0.01109314 0.64404297
vt 0.30566406 0.64404297
vt 0.30566406 0.96240234
vt 0.01109314 0.64404297
vt 0.30566406 0.64404297
vt 0.30566406 0.96240234
vt 0.01109314 0.64404297
vt 0.30566406 0.64404297
vt 0.30566406 0.96240234
vt 0.01109314 0.64404297
vt 0.30566406 0.64404297
vt 0.30566406 0.96240234
vt 0.01109314 0.64404297
vt 0.30566406 0.64404297
vt 0.30566406 0.96240234
vt 0.01109314 0.64404297
vt 0.30566406 0.64404297
vt 0.30566406 0.96240234
vt 0.01109314 0.64404297
vt 0.30566406 0.64404297
vt 0.30566406 0.96240234
vt 0.01109314 0.64404297
vt 0.30566406 0.64404297
vt 0.30566406 0.96240234
vt 0.01109314 0.64404297
vt 0.30566406 0.64404297
vt 0.30566406 0.96240234
vt 0.01109314 0.64404297
vt 0.30566406 0.64404297
vt 0.30566406 0.96240234
vt 0.01109314 0.64404297
vt 0.30566406 0.64404297
vt 0.30566406 0.96240234
vt 0.01109314 0.64404297
vt 0.30566406 0.64404297
vt 0.30566406 0.96240234
vt 0.01109314 0.64404297
vt 0.30566406 0.64404297
vt 0.30566406 0.96240234
vt 0.01109314 0.64404297
vt 0.30566406 0.64404297
vt 0.30566406 0.96240234
vt 0.01109314 0.64404297
vt 0.30566406 0.64404297
vt 0.30566406 0.96240234
vt 0.01109314 0.64404297
vt 0.30566406 0.64404297
vt 0.30566406 0.96240234
vt 0.01109314 0.64404297
vt 0.30566406 0.64404297
vt 0.29907227 0.9970703
vt 0.10876465 0.56640625
vt 0.29907227 0.56640625
vt 0.29907227 0.9970703
vt 0.10876465 0.56640625
vt 0.29907227 0.56640625
vt 0.29907227 0.9970703
vt 0.10876465 0.56640625
vt 0.29907227 0.56640625
vt 0.29907227 0.9970703
vt 0.10876465 0.56640625
vt 0.29907227 0.56640625
vt 0.29907227 0.9970703
vt 0.10876465 0.56640625
vt 0.29907227 0.56640625
vt 0.29907227 0.9970703
vt 0.10876465 0.56640625
vt 0.29907227 0.56640625
vt 0.30566406 0.96240234
vt 0.01109314 0.64404297
vt 0.30566406 0.64404297
vt 0.30566406 0.96240234
vt 0.01109314 0.64404297
vt 0.30566406 0.64404297
vt 0.30566406 0.96240234
vt 0.01109314 0.64404297
vt 0.30566406 0.64404297
vt 0.30566406 0.96240234
vt 0.01109314 0.64404297
vt 0.30566406 0.64404297
vt 0.30566406 0.96240234
vt 0.01109314 0.64404297
vt 0.30566406 0.64404297
vt 0.30566406 0.96240234
vt 0.01109314 0.64404297
vt 0.30566406 0.64404297
vt 0.30566406 0.96240234
vt 0.01109314 0.64404297
vt 0.30566406 0.64404297
vt 0.30566406 0.96240234
vt 0.01109314 0.64404297
vt 0.30566406 0.64404297
vt 0.30566406 0.96240234
vt 0.01109314 0.64404297
vt 0.30566406 0.64404297
vt 0.30566406 0.96240234
vt 0.01109314 0.64404297
vt 0.30566406 0.64404297
vt 0.30566406 0.96240234
vt 0.01109314 0.64404297
vt 0.30566406 0.64404297
vt 0.30566406 0.96240234
vt 0.01109314 0.64404297
vt 0.30566406 0.64404297
vt 0.30566406 0.96240234
vt 0.01109314 0.64404297
vt 0.30566406 0.64404297
vt 0.30566406 0.96240234
vt 0.01109314 0.64404297
vt 0.30566406 0.64404297
vt 0.30566406 0.96240234
vt 0.01109314 0.64404297
vt 0.30566406 0.64404297
vt 0.30566406 0.96240234
vt 0.01109314 0.64404297
vt 0.30566406 0.64404297
vt 0.01109314 0.03994751
vt 0.30566406 0.03994751
vt 0.01109314 0.64404297
vt 0.30566406 0.64404297
vt 0.01109314 0.03994751
vt 0.30566406 0.03994751
vt 0.01109314 0.64404297
vt 0.30566406 0.64404297
vt 0.01109314 0.03994751
vt 0.30566406 0.03994751
vt 0.01109314 0.64404297
vt 0.30566406 0.64404297
vt 0.01109314 0.03994751
vt 0.30566406 0.03994751
vt 0.01109314 0.64404297
vt 0.30566406 0.64404297
vt 0.30566406 0.64404297
vt 0.9926758 0.64404297
vt 0.30566406 0.96240234
vt 0.9926758 0.96240234
vt 0.30566406 0.64404297
vt 0.9926758 0.64404297
vt 0.30566406 0.96240234
vt 0.9926758 0.96240234
vt 0.30566406 0.64404297
vt 0.9926758 0.64404297
vt 0.30566406 0.96240234
vt 0.9926758 0.96240234
vt 0.30566406 0.64404297
vt 0.9926758 0.64404297
vt 0.30566406 0.96240234
vt 0.9926758 0.96240234
vt 0.30566406 0.03994751
vt 0.9926758 0.03994751
vt 0.30566406 0.64404297
vt 0.9926758 0.64404297
vt 0.30566406 0.03994751
vt 0.9926758 0.03994751
vt 0.30566406 0.64404297
vt 0.9926758 0.64404297
vt 0.30566406 0.03994751
vt 0.9926758 0.03994751
vt 0.30566406 0.64404297
vt 0.9926758 0.64404297
vt 0.30566406 0.03994751
vt 0.9926758 0.03994751
vt 0.30566406 0.64404297
vt 0.9926758 0.64404297
vt 0.01109314 0.03616333
vt 0.30566406 0.03616333
vt 0.01109314 0.6401367
vt 0.30566406 0.6401367
vt 0.01109314 0.03616333
vt 0.30566406 0.03616333
vt 0.01109314 0.6401367
vt 0.30566406 0.6401367
vt 0.01109314 0.03616333
vt 0.30566406 0.03616333
vt 0.01109314 0.6401367
vt 0.30566406 0.6401367
vt 0.01109314 0.03616333
vt 0.30566406 0.03616333
vt 0.01109314 0.6401367
vt 0.30566406 0.6401367
vt 0.30566406 0.6401367
vt 0.47973633 0.6401367
vt 0.30566406 0.9584961
vt 0.47973633 0.9584961
vt 0.30566406 0.6401367
vt 0.47973633 0.6401367
vt 0.30566406 0.9584961
vt 0.47973633 0.9584961
vt 0.30566406 0.6401367
vt 0.47973633 0.6401367
vt 0.30566406 0.9584961
vt 0.47973633 0.9584961
vt 0.30566406 0.6401367
vt 0.47973633 0.6401367
vt 0.30566406 0.9584961
vt 0.47973633 0.9584961
vt 0.30566406 0.03616333
vt 0.47973633 0.03616333
vt 0.30566406 0.6401367
vt 0.47973633 0.6401367
vt 0.30566406 0.03616333
vt 0.47973633 0.03616333
vt 0.30566406 0.6401367
vt 0.47973633 0.6401367
vt 0.30566406 0.03616333
vt 0.47973633 0.03616333
vt 0.30566406 0.6401367
vt 0.47973633 0.6401367
vt 0.30566406 0.03616333
vt 0.47973633 0.03616333
vt 0.30566406 0.6401367
vt 0.47973633 0.6401367
vt 0.01109314 0.03616333
vt 0.30566406 0.03616333
vt 0.01109314 0.6401367
vt 0.30566406 0.6401367
vt 0.01109314 0.03616333
vt 0.30566406 0.03616333
vt 0.01109314 0.6401367
vt 0.30566406 0.6401367
vt 0.01109314 0.03616333
vt 0.30566406 0.03616333
vt 0.01109314 0.6401367
vt 0.30566406 0.6401367
vt 0.01109314 0.03616333
vt 0.30566406 0.03616333
vt 0.01109314 0.6401367
vt 0.30566406 0.6401367
vt 0.30566406 0.6401367
vt 0.47973633 0.6401367
vt 0.30566406 0.9584961
vt 0.47973633 0.9584961
vt 0.30566406 0.6401367
vt 0.47973633 0.6401367
vt 0.30566406 0.9584961
vt 0.47973633 0.9584961
vt 0.30566406 0.6401367
vt 0.47973633 0.6401367
vt 0.30566406 0.9584961
vt 0.47973633 0.9584961
vt 0.30566406 0.6401367
vt 0.47973633 0.6401367
vt 0.30566406 0.9584961
vt 0.47973633 0.9584961
vt 0.30566406 0.03616333
vt 0.47973633 0.03616333
vt 0.30566406 0.6401367
vt 0.47973633 0.6401367
vt 0.30566406 0.03616333
vt 0.47973633 0.03616333
vt 0.30566406 0.6401367
vt 0.47973633 0.6401367
vt 0.30566406 0.03616333
vt 0.47973633 0.03616333
vt 0.30566406 0.6401367
vt 0.47973633 0.6401367
vt 0.30566406 0.03616333
vt 0.47973633 0.03616333
vt 0.30566406 0.6401367
vt 0.47973633 0.6401367
vt 0.01109314 0.03616333
vt 0.30566406 0.03616333
vt 0.01109314 0.6401367
vt 0.30566406 0.6401367
vt 0.01109314 0.03616333
vt 0.30566406 0.03616333
vt 0.01109314 0.6401367
vt 0.30566406 0.6401367
vt 0.01109314 0.03616333
vt 0.30566406 0.03616333
vt 0.01109314 0.6401367
vt 0.30566406 0.6401367
vt 0.30566406 0.03616333
vt 0.47973633 0.03616333
vt 0.30566406 0.6401367
vt 0.47973633 0.6401367
vt 0.30566406 0.03616333
vt 0.47973633 0.03616333
vt 0.30566406 0.6401367
vt 0.47973633 0.6401367
vt 0.01109314 0.03616333
vt 0.30566406 0.03616333
vt 0.01109314 0.6401367
vt 0.30566406 0.6401367
vt 0.01109314 0.03616333
vt 0.30566406 0.03616333
vt 0.01109314 0.6401367
vt 0.30566406 0.6401367
vt 0.01109314 0.03994751
vt 0.30566406 0.03994751
vt 0.01109314 0.64404297
vt 0.30566406 0.64404297
vt 0.30566406 0.6401367
vt 0.47973633 0.6401367
vt 0.30566406 0.9584961
vt 0.47973633 0.9584961
vt 0.30566406 0.64404297
vt 0.9926758 0.64404297
vt 0.30566406 0.96240234
vt 0.9926758 0.96240234
vt 0.30566406 0.6401367
vt 0.47973633 0.6401367
vt 0.30566406 0.9584961
vt 0.47973633 0.9584961
vt 0.30566406 0.03616333
vt 0.47973633 0.03616333
vt 0.30566406 0.6401367
vt 0.47973633 0.6401367
vt 0.30566406 0.03994751
vt 0.9926758 0.03994751
vt 0.30566406 0.64404297
vt 0.9926758 0.64404297
vt 0.30566406 0.03616333
vt 0.47973633 0.03616333
vt 0.30566406 0.6401367
vt 0.47973633 0.6401367
vt 0.9926758 0.96240234
vt 0.30566406 0.96240234
vt 0.30566406 0.64404297
vt 0.9926758 0.64404297
vt 0.01109314 0.03616333
vt 0.30566406 0.03616333
vt 0.01109314 0.6401367
vt 0.30566406 0.6401367
vt 0.01109314 0.03616333
vt 0.30566406 0.03616333
vt 0.01109314 0.6401367
vt 0.30566406 0.6401367
vt 0.01109314 0.03616333
vt 0.30566406 0.03616333
vt 0.01109314 0.6401367
vt 0.30566406 0.6401367
vt 0.01109314 0.03616333
vt 0.30566406 0.03616333
vt 0.01109314 0.6401367
vt 0.30566406 0.6401367
vt 0.30566406 0.6401367
vt 0.47973633 0.6401367
vt 0.30566406 0.9584961
vt 0.47973633 0.9584961
vt 0.30566406 0.6401367
vt 0.47973633 0.6401367
vt 0.30566406 0.9584961
vt 0.47973633 0.9584961
vt 0.30566406 0.6401367
vt 0.47973633 0.6401367
vt 0.30566406 0.9584961
vt 0.47973633 0.9584961
vt 0.30566406 0.6401367
vt 0.47973633 0.6401367
vt 0.30566406 0.9584961
vt 0.47973633 0.9584961
vt 0.30566406 0.03616333
vt 0.47973633 0.03616333
vt 0.30566406 0.6401367
vt 0.47973633 0.6401367
vt 0.30566406 0.03616333
vt 0.47973633 0.03616333
vt 0.30566406 0.6401367
vt 0.47973633 0.6401367
vt 0.30566406 0.03616333
vt 0.47973633 0.03616333
vt 0.30566406 0.6401367
vt 0.47973633 0.6401367
vt 0.30566406 0.03616333
vt 0.47973633 0.03616333
vt 0.30566406 0.6401367
vt 0.47973633 0.6401367
vt 0.01109314 0.03994751
vt 0.30566406 0.03994751
vt 0.01109314 0.64404297
vt 0.30566406 0.64404297
vt 0.01109314 0.03994751
vt 0.30566406 0.03994751
vt 0.01109314 0.64404297
vt 0.30566406 0.64404297
vt 0.01109314 0.03994751
vt 0.30566406 0.03994751
vt 0.01109314 0.64404297
vt 0.30566406 0.64404297
vt 0.01109314 0.03994751
vt 0.30566406 0.03994751
vt 0.01109314 0.64404297
vt 0.30566406 0.64404297
vt 0.30566406 0.64404297
vt 0.9926758 0.64404297
vt 0.30566406 0.96240234
vt 0.9926758 0.96240234
vt 0.30566406 0.64404297
vt 0.9926758 0.64404297
vt 0.30566406 0.96240234
vt 0.9926758 0.96240234
vt 0.30566406 0.64404297
vt 0.9926758 0.64404297
vt 0.30566406 0.96240234
vt 0.9926758 0.96240234
vt 0.30566406 0.64404297
vt 0.9926758 0.64404297
vt 0.30566406 0.96240234
vt 0.9926758 0.96240234
vt 0.30566406 0.03994751
vt 0.9926758 0.03994751
vt 0.30566406 0.64404297
vt 0.9926758 0.64404297
vt 0.30566406 0.03994751
vt 0.9926758 0.03994751
vt 0.30566406 0.64404297
vt 0.9926758 0.64404297
vt 0.30566406 0.03994751
vt 0.9926758 0.03994751
vt 0.30566406 0.64404297
vt 0.9926758 0.64404297
vt 0.30566406 0.03994751
vt 0.9926758 0.03994751
vt 0.30566406 0.64404297
vt 0.9926758 0.64404297
vt 0.01109314 0.03994751
vt 0.30566406 0.03994751
vt 0.01109314 0.64404297
vt 0.30566406 0.64404297
vt 0.01109314 0.03994751
vt 0.30566406 0.03994751
vt 0.01109314 0.64404297
vt 0.30566406 0.64404297
vt 0.01109314 0.03994751
vt 0.30566406 0.03994751
vt 0.01109314 0.64404297
vt 0.30566406 0.64404297
vt 0.01109314 0.03994751
vt 0.30566406 0.03994751
vt 0.01109314 0.64404297
vt 0.30566406 0.64404297
vt 0.30566406 0.64404297
vt 0.9926758 0.64404297
vt 0.30566406 0.96240234
vt 0.9926758 0.96240234
vt 0.30566406 0.64404297
vt 0.9926758 0.64404297
vt 0.30566406 0.96240234
vt 0.9926758 0.96240234
vt 0.30566406 0.64404297
vt 0.9926758 0.64404297
vt 0.30566406 0.96240234
vt 0.9926758 0.96240234
vt 0.30566406 0.64404297
vt 0.9926758 0.64404297
vt 0.30566406 0.96240234
vt 0.9926758 0.96240234
vt 0.30566406 0.03994751
vt 0.9926758 0.03994751
vt 0.30566406 0.64404297
vt 0.9926758 0.64404297
vt 0.30566406 0.03994751
vt 0.9926758 0.03994751
vt 0.30566406 0.64404297
vt 0.9926758 0.64404297
vt 0.30566406 0.03994751
vt 0.9926758 0.03994751
vt 0.30566406 0.64404297
vt 0.9926758 0.64404297
vt 0.30566406 0.03994751
vt 0.9926758 0.03994751
vt 0.30566406 0.64404297
vt 0.9926758 0.64404297
vt 0.01109314 0.03994751
vt 0.30566406 0.03994751
vt 0.01109314 0.64404297
vt 0.30566406 0.64404297
vt 0.01109314 0.03994751
vt 0.30566406 0.03994751
vt 0.01109314 0.64404297
vt 0.30566406 0.64404297
vt 0.01109314 0.03994751
vt 0.30566406 0.03994751
vt 0.01109314 0.64404297
vt 0.30566406 0.64404297
vt 0.01109314 0.03994751
vt 0.30566406 0.03994751
vt 0.01109314 0.64404297
vt 0.30566406 0.64404297
vt 0.30566406 0.64404297
vt 0.9926758 0.64404297
vt 0.30566406 0.96240234
vt 0.9926758 0.96240234
vt 0.30566406 0.64404297
vt 0.9926758 0.64404297
vt 0.30566406 0.96240234
vt 0.9926758 0.96240234
vt 0.30566406 0.64404297
vt 0.9926758 0.64404297
vt 0.30566406 0.96240234
vt 0.9926758 0.96240234
vt 0.30566406 0.64404297
vt 0.9926758 0.64404297
vt 0.30566406 0.96240234
vt 0.9926758 0.96240234
vt 0.30566406 0.03994751
vt 0.9926758 0.03994751
vt 0.30566406 0.64404297
vt 0.9926758 0.64404297
vt 0.30566406 0.03994751
vt 0.9926758 0.03994751
vt 0.30566406 0.64404297
vt 0.9926758 0.64404297
vt 0.30566406 0.03994751
vt 0.9926758 0.03994751
vt 0.30566406 0.64404297
vt 0.9926758 0.64404297
vt 0.30566406 0.03994751
vt 0.9926758 0.03994751
vt 0.30566406 0.64404297
vt 0.9926758 0.64404297
vt 0.01109314 0.03994751
vt 0.30566406 0.03994751
vt 0.01109314 0.64404297
vt 0.30566406 0.64404297
vt 0.01109314 0.03994751
vt 0.30566406 0.03994751
vt 0.01109314 0.64404297
vt 0.30566406 0.64404297
vt 0.01109314 0.03994751
vt 0.30566406 0.03994751
vt 0.01109314 0.64404297
vt 0.30566406 0.64404297
vt 0.01109314 0.03994751
vt 0.30566406 0.03994751
vt 0.01109314 0.64404297
vt 0.30566406 0.64404297
vt 0.30566406 0.64404297
vt 0.9926758 0.64404297
vt 0.30566406 0.96240234
vt 0.9926758 0.96240234
vt 0.30566406 0.64404297
vt 0.9926758 0.64404297
vt 0.30566406 0.96240234
vt 0.9926758 0.96240234
vt 0.30566406 0.64404297
vt 0.9926758 0.64404297
vt 0.30566406 0.96240234
vt 0.9926758 0.96240234
vt 0.30566406 0.64404297
vt 0.9926758 0.64404297
vt 0.30566406 0.96240234
vt 0.9926758 0.96240234
vt 0.30566406 0.03994751
vt 0.9926758 0.03994751
vt 0.30566406 0.64404297
vt 0.9926758 0.64404297
vt 0.30566406 0.03994751
vt 0.9926758 0.03994751
vt 0.30566406 0.64404297
vt 0.9926758 0.64404297
vt 0.30566406 0.03994751
vt 0.9926758 0.03994751
vt 0.30566406 0.64404297
vt 0.9926758 0.64404297
vt 0.30566406 0.03994751
vt 0.9926758 0.03994751
vt 0.30566406 0.64404297
vt 0.9926758 0.64404297
vt 0.01109314 0.03994751
vt 0.30566406 0.03994751
vt 0.01109314 0.64404297
vt 0.30566406 0.64404297
vt 0.01109314 0.03994751
vt 0.30566406 0.03994751
vt 0.01109314 0.64404297
vt 0.30566406 0.64404297
vt 0.01109314 0.03994751
vt 0.30566406 0.03994751
vt 0.01109314 0.64404297
vt 0.30566406 0.64404297
vt 0.01109314 0.03994751
vt 0.30566406 0.03994751
vt 0.01109314 0.64404297
vt 0.30566406 0.64404297
vt 0.30566406 0.64404297
vt 0.9926758 0.64404297
vt 0.30566406 0.96240234
vt 0.9926758 0.96240234
vt 0.30566406 0.64404297
vt 0.9926758 0.64404297
vt 0.30566406 0.96240234
vt 0.9926758 0.96240234
vt 0.30566406 0.64404297
vt 0.9926758 0.64404297
vt 0.30566406 0.96240234
vt 0.9926758 0.96240234
vt 0.30566406 0.64404297
vt 0.9926758 0.64404297
vt 0.30566406 0.96240234
vt 0.9926758 0.96240234
vt 0.30566406 0.03994751
vt 0.9926758 0.03994751
vt 0.30566406 0.64404297
vt 0.9926758 0.64404297
vt 0.30566406 0.03994751
vt 0.9926758 0.03994751
vt 0.30566406 0.64404297
vt 0.9926758 0.64404297
vt 0.30566406 0.03994751
vt 0.9926758 0.03994751
vt 0.30566406 0.64404297
vt 0.9926758 0.64404297
vt 0.30566406 0.03994751
vt 0.9926758 0.03994751
vt 0.30566406 0.64404297
vt 0.9926758 0.64404297
vt 0.01109314 0.03994751
vt 0.30566406 0.03994751
vt 0.01109314 0.64404297
vt 0.30566406 0.64404297
vt 0.01109314 0.03994751
vt 0.30566406 0.03994751
vt 0.01109314 0.64404297
vt 0.30566406 0.64404297
vt 0.01109314 0.03994751
vt 0.30566406 0.03994751
vt 0.01109314 0.64404297
vt 0.30566406 0.64404297
vt 0.01109314 0.03994751
vt 0.30566406 0.03994751
vt 0.01109314 0.64404297
vt 0.30566406 0.64404297
vt 0.30566406 0.64404297
vt 0.9926758 0.64404297
vt 0.30566406 0.96240234
vt 0.9926758 0.96240234
vt 0.30566406 0.64404297
vt 0.9926758 0.64404297
vt 0.30566406 0.96240234
vt 0.9926758 0.96240234
vt 0.30566406 0.64404297
vt 0.9926758 0.64404297
vt 0.30566406 0.96240234
vt 0.9926758 0.96240234
vt 0.30566406 0.64404297
vt 0.9926758 0.64404297
vt 0.30566406 0.96240234
vt 0.9926758 0.96240234
vt 0.30566406 0.03994751
vt 0.9926758 0.03994751
vt 0.30566406 0.64404297
vt 0.9926758 0.64404297
vt 0.30566406 0.03994751
vt 0.9926758 0.03994751
vt 0.30566406 0.64404297
vt 0.9926758 0.64404297
vt 0.30566406 0.03994751
vt 0.9926758 0.03994751
vt 0.30566406 0.64404297
vt 0.9926758 0.64404297
vt 0.30566406 0.03994751
vt 0.9926758 0.03994751
vt 0.30566406 0.64404297
vt 0.9926758 0.64404297
vt 0.007358551 0.012634277
vt 0.29907227 0.012634277
vt 0.10876465 0.56640625
vt 0.29907227 0.56640625
vt 0.007358551 0.012634277
vt 0.29907227 0.012634277
vt 0.10876465 0.56640625
vt 0.29907227 0.56640625
vt 0.007358551 0.012634277
vt 0.29907227 0.012634277
vt 0.10876465 0.56640625
vt 0.29907227 0.56640625
vt 0.007358551 0.012634277
vt 0.29907227 0.012634277
vt 0.10876465 0.56640625
vt 0.29907227 0.56640625
vt 0.29907227 0.56640625
vt 0.9770508 0.56640625
vt 0.29907227 0.9970703
vt 0.9770508 0.9970703
vt 0.29907227 0.9970703
vt 0.29907227 0.56640625
vt 0.46850586 0.56640625
vt 0.46850586 0.88964844
vt 0.46850586 0.9970703
vt 0.29907227 0.56640625
vt 0.9770508 0.56640625
vt 0.29907227 0.9970703
vt 0.9770508 0.9970703
vt 0.9770508 0.56640625
vt 0.9770508 0.9970703
vt 0.8076172 0.9970703
vt 0.8076172 0.6743164
vt 0.8076172 0.56640625
vt 0.29907227 0.012634277
vt 0.9770508 0.012634277
vt 0.29907227 0.56640625
vt 0.9770508 0.56640625
vt 0.29907227 0.56640625
vt 0.29907227 0.012634277
vt 0.46850586 0.012634277
vt 0.46850586 0.56640625
vt 0.29907227 0.012634277
vt 0.9770508 0.012634277
vt 0.29907227 0.56640625
vt 0.9770508 0.56640625
vt 0.29907227 0.56640625
vt 0.29907227 0.012634277
vt 0.6381836 0.012634277
vt 0.6381836 0.28955078
vt 0.6381836 0.56640625
vt 0.8076172 0.012634277
vt 0.8076172 0.56640625
vt 0.8076172 0.15112305
vt 0.9770508 0.012634277
vt 0.9770508 0.56640625
vt 0.8076172 0.56640625
vt 0.8076172 0.15112305
vt 0.8076172 0.012634277
vt 0.6381836 0.56640625
vt 0.9770508 0.012634277
vt 0.9770508 0.56640625
vt 0.6381836 0.012634277
vt 0.46850586 0.012634277
vt 0.46850586 0.56640625
vt 0.6381836 0.9970703
vt 0.46850586 0.9970703
vt 0.46850586 0.88964844
vt 0.6381836 0.7817383
vt 0.9770508 0.9970703
vt 0.46850586 0.56640625
vt 0.9770508 0.56640625
vt 0.6381836 0.56640625
vt 0.29907227 0.9970703
vt 0.10876465 0.56640625
vt 0.29907227 0.56640625
vt 0.29907227 0.012634277
vt 0.007358551 0.012634277
vt 0.29907227 0.9970703
vt 0.10876465 0.56640625
vt 0.29907227 0.56640625
vt 0.29907227 0.012634277
vt 0.007358551 0.012634277
vt 0.10876465 0.56640625
vt 0.007358551 0.012634277
vt 0.29907227 0.012634277
vt 0.29907227 0.56640625
vt 0.007358551 0.012634277
vt 0.29907227 0.012634277
vt 0.10876465 0.56640625
vt 0.29907227 0.56640625
vt 0.29907227 0.9970703
vt 0.29907227 0.56640625
vt 0.9770508 0.56640625
vt 0.9770508 0.9970703
vt 0.29907227 0.9970703
vt 0.29907227 0.56640625
vt 0.9770508 0.56640625
vt 0.9770508 0.9970703
vt 0.29907227 0.56640625
vt 0.29907227 0.012634277
vt 0.9770508 0.012634277
vt 0.9770508 0.56640625
vt 0.29907227 0.56640625
vt 0.29907227 0.012634277
vt 0.46850586 0.012634277
vt 0.46850586 0.56640625
vt 0.29907227 0.9970703
vt 0.46850586 0.9970703
vt 0.6381836 0.9970703
vt 0.6381836 0.012634277
vt 0.6381836 0.56640625
vt 0.8076172 0.9970703
vt 0.8076172 0.56640625
vt 0.8076172 0.012634277
vt 0.8413086 0.012634277
vt 0.84228516 0.56640625
vt 0.9770508 0.012634277
vt 0.84277344 0.9970703
vt 0.9770508 0.56640625
vt 0.9770508 0.9970703
vt 0.29907227 0.56640625
vt 0.29907227 0.012634277
vt 0.9770508 0.012634277
vt 0.9770508 0.56640625
vt 0.29907227 0.56640625
vt 0.29907227 0.012634277
vt 0.5073242 0.012634277
vt 0.5078125 0.56640625
vt 0.29907227 0.9970703
vt 0.6381836 0.012634277
vt 0.5078125 0.9970703
vt 0.6381836 0.56640625
vt 0.9770508 0.012634277
vt 0.6381836 0.9970703
vt 0.9770508 0.56640625
vt 0.9770508 0.9970703
vt 0.01109314 0.03994751
vt 0.30566406 0.03994751
vt 0.01109314 0.64404297
vt 0.30566406 0.64404297
vt 0.01109314 0.03994751
vt 0.30566406 0.03994751
vt 0.01109314 0.64404297
vt 0.30566406 0.64404297
vt 0.01109314 0.03994751
vt 0.30566406 0.03994751
vt 0.01109314 0.64404297
vt 0.30566406 0.64404297
vt 0.01109314 0.03994751
vt 0.30566406 0.03994751
vt 0.01109314 0.64404297
vt 0.30566406 0.64404297
vt 0.30566406 0.64404297
vt 0.9926758 0.64404297
vt 0.30566406 0.96240234
vt 0.9926758 0.96240234
vt 0.30566406 0.64404297
vt 0.9926758 0.64404297
vt 0.30566406 0.96240234
vt 0.9926758 0.96240234
vt 0.30566406 0.64404297
vt 0.9926758 0.64404297
vt 0.30566406 0.96240234
vt 0.9926758 0.96240234
vt 0.30566406 0.64404297
vt 0.9926758 0.64404297
vt 0.30566406 0.96240234
vt 0.9926758 0.96240234
vt 0.30566406 0.03994751
vt 0.9926758 0.03994751
vt 0.30566406 0.64404297
vt 0.9926758 0.64404297
vt 0.30566406 0.03994751
vt 0.9926758 0.03994751
vt 0.30566406 0.64404297
vt 0.9926758 0.64404297
vt 0.30566406 0.03994751
vt 0.9926758 0.03994751
vt 0.30566406 0.64404297
vt 0.9926758 0.64404297
vt 0.30566406 0.03994751
vt 0.9926758 0.03994751
vt 0.30566406 0.64404297
vt 0.9926758 0.64404297
vt 0.01109314 0.03994751
vt 0.30566406 0.03994751
vt 0.01109314 0.64404297
vt 0.30566406 0.64404297
vt 0.01109314 0.03994751
vt 0.30566406 0.03994751
vt 0.01109314 0.64404297
vt 0.30566406 0.64404297
vt 0.01109314 0.03994751
vt 0.30566406 0.03994751
vt 0.01109314 0.64404297
vt 0.30566406 0.64404297
vt 0.01109314 0.03994751
vt 0.30566406 0.03994751
vt 0.01109314 0.64404297
vt 0.30566406 0.64404297
vt 0.30566406 0.64404297
vt 0.9926758 0.64404297
vt 0.30566406 0.96240234
vt 0.9926758 0.96240234
vt 0.30566406 0.64404297
vt 0.9926758 0.64404297
vt 0.30566406 0.96240234
vt 0.9926758 0.96240234
vt 0.30566406 0.64404297
vt 0.9926758 0.64404297
vt 0.30566406 0.96240234
vt 0.9926758 0.96240234
vt 0.30566406 0.64404297
vt 0.9926758 0.64404297
vt 0.30566406 0.96240234
vt 0.9926758 0.96240234
vt 0.30566406 0.03994751
vt 0.9926758 0.03994751
vt 0.30566406 0.64404297
vt 0.9926758 0.64404297
vt 0.30566406 0.03994751
vt 0.9926758 0.03994751
vt 0.30566406 0.64404297
vt 0.9926758 0.64404297
vt 0.30566406 0.03994751
vt 0.9926758 0.03994751
vt 0.30566406 0.64404297
vt 0.9926758 0.64404297
vt 0.30566406 0.03994751
vt 0.9926758 0.03994751
vt 0.30566406 0.64404297
vt 0.9926758 0.64404297
vt 0.01109314 0.03994751
vt 0.30566406 0.03994751
vt 0.01109314 0.64404297
vt 0.30566406 0.64404297
vt 0.01109314 0.03994751
vt 0.30566406 0.03994751
vt 0.01109314 0.64404297
vt 0.30566406 0.64404297
vt 0.01109314 0.03994751
vt 0.30566406 0.03994751
vt 0.01109314 0.64404297
vt 0.30566406 0.64404297
vt 0.01109314 0.03994751
vt 0.30566406 0.03994751
vt 0.01109314 0.64404297
vt 0.30566406 0.64404297
vt 0.30566406 0.64404297
vt 0.9926758 0.64404297
vt 0.30566406 0.96240234
vt 0.9926758 0.96240234
vt 0.30566406 0.64404297
vt 0.9926758 0.64404297
vt 0.30566406 0.96240234
vt 0.9926758 0.96240234
vt 0.30566406 0.64404297
vt 0.9926758 0.64404297
vt 0.30566406 0.96240234
vt 0.9926758 0.96240234
vt 0.30566406 0.64404297
vt 0.9926758 0.64404297
vt 0.30566406 0.96240234
vt 0.9926758 0.96240234
vt 0.30566406 0.03994751
vt 0.9926758 0.03994751
vt 0.30566406 0.64404297
vt 0.9926758 0.64404297
vt 0.30566406 0.03994751
vt 0.9926758 0.03994751
vt 0.30566406 0.64404297
vt 0.9926758 0.64404297
vt 0.30566406 0.03994751
vt 0.9926758 0.03994751
vt 0.30566406 0.64404297
vt 0.9926758 0.64404297
vt 0.30566406 0.03994751
vt 0.9926758 0.03994751
vt 0.30566406 0.64404297
vt 0.9926758 0.64404297
vt 0.01109314 0.03994751
vt 0.30566406 0.03994751
vt 0.01109314 0.64404297
vt 0.30566406 0.64404297
vt 0.01109314 0.03994751
vt 0.30566406 0.03994751
vt 0.01109314 0.64404297
vt 0.30566406 0.64404297
vt 0.01109314 0.03994751
vt 0.30566406 0.03994751
vt 0.01109314 0.64404297
vt 0.30566406 0.64404297
vt 0.01109314 0.03994751
vt 0.30566406 0.03994751
vt 0.01109314 0.64404297
vt 0.30566406 0.64404297
vt 0.30566406 0.64404297
vt 0.9926758 0.64404297
vt 0.30566406 0.96240234
vt 0.9926758 0.96240234
vt 0.30566406 0.64404297
vt 0.9926758 0.64404297
vt 0.30566406 0.96240234
vt 0.9926758 0.96240234
vt 0.30566406 0.64404297
vt 0.9926758 0.64404297
vt 0.30566406 0.96240234
vt 0.9926758 0.96240234
vt 0.30566406 0.64404297
vt 0.9926758 0.64404297
vt 0.30566406 0.96240234
vt 0.9926758 0.96240234
vt 0.30566406 0.03994751
vt 0.9926758 0.03994751
vt 0.30566406 0.64404297
vt 0.9926758 0.64404297
vt 0.30566406 0.03994751
vt 0.9926758 0.03994751
vt 0.30566406 0.64404297
vt 0.9926758 0.64404297
vt 0.30566406 0.03994751
vt 0.9926758 0.03994751
vt 0.30566406 0.64404297
vt 0.9926758 0.64404297
vt 0.30566406 0.03994751
vt 0.9926758 0.03994751
vt 0.30566406 0.64404297
vt 0.9926758 0.64404297
vt 0.29907227 0.56640625
vt 0.6381836 0.56640625
vt 0.6381836 0.7817383
vt 0.29907227 0.9970703
vt 0.8076172 0.56640625
vt 0.6381836 0.9970703
vt 0.8076172 0.6743164
vt 0.8076172 0.9970703
vt 0.30566406 0.9584961
vt 0.30566406 0.6401367
vt 0.01109314 0.6401367
vt 8.3359375 8.2890625
vt 8.34375 7.8984375
vt 5.1210938 8.265625
vt 5.1289062 7.8671875
vt 8.734375 8.1015625
vt 8.7421875 7.8671875
vt 8.4296875 8.109375
vt 8.4375 7.875
vt 8.765625 6.8242188
vt 8.765625 6.5976562
vt 8.421875 6.8320312
vt 8.421875 6.6054688
vt 8.5703125 5.9453125
vt 8.5625 6.15625
vt 9.203125 5.9726562
vt 9.203125 6.1757812
vt 5.125 8.6796875
vt 7.734375 8.9765625
vt 7.7382812 8.7578125
vt 5.1210938 8.90625
vt 8.7109375 5.1210938
vt 8.6953125 5.34375
vt 9.25 5.1601562
vt 9.234375 5.3828125
vt 8.3359375 7.1328125
vt 8.3359375 6.5976562
vt 5.1210938 7.1601562
vt 5.1210938 6.625
vt 8.484375 6.4960938
vt 8.484375 5.9453125
vt 5.1210938 6.5234375
vt 5.1210938 5.9726562
vt 8.1640625 7.7929688
vt 8.1640625 7.2773438
vt 5.1210938 7.75
vt 5.1210938 7.234375
vt 8.609375 5.8515625
vt 8.609375 5.1210938
vt 5.1210938 5.8710938
vt 5.1210938 5.140625
vt 9.1796875 7.4882812
vt 9.1953125 7.3125
vt 8.2421875 7.4101562
vt 8.265625 7.234375
vt 8.3359375 8.2890625
vt 8.34375 7.8984375
vt 5.1210938 8.265625
vt 5.1289062 7.8671875
vt 10.4609375 8.2421875
vt 10.4765625 7.8320312
vt 10.4296875 7.8242188
vt 10.4140625 8.234375
vt 9.875 8.21875
vt 9.8828125 7.8085938
vt 9.5 7.8046875
vt 9.4921875 8.2109375
vt 9.5546875 8.8125
vt 9.578125 9.21875
vt 9.703125 9.2109375
vt 9.8046875 8.796875
vt 9.8359375 9.203125
vt 9.9375 9.203125
vt 10 8.7890625
vt 10.015625 9.1953125
vt 10.3046875 8.7734375
vt 10.328125 9.1796875
vt 5.1289062 8.3671875
vt 5.1210938 8.5859375
vt 8.34375 8.3828125
vt 8.3359375 8.6015625
vt 8.9765625 8.8984375
vt 8.9765625 8.6796875
vt 7.8242188 8.9140625
vt 7.8242188 8.6953125
vt 7.2890625 9.2265625
vt 7.2890625 9.0546875
vt 6.3476562 9.2421875
vt 6.3476562 9.0703125
vt 6.4414062 9.265625
vt 6.4414062 9.046875
vt 4.9453125 9.296875
vt 4.9453125 9.078125
vt -5.2460938 -5.3164062
vt -5.2148438 -5.3359375
vt -5.2460938 -5.34375
vt -5.03125 -6.2929688
vt -5.1015625 -6.2226562
vt -5.0351562 -6.21875
vt -4.3203125 -4.6523438
vt -4.2695312 -4.4804688
vt -4.2148438 -4.6601562
vt -4.375 -4.4609375
vt -4.3125 -4.4804688
vt -4.3828125 -4.6523438
vt -4.6601562 -0.8798828
vt -4.6796875 -0.87646484
vt -4.6679688 -0.8598633
vt -4.3632812 -0.8564453
vt -4.4101562 -0.85302734
vt -4.3867188 -0.82177734
vt -4.671875 -1.0908203
vt -4.640625 -1.0683594
vt -4.6171875 -1.0976562
vt -4.484375 -0.8286133
vt -4.4453125 -0.87060547
vt -4.4960938 -0.8666992
vt -4.6875 -1.0527344
vt -4.6484375 -1.0429688
vt -4.671875 -1.0908203
vt -4.609375 -1.0761719
vt -4.5390625 -1.0703125
vt -4.5429688 -1.0976562
vt -4.4414062 -4.6523438
vt -4.375 -4.4609375
vt -4.3828125 -4.6523438
vt -5.0078125 -5.2070312
vt -4.96875 -5.2734375
vt -5.171875 -5.2695312
vt -4.1445312 -5.1757812
vt -4.125 -5.234375
vt -4.3242188 -5.2265625
vt -4.421875 -4.4648438
vt -4.375 -4.4609375
vt -4.4414062 -4.6523438
vt -5.0351562 -6.21875
vt -5.1015625 -6.2226562
vt -5.1171875 -6.1679688
vt -5.1210938 -6.0703125
vt -5.0429688 -6.0625
vt -5.0351562 -6.21875
vt -5.1171875 -6.1679688
vt -4.375 -4.4609375
vt -4.3867188 -4.3984375
vt -4.3164062 -4.4101562
vt -5.03125 -6.2929688
vt -5.09375 -6.2851562
vt -5.1015625 -6.2226562
vt -5.2148438 -5.3359375
vt -5.15625 -5.3242188
vt -5.1484375 -5.359375
vt -4.8554688 -5.3085938
vt -4.9921875 -5.3476562
vt -4.9765625 -5.3164062
vt -5.1679688 -5.265625
vt -5.2109375 -5.3007812
vt -5.21875 -5.2265625
vt -4.6484375 -1.0429688
vt -4.6875 -1.0527344
vt -4.6679688 -0.9995117
vt -5.1679688 -5.265625
vt -5.1054688 -5.3164062
vt -5.15625 -5.3242188
vt -4.84375 -5.2578125
vt -4.96875 -5.2734375
vt -4.8828125 -5.1953125
vt -4.9921875 -5.3476562
vt -4.8554688 -5.3085938
vt -4.8515625 -5.3476562
vt -5.8007812 -5.8359375
vt -5.8046875 -5.890625
vt -5.8554688 -5.828125
vt -5.8554688 -5.828125
vt -5.8476562 -5.78125
vt -5.8007812 -5.8359375
vt -5.8476562 -5.78125
vt -5.796875 -5.7539062
vt -5.7773438 -5.7851562
vt -5.796875 -5.7539062
vt -5.734375 -5.7070312
vt -5.7773438 -5.7851562
vt -5.6640625 -5.78125
vt -5.625 -5.6914062
vt -5.640625 -5.7929688
vt -5.625 -5.6914062
vt -5.59375 -5.734375
vt -5.640625 -5.7929688
vt -5.5859375 -5.7695312
vt -5.578125 -5.8164062
vt -5.6289062 -5.8359375
vt -5.6835938 -5.9375
vt -5.6679688 -5.984375
vt -5.7265625 -6
vt -5.7265625 -6
vt -5.7851562 -5.9726562
vt -5.7226562 -5.9375
vt -5.2070312 -5.375
vt -5.2148438 -5.3359375
vt -5.1484375 -5.359375
vt -5.8007812 -5.8359375
vt -5.8476562 -5.78125
vt -5.7773438 -5.7851562
vt -4.3125 -4.4804688
vt -4.375 -4.4609375
vt -4.3164062 -4.4101562
vt -4.3242188 -5.2265625
vt -4.125 -5.234375
vt -4.3242188 -5.28125
vt -5.640625 -5.7929688
vt -5.59375 -5.734375
vt -5.5859375 -5.7695312
vt -5.5859375 -5.7695312
vt -5.6289062 -5.8359375
vt -5.640625 -5.7929688
vt -5.7851562 -5.9726562
vt -5.8242188 -5.9492188
vt -5.796875 -5.921875
vt -4.96875 -5.2734375
vt -4.84375 -5.2578125
vt -4.8554688 -5.3085938
vt -5.6523438 -5.9257812
vt -5.6328125 -5.8984375
vt -5.6054688 -5.9296875
vt -4.328125 -5.3085938
vt -4.4726562 -5.3203125
vt -4.46875 -5.2890625
vt -4.171875 -5.3359375
vt -4.328125 -5.3085938
vt -4.171875 -5.3046875
vt -5.8554688 -5.828125
vt -5.8046875 -5.890625
vt -5.8320312 -5.8984375
vt -5.1484375 -5.359375
vt -5.15625 -5.3242188
vt -5.09375 -5.3515625
vt -5.0078125 -5.2070312
vt -5.1679688 -5.265625
vt -5.21875 -5.2265625
vt -5.09375 -5.3515625
vt -5.15625 -5.3242188
vt -5.1054688 -5.3164062
vt -5.7773438 -5.7851562
vt -5.734375 -5.7070312
vt -5.7226562 -5.7734375
vt -5.6289062 -5.8359375
vt -5.6640625 -5.8632812
vt -5.640625 -5.7929688
vt -5.6289062 -5.8671875
vt -5.6640625 -5.8632812
vt -5.6289062 -5.8359375
vt -5.6328125 -5.8984375
vt -5.6640625 -5.8632812
vt -5.6289062 -5.8671875
vt -5.640625 -5.7929688
vt -5.6640625 -5.8632812
vt -5.6640625 -5.78125
vt -5.7734375 -5.8632812
vt -5.796875 -5.921875
vt -5.8046875 -5.890625
vt -5.7734375 -5.8632812
vt -5.8007812 -5.8359375
vt -5.7773438 -5.7851562
vt -5.7773438 -5.9257812
vt -5.796875 -5.921875
vt -5.7226562 -5.9375
vt -5.7226562 -5.859375
vt -5.6835938 -5.9375
vt -5.7773438 -5.7851562
vt -5.7226562 -5.7734375
vt -5.6640625 -5.78125
vt -5.6640625 -5.8632812
vt -5.7226562 -5.859375
vt -5.6679688 -5.984375
vt -5.6835938 -5.9375
vt -5.6289062 -5.9609375
vt -5.6835938 -5.9375
vt -5.7226562 -5.859375
vt -5.6640625 -5.8632812
vt -5.6289062 -5.9609375
vt -5.6835938 -5.9375
vt -5.6523438 -5.9257812
vt -5.6835938 -5.9375
vt -5.7265625 -6
vt -5.7226562 -5.9375
vt -5.6523438 -5.9257812
vt -5.6054688 -5.9296875
vt -5.6289062 -5.9609375
vt -4.1445312 -5.1757812
vt -4.3242188 -5.2265625
vt -4.3164062 -5.1679688
vt -4.3242188 -5.28125
vt -4.125 -5.234375
vt -4.171875 -5.3046875
vt -4.3828125 -4.6523438
vt -4.3125 -4.4804688
vt -4.3203125 -4.6523438
vt -4.484375 -0.8286133
vt -4.5585938 -0.84375
vt -4.5390625 -0.80615234
vt -4.4101562 -0.85302734
vt -4.4453125 -0.87060547
vt -4.4101562 -0.8178711
vt -4.3867188 -0.82177734
vt -4.8554688 -5.3085938
vt -4.9765625 -5.3164062
vt -4.96875 -5.2734375
vt -4.484375 -0.8286133
vt -4.4960938 -0.8666992
vt -4.5585938 -0.84375
vt -4.2695312 -4.4804688
vt -4.3203125 -4.6523438
vt -4.3125 -4.4804688
vt -4.2148438 -4.6601562
vt -4.2695312 -4.4804688
vt -4.2070312 -4.484375
vt -4.6484375 -1.0429688
vt -4.6679688 -0.9995117
vt -4.6367188 -0.9941406
vt -4.609375 -1.0761719
vt -4.5429688 -1.0976562
vt -4.6171875 -1.0976562
vt -5.2148438 -5.3359375
vt -5.2070312 -5.375
vt -5.2460938 -5.34375
vt -5.09375 -6.2851562
vt -5.1015625 -6.3125
vt -5.1367188 -6.3164062
vt -5.09375 -6.2851562
vt -5.03125 -6.2929688
vt -5.1015625 -6.3125
vt -4.671875 -1.0908203
vt -4.6484375 -1.0429688
vt -4.640625 -1.0683594
vt -4.6171875 -1.0976562
vt -4.640625 -1.0683594
vt -4.609375 -1.0761719
vt -5.2148438 -5.3359375
vt -5.2109375 -5.3007812
vt -5.15625 -5.3242188
vt -5.2109375 -5.3007812
vt -5.2460938 -5.3164062
vt -5.2539062 -5.265625
vt -5.2109375 -5.3007812
vt -5.2148438 -5.3359375
vt -5.2460938 -5.3164062
vt -5.15625 -5.3242188
vt -5.2109375 -5.3007812
vt -5.1679688 -5.265625
vt -5.09375 -5.3515625
vt -5.1054688 -5.3164062
vt -4.9921875 -5.3476562
vt -5.1054688 -5.3164062
vt -4.9765625 -5.3164062
vt -4.9921875 -5.3476562
vt -5.1054688 -5.3164062
vt -4.96875 -5.2734375
vt -4.9765625 -5.3164062
vt -5.1054688 -5.3164062
vt -5.171875 -5.2695312
vt -4.96875 -5.2734375
vt -3.6191406 -8.265625
vt -4.3164062 -8.265625
vt -4.3164062 -7.75
vt -3.6171875 -7.75
vt -3.6230469 -7.2421875
vt -3.6171875 -7.796875
vt -4.3125 -7.7890625
vt -4.3203125 -7.234375
vt -4.9921875 -7.75
vt -4.4375 -7.75
vt -4.4375 -8.265625
vt -4.9921875 -8.265625
vt -4.3203125 -8.78125
vt -4.3164062 -8.2265625
vt -3.6171875 -8.21875
vt -3.6230469 -8.7734375
vt -2.9453125 -8.265625
vt -3.5 -8.265625
vt -3.5 -7.75
vt -2.9453125 -7.75
vt -5.2539062 -5.234375
vt -5.2695312 -5.1484375
vt -5.2109375 -5.171875
vt -5.21875 -5.2265625
vt -4.1015625 -5.3085938
vt -4.171875 -5.3046875
vt -4.125 -5.234375
vt -4.0859375 -5.234375
vt -4.0742188 -5.0898438
vt -4.0742188 -5.1445312
vt -4.1289062 -5.1367188
vt -4.1367188 -5.0976562
vt -4.3867188 -4.3984375
vt -4.375 -4.4609375
vt -4.421875 -4.4648438
vt -4.4296875 -4.4023438
vt -4.9609375 -6.2851562
vt -5.03125 -6.2929688
vt -5.0351562 -6.21875
vt -4.9648438 -6.2070312
vt -4.6601562 -0.8798828
vt -4.640625 -0.96191406
vt -4.6679688 -0.96191406
vt -4.6796875 -0.87646484
vt -4.3710938 -0.8886719
vt -4.3828125 -0.8979492
vt -4.4101562 -0.85302734
vt -4.3632812 -0.8564453
vt -4.640625 -0.8286133
vt -4.6289062 -0.8535156
vt -4.6601562 -0.8798828
vt -4.6679688 -0.8598633
vt -4.3515625 -1.0771484
vt -4.390625 -1.0585938
vt -4.3867188 -0.9902344
vt -4.3671875 -0.9863281
vt -4.5390625 -1.0703125
vt -4.46875 -1.0810547
vt -4.46875 -1.0908203
vt -4.5429688 -1.0976562
vt -4.6289062 -0.8535156
vt -4.640625 -0.8286133
vt -4.5390625 -0.80615234
vt -4.5585938 -0.84375
vt -5.0078125 -5.2070312
vt -5.0195312 -5.1601562
vt -4.8945312 -5.1523438
vt -4.8828125 -5.1953125
vt -4.96875 -5.2734375
vt -4.3164062 -5.1679688
vt -4.3242188 -5.2265625
vt -4.4023438 -5.2226562
vt -4.4570312 -5.171875
vt -4.3125 -5.125
vt -4.3164062 -5.1679688
vt -4.4570312 -5.171875
vt -4.4609375 -5.1289062
vt -5.046875 -5.953125
vt -5.0429688 -6.0625
vt -5.1210938 -6.0703125
vt -5.1015625 -5.9296875
vt -4.3203125 -4.6523438
vt -4.2148438 -4.6601562
vt -4.21875 -4.7421875
vt -4.3242188 -4.765625
vt -5.21875 -5.2265625
vt -5.2109375 -5.171875
vt -5.0195312 -5.1601562
vt -5.0078125 -5.2070312
vt -4.3125 -5.125
vt -4.1289062 -5.1367188
vt -4.1445312 -5.1757812
vt -4.3164062 -5.1679688
vt -4.9335938 -6.0585938
vt -4.90625 -6.2148438
vt -4.9648438 -6.2070312
vt -4.9765625 -6.0585938
vt -4.6367188 -0.9941406
vt -4.6679688 -0.9995117
vt -4.6679688 -0.96191406
vt -4.640625 -0.96191406
vt -5.6328125 -5.8984375
vt -5.6289062 -5.8671875
vt -5.53125 -5.875
vt -5.6054688 -5.9296875
vt -4.2070312 -4.484375
vt -4.2695312 -4.4804688
vt -4.2539062 -4.421875
vt -4.203125 -4.4296875
vt -4.0859375 -5.234375
vt -4.125 -5.234375
vt -4.1445312 -5.1757812
vt -4.0820312 -5.1835938
vt -4.3671875 -0.9863281
vt -4.3867188 -0.9902344
vt -4.3828125 -0.93847656
vt -4.3476562 -0.93847656
vt -4.46875 -5.2890625
vt -4.4023438 -5.2226562
vt -4.3242188 -5.28125
vt -4.3242188 -5.2265625
vt -5.625 -5.6914062
vt -5.6640625 -5.78125
vt -5.7226562 -5.7734375
vt -5.734375 -5.7070312
vt -4.21875 -4.7421875
vt -4.2148438 -4.6601562
vt -4.1757812 -4.6601562
vt -4.1914062 -4.7851562
vt -4.2148438 -4.6601562
vt -4.2070312 -4.484375
vt -4.1757812 -4.484375
vt -4.1757812 -4.6601562
vt -4.3125 -5.125
vt -4.4609375 -5.1289062
vt -4.4375 -5.1054688
vt -4.3125 -5.0976562
vt -4.1289062 -5.1367188
vt -4.3125 -5.125
vt -4.3125 -5.0976562
vt -4.1367188 -5.0976562
vt -4.1640625 -4.421875
vt -4.1757812 -4.484375
vt -4.2070312 -4.484375
vt -4.203125 -4.4296875
vt -4.1289062 -5.1367188
vt -4.0742188 -5.1445312
vt -4.0820312 -5.1835938
vt -4.1445312 -5.1757812
vt -4.3828125 -0.8979492
vt -4.3710938 -0.8886719
vt -4.3476562 -0.93847656
vt -4.3828125 -0.93847656
vt -5.578125 -5.8164062
vt -5.53125 -5.875
vt -5.6289062 -5.8671875
vt -5.6289062 -5.8359375
vt -5.8242188 -5.9492188
vt -5.8320312 -5.8984375
vt -5.8046875 -5.890625
vt -5.796875 -5.921875
vt -4.4296875 -4.7734375
vt -4.4414062 -4.6523438
vt -4.3828125 -4.6523438
vt -4.3867188 -4.8046875
vt -4.3828125 -4.6523438
vt -4.3203125 -4.6523438
vt -4.3242188 -4.765625
vt -4.3867188 -4.8046875
vt -4.4023438 -1.0703125
vt -4.390625 -1.0585938
vt -4.3515625 -1.0771484
vt -4.3945312 -1.0976562
vt -4.1015625 -5.3320312
vt -4.171875 -5.3359375
vt -4.171875 -5.3046875
vt -4.1015625 -5.3085938
vt -5.7226562 -5.9375
vt -5.7851562 -5.9726562
vt -5.7773438 -5.9257812
vt -5.796875 -5.921875
vt -5.6523438 -5.9257812
vt -5.6640625 -5.8632812
vt -5.6328125 -5.8984375
vt -5.6835938 -5.9375
vt -4.9609375 -6.2851562
vt -4.9648438 -6.2070312
vt -4.90625 -6.2148438
vt -4.8867188 -6.28125
vt -4.46875 -1.0908203
vt -4.46875 -1.0810547
vt -4.4023438 -1.0703125
vt -4.3945312 -1.0976562
vt -5.046875 -5.953125
vt -4.9765625 -6.0585938
vt -5.0429688 -6.0625
vt -4.9921875 -5.9375
vt -4.9335938 -6.0585938
vt -4.953125 -5.9179688
vt -5.0429688 -6.0625
vt -4.9765625 -6.0585938
vt -4.9648438 -6.2070312
vt -5.0351562 -6.21875
vt -4.171875 -5.3046875
vt -4.328125 -5.3085938
vt -4.3242188 -5.28125
vt -4.46875 -5.2890625
vt -4.3164062 -4.4101562
vt -4.2539062 -4.421875
vt -4.2695312 -4.4804688
vt -4.3125 -4.4804688
vt -4.90625 -6.2148438
vt -4.9335938 -6.0585938
vt -4.9101562 -6.0585938
vt -4.953125 -5.9179688
vt -5.2539062 -5.234375
vt -5.21875 -5.2265625
vt -5.2109375 -5.3007812
vt -5.2539062 -5.265625
vn -0.7084961 0.0005812645 0.7055664
vn -0.7084961 0.0005812645 0.7055664
vn -0.7084961 0.0005812645 0.7055664
vn -0.7084961 0.0005812645 0.7055664
vn -0.7084961 0.0005812645 0.7055664
vn -0.7084961 0.0005812645 0.7055664
vn -0.33129883 -0.88427734 0.32958984
vn -0.33129883 -0.88427734 0.32958984
vn -0.33129883 -0.88427734 0.32958984
vn 0.37158203 -0.85009766 0.37304688
vn 0.37158203 -0.85009766 0.37304688
vn 0.37158203 -0.85009766 0.37304688
vn -0.5566406 -0.6142578 -0.55908203
vn -0.5566406 -0.6142578 -0.55908203
vn -0.5566406 -0.6142578 -0.55908203
vn 0.55908203 -0.6142578 -0.5566406
vn 0.55908203 -0.6142578 -0.5566406
vn 0.55908203 -0.6142578 -0.5566406
vn -0.6723633 -0.7402344 0.00957489
vn -0.6723633 -0.7402344 0.00957489
vn -0.6723633 -0.7402344 0.00957489
vn -0.35009766 -0.93652344 0.0033054352
vn -0.35009766 -0.93652344 0.0033054352
vn -0.35009766 -0.93652344 0.0033054352
vn 0.40112305 -0.9160156 -0.00027418137
vn 0.40112305 -0.9160156 -0.00027418137
vn 0.40112305 -0.9160156 -0.00027418137
vn 0.6723633 -0.7402344 -0.0063476562
vn 0.6723633 -0.7402344 -0.0063476562
vn 0.6723633 -0.7402344 -0.0063476562
vn 0.0043792725 -0.93652344 0.35009766
vn 0.0043792725 -0.93652344 0.35009766
vn 0.0043792725 -0.93652344 0.35009766
vn 0.009513855 -0.9160156 0.40112305
vn 0.009513855 -0.9160156 0.40112305
vn 0.009513855 -0.9160156 0.40112305
vn -0.7314453 0.0039863586 0.6821289
vn -0.7314453 0.0039863586 0.6821289
vn -0.7314453 0.0039863586 0.6821289
vn -0.7314453 0.0039863586 0.6821289
vn -0.7314453 0.0039863586 0.6821289
vn -0.7314453 0.0039863586 0.6821289
vn -0.67529297 -0.38427734 0.6298828
vn -0.67529297 -0.38427734 0.6298828
vn -0.67529297 -0.38427734 0.6298828
vn 0.6298828 -0.38427734 0.67529297
vn 0.6298828 -0.38427734 0.67529297
vn 0.6298828 -0.38427734 0.67529297
vn -0.6298828 -0.38427734 -0.67529297
vn -0.6298828 -0.38427734 -0.67529297
vn -0.6298828 -0.38427734 -0.67529297
vn 0.67529297 -0.38427734 -0.6298828
vn 0.67529297 -0.38427734 -0.6298828
vn 0.67529297 -0.38427734 -0.6298828
vn -0.68603516 0.0013694763 0.72753906
vn -0.68603516 0.0013694763 0.72753906
vn -0.68603516 0.0013694763 0.72753906
vn -0.68603516 0.0013685226 0.72753906
vn -0.68603516 0.0013685226 0.72753906
vn -0.68603516 0.0013685226 0.72753906
vn -0.5600586 -0.57714844 0.59375
vn -0.5600586 -0.57714844 0.59375
vn -0.5600586 -0.57714844 0.59375
vn 0.5942383 -0.57714844 0.5600586
vn 0.5942383 -0.57714844 0.5600586
vn 0.5942383 -0.57714844 0.5600586
vn -0.5942383 -0.57714844 -0.5600586
vn -0.5942383 -0.57714844 -0.5600586
vn -0.5942383 -0.57714844 -0.5600586
vn 0.5600586 -0.57714844 -0.5942383
vn 0.5600586 -0.57714844 -0.5942383
vn 0.5600586 -0.57714844 -0.5942383
vn -0.703125 0.002117157 0.7114258
vn -0.703125 0.002117157 0.7114258
vn -0.703125 0.002117157 0.7114258
vn -0.703125 0.002117157 0.7114258
vn -0.703125 0.002117157 0.7114258
vn -0.703125 0.002117157 0.7114258
vn -0.57373047 -0.57714844 0.5805664
vn -0.57373047 -0.57714844 0.5805664
vn -0.57373047 -0.57714844 0.5805664
vn 0.5805664 -0.57714844 0.57373047
vn 0.5805664 -0.57714844 0.57373047
vn 0.5805664 -0.57714844 0.57373047
vn -0.5805664 -0.57714844 -0.57373047
vn -0.5805664 -0.57714844 -0.57373047
vn -0.5805664 -0.57714844 -0.57373047
vn 0.57373047 -0.57714844 -0.5805664
vn 0.57373047 -0.57714844 -0.5805664
vn 0.57373047 -0.57714844 -0.5805664
vn -0.7080078 0.001203537 0.7060547
vn -0.7080078 0.001203537 0.7060547
vn -0.7080078 0.001203537 0.7060547
vn -0.7080078 0.001203537 0.7060547
vn -0.7080078 0.001203537 0.7060547
vn -0.7080078 0.001203537 0.7060547
vn -0.578125 -0.57714844 0.57666016
vn -0.578125 -0.57714844 0.57666016
vn -0.578125 -0.57714844 0.57666016
vn 0.57666016 -0.57714844 0.578125
vn 0.57666016 -0.57714844 0.578125
vn 0.57666016 -0.57714844 0.578125
vn -0.57666016 -0.57714844 -0.578125
vn -0.57666016 -0.57714844 -0.578125
vn -0.57666016 -0.57714844 -0.578125
vn 0.578125 -0.57714844 -0.57666016
vn 0.578125 -0.57714844 -0.57666016
vn 0.578125 -0.57714844 -0.57666016
vn -0.6948242 0.0015468597 0.7192383
vn -0.6948242 0.0015468597 0.7192383
vn -0.6948242 0.0015468597 0.7192383
vn -0.6948242 0.0015459061 0.7192383
vn -0.6948242 0.0015459061 0.7192383
vn -0.6948242 0.0015459061 0.7192383
vn -0.5673828 -0.57714844 0.58691406
vn -0.5673828 -0.57714844 0.58691406
vn -0.5673828 -0.57714844 0.58691406
vn 0.58691406 -0.57714844 0.5673828
vn 0.58691406 -0.57714844 0.5673828
vn 0.58691406 -0.57714844 0.5673828
vn -0.58691406 -0.57714844 -0.5673828
vn -0.58691406 -0.57714844 -0.5673828
vn -0.58691406 -0.57714844 -0.5673828
vn 0.5673828 -0.57714844 -0.58691406
vn 0.5673828 -0.57714844 -0.58691406
vn 0.5673828 -0.57714844 -0.58691406
vn -0.7084961 0.0016021729 0.7055664
vn -0.7084961 0.0016021729 0.7055664
vn -0.7084961 0.0016021729 0.7055664
vn -0.7084961 0.0016021729 0.7055664
vn -0.7084961 0.0016021729 0.7055664
vn -0.7084961 0.0016021729 0.7055664
vn -0.5786133 -0.57714844 0.5761719
vn -0.5786133 -0.57714844 0.5761719
vn -0.5786133 -0.57714844 0.5761719
vn 0.6040039 -0.51660156 0.6069336
vn 0.6040039 -0.51660156 0.6069336
vn 0.6040039 -0.51660156 0.6069336
vn -0.6772461 -0.27954102 -0.68066406
vn -0.6772461 -0.27954102 -0.68066406
vn -0.6772461 -0.27954102 -0.68066406
vn 0.68066406 -0.27954102 -0.6772461
vn 0.68066406 -0.27954102 -0.6772461
vn 0.68066406 -0.27954102 -0.6772461
vn -0.9248047 -0.38061523 0.012840271
vn -0.9248047 -0.38061523 0.012840271
vn -0.9248047 -0.38061523 0.012840271
vn -0.70703125 -0.70703125 0.0060577393
vn -0.70703125 -0.70703125 0.0060577393
vn -0.70703125 -0.70703125 0.0060577393
vn 0.7607422 -0.64941406 -0.0010881424
vn 0.7607422 -0.64941406 -0.0010881424
vn 0.7607422 -0.64941406 -0.0010881424
vn 0.9248047 -0.38061523 -0.009063721
vn 0.9248047 -0.38061523 -0.009063721
vn 0.9248047 -0.38061523 -0.009063721
vn 0.006565094 -0.70703125 0.70703125
vn 0.006565094 -0.70703125 0.70703125
vn 0.006565094 -0.70703125 0.70703125
vn 0.013389587 -0.6489258 0.7607422
vn 0.013389587 -0.6489258 0.7607422
vn 0.013389587 -0.6489258 0.7607422
vn -0.078186035 -0.99365234 0.077819824
vn -0.078186035 -0.99365234 0.077819824
vn -0.078186035 -0.99365234 0.077819824
vn 0.23522949 -0.9428711 0.23620605
vn 0.23522949 -0.9428711 0.23620605
vn 0.23522949 -0.9428711 0.23620605
vn -0.6386719 -0.42456055 -0.64160156
vn -0.6386719 -0.42456055 -0.64160156
vn -0.6386719 -0.42456055 -0.64160156
vn 0.64160156 -0.42456055 -0.6386719
vn 0.64160156 -0.42456055 -0.6386719
vn 0.64160156 -0.42456055 -0.6386719
vn -0.8334961 -0.5527344 0.013244629
vn -0.8334961 -0.5527344 0.013244629
vn -0.8334961 -0.5527344 0.013244629
vn -0.07824707 -0.9970703 -0.00013005733
vn -0.07824707 -0.9970703 -0.00013005733
vn -0.07824707 -0.9970703 -0.00013005733
vn 0.24255371 -0.97021484 0.006526947
vn 0.24255371 -0.97021484 0.006526947
vn 0.24255371 -0.97021484 0.006526947
vn 0.8334961 -0.5527344 -0.008003235
vn 0.8334961 -0.5527344 -0.008003235
vn 0.8334961 -0.5527344 -0.008003235
vn -0.0067367554 -0.9970703 0.07824707
vn -0.0067367554 -0.9970703 0.07824707
vn -0.0067367554 -0.9970703 0.07824707
vn 0.00415802 -0.97021484 0.24255371
vn 0.00415802 -0.97021484 0.24255371
vn 0.00415802 -0.97021484 0.24255371
vn -0.68408203 2.9802322E-07 -0.7290039
vn -0.68408203 2.9802322E-07 -0.7290039
vn -0.68408203 2.9802322E-07 -0.7290039
vn -0.68408203 2.9802322E-07 -0.7290039
vn -0.68408203 2.9802322E-07 -0.7290039
vn -0.68408203 2.9802322E-07 -0.7290039
vn -0.3408203 -0.88427734 0.31982422
vn -0.3408203 -0.88427734 0.31982422
vn -0.3408203 -0.88427734 0.31982422
vn 0.36035156 -0.85009766 0.3840332
vn 0.36035156 -0.85009766 0.3840332
vn 0.36035156 -0.85009766 0.3840332
vn -0.54003906 -0.6142578 -0.5751953
vn -0.54003906 -0.6142578 -0.5751953
vn -0.54003906 -0.6142578 -0.5751953
vn 0.5751953 -0.6142578 -0.54003906
vn 0.5751953 -0.6142578 -0.54003906
vn 0.5751953 -0.6142578 -0.54003906
vn -0.6723633 -0.7402344 0.00041890144
vn -0.6723633 -0.7402344 0.00041890144
vn -0.6723633 -0.7402344 0.00041890144
vn -0.3503418 -0.93652344 -0.0015592575
vn -0.3503418 -0.93652344 -0.0015592575
vn -0.3503418 -0.93652344 -0.0015592575
vn 0.40112305 -0.9160156 0.0055007935
vn 0.40112305 -0.9160156 0.0055007935
vn 0.40112305 -0.9160156 0.0055007935
vn 0.6723633 -0.7402344 0.00299263
vn 0.6723633 -0.7402344 0.00299263
vn 0.6723633 -0.7402344 0.00299263
vn -0.009490967 -0.93652344 0.35009766
vn -0.009490967 -0.93652344 0.35009766
vn -0.009490967 -0.93652344 0.35009766
vn -0.0074043274 -0.9160156 0.40112305
vn -0.0074043274 -0.9160156 0.40112305
vn -0.0074043274 -0.9160156 0.40112305
vn -0.7084961 0.0013971329 0.7055664
vn -0.7084961 0.0013971329 0.7055664
vn -0.7084961 0.0013971329 0.7055664
vn -0.7084961 0.0013971329 0.7055664
vn -0.7084961 0.0013971329 0.7055664
vn -0.7084961 0.0013971329 0.7055664
vn -0.078186035 -0.99365234 0.077819824
vn -0.078186035 -0.99365234 0.077819824
vn -0.078186035 -0.99365234 0.077819824
vn 0.23522949 -0.9428711 0.23620605
vn 0.23522949 -0.9428711 0.23620605
vn 0.23522949 -0.9428711 0.23620605
vn -0.6386719 -0.42456055 -0.64160156
vn -0.6386719 -0.42456055 -0.64160156
vn -0.6386719 -0.42456055 -0.64160156
vn 0.64160156 -0.42456055 -0.6386719
vn 0.64160156 -0.42456055 -0.6386719
vn 0.64160156 -0.42456055 -0.6386719
vn -0.8334961 -0.5527344 0.016937256
vn -0.8334961 -0.5527344 0.016937256
vn -0.8334961 -0.5527344 0.016937256
vn -0.07824707 -0.9970703 -0.00016653538
vn -0.07824707 -0.9970703 -0.00016653538
vn -0.07824707 -0.9970703 -0.00016653538
vn 0.24255371 -0.97021484 0.008346558
vn 0.24255371 -0.97021484 0.008346558
vn 0.24255371 -0.97021484 0.008346558
vn 0.8334961 -0.5527344 -0.010231018
vn 0.8334961 -0.5527344 -0.010231018
vn 0.8334961 -0.5527344 -0.010231018
vn -0.0067367554 -0.9970703 0.07824707
vn -0.0067367554 -0.9970703 0.07824707
vn -0.0067367554 -0.9970703 0.07824707
vn 0.00415802 -0.97021484 0.24255371
vn 0.00415802 -0.97021484 0.24255371
vn 0.00415802 -0.97021484 0.24255371
vn -0.7084961 0.0032291412 0.7055664
vn -0.7084961 0.0032291412 0.7055664
vn -0.7084961 0.0032291412 0.7055664
vn -0.7084961 0.003227234 0.7055664
vn -0.7084961 0.003227234 0.7055664
vn -0.7084961 0.003227234 0.7055664
vn -0.5786133 -0.57714844 0.5761719
vn -0.5786133 -0.57714844 0.5761719
vn -0.5786133 -0.57714844 0.5761719
vn 0.6040039 -0.51660156 0.6069336
vn 0.6040039 -0.51660156 0.6069336
vn 0.6040039 -0.51660156 0.6069336
vn -0.6772461 -0.27954102 -0.68066406
vn -0.6772461 -0.27954102 -0.68066406
vn -0.6772461 -0.27954102 -0.68066406
vn 0.68066406 -0.27954102 -0.6772461
vn 0.68066406 -0.27954102 -0.6772461
vn 0.68066406 -0.27954102 -0.6772461
vn -0.9243164 -0.3803711 0.035125732
vn -0.9243164 -0.3803711 0.035125732
vn -0.9243164 -0.3803711 0.035125732
vn -0.70703125 -0.70703125 0.016586304
vn -0.70703125 -0.70703125 0.016586304
vn -0.70703125 -0.70703125 0.016586304
vn 0.7607422 -0.64941406 -0.002981186
vn 0.7607422 -0.64941406 -0.002981186
vn 0.7607422 -0.64941406 -0.002981186
vn 0.9243164 -0.38061523 -0.02482605
vn 0.9243164 -0.38061523 -0.02482605
vn 0.9243164 -0.38061523 -0.02482605
vn 0.015609741 -0.70703125 0.70703125
vn 0.015609741 -0.70703125 0.70703125
vn 0.015609741 -0.70703125 0.70703125
vn 0.031829834 -0.6489258 0.7602539
vn 0.031829834 -0.6489258 0.7602539
vn 0.031829834 -0.6489258 0.7602539
vn -0.7084961 0.0027103424 0.7055664
vn -0.7084961 0.0027103424 0.7055664
vn -0.7084961 0.0027103424 0.7055664
vn -0.7084961 0.002708435 0.7055664
vn -0.7084961 0.002708435 0.7055664
vn -0.7084961 0.002708435 0.7055664
vn -0.33129883 -0.88427734 0.32958984
vn -0.33129883 -0.88427734 0.32958984
vn -0.33129883 -0.88427734 0.32958984
vn 0.37158203 -0.85009766 0.37304688
vn 0.37158203 -0.85009766 0.37304688
vn 0.37158203 -0.85009766 0.37304688
vn -0.5566406 -0.6142578 -0.55908203
vn -0.5566406 -0.6142578 -0.55908203
vn -0.5566406 -0.6142578 -0.55908203
vn 0.55908203 -0.6142578 -0.5566406
vn 0.55908203 -0.6142578 -0.5566406
vn 0.55908203 -0.6142578 -0.5566406
vn -0.6723633 -0.7402344 0.00957489
vn -0.6723633 -0.7402344 0.00957489
vn -0.6723633 -0.7402344 0.00957489
vn -0.35009766 -0.93652344 0.0033054352
vn -0.35009766 -0.93652344 0.0033054352
vn -0.35009766 -0.93652344 0.0033054352
vn 0.40112305 -0.9160156 -0.00027418137
vn 0.40112305 -0.9160156 -0.00027418137
vn 0.40112305 -0.9160156 -0.00027418137
vn 0.6723633 -0.7402344 -0.0063476562
vn 0.6723633 -0.7402344 -0.0063476562
vn 0.6723633 -0.7402344 -0.0063476562
vn 0.0043792725 -0.93652344 0.35009766
vn 0.0043792725 -0.93652344 0.35009766
vn 0.0043792725 -0.93652344 0.35009766
vn 0.009513855 -0.9160156 0.40112305
vn 0.009513855 -0.9160156 0.40112305
vn 0.009513855 -0.9160156 0.40112305
vn -0.54345703 -0.5942383 0.59277344
vn -0.54345703 -0.5942383 0.59277344
vn -0.54345703 -0.5942383 0.59277344
vn 0.5410156 -0.5942383 0.59521484
vn 0.5410156 -0.5942383 0.59521484
vn 0.5410156 -0.5942383 0.59521484
vn -0.5410156 -0.5942383 -0.59521484
vn -0.5410156 -0.5942383 -0.59521484
vn -0.5410156 -0.5942383 -0.59521484
vn 0.54345703 -0.5942383 -0.59277344
vn 0.54345703 -0.5942383 -0.59277344
vn 0.54345703 -0.5942383 -0.59277344
vn -0.7714844 -0.21643066 0.5986328
vn -0.7763672 -0.19128418 0.60058594
vn -0.6894531 -0.48217773 0.54052734
vn 0.72558594 -0.19348145 -0.66064453
vn 0.64697266 -0.47070312 -0.60009766
vn 0.72314453 -0.20703125 -0.6591797
vn 0.9970703 -0.0690918 -0.026870728
vn 0.9970703 -0.0690918 -0.026870728
vn 0.9970703 -0.0690918 -0.026870728
vn 0.9921875 0.1182251 0.042785645
vn 0.9921875 0.1182251 0.042785645
vn 0.9921875 0.1182251 0.042785645
vn 0.9970703 -0.0335083 -0.06890869
vn 0.9970703 -0.0335083 -0.06890869
vn 0.9970703 -0.0335083 -0.06890869
vn 0.99560547 -0.01499176 -0.09124756
vn 0.99560547 -0.01499176 -0.09124756
vn 0.99560547 -0.01499176 -0.09124756
vn 0.99902344 -0.017654419 -0.040222168
vn 0.99902344 0.006214142 -0.04840088
vn 0.99902344 0.006214142 -0.04840088
vn 0.9995117 0.02798462 -0.009757996
vn 1 0.008132935 0.0029506683
vn 1 -0.011238098 0.013641357
vn 1 -0.011238098 0.013641357
vn 1 -0.011238098 0.013641357
vn 1 -0.011238098 0.013641357
vn 0.9995117 -0.019348145 -0.027359009
vn 0.9980469 -0.042236328 -0.040985107
vn 0.9980469 -0.042236328 -0.040985107
vn 0.9980469 -0.042236328 -0.040985107
vn 0.9980469 -0.042236328 -0.040985107
vn 0.9995117 -0.019348145 -0.027359009
vn 1 -0.016021729 -8.696318E-05
vn 0.9995117 0.015235901 -0.03173828
vn 0.9995117 0.015235901 -0.03173828
vn 0.9995117 0.015235901 -0.03173828
vn 1 -0.015701294 0.006164551
vn 1 -0.015701294 0.006164551
vn 1 -0.015701294 0.006164551
vn 0.9995117 0.006729126 0.03427124
vn 0.9995117 0.035736084 0.007293701
vn 1 0.012519836 -0.0055885315
vn 0.9995117 0.035736084 0.007293701
vn 0.9995117 0.035736084 0.007293701
vn 1 0.018218994 0.009513855
vn 0.9995117 -0.025970459 -0.026992798
vn 0.9995117 -0.025970459 -0.026992798
vn 0.9995117 -0.025970459 -0.026992798
vn 0.9970703 -0.05279541 -0.05630493
vn 0.9970703 -0.05279541 -0.05630493
vn 0.9970703 -0.05279541 -0.05630493
vn 0.94873047 0.21557617 -0.2310791
vn 0.94873047 0.21557617 -0.2310791
vn 0.94873047 0.21557617 -0.2310791
vn 0.99658203 0.081604004 -0.024353027
vn 0.99658203 0.081604004 -0.024353027
vn 0.99658203 0.081604004 -0.024353027
vn 0.99365234 -0.0124435425 -0.10974121
vn 0.99365234 -0.0124435425 -0.10974121
vn 0.99365234 -0.0124435425 -0.10974121
vn 0.99609375 0.08148193 -0.033081055
vn 0.99609375 0.08148193 -0.033081055
vn 0.99609375 0.08148193 -0.033081055
vn 0.98828125 0.09112549 -0.122802734
vn 0.98828125 0.09112549 -0.122802734
vn 0.98828125 0.09112549 -0.122802734
vn -0.7084961 0.0017194748 0.7055664
vn -0.7084961 0.0017194748 0.7055664
vn -0.7084961 0.0017194748 0.7055664
vn -0.7084961 0.0017194748 0.7055664
vn -0.7084961 0.0017194748 0.7055664
vn -0.7084961 0.0017194748 0.7055664
vn -0.5546875 -0.6225586 0.5522461
vn -0.5546875 -0.6225586 0.5522461
vn -0.5546875 -0.6225586 0.5522461
vn 0.58691406 -0.5546875 0.58935547
vn 0.58691406 -0.5546875 0.58935547
vn 0.58691406 -0.5546875 0.58935547
vn -0.5878906 -0.5522461 -0.5908203
vn -0.5878906 -0.5522461 -0.5908203
vn -0.5878906 -0.5522461 -0.5908203
vn 0.5908203 -0.5522461 -0.5878906
vn 0.5908203 -0.5522461 -0.5878906
vn 0.5908203 -0.5522461 -0.5878906
vn -0.7294922 -0.68359375 0.0072898865
vn -0.7294922 -0.68359375 0.0072898865
vn -0.7294922 -0.68359375 0.0072898865
vn -0.6640625 -0.7475586 0.0056152344
vn -0.6640625 -0.7475586 0.0056152344
vn -0.6640625 -0.7475586 0.0056152344
vn 0.013015747 -0.7475586 0.6640625
vn 0.013015747 -0.7475586 0.6640625
vn 0.013015747 -0.7475586 0.6640625
vn 0.030441284 -0.68603516 0.7270508
vn 0.030441284 -0.68603516 0.7270508
vn 0.030441284 -0.68603516 0.7270508
vn -0.7084961 0.0015182495 0.7055664
vn -0.7084961 0.0015182495 0.7055664
vn -0.7084961 0.0015182495 0.7055664
vn -0.7084961 0.0015182495 0.7055664
vn -0.7084961 0.0015182495 0.7055664
vn -0.7084961 0.0015182495 0.7055664
vn -0.5786133 -0.57714844 0.5761719
vn -0.5786133 -0.57714844 0.5761719
vn -0.5786133 -0.57714844 0.5761719
vn 0.6040039 -0.51660156 0.6069336
vn 0.6040039 -0.51660156 0.6069336
vn 0.6040039 -0.51660156 0.6069336
vn -0.5522461 -0.6225586 -0.5546875
vn -0.5522461 -0.6225586 -0.5546875
vn -0.5522461 -0.6225586 -0.5546875
vn 0.5546875 -0.6225586 -0.5522461
vn 0.5546875 -0.6225586 -0.5522461
vn 0.5546875 -0.6225586 -0.5522461
vn -0.6640625 -0.7475586 0.01525116
vn -0.6640625 -0.7475586 0.01525116
vn -0.6640625 -0.7475586 0.01525116
vn -0.70703125 -0.70703125 0.018218994
vn -0.70703125 -0.70703125 0.018218994
vn -0.70703125 -0.70703125 0.018218994
vn 0.7602539 -0.6489258 -0.02381897
vn 0.7602539 -0.6489258 -0.02381897
vn 0.7602539 -0.6489258 -0.02381897
vn 0.6640625 -0.7475586 -0.017242432
vn 0.6640625 -0.7475586 -0.017242432
vn 0.6640625 -0.7475586 -0.017242432
vn 0.015617371 -0.70703125 0.70703125
vn 0.015617371 -0.70703125 0.70703125
vn 0.015617371 -0.70703125 0.70703125
vn 0.031829834 -0.6489258 0.7602539
vn 0.031829834 -0.6489258 0.7602539
vn 0.031829834 -0.6489258 0.7602539
vn -0.7084961 0.0032291412 0.7055664
vn -0.7084961 0.0032291412 0.7055664
vn -0.7084961 0.0032291412 0.7055664
vn -0.7084961 0.0032291412 0.7055664
vn -0.7084961 0.0032291412 0.7055664
vn -0.7084961 0.0032291412 0.7055664
vn -0.5786133 -0.57714844 0.5761719
vn -0.5786133 -0.57714844 0.5761719
vn -0.5786133 -0.57714844 0.5761719
vn 0.6040039 -0.51660156 0.6069336
vn 0.6040039 -0.51660156 0.6069336
vn 0.6040039 -0.51660156 0.6069336
vn -0.5961914 -0.53515625 -0.5986328
vn -0.5961914 -0.53515625 -0.5986328
vn -0.5961914 -0.53515625 -0.5986328
vn 0.5986328 -0.53515625 -0.5961914
vn 0.5986328 -0.53515625 -0.5961914
vn 0.5986328 -0.53515625 -0.5961914
vn -0.7446289 -0.6669922 0.01939392
vn -0.7446289 -0.6669922 0.01939392
vn -0.7446289 -0.6669922 0.01939392
vn -0.70703125 -0.70703125 0.016586304
vn -0.70703125 -0.70703125 0.016586304
vn -0.70703125 -0.70703125 0.016586304
vn 0.015617371 -0.70703125 0.70703125
vn 0.015617371 -0.70703125 0.70703125
vn 0.015617371 -0.70703125 0.70703125
vn 0.031829834 -0.6489258 0.7602539
vn 0.031829834 -0.6489258 0.7602539
vn 0.031829834 -0.6489258 0.7602539
vn -0.7084961 0.0015182495 0.7055664
vn -0.7084961 0.0015182495 0.7055664
vn -0.7084961 0.0015182495 0.7055664
vn -0.7084961 0.0015182495 0.7055664
vn -0.7084961 0.0015182495 0.7055664
vn -0.7084961 0.0015182495 0.7055664
vn -0.5786133 -0.57714844 0.5761719
vn -0.5786133 -0.57714844 0.5761719
vn -0.5786133 -0.57714844 0.5761719
vn 0.6040039 -0.51660156 0.6069336
vn 0.6040039 -0.51660156 0.6069336
vn 0.6040039 -0.51660156 0.6069336
vn -0.60009766 -0.5258789 -0.60302734
vn -0.60009766 -0.5258789 -0.60302734
vn -0.60009766 -0.5258789 -0.60302734
vn 0.60302734 -0.5258789 -0.60009766
vn 0.60302734 -0.5258789 -0.60009766
vn 0.60302734 -0.5258789 -0.60009766
vn -0.7529297 -0.6582031 0.015556335
vn -0.7529297 -0.6582031 0.015556335
vn -0.7529297 -0.6582031 0.015556335
vn -0.70703125 -0.70703125 0.012893677
vn -0.70703125 -0.70703125 0.012893677
vn -0.70703125 -0.70703125 0.012893677
vn 0.015617371 -0.70703125 0.70703125
vn 0.015617371 -0.70703125 0.70703125
vn 0.015617371 -0.70703125 0.70703125
vn 0.031829834 -0.6489258 0.7602539
vn 0.031829834 -0.6489258 0.7602539
vn 0.031829834 -0.6489258 0.7602539
vn 0.023712158 0.00082206726 0.9995117
vn 0.023712158 0.00082206726 0.9995117
vn 0.023712158 0.00082206726 0.9995117
vn 0.023712158 0.00082206726 0.9995117
vn 1 -9.4771385E-06 -0.00945282
vn 1 -9.4771385E-06 -0.00945282
vn 1 -9.4771385E-06 -0.00945282
vn 1 2.3841858E-07 -0.00944519
vn -0.023712158 1.0728836E-06 -0.9995117
vn -0.023712158 1.0728836E-06 -0.9995117
vn -0.023712158 1.0728836E-06 -0.9995117
vn -0.023712158 8.34465E-07 -0.9995117
vn -1 -2.3841858E-07 0.00945282
vn -1 -2.3841858E-07 0.00945282
vn -1 -2.3841858E-07 0.00945282
vn -1 9.000301E-06 0.00944519
vn 0.7055664 0.0005812645 0.7084961
vn 0.7055664 0.0005812645 0.7084961
vn 0.7055664 0.0005812645 0.7084961
vn 0.7055664 0.00058174133 0.7084961
vn 0.7084961 8.34465E-07 -0.7055664
vn 0.7084961 8.34465E-07 -0.7055664
vn 0.7084961 8.34465E-07 -0.7055664
vn 0.7084961 9.536743E-07 -0.7055664
vn -0.7055664 4.172325E-07 -0.7084961
vn -0.7055664 4.172325E-07 -0.7084961
vn -0.7055664 4.172325E-07 -0.7084961
vn -0.7055664 3.5762787E-07 -0.7084961
vn -0.015945435 -0.7402344 -0.6723633
vn -0.015945435 -0.7402344 -0.6723633
vn -0.015945435 -0.7402344 -0.6723633
vn -0.015945435 -0.7402344 -0.6723633
vn -0.03704834 0.0056381226 0.9995117
vn -0.03704834 0.0056381226 0.9995117
vn -0.03704834 0.0056381226 0.9995117
vn -0.03704834 0.0056381226 0.9995117
vn 0.99560547 0.00032544136 0.09259033
vn 0.99560547 0.00032544136 0.09259033
vn 0.99560547 0.00032544136 0.09259033
vn 0.99560547 -1.66893E-06 0.09234619
vn 0.03704834 1.6093254E-06 -0.9995117
vn 0.03704834 1.6093254E-06 -0.9995117
vn 0.03704834 1.6093254E-06 -0.9995117
vn 0.03704834 1.7285347E-06 -0.9995117
vn -0.99560547 -3.0398369E-06 -0.09259033
vn -0.99560547 -3.0398369E-06 -0.09259033
vn -0.99560547 -3.0398369E-06 -0.09259033
vn -0.99560547 -0.00032758713 -0.09234619
vn 0.6821289 0.0039863586 0.7314453
vn 0.6821289 0.0039863586 0.7314453
vn 0.6821289 0.0039863586 0.7314453
vn 0.6821289 0.0039863586 0.7314453
vn 0.7314453 -6.556511E-07 -0.6821289
vn 0.7314453 -6.556511E-07 -0.6821289
vn 0.7314453 -6.556511E-07 -0.6821289
vn 0.7314453 1.0728836E-06 -0.6821289
vn -0.6821289 -1.013279E-06 -0.7314453
vn -0.6821289 -1.013279E-06 -0.7314453
vn -0.6821289 -1.013279E-06 -0.7314453
vn -0.6821289 -1.013279E-06 -0.7314453
vn -0.85839844 -0.50683594 -0.07965088
vn -0.85839844 -0.50683594 -0.07965088
vn -0.85839844 -0.50683594 -0.07965088
vn -0.85839844 -0.50683594 -0.07965088
vn 0.031951904 -0.5073242 -0.8613281
vn 0.031951904 -0.5073242 -0.8613281
vn 0.031951904 -0.5073242 -0.8613281
vn 0.031951904 -0.5073242 -0.8613281
vn 0.85839844 -0.50683594 0.07965088
vn 0.85839844 -0.50683594 0.07965088
vn 0.85839844 -0.50683594 0.07965088
vn 0.85839844 -0.50634766 0.07965088
vn -0.031951904 -0.5073242 0.8613281
vn -0.031951904 -0.5073242 0.8613281
vn -0.031951904 -0.5073242 0.8613281
vn -0.031951904 -0.5073242 0.8613281
vn 0.027069092 0.0019359589 0.9995117
vn 0.027069092 0.0019359589 0.9995117
vn 0.027069092 0.0019359589 0.9995117
vn 0.027069092 0.0019359589 0.9995117
vn 1 5.2452087E-05 -0.0021400452
vn 1 5.2452087E-05 -0.0021400452
vn 1 5.2452087E-05 -0.0021400452
vn 1 -1.1324883E-06 -0.0022258759
vn -0.027069092 1.1324883E-06 -0.9995117
vn -0.027069092 1.1324883E-06 -0.9995117
vn -0.027069092 1.1324883E-06 -0.9995117
vn -0.027069092 1.3709068E-06 -0.9995117
vn -1 -1.1324883E-06 0.0021419525
vn -1 -1.1324883E-06 0.0021419525
vn -1 -1.1324883E-06 0.0021419525
vn -1 -5.286932E-05 0.0022239685
vn 0.72753906 0.0013685226 0.68603516
vn 0.72753906 0.0013685226 0.68603516
vn 0.72753906 0.0013685226 0.68603516
vn 0.72753906 0.0013685226 0.68603516
vn 0.68603516 2.3841858E-07 -0.72753906
vn 0.68603516 2.3841858E-07 -0.72753906
vn 0.68603516 2.3841858E-07 -0.72753906
vn 0.68603516 8.34465E-07 -0.72753906
vn -0.72753906 1.1920929E-07 -0.68603516
vn -0.72753906 1.1920929E-07 -0.68603516
vn -0.72753906 1.1920929E-07 -0.68603516
vn -0.72753906 0 -0.68603516
vn -0.70703125 -0.70703125 0.0015745163
vn -0.70703125 -0.70703125 0.0015745163
vn -0.70703125 -0.70703125 0.0015745163
vn -0.70703125 -0.70703125 0.0015716553
vn -0.01914978 -0.70703125 -0.70703125
vn -0.01914978 -0.70703125 -0.70703125
vn -0.01914978 -0.70703125 -0.70703125
vn -0.01914978 -0.70703125 -0.70703125
vn 0.70703125 -0.70703125 -0.0015735626
vn 0.70703125 -0.70703125 -0.0015735626
vn 0.70703125 -0.70703125 -0.0015735626
vn 0.70703125 -0.70703125 -0.0015764236
vn 0.01914978 -0.70703125 0.70703125
vn 0.01914978 -0.70703125 0.70703125
vn 0.01914978 -0.70703125 0.70703125
vn 0.01914978 -0.70703125 0.70703125
vn 0.0037078857 0.00299263 1
vn 0.0037078857 0.00299263 1
vn 0.0037078857 0.00299263 1
vn 0.0037078857 0.00299263 1
vn 1 3.9339066E-06 -0.0044517517
vn 1 3.9339066E-06 -0.0044517517
vn 1 3.9339066E-06 -0.0044517517
vn 1 -1.9073486E-06 -0.0044555664
vn -0.0037078857 1.9073486E-06 -1
vn -0.0037078857 1.9073486E-06 -1
vn -0.0037078857 1.9073486E-06 -1
vn -0.0037078857 2.861023E-06 -1
vn -1 -9.536743E-07 0.0044517517
vn -1 -9.536743E-07 0.0044517517
vn -1 -9.536743E-07 0.0044517517
vn -1 -4.887581E-06 0.0044517517
vn 0.7114258 0.0021152496 0.703125
vn 0.7114258 0.0021152496 0.703125
vn 0.7114258 0.0021152496 0.703125
vn 0.7114258 0.0021152496 0.703125
vn 0.703125 -2.9802322E-07 -0.7114258
vn 0.703125 -2.9802322E-07 -0.7114258
vn 0.703125 -2.9802322E-07 -0.7114258
vn 0.703125 1.3709068E-06 -0.7114258
vn -0.7114258 1.3113022E-06 -0.703125
vn -0.7114258 1.3113022E-06 -0.703125
vn -0.7114258 1.3113022E-06 -0.703125
vn -0.7114258 6.556511E-07 -0.703125
vn -0.70703125 -0.70703125 0.0031490326
vn -0.70703125 -0.70703125 0.0031490326
vn -0.70703125 -0.70703125 0.0031490326
vn -0.70703125 -0.70703125 0.0031471252
vn -0.0026226044 -0.70703125 -0.70703125
vn -0.0026226044 -0.70703125 -0.70703125
vn -0.0026226044 -0.70703125 -0.70703125
vn -0.002620697 -0.70703125 -0.70703125
vn 0.70703125 -0.70703125 -0.0031490326
vn 0.70703125 -0.70703125 -0.0031490326
vn 0.70703125 -0.70703125 -0.0031490326
vn 0.70703125 -0.70703125 -0.00315094
vn 0.0026226044 -0.70703125 0.70703125
vn 0.0026226044 -0.70703125 0.70703125
vn 0.0026226044 -0.70703125 0.70703125
vn 0.0026226044 -0.70703125 0.70703125
vn -0.0035076141 0.001701355 1
vn -0.0035076141 0.001701355 1
vn -0.0035076141 0.001701355 1
vn -0.0035114288 0.0017023087 1
vn 1 7.3313713E-06 0.005760193
vn 1 7.3313713E-06 0.005760193
vn 1 7.3313713E-06 0.005760193
vn 1 -4.7683716E-07 0.005760193
vn 0.0035076141 1.7285347E-06 -1
vn 0.0035076141 1.7285347E-06 -1
vn 0.0035076141 1.7285347E-06 -1
vn 0.0035095215 1.9669533E-06 -1
vn -1 -9.536743E-07 -0.005760193
vn -1 -9.536743E-07 -0.005760193
vn -1 -9.536743E-07 -0.005760193
vn -1 -7.867813E-06 -0.005760193
vn 0.7060547 0.0012025833 0.7080078
vn 0.7060547 0.0012025833 0.7080078
vn 0.7060547 0.0012025833 0.7080078
vn 0.7060547 0.0012016296 0.7080078
vn 0.7080078 7.1525574E-07 -0.7060547
vn 0.7080078 7.1525574E-07 -0.7060547
vn 0.7080078 7.1525574E-07 -0.7060547
vn 0.7080078 1.1920929E-06 -0.7060547
vn -0.7060547 7.1525574E-07 -0.7080078
vn -0.7060547 7.1525574E-07 -0.7080078
vn -0.7060547 7.1525574E-07 -0.7080078
vn -0.7060547 3.5762787E-07 -0.7080078
vn -0.70703125 -0.70703125 -0.0040740967
vn -0.70703125 -0.70703125 -0.0040740967
vn -0.70703125 -0.70703125 -0.0040740967
vn -0.70703125 -0.70703125 -0.0040740967
vn 0.0024814606 -0.70703125 -0.70703125
vn 0.0024814606 -0.70703125 -0.70703125
vn 0.0024814606 -0.70703125 -0.70703125
vn 0.0024814606 -0.70703125 -0.70703125
vn 0.70703125 -0.70703125 0.0040740967
vn 0.70703125 -0.70703125 0.0040740967
vn 0.70703125 -0.70703125 0.0040740967
vn 0.70703125 -0.70703125 0.0040740967
vn -0.0024795532 -0.70703125 0.70703125
vn -0.0024795532 -0.70703125 0.70703125
vn -0.0024795532 -0.70703125 0.70703125
vn -0.002483368 -0.70703125 0.70703125
vn 0.014778137 0.0021877289 1
vn 0.014778137 0.0021877289 1
vn 0.014778137 0.0021877289 1
vn 0.014778137 0.0021877289 1
vn 1 3.272295E-05 -0.0019407272
vn 1 3.272295E-05 -0.0019407272
vn 1 3.272295E-05 -0.0019407272
vn 1 -6.556511E-07 -0.0019702911
vn -0.014778137 2.9802322E-07 -1
vn -0.014778137 2.9802322E-07 -1
vn -0.014778137 2.9802322E-07 -1
vn -0.014778137 5.9604645E-07 -1
vn -1 -1.2516975E-06 0.0019416809
vn -1 -1.2516975E-06 0.0019416809
vn -1 -1.2516975E-06 0.0019416809
vn -1 -3.3318996E-05 0.0019702911
vn 0.7192383 0.0015459061 0.6948242
vn 0.7192383 0.0015459061 0.6948242
vn 0.7192383 0.0015459061 0.6948242
vn 0.7192383 0.0015459061 0.6948242
vn 0.6948242 -2.3841858E-07 -0.7192383
vn 0.6948242 -2.3841858E-07 -0.7192383
vn 0.6948242 -2.3841858E-07 -0.7192383
vn 0.6948242 2.3841858E-07 -0.7192383
vn -0.7192383 -4.7683716E-07 -0.6948242
vn -0.7192383 -4.7683716E-07 -0.6948242
vn -0.7192383 -4.7683716E-07 -0.6948242
vn -0.7192383 -6.556511E-07 -0.6948242
vn -0.70703125 -0.70703125 0.0013933182
vn -0.70703125 -0.70703125 0.0013933182
vn -0.70703125 -0.70703125 0.0013933182
vn -0.70703125 -0.70703125 0.0013923645
vn -0.0104522705 -0.70703125 -0.70703125
vn -0.0104522705 -0.70703125 -0.70703125
vn -0.0104522705 -0.70703125 -0.70703125
vn -0.0104522705 -0.70703125 -0.70703125
vn 0.70703125 -0.70703125 -0.0013942719
vn 0.70703125 -0.70703125 -0.0013942719
vn 0.70703125 -0.70703125 -0.0013942719
vn 0.70703125 -0.70703125 -0.0013952255
vn 0.0104522705 -0.70703125 0.70703125
vn 0.0104522705 -0.70703125 0.70703125
vn 0.0104522705 -0.70703125 0.70703125
vn 0.0104522705 -0.70703125 0.70703125
vn 0.017608643 0.0022659302 1
vn 0.017608643 0.0022659302 1
vn 0.017608643 0.0022659302 1
vn 0.017608643 0.0022659302 1
vn 1 -2.5749207E-05 -0.00945282
vn 1 -2.5749207E-05 -0.00945282
vn 1 -2.5749207E-05 -0.00945282
vn 1 7.1525574E-07 -0.00944519
vn -0.017608643 2.1457672E-06 -1
vn -0.017608643 2.1457672E-06 -1
vn -0.017608643 2.1457672E-06 -1
vn -0.017608643 1.66893E-06 -1
vn -1 -1.013279E-06 0.00945282
vn -1 -1.013279E-06 0.00945282
vn -1 -1.013279E-06 0.00945282
vn -1 2.5093555E-05 0.00944519
vn 0.7055664 0.0016031265 0.7084961
vn 0.7055664 0.0016031265 0.7084961
vn 0.7055664 0.0016031265 0.7084961
vn 0.7055664 0.0016031265 0.7084961
vn 0.7084961 1.9073486E-06 -0.7055664
vn 0.7084961 1.9073486E-06 -0.7055664
vn 0.7084961 1.9073486E-06 -0.7055664
vn 0.7084961 2.026558E-06 -0.7055664
vn -0.7055664 4.7683716E-07 -0.7084961
vn -0.7055664 4.7683716E-07 -0.7084961
vn -0.7055664 4.7683716E-07 -0.7084961
vn -0.7055664 1.1920929E-07 -0.7084961
vn -0.016281128 -0.38061523 -0.9248047
vn -0.016281128 -0.38061523 -0.9248047
vn -0.016281128 -0.38061523 -0.9248047
vn -0.016281128 -0.38061523 -0.9248047
vn 0.017150879 0.0014152527 1
vn 0.017150879 0.0014152527 1
vn 0.017150879 0.0014152527 1
vn 0.017150879 0.0014152527 1
vn 1 -1.5735626E-05 -0.009056091
vn 1 -1.5735626E-05 -0.009056091
vn 1 -1.5735626E-05 -0.009056091
vn 1 4.172325E-07 -0.009048462
vn -0.017150879 1.66893E-06 -1
vn -0.017150879 1.66893E-06 -1
vn -0.017150879 1.66893E-06 -1
vn -0.017150879 1.2516975E-06 -1
vn -1 -6.556511E-07 0.009056091
vn -1 -6.556511E-07 0.009056091
vn -1 -6.556511E-07 0.009056091
vn -1 1.5318394E-05 0.009048462
vn 0.7055664 0.0010004044 0.7084961
vn 0.7055664 0.0010004044 0.7084961
vn 0.7055664 0.0010004044 0.7084961
vn 0.7055664 0.0010004044 0.7084961
vn -0.7084961 0.0010004044 0.7055664
vn -0.7084961 0.0010004044 0.7055664
vn -0.7084961 0.0010004044 0.7055664
vn -0.7084961 0.0010004044 0.7055664
vn 0.7084961 1.3113022E-06 -0.7055664
vn 0.7084961 1.3113022E-06 -0.7055664
vn 0.7084961 1.3113022E-06 -0.7055664
vn 0.7084961 1.4901161E-06 -0.7055664
vn -0.7055664 4.172325E-07 -0.7084961
vn -0.7055664 4.172325E-07 -0.7084961
vn -0.7055664 4.172325E-07 -0.7084961
vn -0.7055664 2.9802322E-07 -0.7084961
vn -0.014289856 -0.5527344 -0.8334961
vn -0.014289856 -0.5527344 -0.8334961
vn -0.014289856 -0.5527344 -0.8334961
vn -0.014289856 -0.5527344 -0.8334961
vn -0.018447876 0.00043964386 1
vn -0.018447876 0.00043964386 1
vn -0.018447876 0.00043964386 1
vn -0.018447876 0.00043964386 1
vn 1 -1.1861324E-05 0.004432678
vn 1 -1.1861324E-05 0.004432678
vn 1 -1.1861324E-05 0.004432678
vn 1 1.1920929E-07 0.0044517517
vn 0.018447876 7.748604E-07 -1
vn 0.018447876 7.748604E-07 -1
vn 0.018447876 7.748604E-07 -1
vn 0.018447876 6.556511E-07 -1
vn -1 -1.1920929E-07 -0.004432678
vn -1 -1.1920929E-07 -0.004432678
vn -1 -1.1920929E-07 -0.004432678
vn -1 1.1742115E-05 -0.0044517517
vn 0.68408203 0.00031089783 0.7290039
vn 0.68408203 0.00031089783 0.7290039
vn 0.68408203 0.00031089783 0.7290039
vn 0.68408203 0.00031113625 0.7290039
vn -0.7290039 0.0003106594 0.68408203
vn -0.7290039 0.0003106594 0.68408203
vn -0.7290039 0.0003106594 0.68408203
vn -0.7290039 0.0003106594 0.68408203
vn 0.7290039 5.9604645E-07 -0.68408203
vn 0.7290039 5.9604645E-07 -0.68408203
vn 0.7290039 5.9604645E-07 -0.68408203
vn 0.7290039 5.9604645E-07 -0.68408203
vn 0.0124053955 -0.7402344 -0.6723633
vn 0.0124053955 -0.7402344 -0.6723633
vn 0.0124053955 -0.7402344 -0.6723633
vn 0.0124053955 -0.7402344 -0.6723633
vn 0.017150879 0.0019779205 1
vn 0.017150879 0.0019779205 1
vn 0.017150879 0.0019779205 1
vn 0.017150879 0.0019779205 1
vn 1 -2.6583672E-05 -0.0115737915
vn 1 -2.6583672E-05 -0.0115737915
vn 1 -2.6583672E-05 -0.0115737915
vn 1 6.556511E-07 -0.011566162
vn -0.017150879 2.0861626E-06 -1
vn -0.017150879 2.0861626E-06 -1
vn -0.017150879 2.0861626E-06 -1
vn -0.017150879 1.6093254E-06 -1
vn -1 -8.940697E-07 0.0115737915
vn -1 -8.940697E-07 0.0115737915
vn -1 -8.940697E-07 0.0115737915
vn -1 2.6166439E-05 0.011566162
vn 0.7055664 0.0013980865 0.7084961
vn 0.7055664 0.0013980865 0.7084961
vn 0.7055664 0.0013980865 0.7084961
vn 0.7055664 0.0013980865 0.7084961
vn 0.7084961 1.9073486E-06 -0.7055664
vn 0.7084961 1.9073486E-06 -0.7055664
vn 0.7084961 1.9073486E-06 -0.7055664
vn 0.7084961 1.7881393E-06 -0.7055664
vn -0.7055664 5.364418E-07 -0.7084961
vn -0.7055664 5.364418E-07 -0.7084961
vn -0.7055664 5.364418E-07 -0.7084961
vn -0.7055664 2.3841858E-07 -0.7084961
vn -0.014289856 -0.5527344 -0.8334961
vn -0.014289856 -0.5527344 -0.8334961
vn -0.014289856 -0.5527344 -0.8334961
vn -0.014289856 -0.5527344 -0.8334961
vn 0.0418396 0.004562378 0.99902344
vn 0.0418396 0.004562378 0.99902344
vn 0.0418396 0.004562378 0.99902344
vn 0.0418396 0.004562378 0.99902344
vn 0.9995117 -0.00012660027 -0.025909424
vn 0.9995117 -0.00012660027 -0.025909424
vn 0.9995117 -0.00012660027 -0.025909424
vn 0.9995117 1.7285347E-06 -0.025848389
vn -0.0418396 2.4437904E-06 -0.99902344
vn -0.0418396 2.4437904E-06 -0.99902344
vn -0.0418396 2.4437904E-06 -0.99902344
vn -0.0418396 2.026558E-06 -0.99902344
vn -0.9995117 -1.66893E-06 0.025909424
vn -0.9995117 -1.66893E-06 0.025909424
vn -0.9995117 -1.66893E-06 0.025909424
vn -0.9995117 0.00012552738 0.025848389
vn 0.7055664 0.0032291412 0.7084961
vn 0.7055664 0.0032291412 0.7084961
vn 0.7055664 0.0032291412 0.7084961
vn 0.7055664 0.0032310486 0.7084961
vn 0.7084961 2.6226044E-06 -0.7055664
vn 0.7084961 2.6226044E-06 -0.7055664
vn 0.7084961 2.6226044E-06 -0.7055664
vn 0.7084961 2.9206276E-06 -0.7055664
vn -0.7055664 2.9802322E-07 -0.7084961
vn -0.7055664 2.9802322E-07 -0.7084961
vn -0.7055664 2.9802322E-07 -0.7084961
vn -0.7055664 -2.9802322E-07 -0.7084961
vn -0.03869629 -0.3803711 -0.9238281
vn -0.03869629 -0.3803711 -0.9238281
vn -0.03869629 -0.3803711 -0.9238281
vn -0.03869629 -0.3803711 -0.9238281
vn 0.023712158 0.0038337708 0.9995117
vn 0.023712158 0.0038337708 0.9995117
vn 0.023712158 0.0038337708 0.9995117
vn 0.023712158 0.0038318634 0.9995117
vn 1 -4.4107437E-05 -0.00945282
vn 1 -4.4107437E-05 -0.00945282
vn 1 -4.4107437E-05 -0.00945282
vn 1 1.1920929E-06 -0.00944519
vn -0.023712158 5.3048134E-06 -0.9995117
vn -0.023712158 5.3048134E-06 -0.9995117
vn -0.023712158 5.3048134E-06 -0.9995117
vn -0.023712158 4.172325E-06 -0.9995117
vn -1 -1.1324883E-06 0.00945282
vn -1 -1.1324883E-06 0.00945282
vn -1 -1.1324883E-06 0.00945282
vn -1 4.184246E-05 0.00944519
vn 0.7055664 0.0027103424 0.7084961
vn 0.7055664 0.0027103424 0.7084961
vn 0.7055664 0.0027103424 0.7084961
vn 0.7055664 0.0027122498 0.7084961
vn 0.7084961 4.172325E-06 -0.7055664
vn 0.7084961 4.172325E-06 -0.7055664
vn 0.7084961 4.172325E-06 -0.7055664
vn 0.7084961 4.5895576E-06 -0.7055664
vn -0.7055664 2.2053719E-06 -0.7084961
vn -0.7055664 2.2053719E-06 -0.7084961
vn -0.7055664 2.2053719E-06 -0.7084961
vn -0.7055664 1.7881393E-06 -0.7084961
vn -0.015945435 -0.7402344 -0.6723633
vn -0.015945435 -0.7402344 -0.6723633
vn -0.015945435 -0.7402344 -0.6723633
vn -0.015945435 -0.7402344 -0.6723633
vn 0.023757935 0.003200531 0.9995117
vn 0.023757935 0.003200531 0.9995117
vn 0.023757935 0.003200531 0.9995117
vn 0.023757935 0.003200531 0.9995117
vn 0.023757935 0.0013608932 0.9995117
vn 0.023757935 0.0013608932 0.9995117
vn 0.023757935 0.008003235 0.9995117
vn 0.023757935 0.008003235 0.9995117
vn 1 -1.7940998E-05 -0.005508423
vn 1 -1.7940998E-05 -0.005508423
vn 1 -1.7940998E-05 -0.005508423
vn 1 -1.7940998E-05 -0.005508423
vn 1 -7.987022E-06 -0.0055007935
vn 1 -2.0325184E-05 -0.01537323
vn 1 -2.0325184E-05 -0.01537323
vn 1 -7.987022E-06 -0.0055007935
vn 1 -4.2378902E-05 -0.005493164
vn 1 -4.2378902E-05 -0.005493164
vn 1 -5.0723553E-05 -0.015365601
vn 1 -5.0723553E-05 -0.015365601
vn -0.02357483 2.8014183E-06 -0.9995117
vn -0.02357483 2.8014183E-06 -0.9995117
vn -0.02357483 2.8014183E-06 -0.9995117
vn -0.02357483 2.8014183E-06 -0.9995117
vn -0.02357483 1.1920929E-06 -0.9995117
vn -0.02357483 1.1920929E-06 -0.9995117
vn -0.02357483 4.5895576E-06 -0.9995117
vn -0.02357483 4.5895576E-06 -0.9995117
vn -0.98339844 7.18236E-05 0.18237305
vn -0.98339844 7.18236E-05 0.18237305
vn -0.98339844 7.18236E-05 0.18237305
vn -0.98339844 7.18236E-05 0.18237305
vn -0.98339844 3.0517578E-05 0.18151855
vn -0.98339844 3.0517578E-05 0.18151855
vn -0.98339844 0.00017821789 0.18103027
vn -0.98339844 0.00017821789 0.18103027
vn 0.6723633 0.0023651123 0.7402344
vn 0.6723633 0.0023651123 0.7402344
vn 0.6723633 0.0023651123 0.7402344
vn 0.6723633 0.0023651123 0.7402344
vn 0.6723633 0.0010051727 0.7402344
vn 0.6723633 0.0010051727 0.7402344
vn 0.6723633 0.0059127808 0.7402344
vn 0.6723633 0.0059127808 0.7402344
vn -0.67578125 0.0059127808 0.7373047
vn -0.67578125 0.0059127808 0.7373047
vn -0.67578125 0.0059127808 0.7373047
vn -0.67578125 0.0059127808 0.7373047
vn -0.67578125 0.0023651123 0.7373047
vn -0.67578125 0.0023651123 0.7373047
vn -0.67578125 0.0023651123 0.7373047
vn -0.67578125 0.0023651123 0.7373047
vn 0.67578125 2.7418137E-06 -0.7373047
vn 0.67578125 2.7418137E-06 -0.7373047
vn 0.67578125 2.7418137E-06 -0.7373047
vn 0.67578125 2.7418137E-06 -0.7373047
vn 0.67578125 1.1920929E-06 -0.7373047
vn 0.67578125 1.1920929E-06 -0.7373047
vn 0.67578125 8.34465E-06 -0.7373047
vn 0.67578125 8.34465E-06 -0.7373047
vn -0.6723633 4.7683716E-07 -0.7402344
vn -0.6723633 4.7683716E-07 -0.7402344
vn -0.6723633 4.7683716E-07 -0.7402344
vn -0.6723633 4.7683716E-07 -0.7402344
vn -0.6723633 -2.3841858E-07 -0.7402344
vn -0.6723633 -2.3841858E-07 -0.7402344
vn -0.6723633 -3.1590462E-06 -0.7402344
vn -0.6723633 -3.1590462E-06 -0.7402344
vn -0.6689453 -0.73291016 0.12298584
vn -0.6689453 -0.73291016 0.12298584
vn -0.6689453 -0.73291016 0.12298584
vn -0.6689453 -0.73291016 0.12298584
vn -0.016677856 -0.70703125 -0.70703125
vn -0.016677856 -0.70703125 -0.70703125
vn -0.016677856 -0.70703125 -0.70703125
vn -0.016677856 -0.70703125 -0.70703125
vn 0.6743164 -0.73876953 -0.0037021637
vn 0.6743164 -0.73876953 -0.0037021637
vn 0.6743164 -0.73876953 -0.0037021637
vn 0.6743164 -0.73876953 -0.0037021637
vn 0.6738281 -0.73876953 -0.010353088
vn 0.6738281 -0.73876953 -0.010353088
vn 0.016799927 -0.70703125 0.70703125
vn 0.016799927 -0.70703125 0.70703125
vn 0.016799927 -0.70703125 0.70703125
vn 0.016799927 -0.70703125 0.70703125
vn -1 3.606081E-05 0.013450623
vn -1 3.606081E-05 0.013450623
vn -1 3.606081E-05 0.013450623
vn -1 3.606081E-05 0.013450623
vn -1 1.937151E-05 0.01537323
vn -1 1.4901161E-05 0.013435364
vn -1 1.937151E-05 0.01537323
vn -1 1.4901161E-05 0.013435364
vn -1 9.2327595E-05 0.013420105
vn -1 8.225441E-06 0.015365601
vn -1 9.2327595E-05 0.013420105
vn -1 4.839897E-05 0.015365601
vn -0.6738281 -0.73876953 0.0090408325
vn -0.6738281 -0.73876953 0.0090408325
vn -0.6738281 -0.73876953 0.0090408325
vn -0.6738281 -0.73876953 0.0090408325
vn -0.6738281 -0.73876953 0.010353088
vn -0.6738281 -0.73876953 0.010353088
vn 0.98339844 -7.259846E-05 -0.18237305
vn 0.98339844 -7.259846E-05 -0.18237305
vn 0.98339844 -7.259846E-05 -0.18237305
vn 0.98339844 -7.259846E-05 -0.18237305
vn 0.98339844 -3.0636787E-05 -0.18151855
vn 0.98339844 -3.0636787E-05 -0.18151855
vn 0.98339844 -0.00018012524 -0.18103027
vn 0.98339844 -0.00018012524 -0.18103027
vn 0.6689453 -0.73291016 -0.12298584
vn 0.6689453 -0.73291016 -0.12298584
vn 0.6689453 -0.73291016 -0.12298584
vn 0.6689453 -0.73291016 -0.12298584
vn 0.006454468 0.014221191 1
vn 0.005290985 0.011245728 1
vn 0.005290985 0.011245728 1
vn 0.0064697266 0.014259338 1
vn 0.007633209 0.017227173 1
vn 0.007633209 0.017227173 1
vn -0.004184723 -0.01878357 -1
vn -0.0023040771 -0.0121536255 -1
vn -0.003124237 -0.012672424 -1
vn -0.002981186 -0.01197052 -1
vn -0.0035171509 -0.011779785 -1
vn -0.0042304993 -0.01474762 -1
vn -0.0041999817 -0.014862061 -1
vn -1 -0.010475159 0.015571594
vn -1 -0.01309967 0.015541077
vn -1 -0.013633728 0.015579224
vn -1 -0.0104904175 0.015609741
vn -1 -0.007774353 0.015609741
vn -0.9995117 -0.013671875 0.022659302
vn -1 -0.007331848 0.015625
vn -0.9995117 -0.010444641 0.022521973
vn -0.9995117 -0.013160706 0.029571533
vn -0.9995117 -0.0071983337 0.022384644
vn -0.9995117 -0.010314941 0.029403687
vn -0.9995117 -0.0075035095 0.029220581
vn 0.81103516 0.015701294 0.58496094
vn 0.7890625 0.2055664 0.5786133
vn 0.85058594 0.36279297 0.38085938
vn 0.81103516 0.015686035 0.58496094
vn 0.79589844 -0.18054199 0.578125
vn 0.7919922 -0.2052002 0.5751953
vn 0.7080078 -0.48120117 0.51708984
vn 0.75341797 -0.00034880638 -0.65771484
vn 0.75390625 -0.00048732758 -0.6567383
vn 0.75390625 -0.00048732758 -0.6567383
vn 0.75341797 -0.0003516674 -0.65771484
vn 0.7480469 0.0013084412 -0.6635742
vn 0.7480469 0.0013160706 -0.6635742
vn 0.72314453 -0.20703125 -0.6591797
vn 0.72558594 -0.19348145 -0.66064453
vn -0.8173828 -0.015838623 -0.5756836
vn -0.7919922 0.1862793 -0.58154297
vn -0.87402344 0.30639648 -0.37695312
vn -0.8173828 -0.015853882 -0.5756836
vn -0.7944336 -0.24060059 -0.55810547
vn -0.7993164 -0.21362305 -0.56152344
vn -0.7050781 -0.50878906 -0.49365234
vn -0.8125 -0.58203125 0.026412964
vn -0.81103516 -0.5834961 0.03540039
vn -0.81103516 -0.5834961 0.03540039
vn -0.8125 -0.58203125 0.026443481
vn -0.81396484 -0.5805664 0.017456055
vn -0.8149414 -0.57910156 0.017471313
vn -0.8149414 -0.57958984 0.017471313
vn -0.81591797 -0.578125 0.017471313
vn -0.81591797 -0.578125 0.017471313
vn -0.003458023 -0.66845703 -0.74365234
vn -0.003458023 -0.66845703 -0.74365234
vn -0.003458023 -0.66845703 -0.74365234
vn -0.003458023 -0.66845703 -0.74365234
vn 0.81933594 -0.5732422 -0.0035648346
vn 0.81933594 -0.57373047 -0.0044822693
vn 0.81933594 -0.57373047 -0.0044822693
vn 0.81933594 -0.57373047 -0.0041046143
vn 0.81640625 -0.5776367 0.0027008057
vn 0.8076172 -0.58984375 0.00027036667
vn 0.7998047 -0.5996094 -0.018356323
vn 0.8076172 -0.58935547 -0.02281189
vn 0.8071289 -0.58984375 -0.023223877
vn 0.81640625 -0.57714844 -0.011138916
vn 0.81640625 -0.57714844 -0.01108551
vn 0.81640625 -0.57714844 -0.009300232
vn 0.81640625 -0.57714844 -0.009300232
vn 0.81591797 -0.578125 -0.014533997
vn 0.81591797 -0.578125 -0.014533997
vn 0.009811401 -0.67333984 0.7392578
vn 0.009811401 -0.67333984 0.7392578
vn 0.009811401 -0.67333984 0.7392578
vn 0.009811401 -0.67333984 0.7392578
vn 0.9399414 0.31103516 -0.14221191
vn 0.9399414 0.31103516 -0.14221191
vn 0.9399414 0.31103516 -0.14221191
vn 0.9399414 0.31103516 -0.14221191
vn 0.99902344 -0.0067253113 -0.041412354
vn 0.99902344 -0.0067253113 -0.041412354
vn 0.99902344 -0.0067253113 -0.041412354
vn 0.99853516 -0.027801514 -0.04144287
vn 0.9926758 0.10852051 -0.055664062
vn 0.9926758 0.10852051 -0.055664062
vn 0.9926758 0.10852051 -0.055664062
vn 0.9926758 0.10852051 -0.055664062
vn 0.99658203 0.078125 0.01977539
vn 0.99658203 0.078125 0.01977539
vn 0.99853516 0.051818848 0.018737793
vn 0.99658203 0.078125 0.01977539
vn 0.9951172 0.098083496 0.006893158
vn 0.97753906 0.053100586 -0.20275879
vn 0.97753906 0.053100586 -0.20275879
vn 0.97753906 0.053100586 -0.20275879
vn 0.97802734 0.05392456 -0.20227051
vn 0.99316406 -0.11468506 -0.009124756
vn 0.99316406 -0.11468506 -0.009124756
vn 0.99316406 -0.11468506 -0.009124756
vn 0.99316406 -0.114746094 -0.0065574646
vn 0.9897461 -0.12695312 -0.06530762
vn 0.9897461 -0.12695312 -0.06530762
vn 0.9897461 -0.12695312 -0.06530762
vn 0.9897461 -0.12695312 -0.06530762
vn 0.99072266 0.026855469 -0.13244629
vn 0.99072266 0.026855469 -0.13244629
vn 0.99072266 0.026855469 -0.13244629
vn 0.99072266 0.026855469 -0.13244629
vn 0.99072266 0.026855469 -0.13244629
vn 0.95166016 0.29833984 0.07354736
vn 0.95166016 0.29833984 0.07354736
vn 0.95166016 0.29833984 0.07354736
vn 0.95166016 0.29833984 0.07354736
vn 0.99658203 -0.08312988 0.015899658
vn 0.99658203 -0.08312988 0.015899658
vn 0.99658203 -0.08312988 0.015899658
vn 0.99658203 -0.08312988 0.015899658
vn 0.0418396 0.0024318695 0.99902344
vn 0.0418396 0.0024318695 0.99902344
vn 0.0418396 0.0024318695 0.99902344
vn 0.0418396 0.0024318695 0.99902344
vn 1 -2.7656555E-05 -0.00945282
vn 1 -2.7656555E-05 -0.00945282
vn 1 -2.7656555E-05 -0.00945282
vn 1 7.1525574E-07 -0.00944519
vn -0.0418396 2.3245811E-06 -0.99902344
vn -0.0418396 2.3245811E-06 -0.99902344
vn -0.0418396 2.3245811E-06 -0.99902344
vn -0.0418396 1.9073486E-06 -0.99902344
vn -1 -1.0728836E-06 0.00945282
vn -1 -1.0728836E-06 0.00945282
vn -1 -1.0728836E-06 0.00945282
vn -1 2.6881695E-05 0.00944519
vn 0.7055664 0.0017204285 0.7084961
vn 0.7055664 0.0017204285 0.7084961
vn 0.7055664 0.0017204285 0.7084961
vn 0.7055664 0.0017213821 0.7084961
vn 0.7084961 1.9073486E-06 -0.7055664
vn 0.7084961 1.9073486E-06 -0.7055664
vn 0.7084961 1.9073486E-06 -0.7055664
vn 0.7084961 2.1457672E-06 -0.7055664
vn -0.7055664 6.556511E-07 -0.7084961
vn -0.7055664 6.556511E-07 -0.7084961
vn -0.7055664 6.556511E-07 -0.7084961
vn -0.7055664 3.5762787E-07 -0.7084961
vn -0.030532837 -0.68359375 -0.7294922
vn -0.030532837 -0.68359375 -0.7294922
vn -0.030532837 -0.68359375 -0.7294922
vn -0.030548096 -0.68359375 -0.7294922
vn 0.72753906 -0.68603516 -0.0074310303
vn 0.72753906 -0.68603516 -0.0074310303
vn 0.72753906 -0.68603516 -0.0074310303
vn 0.7294922 -0.68359375 -0.0074920654
vn 0.0418396 0.0021476746 0.99902344
vn 0.0418396 0.0021476746 0.99902344
vn 0.0418396 0.0021476746 0.99902344
vn 0.0418396 0.0021476746 0.99902344
vn 0.9995117 -5.978346E-05 -0.025909424
vn 0.9995117 -5.978346E-05 -0.025909424
vn 0.9995117 -5.978346E-05 -0.025909424
vn 0.9995117 6.556511E-07 -0.025848389
vn -0.0418396 2.026558E-06 -0.99902344
vn -0.0418396 2.026558E-06 -0.99902344
vn -0.0418396 2.026558E-06 -0.99902344
vn -0.0418396 1.66893E-06 -0.99902344
vn -0.9995117 -9.536743E-07 0.025909424
vn -0.9995117 -9.536743E-07 0.025909424
vn -0.9995117 -9.536743E-07 0.025909424
vn -0.9995117 5.90086E-05 0.025848389
vn 0.7055664 0.0015192032 0.7084961
vn 0.7055664 0.0015192032 0.7084961
vn 0.7055664 0.0015192032 0.7084961
vn 0.7055664 0.0015201569 0.7084961
vn 0.7084961 1.66893E-06 -0.7055664
vn 0.7084961 1.66893E-06 -0.7055664
vn 0.7084961 1.66893E-06 -0.7055664
vn 0.7084961 1.9073486E-06 -0.7055664
vn -0.7055664 5.364418E-07 -0.7084961
vn -0.7055664 5.364418E-07 -0.7084961
vn -0.7055664 5.364418E-07 -0.7084961
vn -0.7055664 2.9802322E-07 -0.7084961
vn -0.027801514 -0.7470703 -0.6640625
vn -0.027801514 -0.7470703 -0.6640625
vn -0.027801514 -0.7470703 -0.6640625
vn -0.027801514 -0.7470703 -0.6640625
vn 0.0418396 0.0045661926 0.99902344
vn 0.0418396 0.0045661926 0.99902344
vn 0.0418396 0.0045661926 0.99902344
vn 0.0418396 0.0045661926 0.99902344
vn 0.9995117 -0.00012660027 -0.025909424
vn 0.9995117 -0.00012660027 -0.025909424
vn 0.9995117 -0.00012660027 -0.025909424
vn 0.9995117 1.7285347E-06 -0.025848389
vn -0.0418396 3.2782555E-06 -0.99902344
vn -0.0418396 3.2782555E-06 -0.99902344
vn -0.0418396 3.2782555E-06 -0.99902344
vn -0.0418396 2.861023E-06 -0.99902344
vn -0.9995117 -1.7285347E-06 0.025909424
vn -0.9995117 -1.7285347E-06 0.025909424
vn -0.9995117 -1.7285347E-06 0.025909424
vn -0.9995117 0.00012552738 0.025848389
vn 0.7055664 0.0032310486 0.7084961
vn 0.7055664 0.0032310486 0.7084961
vn 0.7055664 0.0032310486 0.7084961
vn 0.7055664 0.003232956 0.7084961
vn 0.7084961 2.9206276E-06 -0.7055664
vn 0.7084961 2.9206276E-06 -0.7055664
vn 0.7084961 2.9206276E-06 -0.7055664
vn 0.7084961 3.516674E-06 -0.7055664
vn -0.7055664 8.940697E-07 -0.7084961
vn -0.7055664 8.940697E-07 -0.7084961
vn -0.7055664 8.940697E-07 -0.7084961
vn -0.7055664 2.9802322E-07 -0.7084961
vn -0.031173706 -0.6669922 -0.7446289
vn -0.031173706 -0.6669922 -0.7446289
vn -0.031173706 -0.6669922 -0.7446289
vn -0.031173706 -0.6669922 -0.7446289
vn 0.7602539 -0.6489258 -0.022033691
vn 0.7602539 -0.6489258 -0.022033691
vn 0.7602539 -0.6489258 -0.022033691
vn 0.7446289 -0.6669922 -0.020858765
vn 0.0418396 0.0021457672 0.99902344
vn 0.0418396 0.0021457672 0.99902344
vn 0.0418396 0.0021457672 0.99902344
vn 0.0418396 0.0021457672 0.99902344
vn 1 -4.7385693E-05 -0.020141602
vn 1 -4.7385693E-05 -0.020141602
vn 1 -4.7385693E-05 -0.020141602
vn 1 6.556511E-07 -0.020111084
vn -0.0418396 1.7881393E-06 -0.99902344
vn -0.0418396 1.7881393E-06 -0.99902344
vn -0.0418396 1.7881393E-06 -0.99902344
vn -0.0418396 1.4901161E-06 -0.99902344
vn -1 -9.536743E-07 0.020141602
vn -1 -9.536743E-07 0.020141602
vn -1 -9.536743E-07 0.020141602
vn -1 4.6670437E-05 0.020111084
vn 0.7055664 0.0015192032 0.7084961
vn 0.7055664 0.0015192032 0.7084961
vn 0.7055664 0.0015192032 0.7084961
vn 0.7055664 0.0015192032 0.7084961
vn 0.7084961 1.4901161E-06 -0.7055664
vn 0.7084961 1.4901161E-06 -0.7055664
vn 0.7084961 1.4901161E-06 -0.7055664
vn 0.7084961 1.7285347E-06 -0.7055664
vn -0.7055664 4.172325E-07 -0.7084961
vn -0.7055664 4.172325E-07 -0.7084961
vn -0.7055664 4.172325E-07 -0.7084961
vn -0.7055664 1.7881393E-07 -0.7084961
vn -0.03149414 -0.65771484 -0.7524414
vn -0.03149414 -0.65771484 -0.7524414
vn -0.03149414 -0.65771484 -0.7524414
vn -0.03152466 -0.65771484 -0.7524414
vn 0.7607422 -0.6489258 -0.016815186
vn 0.7607422 -0.6489258 -0.016815186
vn 0.7607422 -0.6489258 -0.016815186
vn 0.7529297 -0.6582031 -0.01637268
vn -0.7763672 -0.19128418 0.60058594
vn -0.7714844 -0.21643066 0.5986328
vn -0.78222656 0.0008735657 0.6230469
vn -0.79296875 0.0016565323 0.609375
vn -0.7705078 7.5638294E-05 0.63720703
vn -0.7714844 0.000102460384 0.63623047
vn -0.7705078 6.198883E-05 0.63720703
vn -0.004096985 -1 0.0038757324
vn -0.004096985 -1 0.0038757324
vn -0.004096985 -1 0.0038757324
vn 0.00010341406 -1 0.004360199
vn -0 -1 -1.0728836E-06
vn -0 -1 -1.0728836E-06
vn -0 -1 -1.0728836E-06
vn -0 -1 -1.0728836E-06
vn -0 -1 -8.940697E-07
vn -0 -1 -8.940697E-07
vn -0 -1 -8.940697E-07
vn -0 -1 -8.940697E-07
vn -0 -1 -1.9669533E-06
vn -0 -1 -1.9669533E-06
vn -0 -1 -1.9669533E-06
vn -0 -1 -1.9669533E-06
vn -0 -1 -7.1525574E-07
vn -0 -1 -7.1525574E-07
vn -0 -1 -7.1525574E-07
vn -0 -1 -7.1525574E-07
vn -1.3709068E-06 -1 -1.7285347E-06
vn -1.3709068E-06 -1 -1.7285347E-06
vn -1.3709068E-06 -1 -1.7285347E-06
vn -0 -1 -1.1324883E-06
vn -0.008155823 -1 0.009460449
vn -0.008155823 -1 0.009460449
vn -0.008155823 -1 0.009460449
vn 0.00019109249 -1 0.010787964
vn -0.007949829 -1 0.009063721
vn -0.007949829 -1 0.009063721
vn -0.007949829 -1 0.009063721
vn 0.0001783371 -1 0.0103302
vn -0.0033073425 -1 0.004043579
vn -0.0033073425 -1 0.004043579
vn -0.0033073425 -1 0.004043579
vn -8.505583E-05 -1 0.004611969
vn -0.007904053 -1 0.011581421
vn -0.007904053 -1 0.011581421
vn -0.007904053 -1 0.011581421
vn 0.00022733212 -1 0.013206482
vn -0.018676758 -0.9995117 0.026168823
vn -0.018676758 -0.9995117 0.026168823
vn -0.018676758 -0.9995117 0.026168823
vn 0.0012378693 -0.9995117 0.02949524
vn -0.004096985 -1 0.0038757324
vn -0.004096985 -1 0.0038757324
vn -0.004096985 -1 0.0038757324
vn 0.00010341406 -1 0.004360199
vn -0 -1 -1.66893E-06
vn -0 -1 -1.66893E-06
vn -0 -1 -1.66893E-06
vn -0 -1 -1.66893E-06
vn 1.7881393E-07 -1 -1.3113022E-06
vn 1.7881393E-07 -1 -1.3113022E-06
vn 3.5762787E-07 -1 -8.881092E-06
vn 3.5762787E-07 -1 -8.881092E-06
vn 0.0044136047 -1 0.0057754517
vn 0.0068473816 -1 0.0073280334
vn 0.006023407 -1 0.007648468
vn 0.0073127747 -1 0.009147644
vn 0.0076560974 -1 0.008239746
vn 0.0064201355 -1 0.017623901
vn 0.005783081 -1 0.014587402
vn 0.0045814514 -0.9995117 0.025741577
vn 0.0048217773 -1 0.02015686
vn 0.004146576 -1 0.019622803
vn 0.0038051605 -1 0.018814087
vn 0.0036010742 -1 0.019546509
vn -0.019805908 -1 -0.0006313324
vn -0.019805908 -1 -0.0006313324
vn -0.019805908 -1 -0.0006313324
vn 2.7120113E-05 -1 0.0005812645
vn -0.020019531 -1 -0.0058898926
vn -0.020019531 -1 -0.0058898926
vn -0.020019531 -1 -0.0058898926
vn -0.00010496378 -1 -0.0025730133
vn -0.01991272 -1 -0.0031261444
vn -0.01991272 -1 -0.0031261444
vn -0.01991272 -1 -0.0031261444
vn 1.1503696E-05 -1 0.00019192696
vn -0.019866943 -1 -0.001950264
vn -0.019866943 -1 -0.001950264
vn -0.019866943 -1 -0.001950264
vn 2.9206276E-05 -1 0.00063085556
vn -0.37451172 0.8491211 0.37280273
vn -0.37451172 0.8491211 0.37280273
vn -0.37451172 0.8491211 0.37280273
vn 0.3647461 0.85595703 0.36645508
vn 0.3647461 0.85595703 0.36645508
vn 0.3647461 0.85595703 0.36645508
vn -0.41577148 0.80810547 -0.4177246
vn -0.41577148 0.80810547 -0.4177246
vn -0.41577148 0.80810547 -0.4177246
vn 0.4272461 0.79785156 -0.42504883
vn 0.4272461 0.79785156 -0.42504883
vn 0.4272461 0.79785156 -0.42504883
vn -0.44702148 0.7915039 0.41674805
vn -0.44702148 0.7915039 0.41674805
vn -0.44702148 0.7915039 0.41674805
vn 0.41674805 0.7915039 0.44702148
vn 0.41674805 0.7915039 0.44702148
vn 0.41674805 0.7915039 0.44702148
vn -0.41674805 0.7915039 -0.44702148
vn -0.41674805 0.7915039 -0.44702148
vn -0.41674805 0.7915039 -0.44702148
vn 0.44702148 0.7915039 -0.41674805
vn 0.44702148 0.7915039 -0.41674805
vn 0.44702148 0.7915039 -0.41674805
vn -0.42285156 0.78759766 0.44848633
vn -0.42285156 0.78759766 0.44848633
vn -0.42285156 0.78759766 0.44848633
vn 0.45410156 0.78125 0.4284668
vn 0.45410156 0.78125 0.4284668
vn 0.45410156 0.78125 0.4284668
vn -0.4543457 0.78125 -0.4284668
vn -0.4543457 0.78125 -0.4284668
vn -0.4543457 0.78125 -0.4284668
vn 0.42285156 0.78759766 -0.44848633
vn 0.42285156 0.78759766 -0.44848633
vn 0.42285156 0.78759766 -0.44848633
vn 0.36401367 0.859375 0.35961914
vn 0.36401367 0.859375 0.35961914
vn 0.36401367 0.859375 0.35961914
vn -0.6254883 0.47631836 -0.61816406
vn -0.6254883 0.47631836 -0.61816406
vn -0.6254883 0.47631836 -0.61816406
vn 0.47558594 0.7363281 -0.48120117
vn 0.47558594 0.7363281 -0.48120117
vn 0.47558594 0.7363281 -0.48120117
vn -0.6503906 0.37963867 0.6582031
vn -0.6503906 0.37963867 0.6582031
vn -0.6503906 0.37963867 0.6582031
vn -0.0047912598 0.8701172 0.49267578
vn -0.0047912598 0.8701172 0.49267578
vn -0.0047912598 0.8701172 0.49267578
vn 0.64697266 0.7626953 -0.0028800964
vn 0.64697266 0.7626953 -0.0028800964
vn 0.64697266 0.7626953 -0.0028800964
vn 0.59472656 0.80371094 -0.0013561249
vn 0.59472656 0.80371094 -0.0013561249
vn 0.59472656 0.80371094 -0.0013561249
vn -0.002943039 0.60839844 -0.7939453
vn -0.002943039 0.60839844 -0.7939453
vn -0.002943039 0.60839844 -0.7939453
vn 0.0062332153 0.7441406 -0.66796875
vn 0.0062332153 0.7441406 -0.66796875
vn 0.0062332153 0.7441406 -0.66796875
vn -0.7939453 0.60839844 0.007045746
vn -0.7939453 0.60839844 0.007045746
vn -0.7939453 0.60839844 0.007045746
vn 0.0035591125 0.27954102 0.95996094
vn 0.0035591125 0.27954102 0.95996094
vn 0.0035591125 0.27954102 0.95996094
vn -0.48583984 0.46313477 0.74121094
vn -0.48583984 0.46313477 0.74121094
vn -0.48583984 0.46313477 0.74121094
vn -0.95996094 0.27954102 0.0042762756
vn -0.95996094 0.27954102 0.0042762756
vn -0.95996094 0.27954102 0.0042762756
vn -0.31079102 0.8232422 0.4753418
vn -0.31079102 0.8232422 0.4753418
vn -0.31079102 0.8232422 0.4753418
vn -0.009979248 0.83935547 0.54345703
vn -0.009979248 0.83935547 0.54345703
vn -0.009979248 0.83935547 0.54345703
vn -0.017684937 0.46972656 0.8828125
vn -0.017684937 0.46972656 0.8828125
vn -0.017684937 0.46972656 0.8828125
vn -0.91748047 0.39794922 0.008308411
vn -0.91748047 0.39794922 0.008308411
vn -0.91748047 0.39794922 0.008308411
vn 0.46044922 0.7583008 0.46166992
vn 0.46044922 0.7583008 0.46166992
vn 0.46044922 0.7583008 0.46166992
vn -0.45996094 0.75878906 -0.4609375
vn -0.45996094 0.75878906 -0.4609375
vn -0.45996094 0.75878906 -0.4609375
vn 0.47314453 0.7441406 -0.47192383
vn 0.47314453 0.7441406 -0.47192383
vn 0.47314453 0.7441406 -0.47192383
vn -0.68603516 0.24633789 0.6845703
vn -0.68603516 0.24633789 0.6845703
vn -0.68603516 0.24633789 0.6845703
vn -0.7944336 0.35253906 0.49438477
vn -0.7944336 0.35253906 0.49438477
vn -0.7944336 0.35253906 0.49438477
vn -0.9423828 0.33422852 -0.005428314
vn -0.9423828 0.33422852 -0.005428314
vn -0.9423828 0.33422852 -0.005428314
vn -0.9741211 0.22558594 -0.0042762756
vn -0.9741211 0.22558594 -0.0042762756
vn -0.9741211 0.22558594 -0.0042762756
vn -0.56103516 0.7504883 0.3491211
vn -0.56103516 0.7504883 0.3491211
vn -0.56103516 0.7504883 0.3491211
vn -0.25805664 0.92871094 0.26708984
vn -0.25805664 0.92871094 0.26708984
vn -0.25805664 0.92871094 0.26708984
vn 0.2705078 0.9267578 0.2614746
vn 0.2705078 0.9267578 0.2614746
vn 0.2705078 0.9267578 0.2614746
vn -0.2705078 0.9267578 -0.2614746
vn -0.2705078 0.9267578 -0.2614746
vn -0.2705078 0.9267578 -0.2614746
vn 0.25805664 0.92822266 -0.26708984
vn 0.25805664 0.92822266 -0.26708984
vn 0.25805664 0.92822266 -0.26708984
vn -0.37451172 0.8491211 0.37280273
vn -0.37451172 0.8491211 0.37280273
vn -0.37451172 0.8491211 0.37280273
vn 0.36499023 0.85595703 0.36645508
vn 0.36499023 0.85595703 0.36645508
vn 0.36499023 0.85595703 0.36645508
vn -0.41577148 0.80810547 -0.4177246
vn -0.41577148 0.80810547 -0.4177246
vn -0.41577148 0.80810547 -0.4177246
vn 0.4272461 0.79785156 -0.42529297
vn 0.4272461 0.79785156 -0.42529297
vn 0.4272461 0.79785156 -0.42529297
vn -0.37451172 0.8491211 0.37280273
vn -0.37451172 0.8491211 0.37280273
vn -0.37451172 0.8491211 0.37280273
vn 0.36499023 0.85595703 0.36645508
vn 0.36499023 0.85595703 0.36645508
vn 0.36499023 0.85595703 0.36645508
vn -0.41577148 0.80810547 -0.4177246
vn -0.41577148 0.80810547 -0.4177246
vn -0.41577148 0.80810547 -0.4177246
vn 0.4272461 0.79785156 -0.42529297
vn 0.4272461 0.79785156 -0.42529297
vn 0.4272461 0.79785156 -0.42529297
vn -0.3852539 0.8491211 0.36157227
vn -0.3852539 0.8491211 0.36157227
vn -0.3852539 0.8491211 0.36157227
vn 0.3540039 0.85595703 0.37719727
vn 0.3540039 0.85595703 0.37719727
vn 0.3540039 0.85595703 0.37719727
vn -0.4033203 0.80810547 -0.4296875
vn -0.4033203 0.80810547 -0.4296875
vn -0.4033203 0.80810547 -0.4296875
vn 0.43945312 0.79785156 -0.41235352
vn 0.43945312 0.79785156 -0.41235352
vn 0.43945312 0.79785156 -0.41235352
vn -0.37451172 0.8491211 0.37280273
vn -0.37451172 0.8491211 0.37280273
vn -0.37451172 0.8491211 0.37280273
vn 0.3647461 0.85595703 0.36645508
vn 0.3647461 0.85595703 0.36645508
vn 0.3647461 0.85595703 0.36645508
vn -0.41577148 0.80810547 -0.4177246
vn -0.41577148 0.80810547 -0.4177246
vn -0.41577148 0.80810547 -0.4177246
vn 0.42700195 0.79785156 -0.42529297
vn 0.42700195 0.79785156 -0.42529297
vn 0.42700195 0.79785156 -0.42529297
vn -0.37451172 0.8491211 0.37280273
vn -0.37451172 0.8491211 0.37280273
vn -0.37451172 0.8491211 0.37280273
vn 0.3647461 0.85595703 0.36645508
vn 0.3647461 0.85595703 0.36645508
vn 0.3647461 0.85595703 0.36645508
vn -0.41577148 0.80810547 -0.4177246
vn -0.41577148 0.80810547 -0.4177246
vn -0.41577148 0.80810547 -0.4177246
vn 0.4272461 0.79785156 -0.42504883
vn 0.4272461 0.79785156 -0.42504883
vn 0.4272461 0.79785156 -0.42504883
vn -0.37451172 0.8491211 0.37280273
vn -0.37451172 0.8491211 0.37280273
vn -0.37451172 0.8491211 0.37280273
vn 0.3647461 0.85595703 0.36645508
vn 0.3647461 0.85595703 0.36645508
vn 0.3647461 0.85595703 0.36645508
vn -0.41577148 0.80810547 -0.4177246
vn -0.41577148 0.80810547 -0.4177246
vn -0.41577148 0.80810547 -0.4177246
vn 0.4272461 0.79785156 -0.42504883
vn 0.4272461 0.79785156 -0.42504883
vn 0.4272461 0.79785156 -0.42504883
vn -0.60058594 0.4584961 0.65527344
vn -0.60058594 0.4584961 0.65527344
vn -0.60058594 0.4584961 0.65527344
vn 0.59765625 0.45825195 0.65771484
vn 0.59765625 0.45825195 0.65771484
vn 0.59765625 0.45825195 0.65771484
vn -0.59765625 0.45825195 -0.65771484
vn -0.59765625 0.45825195 -0.65771484
vn -0.59765625 0.45825195 -0.65771484
vn 0.60058594 0.45825195 -0.65527344
vn 0.60058594 0.45825195 -0.65527344
vn 0.60058594 0.45825195 -0.65527344
vn 0.5566406 0.8076172 0.19433594
vn 0.70458984 0.6665039 0.24365234
vn 0.6401367 0.58154297 0.5019531
vn -0.56884766 0.7963867 -0.20605469
vn -0.7314453 0.63378906 -0.25219727
vn -0.59472656 0.61572266 -0.51708984
vn -0.37451172 0.8491211 0.37280273
vn -0.37451172 0.8491211 0.37280273
vn -0.37451172 0.8491211 0.37280273
vn 0.3647461 0.85595703 0.36645508
vn 0.3647461 0.85595703 0.36645508
vn 0.3647461 0.85595703 0.36645508
vn -0.41577148 0.80810547 -0.4177246
vn -0.41577148 0.80810547 -0.4177246
vn -0.41577148 0.80810547 -0.4177246
vn 0.4272461 0.79785156 -0.42504883
vn 0.4272461 0.79785156 -0.42504883
vn 0.4272461 0.79785156 -0.42504883
vn -0.37451172 0.8491211 0.37280273
vn -0.37451172 0.8491211 0.37280273
vn -0.37451172 0.8491211 0.37280273
vn 0.3647461 0.85595703 0.36645508
vn 0.3647461 0.85595703 0.36645508
vn 0.3647461 0.85595703 0.36645508
vn -0.41577148 0.80810547 -0.4177246
vn -0.41577148 0.80810547 -0.4177246
vn -0.41577148 0.80810547 -0.4177246
vn 0.42700195 0.79785156 -0.42504883
vn 0.42700195 0.79785156 -0.42504883
vn 0.42700195 0.79785156 -0.42504883
vn -0.37451172 0.8491211 0.37280273
vn -0.37451172 0.8491211 0.37280273
vn -0.37451172 0.8491211 0.37280273
vn 0.36499023 0.85595703 0.36645508
vn 0.36499023 0.85595703 0.36645508
vn 0.36499023 0.85595703 0.36645508
vn -0.41577148 0.80810547 -0.4177246
vn -0.41577148 0.80810547 -0.4177246
vn -0.41577148 0.80810547 -0.4177246
vn 0.42700195 0.79785156 -0.42504883
vn 0.42700195 0.79785156 -0.42504883
vn 0.42700195 0.79785156 -0.42504883
vn -0.37451172 0.8491211 0.37280273
vn -0.37451172 0.8491211 0.37280273
vn -0.37451172 0.8491211 0.37280273
vn 0.3647461 0.85595703 0.36645508
vn 0.3647461 0.85595703 0.36645508
vn 0.3647461 0.85595703 0.36645508
vn -0.41577148 0.80810547 -0.4177246
vn -0.41577148 0.80810547 -0.4177246
vn -0.41577148 0.80810547 -0.4177246
vn 0.42700195 0.79785156 -0.42504883
vn 0.42700195 0.79785156 -0.42504883
vn 0.42700195 0.79785156 -0.42504883
vn -0.63720703 0.43725586 0.63427734
vn -0.63720703 0.43725586 0.63427734
vn -0.63720703 0.43725586 0.63427734
vn -0.63720703 0.43725586 0.63427734
vn 0.63427734 0.43725586 0.63720703
vn 0.63427734 0.43725586 0.63720703
vn 0.63427734 0.43725586 0.63720703
vn 0.63427734 0.4375 0.63720703
vn -0.63427734 0.43725586 -0.63720703
vn -0.63427734 0.43725586 -0.63720703
vn -0.63427734 0.43725586 -0.63720703
vn -0.63427734 0.43725586 -0.63720703
vn 0.63720703 0.43725586 -0.63427734
vn 0.63720703 0.43725586 -0.63427734
vn 0.63720703 0.43725586 -0.63427734
vn 0.63720703 0.43725586 -0.63427734
vn 0.010826111 0.88964844 0.45654297
vn 0.010826111 0.88964844 0.45654297
vn 0.010826111 0.88964844 0.45654297
vn 0.010551453 0.8911133 0.45410156
vn 0.6430664 0.765625 -0.0060768127
vn 0.6430664 0.765625 -0.0060768127
vn 0.6430664 0.765625 -0.0060768127
vn 0.6191406 0.78564453 -0.005622864
vn -0.012863159 0.83984375 -0.54248047
vn -0.012863159 0.83984375 -0.54248047
vn -0.012863159 0.83984375 -0.54248047
vn -0.012527466 0.84228516 -0.5390625
vn -0.64160156 0.76708984 0.0060653687
vn -0.64160156 0.76708984 0.0060653687
vn -0.64160156 0.76708984 0.0060653687
vn -0.6176758 0.7861328 0.0056152344
vn 0.01953125 0.56640625 0.82373047
vn 0.01953125 0.56640625 0.82373047
vn 0.01953125 0.56640625 0.82373047
vn 0.01953125 0.56640625 0.82373047
vn 0.82373047 0.56640625 -0.007785797
vn 0.82373047 0.56640625 -0.007785797
vn 0.82373047 0.56640625 -0.007785797
vn 0.82373047 0.56640625 -0.007785797
vn -0.019546509 0.56640625 -0.82373047
vn -0.019546509 0.56640625 -0.82373047
vn -0.019546509 0.56640625 -0.82373047
vn -0.019546509 0.56640625 -0.82373047
vn -0.82373047 0.56640625 0.007789612
vn -0.82373047 0.56640625 0.007789612
vn -0.82373047 0.56640625 0.007789612
vn -0.82373047 0.56640625 0.007789612
vn -0.7138672 0.21606445 0.6660156
vn -0.7138672 0.21606445 0.6660156
vn -0.7138672 0.21606445 0.6660156
vn -0.7138672 0.21606445 0.6660156
vn 0.6660156 0.21606445 0.7138672
vn 0.6660156 0.21606445 0.7138672
vn 0.6660156 0.21606445 0.7138672
vn 0.6660156 0.21606445 0.7138672
vn -0.6660156 0.21606445 -0.7138672
vn -0.6660156 0.21606445 -0.7138672
vn -0.6660156 0.21606445 -0.7138672
vn -0.6660156 0.21606445 -0.7138672
vn 0.7138672 0.21606445 -0.6660156
vn 0.7138672 0.21606445 -0.6660156
vn 0.7138672 0.21606445 -0.6660156
vn 0.7138672 0.21606445 -0.6660156
vn -0.01776123 0.8779297 0.47875977
vn -0.01776123 0.8779297 0.47875977
vn -0.01776123 0.8779297 0.47875977
vn -0.01776123 0.8779297 0.47875977
vn 0.4777832 0.8774414 0.044433594
vn 0.4777832 0.8774414 0.044433594
vn 0.4777832 0.8774414 0.044433594
vn 0.4777832 0.8774414 0.044433594
vn 0.01776123 0.8779297 -0.47875977
vn 0.01776123 0.8779297 -0.47875977
vn 0.01776123 0.8779297 -0.47875977
vn 0.01776123 0.8779297 -0.47875977
vn -0.4777832 0.8774414 -0.044433594
vn -0.4777832 0.8774414 -0.044433594
vn -0.4777832 0.8774414 -0.044433594
vn -0.4777832 0.8774414 -0.044433594
vn -0.035369873 0.29858398 0.9536133
vn -0.035369873 0.29858398 0.9536133
vn -0.035369873 0.29858398 0.9536133
vn -0.035369873 0.29858398 0.9536133
vn 0.9501953 0.2980957 0.088378906
vn 0.9501953 0.2980957 0.088378906
vn 0.9501953 0.2980957 0.088378906
vn 0.9501953 0.2980957 0.088378906
vn 0.035369873 0.29858398 -0.9536133
vn 0.035369873 0.29858398 -0.9536133
vn 0.035369873 0.29858398 -0.9536133
vn 0.035369873 0.29858398 -0.9536133
vn -0.9501953 0.2980957 -0.088378906
vn -0.9501953 0.2980957 -0.088378906
vn -0.9501953 0.2980957 -0.088378906
vn -0.9501953 0.2980957 -0.088378906
vn -0.6748047 0.18249512 0.71533203
vn -0.6748047 0.18249512 0.71533203
vn -0.6748047 0.18249512 0.71533203
vn -0.6748047 0.18261719 0.71533203
vn 0.71533203 0.18249512 0.6743164
vn 0.71533203 0.18249512 0.6743164
vn 0.71533203 0.18249512 0.6743164
vn 0.71533203 0.18261719 0.6748047
vn -0.71533203 0.18261719 -0.6748047
vn -0.71533203 0.18261719 -0.6748047
vn -0.71533203 0.18261719 -0.6748047
vn -0.71533203 0.18261719 -0.6748047
vn 0.6748047 0.18261719 -0.71533203
vn 0.6748047 0.18261719 -0.71533203
vn 0.6748047 0.18261719 -0.71533203
vn 0.6748047 0.18261719 -0.71533203
vn 0.01638794 0.79589844 0.60498047
vn 0.01638794 0.79589844 0.60498047
vn 0.01638794 0.79589844 0.60498047
vn 0.01638794 0.79589844 0.60498047
vn 0.6855469 0.72802734 -0.0014677048
vn 0.6855469 0.72802734 -0.0014677048
vn 0.6855469 0.72802734 -0.0014677048
vn 0.6855469 0.72802734 -0.0014667511
vn -0.01638794 0.79589844 -0.60498047
vn -0.01638794 0.79589844 -0.60498047
vn -0.01638794 0.79589844 -0.60498047
vn -0.01638794 0.79589844 -0.60498047
vn -0.6855469 0.72802734 0.0014705658
vn -0.6855469 0.72802734 0.0014705658
vn -0.6855469 0.72802734 0.0014705658
vn -0.6855469 0.72802734 0.0014705658
vn 0.026184082 0.25390625 0.9667969
vn 0.026184082 0.25390625 0.9667969
vn 0.026184082 0.25390625 0.9667969
vn 0.026184082 0.25390625 0.9667969
vn 0.96728516 0.25390625 -0.0020694733
vn 0.96728516 0.25390625 -0.0020694733
vn 0.96728516 0.25390625 -0.0020694733
vn 0.96728516 0.25390625 -0.002073288
vn -0.026184082 0.25390625 -0.9667969
vn -0.026184082 0.25390625 -0.9667969
vn -0.026184082 0.25390625 -0.9667969
vn -0.026184082 0.25390625 -0.9667969
vn -0.96728516 0.25390625 0.002073288
vn -0.96728516 0.25390625 0.002073288
vn -0.96728516 0.25390625 0.002073288
vn -0.96728516 0.25390625 0.002073288
vn 0.69677734 0.20178223 0.68847656
vn 0.69677734 0.20178223 0.68847656
vn 0.69677734 0.20178223 0.68847656
vn 0.69677734 0.20178223 0.68847656
vn -0.69677734 0.20166016 -0.68847656
vn -0.69677734 0.20166016 -0.68847656
vn -0.69677734 0.20166016 -0.68847656
vn -0.69677734 0.20178223 -0.68847656
vn 0.68847656 0.20178223 -0.69677734
vn 0.68847656 0.20178223 -0.69677734
vn 0.68847656 0.20178223 -0.69677734
vn 0.68847656 0.20178223 -0.69677734
vn 0.95996094 0.27978516 -0.004272461
vn 0.95996094 0.27978516 -0.004272461
vn 0.95996094 0.27978516 -0.004272461
vn 0.95996094 0.27954102 -0.0042762756
vn -0.00356102 0.27954102 -0.95996094
vn -0.00356102 0.27954102 -0.95996094
vn -0.00356102 0.27954102 -0.95996094
vn -0.0035591125 0.27978516 -0.95996094
vn 0.69677734 0.1616211 0.69873047
vn 0.69677734 0.1616211 0.69873047
vn 0.69677734 0.1616211 0.69873047
vn 0.69677734 0.1616211 0.69873047
vn -0.69677734 0.1616211 -0.69873047
vn -0.69677734 0.1616211 -0.69873047
vn -0.69677734 0.1616211 -0.69873047
vn -0.69677734 0.1616211 -0.69873047
vn 0.69873047 0.1616211 -0.69677734
vn 0.69873047 0.1616211 -0.69677734
vn 0.69873047 0.1616211 -0.69677734
vn 0.69873047 0.1616211 -0.69677734
vn -0.0027694702 0.7817383 0.62353516
vn -0.0027694702 0.7817383 0.62353516
vn -0.0027694702 0.7817383 0.62353516
vn -0.0071754456 0.8100586 0.5864258
vn 0.7636719 0.6459961 0.004398346
vn 0.7636719 0.6459961 0.004398346
vn 0.7636719 0.6459961 0.004398346
vn 0.7495117 0.6621094 0.0044670105
vn 0.0022277832 0.77246094 -0.6347656
vn 0.0022277832 0.77246094 -0.6347656
vn 0.0022277832 0.77246094 -0.6347656
vn 0.0022258759 0.77246094 -0.6347656
vn -0.0034179688 0.22558594 0.9741211
vn -0.0034179688 0.22558594 0.9741211
vn -0.0034179688 0.22558594 0.9741211
vn -0.0043182373 0.23254395 0.97265625
vn 0.9741211 0.22558594 0.0056114197
vn 0.9741211 0.22558594 0.0056114197
vn 0.9741211 0.22558594 0.0056114197
vn 0.9741211 0.22558594 0.0056114197
vn 0.0034179688 0.22558594 -0.9741211
vn 0.0034179688 0.22558594 -0.9741211
vn 0.0034179688 0.22558594 -0.9741211
vn 0.0034179688 0.22558594 -0.9741211
vn -0.7246094 0.68896484 -0.0030784607
vn -0.7246094 0.68896484 -0.0030784607
vn -0.7246094 0.68896484 -0.0030784607
vn -0.7246094 0.68896484 -0.0030784607
vn -0.6821289 0.19177246 0.7055664
vn -0.6821289 0.19177246 0.7055664
vn -0.6821289 0.19177246 0.7055664
vn -0.6821289 0.19177246 0.7055664
vn 0.7055664 0.19177246 0.6821289
vn 0.7055664 0.19177246 0.6821289
vn 0.7055664 0.19177246 0.6821289
vn 0.7055664 0.19189453 0.6821289
vn -0.7055664 0.19177246 -0.6821289
vn -0.7055664 0.19177246 -0.6821289
vn -0.7055664 0.19177246 -0.6821289
vn -0.7055664 0.19189453 -0.6821289
vn 0.6821289 0.19177246 -0.7055664
vn 0.6821289 0.19177246 -0.7055664
vn 0.6821289 0.19177246 -0.7055664
vn 0.6821289 0.19177246 -0.7055664
vn 0.00504303 0.9399414 0.3413086
vn 0.00504303 0.9399414 0.3413086
vn 0.00504303 0.9399414 0.3413086
vn 0.00504303 0.9399414 0.3413086
vn 0.5078125 0.8613281 -0.0009860992
vn 0.5078125 0.8613281 -0.0009860992
vn 0.5078125 0.8613281 -0.0009860992
vn 0.5078125 0.8613281 -0.0009832382
vn -0.00504303 0.9399414 -0.3413086
vn -0.00504303 0.9399414 -0.3413086
vn -0.00504303 0.9399414 -0.3413086
vn -0.00504303 0.9399414 -0.3413086
vn -0.5078125 0.8613281 0.0009870529
vn -0.5078125 0.8613281 0.0009870529
vn -0.5078125 0.8613281 0.0009870529
vn -0.5078125 0.8613281 0.0009880066
vn 0.01424408 0.26635742 0.9638672
vn 0.01424408 0.26635742 0.9638672
vn 0.01424408 0.26635742 0.9638672
vn 0.01424408 0.26635742 0.9638672
vn 0.9638672 0.26635742 -0.0018701553
vn 0.9638672 0.26635742 -0.0018701553
vn 0.9638672 0.26635742 -0.0018701553
vn 0.9638672 0.26635742 -0.0018720627
vn -0.01424408 0.26635742 -0.9638672
vn -0.01424408 0.26635742 -0.9638672
vn -0.01424408 0.26635742 -0.9638672
vn -0.01424408 0.26635742 -0.9638672
vn -0.9638672 0.26635742 0.001871109
vn -0.9638672 0.26635742 0.001871109
vn -0.9638672 0.26635742 0.001871109
vn -0.9638672 0.26635742 0.0018720627
vn -0.63720703 0.43725586 0.63427734
vn -0.63720703 0.43725586 0.63427734
vn -0.63720703 0.43725586 0.63427734
vn -0.63720703 0.43725586 0.63427734
vn 0.63427734 0.43725586 0.63720703
vn 0.63427734 0.43725586 0.63720703
vn 0.63427734 0.43725586 0.63720703
vn 0.63427734 0.4375 0.63720703
vn -0.63427734 0.43725586 -0.63720703
vn -0.63427734 0.43725586 -0.63720703
vn -0.63427734 0.43725586 -0.63720703
vn -0.63427734 0.43725586 -0.63720703
vn 0.63720703 0.43725586 -0.63427734
vn 0.63720703 0.43725586 -0.63427734
vn 0.63720703 0.43725586 -0.63427734
vn 0.63720703 0.43725586 -0.63427734
vn 0.008041382 0.88964844 0.4567871
vn 0.008041382 0.88964844 0.4567871
vn 0.008041382 0.88964844 0.4567871
vn 0.0077705383 0.8911133 0.45361328
vn 0.6430664 0.765625 -0.0060768127
vn 0.6430664 0.765625 -0.0060768127
vn 0.6430664 0.765625 -0.0060768127
vn 0.6191406 0.78564453 -0.005622864
vn -0.009559631 0.83984375 -0.54296875
vn -0.009559631 0.83984375 -0.54296875
vn -0.009559631 0.83984375 -0.54296875
vn -0.009231567 0.84228516 -0.5390625
vn -0.64160156 0.76708984 0.0060653687
vn -0.64160156 0.76708984 0.0060653687
vn -0.64160156 0.76708984 0.0060653687
vn -0.6176758 0.7861328 0.0056152344
vn 0.014503479 0.56640625 0.82373047
vn 0.014503479 0.56640625 0.82373047
vn 0.014503479 0.56640625 0.82373047
vn 0.014503479 0.56640625 0.82373047
vn 0.82373047 0.56640625 -0.007785797
vn 0.82373047 0.56640625 -0.007785797
vn 0.82373047 0.56640625 -0.007785797
vn 0.82373047 0.56640625 -0.007785797
vn -0.014503479 0.56640625 -0.82373047
vn -0.014503479 0.56640625 -0.82373047
vn -0.014503479 0.56640625 -0.82373047
vn -0.014503479 0.56640625 -0.82373047
vn -0.82373047 0.56640625 0.007789612
vn -0.82373047 0.56640625 0.007789612
vn -0.82373047 0.56640625 0.007789612
vn -0.82373047 0.56640625 0.007789612
vn -0.63720703 0.43725586 0.63427734
vn -0.63720703 0.43725586 0.63427734
vn -0.63720703 0.43725586 0.63427734
vn -0.63720703 0.43725586 0.63427734
vn 0.63427734 0.43725586 0.63720703
vn 0.63427734 0.43725586 0.63720703
vn 0.63427734 0.43725586 0.63720703
vn 0.63427734 0.43725586 0.63720703
vn -0.63427734 0.43725586 -0.63720703
vn -0.63427734 0.43725586 -0.63720703
vn -0.63427734 0.43725586 -0.63720703
vn -0.63427734 0.43725586 -0.63720703
vn 0.63720703 0.43725586 -0.63427734
vn 0.63720703 0.43725586 -0.63427734
vn 0.63720703 0.43725586 -0.63427734
vn 0.63720703 0.43725586 -0.63427734
vn 0.007835388 0.88964844 0.45703125
vn 0.007835388 0.88964844 0.45703125
vn 0.007835388 0.88964844 0.45703125
vn 0.0075645447 0.8911133 0.45361328
vn 0.6430664 0.765625 -0.005821228
vn 0.6430664 0.765625 -0.005821228
vn 0.6430664 0.765625 -0.005821228
vn 0.61865234 0.78564453 -0.0053863525
vn -0.009315491 0.83984375 -0.54296875
vn -0.009315491 0.83984375 -0.54296875
vn -0.009315491 0.83984375 -0.54296875
vn -0.008979797 0.84228516 -0.5385742
vn -0.64208984 0.76660156 0.0058135986
vn -0.64208984 0.76660156 0.0058135986
vn -0.64208984 0.76660156 0.0058135986
vn -0.6176758 0.7861328 0.005378723
vn 0.014129639 0.56640625 0.82373047
vn 0.014129639 0.56640625 0.82373047
vn 0.014129639 0.56640625 0.82373047
vn 0.014129639 0.56640625 0.82373047
vn 0.82373047 0.56640625 -0.007457733
vn 0.82373047 0.56640625 -0.007457733
vn 0.82373047 0.56640625 -0.007457733
vn 0.82373047 0.56640625 -0.007457733
vn -0.014129639 0.56640625 -0.82373047
vn -0.014129639 0.56640625 -0.82373047
vn -0.014129639 0.56640625 -0.82373047
vn -0.014129639 0.56640625 -0.82373047
vn -0.82373047 0.56640625 0.007457733
vn -0.82373047 0.56640625 0.007457733
vn -0.82373047 0.56640625 0.007457733
vn -0.82373047 0.56640625 0.007461548
vn -0.6557617 0.43725586 0.6152344
vn -0.6557617 0.43725586 0.6152344
vn -0.6557617 0.43725586 0.6152344
vn -0.6557617 0.43725586 0.6152344
vn 0.6152344 0.43725586 0.6557617
vn 0.6152344 0.43725586 0.6557617
vn 0.6152344 0.43725586 0.6557617
vn 0.6152344 0.43725586 0.6557617
vn -0.6152344 0.43725586 -0.6557617
vn -0.6152344 0.43725586 -0.6557617
vn -0.6152344 0.43725586 -0.6557617
vn -0.6152344 0.43725586 -0.6557617
vn 0.6557617 0.43725586 -0.6152344
vn 0.6557617 0.43725586 -0.6152344
vn 0.6557617 0.43725586 -0.6152344
vn 0.6557617 0.43725586 -0.6152344
vn -0.00843811 0.88916016 0.4572754
vn -0.00843811 0.88916016 0.4572754
vn -0.00843811 0.88916016 0.4572754
vn -0.008651733 0.8911133 0.45336914
vn 0.63964844 0.7685547 0.0028362274
vn 0.63964844 0.7685547 0.0028362274
vn 0.63964844 0.7685547 0.0028362274
vn 0.62402344 0.78125 0.002922058
vn 0.010032654 0.83935547 -0.54345703
vn 0.010032654 0.83935547 -0.54345703
vn 0.010032654 0.83935547 -0.54345703
vn 0.010276794 0.84277344 -0.53808594
vn -0.63671875 0.7714844 -0.0028209686
vn -0.63671875 0.7714844 -0.0028209686
vn -0.63671875 0.7714844 -0.0028209686
vn -0.62109375 0.7836914 -0.0029067993
vn -0.015205383 0.56640625 0.82373047
vn -0.015205383 0.56640625 0.82373047
vn -0.015205383 0.56640625 0.82373047
vn -0.015205383 0.56640625 0.82373047
vn 0.82421875 0.56640625 0.0036525726
vn 0.82421875 0.56640625 0.0036525726
vn 0.82421875 0.56640625 0.0036525726
vn 0.82421875 0.56640625 0.0036525726
vn 0.015205383 0.56640625 -0.82373047
vn 0.015205383 0.56640625 -0.82373047
vn 0.015205383 0.56640625 -0.82373047
vn 0.015205383 0.56640625 -0.82373047
vn -0.82421875 0.56640625 -0.0036525726
vn -0.82421875 0.56640625 -0.0036525726
vn -0.82421875 0.56640625 -0.0036525726
vn -0.82421875 0.56640625 -0.0036525726
vn -0.63720703 0.43725586 0.63427734
vn -0.63720703 0.43725586 0.63427734
vn -0.63720703 0.43725586 0.63427734
vn -0.63720703 0.43725586 0.63427734
vn 0.63427734 0.43725586 0.63720703
vn 0.63427734 0.43725586 0.63720703
vn 0.63427734 0.43725586 0.63720703
vn 0.63427734 0.4375 0.63720703
vn -0.63427734 0.43725586 -0.63720703
vn -0.63427734 0.43725586 -0.63720703
vn -0.63427734 0.43725586 -0.63720703
vn -0.63427734 0.43725586 -0.63720703
vn 0.63720703 0.43725586 -0.63427734
vn 0.63720703 0.43725586 -0.63427734
vn 0.63720703 0.43725586 -0.63427734
vn 0.63720703 0.43725586 -0.63427734
vn 0.007835388 0.88964844 0.45703125
vn 0.007835388 0.88964844 0.45703125
vn 0.007835388 0.88964844 0.45703125
vn 0.0075645447 0.8911133 0.45361328
vn 0.6425781 0.7661133 -0.007434845
vn 0.6425781 0.7661133 -0.007434845
vn 0.6425781 0.7661133 -0.007434845
vn 0.6196289 0.78515625 -0.0069084167
vn -0.009315491 0.83984375 -0.54296875
vn -0.009315491 0.83984375 -0.54296875
vn -0.009315491 0.83984375 -0.54296875
vn -0.008979797 0.84228516 -0.5385742
vn -0.6411133 0.7675781 0.007419586
vn -0.6411133 0.7675781 0.007419586
vn -0.6411133 0.7675781 0.007419586
vn -0.61816406 0.7861328 0.006893158
vn 0.014129639 0.56640625 0.82373047
vn 0.014129639 0.56640625 0.82373047
vn 0.014129639 0.56640625 0.82373047
vn 0.014129639 0.56640625 0.82373047
vn 0.82373047 0.56640625 -0.009536743
vn 0.82373047 0.56640625 -0.009536743
vn 0.82373047 0.56640625 -0.009536743
vn 0.82373047 0.56640625 -0.009536743
vn -0.014129639 0.56640625 -0.82373047
vn -0.014129639 0.56640625 -0.82373047
vn -0.014129639 0.56640625 -0.82373047
vn -0.014129639 0.56640625 -0.82373047
vn -0.82373047 0.56640625 0.009536743
vn -0.82373047 0.56640625 0.009536743
vn -0.82373047 0.56640625 0.009536743
vn -0.82373047 0.56640625 0.009536743
vn -0.63720703 0.43725586 0.63427734
vn -0.63720703 0.43725586 0.63427734
vn -0.63720703 0.43725586 0.63427734
vn -0.63720703 0.43725586 0.63427734
vn 0.63427734 0.43725586 0.63720703
vn 0.63427734 0.43725586 0.63720703
vn 0.63427734 0.43725586 0.63720703
vn 0.63427734 0.4375 0.63720703
vn -0.63427734 0.43725586 -0.63720703
vn -0.63427734 0.43725586 -0.63720703
vn -0.63427734 0.43725586 -0.63720703
vn -0.63427734 0.43725586 -0.63720703
vn 0.63720703 0.43725586 -0.63427734
vn 0.63720703 0.43725586 -0.63427734
vn 0.63720703 0.43725586 -0.63427734
vn 0.63720703 0.43725586 -0.63427734
vn 0.019058228 0.8901367 0.45507812
vn 0.019058228 0.8901367 0.45507812
vn 0.019058228 0.8901367 0.45507812
vn 0.019058228 0.8901367 0.45507812
vn 0.63916016 0.7685547 -0.016571045
vn 0.63916016 0.7685547 -0.016571045
vn 0.63916016 0.7685547 -0.016571045
vn 0.62402344 0.78125 -0.015777588
vn -0.022628784 0.8408203 -0.54052734
vn -0.022628784 0.8408203 -0.54052734
vn -0.022628784 0.8408203 -0.54052734
vn -0.022628784 0.8408203 -0.54052734
vn -0.63623047 0.7714844 0.016479492
vn -0.63623047 0.7714844 0.016479492
vn -0.63623047 0.7714844 0.016479492
vn -0.62109375 0.7836914 0.015701294
vn 0.034484863 0.56640625 0.8232422
vn 0.034484863 0.56640625 0.8232422
vn 0.034484863 0.56640625 0.8232422
vn 0.034484863 0.56640625 0.8232422
vn 0.82373047 0.56640625 -0.021347046
vn 0.82373047 0.56640625 -0.021347046
vn 0.82373047 0.56640625 -0.021347046
vn 0.82373047 0.56640625 -0.021347046
vn -0.034484863 0.56640625 -0.82373047
vn -0.034484863 0.56640625 -0.82373047
vn -0.034484863 0.56640625 -0.82373047
vn -0.034484863 0.56640625 -0.82373047
vn -0.82373047 0.56640625 0.021347046
vn -0.82373047 0.56640625 0.021347046
vn -0.82373047 0.56640625 0.021347046
vn -0.82373047 0.56640625 0.021347046
vn -0.63720703 0.43725586 0.63427734
vn -0.63720703 0.43725586 0.63427734
vn -0.63720703 0.43725586 0.63427734
vn -0.63720703 0.43725586 0.63427734
vn 0.63427734 0.43725586 0.63720703
vn 0.63427734 0.43725586 0.63720703
vn 0.63427734 0.43725586 0.63720703
vn 0.63427734 0.4375 0.63720703
vn -0.63427734 0.43725586 -0.63720703
vn -0.63427734 0.43725586 -0.63720703
vn -0.63427734 0.43725586 -0.63720703
vn -0.63427734 0.43725586 -0.63720703
vn 0.63720703 0.43725586 -0.63427734
vn 0.63720703 0.43725586 -0.63427734
vn 0.63720703 0.43725586 -0.63427734
vn 0.63720703 0.43725586 -0.63427734
vn 0.010826111 0.88964844 0.45654297
vn 0.010826111 0.88964844 0.45654297
vn 0.010826111 0.88964844 0.45654297
vn 0.010551453 0.8911133 0.45410156
vn 0.6430664 0.765625 -0.0060768127
vn 0.6430664 0.765625 -0.0060768127
vn 0.6430664 0.765625 -0.0060768127
vn 0.6191406 0.78564453 -0.005622864
vn -0.012863159 0.83984375 -0.54248047
vn -0.012863159 0.83984375 -0.54248047
vn -0.012863159 0.83984375 -0.54248047
vn -0.012527466 0.84228516 -0.5390625
vn -0.64160156 0.76708984 0.0060653687
vn -0.64160156 0.76708984 0.0060653687
vn -0.64160156 0.76708984 0.0060653687
vn -0.6176758 0.7861328 0.0056152344
vn 0.019546509 0.56640625 0.82373047
vn 0.019546509 0.56640625 0.82373047
vn 0.019546509 0.56640625 0.82373047
vn 0.019546509 0.56640625 0.82373047
vn 0.82373047 0.56640625 -0.007785797
vn 0.82373047 0.56640625 -0.007785797
vn 0.82373047 0.56640625 -0.007785797
vn 0.82373047 0.56640625 -0.007785797
vn -0.019546509 0.56640625 -0.82373047
vn -0.019546509 0.56640625 -0.82373047
vn -0.019546509 0.56640625 -0.82373047
vn -0.019546509 0.56640625 -0.82373047
vn -0.82373047 0.56640625 0.007789612
vn -0.82373047 0.56640625 0.007789612
vn -0.82373047 0.56640625 0.007789612
vn -0.82373047 0.56640625 0.007789612
vn -0.6425781 0.31054688 0.7006836
vn -0.6425781 0.31054688 0.7006836
vn -0.6425781 0.31054688 0.7006836
vn -0.6425781 0.31054688 0.7006836
vn 0.63916016 0.31030273 0.7036133
vn 0.63916016 0.31030273 0.7036133
vn 0.63916016 0.31030273 0.7036133
vn 0.63916016 0.31030273 0.7036133
vn -0.63916016 0.31030273 -0.7036133
vn -0.63916016 0.31030273 -0.7036133
vn -0.63916016 0.31030273 -0.7036133
vn -0.63916016 0.31030273 -0.7036133
vn 0.6425781 0.31054688 -0.7006836
vn 0.6425781 0.31054688 -0.7006836
vn 0.6425781 0.31054688 -0.7006836
vn 0.6425781 0.31054688 -0.7006836
vn 0.019485474 0.5722656 0.8198242
vn 0.019485474 0.5722656 0.8198242
vn 0.019485474 0.5722656 0.8198242
vn 0.019485474 0.5722656 0.8198242
vn 0.78564453 0.6010742 -0.14624023
vn 0.78564453 0.6010742 -0.14624023
vn 0.78564453 0.6010742 -0.14624023
vn 0.78564453 0.6010742 -0.14624023
vn 0.78564453 0.6010742 -0.14624023
vn -0.019332886 0.5722656 -0.8198242
vn -0.019332886 0.5722656 -0.8198242
vn -0.019332886 0.5722656 -0.8198242
vn -0.019332886 0.5722656 -0.8198242
vn -0.78564453 0.6010742 0.14624023
vn -0.78564453 0.6010742 0.14624023
vn -0.78564453 0.6010742 0.14624023
vn -0.78564453 0.6010742 0.14624023
vn -0.78564453 0.6010742 0.14624023
vn 0.021728516 0.40429688 0.9145508
vn 0.021728516 0.40429688 0.9145508
vn 0.021728516 0.40429688 0.9145508
vn 0.021728516 0.40429688 0.9145508
vn 0.8876953 0.42993164 -0.16516113
vn 0.8876953 0.42993164 -0.16516113
vn 0.8876953 0.42993164 -0.16516113
vn 0.8876953 0.42993164 -0.16516113
vn -0.021560669 0.40429688 -0.9145508
vn -0.021560669 0.40429688 -0.9145508
vn -0.021560669 0.40429688 -0.9145508
vn -0.021560669 0.40429688 -0.9145508
vn -0.89990234 0.43603516 0.0121154785
vn -0.89990234 0.43603516 0.0121154785
vn -0.89990234 0.43603516 0.0121154785
vn -0.89990234 0.43603516 0.0121154785
vn -0.89990234 0.43603516 0.0121154785
vn -0.89990234 0.43603516 0.013839722
vn -0.89990234 0.43603516 0.013839722
vn -0.89990234 0.43603516 0.013839722
vn -0.8876953 0.42993164 0.16516113
vn -0.8876953 0.42993164 0.16516113
vn -0.8876953 0.42993164 0.16516113
vn -0.8876953 0.42993164 0.16516113
vn -0.8876953 0.42993164 0.16516113
vn 0.89990234 0.43603516 -0.004962921
vn 0.89990234 0.43603516 -0.004962921
vn 0.89990234 0.43603516 -0.004962921
vn 0.89990234 0.43603516 -0.004962921
vn 0.89990234 0.43603516 -0.013839722
vn 0.89990234 0.43603516 -0.013839722
vn 0.7944336 0.6074219 -0.0043754578
vn 0.7944336 0.6074219 -0.012214661
vn 0.7944336 0.6074219 -0.012214661
vn 0.7944336 0.6074219 -0.0043792725
vn 0.7944336 0.6074219 -0.0043754578
vn 0.7944336 0.6074219 -0.012214661
vn 0.7944336 0.6074219 -0.0043792725
vn 0.7944336 0.6074219 -0.0043792725
vn -0.36547852 0.85546875 0.3671875
vn -0.32495117 0.72314453 0.609375
vn -0.7089844 0.63378906 0.30981445
vn -0.8046875 0.52246094 0.28198242
vn -0.25952148 0.70996094 0.6542969
vn 0.20874023 0.7832031 -0.5854492
vn 0.29638672 0.70458984 -0.64501953
vn 0.5756836 0.56933594 -0.58691406
vn 0.61816406 0.50683594 -0.60058594
vn 0.24523926 0.67578125 -0.6948242
vn 0.70458984 0.6665039 0.24365234
vn 0.85058594 0.36279297 0.38085938
vn 0.7890625 0.2055664 0.5786133
vn 0.6401367 0.58154297 0.5019531
vn -0.87402344 0.30639648 -0.37695312
vn -0.7919922 0.1862793 -0.58154297
vn -0.7314453 0.63378906 -0.25219727
vn -0.59472656 0.61572266 -0.51708984
vn 0.00027823448 0.8276367 0.56103516
vn -6.324053E-05 0.78515625 0.6191406
vn -0.32495117 0.72314453 0.609375
vn -0.36547852 0.85546875 0.3671875
vn -0.0074157715 0.8125 -0.5830078
vn -0.006790161 0.7680664 -0.6401367
vn 0.29638672 0.70458984 -0.64501953
vn 0.20874023 0.7832031 -0.5854492
vn -6.324053E-05 0.78515625 0.6191406
vn -0.00039577484 0.7397461 0.67285156
vn -0.25952148 0.70996094 0.6542969
vn -0.32495117 0.72314453 0.609375
vn 0.72216797 0.69091797 -0.036193848
vn 0.8442383 0.53466797 -0.03704834
vn 0.84521484 0.53271484 -0.03491211
vn 0.72265625 0.6904297 -0.034088135
vn 0.5722656 0.81933594 -0.03390503
vn 0.57128906 0.8203125 -0.031921387
vn 0.56884766 0.82177734 -0.03579712
vn 0.84765625 0.5292969 -0.039276123
vn 0.72314453 0.6899414 -0.038391113
vn 0.5673828 0.8232422 -0.026184082
vn 0.7241211 0.68896484 -0.02784729
vn 0.8496094 0.52685547 -0.028564453
vn 0.8510742 0.52490234 -0.011306763
vn 0.7241211 0.6894531 -0.011039734
vn 0.85058594 0.36279297 0.38085938
vn 0.56591797 0.82421875 -0.010299683
vn 0.70458984 0.6665039 0.24365234
vn 0.5566406 0.8076172 0.19433594
vn -0.006790161 0.7680664 -0.6401367
vn -0.006149292 0.7211914 -0.6928711
vn 0.24523926 0.67578125 -0.6948242
vn 0.29638672 0.70458984 -0.64501953
vn -0.7089844 0.63378906 0.30981445
vn -0.8046875 0.52246094 0.28198242
vn -0.8598633 0.5107422 0.008491516
vn -0.7363281 0.6767578 0.005104065
vn -0.36547852 0.85546875 0.3671875
vn -0.86572266 0.5 0.013000488
vn -0.5810547 0.81396484 0.0015001297
vn -0.73828125 0.6743164 0.0076522827
vn -0.87402344 0.30639648 -0.37695312
vn -0.5786133 0.8154297 0.0021133423
vn -0.7314453 0.63378906 -0.25219727
vn -0.56884766 0.7963867 -0.20605469
vn -0.63720703 0.43725586 0.63427734
vn -0.63720703 0.43725586 0.63427734
vn -0.63720703 0.43725586 0.63427734
vn -0.63720703 0.43725586 0.63427734
vn 0.63427734 0.43725586 0.63720703
vn 0.63427734 0.43725586 0.63720703
vn 0.63427734 0.43725586 0.63720703
vn 0.63427734 0.4375 0.63720703
vn -0.63427734 0.43725586 -0.63720703
vn -0.63427734 0.43725586 -0.63720703
vn -0.63427734 0.43725586 -0.63720703
vn -0.63427734 0.43725586 -0.63720703
vn 0.63720703 0.43725586 -0.63427734
vn 0.63720703 0.43725586 -0.63427734
vn 0.63720703 0.43725586 -0.63427734
vn 0.63720703 0.43725586 -0.63427734
vn 0.019058228 0.8901367 0.45507812
vn 0.019058228 0.8901367 0.45507812
vn 0.019058228 0.8901367 0.45507812
vn 0.019058228 0.8901367 0.45507812
vn 0.6430664 0.765625 -0.0060768127
vn 0.6430664 0.765625 -0.0060768127
vn 0.6430664 0.765625 -0.0060768127
vn 0.6191406 0.78564453 -0.005622864
vn -0.022628784 0.8408203 -0.54052734
vn -0.022628784 0.8408203 -0.54052734
vn -0.022628784 0.8408203 -0.54052734
vn -0.022628784 0.8408203 -0.54052734
vn -0.64160156 0.76708984 0.0060653687
vn -0.64160156 0.76708984 0.0060653687
vn -0.64160156 0.76708984 0.0060653687
vn -0.6176758 0.7861328 0.0056152344
vn 0.034484863 0.56640625 0.8232422
vn 0.034484863 0.56640625 0.8232422
vn 0.034484863 0.56640625 0.8232422
vn 0.034484863 0.56640625 0.8232422
vn 0.82373047 0.56640625 -0.007785797
vn 0.82373047 0.56640625 -0.007785797
vn 0.82373047 0.56640625 -0.007785797
vn 0.82373047 0.56640625 -0.007785797
vn -0.034484863 0.56640625 -0.82373047
vn -0.034484863 0.56640625 -0.82373047
vn -0.034484863 0.56640625 -0.82373047
vn -0.034484863 0.56640625 -0.82373047
vn -0.82373047 0.56640625 0.007789612
vn -0.82373047 0.56640625 0.007789612
vn -0.82373047 0.56640625 0.007789612
vn -0.82373047 0.56640625 0.007789612
vn -0.63720703 0.43725586 0.63427734
vn -0.63720703 0.43725586 0.63427734
vn -0.63720703 0.43725586 0.63427734
vn -0.63720703 0.43725586 0.63427734
vn 0.63427734 0.43725586 0.63720703
vn 0.63427734 0.43725586 0.63720703
vn 0.63427734 0.43725586 0.63720703
vn 0.63427734 0.4375 0.63720703
vn -0.63427734 0.43725586 -0.63720703
vn -0.63427734 0.43725586 -0.63720703
vn -0.63427734 0.43725586 -0.63720703
vn -0.63427734 0.43725586 -0.63720703
vn 0.63720703 0.43725586 -0.63427734
vn 0.63720703 0.43725586 -0.63427734
vn 0.63720703 0.43725586 -0.63427734
vn 0.63720703 0.43725586 -0.63427734
vn 0.019058228 0.8901367 0.45507812
vn 0.019058228 0.8901367 0.45507812
vn 0.019058228 0.8901367 0.45507812
vn 0.019058228 0.8901367 0.45507812
vn 0.63916016 0.7685547 -0.016571045
vn 0.63916016 0.7685547 -0.016571045
vn 0.63916016 0.7685547 -0.016571045
vn 0.62402344 0.78125 -0.015777588
vn -0.022628784 0.8408203 -0.54052734
vn -0.022628784 0.8408203 -0.54052734
vn -0.022628784 0.8408203 -0.54052734
vn -0.022628784 0.8408203 -0.54052734
vn -0.63623047 0.7714844 0.016479492
vn -0.63623047 0.7714844 0.016479492
vn -0.63623047 0.7714844 0.016479492
vn -0.62109375 0.7836914 0.015701294
vn 0.034484863 0.56640625 0.8232422
vn 0.034484863 0.56640625 0.8232422
vn 0.034484863 0.56640625 0.8232422
vn 0.034484863 0.56640625 0.8232422
vn 0.82373047 0.56640625 -0.021347046
vn 0.82373047 0.56640625 -0.021347046
vn 0.82373047 0.56640625 -0.021347046
vn 0.82373047 0.56640625 -0.021347046
vn -0.034484863 0.56640625 -0.82373047
vn -0.034484863 0.56640625 -0.82373047
vn -0.034484863 0.56640625 -0.82373047
vn -0.034484863 0.56640625 -0.82373047
vn -0.82373047 0.56640625 0.021347046
vn -0.82373047 0.56640625 0.021347046
vn -0.82373047 0.56640625 0.021347046
vn -0.82373047 0.56640625 0.021347046
vn -0.63720703 0.43725586 0.63427734
vn -0.63720703 0.43725586 0.63427734
vn -0.63720703 0.43725586 0.63427734
vn -0.63720703 0.43725586 0.63427734
vn 0.63427734 0.43725586 0.63720703
vn 0.63427734 0.43725586 0.63720703
vn 0.63427734 0.43725586 0.63720703
vn 0.63427734 0.4375 0.63720703
vn -0.63427734 0.43725586 -0.63720703
vn -0.63427734 0.43725586 -0.63720703
vn -0.63427734 0.43725586 -0.63720703
vn -0.63427734 0.43725586 -0.63720703
vn 0.63720703 0.43725586 -0.63427734
vn 0.63720703 0.43725586 -0.63427734
vn 0.63720703 0.43725586 -0.63427734
vn 0.63720703 0.43725586 -0.63427734
vn 0.019058228 0.8901367 0.45507812
vn 0.019058228 0.8901367 0.45507812
vn 0.019058228 0.8901367 0.45507812
vn 0.019058228 0.8901367 0.45507812
vn 0.63916016 0.7685547 -0.016571045
vn 0.63916016 0.7685547 -0.016571045
vn 0.63916016 0.7685547 -0.016571045
vn 0.62402344 0.78125 -0.015777588
vn -0.022628784 0.8408203 -0.54052734
vn -0.022628784 0.8408203 -0.54052734
vn -0.022628784 0.8408203 -0.54052734
vn -0.022628784 0.8408203 -0.54052734
vn -0.63623047 0.7714844 0.016479492
vn -0.63623047 0.7714844 0.016479492
vn -0.63623047 0.7714844 0.016479492
vn -0.62109375 0.7836914 0.015701294
vn 0.034484863 0.56640625 0.8232422
vn 0.034484863 0.56640625 0.8232422
vn 0.034484863 0.56640625 0.8232422
vn 0.034484863 0.56640625 0.8232422
vn 0.82373047 0.56640625 -0.021347046
vn 0.82373047 0.56640625 -0.021347046
vn 0.82373047 0.56640625 -0.021347046
vn 0.82373047 0.56640625 -0.021347046
vn -0.034484863 0.56640625 -0.82373047
vn -0.034484863 0.56640625 -0.82373047
vn -0.034484863 0.56640625 -0.82373047
vn -0.034484863 0.56640625 -0.82373047
vn -0.82373047 0.56640625 0.021347046
vn -0.82373047 0.56640625 0.021347046
vn -0.82373047 0.56640625 0.021347046
vn -0.82373047 0.56640625 0.021347046
vn -0.63720703 0.43725586 0.63427734
vn -0.63720703 0.43725586 0.63427734
vn -0.63720703 0.43725586 0.63427734
vn -0.63720703 0.43725586 0.63427734
vn 0.63427734 0.43725586 0.63720703
vn 0.63427734 0.43725586 0.63720703
vn 0.63427734 0.43725586 0.63720703
vn 0.63427734 0.4375 0.63720703
vn -0.63427734 0.43725586 -0.63720703
vn -0.63427734 0.43725586 -0.63720703
vn -0.63427734 0.43725586 -0.63720703
vn -0.63427734 0.43725586 -0.63720703
vn 0.63720703 0.43725586 -0.63427734
vn 0.63720703 0.43725586 -0.63427734
vn 0.63720703 0.43725586 -0.63427734
vn 0.63720703 0.43725586 -0.63427734
vn 0.019058228 0.8901367 0.45507812
vn 0.019058228 0.8901367 0.45507812
vn 0.019058228 0.8901367 0.45507812
vn 0.019058228 0.8901367 0.45507812
vn 0.640625 0.7675781 -0.012901306
vn 0.640625 0.7675781 -0.012901306
vn 0.640625 0.7675781 -0.012901306
vn 0.6220703 0.78271484 -0.012161255
vn -0.022628784 0.8408203 -0.54052734
vn -0.022628784 0.8408203 -0.54052734
vn -0.022628784 0.8408203 -0.54052734
vn -0.022628784 0.8408203 -0.54052734
vn -0.6381836 0.77001953 0.01285553
vn -0.6381836 0.77001953 0.01285553
vn -0.6381836 0.77001953 0.01285553
vn -0.6196289 0.78466797 0.012123108
vn 0.034484863 0.56640625 0.8232422
vn 0.034484863 0.56640625 0.8232422
vn 0.034484863 0.56640625 0.8232422
vn 0.034484863 0.56640625 0.8232422
vn 0.82373047 0.56640625 -0.016586304
vn 0.82373047 0.56640625 -0.016586304
vn 0.82373047 0.56640625 -0.016586304
vn 0.82373047 0.56640625 -0.016586304
vn -0.034484863 0.56640625 -0.82373047
vn -0.034484863 0.56640625 -0.82373047
vn -0.034484863 0.56640625 -0.82373047
vn -0.034484863 0.56640625 -0.82373047
vn -0.82373047 0.56640625 0.016601562
vn -0.82373047 0.56640625 0.016601562
vn -0.82373047 0.56640625 0.016601562
vn -0.82373047 0.56640625 0.016601562
vn -0.7944336 0.6074219 0.010696411
vn -0.7944336 0.6074219 0.010696411
vn -0.7944336 0.6074219 0.010696411
vn -0.7944336 0.6074219 0.010696411
vn -0.7944336 0.6074219 0.012214661
vn -0.7944336 0.6074219 0.010696411
vn -0.7944336 0.6074219 0.012214661
vn -0.7944336 0.6074219 0.012214661
vn -0.67089844 0.74121094 0.008636475
vn -0.67089844 0.74121094 0.008636475
vn -0.67089844 0.74121094 0.008636475
vn -0 1 1.013279E-06
vn -0 1 1.013279E-06
vn -0 1 1.013279E-06
vn -0 1 1.013279E-06
vn 1.2516975E-06 1 2.7418137E-06
vn 1.2516975E-06 1 2.7418137E-06
vn 1.2516975E-06 1 2.7418137E-06
vn -0 1 1.6093254E-06
vn -0 1 1.847744E-06
vn -0 1 1.847744E-06
vn -0 1 1.847744E-06
vn -0 1 1.847744E-06
vn -0.000893116 1 -0.00016403198
vn -0.000893116 1 -0.00016403198
vn -0.000893116 1 -0.00016403198
vn -0.0003681183 1 1.847744E-06
vn -0.0019874573 1 0.00016081333
vn -0.0019874573 1 0.00016081333
vn -0.0019874573 1 0.00016081333
vn -0 1 1.3709068E-06
vn 7.748604E-07 1 2.682209E-06
vn 7.748604E-07 1 2.682209E-06
vn 7.748604E-07 1 2.682209E-06
vn -0 1 2.3841858E-06
vn -0 1 7.748604E-07
vn -0 1 7.748604E-07
vn -0 1 7.748604E-07
vn -0 1 7.748604E-07
vn -0 1 7.748604E-07
vn -0 1 7.748604E-07
vn -0 1 7.748604E-07
vn -0 1 7.748604E-07
vn -0 1 1.0728836E-06
vn -0 1 1.0728836E-06
vn -0 1 1.0728836E-06
vn -1.2516975E-06 1 8.34465E-07
vn -0 1 9.536743E-07
vn -0 1 9.536743E-07
vn -0 1 9.536743E-07
vn -0 1 9.536743E-07
vn -1.3113022E-06 1 1.4305115E-06
vn -1.3113022E-06 1 1.4305115E-06
vn -1.3113022E-06 1 1.4305115E-06
vn -0 1 1.6093254E-06
vn 4.172325E-07 1 1.1324883E-06
vn 4.172325E-07 1 1.1324883E-06
vn 4.172325E-07 1 1.1324883E-06
vn -0 1 1.1324883E-06
vn 2.3841858E-07 1 1.0669231E-05
vn 2.3841858E-07 1 1.0669231E-05
vn 2.3841858E-07 1 1.0669231E-05
vn 2.3841858E-07 1 1.0669231E-05
vn -0 1 2.0861626E-06
vn -0 1 2.0861626E-06
vn -0 1 2.0861626E-06
vn -0 1 2.0861626E-06
vn -0.0046463013 1 -0.018722534
vn -0.0045280457 1 -0.01914978
vn -0.0043792725 1 -0.018157959
vn -0.005645752 1 -0.014533997
vn -0.004096985 1 -0.020385742
vn -0.0059318542 1 -0.014755249
vn -0.006996155 1 -0.008918762
vn -0.0061683655 1 -0.007858276
vn -0.005558014 1 -0.007949829
vn -0.0038890839 1 -0.0058403015
vn -0 1 7.748604E-07
vn -0 1 7.748604E-07
vn -0 1 7.748604E-07
vn -0 1 7.748604E-07
vn -0 1 1.6093254E-06
vn -0 1 1.6093254E-06
vn -0 1 1.6093254E-06
vn -0 1 1.6093254E-06
vn -0 1 1.4901161E-06
vn -0 1 1.4901161E-06
vn -0 1 1.4901161E-06
vn -0 1 1.4901161E-06
vn -0 1 1.4901161E-06
vn -0 1 1.4901161E-06
vn -0 1 1.4901161E-06
vn -0 1 1.4901161E-06
vn 0.14404297 0.30200195 -0.9423828
vn 0.14404297 0.30200195 -0.9423828
vn 0.14404297 0.30200195 -0.9423828
vn 0.1048584 0.9926758 0.059753418
vn 0.1048584 0.9926758 0.059753418
vn 0.1048584 0.9926758 0.059753418
vn -0.020568848 -0.99365234 0.10882568
vn -0.020568848 -0.99365234 0.10882568
vn -0.020568848 -0.99365234 0.10882568
vn 0.07647705 -0.95751953 -0.27783203
vn 0.07647705 -0.95751953 -0.27783203
vn 0.07647705 -0.95751953 -0.27783203
vn 0.6098633 -0.5566406 -0.56396484
vn 0.6098633 -0.5566406 -0.56396484
vn 0.6098633 -0.5566406 -0.56396484
vn 0.9321289 -0.21838379 0.28833008
vn 0.9321289 -0.21838379 0.28833008
vn 0.9321289 -0.21838379 0.28833008
vn 0.54345703 0.83154297 -0.113708496
vn 0.54345703 0.83154297 -0.113708496
vn 0.54345703 0.83154297 -0.113708496
vn 0.953125 -0.29345703 -0.073791504
vn 0.953125 -0.29345703 -0.073791504
vn 0.953125 -0.29345703 -0.073791504
vn 0.84521484 0.2578125 -0.46801758
vn 0.84521484 0.2578125 -0.46801758
vn 0.84521484 0.2578125 -0.46801758
vn 0.03668213 0.99658203 -0.07525635
vn 0.03668213 0.99658203 -0.07525635
vn 0.03668213 0.99658203 -0.07525635
vn 0.0541687 -0.7714844 -0.63427734
vn 0.0541687 -0.7714844 -0.63427734
vn 0.0541687 -0.7714844 -0.63427734
vn -0.16442871 -0.04522705 -0.98535156
vn -0.16442871 -0.04522705 -0.98535156
vn -0.16442871 -0.04522705 -0.98535156
vn 0.05834961 0.34301758 0.9375
vn 0.05834961 0.34301758 0.9375
vn 0.05834961 0.34301758 0.9375
vn 0.051727295 -0.76708984 -0.63916016
vn 0.051727295 -0.76708984 -0.63916016
vn 0.051727295 -0.76708984 -0.63916016
vn -0.111816406 0.9916992 0.06689453
vn -0.111816406 0.9916992 0.06689453
vn -0.111816406 0.9916992 0.06689453
vn -0.15332031 0.9868164 0.05130005
vn -0.15332031 0.9868164 0.05130005
vn -0.16320801 0.98583984 0.03164673
vn -0.16320801 0.98583984 0.03164673
vn 0.4987793 -0.85791016 -0.12249756
vn 0.4987793 -0.85791016 -0.12249756
vn 0.4987793 -0.85791016 -0.12249756
vn -0.12683105 0.9741211 -0.18579102
vn -0.12683105 0.9741211 -0.18579102
vn -0.12683105 0.9741211 -0.18579102
vn 0.06121826 0.9272461 -0.36987305
vn 0.06121826 0.9272461 -0.36987305
vn 0.06121826 0.9272461 -0.36987305
vn 0.0069503784 0.9355469 -0.35375977
vn 0.0069503784 0.9355469 -0.35375977
vn 0.0069503784 0.9355469 -0.35375977
vn 0.05444336 -0.34277344 -0.9379883
vn 0.05444336 -0.34277344 -0.9379883
vn 0.05444336 -0.34277344 -0.9379883
vn 0.80126953 -0.21679688 -0.5576172
vn 0.80126953 -0.21679688 -0.5576172
vn 0.80126953 -0.21679688 -0.5576172
vn -0.13708496 0.07928467 -0.9873047
vn -0.13708496 0.07928467 -0.9873047
vn -0.13708496 0.07928467 -0.9873047
vn 0.2919922 -0.083984375 -0.9526367
vn 0.2919922 -0.083984375 -0.9526367
vn 0.2919922 -0.083984375 -0.9526367
vn 0.00079345703 0.9086914 -0.4177246
vn 0.00079345703 0.9086914 -0.4177246
vn 0.00079345703 0.9086914 -0.4177246
vn 0.4038086 -0.07366943 -0.9116211
vn 0.4038086 -0.07366943 -0.9116211
vn 0.4038086 -0.07366943 -0.9116211
vn 0.40356445 -0.12976074 -0.9057617
vn 0.40356445 -0.12976074 -0.9057617
vn 0.40356445 -0.12976074 -0.9057617
vn 0.6230469 -0.085876465 -0.77734375
vn 0.6230469 -0.085876465 -0.77734375
vn 0.6230469 -0.085876465 -0.77734375
vn 0.6977539 -0.68847656 0.19897461
vn 0.6977539 -0.68847656 0.19897461
vn 0.6977539 -0.68847656 0.19897461
vn 0.37646484 -0.8232422 0.42456055
vn 0.37646484 -0.8232422 0.42456055
vn 0.37646484 -0.8232422 0.42456055
vn 0.30395508 -0.80566406 -0.50878906
vn 0.30395508 -0.80566406 -0.50878906
vn 0.30395508 -0.80566406 -0.50878906
vn 0.49365234 0.1697998 0.85302734
vn 0.49365234 0.1697998 0.85302734
vn 0.49365234 0.1697998 0.85302734
vn 0.21228027 0.9741211 -0.07507324
vn 0.21228027 0.9741211 -0.07507324
vn 0.21228027 0.9741211 -0.07507324
vn 0.15429688 0.96240234 0.22302246
vn 0.15429688 0.96240234 0.22302246
vn 0.15429688 0.96240234 0.22302246
vn -0.11645508 0.9916992 -0.057647705
vn -0.11645508 0.9916992 -0.057647705
vn -0.11645508 0.9916992 -0.057647705
vn 0.56103516 -0.3894043 -0.73046875
vn 0.56103516 -0.3894043 -0.73046875
vn 0.56103516 -0.3894043 -0.73046875
vn 0.29638672 -0.89404297 -0.33618164
vn 0.29638672 -0.89404297 -0.33618164
vn 0.29638672 -0.89404297 -0.33618164
vn 0.07659912 -0.1505127 0.98583984
vn 0.07659912 -0.1505127 0.98583984
vn 0.07659912 -0.1505127 0.98583984
vn 0.65527344 -0.75439453 0.034698486
vn 0.65527344 -0.75439453 0.034698486
vn 0.65527344 -0.75439453 0.034698486
vn 0.88183594 -0.32299805 0.34399414
vn 0.88183594 -0.32299805 0.34399414
vn 0.88183594 -0.32299805 0.34399414
vn 0.49267578 0.80322266 -0.33447266
vn 0.49267578 0.80322266 -0.33447266
vn 0.49267578 0.80322266 -0.33447266
vn 0.28564453 0.3251953 -0.9013672
vn 0.28564453 0.3251953 -0.9013672
vn 0.28564453 0.3251953 -0.9013672
vn 0.609375 0.46484375 0.64208984
vn 0.609375 0.46484375 0.64208984
vn 0.609375 0.46484375 0.64208984
vn 0.15405273 0.48413086 0.8613281
vn 0.15405273 0.48413086 0.8613281
vn 0.15405273 0.48413086 0.8613281
vn -0.088256836 0.9921875 0.09063721
vn -0.088256836 0.9921875 0.09063721
vn -0.088256836 0.9921875 0.09063721
vn 0.5107422 -0.18908691 -0.8388672
vn 0.5107422 -0.18908691 -0.8388672
vn 0.5107422 -0.18908691 -0.8388672
vn -0.18408203 0.9272461 -0.3256836
vn -0.18408203 0.9272461 -0.3256836
vn -0.18408203 0.9272461 -0.3256836
vn -0.17602539 -0.12408447 -0.9765625
vn -0.17602539 -0.12408447 -0.9765625
vn -0.17602539 -0.12408447 -0.9765625
vn -0.08947754 0.8388672 -0.5366211
vn -0.08947754 0.8388672 -0.5366211
vn -0.08947754 0.8388672 -0.5366211
vn 0.5263672 -0.83154297 -0.1784668
vn 0.5263672 -0.83154297 -0.1784668
vn 0.5263672 -0.83154297 -0.1784668
vn 0.9370117 -0.14208984 -0.31860352
vn 0.9370117 -0.14208984 -0.31860352
vn 0.9370117 -0.14208984 -0.31860352
vn 0.9423828 0.32641602 0.070129395
vn 0.9423828 0.32641602 0.070129395
vn 0.9423828 0.32641602 0.070129395
vn 0.9951172 -0.013809204 0.09918213
vn 0.9951172 -0.013809204 0.09918213
vn 0.9951172 -0.013809204 0.09918213
vn 0.99902344 -0.036956787 0.018844604
vn 0.99902344 -0.036956787 0.018844604
vn 0.99902344 -0.036956787 0.018844604
vn 1 0.0018091202 -0.0063323975
vn 1 0.0018091202 -0.0063323975
vn 1 -0.0006542206 -0.008369446
vn 1 -0.0029830933 -0.011405945
vn 1 -0.0031394958 -0.005874634
vn 1 -0.0031394958 -0.005874634
vn 1 0.0078125 -0.0060806274
vn 1 0.004005432 -0.0009150505
vn 1 0.010810852 0.0088272095
vn 1 0.010810852 0.0088272095
vn 1 0.010810852 0.0088272095
vn 1 -0.009590149 -0.0023326874
vn 1 -0.009590149 -0.0023326874
vn 1 -0.009567261 0.00077819824
vn 0.99853516 -0.035614014 -0.035125732
vn 0.99853516 -0.035614014 -0.035125732
vn 0.20727539 0.97314453 -0.1005249
vn 0.20727539 0.97314453 -0.1005249
vn 0.20727539 0.97314453 -0.1005249
vn 0.99853516 0.038757324 -0.03933716
vn 0.99853516 0.038757324 -0.03933716
vn 0.99853516 0.038757324 -0.03933716
vn 0.68408203 0.66748047 0.2939453
vn 0.68408203 0.66748047 0.2939453
vn 0.68408203 0.66748047 0.2939453
vn 0.16345215 0.9863281 -0.0025024414
vn 0.16345215 0.9863281 -0.0025024414
vn 0.16345215 0.9863281 -0.0025024414
vn 0.6411133 0.38500977 0.6635742
vn 0.6411133 0.38500977 0.6635742
vn 0.6411133 0.38500977 0.6635742
vn -0.05105591 0.58447266 0.8095703
vn -0.05105591 0.58447266 0.8095703
vn -0.05105591 0.58447266 0.8095703
vn 0.101989746 -0.23950195 0.96533203
vn 0.101989746 -0.23950195 0.96533203
vn 0.101989746 -0.23950195 0.96533203
vn 0.022766113 -0.9145508 -0.40405273
vn 0.022766113 -0.9145508 -0.40405273
vn 0.022766113 -0.9145508 -0.40405273
vn 0.9223633 -0.3864746 0.0012464523
vn 0.9194336 -0.39331055 0.008705139
vn 0.9194336 -0.39331055 0.008705139
vn 0.90722656 -0.42041016 0.0025520325
vn 0.9223633 -0.3864746 0.0012464523
vn 0.90722656 -0.42041016 0.0025520325
vn 0.90722656 -0.42041016 0.0025520325
vn 0.072021484 0.6894531 -0.7211914
vn 0.072021484 0.6894531 -0.7211914
vn 0.072021484 0.6894531 -0.7211914
vn 0.96435547 -0.2619629 0.034362793
vn 0.96435547 -0.2619629 0.034362793
vn 0.96435547 -0.2619629 0.034362793
vn 0.031555176 -0.9501953 0.31054688
vn 0.031555176 -0.9501953 0.31054688
vn 0.031555176 -0.9501953 0.31054688
vn 0.0121154785 -0.9995117 0.018798828
vn 0.0121154785 -0.9995117 0.018798828
vn 0.0121154785 -0.9995117 0.018798828
vn 0.7421875 -0.16882324 -0.6484375
vn 0.7421875 -0.16882324 -0.6484375
vn 0.7421875 -0.16882324 -0.6484375
vn 0.5522461 0.8334961 0.027374268
vn 0.5522461 0.8334961 0.027374268
vn 0.5522461 0.8334961 0.027374268
vn 0.2475586 0.9658203 -0.07470703
vn 0.2475586 0.9658203 -0.07470703
vn 0.2475586 0.9658203 -0.07470703
vn 0.2199707 0.9741211 -0.05380249
vn 0.2199707 0.9741211 -0.05380249
vn 0.2199707 0.9741211 -0.05380249
vn 0.23901367 0.9638672 -0.117492676
vn 0.23901367 0.9638672 -0.117492676
vn 0.23901367 0.9638672 -0.117492676
vn 0.79296875 0.17749023 -0.58251953
vn 0.79296875 0.17749023 -0.58251953
vn 0.79296875 0.17749023 -0.58251953
vn 0.5756836 0.8129883 -0.08709717
vn 0.5756836 0.8129883 -0.08709717
vn 0.5756836 0.8129883 -0.08709717
vn 0.070495605 0.4013672 -0.91308594
vn 0.070495605 0.4013672 -0.91308594
vn 0.070495605 0.4013672 -0.91308594
vn -0.14428711 -0.23535156 -0.9609375
vn -0.14428711 -0.23535156 -0.9609375
vn -0.14428711 -0.23535156 -0.9609375
vn 0.066467285 0.40039062 -0.9140625
vn 0.066467285 0.40039062 -0.9140625
vn 0.066467285 0.40039062 -0.9140625
vn 0.3046875 0.05206299 -0.9511719
vn 0.3046875 0.05206299 -0.9511719
vn 0.3046875 0.05206299 -0.9511719
vn -0.13586426 0.8413086 -0.5229492
vn -0.13586426 0.8413086 -0.5229492
vn -0.13586426 0.8413086 -0.5229492
vn -0.16882324 0.88134766 -0.44140625
vn -0.16882324 0.88134766 -0.44140625
vn -0.16882324 0.88134766 -0.44140625
vn -0.12890625 0.62890625 -0.76708984
vn -0.12890625 0.62890625 -0.76708984
vn -0.12890625 0.62890625 -0.76708984
vn -0.20812988 0.14709473 -0.9667969
vn -0.20812988 0.14709473 -0.9667969
vn -0.20812988 0.14709473 -0.9667969
vn 1 -8.225441E-06 -0.015365601
vn 1 -8.225441E-06 -0.015365601
vn 1 -8.225441E-06 -0.015365601
vn 1 -8.225441E-06 -0.015365601
vn 1.013279E-06 -1 -1.2516975E-06
vn 1.013279E-06 -1 -1.2516975E-06
vn 1.013279E-06 -1 -1.2516975E-06
vn 1.013279E-06 -1 -1.2516975E-06
vn 0.0012521744 -0.00067806244 -1
vn 0.0012521744 -0.00067806244 -1
vn 0.0012521744 -0.00067806244 -1
vn 0.0012521744 -0.00067806244 -1
vn -9.536743E-07 1 1.3709068E-06
vn -9.536743E-07 1 1.3709068E-06
vn -9.536743E-07 1 1.3709068E-06
vn -9.536743E-07 1 1.3709068E-06
vn -0.0012521744 0.0003387928 1
vn -0.0012521744 0.0003387928 1
vn -0.0012521744 0.0003387928 1
vn -0.0012521744 0.0003387928 1
vn 0.27978516 0.2980957 -0.91259766
vn 0.27978516 0.2980957 -0.91259766
vn 0.27978516 0.2980957 -0.91259766
vn 0.27978516 0.2980957 -0.91259766
vn 0.32055664 -0.28222656 0.9042969
vn 0.32055664 -0.28222656 0.9042969
vn 0.32055664 -0.28222656 0.9042969
vn 0.32055664 -0.28222656 0.9042969
vn 0.3149414 -0.3935547 0.86376953
vn 0.3149414 -0.3935547 0.86376953
vn 0.3149414 -0.3935547 0.86376953
vn 0.3149414 -0.3935547 0.86376953
vn 0.55908203 -0.6430664 -0.5234375
vn 0.55908203 -0.6430664 -0.5234375
vn 0.55908203 -0.6430664 -0.5234375
vn 0.56640625 -0.6459961 -0.51171875
vn 0.06173706 0.9951172 -0.074645996
vn 0.06173706 0.9951172 -0.074645996
vn 0.06173706 0.9951172 -0.074645996
vn 0.06173706 0.9951172 -0.074645996
vn 0.7573242 0.15185547 -0.6347656
vn 0.7573242 0.15185547 -0.6347656
vn 0.7573242 0.15185547 -0.6347656
vn 0.7573242 0.15185547 -0.6347656
vn 0.90478516 -0.14892578 0.39941406
vn 0.90478516 -0.14892578 0.39941406
vn 0.90478516 -0.14892578 0.39941406
vn 0.90478516 -0.14892578 0.39941406
vn 0.7416992 -0.46191406 -0.48608398
vn 0.7416992 -0.46191406 -0.48608398
vn 0.7416992 -0.46191406 -0.48608398
vn 0.7416992 -0.46191406 -0.48608398
vn 0.6269531 -0.16577148 0.76123047
vn 0.6269531 -0.16577148 0.76123047
vn 0.6269531 -0.16577148 0.76123047
vn 0.6269531 -0.16577148 0.76123047
vn 0.036865234 0.99902344 -0.030181885
vn 0.036865234 0.99902344 -0.030181885
vn 0.036865234 0.99902344 -0.030181885
vn 0.036865234 0.99902344 -0.030181885
vn 0.8696289 -0.48095703 -0.112854004
vn 0.8696289 -0.48095703 -0.112854004
vn 0.8696289 -0.48095703 -0.112854004
vn 0.8696289 -0.48095703 -0.112854004
vn 0.18322754 -0.19177246 -0.96435547
vn 0.18322754 -0.19177246 -0.96435547
vn 0.18322754 -0.19177246 -0.96435547
vn 0.18322754 -0.19177246 -0.96435547
vn 0.20898438 -0.19763184 -0.95751953
vn 0.13378906 0.61376953 0.77783203
vn 0.13378906 0.61376953 0.77783203
vn 0.13378906 0.61376953 0.77783203
vn 0.13378906 0.61376953 0.77783203
vn 0.16210938 -0.04385376 0.98583984
vn 0.16210938 -0.04385376 0.98583984
vn 0.16210938 -0.04385376 0.98583984
vn 0.16210938 -0.04385376 0.98583984
vn -0.080200195 0.9941406 0.07409668
vn -0.080200195 0.9941406 0.07409668
vn -0.080200195 0.9941406 0.07409668
vn -0.080200195 0.9941406 0.07409668
vn 0.22937012 -0.9604492 0.15856934
vn 0.22937012 -0.9604492 0.15856934
vn 0.22937012 -0.9604492 0.15856934
vn 0.22937012 -0.9604492 0.15856934
vn -0.13171387 0.0178833 -0.99121094
vn -0.13171387 0.0178833 -0.99121094
vn -0.13171387 0.0178833 -0.99121094
vn -0.13171387 0.0178833 -0.99121094
vn -0.017150879 -0.32836914 0.94433594
vn -0.017150879 -0.32836914 0.94433594
vn -0.017150879 -0.32836914 0.94433594
vn -0.017150879 -0.32836914 0.94433594
vn -0.10620117 0.9926758 0.05783081
vn -0.10620117 0.9926758 0.05783081
vn -0.10620117 0.9926758 0.05783081
vn -0.10620117 0.9926758 0.05783081
vn 0.78466797 0.19018555 -0.58984375
vn 0.78466797 0.19018555 -0.58984375
vn 0.78466797 0.19018555 -0.58984375
vn 0.78466797 0.19018555 -0.58984375
vn 0.1817627 -0.18066406 0.9667969
vn 0.1817627 -0.18066406 0.9667969
vn 0.1817627 -0.18066406 0.9667969
vn 0.1817627 -0.18066406 0.9667969
vn 0.1352539 -0.9902344 0.0368042
vn 0.1352539 -0.9902344 0.0368042
vn 0.1352539 -0.9902344 0.0368042
vn 0.1352539 -0.9902344 0.0368042
vn 0.24987793 0.2758789 0.92822266
vn 0.24987793 0.2758789 0.92822266
vn 0.24987793 0.2758789 0.92822266
vn 0.24987793 0.2758789 0.92822266
vn 0.82421875 0.16064453 0.54345703
vn 0.82421875 0.16064453 0.54345703
vn 0.82421875 0.16064453 0.54345703
vn 0.82421875 0.16064453 0.54345703
vn 0.16308594 -0.18249512 0.96972656
vn 0.16308594 -0.18249512 0.96972656
vn 0.16308594 -0.18249512 0.96972656
vn 0.18823242 -0.14770508 0.9707031
vn 0.3894043 -0.89941406 0.1973877
vn 0.3894043 -0.89941406 0.1973877
vn 0.3894043 -0.89941406 0.1973877
vn 0.3894043 -0.89941406 0.1973877
vn 0.1895752 -0.9814453 -0.019683838
vn 0.1895752 -0.9814453 -0.019683838
vn 0.1895752 -0.9814453 -0.019683838
vn 0.1895752 -0.9814453 -0.019683838
vn 0.059753418 -0.9980469 0.0031642914
vn 0.059753418 -0.9980469 0.0031642914
vn 0.059753418 -0.9980469 0.0031642914
vn 0.059753418 -0.9980469 0.0031642914
vn 0.14562988 -0.56884766 0.80908203
vn 0.14562988 -0.56884766 0.80908203
vn 0.14562988 -0.56884766 0.80908203
vn 0.14562988 -0.56884766 0.80908203
vn -0.021347046 -0.39282227 0.9194336
vn -0.021347046 -0.39282227 0.9194336
vn -0.021347046 -0.39282227 0.9194336
vn -0.021347046 -0.39282227 0.9194336
vn 0.16503906 -0.92822266 -0.3334961
vn 0.16503906 -0.92822266 -0.3334961
vn 0.16503906 -0.92822266 -0.3334961
vn 0.16503906 -0.92822266 -0.3334961
vn 0.28759766 -0.2854004 0.9140625
vn 0.28759766 -0.2854004 0.9140625
vn 0.28759766 -0.2854004 0.9140625
vn 0.28759766 -0.2854004 0.9140625
vn 0.8256836 -0.12915039 0.5493164
vn 0.8256836 -0.12915039 0.5493164
vn 0.8256836 -0.12915039 0.5493164
vn 0.8256836 -0.12915039 0.5493164
vn 0.14611816 0.4741211 0.86816406
vn 0.14611816 0.4741211 0.86816406
vn 0.14611816 0.4741211 0.86816406
vn 0.14611816 0.4741211 0.86816406
vn 0.51416016 0.30908203 -0.80029297
vn 0.51416016 0.30908203 -0.80029297
vn 0.51416016 0.30908203 -0.80029297
vn 0.51416016 0.30908203 -0.80029297
vn 0.11907959 -0.71191406 -0.69189453
vn 0.11907959 -0.71191406 -0.69189453
vn 0.11907959 -0.71191406 -0.69189453
vn 0.11907959 -0.71191406 -0.69189453
vn 0.13757324 -0.93310547 -0.3317871
vn 0.13757324 -0.93310547 -0.3317871
vn 0.13757324 -0.93310547 -0.3317871
vn 0.13757324 -0.93310547 -0.3317871
vn 0.36743164 0.9277344 0.06793213
vn 0.36743164 0.9277344 0.06793213
vn 0.36743164 0.9277344 0.06793213
vn 0.36743164 0.9277344 0.06793213
vn 0.00932312 0.99121094 0.13085938
vn 0.00932312 0.99121094 0.13085938
vn 0.00932312 0.99121094 0.13085938
vn 0.00932312 0.99121094 0.13085938
vn 0.5996094 0.78759766 -0.14086914
vn 0.5996094 0.78759766 -0.14086914
vn 0.5996094 0.78759766 -0.14086914
vn 0.5996094 0.78759766 -0.14086914
vn 0.9975586 0.052947998 0.041656494
vn 0.9975586 0.052947998 0.041656494
vn 0.9975586 0.052947998 0.041656494
vn 0.9980469 0.055267334 0.032684326
vn 0.026733398 0.9946289 0.10131836
vn 0.026733398 0.9946289 0.10131836
vn 0.026733398 0.9946289 0.10131836
vn 0.026733398 0.9946289 0.10131836
vn 0.2614746 0.9628906 0.06365967
vn 0.2614746 0.9628906 0.06365967
vn 0.2614746 0.9628906 0.06365967
vn 0.2614746 0.9628906 0.06365967
vn -0.06378174 0.9980469 0.008728027
vn -0.062683105 0.9975586 0.034057617
vn -0.06378174 0.9980469 0.008728027
vn -0.062683105 0.9975586 0.034057617
vn -0.062683105 0.9975586 0.034057617
vn -0.07232666 0.9970703 0.012611389
vn -0.12915039 0.9902344 -0.048858643
vn -0.12915039 0.9902344 -0.048858643
vn -0.12915039 0.9902344 -0.048858643
vn -0.12915039 0.9902344 -0.048858643
vn 0.13684082 0.1116333 0.984375
vn 0.13684082 0.1116333 0.984375
vn 0.13684082 0.1116333 0.984375
vn 0.13220215 0.111572266 0.9848633
vn 0.21496582 -0.9199219 0.32836914
vn 0.21496582 -0.9199219 0.32836914
vn 0.21496582 -0.9199219 0.32836914
vn 0.21496582 -0.9199219 0.32836914
vn -0.084228516 0.9555664 0.2824707
vn -0.084228516 0.9555664 0.2824707
vn -0.084228516 0.9555664 0.2824707
vn -0.0368042 0.9584961 0.28271484
vn 0.095703125 -0.20861816 -0.97314453
vn 0.095703125 -0.20861816 -0.97314453
vn 0.095703125 -0.20861816 -0.97314453
vn 0.095703125 -0.20861816 -0.97314453
g B002_R_001_0
f 3/3/3 2/2/2 1/1/1
f 6/6/6 5/5/5 4/4/4
f 9/9/9 8/8/8 7/7/7
f 12/12/12 11/11/11 10/10/10
f 15/15/15 14/14/14 13/13/13
f 18/18/18 17/17/17 16/16/16
f 21/21/21 20/20/20 19/19/19
f 24/24/24 23/23/23 22/22/22
f 27/27/27 26/26/26 25/25/25
f 30/30/30 29/29/29 28/28/28
f 33/33/33 32/32/32 31/31/31
f 36/36/36 35/35/35 34/34/34
f 39/39/39 38/38/38 37/37/37
f 42/42/42 41/41/41 40/40/40
f 45/45/45 44/44/44 43/43/43
f 48/48/48 47/47/47 46/46/46
f 51/51/51 50/50/50 49/49/49
f 54/54/54 53/53/53 52/52/52
f 57/57/57 56/56/56 55/55/55
f 60/60/60 59/59/59 58/58/58
f 63/63/63 62/62/62 61/61/61
f 66/66/66 65/65/65 64/64/64
f 69/69/69 68/68/68 67/67/67
f 72/72/72 71/71/71 70/70/70
f 75/75/75 74/74/74 73/73/73
f 78/78/78 77/77/77 76/76/76
f 81/81/81 80/80/80 79/79/79
f 84/84/84 83/83/83 82/82/82
f 87/87/87 86/86/86 85/85/85
f 90/90/90 89/89/89 88/88/88
f 93/93/93 92/92/92 91/91/91
f 96/96/96 95/95/95 94/94/94
f 99/99/99 98/98/98 97/97/97
f 102/102/102 101/101/101 100/100/100
f 105/105/105 104/104/104 103/103/103
f 108/108/108 107/107/107 106/106/106
f 111/111/111 110/110/110 109/109/109
f 114/114/114 113/113/113 112/112/112
f 117/117/117 116/116/116 115/115/115
f 120/120/120 119/119/119 118/118/118
f 123/123/123 122/122/122 121/121/121
f 126/126/126 125/125/125 124/124/124
f 129/129/129 128/128/128 127/127/127
f 132/132/132 131/131/131 130/130/130
f 135/135/135 134/134/134 133/133/133
f 138/138/138 137/137/137 136/136/136
f 141/141/141 140/140/140 139/139/139
f 144/144/144 143/143/143 142/142/142
f 147/147/147 146/146/146 145/145/145
f 150/150/150 149/149/149 148/148/148
f 153/153/153 152/152/152 151/151/151
f 156/156/156 155/155/155 154/154/154
f 159/159/159 158/158/158 157/157/157
f 162/162/162 161/161/161 160/160/160
f 165/165/165 164/164/164 163/163/163
f 168/168/168 167/167/167 166/166/166
f 171/171/171 170/170/170 169/169/169
f 174/174/174 173/173/173 172/172/172
f 177/177/177 176/176/176 175/175/175
f 180/180/180 179/179/179 178/178/178
f 183/183/183 182/182/182 181/181/181
f 186/186/186 185/185/185 184/184/184
f 189/189/189 188/188/188 187/187/187
f 192/192/192 191/191/191 190/190/190
f 195/195/195 194/194/194 193/193/193
f 198/198/198 197/197/197 196/196/196
f 201/201/201 200/200/200 199/199/199
f 204/204/204 203/203/203 202/202/202
f 207/207/207 206/206/206 205/205/205
f 210/210/210 209/209/209 208/208/208
f 213/213/213 212/212/212 211/211/211
f 216/216/216 215/215/215 214/214/214
f 219/219/219 218/218/218 217/217/217
f 222/222/222 221/221/221 220/220/220
f 225/225/225 224/224/224 223/223/223
f 228/228/228 227/227/227 226/226/226
f 231/231/231 230/230/230 229/229/229
f 234/234/234 233/233/233 232/232/232
f 237/237/237 236/236/236 235/235/235
f 240/240/240 239/239/239 238/238/238
f 243/243/243 242/242/242 241/241/241
f 246/246/246 245/245/245 244/244/244
f 249/249/249 248/248/248 247/247/247
f 252/252/252 251/251/251 250/250/250
f 255/255/255 254/254/254 253/253/253
f 258/258/258 257/257/257 256/256/256
f 261/261/261 260/260/260 259/259/259
f 264/264/264 263/263/263 262/262/262
f 267/267/267 266/266/266 265/265/265
f 270/270/270 269/269/269 268/268/268
f 273/273/273 272/272/272 271/271/271
f 276/276/276 275/275/275 274/274/274
f 279/279/279 278/278/278 277/277/277
f 282/282/282 281/281/281 280/280/280
f 285/285/285 284/284/284 283/283/283
f 288/288/288 287/287/287 286/286/286
f 291/291/291 290/290/290 289/289/289
f 294/294/294 293/293/293 292/292/292
f 297/297/297 296/296/296 295/295/295
f 300/300/300 299/299/299 298/298/298
f 303/303/303 302/302/302 301/301/301
f 306/306/306 305/305/305 304/304/304
f 309/309/309 308/308/308 307/307/307
f 312/312/312 311/311/311 310/310/310
f 315/315/315 314/314/314 313/313/313
f 318/318/318 317/317/317 316/316/316
f 321/321/321 320/320/320 319/319/319
f 324/324/324 323/323/323 322/322/322
f 327/327/327 326/326/326 325/325/325
f 330/330/330 329/329/329 328/328/328
f 333/333/333 332/332/332 331/331/331
f 336/336/336 335/335/335 334/334/334
f 339/339/339 338/338/338 337/337/337
f 342/342/342 341/341/341 340/340/340
f 345/345/345 344/344/344 343/343/343
f 348/348/348 347/347/347 346/346/346
f 351/351/351 350/350/350 349/349/349
f 354/354/354 353/353/353 352/352/352
f 357/357/357 356/356/356 355/355/355
f 360/360/360 359/359/359 358/358/358
f 363/363/363 362/362/362 361/361/361
f 366/366/366 365/365/365 364/364/364
f 368/368/368 365/365/365 367/367/367
f 369/369/369 368/368/368 367/367/367
f 369/369/369 370/370/370 368/368/368
f 371/371/371 370/370/370 369/369/369
f 371/371/371 372/372/372 370/370/370
f 374/374/374 373/373/373 372/372/372
f 375/375/375 374/374/374 372/372/372
f 367/367/367 377/377/377 376/376/376
f 377/377/377 378/378/378 376/376/376
f 378/378/378 377/377/377 379/379/379
f 380/380/380 378/378/378 379/379/379
f 378/378/378 381/381/381 376/376/376
f 376/376/376 381/381/381 382/382/382
f 383/383/383 376/376/376 382/382/382
f 383/383/383 382/382/382 384/384/384
f 385/385/385 383/383/383 384/384/384
f 382/382/382 387/387/387 386/386/386
f 387/387/387 388/388/388 386/386/386
f 390/390/390 386/386/386 389/389/389
f 390/390/390 392/392/392 391/391/391
f 393/393/393 392/392/392 390/390/390
f 394/394/394 393/393/393 390/390/390
f 397/397/397 396/396/396 395/395/395
f 400/400/400 399/399/399 398/398/398
f 403/403/403 402/402/402 401/401/401
f 406/406/406 405/405/405 404/404/404
f 409/409/409 408/408/408 407/407/407
f 412/412/412 411/411/411 410/410/410
f 415/415/415 414/414/414 413/413/413
f 418/418/418 417/417/417 416/416/416
f 421/421/421 420/420/420 419/419/419
f 424/424/424 423/423/423 422/422/422
f 427/427/427 426/426/426 425/425/425
f 430/430/430 429/429/429 428/428/428
f 433/433/433 432/432/432 431/431/431
f 436/436/436 435/435/435 434/434/434
f 439/439/439 438/438/438 437/437/437
f 442/442/442 441/441/441 440/440/440
f 445/445/445 444/444/444 443/443/443
f 448/448/448 447/447/447 446/446/446
f 451/451/451 450/450/450 449/449/449
f 454/454/454 453/453/453 452/452/452
f 457/457/457 456/456/456 455/455/455
f 460/460/460 459/459/459 458/458/458
f 463/463/463 462/462/462 461/461/461
f 466/466/466 465/465/465 464/464/464
f 469/469/469 468/468/468 467/467/467
f 472/472/472 471/471/471 470/470/470
f 475/475/475 474/474/474 473/473/473
f 478/478/478 477/477/477 476/476/476
f 481/481/481 480/480/480 479/479/479
f 484/484/484 483/483/483 482/482/482
f 487/487/487 486/486/486 485/485/485
f 490/490/490 489/489/489 488/488/488
f 493/493/493 492/492/492 491/491/491
f 496/496/496 495/495/495 494/494/494
f 499/499/499 498/498/498 497/497/497
f 502/502/502 501/501/501 500/500/500
f 505/505/505 504/504/504 503/503/503
f 508/508/508 507/507/507 506/506/506
f 511/511/511 510/510/510 509/509/509
f 514/514/514 513/513/513 512/512/512
f 517/517/517 516/516/516 515/515/515
f 520/520/520 519/519/519 518/518/518
f 523/523/523 522/522/522 521/521/521
f 526/526/526 525/525/525 524/524/524
f 529/529/529 528/528/528 527/527/527
f 532/532/532 531/531/531 530/530/530
f 535/535/535 534/534/534 533/533/533
f 538/538/538 537/537/537 536/536/536
f 541/541/541 540/540/540 539/539/539
f 544/544/544 543/543/543 542/542/542
f 543/543/543 544/544/544 545/545/545
f 548/548/548 547/547/547 546/546/546
f 547/547/547 548/548/548 549/549/549
f 552/552/552 551/551/551 550/550/550
f 551/551/551 552/552/552 553/553/553
f 556/556/556 555/555/555 554/554/554
f 555/555/555 556/556/556 557/557/557
f 560/560/560 559/559/559 558/558/558
f 559/559/559 560/560/560 561/561/561
f 564/564/564 563/563/563 562/562/562
f 563/563/563 564/564/564 565/565/565
f 568/568/568 567/567/567 566/566/566
f 567/567/567 568/568/568 569/569/569
f 572/572/572 571/571/571 570/570/570
f 571/571/571 572/572/572 573/573/573
f 576/576/576 575/575/575 574/574/574
f 575/575/575 576/576/576 577/577/577
f 580/580/580 579/579/579 578/578/578
f 579/579/579 580/580/580 581/581/581
f 584/584/584 583/583/583 582/582/582
f 583/583/583 584/584/584 585/585/585
f 588/588/588 587/587/587 586/586/586
f 587/587/587 588/588/588 589/589/589
f 592/592/592 591/591/591 590/590/590
f 591/591/591 592/592/592 593/593/593
f 596/596/596 595/595/595 594/594/594
f 595/595/595 596/596/596 597/597/597
f 600/600/600 599/599/599 598/598/598
f 599/599/599 600/600/600 601/601/601
f 604/604/604 603/603/603 602/602/602
f 603/603/603 604/604/604 605/605/605
f 608/608/608 607/607/607 606/606/606
f 607/607/607 608/608/608 609/609/609
f 612/612/612 611/611/611 610/610/610
f 611/611/611 612/612/612 613/613/613
f 616/616/616 615/615/615 614/614/614
f 615/615/615 616/616/616 617/617/617
f 620/620/620 619/619/619 618/618/618
f 619/619/619 620/620/620 621/621/621
f 624/624/624 623/623/623 622/622/622
f 623/623/623 624/624/624 625/625/625
f 628/628/628 627/627/627 626/626/626
f 627/627/627 628/628/628 629/629/629
f 632/632/632 631/631/631 630/630/630
f 631/631/631 632/632/632 633/633/633
f 636/636/636 635/635/635 634/634/634
f 635/635/635 636/636/636 637/637/637
f 640/640/640 639/639/639 638/638/638
f 639/639/639 640/640/640 641/641/641
f 644/644/644 643/643/643 642/642/642
f 643/643/643 644/644/644 645/645/645
f 648/648/648 647/647/647 646/646/646
f 647/647/647 648/648/648 649/649/649
f 652/652/652 651/651/651 650/650/650
f 651/651/651 652/652/652 653/653/653
f 656/656/656 655/655/655 654/654/654
f 655/655/655 656/656/656 657/657/657
f 660/660/660 659/659/659 658/658/658
f 659/659/659 660/660/660 661/661/661
f 664/664/664 663/663/663 662/662/662
f 663/663/663 664/664/664 665/665/665
f 668/668/668 667/667/667 666/666/666
f 667/667/667 668/668/668 669/669/669
f 672/672/672 671/671/671 670/670/670
f 671/671/671 672/672/672 673/673/673
f 676/676/676 675/675/675 674/674/674
f 675/675/675 676/676/676 677/677/677
f 680/680/680 679/679/679 678/678/678
f 679/679/679 680/680/680 681/681/681
f 684/684/684 683/683/683 682/682/682
f 683/683/683 684/684/684 685/685/685
f 688/688/688 687/687/687 686/686/686
f 687/687/687 688/688/688 689/689/689
f 692/692/692 691/691/691 690/690/690
f 691/691/691 692/692/692 693/693/693
f 696/696/696 695/695/695 694/694/694
f 695/695/695 696/696/696 697/697/697
f 700/700/700 699/699/699 698/698/698
f 699/699/699 700/700/700 701/701/701
f 704/704/704 703/703/703 702/702/702
f 703/703/703 704/704/704 705/705/705
f 708/708/708 707/707/707 706/706/706
f 707/707/707 708/708/708 709/709/709
f 712/712/712 711/711/711 710/710/710
f 711/711/711 712/712/712 713/713/713
f 716/716/716 715/715/715 714/714/714
f 715/715/715 716/716/716 717/717/717
f 720/720/720 719/719/719 718/718/718
f 719/719/719 720/720/720 721/721/721
f 724/724/724 723/723/723 722/722/722
f 723/723/723 724/724/724 725/725/725
f 728/728/728 727/727/727 726/726/726
f 727/727/727 728/728/728 729/729/729
f 732/732/732 731/731/731 730/730/730
f 731/731/731 732/732/732 733/733/733
f 736/736/736 735/735/735 734/734/734
f 735/735/735 736/736/736 737/737/737
f 740/740/740 739/739/739 738/738/738
f 739/739/739 740/740/740 741/741/741
f 744/744/744 743/743/743 742/742/742
f 743/743/743 744/744/744 745/745/745
f 748/748/748 747/747/747 746/746/746
f 747/747/747 748/748/748 749/749/749
f 752/752/752 751/751/751 750/750/750
f 751/751/751 752/752/752 753/753/753
f 756/756/756 755/755/755 754/754/754
f 755/755/755 756/756/756 757/757/757
f 760/760/760 759/759/759 758/758/758
f 759/759/759 760/760/760 761/761/761
f 764/764/764 763/763/763 762/762/762
f 763/763/763 764/764/764 765/765/765
f 768/768/768 767/767/767 766/766/766
f 767/767/767 768/768/768 769/769/769
f 772/772/772 771/771/771 770/770/770
f 771/771/771 772/772/772 773/773/773
f 776/776/776 775/775/775 774/774/774
f 775/775/775 776/776/776 777/777/777
f 780/780/780 779/779/779 778/778/778
f 779/779/779 780/780/780 781/781/781
f 784/784/784 783/783/783 782/782/782
f 783/783/783 784/784/784 785/785/785
f 788/788/788 787/787/787 786/786/786
f 787/787/787 788/788/788 789/789/789
f 792/792/792 791/791/791 790/790/790
f 791/791/791 792/792/792 793/793/793
f 796/796/796 795/795/795 794/794/794
f 795/795/795 796/796/796 797/797/797
f 800/800/800 799/799/799 798/798/798
f 799/799/799 800/800/800 801/801/801
f 804/804/804 803/803/803 802/802/802
f 803/803/803 804/804/804 805/805/805
f 808/808/808 807/807/807 806/806/806
f 807/807/807 808/808/808 809/809/809
f 812/812/812 811/811/811 810/810/810
f 811/811/811 812/812/812 813/813/813
f 816/816/816 815/815/815 814/814/814
f 815/815/815 816/816/816 817/817/817
f 820/820/820 819/819/819 818/818/818
f 819/819/819 820/820/820 821/821/821
f 824/824/824 823/823/823 822/822/822
f 823/823/823 824/824/824 825/825/825
f 828/828/828 827/827/827 826/826/826
f 827/827/827 828/828/828 829/829/829
f 832/832/832 831/831/831 830/830/830
f 831/831/831 832/832/832 833/833/833
f 836/836/836 835/835/835 834/834/834
f 835/835/835 836/836/836 837/837/837
f 840/840/840 839/839/839 838/838/838
f 839/839/839 840/840/840 841/841/841
f 844/844/844 843/843/843 842/842/842
f 843/843/843 844/844/844 845/845/845
f 848/848/848 847/847/847 846/846/846
f 847/847/847 848/848/848 849/849/849
f 852/852/852 851/851/851 850/850/850
f 851/851/851 852/852/852 853/853/853
f 856/856/856 855/855/855 854/854/854
f 855/855/855 856/856/856 857/857/857
f 860/860/860 859/859/859 858/858/858
f 859/859/859 860/860/860 861/861/861
f 864/864/864 863/863/863 862/862/862
f 863/863/863 864/864/864 865/865/865
f 868/868/868 867/867/867 866/866/866
f 867/867/867 868/868/868 869/869/869
f 872/872/872 871/871/871 870/870/870
f 871/871/871 872/872/872 873/873/873
f 876/876/876 875/875/875 874/874/874
f 875/875/875 876/876/876 877/877/877
f 880/880/880 879/879/879 878/878/878
f 879/879/879 880/880/880 881/881/881
f 884/884/884 883/883/883 882/882/882
f 883/883/883 884/884/884 885/885/885
f 888/888/888 887/887/887 886/886/886
f 887/887/887 888/888/888 889/889/889
f 892/892/892 891/891/891 890/890/890
f 891/891/891 892/892/892 893/893/893
f 896/896/896 895/895/895 894/894/894
f 895/895/895 896/896/896 897/897/897
f 900/900/900 899/899/899 898/898/898
f 899/899/899 900/900/900 901/901/901
f 904/904/904 903/903/903 902/902/902
f 903/903/903 904/904/904 905/905/905
f 908/908/908 907/907/907 906/906/906
f 907/907/907 908/908/908 909/909/909
f 912/912/912 911/911/911 910/910/910
f 911/911/911 912/912/912 913/913/913
f 916/916/916 915/915/915 914/914/914
f 915/915/915 916/916/916 917/917/917
f 920/920/920 919/919/919 918/918/918
f 919/919/919 920/920/920 921/921/921
f 924/924/924 923/923/923 922/922/922
f 923/923/923 924/924/924 925/925/925
f 928/928/928 927/927/927 926/926/926
f 927/927/927 928/928/928 929/929/929
f 932/932/932 931/931/931 930/930/930
f 931/931/931 932/932/932 933/933/933
f 936/936/936 935/935/935 934/934/934
f 935/935/935 936/936/936 937/937/937
f 940/940/940 939/939/939 938/938/938
f 939/939/939 940/940/940 941/941/941
f 944/944/944 943/943/943 942/942/942
f 943/943/943 944/944/944 945/945/945
f 948/948/948 947/947/947 946/946/946
f 947/947/947 948/948/948 949/949/949
f 952/952/952 951/951/951 950/950/950
f 951/951/951 952/952/952 953/953/953
f 956/956/956 955/955/955 954/954/954
f 955/955/955 956/956/956 957/957/957
f 960/960/960 959/959/959 958/958/958
f 959/959/959 960/960/960 961/961/961
f 964/964/964 963/963/963 962/962/962
f 963/963/963 964/964/964 965/965/965
f 968/968/968 967/967/967 966/966/966
f 967/967/967 968/968/968 969/969/969
f 972/972/972 971/971/971 970/970/970
f 971/971/971 972/972/972 973/973/973
f 976/976/976 975/975/975 974/974/974
f 975/975/975 976/976/976 977/977/977
f 980/980/980 979/979/979 978/978/978
f 979/979/979 980/980/980 981/981/981
f 984/984/984 983/983/983 982/982/982
f 983/983/983 984/984/984 985/985/985
f 988/988/988 987/987/987 986/986/986
f 987/987/987 988/988/988 989/989/989
f 992/992/992 991/991/991 990/990/990
f 993/993/993 992/992/992 990/990/990
f 993/993/993 990/990/990 994/994/994
f 995/995/995 993/993/993 994/994/994
f 995/995/995 994/994/994 996/996/996
f 997/997/997 995/995/995 996/996/996
f 1000/1000/1000 999/999/999 998/998/998
f 1001/1001/1001 1000/1000/1000 998/998/998
f 1001/1001/1001 998/998/998 1002/1002/1002
f 1000/1000/1000 1001/1001/1001 1003/1003/1003
f 1004/1004/1004 1000/1000/1000 1003/1003/1003
f 1005/1005/1005 1001/1001/1001 1002/1002/1002
f 1005/1005/1005 1002/1002/1002 1006/1006/1006
f 1007/1007/1007 1005/1005/1005 1006/1006/1006
f 1005/1005/1005 1007/1007/1007 1008/1008/1008
f 1009/1009/1009 1005/1005/1005 1008/1008/1008
f 1012/1012/1012 1011/1011/1011 1010/1010/1010
f 1013/1013/1013 1012/1012/1012 1010/1010/1010
f 1013/1013/1013 1010/1010/1010 1014/1014/1014
f 1015/1015/1015 1013/1013/1013 1014/1014/1014
f 1015/1015/1015 1014/1014/1014 1016/1016/1016
f 1017/1017/1017 1015/1015/1015 1016/1016/1016
f 1020/1020/1020 1019/1019/1019 1018/1018/1018
f 1021/1021/1021 1020/1020/1020 1018/1018/1018
f 1021/1021/1021 1018/1018/1018 1022/1022/1022
f 1023/1023/1023 1021/1021/1021 1022/1022/1022
f 1023/1023/1023 1022/1022/1022 1024/1024/1024
f 1025/1025/1025 1023/1023/1023 1024/1024/1024
f 1028/1028/1028 1027/1027/1027 1026/1026/1026
f 1029/1029/1029 1028/1028/1028 1026/1026/1026
f 1029/1029/1029 1026/1026/1026 1030/1030/1030
f 1031/1031/1031 1029/1029/1029 1030/1030/1030
f 1031/1031/1031 1030/1030/1030 1032/1032/1032
f 1033/1033/1033 1031/1031/1031 1032/1032/1032
f 1036/1036/1036 1035/1035/1035 1034/1034/1034
f 1037/1037/1037 1036/1036/1036 1034/1034/1034
f 1037/1037/1037 1034/1034/1034 1038/1038/1038
f 1039/1039/1039 1037/1037/1037 1038/1038/1038
f 1039/1039/1039 1038/1038/1038 1040/1040/1040
f 1041/1041/1041 1039/1039/1039 1040/1040/1040
f 1044/1044/1044 1043/1043/1043 1042/1042/1042
f 1045/1045/1045 1044/1044/1044 1042/1042/1042
f 1045/1045/1045 1042/1042/1042 1046/1046/1046
f 1047/1047/1047 1045/1045/1045 1046/1046/1046
f 1047/1047/1047 1046/1046/1046 1048/1048/1048
f 1049/1049/1049 1047/1047/1047 1048/1048/1048
f 1052/1052/1052 1051/1051/1051 1050/1050/1050
f 1053/1053/1053 1052/1052/1052 1050/1050/1050
f 1053/1053/1053 1050/1050/1050 1054/1054/1054
f 1055/1055/1055 1053/1053/1053 1054/1054/1054
f 1055/1055/1055 1054/1054/1054 1056/1056/1056
f 1057/1057/1057 1055/1055/1055 1056/1056/1056
f 1060/1060/1060 1059/1059/1059 1058/1058/1058
f 1061/1061/1061 1060/1060/1060 1058/1058/1058
f 1064/1064/1064 1063/1063/1063 1062/1062/1062
f 1063/1063/1063 1064/1064/1064 1065/1065/1065
f 1068/1068/1068 1067/1067/1067 1066/1066/1066
f 1069/1069/1069 1068/1068/1068 1066/1066/1066
f 1069/1069/1069 1066/1066/1066 1070/1070/1070
f 1071/1071/1071 1069/1069/1069 1070/1070/1070
f 1074/1074/1074 1073/1073/1073 1072/1072/1072
f 1073/1073/1073 1074/1074/1074 1075/1075/1075
f 1078/1078/1078 1077/1077/1077 1076/1076/1076
f 1077/1077/1077 1079/1079/1079 1076/1076/1076
f 1077/1077/1077 1080/1080/1080 1079/1079/1079
f 1076/1076/1076 1079/1079/1079 1081/1081/1081
f 1080/1080/1080 1082/1082/1082 1079/1079/1079
f 1079/1079/1079 1083/1083/1083 1081/1081/1081
f 1079/1079/1079 1082/1082/1082 1083/1083/1083
f 1081/1081/1081 1083/1083/1083 1084/1084/1084
f 1082/1082/1082 1085/1085/1085 1083/1083/1083
f 1083/1083/1083 1086/1086/1086 1084/1084/1084
f 1083/1083/1083 1085/1085/1085 1086/1086/1086
f 1085/1085/1085 1087/1087/1087 1086/1086/1086
f 1090/1090/1090 1089/1089/1089 1088/1088/1088
f 1089/1089/1089 1091/1091/1091 1088/1088/1088
f 1089/1089/1089 1092/1092/1092 1091/1091/1091
f 1092/1092/1092 1093/1093/1093 1091/1091/1091
f 1096/1096/1096 1095/1095/1095 1094/1094/1094
f 1095/1095/1095 1097/1097/1097 1094/1094/1094
f 1094/1094/1094 1097/1097/1097 1098/1098/1098
f 1097/1097/1097 1099/1099/1099 1098/1098/1098
f 1098/1098/1098 1099/1099/1099 1100/1100/1100
f 1099/1099/1099 1101/1101/1101 1100/1100/1100
f 1104/1104/1104 1103/1103/1103 1102/1102/1102
f 1105/1105/1105 1104/1104/1104 1102/1102/1102
f 1108/1108/1108 1107/1107/1107 1106/1106/1106
f 1109/1109/1109 1108/1108/1108 1106/1106/1106
f 1109/1109/1109 1106/1106/1106 1110/1110/1110
f 1111/1111/1111 1109/1109/1109 1110/1110/1110
f 1114/1114/1114 1113/1113/1113 1112/1112/1112
f 1115/1115/1115 1113/1113/1113 1114/1114/1114
f 1116/1116/1116 1115/1115/1115 1114/1114/1114
f 1117/1117/1117 1115/1115/1115 1116/1116/1116
f 1118/1118/1118 1117/1117/1117 1116/1116/1116
f 1121/1121/1121 1120/1120/1120 1119/1119/1119
f 1122/1122/1122 1121/1121/1121 1119/1119/1119
f 1122/1122/1122 1119/1119/1119 1123/1123/1123
f 1124/1124/1124 1121/1121/1121 1122/1122/1122
f 1125/1125/1125 1122/1122/1122 1123/1123/1123
f 1126/1126/1126 1124/1124/1124 1122/1122/1122
f 1126/1126/1126 1122/1122/1122 1125/1125/1125
f 1124/1124/1124 1126/1126/1126 1127/1127/1127
f 1128/1128/1128 1126/1126/1126 1125/1125/1125
f 1126/1126/1126 1129/1129/1129 1127/1127/1127
f 1126/1126/1126 1128/1128/1128 1130/1130/1130
f 1129/1129/1129 1126/1126/1126 1130/1130/1130
f 1133/1133/1133 1132/1132/1132 1131/1131/1131
f 1134/1134/1134 1133/1133/1133 1131/1131/1131
f 1134/1134/1134 1131/1131/1131 1135/1135/1135
f 1136/1136/1136 1134/1134/1134 1135/1135/1135
f 1135/1135/1135 1137/1137/1137 1136/1136/1136
f 1140/1140/1140 1139/1139/1139 1138/1138/1138
f 1141/1141/1141 1140/1140/1140 1138/1138/1138
f 1142/1142/1142 1141/1141/1141 1138/1138/1138
f 1143/1143/1143 1142/1142/1142 1138/1138/1138
f 1142/1142/1142 1143/1143/1143 1144/1144/1144
f 1145/1145/1145 1142/1142/1142 1144/1144/1144
f 1148/1148/1148 1147/1147/1147 1146/1146/1146
f 1149/1149/1149 1148/1148/1148 1146/1146/1146
f 1150/1150/1150 1149/1149/1149 1146/1146/1146
f 1151/1151/1151 1150/1150/1150 1146/1146/1146
f 1152/1152/1152 1150/1150/1150 1151/1151/1151
f 1155/1155/1155 1154/1154/1154 1153/1153/1153
f 1156/1156/1156 1155/1155/1155 1153/1153/1153
f 1156/1156/1156 1153/1153/1153 1157/1157/1157
f 1157/1157/1157 1158/1158/1158 1156/1156/1156
f 1158/1158/1158 1159/1159/1159 1156/1156/1156
f 1159/1159/1159 1158/1158/1158 1160/1160/1160
f 1161/1161/1161 1159/1159/1159 1160/1160/1160
f 1164/1164/1164 1163/1163/1163 1162/1162/1162
f 1165/1165/1165 1164/1164/1164 1162/1162/1162
f 1168/1168/1168 1167/1167/1167 1166/1166/1166
f 1169/1169/1169 1168/1168/1168 1166/1166/1166
f 1170/1170/1170 1169/1169/1169 1166/1166/1166
f 1171/1171/1171 1170/1170/1170 1166/1166/1166
f 1170/1170/1170 1171/1171/1171 1172/1172/1172
f 1172/1172/1172 1171/1171/1171 1173/1173/1173
f 1174/1174/1174 1172/1172/1172 1173/1173/1173
f 1175/1175/1175 1174/1174/1174 1173/1173/1173
f 1176/1176/1176 1175/1175/1175 1173/1173/1173
f 1177/1177/1177 1175/1175/1175 1176/1176/1176
f 1178/1178/1178 1177/1177/1177 1176/1176/1176
f 1178/1178/1178 1179/1179/1179 1177/1177/1177
f 1179/1179/1179 1180/1180/1180 1177/1177/1177
f 1183/1183/1183 1182/1182/1182 1181/1181/1181
f 1184/1184/1184 1183/1183/1183 1181/1181/1181
f 1187/1187/1187 1186/1186/1186 1185/1185/1185
f 1188/1188/1188 1187/1187/1187 1185/1185/1185
f 1191/1191/1191 1190/1190/1190 1189/1189/1189
f 1189/1189/1189 1192/1192/1192 1191/1191/1191
f 1195/1195/1195 1194/1194/1194 1193/1193/1193
f 1196/1196/1196 1195/1195/1195 1193/1193/1193
f 1199/1199/1199 1198/1198/1198 1197/1197/1197
f 1198/1198/1198 1200/1200/1200 1197/1197/1197
f 1201/1201/1201 1200/1200/1200 1198/1198/1198
f 1204/1204/1204 1203/1203/1203 1202/1202/1202
f 1203/1203/1203 1205/1205/1205 1202/1202/1202
f 1208/1208/1208 1207/1207/1207 1206/1206/1206
f 1207/1207/1207 1209/1209/1209 1206/1206/1206
f 1212/1212/1212 1211/1211/1211 1210/1210/1210
f 1213/1213/1213 1212/1212/1212 1210/1210/1210
f 1216/1216/1216 1215/1215/1215 1214/1214/1214
f 1214/1214/1214 1217/1217/1217 1216/1216/1216
f 1214/1214/1214 1218/1218/1218 1217/1217/1217
f 1221/1221/1221 1220/1220/1220 1219/1219/1219
f 1222/1222/1222 1221/1221/1221 1219/1219/1219
f 1225/1225/1225 1224/1224/1224 1223/1223/1223
f 1226/1226/1226 1225/1225/1225 1223/1223/1223
f 1229/1229/1229 1228/1228/1228 1227/1227/1227
f 1228/1228/1228 1229/1229/1229 1230/1230/1230
f 1233/1233/1233 1232/1232/1232 1231/1231/1231
f 1232/1232/1232 1233/1233/1233 1234/1234/1234
f 1237/1237/1237 1236/1236/1236 1235/1235/1235
f 1236/1236/1236 1237/1237/1237 1238/1238/1238
f 1241/1241/1241 1240/1240/1240 1239/1239/1239
f 1240/1240/1240 1241/1241/1241 1242/1242/1242
f 1245/1245/1245 1244/1244/1244 1243/1243/1243
f 1244/1244/1244 1245/1245/1245 1246/1246/1246
f 1249/1249/1249 1248/1248/1248 1247/1247/1247
f 1248/1248/1248 1249/1249/1249 1250/1250/1250
f 1253/1253/1253 1252/1252/1252 1251/1251/1251
f 1252/1252/1252 1253/1253/1253 1254/1254/1254
f 1257/1257/1257 1256/1256/1256 1255/1255/1255
f 1256/1256/1256 1257/1257/1257 1258/1258/1258
f 1261/1261/1261 1260/1260/1260 1259/1259/1259
f 1260/1260/1260 1261/1261/1261 1262/1262/1262
f 1265/1265/1265 1264/1264/1264 1263/1263/1263
f 1264/1264/1264 1265/1265/1265 1266/1266/1266
f 1269/1269/1269 1268/1268/1268 1267/1267/1267
f 1268/1268/1268 1269/1269/1269 1270/1270/1270
f 1273/1273/1273 1272/1272/1272 1271/1271/1271
f 1272/1272/1272 1273/1273/1273 1274/1274/1274
f 1277/1277/1277 1276/1276/1276 1275/1275/1275
f 1276/1276/1276 1277/1277/1277 1278/1278/1278
f 1281/1281/1281 1280/1280/1280 1279/1279/1279
f 1280/1280/1280 1281/1281/1281 1282/1282/1282
f 1285/1285/1285 1284/1284/1284 1283/1283/1283
f 1284/1284/1284 1285/1285/1285 1286/1286/1286
f 1289/1289/1289 1288/1288/1288 1287/1287/1287
f 1288/1288/1288 1289/1289/1289 1290/1290/1290
f 1293/1293/1293 1292/1292/1292 1291/1291/1291
f 1292/1292/1292 1293/1293/1293 1294/1294/1294
f 1297/1297/1297 1296/1296/1296 1295/1295/1295
f 1296/1296/1296 1297/1297/1297 1298/1298/1298
f 1301/1301/1301 1300/1300/1300 1299/1299/1299
f 1300/1300/1300 1301/1301/1301 1302/1302/1302
f 1305/1305/1305 1304/1304/1304 1303/1303/1303
f 1304/1304/1304 1305/1305/1305 1306/1306/1306
f 1309/1309/1309 1308/1308/1308 1307/1307/1307
f 1308/1308/1308 1309/1309/1309 1310/1310/1310
f 1313/1313/1313 1312/1312/1312 1311/1311/1311
f 1312/1312/1312 1313/1313/1313 1314/1314/1314
f 1317/1317/1317 1316/1316/1316 1315/1315/1315
f 1316/1316/1316 1317/1317/1317 1318/1318/1318
f 1321/1321/1321 1320/1320/1320 1319/1319/1319
f 1320/1320/1320 1321/1321/1321 1322/1322/1322
f 1325/1325/1325 1324/1324/1324 1323/1323/1323
f 1324/1324/1324 1325/1325/1325 1326/1326/1326
f 1329/1329/1329 1328/1328/1328 1327/1327/1327
f 1328/1328/1328 1329/1329/1329 1330/1330/1330
f 1333/1333/1333 1332/1332/1332 1331/1331/1331
f 1332/1332/1332 1333/1333/1333 1334/1334/1334
f 1337/1337/1337 1336/1336/1336 1335/1335/1335
f 1336/1336/1336 1337/1337/1337 1338/1338/1338
f 1341/1341/1341 1340/1340/1340 1339/1339/1339
f 1340/1340/1340 1341/1341/1341 1342/1342/1342
f 1345/1345/1345 1344/1344/1344 1343/1343/1343
f 1344/1344/1344 1345/1345/1345 1346/1346/1346
f 1349/1349/1349 1348/1348/1348 1347/1347/1347
f 1348/1348/1348 1349/1349/1349 1350/1350/1350
f 1353/1353/1353 1352/1352/1352 1351/1351/1351
f 1352/1352/1352 1353/1353/1353 1354/1354/1354
f 1357/1357/1357 1356/1356/1356 1355/1355/1355
f 1356/1356/1356 1357/1357/1357 1358/1358/1358
f 1361/1361/1361 1360/1360/1360 1359/1359/1359
f 1360/1360/1360 1361/1361/1361 1362/1362/1362
f 1365/1365/1365 1364/1364/1364 1363/1363/1363
f 1364/1364/1364 1365/1365/1365 1366/1366/1366
f 1369/1369/1369 1368/1368/1368 1367/1367/1367
f 1370/1370/1370 1369/1369/1369 1367/1367/1367
f 1368/1368/1368 1369/1369/1369 1371/1371/1371
f 1372/1372/1372 1369/1369/1369 1370/1370/1370
f 1371/1371/1371 1369/1369/1369 1373/1373/1373
f 1369/1369/1369 1372/1372/1372 1373/1373/1373
g B002_R_001_1
f 1376/1376/1376 1375/1375/1375 1374/1374/1374
f 1375/1375/1375 1376/1376/1376 1377/1377/1377
f 1380/1380/1380 1379/1379/1379 1378/1378/1378
f 1379/1379/1379 1380/1380/1380 1381/1381/1381
f 1384/1384/1384 1383/1383/1383 1382/1382/1382
f 1383/1383/1383 1384/1384/1384 1385/1385/1385
f 1388/1388/1388 1387/1387/1387 1386/1386/1386
f 1387/1387/1387 1388/1388/1388 1389/1389/1389
f 1392/1392/1392 1391/1391/1391 1390/1390/1390
f 1391/1391/1391 1392/1392/1392 1393/1393/1393
f 1396/1396/1396 1395/1395/1395 1394/1394/1394
f 1395/1395/1395 1396/1396/1396 1397/1397/1397
f 1400/1400/1400 1399/1399/1399 1398/1398/1398
f 1399/1399/1399 1400/1400/1400 1401/1401/1401
f 1404/1404/1404 1403/1403/1403 1402/1402/1402
f 1403/1403/1403 1404/1404/1404 1405/1405/1405
f 1408/1408/1408 1407/1407/1407 1406/1406/1406
f 1407/1407/1407 1408/1408/1408 1409/1409/1409
f 1412/1412/1412 1411/1411/1411 1410/1410/1410
f 1411/1411/1411 1412/1412/1412 1413/1413/1413
f 1416/1416/1416 1415/1415/1415 1414/1414/1414
f 1415/1415/1415 1416/1416/1416 1417/1417/1417
f 1420/1420/1420 1419/1419/1419 1418/1418/1418
f 1419/1419/1419 1420/1420/1420 1421/1421/1421
f 1424/1424/1424 1423/1423/1423 1422/1422/1422
f 1425/1425/1425 1424/1424/1424 1422/1422/1422
f 1424/1424/1424 1425/1425/1425 1426/1426/1426
f 1427/1427/1427 1424/1424/1424 1426/1426/1426
f 1427/1427/1427 1426/1426/1426 1428/1428/1428
f 1429/1429/1429 1427/1427/1427 1428/1428/1428
f 1432/1432/1432 1431/1431/1431 1430/1430/1430
f 1431/1431/1431 1432/1432/1432 1433/1433/1433
f 1434/1434/1434 1431/1431/1431 1433/1433/1433
f 1435/1435/1435 1431/1431/1431 1434/1434/1434
f 1436/1436/1436 1435/1435/1435 1434/1434/1434
f 1437/1437/1437 1435/1435/1435 1436/1436/1436
f 1438/1438/1438 1437/1437/1437 1436/1436/1436
f 1439/1439/1439 1438/1438/1438 1436/1436/1436
f 1440/1440/1440 1439/1439/1439 1436/1436/1436
f 1441/1441/1441 1439/1439/1439 1440/1440/1440
f 1444/1444/1444 1443/1443/1443 1442/1442/1442
f 1443/1443/1443 1444/1444/1444 1445/1445/1445
f 1448/1448/1448 1447/1447/1447 1446/1446/1446
f 1447/1447/1447 1448/1448/1448 1449/1449/1449
f 1452/1452/1452 1451/1451/1451 1450/1450/1450
f 1451/1451/1451 1452/1452/1452 1453/1453/1453
f 1456/1456/1456 1455/1455/1455 1454/1454/1454
f 1455/1455/1455 1456/1456/1456 1457/1457/1457
g B002_R_001_2
f 1460/1460/1460 1459/1459/1459 1458/1458/1458
f 1463/1463/1463 1462/1462/1462 1461/1461/1461
f 1466/1466/1466 1465/1465/1465 1464/1464/1464
f 1469/1469/1469 1468/1468/1468 1467/1467/1467
f 1472/1472/1472 1471/1471/1471 1470/1470/1470
f 1475/1475/1475 1474/1474/1474 1473/1473/1473
f 1478/1478/1478 1477/1477/1477 1476/1476/1476
f 1481/1481/1481 1480/1480/1480 1479/1479/1479
f 1484/1484/1484 1483/1483/1483 1482/1482/1482
f 1487/1487/1487 1486/1486/1486 1485/1485/1485
f 1490/1490/1490 1489/1489/1489 1488/1488/1488
f 1493/1493/1493 1492/1492/1492 1491/1491/1491
f 1496/1496/1496 1495/1495/1495 1494/1494/1494
f 1499/1499/1499 1498/1498/1498 1497/1497/1497
f 1502/1502/1502 1501/1501/1501 1500/1500/1500
f 1505/1505/1505 1504/1504/1504 1503/1503/1503
f 1508/1508/1508 1507/1507/1507 1506/1506/1506
f 1511/1511/1511 1510/1510/1510 1509/1509/1509
f 1514/1514/1514 1513/1513/1513 1512/1512/1512
f 1517/1517/1517 1516/1516/1516 1515/1515/1515
f 1520/1520/1520 1519/1519/1519 1518/1518/1518
f 1523/1523/1523 1522/1522/1522 1521/1521/1521
f 1526/1526/1526 1525/1525/1525 1524/1524/1524
f 1529/1529/1529 1528/1528/1528 1527/1527/1527
f 1532/1532/1532 1531/1531/1531 1530/1530/1530
f 1535/1535/1535 1534/1534/1534 1533/1533/1533
f 1538/1538/1538 1537/1537/1537 1536/1536/1536
f 1541/1541/1541 1540/1540/1540 1539/1539/1539
f 1544/1544/1544 1543/1543/1543 1542/1542/1542
f 1547/1547/1547 1546/1546/1546 1545/1545/1545
f 1550/1550/1550 1549/1549/1549 1548/1548/1548
f 1553/1553/1553 1552/1552/1552 1551/1551/1551
f 1556/1556/1556 1555/1555/1555 1554/1554/1554
f 1559/1559/1559 1558/1558/1558 1557/1557/1557
f 1562/1562/1562 1561/1561/1561 1560/1560/1560
f 1565/1565/1565 1564/1564/1564 1563/1563/1563
f 1568/1568/1568 1567/1567/1567 1566/1566/1566
f 1571/1571/1571 1570/1570/1570 1569/1569/1569
f 1574/1574/1574 1573/1573/1573 1572/1572/1572
f 1577/1577/1577 1576/1576/1576 1575/1575/1575
f 1580/1580/1580 1579/1579/1579 1578/1578/1578
f 1583/1583/1583 1582/1582/1582 1581/1581/1581
f 1586/1586/1586 1585/1585/1585 1584/1584/1584
f 1589/1589/1589 1588/1588/1588 1587/1587/1587
f 1592/1592/1592 1591/1591/1591 1590/1590/1590
f 1595/1595/1595 1594/1594/1594 1593/1593/1593
f 1598/1598/1598 1597/1597/1597 1596/1596/1596
f 1601/1601/1601 1600/1600/1600 1599/1599/1599
f 1604/1604/1604 1603/1603/1603 1602/1602/1602
f 1607/1607/1607 1606/1606/1606 1605/1605/1605
f 1610/1610/1610 1609/1609/1609 1608/1608/1608
f 1613/1613/1613 1612/1612/1612 1611/1611/1611
f 1616/1616/1616 1615/1615/1615 1614/1614/1614
f 1619/1619/1619 1618/1618/1618 1617/1617/1617
f 1622/1622/1622 1621/1621/1621 1620/1620/1620
f 1625/1625/1625 1624/1624/1624 1623/1623/1623
f 1628/1628/1628 1627/1627/1627 1626/1626/1626
f 1631/1631/1631 1630/1630/1630 1629/1629/1629
f 1634/1634/1634 1633/1633/1633 1632/1632/1632
f 1637/1637/1637 1636/1636/1636 1635/1635/1635
f 1640/1640/1640 1639/1639/1639 1638/1638/1638
f 1643/1643/1643 1642/1642/1642 1641/1641/1641
f 1646/1646/1646 1645/1645/1645 1644/1644/1644
f 1649/1649/1649 1648/1648/1648 1647/1647/1647
f 1652/1652/1652 1651/1651/1651 1650/1650/1650
f 1655/1655/1655 1654/1654/1654 1653/1653/1653
f 1658/1658/1658 1657/1657/1657 1656/1656/1656
f 1661/1661/1661 1660/1660/1660 1659/1659/1659
f 1664/1664/1664 1663/1663/1663 1662/1662/1662
f 1667/1667/1667 1666/1666/1666 1665/1665/1665
f 1670/1670/1670 1669/1669/1669 1668/1668/1668
f 1673/1673/1673 1672/1672/1672 1671/1671/1671
f 1676/1676/1676 1675/1675/1675 1674/1674/1674
f 1679/1679/1679 1678/1678/1678 1677/1677/1677
f 1682/1682/1682 1681/1681/1681 1680/1680/1680
f 1685/1685/1685 1684/1684/1684 1683/1683/1683
f 1688/1688/1688 1687/1687/1687 1686/1686/1686
f 1691/1691/1691 1690/1690/1690 1689/1689/1689
f 1694/1694/1694 1693/1693/1693 1692/1692/1692
f 1697/1697/1697 1696/1696/1696 1695/1695/1695
f 1700/1700/1700 1699/1699/1699 1698/1698/1698
f 1703/1703/1703 1702/1702/1702 1701/1701/1701
f 1706/1706/1706 1705/1705/1705 1704/1704/1704
f 1709/1709/1709 1708/1708/1708 1707/1707/1707
f 1712/1712/1712 1711/1711/1711 1710/1710/1710
f 1715/1715/1715 1714/1714/1714 1713/1713/1713
f 1718/1718/1718 1717/1717/1717 1716/1716/1716
f 1721/1721/1721 1720/1720/1720 1719/1719/1719
f 1720/1720/1720 1721/1721/1721 1722/1722/1722
f 1725/1725/1725 1724/1724/1724 1723/1723/1723
f 1724/1724/1724 1725/1725/1725 1726/1726/1726
f 1729/1729/1729 1728/1728/1728 1727/1727/1727
f 1728/1728/1728 1729/1729/1729 1730/1730/1730
f 1733/1733/1733 1732/1732/1732 1731/1731/1731
f 1732/1732/1732 1733/1733/1733 1734/1734/1734
f 1737/1737/1737 1736/1736/1736 1735/1735/1735
f 1736/1736/1736 1737/1737/1737 1738/1738/1738
f 1741/1741/1741 1740/1740/1740 1739/1739/1739
f 1740/1740/1740 1741/1741/1741 1742/1742/1742
f 1745/1745/1745 1744/1744/1744 1743/1743/1743
f 1744/1744/1744 1745/1745/1745 1746/1746/1746
f 1749/1749/1749 1748/1748/1748 1747/1747/1747
f 1748/1748/1748 1749/1749/1749 1750/1750/1750
f 1753/1753/1753 1752/1752/1752 1751/1751/1751
f 1752/1752/1752 1753/1753/1753 1754/1754/1754
f 1757/1757/1757 1756/1756/1756 1755/1755/1755
f 1756/1756/1756 1757/1757/1757 1758/1758/1758
f 1761/1761/1761 1760/1760/1760 1759/1759/1759
f 1760/1760/1760 1761/1761/1761 1762/1762/1762
f 1765/1765/1765 1764/1764/1764 1763/1763/1763
f 1764/1764/1764 1765/1765/1765 1766/1766/1766
f 1769/1769/1769 1768/1768/1768 1767/1767/1767
f 1768/1768/1768 1769/1769/1769 1770/1770/1770
f 1773/1773/1773 1772/1772/1772 1771/1771/1771
f 1772/1772/1772 1773/1773/1773 1774/1774/1774
f 1777/1777/1777 1776/1776/1776 1775/1775/1775
f 1776/1776/1776 1777/1777/1777 1778/1778/1778
f 1781/1781/1781 1780/1780/1780 1779/1779/1779
f 1780/1780/1780 1781/1781/1781 1782/1782/1782
f 1785/1785/1785 1784/1784/1784 1783/1783/1783
f 1784/1784/1784 1785/1785/1785 1786/1786/1786
f 1789/1789/1789 1788/1788/1788 1787/1787/1787
f 1788/1788/1788 1789/1789/1789 1790/1790/1790
f 1793/1793/1793 1792/1792/1792 1791/1791/1791
f 1792/1792/1792 1793/1793/1793 1794/1794/1794
f 1797/1797/1797 1796/1796/1796 1795/1795/1795
f 1796/1796/1796 1797/1797/1797 1798/1798/1798
f 1801/1801/1801 1800/1800/1800 1799/1799/1799
f 1800/1800/1800 1801/1801/1801 1802/1802/1802
f 1805/1805/1805 1804/1804/1804 1803/1803/1803
f 1804/1804/1804 1805/1805/1805 1806/1806/1806
f 1809/1809/1809 1808/1808/1808 1807/1807/1807
f 1808/1808/1808 1809/1809/1809 1810/1810/1810
f 1813/1813/1813 1812/1812/1812 1811/1811/1811
f 1812/1812/1812 1813/1813/1813 1814/1814/1814
f 1817/1817/1817 1816/1816/1816 1815/1815/1815
f 1816/1816/1816 1817/1817/1817 1818/1818/1818
f 1821/1821/1821 1820/1820/1820 1819/1819/1819
f 1820/1820/1820 1821/1821/1821 1822/1822/1822
f 1825/1825/1825 1824/1824/1824 1823/1823/1823
f 1824/1824/1824 1825/1825/1825 1826/1826/1826
f 1829/1829/1829 1828/1828/1828 1827/1827/1827
f 1828/1828/1828 1829/1829/1829 1830/1830/1830
f 1833/1833/1833 1832/1832/1832 1831/1831/1831
f 1832/1832/1832 1833/1833/1833 1834/1834/1834
f 1837/1837/1837 1836/1836/1836 1835/1835/1835
f 1836/1836/1836 1837/1837/1837 1838/1838/1838
f 1841/1841/1841 1840/1840/1840 1839/1839/1839
f 1840/1840/1840 1841/1841/1841 1842/1842/1842
f 1845/1845/1845 1844/1844/1844 1843/1843/1843
f 1844/1844/1844 1845/1845/1845 1846/1846/1846
f 1849/1849/1849 1848/1848/1848 1847/1847/1847
f 1848/1848/1848 1849/1849/1849 1850/1850/1850
f 1853/1853/1853 1852/1852/1852 1851/1851/1851
f 1852/1852/1852 1853/1853/1853 1854/1854/1854
f 1857/1857/1857 1856/1856/1856 1855/1855/1855
f 1856/1856/1856 1857/1857/1857 1858/1858/1858
f 1861/1861/1861 1860/1860/1860 1859/1859/1859
f 1860/1860/1860 1861/1861/1861 1862/1862/1862
f 1865/1865/1865 1864/1864/1864 1863/1863/1863
f 1864/1864/1864 1865/1865/1865 1866/1866/1866
f 1869/1869/1869 1868/1868/1868 1867/1867/1867
f 1868/1868/1868 1869/1869/1869 1870/1870/1870
f 1873/1873/1873 1872/1872/1872 1871/1871/1871
f 1872/1872/1872 1873/1873/1873 1874/1874/1874
f 1877/1877/1877 1876/1876/1876 1875/1875/1875
f 1876/1876/1876 1877/1877/1877 1878/1878/1878
f 1881/1881/1881 1880/1880/1880 1879/1879/1879
f 1880/1880/1880 1881/1881/1881 1882/1882/1882
f 1885/1885/1885 1884/1884/1884 1883/1883/1883
f 1884/1884/1884 1885/1885/1885 1886/1886/1886
f 1889/1889/1889 1888/1888/1888 1887/1887/1887
f 1888/1888/1888 1889/1889/1889 1890/1890/1890
f 1893/1893/1893 1892/1892/1892 1891/1891/1891
f 1892/1892/1892 1893/1893/1893 1894/1894/1894
f 1897/1897/1897 1896/1896/1896 1895/1895/1895
f 1898/1898/1898 1896/1896/1896 1897/1897/1897
f 1901/1901/1901 1900/1900/1900 1899/1899/1899
f 1900/1900/1900 1901/1901/1901 1902/1902/1902
f 1905/1905/1905 1904/1904/1904 1903/1903/1903
f 1904/1904/1904 1905/1905/1905 1906/1906/1906
f 1909/1909/1909 1908/1908/1908 1907/1907/1907
f 1908/1908/1908 1909/1909/1909 1910/1910/1910
f 1913/1913/1913 1912/1912/1912 1911/1911/1911
f 1912/1912/1912 1913/1913/1913 1914/1914/1914
f 1917/1917/1917 1916/1916/1916 1915/1915/1915
f 1916/1916/1916 1917/1917/1917 1918/1918/1918
f 1921/1921/1921 1920/1920/1920 1919/1919/1919
f 1922/1922/1922 1921/1921/1921 1919/1919/1919
f 1925/1925/1925 1924/1924/1924 1923/1923/1923
f 1924/1924/1924 1925/1925/1925 1926/1926/1926
f 1929/1929/1929 1928/1928/1928 1927/1927/1927
f 1928/1928/1928 1929/1929/1929 1930/1930/1930
f 1933/1933/1933 1932/1932/1932 1931/1931/1931
f 1932/1932/1932 1933/1933/1933 1934/1934/1934
f 1937/1937/1937 1936/1936/1936 1935/1935/1935
f 1936/1936/1936 1937/1937/1937 1938/1938/1938
f 1941/1941/1941 1940/1940/1940 1939/1939/1939
f 1940/1940/1940 1941/1941/1941 1942/1942/1942
f 1945/1945/1945 1944/1944/1944 1943/1943/1943
f 1944/1944/1944 1945/1945/1945 1946/1946/1946
f 1949/1949/1949 1948/1948/1948 1947/1947/1947
f 1948/1948/1948 1949/1949/1949 1950/1950/1950
f 1953/1953/1953 1952/1952/1952 1951/1951/1951
f 1952/1952/1952 1953/1953/1953 1954/1954/1954
f 1957/1957/1957 1956/1956/1956 1955/1955/1955
f 1956/1956/1956 1957/1957/1957 1958/1958/1958
f 1961/1961/1961 1960/1960/1960 1959/1959/1959
f 1960/1960/1960 1961/1961/1961 1962/1962/1962
f 1965/1965/1965 1964/1964/1964 1963/1963/1963
f 1964/1964/1964 1965/1965/1965 1966/1966/1966
f 1969/1969/1969 1968/1968/1968 1967/1967/1967
f 1968/1968/1968 1969/1969/1969 1970/1970/1970
f 1973/1973/1973 1972/1972/1972 1971/1971/1971
f 1972/1972/1972 1973/1973/1973 1974/1974/1974
f 1977/1977/1977 1976/1976/1976 1975/1975/1975
f 1976/1976/1976 1977/1977/1977 1978/1978/1978
f 1981/1981/1981 1980/1980/1980 1979/1979/1979
f 1980/1980/1980 1981/1981/1981 1982/1982/1982
f 1985/1985/1985 1984/1984/1984 1983/1983/1983
f 1984/1984/1984 1985/1985/1985 1986/1986/1986
f 1989/1989/1989 1988/1988/1988 1987/1987/1987
f 1988/1988/1988 1989/1989/1989 1990/1990/1990
f 1993/1993/1993 1992/1992/1992 1991/1991/1991
f 1992/1992/1992 1993/1993/1993 1994/1994/1994
f 1997/1997/1997 1996/1996/1996 1995/1995/1995
f 1996/1996/1996 1997/1997/1997 1998/1998/1998
f 2001/2001/2001 2000/2000/2000 1999/1999/1999
f 2000/2000/2000 2001/2001/2001 2002/2002/2002
f 2005/2005/2005 2004/2004/2004 2003/2003/2003
f 2004/2004/2004 2005/2005/2005 2006/2006/2006
f 2009/2009/2009 2008/2008/2008 2007/2007/2007
f 2008/2008/2008 2009/2009/2009 2010/2010/2010
f 2013/2013/2013 2012/2012/2012 2011/2011/2011
f 2012/2012/2012 2013/2013/2013 2014/2014/2014
f 2017/2017/2017 2016/2016/2016 2015/2015/2015
f 2016/2016/2016 2017/2017/2017 2018/2018/2018
f 2021/2021/2021 2020/2020/2020 2019/2019/2019
f 2020/2020/2020 2021/2021/2021 2022/2022/2022
f 2025/2025/2025 2024/2024/2024 2023/2023/2023
f 2024/2024/2024 2025/2025/2025 2026/2026/2026
f 2029/2029/2029 2028/2028/2028 2027/2027/2027
f 2028/2028/2028 2029/2029/2029 2030/2030/2030
f 2033/2033/2033 2032/2032/2032 2031/2031/2031
f 2032/2032/2032 2033/2033/2033 2034/2034/2034
f 2037/2037/2037 2036/2036/2036 2035/2035/2035
f 2036/2036/2036 2037/2037/2037 2038/2038/2038
f 2041/2041/2041 2040/2040/2040 2039/2039/2039
f 2040/2040/2040 2041/2041/2041 2042/2042/2042
f 2045/2045/2045 2044/2044/2044 2043/2043/2043
f 2044/2044/2044 2045/2045/2045 2046/2046/2046
f 2049/2049/2049 2048/2048/2048 2047/2047/2047
f 2048/2048/2048 2049/2049/2049 2050/2050/2050
f 2053/2053/2053 2052/2052/2052 2051/2051/2051
f 2052/2052/2052 2053/2053/2053 2054/2054/2054
f 2057/2057/2057 2056/2056/2056 2055/2055/2055
f 2056/2056/2056 2057/2057/2057 2058/2058/2058
f 2061/2061/2061 2060/2060/2060 2059/2059/2059
f 2060/2060/2060 2061/2061/2061 2062/2062/2062
f 2065/2065/2065 2064/2064/2064 2063/2063/2063
f 2064/2064/2064 2065/2065/2065 2066/2066/2066
f 2069/2069/2069 2068/2068/2068 2067/2067/2067
f 2068/2068/2068 2069/2069/2069 2070/2070/2070
f 2073/2073/2073 2072/2072/2072 2071/2071/2071
f 2072/2072/2072 2073/2073/2073 2074/2074/2074
f 2077/2077/2077 2076/2076/2076 2075/2075/2075
f 2076/2076/2076 2077/2077/2077 2078/2078/2078
f 2081/2081/2081 2080/2080/2080 2079/2079/2079
f 2080/2080/2080 2081/2081/2081 2082/2082/2082
f 2085/2085/2085 2084/2084/2084 2083/2083/2083
f 2084/2084/2084 2085/2085/2085 2086/2086/2086
f 2089/2089/2089 2088/2088/2088 2087/2087/2087
f 2088/2088/2088 2089/2089/2089 2090/2090/2090
f 2093/2093/2093 2092/2092/2092 2091/2091/2091
f 2092/2092/2092 2093/2093/2093 2094/2094/2094
f 2097/2097/2097 2096/2096/2096 2095/2095/2095
f 2096/2096/2096 2097/2097/2097 2098/2098/2098
f 2101/2101/2101 2100/2100/2100 2099/2099/2099
f 2100/2100/2100 2101/2101/2101 2102/2102/2102
f 2105/2105/2105 2104/2104/2104 2103/2103/2103
f 2104/2104/2104 2105/2105/2105 2106/2106/2106
f 2109/2109/2109 2108/2108/2108 2107/2107/2107
f 2108/2108/2108 2109/2109/2109 2110/2110/2110
f 2113/2113/2113 2112/2112/2112 2111/2111/2111
f 2112/2112/2112 2113/2113/2113 2114/2114/2114
f 2117/2117/2117 2116/2116/2116 2115/2115/2115
f 2116/2116/2116 2117/2117/2117 2118/2118/2118
f 2121/2121/2121 2120/2120/2120 2119/2119/2119
f 2120/2120/2120 2121/2121/2121 2122/2122/2122
f 2125/2125/2125 2124/2124/2124 2123/2123/2123
f 2124/2124/2124 2125/2125/2125 2126/2126/2126
f 2129/2129/2129 2128/2128/2128 2127/2127/2127
f 2128/2128/2128 2129/2129/2129 2130/2130/2130
f 2133/2133/2133 2132/2132/2132 2131/2131/2131
f 2132/2132/2132 2133/2133/2133 2134/2134/2134
f 2137/2137/2137 2136/2136/2136 2135/2135/2135
f 2136/2136/2136 2137/2137/2137 2138/2138/2138
f 2141/2141/2141 2140/2140/2140 2139/2139/2139
f 2140/2140/2140 2141/2141/2141 2142/2142/2142
f 2145/2145/2145 2144/2144/2144 2143/2143/2143
f 2144/2144/2144 2145/2145/2145 2146/2146/2146
f 2149/2149/2149 2148/2148/2148 2147/2147/2147
f 2148/2148/2148 2149/2149/2149 2150/2150/2150
f 2153/2153/2153 2152/2152/2152 2151/2151/2151
f 2152/2152/2152 2153/2153/2153 2154/2154/2154
f 2157/2157/2157 2156/2156/2156 2155/2155/2155
f 2156/2156/2156 2157/2157/2157 2158/2158/2158
f 2161/2161/2161 2160/2160/2160 2159/2159/2159
f 2160/2160/2160 2161/2161/2161 2162/2162/2162
f 2165/2165/2165 2164/2164/2164 2163/2163/2163
f 2164/2164/2164 2165/2165/2165 2166/2166/2166
f 2169/2169/2169 2168/2168/2168 2167/2167/2167
f 2168/2168/2168 2169/2169/2169 2170/2170/2170
f 2173/2173/2173 2172/2172/2172 2171/2171/2171
f 2172/2172/2172 2173/2173/2173 2174/2174/2174
f 2177/2177/2177 2176/2176/2176 2175/2175/2175
f 2176/2176/2176 2177/2177/2177 2178/2178/2178
f 2181/2181/2181 2180/2180/2180 2179/2179/2179
f 2180/2180/2180 2181/2181/2181 2182/2182/2182
f 2185/2185/2185 2184/2184/2184 2183/2183/2183
f 2184/2184/2184 2185/2185/2185 2186/2186/2186
f 2189/2189/2189 2188/2188/2188 2187/2187/2187
f 2188/2188/2188 2189/2189/2189 2190/2190/2190
f 2193/2193/2193 2192/2192/2192 2191/2191/2191
f 2192/2192/2192 2193/2193/2193 2194/2194/2194
f 2197/2197/2197 2196/2196/2196 2195/2195/2195
f 2196/2196/2196 2197/2197/2197 2198/2198/2198
f 2201/2201/2201 2200/2200/2200 2199/2199/2199
f 2200/2200/2200 2201/2201/2201 2202/2202/2202
f 2205/2205/2205 2204/2204/2204 2203/2203/2203
f 2204/2204/2204 2205/2205/2205 2206/2206/2206
f 2209/2209/2209 2208/2208/2208 2207/2207/2207
f 2208/2208/2208 2209/2209/2209 2210/2210/2210
f 2213/2213/2213 2212/2212/2212 2211/2211/2211
f 2212/2212/2212 2213/2213/2213 2214/2214/2214
f 2217/2217/2217 2216/2216/2216 2215/2215/2215
f 2216/2216/2216 2217/2217/2217 2218/2218/2218
f 2221/2221/2221 2220/2220/2220 2219/2219/2219
f 2220/2220/2220 2221/2221/2221 2222/2222/2222
f 2225/2225/2225 2224/2224/2224 2223/2223/2223
f 2224/2224/2224 2225/2225/2225 2226/2226/2226
f 2229/2229/2229 2228/2228/2228 2227/2227/2227
f 2228/2228/2228 2229/2229/2229 2230/2230/2230
f 2233/2233/2233 2232/2232/2232 2231/2231/2231
f 2232/2232/2232 2233/2233/2233 2234/2234/2234
f 2237/2237/2237 2236/2236/2236 2235/2235/2235
f 2236/2236/2236 2237/2237/2237 2238/2238/2238
f 2241/2241/2241 2240/2240/2240 2239/2239/2239
f 2240/2240/2240 2241/2241/2241 2242/2242/2242
f 2245/2245/2245 2244/2244/2244 2243/2243/2243
f 2244/2244/2244 2245/2245/2245 2246/2246/2246
f 2249/2249/2249 2248/2248/2248 2247/2247/2247
f 2248/2248/2248 2249/2249/2249 2250/2250/2250
f 2253/2253/2253 2252/2252/2252 2251/2251/2251
f 2252/2252/2252 2253/2253/2253 2254/2254/2254
f 2257/2257/2257 2256/2256/2256 2255/2255/2255
f 2256/2256/2256 2257/2257/2257 2258/2258/2258
f 2261/2261/2261 2260/2260/2260 2259/2259/2259
f 2260/2260/2260 2261/2261/2261 2262/2262/2262
f 2265/2265/2265 2264/2264/2264 2263/2263/2263
f 2264/2264/2264 2265/2265/2265 2266/2266/2266
f 2269/2269/2269 2268/2268/2268 2267/2267/2267
f 2268/2268/2268 2269/2269/2269 2270/2270/2270
f 2273/2273/2273 2272/2272/2272 2271/2271/2271
f 2272/2272/2272 2273/2273/2273 2274/2274/2274
f 2277/2277/2277 2276/2276/2276 2275/2275/2275
f 2276/2276/2276 2277/2277/2277 2278/2278/2278
f 2281/2281/2281 2280/2280/2280 2279/2279/2279
f 2282/2282/2282 2281/2281/2281 2279/2279/2279
f 2283/2283/2283 2282/2282/2282 2279/2279/2279
f 2286/2286/2286 2285/2285/2285 2284/2284/2284
f 2285/2285/2285 2286/2286/2286 2287/2287/2287
f 2290/2290/2290 2289/2289/2289 2288/2288/2288
f 2291/2291/2291 2290/2290/2290 2288/2288/2288
f 2288/2288/2288 2292/2292/2292 2291/2291/2291
f 2295/2295/2295 2294/2294/2294 2293/2293/2293
f 2294/2294/2294 2295/2295/2295 2296/2296/2296
f 2299/2299/2299 2298/2298/2298 2297/2297/2297
f 2300/2300/2300 2299/2299/2299 2297/2297/2297
f 2303/2303/2303 2302/2302/2302 2301/2301/2301
f 2302/2302/2302 2303/2303/2303 2304/2304/2304
f 2307/2307/2307 2306/2306/2306 2305/2305/2305
f 2308/2308/2308 2307/2307/2307 2305/2305/2305
f 2305/2305/2305 2309/2309/2309 2308/2308/2308
f 2310/2310/2310 2307/2307/2307 2308/2308/2308
f 2309/2309/2309 2311/2311/2311 2308/2308/2308
f 2312/2312/2312 2310/2310/2310 2308/2308/2308
f 2311/2311/2311 2312/2312/2312 2308/2308/2308
f 2315/2315/2315 2314/2314/2314 2313/2313/2313
f 2316/2316/2316 2315/2315/2315 2313/2313/2313
f 2313/2313/2313 2317/2317/2317 2316/2316/2316
f 2320/2320/2320 2319/2319/2319 2318/2318/2318
f 2319/2319/2319 2321/2321/2321 2318/2318/2318
f 2321/2321/2321 2322/2322/2322 2318/2318/2318
f 2322/2322/2322 2323/2323/2323 2318/2318/2318
f 2326/2326/2326 2325/2325/2325 2324/2324/2324
f 2327/2327/2327 2326/2326/2326 2324/2324/2324
f 2327/2327/2327 2324/2324/2324 2328/2328/2328
f 2329/2329/2329 2326/2326/2326 2327/2327/2327
f 2330/2330/2330 2327/2327/2327 2328/2328/2328
f 2331/2331/2331 2329/2329/2329 2327/2327/2327
f 2330/2330/2330 2331/2331/2331 2327/2327/2327
f 2334/2334/2334 2333/2333/2333 2332/2332/2332
f 2335/2335/2335 2333/2333/2333 2334/2334/2334
f 2333/2333/2333 2335/2335/2335 2336/2336/2336
f 2339/2339/2339 2338/2338/2338 2337/2337/2337
f 2339/2339/2339 2340/2340/2340 2338/2338/2338
f 2340/2340/2340 2341/2341/2341 2338/2338/2338
f 2344/2344/2344 2343/2343/2343 2342/2342/2342
f 2345/2345/2345 2344/2344/2344 2342/2342/2342
f 2348/2348/2348 2347/2347/2347 2346/2346/2346
f 2347/2347/2347 2348/2348/2348 2349/2349/2349
f 2352/2352/2352 2351/2351/2351 2350/2350/2350
f 2353/2353/2353 2352/2352/2352 2350/2350/2350
f 2356/2356/2356 2355/2355/2355 2354/2354/2354
f 2357/2357/2357 2356/2356/2356 2354/2354/2354
f 2360/2360/2360 2359/2359/2359 2358/2358/2358
f 2361/2361/2361 2360/2360/2360 2358/2358/2358
f 2364/2364/2364 2363/2363/2363 2362/2362/2362
f 2365/2365/2365 2364/2364/2364 2362/2362/2362
f 2365/2365/2365 2362/2362/2362 2366/2366/2366
f 2367/2367/2367 2365/2365/2365 2366/2366/2366
f 2365/2365/2365 2367/2367/2367 2368/2368/2368
f 2369/2369/2369 2364/2364/2364 2365/2365/2365
f 2370/2370/2370 2365/2365/2365 2368/2368/2368
f 2370/2370/2370 2369/2369/2369 2365/2365/2365
f 2370/2370/2370 2368/2368/2368 2371/2371/2371
f 2369/2369/2369 2370/2370/2370 2372/2372/2372
f 2372/2372/2372 2370/2370/2370 2371/2371/2371
f 2373/2373/2373 2369/2369/2369 2372/2372/2372
f 2374/2374/2374 2373/2373/2373 2372/2372/2372
f 2375/2375/2375 2372/2372/2372 2371/2371/2371
f 2375/2375/2375 2374/2374/2374 2372/2372/2372
f 2376/2376/2376 2374/2374/2374 2375/2375/2375
f 2377/2377/2377 2375/2375/2375 2371/2371/2371
f 2378/2378/2378 2376/2376/2376 2375/2375/2375
f 2378/2378/2378 2375/2375/2375 2377/2377/2377
f 2379/2379/2379 2378/2378/2378 2377/2377/2377
f 2382/2382/2382 2381/2381/2381 2380/2380/2380
f 2383/2383/2383 2382/2382/2382 2380/2380/2380
f 2386/2386/2386 2385/2385/2385 2384/2384/2384
f 2387/2387/2387 2386/2386/2386 2384/2384/2384
f 2387/2387/2387 2384/2384/2384 2388/2388/2388
f 2389/2389/2389 2386/2386/2386 2387/2387/2387
f 2390/2390/2390 2387/2387/2387 2388/2388/2388
f 2391/2391/2391 2389/2389/2389 2387/2387/2387
f 2391/2391/2391 2387/2387/2387 2390/2390/2390
f 2392/2392/2392 2389/2389/2389 2391/2391/2391
f 2393/2393/2393 2391/2391/2391 2390/2390/2390
f 2394/2394/2394 2392/2392/2392 2391/2391/2391
f 2394/2394/2394 2391/2391/2391 2393/2393/2393
f 2395/2395/2395 2394/2394/2394 2393/2393/2393
f 2398/2398/2398 2397/2397/2397 2396/2396/2396
f 2397/2397/2397 2398/2398/2398 2399/2399/2399
f 2402/2402/2402 2401/2401/2401 2400/2400/2400
f 2401/2401/2401 2402/2402/2402 2403/2403/2403
f 2406/2406/2406 2405/2405/2405 2404/2404/2404
f 2405/2405/2405 2406/2406/2406 2407/2407/2407
f 2410/2410/2410 2409/2409/2409 2408/2408/2408
f 2409/2409/2409 2410/2410/2410 2411/2411/2411
f 2414/2414/2414 2413/2413/2413 2412/2412/2412
f 2413/2413/2413 2414/2414/2414 2415/2415/2415
f 2418/2418/2418 2417/2417/2417 2416/2416/2416
f 2417/2417/2417 2418/2418/2418 2419/2419/2419
f 2422/2422/2422 2421/2421/2421 2420/2420/2420
f 2421/2421/2421 2422/2422/2422 2423/2423/2423
f 2426/2426/2426 2425/2425/2425 2424/2424/2424
f 2425/2425/2425 2426/2426/2426 2427/2427/2427
f 2430/2430/2430 2429/2429/2429 2428/2428/2428
f 2429/2429/2429 2430/2430/2430 2431/2431/2431
f 2434/2434/2434 2433/2433/2433 2432/2432/2432
f 2433/2433/2433 2434/2434/2434 2435/2435/2435
f 2438/2438/2438 2437/2437/2437 2436/2436/2436
f 2437/2437/2437 2438/2438/2438 2439/2439/2439
f 2442/2442/2442 2441/2441/2441 2440/2440/2440
f 2441/2441/2441 2442/2442/2442 2443/2443/2443
f 2446/2446/2446 2445/2445/2445 2444/2444/2444
f 2445/2445/2445 2446/2446/2446 2447/2447/2447
f 2450/2450/2450 2449/2449/2449 2448/2448/2448
f 2449/2449/2449 2450/2450/2450 2451/2451/2451
f 2454/2454/2454 2453/2453/2453 2452/2452/2452
f 2453/2453/2453 2454/2454/2454 2455/2455/2455
f 2458/2458/2458 2457/2457/2457 2456/2456/2456
f 2457/2457/2457 2458/2458/2458 2459/2459/2459
f 2462/2462/2462 2461/2461/2461 2460/2460/2460
f 2461/2461/2461 2462/2462/2462 2463/2463/2463
f 2466/2466/2466 2465/2465/2465 2464/2464/2464
f 2465/2465/2465 2466/2466/2466 2467/2467/2467
f 2470/2470/2470 2469/2469/2469 2468/2468/2468
f 2469/2469/2469 2470/2470/2470 2471/2471/2471
f 2474/2474/2474 2473/2473/2473 2472/2472/2472
f 2473/2473/2473 2474/2474/2474 2475/2475/2475
f 2478/2478/2478 2477/2477/2477 2476/2476/2476
f 2477/2477/2477 2478/2478/2478 2479/2479/2479
f 2482/2482/2482 2481/2481/2481 2480/2480/2480
f 2481/2481/2481 2482/2482/2482 2483/2483/2483
f 2486/2486/2486 2485/2485/2485 2484/2484/2484
f 2485/2485/2485 2486/2486/2486 2487/2487/2487
f 2490/2490/2490 2489/2489/2489 2488/2488/2488
f 2489/2489/2489 2490/2490/2490 2491/2491/2491
f 2494/2494/2494 2493/2493/2493 2492/2492/2492
f 2493/2493/2493 2494/2494/2494 2495/2495/2495
f 2498/2498/2498 2497/2497/2497 2496/2496/2496
f 2497/2497/2497 2498/2498/2498 2499/2499/2499
f 2502/2502/2502 2501/2501/2501 2500/2500/2500
f 2501/2501/2501 2502/2502/2502 2503/2503/2503
f 2506/2506/2506 2505/2505/2505 2504/2504/2504
f 2505/2505/2505 2506/2506/2506 2507/2507/2507
f 2510/2510/2510 2509/2509/2509 2508/2508/2508
f 2509/2509/2509 2510/2510/2510 2511/2511/2511
f 2514/2514/2514 2513/2513/2513 2512/2512/2512
f 2513/2513/2513 2514/2514/2514 2515/2515/2515
f 2518/2518/2518 2517/2517/2517 2516/2516/2516
f 2517/2517/2517 2518/2518/2518 2519/2519/2519
f 2522/2522/2522 2521/2521/2521 2520/2520/2520
f 2521/2521/2521 2522/2522/2522 2523/2523/2523
f 2526/2526/2526 2525/2525/2525 2524/2524/2524
f 2525/2525/2525 2526/2526/2526 2527/2527/2527
f 2530/2530/2530 2529/2529/2529 2528/2528/2528
f 2529/2529/2529 2530/2530/2530 2531/2531/2531
f 2534/2534/2534 2533/2533/2533 2532/2532/2532
f 2533/2533/2533 2534/2534/2534 2535/2535/2535
f 2538/2538/2538 2537/2537/2537 2536/2536/2536
f 2537/2537/2537 2538/2538/2538 2539/2539/2539
f 2542/2542/2542 2541/2541/2541 2540/2540/2540
f 2541/2541/2541 2542/2542/2542 2543/2543/2543
f 2546/2546/2546 2545/2545/2545 2544/2544/2544
f 2545/2545/2545 2546/2546/2546 2547/2547/2547
f 2550/2550/2550 2549/2549/2549 2548/2548/2548
f 2549/2549/2549 2550/2550/2550 2551/2551/2551
f 2554/2554/2554 2553/2553/2553 2552/2552/2552
f 2553/2553/2553 2554/2554/2554 2555/2555/2555
f 2558/2558/2558 2557/2557/2557 2556/2556/2556
f 2557/2557/2557 2558/2558/2558 2559/2559/2559
f 2562/2562/2562 2561/2561/2561 2560/2560/2560
f 2561/2561/2561 2562/2562/2562 2563/2563/2563
f 2566/2566/2566 2565/2565/2565 2564/2564/2564
f 2565/2565/2565 2566/2566/2566 2567/2567/2567
f 2570/2570/2570 2569/2569/2569 2568/2568/2568
f 2569/2569/2569 2570/2570/2570 2571/2571/2571
f 2574/2574/2574 2573/2573/2573 2572/2572/2572
f 2573/2573/2573 2574/2574/2574 2575/2575/2575
f 2578/2578/2578 2577/2577/2577 2576/2576/2576
f 2577/2577/2577 2578/2578/2578 2579/2579/2579
f 2582/2582/2582 2581/2581/2581 2580/2580/2580
f 2581/2581/2581 2582/2582/2582 2583/2583/2583
f 2586/2586/2586 2585/2585/2585 2584/2584/2584
f 2585/2585/2585 2586/2586/2586 2587/2587/2587
f 2590/2590/2590 2589/2589/2589 2588/2588/2588
f 2591/2591/2591 2590/2590/2590 2588/2588/2588
f 2592/2592/2592 2589/2589/2589 2590/2590/2590
f 2591/2591/2591 2593/2593/2593 2590/2590/2590
f 2594/2594/2594 2592/2592/2592 2590/2590/2590
f 2593/2593/2593 2595/2595/2595 2590/2590/2590
f 2595/2595/2595 2594/2594/2594 2590/2590/2590
g B002_R_001_3
f 2598/2598/2598 2597/2597/2597 2596/2596/2596
f 2601/2601/2601 2600/2600/2600 2599/2599/2599
f 2600/2600/2600 2601/2601/2601 2602/2602/2602
f 2605/2605/2605 2604/2604/2604 2603/2603/2603
f 2604/2604/2604 2605/2605/2605 2606/2606/2606
f 2609/2609/2609 2608/2608/2608 2607/2607/2607
f 2608/2608/2608 2609/2609/2609 2610/2610/2610
f 2613/2613/2613 2612/2612/2612 2611/2611/2611
f 2613/2613/2613 2614/2614/2614 2612/2612/2612
f 2617/2617/2617 2616/2616/2616 2615/2615/2615
f 2616/2616/2616 2618/2618/2618 2615/2615/2615
f 2621/2621/2621 2620/2620/2620 2619/2619/2619
f 2620/2620/2620 2621/2621/2621 2622/2622/2622
f 2625/2625/2625 2624/2624/2624 2623/2623/2623
f 2624/2624/2624 2625/2625/2625 2626/2626/2626
f 2629/2629/2629 2628/2628/2628 2627/2627/2627
f 2628/2628/2628 2629/2629/2629 2630/2630/2630
f 2633/2633/2633 2632/2632/2632 2631/2631/2631
f 2632/2632/2632 2633/2633/2633 2634/2634/2634
f 2637/2637/2637 2636/2636/2636 2635/2635/2635
f 2636/2636/2636 2637/2637/2637 2638/2638/2638
f 2641/2641/2641 2640/2640/2640 2639/2639/2639
f 2640/2640/2640 2641/2641/2641 2642/2642/2642
f 2645/2645/2645 2644/2644/2644 2643/2643/2643
f 2644/2644/2644 2645/2645/2645 2646/2646/2646
f 2649/2649/2649 2648/2648/2648 2647/2647/2647
f 2650/2650/2650 2649/2649/2649 2647/2647/2647
f 2649/2649/2649 2650/2650/2650 2651/2651/2651
f 2652/2652/2652 2649/2649/2649 2651/2651/2651
f 2653/2653/2653 2652/2652/2652 2651/2651/2651
f 2654/2654/2654 2653/2653/2653 2651/2651/2651
f 2657/2657/2657 2656/2656/2656 2655/2655/2655
f 2658/2658/2658 2657/2657/2657 2655/2655/2655
f 2659/2659/2659 2657/2657/2657 2658/2658/2658
f 2660/2660/2660 2659/2659/2659 2658/2658/2658
f 2660/2660/2660 2658/2658/2658 2661/2661/2661
f 2662/2662/2662 2660/2660/2660 2661/2661/2661
f 2663/2663/2663 2662/2662/2662 2661/2661/2661
f 2663/2663/2663 2664/2664/2664 2662/2662/2662
f 2667/2667/2667 2666/2666/2666 2665/2665/2665
f 2666/2666/2666 2667/2667/2667 2668/2668/2668
f 2671/2671/2671 2670/2670/2670 2669/2669/2669
f 2670/2670/2670 2671/2671/2671 2672/2672/2672
f 2675/2675/2675 2674/2674/2674 2673/2673/2673
f 2674/2674/2674 2675/2675/2675 2676/2676/2676
f 2679/2679/2679 2678/2678/2678 2677/2677/2677
f 2678/2678/2678 2679/2679/2679 2680/2680/2680
g B002_R_001_4
f 2683/2683/2683 2682/2682/2682 2681/2681/2681
f 2686/2686/2686 2685/2685/2685 2684/2684/2684
f 2689/2689/2689 2688/2688/2688 2687/2687/2687
f 2692/2692/2692 2691/2691/2691 2690/2690/2690
f 2695/2695/2695 2694/2694/2694 2693/2693/2693
f 2698/2698/2698 2697/2697/2697 2696/2696/2696
f 2701/2701/2701 2700/2700/2700 2699/2699/2699
f 2704/2704/2704 2703/2703/2703 2702/2702/2702
f 2707/2707/2707 2706/2706/2706 2705/2705/2705
f 2710/2710/2710 2709/2709/2709 2708/2708/2708
f 2713/2713/2713 2712/2712/2712 2711/2711/2711
f 2716/2716/2716 2715/2715/2715 2714/2714/2714
f 2719/2719/2719 2718/2718/2718 2717/2717/2717
f 2722/2722/2722 2721/2721/2721 2720/2720/2720
f 2725/2725/2725 2724/2724/2724 2723/2723/2723
f 2727/2727/2727 2726/2726/2726 2723/2723/2723
f 2726/2726/2726 2729/2729/2729 2728/2728/2728
f 2732/2732/2732 2731/2731/2731 2730/2730/2730
f 2735/2735/2735 2734/2734/2734 2733/2733/2733
f 2738/2738/2738 2737/2737/2737 2736/2736/2736
f 2741/2741/2741 2740/2740/2740 2739/2739/2739
f 2744/2744/2744 2743/2743/2743 2742/2742/2742
f 2747/2747/2747 2746/2746/2746 2745/2745/2745
f 2750/2750/2750 2749/2749/2749 2748/2748/2748
f 2753/2753/2753 2752/2752/2752 2751/2751/2751
f 2756/2756/2756 2755/2755/2755 2754/2754/2754
f 2759/2759/2759 2758/2758/2758 2757/2757/2757
f 2762/2762/2762 2761/2761/2761 2760/2760/2760
f 2765/2765/2765 2764/2764/2764 2763/2763/2763
f 2768/2768/2768 2767/2767/2767 2766/2766/2766
f 2771/2771/2771 2770/2770/2770 2769/2769/2769
f 2774/2774/2774 2773/2773/2773 2772/2772/2772
f 2777/2777/2777 2776/2776/2776 2775/2775/2775
f 2780/2780/2780 2779/2779/2779 2778/2778/2778
f 2783/2783/2783 2782/2782/2782 2781/2781/2781
f 2786/2786/2786 2785/2785/2785 2784/2784/2784
f 2789/2789/2789 2788/2788/2788 2787/2787/2787
f 2792/2792/2792 2791/2791/2791 2790/2790/2790
f 2795/2795/2795 2794/2794/2794 2793/2793/2793
f 2798/2798/2798 2797/2797/2797 2796/2796/2796
f 2801/2801/2801 2800/2800/2800 2799/2799/2799
f 2804/2804/2804 2803/2803/2803 2802/2802/2802
f 2807/2807/2807 2806/2806/2806 2805/2805/2805
f 2810/2810/2810 2809/2809/2809 2808/2808/2808
f 2813/2813/2813 2812/2812/2812 2811/2811/2811
f 2816/2816/2816 2815/2815/2815 2814/2814/2814
f 2819/2819/2819 2818/2818/2818 2817/2817/2817
f 2822/2822/2822 2821/2821/2821 2820/2820/2820
f 2825/2825/2825 2824/2824/2824 2823/2823/2823
f 2828/2828/2828 2827/2827/2827 2826/2826/2826
f 2831/2831/2831 2830/2830/2830 2829/2829/2829
f 2834/2834/2834 2833/2833/2833 2832/2832/2832
f 2837/2837/2837 2836/2836/2836 2835/2835/2835
f 2840/2840/2840 2839/2839/2839 2838/2838/2838
f 2843/2843/2843 2842/2842/2842 2841/2841/2841
f 2846/2846/2846 2845/2845/2845 2844/2844/2844
f 2848/2848/2848 2846/2846/2846 2847/2847/2847
f 2848/2848/2848 2847/2847/2847 2849/2849/2849
f 2851/2851/2851 2850/2850/2850 2847/2847/2847
f 2847/2847/2847 2850/2850/2850 2852/2852/2852
f 2853/2853/2853 2847/2847/2847 2852/2852/2852
f 2854/2854/2854 2853/2853/2853 2852/2852/2852
f 2847/2847/2847 2853/2853/2853 2855/2855/2855
f 2855/2855/2855 2853/2853/2853 2856/2856/2856
f 2856/2856/2856 2853/2853/2853 2857/2857/2857
f 2859/2859/2859 2858/2858/2858 2857/2857/2857
f 2862/2862/2862 2861/2861/2861 2860/2860/2860
f 2865/2865/2865 2864/2864/2864 2863/2863/2863
f 2868/2868/2868 2867/2867/2867 2866/2866/2866
f 2871/2871/2871 2870/2870/2870 2869/2869/2869
f 2874/2874/2874 2873/2873/2873 2872/2872/2872
f 2877/2877/2877 2876/2876/2876 2875/2875/2875
f 2880/2880/2880 2879/2879/2879 2878/2878/2878
f 2883/2883/2883 2882/2882/2882 2881/2881/2881
f 2886/2886/2886 2885/2885/2885 2884/2884/2884
f 2888/2888/2888 2887/2887/2887 2884/2884/2884
f 2887/2887/2887 2889/2889/2889 2884/2884/2884
f 2890/2890/2890 2889/2889/2889 2887/2887/2887
f 2893/2893/2893 2892/2892/2892 2891/2891/2891
f 2896/2896/2896 2895/2895/2895 2894/2894/2894
f 2899/2899/2899 2898/2898/2898 2897/2897/2897
f 2902/2902/2902 2901/2901/2901 2900/2900/2900
f 2905/2905/2905 2904/2904/2904 2903/2903/2903
f 2908/2908/2908 2907/2907/2907 2906/2906/2906
f 2911/2911/2911 2910/2910/2910 2909/2909/2909
f 2914/2914/2914 2913/2913/2913 2912/2912/2912
f 2917/2917/2917 2916/2916/2916 2915/2915/2915
f 2920/2920/2920 2919/2919/2919 2918/2918/2918
f 2923/2923/2923 2922/2922/2922 2921/2921/2921
f 2926/2926/2926 2925/2925/2925 2924/2924/2924
f 2929/2929/2929 2928/2928/2928 2927/2927/2927
f 2932/2932/2932 2931/2931/2931 2930/2930/2930
f 2935/2935/2935 2934/2934/2934 2933/2933/2933
f 2938/2938/2938 2937/2937/2937 2936/2936/2936
f 2941/2941/2941 2940/2940/2940 2939/2939/2939
f 2944/2944/2944 2943/2943/2943 2942/2942/2942
f 2947/2947/2947 2946/2946/2946 2945/2945/2945
f 2950/2950/2950 2949/2949/2949 2948/2948/2948
f 2951/2951/2951 2950/2950/2950 2948/2948/2948
f 2954/2954/2954 2953/2953/2953 2952/2952/2952
f 2955/2955/2955 2954/2954/2954 2952/2952/2952
f 2958/2958/2958 2957/2957/2957 2956/2956/2956
f 2959/2959/2959 2958/2958/2958 2956/2956/2956
f 2962/2962/2962 2961/2961/2961 2960/2960/2960
f 2963/2963/2963 2962/2962/2962 2960/2960/2960
f 2966/2966/2966 2965/2965/2965 2964/2964/2964
f 2967/2967/2967 2966/2966/2966 2964/2964/2964
f 2970/2970/2970 2969/2969/2969 2968/2968/2968
f 2971/2971/2971 2970/2970/2970 2968/2968/2968
f 2974/2974/2974 2973/2973/2973 2972/2972/2972
f 2975/2975/2975 2974/2974/2974 2972/2972/2972
f 2978/2978/2978 2977/2977/2977 2976/2976/2976
f 2979/2979/2979 2978/2978/2978 2976/2976/2976
f 2982/2982/2982 2981/2981/2981 2980/2980/2980
f 2983/2983/2983 2982/2982/2982 2980/2980/2980
f 2986/2986/2986 2985/2985/2985 2984/2984/2984
f 2987/2987/2987 2986/2986/2986 2984/2984/2984
f 2990/2990/2990 2989/2989/2989 2988/2988/2988
f 2991/2991/2991 2990/2990/2990 2988/2988/2988
f 2994/2994/2994 2993/2993/2993 2992/2992/2992
f 2995/2995/2995 2994/2994/2994 2992/2992/2992
f 2998/2998/2998 2997/2997/2997 2996/2996/2996
f 2999/2999/2999 2998/2998/2998 2996/2996/2996
f 3002/3002/3002 3001/3001/3001 3000/3000/3000
f 3003/3003/3003 3002/3002/3002 3000/3000/3000
f 3006/3006/3006 3005/3005/3005 3004/3004/3004
f 3007/3007/3007 3006/3006/3006 3004/3004/3004
f 3010/3010/3010 3009/3009/3009 3008/3008/3008
f 3011/3011/3011 3010/3010/3010 3008/3008/3008
f 3014/3014/3014 3013/3013/3013 3012/3012/3012
f 3015/3015/3015 3014/3014/3014 3012/3012/3012
f 3012/3012/3012 3016/3016/3016 3015/3015/3015
f 3019/3019/3019 3018/3018/3018 3017/3017/3017
f 3020/3020/3020 3019/3019/3019 3017/3017/3017
f 3023/3023/3023 3022/3022/3022 3021/3021/3021
f 3024/3024/3024 3023/3023/3023 3021/3021/3021
f 3027/3027/3027 3026/3026/3026 3025/3025/3025
f 3028/3028/3028 3027/3027/3027 3025/3025/3025
f 3031/3031/3031 3030/3030/3030 3029/3029/3029
f 3032/3032/3032 3031/3031/3031 3029/3029/3029
f 3035/3035/3035 3034/3034/3034 3033/3033/3033
f 3036/3036/3036 3035/3035/3035 3033/3033/3033
f 3039/3039/3039 3038/3038/3038 3037/3037/3037
f 3040/3040/3040 3039/3039/3039 3037/3037/3037
f 3043/3043/3043 3042/3042/3042 3041/3041/3041
f 3044/3044/3044 3043/3043/3043 3041/3041/3041
f 3047/3047/3047 3046/3046/3046 3045/3045/3045
f 3048/3048/3048 3047/3047/3047 3045/3045/3045
f 3051/3051/3051 3050/3050/3050 3049/3049/3049
f 3052/3052/3052 3051/3051/3051 3049/3049/3049
f 3055/3055/3055 3054/3054/3054 3053/3053/3053
f 3056/3056/3056 3055/3055/3055 3053/3053/3053
f 3059/3059/3059 3058/3058/3058 3057/3057/3057
f 3060/3060/3060 3059/3059/3059 3057/3057/3057
f 3063/3063/3063 3062/3062/3062 3061/3061/3061
f 3064/3064/3064 3063/3063/3063 3061/3061/3061
f 3067/3067/3067 3066/3066/3066 3065/3065/3065
f 3068/3068/3068 3066/3066/3066 3067/3067/3067
f 3071/3071/3071 3070/3070/3070 3069/3069/3069
f 3072/3072/3072 3071/3071/3071 3069/3069/3069
f 3075/3075/3075 3074/3074/3074 3073/3073/3073
f 3076/3076/3076 3075/3075/3075 3073/3073/3073
f 3079/3079/3079 3078/3078/3078 3077/3077/3077
f 3080/3080/3080 3079/3079/3079 3077/3077/3077
f 3083/3083/3083 3082/3082/3082 3081/3081/3081
f 3084/3084/3084 3083/3083/3083 3081/3081/3081
f 3087/3087/3087 3086/3086/3086 3085/3085/3085
f 3088/3088/3088 3087/3087/3087 3085/3085/3085
f 3091/3091/3091 3090/3090/3090 3089/3089/3089
f 3092/3092/3092 3091/3091/3091 3089/3089/3089
f 3095/3095/3095 3094/3094/3094 3093/3093/3093
f 3096/3096/3096 3095/3095/3095 3093/3093/3093
f 3099/3099/3099 3098/3098/3098 3097/3097/3097
f 3100/3100/3100 3099/3099/3099 3097/3097/3097
f 3103/3103/3103 3102/3102/3102 3101/3101/3101
f 3104/3104/3104 3103/3103/3103 3101/3101/3101
f 3107/3107/3107 3106/3106/3106 3105/3105/3105
f 3108/3108/3108 3107/3107/3107 3105/3105/3105
f 3111/3111/3111 3110/3110/3110 3109/3109/3109
f 3112/3112/3112 3111/3111/3111 3109/3109/3109
f 3115/3115/3115 3114/3114/3114 3113/3113/3113
f 3116/3116/3116 3115/3115/3115 3113/3113/3113
f 3119/3119/3119 3118/3118/3118 3117/3117/3117
f 3120/3120/3120 3119/3119/3119 3117/3117/3117
f 3123/3123/3123 3122/3122/3122 3121/3121/3121
f 3124/3124/3124 3123/3123/3123 3121/3121/3121
f 3127/3127/3127 3126/3126/3126 3125/3125/3125
f 3128/3128/3128 3126/3126/3126 3127/3127/3127
f 3131/3131/3131 3130/3130/3130 3129/3129/3129
f 3129/3129/3129 3130/3130/3130 3132/3132/3132
f 3135/3135/3135 3134/3134/3134 3133/3133/3133
f 3136/3136/3136 3135/3135/3135 3133/3133/3133
f 3139/3139/3139 3138/3138/3138 3137/3137/3137
f 3140/3140/3140 3139/3139/3139 3137/3137/3137
f 3143/3143/3143 3142/3142/3142 3141/3141/3141
f 3142/3142/3142 3144/3144/3144 3141/3141/3141
f 3142/3142/3142 3145/3145/3145 3144/3144/3144
f 3146/3146/3146 3144/3144/3144 3145/3145/3145
f 3149/3149/3149 3148/3148/3148 3147/3147/3147
f 3150/3150/3150 3149/3149/3149 3147/3147/3147
f 3153/3153/3153 3152/3152/3152 3151/3151/3151
f 3153/3153/3153 3154/3154/3154 3152/3152/3152
f 3157/3157/3157 3156/3156/3156 3155/3155/3155
f 3158/3158/3158 3157/3157/3157 3155/3155/3155
f 3161/3161/3161 3160/3160/3160 3159/3159/3159
f 3161/3161/3161 3162/3162/3162 3160/3160/3160
f 3165/3165/3165 3164/3164/3164 3163/3163/3163
f 3166/3166/3166 3165/3165/3165 3163/3163/3163
