g B003_Back01
v 21.193813 21.796478 -7.606479
v 21.214262 21.796644 -7.8602576
v 20.861498 21.793806 -8.288973
v 1.8798856 23.10886 0.5336522
v 1.9083444 23.109043 0.2553212
v 1.4173629 23.105927 -0.21487334
v -18.291563 24.13483 0.97732234
v -18.263105 24.135014 0.69899106
v -18.754087 24.1319 0.22879669
v -18.540653 4.4730487 2.1780667
v -18.512194 4.473232 1.8997353
v -19.003176 4.4701176 1.4295388
v 4.2023935 2.3073869 2.1590834
v 4.230853 2.30757 1.880751
v 3.7398717 2.304456 1.4105568
v -7.525285 15.478928 1.0259315
v -7.4996643 15.479092 0.7753578
v -7.9416823 15.476286 0.35205185
v -8.583158 -6.7688346 2.968945
v -8.564736 -6.7687163 2.7888052
v -8.882506 -6.7707314 2.4844894
v -14.940204 -16.622444 1.1129907
v -14.984803 -16.623281 0.6767187
v -14.215336 -16.608952 -2.065289
v 11.174674 22.528942 -1.1772878
v 11.203134 22.529125 -1.4556204
v 10.712152 22.52601 -1.9258132
v 19.48883 13.717431 -3.2372844
v 19.657446 13.54143 -3.145601
v 20.220806 13.5416155 -3.1026404
v 20.23726 13.721209 -3.1974797
v 19.36376 14.488222 -3.320352
v 21.49327 13.541428 -2.749538
v 20.2964 14.508517 -3.3084948
v 19.215694 17.498783 -3.4044037
v 21.615595 13.729815 -2.778813
v 21.610273 13.548886 -0.6325989
v 21.884068 13.731037 -0.61979306
v 21.811571 14.543159 -2.8244019
v 22.056679 14.534424 -0.61154234
v 22.187284 17.514063 -0.6046304
v 20.32102 17.509123 -3.3995526
v 18.981245 20.91041 -3.651176
v 20.260855 20.932968 -3.7217991
v 21.885761 17.518242 -2.9008648
v 22.26001 20.9382 -0.58968776
v 22.02357 20.943048 -3.0931065
v 20.220806 13.5416155 -3.1026404
v 19.657446 13.54143 -3.145601
v 18.96934 13.543188 -0.7556976
v 21.49327 13.541428 -2.749538
v 21.610273 13.548886 -0.6325989
v 19.48883 13.717431 -3.2372844
v 18.96934 13.543188 -0.7556976
v 19.657446 13.54143 -3.145601
v 18.752525 13.714802 -0.76574886
v 19.36376 14.488222 -3.320352
v 18.59218 14.545141 -0.77303404
v 19.215694 17.498783 -3.4044037
v 18.287706 17.520245 -0.78635406
v 18.981245 20.91041 -3.651176
v 18.109526 20.936167 -0.8065286
v 18.364536 25.523605 -3.4009814
v 18.611183 22.09811 -3.3625793
v 18.921719 22.113886 -8.4437275
v 18.847866 25.51266 -9.514851
v 18.710793 35.1911 -9.950788
v 18.150763 35.253967 -3.4242382
v 20.95325 22.135273 -8.37235
v 18.847866 25.51266 -9.514851
v 21.176338 25.53528 -9.344445
v 18.710793 35.1911 -9.950788
v 21.202036 35.18237 -9.788437
v 22.804068 21.809433 -7.6454296
v 21.214262 21.796644 -7.8602576
v 21.193813 21.796478 -7.606479
v 22.598095 21.807775 -7.382297
v 23.466465 21.81476 -6.6522927
v 22.926743 21.807648 -6.6366587
v 23.577026 22.116821 -6.6877136
v 23.466465 21.81476 -6.6522927
v 23.525967 21.815355 -3.2523808
v 23.641703 22.175129 -3.2515588
v 23.976763 25.562084 -6.657149
v 23.925087 25.566488 -3.2459326
v 23.210913 25.574703 -8.227131
v 22.969887 22.158005 -7.8353734
v 24.631996 35.244522 -3.2393608
v 24.794569 35.230877 -6.6201305
v 23.976763 25.562084 -6.657149
v 23.665165 35.196785 -8.473599
v 23.210913 25.574703 -8.227131
v 20.213667 18.511372 -3.286035
v 21.82498 18.520573 -3.2251477
v 21.227285 18.514479 -7.3563275
v 22.227139 18.521954 -7.195922
v 22.458036 18.52324 -6.5455923
v 22.5937 18.52621 -3.256215
v 21.56055 25.535954 -8.385007
v 23.210913 25.574703 -8.227131
v 23.665165 35.196785 -8.473599
v 21.748842 35.184437 -8.627582
v 21.56055 25.535954 -8.385007
v 21.748842 35.184437 -8.627582
v 21.202036 35.18237 -9.788437
v 21.176338 25.53528 -9.344445
v 21.176338 25.53528 -9.344445
v 21.32932 22.149471 -7.995532
v 21.56055 25.535954 -8.385007
v 20.95325 22.135273 -8.37235
v 20.861498 21.793806 -8.288973
v 21.214262 21.796644 -7.8602576
v 21.56055 25.535954 -8.385007
v 21.32932 22.149471 -7.995532
v 22.969887 22.158005 -7.8353734
v 23.210913 25.574703 -8.227131
v 21.227285 18.514479 -7.3563275
v 20.089941 18.750227 -3.2886126
v 20.213667 18.511372 -3.286035
v 21.21922 18.759075 -7.426229
v 19.921879 21.786247 -3.3043354
v 22.227139 18.521954 -7.195922
v 21.193813 21.796478 -7.606479
v 22.308018 18.769169 -7.248452
v 22.458036 18.52324 -6.5455923
v 22.598095 21.807775 -7.382297
v 22.62787 18.77308 -6.5807505
v 22.926743 21.807648 -6.6366587
v 20.861498 21.793806 -8.288973
v 20.95325 22.135273 -8.37235
v 18.921719 22.113886 -8.4437275
v 18.960226 21.778513 -8.308959
v 18.921719 22.113886 -8.4437275
v 18.611183 22.09811 -3.3625793
v 18.763937 21.776934 -3.3617272
v 18.960226 21.778513 -8.308959
v 18.960226 21.778513 -8.308959
v 18.763937 21.776934 -3.3617272
v 19.921879 21.786247 -3.3043354
v 20.861498 21.793806 -8.288973
v 21.193813 21.796478 -7.606479
v 22.755894 18.775381 -3.2533045
v 22.458036 18.52324 -6.5455923
v 22.5937 18.52621 -3.256215
v 22.62787 18.77308 -6.5807505
v 22.960854 21.806408 -3.2526996
v 22.926743 21.807648 -6.6366587
v 23.525967 21.815355 -3.2523808
v 23.466465 21.81476 -6.6522927
v 22.804068 21.809433 -7.6454296
v 21.32932 22.149471 -7.995532
v 21.214262 21.796644 -7.8602576
v 22.969887 22.158005 -7.8353734
v 23.466465 21.81476 -6.6522927
v 23.577026 22.116821 -6.6877136
v 18.321594 16.353647 -6.609821
v 18.509794 16.138699 -6.4636064
v 19.642422 16.143715 -6.395092
v 19.658203 16.363266 -6.546341
v 18.29857 17.296745 -6.742302
v 20.86253 16.14348 -5.8319635
v 19.714907 17.325773 -6.7233915
v 18.260593 20.978071 -6.8763447
v 20.979818 16.373789 -5.87865
v 20.974716 16.152605 -2.4558697
v 21.23724 16.375286 -2.4354472
v 21.167734 17.368122 -5.95136
v 21.402758 17.357447 -2.4222894
v 21.527983 21.000126 -2.411267
v 19.738516 20.99409 -6.868609
v 18.179918 29.663008 -7.269898
v 19.653355 29.692577 -7.382528
v 21.238867 21.005236 -6.0733013
v 21.570248 29.698975 -2.3874314
v 21.34354 29.7049 -6.3798876
v 19.642422 16.143715 -6.395092
v 18.509794 16.138699 -6.4636064
v 17.920841 16.14142 -2.652188
v 20.86253 16.14348 -5.8319635
v 20.974716 16.152605 -2.4558697
v 18.321594 16.353647 -6.609821
v 17.920841 16.14142 -2.652188
v 18.509794 16.138699 -6.4636064
v 17.71868 16.351267 -2.6682189
v 18.29857 17.296745 -6.742302
v 17.685202 17.367352 -2.679837
v 18.260593 20.978071 -6.8763447
v 17.614761 21.006279 -2.7010791
v 18.179918 29.663008 -7.269898
v 17.537838 29.696058 -2.7332501
v 14.287541 19.082832 -4.3150687
v 14.527493 18.867884 -4.2029843
v 15.971583 18.8729 -4.1504636
v 15.9917 19.092451 -4.2664065
v 14.258185 20.025927 -4.416624
v 17.527203 18.872665 -3.7187865
v 16.064 20.054958 -4.402128
v 14.209765 23.707254 -4.5193787
v 17.676744 19.102974 -3.7545757
v 17.670244 18.881788 -1.1307766
v 18.00496 19.10447 -1.1151223
v 17.916334 20.097307 -3.8103125
v 18.215988 20.08663 -1.1050363
v 18.375652 23.729311 -1.0965866
v 16.094099 23.723274 -4.5134478
v 14.106904 34.7063 -4.8210626
v 15.985518 34.735874 -4.9074016
v 18.007032 23.73442 -3.903789
v 18.429539 34.742264 -1.0783145
v 18.140486 34.74819 -4.1388087
v 15.971583 18.8729 -4.1504636
v 14.527493 18.867884 -4.2029843
v 13.776585 18.870602 -1.2812686
v 17.527203 18.872665 -3.7187865
v 17.670244 18.881788 -1.1307766
v 14.287541 19.082832 -4.3150687
v 13.776585 18.870602 -1.2812686
v 14.527493 18.867884 -4.2029843
v 13.518831 19.080452 -1.2935574
v 14.258185 20.025927 -4.416624
v 13.476149 20.096533 -1.3024642
v 14.209765 23.707254 -4.5193787
v 13.386335 23.735464 -1.3187479
v 14.106904 34.7063 -4.8210626
v 13.28826 34.739353 -1.3434085
v -2.057965 29.449205 3.6471057
v -1.7146789 23.439672 3.6892242
v -1.2824646 23.45698 -0.38460112
v -1.3852588 29.4372 -1.5593526
v -1.5760375 40.05203 -2.037466
v -2.355509 40.12098 3.6215997
v 1.5450704 23.480433 -0.30631682
v -1.3852588 29.4372 -1.5593526
v 1.8555676 29.462011 -1.3724618
v -1.5760375 40.05203 -2.037466
v 1.891332 40.04245 -1.8594089
v 4.1210785 23.123066 0.4909337
v 1.9083444 23.109043 0.2553212
v 1.8798856 23.10886 0.5336522
v 3.8343992 23.12125 0.77952373
v 5.0430207 23.128908 1.5801562
v 4.291822 23.12111 1.5973034
v 5.1969056 23.460192 1.5413085
v 5.0430207 23.128908 1.5801562
v 5.125833 23.129562 3.8100836
v 5.286922 23.52414 3.8109844
v 5.753268 29.491407 1.5748316
v 5.6813383 29.496237 3.8171544
v 4.6873374 29.505249 -0.1470465
v 4.351873 23.505362 0.28261307
v 6.6652365 40.11062 3.8243644
v 6.891513 40.095657 1.6154314
v 5.753268 29.491407 1.5748316
v 5.3195753 40.058266 -0.41736174
v 4.6873374 29.505249 -0.1470465
v 0.5156967 21.75854 3.773173
v 2.758363 21.768633 3.8399518
v 1.9264773 21.761948 0.80800825
v 3.3180938 21.770144 0.9839323
v 3.6394658 21.771559 1.6971793
v 3.8282897 21.774815 3.8058782
v 2.3903246 29.462751 -0.32019714
v 4.6873374 29.505249 -0.1470465
v 5.3195753 40.058266 -0.41736174
v 2.6523876 40.044727 -0.5862411
v 2.3903246 29.462751 -0.32019714
v 2.6523876 40.044727 -0.5862411
v 1.891332 40.04245 -1.8594089
v 1.8555676 29.462011 -1.3724618
v 1.8555676 29.462011 -1.3724618
v 2.068493 23.496002 0.10695892
v 2.3903246 29.462751 -0.32019714
v 1.5450704 23.480433 -0.30631682
v 1.4173629 23.105927 -0.21487334
v 1.9083444 23.109043 0.2553212
v 2.3903246 29.462751 -0.32019714
v 2.068493 23.496002 0.10695892
v 4.351873 23.505362 0.28261307
v 4.6873374 29.505249 -0.1470465
v 1.9264773 21.761948 0.80800825
v 0.34349516 22.020502 3.7703447
v 0.5156967 21.75854 3.773173
v 1.9152478 22.030205 0.7313426
v 0.10958465 23.09764 3.7531035
v 3.3180938 21.770144 0.9839323
v 1.8798856 23.10886 0.5336522
v 3.4306674 22.041277 0.9263194
v 3.6394658 21.771559 1.6971793
v 3.8343992 23.12125 0.77952373
v 3.8758447 22.045567 1.6586192
v 4.291822 23.12111 1.5973034
v 1.4173629 23.105927 -0.21487334
v 1.5450704 23.480433 -0.30631682
v -1.2824646 23.45698 -0.38460112
v -1.2288696 23.089157 -0.2367923
v -1.2824646 23.45698 -0.38460112
v -1.7146789 23.439672 3.6892242
v -1.5020703 23.087423 3.6901593
v -1.2288696 23.089157 -0.2367923
v -1.2288696 23.089157 -0.2367923
v -1.5020703 23.087423 3.6901593
v 0.10958465 23.09764 3.7531035
v 1.4173629 23.105927 -0.21487334
v 1.8798856 23.10886 0.5336522
v 4.0540276 22.04809 3.8090703
v 3.6394658 21.771559 1.6971793
v 3.8282897 21.774815 3.8058782
v 3.8758447 22.045567 1.6586192
v 4.339299 23.119753 3.8097343
v 4.291822 23.12111 1.5973034
v 5.125833 23.129562 3.8100836
v 5.0430207 23.128908 1.5801562
v 4.1210785 23.123066 0.4909337
v 2.068493 23.496002 0.10695892
v 1.9083444 23.109043 0.2553212
v 4.351873 23.505362 0.28261307
v 5.0430207 23.128908 1.5801562
v 5.1969056 23.460192 1.5413085
v -22.229414 30.475178 4.090775
v -21.886127 24.465647 4.132895
v -21.453915 24.48295 0.059068296
v -21.55671 30.463173 -1.1156826
v -21.747484 41.077995 -1.5937954
v -22.526957 41.146954 4.0652704
v -18.626379 24.506403 0.1373526
v -21.55671 30.463173 -1.1156826
v -18.315882 30.487986 -0.92879117
v -21.747484 41.077995 -1.5937954
v -18.280117 41.068417 -1.4157382
v -16.050371 24.149038 0.93460387
v -18.263105 24.135014 0.69899106
v -18.291563 24.13483 0.97732234
v -16.33705 24.14722 1.2231939
v -15.128428 24.154882 2.0238276
v -15.879627 24.147085 2.0409746
v -14.974545 24.486166 1.9849799
v -15.128428 24.154882 2.0238276
v -15.045616 24.155537 4.253754
v -14.884528 24.550114 4.254656
v -14.418183 30.51738 2.0185
v -14.490109 30.522211 4.2608237
v -15.484111 30.53122 0.29662398
v -15.819576 24.531336 0.7262854
v -13.506213 41.13659 4.2680354
v -13.279939 41.12163 2.059102
v -14.418183 30.51738 2.0185
v -14.851874 41.084236 0.026308898
v -15.484111 30.53122 0.29662398
v -19.655754 22.784513 4.2168436
v -17.413086 22.794607 4.2836223
v -18.244972 22.78792 1.2516776
v -16.853357 22.796118 1.4276017
v -16.531982 22.797531 2.14085
v -16.34316 22.800785 4.249549
v -17.781124 30.488726 0.12347351
v -15.484111 30.53122 0.29662398
v -14.851874 41.084236 0.026308898
v -17.519062 41.070694 -0.1425705
v -17.781124 30.488726 0.12347351
v -17.519062 41.070694 -0.1425705
v -18.280117 41.068417 -1.4157382
v -18.315882 30.487986 -0.92879117
v -18.315882 30.487986 -0.92879117
v -18.102957 24.521975 0.5506311
v -17.781124 30.488726 0.12347351
v -18.626379 24.506403 0.1373526
v -18.754087 24.1319 0.22879669
v -18.263105 24.135014 0.69899106
v -17.781124 30.488726 0.12347351
v -18.102957 24.521975 0.5506311
v -15.819576 24.531336 0.7262854
v -15.484111 30.53122 0.29662398
v -18.244972 22.78792 1.2516776
v -19.827953 23.046474 4.2140155
v -19.655754 22.784513 4.2168436
v -18.256203 23.056177 1.1750133
v -20.061865 24.123613 4.196774
v -16.853357 22.796118 1.4276017
v -18.291563 24.13483 0.97732234
v -16.740782 23.067247 1.3699894
v -16.531982 22.797531 2.14085
v -16.33705 24.14722 1.2231939
v -16.295605 23.071537 2.1022904
v -15.879627 24.147085 2.0409746
v -18.754087 24.1319 0.22879669
v -18.626379 24.506403 0.1373526
v -21.453915 24.48295 0.059068296
v -21.400316 24.11513 0.20687774
v -21.453915 24.48295 0.059068296
v -21.886127 24.465647 4.132895
v -21.67352 24.113398 4.13383
v -21.400316 24.11513 0.20687774
v -21.400316 24.11513 0.20687774
v -21.67352 24.113398 4.13383
v -20.061865 24.123613 4.196774
v -18.754087 24.1319 0.22879669
v -18.291563 24.13483 0.97732234
v -16.117422 23.074064 4.252741
v -16.531982 22.797531 2.14085
v -16.34316 22.800785 4.249549
v -16.295605 23.071537 2.1022904
v -15.8321495 24.145725 4.253405
v -15.879627 24.147085 2.0409746
v -15.045616 24.155537 4.253754
v -15.128428 24.154882 2.0238276
v -16.050371 24.149038 0.93460387
v -18.102957 24.521975 0.5506311
v -18.263105 24.135014 0.69899106
v -15.819576 24.531336 0.7262854
v -15.128428 24.154882 2.0238276
v -14.974545 24.486166 1.9849799
v -22.478506 10.813398 5.291521
v -22.13522 4.8038626 5.3336387
v -21.703005 4.8211675 1.2598099
v -21.805798 10.801392 0.08505829
v -18.87547 4.8446207 1.3380947
v -21.805798 10.801392 0.08505829
v -18.564972 10.8262005 0.27194914
v -16.299461 4.4872565 2.135348
v -18.512194 4.473232 1.8997353
v -18.540653 4.4730487 2.1780667
v -16.58614 4.485439 2.4239395
v -15.37752 4.4930987 3.2245717
v -16.128717 4.485301 3.2417178
v -15.223634 4.824383 3.185724
v -15.37752 4.4930987 3.2245717
v -15.294706 4.493753 5.4544983
v -15.133617 4.888332 5.455399
v -14.6672735 10.8556 3.2192454
v -14.7392 10.86043 5.46157
v -15.733202 10.869438 1.4973645
v -16.068666 4.8695536 1.9270278
v -19.904842 3.12273 5.417583
v -17.662176 3.1328228 5.4843616
v -18.494062 3.126137 2.4524171
v -17.102446 3.134334 2.6283426
v -16.781075 3.1357489 3.3415897
v -16.59225 3.1390033 5.450288
v -18.564972 10.8262005 0.27194914
v -18.352047 4.8601933 1.7513711
v -18.030214 10.826943 1.3242139
v -18.87547 4.8446207 1.3380947
v -19.003176 4.4701176 1.4295388
v -18.512194 4.473232 1.8997353
v -18.030214 10.826943 1.3242139
v -18.352047 4.8601933 1.7513711
v -16.068666 4.8695536 1.9270278
v -15.733202 10.869438 1.4973645
v -18.494062 3.126137 2.4524171
v -20.077044 3.384694 5.414756
v -19.904842 3.12273 5.417583
v -18.505291 3.3943963 2.3757546
v -20.310955 4.461829 5.397518
v -17.102446 3.134334 2.6283426
v -18.540653 4.4730487 2.1780667
v -16.989872 3.4054668 2.5707302
v -16.781075 3.1357489 3.3415897
v -16.58614 4.485439 2.4239395
v -16.544695 3.4097564 3.30303
v -16.128717 4.485301 3.2417178
v -19.003176 4.4701176 1.4295388
v -18.87547 4.8446207 1.3380947
v -21.703005 4.8211675 1.2598099
v -21.64941 4.4533463 1.40762
v -21.703005 4.8211675 1.2598099
v -22.13522 4.8038626 5.3336387
v -21.922611 4.4516144 5.3345737
v -21.64941 4.4533463 1.40762
v -21.64941 4.4533463 1.40762
v -21.922611 4.4516144 5.3345737
v -20.310955 4.461829 5.397518
v -19.003176 4.4701176 1.4295388
v -18.540653 4.4730487 2.1780667
v -16.366512 3.412282 5.453481
v -16.781075 3.1357489 3.3415897
v -16.59225 3.1390033 5.450288
v -16.544695 3.4097564 3.30303
v -16.081238 4.483941 5.4541492
v -16.128717 4.485301 3.2417178
v -15.294706 4.493753 5.4544983
v -15.37752 4.4930987 3.2245717
v -16.299461 4.4872565 2.135348
v -18.352047 4.8601933 1.7513711
v -18.512194 4.473232 1.8997353
v -16.068666 4.8695536 1.9270278
v -15.37752 4.4930987 3.2245717
v -15.223634 4.824383 3.185724
v 0.25914612 8.36791 5.272537
v 0.60783017 2.6382012 5.3146534
v 1.0400434 2.655506 1.2408284
v 0.9318536 9.487241 0.06607635
v 0.7733221 13.882661 -0.41203764
v -0.006149292 13.951609 5.247028
v 3.8675787 2.6789582 1.3191133
v 0.9318536 9.487241 0.06607635
v 4.1726794 9.512051 0.25296584
v 0.7733221 13.882661 -0.41203764
v 4.240692 13.873074 -0.23398101
v 6.443587 2.3215935 2.1163635
v 4.230853 2.30757 1.880751
v 4.2023935 2.3073869 2.1590834
v 6.156908 2.319777 2.404955
v 8.345512 2.333648 3.2055874
v 6.6143303 2.319639 3.2227335
v 8.499398 2.6649323 3.1667397
v 8.345512 2.333648 3.2055874
v 8.428325 2.3343022 5.435514
v 8.589414 2.7288811 5.4364147
v 9.050363 9.547661 3.2002618
v 8.978434 9.55249 5.4425874
v 7.0044494 9.55529 1.4783819
v 6.6743817 2.7038922 1.9080435
v 9.99458 13.94746 5.449793
v 9.521952 13.928068 3.24086
v 9.050363 9.547661 3.2002618
v 6.9700294 13.884462 1.2080672
v 7.0044494 9.55529 1.4783819
v 2.865056 -3.2794986 5.398602
v 5.1077228 -3.2694058 5.4653807
v 4.2758365 -3.2760918 2.4334362
v 5.6674533 -3.2678943 2.6093602
v 5.9888253 -3.2664807 3.3226085
v 6.177649 -3.2632241 5.4313073
v 4.7074366 9.512793 1.3052299
v 7.0044494 9.55529 1.4783819
v 6.9700294 13.884462 1.2080672
v 5.001747 13.875346 1.0391878
v 4.7074366 9.512793 1.3052299
v 5.001747 13.875346 1.0391878
v 4.240692 13.873074 -0.23398101
v 4.1726794 9.512051 0.25296584
v 4.1726794 9.512051 0.25296584
v 4.3910017 2.694532 1.7323892
v 4.7074366 9.512793 1.3052299
v 3.8675787 2.6789582 1.3191133
v 3.7398717 2.304456 1.4105568
v 4.230853 2.30757 1.880751
v 4.7074366 9.512793 1.3052299
v 4.3910017 2.694532 1.7323892
v 6.6743817 2.7038922 1.9080435
v 7.0044494 9.55529 1.4783819
v 4.2758365 -3.2760918 2.4334362
v 2.6928551 -3.0175357 5.395775
v 2.865056 -3.2794986 5.398602
v 4.2646074 -3.0078301 2.3567724
v 2.432093 2.2961674 5.3785324
v 5.6674533 -3.2678943 2.6093602
v 4.2023935 2.3073869 2.1590834
v 5.780027 -2.996759 2.5517492
v 5.9888253 -3.2664807 3.3226085
v 6.156908 2.319777 2.404955
v 6.2252035 -2.992472 3.284049
v 6.6143303 2.319639 3.2227335
v 3.7398717 2.304456 1.4105568
v 3.8675787 2.6789582 1.3191133
v 1.0400434 2.655506 1.2408284
v 1.0936377 2.2876835 1.3886378
v 1.0400434 2.655506 1.2408284
v 0.60783017 2.6382012 5.3146534
v 0.8204388 2.2859538 5.3155885
v 1.0936377 2.2876835 1.3886378
v 1.0936377 2.2876835 1.3886378
v 0.8204388 2.2859538 5.3155885
v 2.432093 2.2961674 5.3785324
v 3.7398717 2.304456 1.4105568
v 4.2023935 2.3073869 2.1590834
v 6.403387 -2.9899454 5.4344993
v 5.9888253 -3.2664807 3.3226085
v 6.177649 -3.2632241 5.4313073
v 6.2252035 -2.992472 3.284049
v 6.6618075 2.3182793 5.4351645
v 6.6143303 2.319639 3.2227335
v 8.428325 2.3343022 5.435514
v 8.345512 2.333648 3.2055874
v 6.443587 2.3215935 2.1163635
v 4.3910017 2.694532 1.7323892
v 4.230853 2.30757 1.880751
v 6.6743817 2.7038922 1.9080435
v 8.345512 2.333648 3.2055874
v 8.499398 2.6649323 3.1667397
v -0.85529906 -0.659006 7.035379
v 1.0802969 -0.6542917 7.0930133
v 0.36233276 -0.6614296 4.4762425
v 1.5633942 -0.6549576 4.628076
v 1.8407634 -0.65434355 5.2436595
v 2.003718 -0.6495395 7.063604
v 0.36233276 -0.6614296 4.4762425
v -1.0055368 -0.17779632 7.0329375
v -0.85529906 -0.659006 7.035379
v 0.35099182 -0.16966935 4.4100757
v -1.2763126 11.622036 7.018061
v 1.5633942 -0.6549576 4.628076
v 0.25157592 11.631723 4.2394605
v 1.6588904 -0.15869293 4.5783544
v 1.8407634 -0.65434355 5.2436595
v 1.9384518 11.642417 4.4516635
v 2.0430994 -0.15356597 5.210378
v 2.3332381 11.6423 5.1574607
v 2.3742146 11.641123 7.0669384
v 2.3332381 11.6423 5.1574607
v 2.0430994 -0.15356597 5.210378
v 2.1968749 -0.15003388 7.066355
v 1.8407634 -0.65434355 5.2436595
v 2.003718 -0.6495395 7.063604
v -11.075294 21.953583 3.8288982
v -10.761383 15.776751 3.8668144
v -10.372272 15.792329 0.19925033
v -10.469672 21.942776 -0.8583511
v -10.612394 26.91838 -1.2887853
v -11.314133 26.980452 3.8059337
v -7.826711 15.813444 0.26972762
v -10.469672 21.942776 -0.8583511
v -7.552036 21.965109 -0.6900979
v -10.612394 26.91838 -1.2887853
v -7.4908066 26.909748 -1.1284863
v -5.507594 15.491718 0.98747325
v -7.4996643 15.479092 0.7753578
v -7.525285 15.478928 1.0259315
v -5.7656837 15.49008 1.247284
v -3.7953367 15.502568 1.968072
v -5.3538785 15.489956 1.9835103
v -3.6567981 15.8008175 1.9331001
v -3.7953367 15.502568 1.968072
v -3.7207823 15.503159 3.9756231
v -3.575758 15.858388 3.9764335
v -3.1607776 21.99717 1.9632804
v -3.225532 22.001516 3.9819891
v -5.0026627 22.004036 0.41311353
v -5.2998157 15.835891 0.7999269
v -2.3107214 26.97672 3.988479
v -2.736217 26.959259 1.9998302
v -3.1607776 21.99717 1.9632804
v -5.033651 26.920002 0.16975433
v -5.0026627 22.004036 0.41311353
v -8.729258 12.967758 3.9423907
v -6.7102404 12.976846 4.002509
v -7.4591665 12.970825 1.2729236
v -6.206328 12.978206 1.4313036
v -5.917005 12.979477 2.0734253
v -5.7470117 12.9824095 3.9718328
v -7.0706077 21.965778 0.25722978
v -5.0026627 22.004036 0.41311353
v -5.033651 26.920002 0.16975433
v -6.805647 26.911795 0.017716674
v -7.0706077 21.965778 0.25722978
v -6.805647 26.911795 0.017716674
v -7.4908066 26.909748 -1.1284863
v -7.552036 21.965109 -0.6900979
v -7.552036 21.965109 -0.6900979
v -7.3554864 15.827465 0.6417897
v -7.0706077 21.965778 0.25722978
v -7.826711 15.813444 0.26972762
v -7.9416823 15.476286 0.35205185
v -7.4996643 15.479092 0.7753578
v -7.0706077 21.965778 0.25722978
v -7.3554864 15.827465 0.6417897
v -5.2998157 15.835891 0.7999269
v -5.0026627 22.004036 0.41311353
v -7.4591665 12.970825 1.2729236
v -8.884286 13.203598 3.939846
v -8.729258 12.967758 3.9423907
v -7.469276 13.212331 1.2039056
v -9.119044 15.468825 3.9243243
v -6.206328 12.978206 1.4313036
v -7.525285 15.478928 1.0259315
v -6.104981 13.2223 1.3794391
v -5.917005 12.979477 2.0734253
v -5.7656837 15.49008 1.247284
v -5.7041993 13.226162 2.0387104
v -5.3538785 15.489956 1.9835103
v -7.9416823 15.476286 0.35205185
v -7.826711 15.813444 0.26972762
v -10.372272 15.792329 0.19925033
v -10.324022 15.461188 0.33231795
v -10.372272 15.792329 0.19925033
v -10.761383 15.776751 3.8668144
v -10.569978 15.459631 3.8676567
v -10.324022 15.461188 0.33231795
v -10.324022 15.461188 0.33231795
v -10.569978 15.459631 3.8676567
v -9.119044 15.468825 3.9243243
v -7.9416823 15.476286 0.35205185
v -7.525285 15.478928 1.0259315
v -5.543785 13.228435 3.974708
v -5.917005 12.979477 2.0734253
v -5.7470117 12.9824095 3.9718328
v -5.7041993 13.226162 2.0387104
v -5.3111353 15.488732 3.9753082
v -5.3538785 15.489956 1.9835103
v -3.7207823 15.503159 3.9756231
v -3.7953367 15.502568 1.968072
v -5.507594 15.491718 0.98747325
v -7.3554864 15.827465 0.6417897
v -7.4996643 15.479092 0.7753578
v -5.2998157 15.835891 0.7999269
v -3.7953367 15.502568 1.968072
v -3.6567981 15.8008175 1.9331001
v 6.1548133 29.670647 0.047521666
v 6.3234286 29.494646 0.13920501
v 6.8867855 29.494831 0.18216568
v 6.9032407 29.674425 0.087326355
v 6.0297422 30.441437 -0.03554596
v 8.159254 29.494646 0.53526807
v 6.9623837 30.461735 -0.02368866
v 5.8816757 33.451996 -0.11959747
v 8.281576 29.68303 0.5059932
v 8.276256 29.502102 2.652206
v 8.550048 29.684256 2.6650138
v 8.477554 30.496374 0.4604042
v 8.722662 30.487638 2.673263
v 8.853265 33.46728 2.6801748
v 6.987003 33.462337 -0.1147464
v 5.647228 36.86363 -0.36637083
v 6.9268346 36.886185 -0.4369946
v 8.551744 33.47146 0.38394132
v 8.92599 36.89142 2.695119
v 8.689551 36.896263 0.19169784
v 6.8867855 29.494831 0.18216568
v 6.3234286 29.494646 0.13920501
v 5.635321 29.496403 2.5291078
v 8.159254 29.494646 0.53526807
v 8.276256 29.502102 2.652206
v 6.1548133 29.670647 0.047521666
v 5.635321 29.496403 2.5291078
v 6.3234286 29.494646 0.13920501
v 5.418507 29.66802 2.5190566
v 6.0297422 30.441437 -0.03554596
v 5.2581625 30.498356 2.5117714
v 5.8816757 33.451996 -0.11959747
v 4.9536877 33.47346 2.4984512
v 5.647228 36.86363 -0.36637083
v 4.7755065 36.889378 2.478278
v -2.1647766 30.02948 -3.2845104
v -1.9961609 29.853477 -3.1928265
v -1.4328039 29.853664 -3.1498656
v -1.4163488 30.033258 -3.2447052
v -2.2898474 30.800268 -3.3675776
v -0.16033569 29.853477 -2.7967632
v -1.3572057 30.82057 -3.35572
v -2.4379137 33.810825 -3.4516284
v -0.038013916 30.041862 -2.8260381
v -0.04333374 29.860935 -0.6798251
v 0.23045775 30.043087 -0.6670175
v 0.15796508 30.85521 -2.871627
v 0.4030725 30.846474 -0.658768
v 0.53367555 33.826107 -0.65185636
v -1.3325866 33.821167 -3.4467773
v -2.672362 37.222454 -3.6984026
v -1.3927552 37.245014 -3.7690265
v 0.23215453 33.830288 -2.9480896
v 0.60640013 37.250248 -0.6369122
v 0.36996216 37.255093 -3.140334
v -1.4328039 29.853664 -3.1498656
v -1.9961609 29.853477 -3.1928265
v -2.6842687 29.855236 -0.80292326
v -0.16033569 29.853477 -2.7967632
v -0.04333374 29.860935 -0.6798251
v -2.1647766 30.02948 -3.2845104
v -2.6842687 29.855236 -0.80292326
v -1.9961609 29.853477 -3.1928265
v -2.9010828 30.026852 -0.8129745
v -2.2898474 30.800268 -3.3675776
v -3.0614269 30.857191 -0.8202597
v -2.4379137 33.810825 -3.4516284
v -3.365902 33.83229 -0.83358
v -2.672362 37.222454 -3.6984026
v -3.544083 37.248207 -0.85375303
v -13.705387 27.999369 0.41873306
v -13.573715 27.86193 0.49032912
v -13.13379 27.862078 0.5238771
v -13.120941 28.002321 0.44981703
v -13.803055 28.601278 0.3538661
v -12.1401205 27.86193 0.79961437
v -13.074757 28.617134 0.36312574
v -13.91868 30.95222 0.28823027
v -12.0446005 28.00904 0.77675366
v -12.048755 27.867754 2.4527283
v -11.83495 28.009996 2.462731
v -11.891561 28.644182 0.74115306
v -11.700156 28.63736 2.4691713
v -11.598167 30.964155 2.4745646
v -13.055531 30.960297 0.29201812
v -14.101761 33.61636 0.09552429
v -13.102515 33.63398 0.040374756
v -11.833627 30.967417 0.68144375
v -11.541378 33.63806 2.4862404
v -11.726011 33.64185 0.53131986
v -13.13379 27.862078 0.5238771
v -13.573715 27.86193 0.49032912
v -14.111058 27.863302 2.3566005
v -12.1401205 27.86193 0.79961437
v -12.048755 27.867754 2.4527283
v -13.705387 27.999369 0.41873306
v -14.111058 27.863302 2.3566005
v -13.573715 27.86193 0.49032912
v -14.280367 27.997318 2.3487513
v -13.803055 28.601278 0.3538661
v -14.405582 28.64573 2.3430629
v -13.91868 30.95222 0.28823027
v -14.643346 30.968979 2.3326578
v -14.101761 33.61636 0.09552429
v -14.782486 33.63647 2.3169107
v -19.806889 2.1553617 -0.2776254
v -19.66186 2.0039847 -0.19876678
v -19.177307 2.0041435 -0.16181488
v -19.163155 2.1586113 -0.24338835
v -19.914463 2.818332 -0.349075
v -18.08284 2.003981 0.14189239
v -19.112286 2.8357892 -0.33887482
v -20.041817 5.407759 -0.4213675
v -17.97763 2.1660135 0.11671295
v -17.982206 2.010396 1.9627016
v -17.746716 2.1670659 1.9737173
v -17.809065 2.8655841 0.07750213
v -17.598244 2.8580718 1.9808121
v -17.485912 5.4209003 1.9867617
v -19.091108 5.41665 -0.41719267
v -20.24347 11.265256 -0.63361996
v -19.142862 11.28466 -0.6943646
v -17.745255 5.424495 0.011734313
v -17.42336 11.28916 1.9996082
v -17.626724 11.29333 -0.15361755
v -19.177307 2.0041435 -0.16181488
v -19.66186 2.0039847 -0.19876678
v -20.25371 2.0054936 1.8568226
v -18.08284 2.003981 0.14189239
v -17.982206 2.010396 1.9627016
v -19.806889 2.1553617 -0.2776254
v -20.25371 2.0054936 1.8568226
v -19.66186 2.0039847 -0.19876678
v -20.440193 2.1531022 1.8481778
v -19.914463 2.818332 -0.349075
v -20.57811 2.8672905 1.84191
v -20.041817 5.407759 -0.4213675
v -20.839994 5.4262176 1.8304561
v -20.24347 11.265256 -0.63361996
v -20.993252 11.28741 1.8131018
v -11.131787 -3.8423421 4.984013
v -10.909605 -6.554728 5.0112724
v -10.629873 -6.543528 2.3746397
v -10.696402 -3.850108 1.6143243
v -10.819877 1.73398 1.3048842
v -11.324359 1.7786051 4.9675064
v -8.799854 -6.5283484 2.425306
v -10.696402 -3.850108 1.6143243
v -8.598896 -3.834052 1.735282
v -10.819877 1.73398 1.3048842
v -8.575749 1.7277775 1.4201247
v -7.132628 -6.7596397 2.9412966
v -8.564736 -6.7687163 2.7888052
v -8.583158 -6.7688346 2.968945
v -7.3181686 -6.760816 3.128077
v -6.535935 -6.7558584 3.646257
v -7.0221195 -6.7609057 3.6573536
v -6.436339 -6.541446 3.6211138
v -6.535935 -6.7558584 3.646257
v -6.4823375 -6.7554355 5.0894957
v -6.3780785 -6.5000577 5.0900774
v -6.0762534 -3.8150275 3.6428099
v -6.122807 -3.8119028 5.0940685
v -6.7661376 -3.8060687 2.5283873
v -6.9832554 -6.512212 2.8064687
v -5.4860144 1.7718998 5.0987372
v -5.3395658 1.762216 3.669087
v -6.0762534 -3.8150275 3.6428099
v -6.356943 1.7380143 2.3534358
v -6.7661376 -3.8060687 2.5283873
v -9.466078 -7.6427794 5.065606
v -8.014596 -7.636247 5.108827
v -8.553004 -7.640575 3.1465116
v -7.652329 -7.6352696 3.260372
v -7.444336 -7.634354 3.7219954
v -7.322124 -7.6322465 5.0867734
v -8.252796 -3.8335748 2.416322
v -6.7661376 -3.8060687 2.5283873
v -6.356943 1.7380143 2.3534358
v -8.083182 1.7292472 2.2441359
v -8.252796 -3.8335748 2.416322
v -8.083182 1.7292472 2.2441359
v -8.575749 1.7277775 1.4201247
v -8.598896 -3.834052 1.735282
v -8.598896 -3.834052 1.735282
v -8.461089 -6.518268 2.6927829
v -8.252796 -3.8335748 2.416322
v -8.799854 -6.5283484 2.425306
v -8.882506 -6.7707314 2.4844894
v -8.564736 -6.7687163 2.7888052
v -8.252796 -3.8335748 2.416322
v -8.461089 -6.518268 2.6927829
v -6.9832554 -6.512212 2.8064687
v -6.7661376 -3.8060687 2.5283873
v -8.553004 -7.640575 3.1465116
v -9.57753 -7.4732323 5.063777
v -9.466078 -7.6427794 5.065606
v -8.560269 -7.466953 3.0968928
v -9.728922 -6.7760973 5.052617
v -7.652329 -7.6352696 3.260372
v -8.583158 -6.7688346 2.968945
v -7.579471 -7.4597874 3.2230844
v -7.444336 -7.634354 3.7219954
v -7.3181686 -6.760816 3.128077
v -7.291346 -7.4570103 3.697039
v -7.0221195 -6.7609057 3.6573536
v -8.882506 -6.7707314 2.4844894
v -8.799854 -6.5283484 2.425306
v -10.629873 -6.543528 2.3746397
v -10.595185 -6.7815876 2.470303
v -10.629873 -6.543528 2.3746397
v -10.909605 -6.554728 5.0112724
v -10.772003 -6.782708 5.0118766
v -10.595185 -6.7815876 2.470303
v -10.595185 -6.7815876 2.470303
v -10.772003 -6.782708 5.0118766
v -9.728922 -6.7760973 5.052617
v -8.882506 -6.7707314 2.4844894
v -8.583158 -6.7688346 2.968945
v -6.9913926 -6.7617855 5.08927
v -7.291346 -7.4570103 3.697039
v -7.1760254 -7.455377 5.08884
v -7.0221195 -6.7609057 3.6573536
v -6.4823375 -6.7554355 5.0894957
v -6.535935 -6.7558584 3.646257
v -7.1760254 -7.455377 5.08884
v -7.291346 -7.4570103 3.697039
v -7.444336 -7.634354 3.7219954
v -7.322124 -7.6322465 5.0867734
v -7.132628 -6.7596397 2.9412966
v -8.461089 -6.518268 2.6927829
v -8.564736 -6.7687163 2.7888052
v -6.9832554 -6.512212 2.8064687
v -6.535935 -6.7558584 3.646257
v -6.436339 -6.541446 3.6211138
v -13.0013 -1.4926592 -0.33713043
v -12.846 -1.6317767 -0.26458892
v -11.9113655 -1.6285291 -0.230596
v -11.898346 -1.4864336 -0.3056363
v -13.020296 -0.8822717 -0.40285796
v -10.904545 -1.6286817 0.048789978
v -11.851551 -0.8634857 -0.39347687
v -13.051637 1.50033 -0.46936217
v -10.80776 -1.4796221 0.025625914
v -10.811969 -1.6227758 1.7237854
v -10.595334 -1.4786547 1.7339196
v -10.652695 -0.8360766 -0.010446472
v -10.458755 -0.84298843 1.7404455
v -10.35542 1.5146049 1.7459108
v -11.832068 1.5106962 -0.46552244
v -13.118209 7.7769437 -0.6646173
v -11.902348 7.7960844 -0.7204962
v -10.593994 1.5179106 -0.07094421
v -10.320541 7.8002224 1.7577434
v -10.507622 7.8040605 -0.22305205
v -11.9113655 -1.6285291 -0.230596
v -12.846 -1.6317767 -0.26458892
v -13.331996 -1.6300147 1.6263855
v -10.904545 -1.6286817 0.048789978
v -10.811969 -1.6227758 1.7237854
v -13.0013 -1.4926592 -0.33713043
v -13.331996 -1.6300147 1.6263855
v -12.846 -1.6317767 -0.26458892
v -13.498819 -1.4941998 1.6184325
v -13.020296 -0.8822717 -0.40285796
v -13.526442 -0.83657604 1.6126647
v -13.051637 1.50033 -0.46936217
v -13.58457 1.5185844 1.6021278
v -13.118209 7.7769437 -0.6646173
v -13.648047 7.7983356 1.5861698
v -1.1914415 19.001848 1.2288834
v -1.0672746 18.87224 1.2963979
v -0.65242386 18.872377 1.3280337
v -0.64030635 19.004631 1.2581948
v -1.2835424 19.56945 1.1677127
v 0.28460982 18.87224 1.5880551
v -0.5967541 19.584396 1.1764444
v -1.3925772 21.786398 1.1058183
v 0.37468642 19.010967 1.5664974
v 0.37076902 18.877731 3.146949
v 0.57238644 19.011868 3.1563802
v 0.51900357 19.609905 1.5329263
v 0.6994983 19.603472 3.1624544
v 0.7956732 21.797651 3.167545
v -0.5786247 21.794014 1.1093907
v -1.5652226 29.579027 0.924098
v -0.62293226 29.595638 0.8720912
v 0.573636 21.80073 1.4766197
v 0.84922695 29.599491 3.1785488
v 0.6751161 29.603062 1.3350551
v -0.65242386 18.872377 1.3280337
v -1.0672746 18.87224 1.2963979
v -1.5739906 18.873535 3.0562997
v 0.28460982 18.87224 1.5880551
v 0.37076902 18.877731 3.146949
v -1.1914415 19.001848 1.2288834
v -1.5739906 18.873535 3.0562997
v -1.0672746 18.87224 1.2963979
v -1.7336503 18.999912 3.0488985
v -1.2835424 19.56945 1.1677127
v -1.8517263 19.611364 3.0435336
v -1.3925772 21.786398 1.1058183
v -2.075939 21.802204 3.033724
v -1.5652226 29.579027 0.924098
v -2.20715 29.597988 3.0188699
v -11.839939 14.459856 1.2288831
v -11.715772 14.330249 1.2963978
v -11.300921 14.330385 1.3280336
v -11.288803 14.462639 1.2581947
v -11.932039 15.027458 1.1677126
v -10.363887 14.330249 1.5880549
v -11.245252 15.042404 1.1764442
v -12.041074 17.244406 1.1058182
v -10.27381 14.468974 1.5664973
v -10.277727 14.335739 3.1469488
v -10.076109 14.469875 3.15638
v -10.129492 15.067912 1.5329262
v -9.9489975 15.06148 3.1624541
v -9.852822 17.25566 3.1675448
v -11.227121 17.252022 1.1093905
v -12.213719 25.037035 0.9240991
v -11.271429 25.053646 0.87209225
v -10.074862 17.258738 1.4766195
v -9.799269 25.057499 3.1785486
v -9.973381 25.06107 1.3350549
v -11.300921 14.330385 1.3280336
v -11.715772 14.330249 1.2963978
v -12.222487 14.331543 3.0562994
v -10.363887 14.330249 1.5880549
v -10.277727 14.335739 3.1469488
v -11.839939 14.459856 1.2288831
v -12.222487 14.331543 3.0562994
v -11.715772 14.330249 1.2963978
v -12.382147 14.45792 3.0488982
v -11.932039 15.027458 1.1677126
v -12.500223 15.069372 3.0435333
v -12.041074 17.244406 1.1058182
v -12.724436 17.260212 3.033724
v -12.213719 25.037035 0.9240991
v -12.855647 25.055996 3.0188696
v -8.090498 16.355608 -0.9826657
v -7.990791 16.25153 -0.928453
v -7.6576676 16.251646 -0.9030484
v -7.647937 16.357841 -0.9591287
v -8.164454 16.811392 -1.0317868
v -6.9052305 16.25153 -0.6942526
v -7.612965 16.823393 -1.0247744
v -8.252008 18.591599 -1.0814877
v -6.832899 16.362932 -0.71156216
v -6.8360434 16.255941 0.557538
v -6.674145 16.363655 0.5651112
v -6.7170115 16.843876 -0.73851955
v -6.5720744 16.83871 0.56998914
v -6.494847 18.600632 0.57407624
v -7.5984063 18.59771 -1.0786197
v -8.390642 24.849068 -1.2274066
v -7.633986 24.862404 -1.269168
v -6.6731424 18.603107 -0.78373444
v -6.4518423 24.8655 0.58291256
v -6.5916553 24.868366 -0.897409
v -7.6576676 16.251646 -0.9030484
v -7.990791 16.25153 -0.928453
v -8.397683 16.252573 0.48474625
v -6.9052305 16.25153 -0.6942526
v -6.8360434 16.255941 0.557538
v -8.090498 16.355608 -0.9826657
v -8.397683 16.252573 0.48474625
v -7.990791 16.25153 -0.928453
v -8.52589 16.354052 0.47880384
v -8.164454 16.811392 -1.0317868
v -8.620705 16.845045 0.47449479
v -8.252008 18.591599 -1.0814877
v -8.800748 18.60429 0.46661896
v -8.390642 24.849068 -1.2274066
v -8.90611 24.864292 0.45469114
v -8.64635 -26.48414 5.9931703
v -9.299963 -17.071808 6.0591893
v -9.977053 -17.107243 -2.3313272
v -9.70094 -26.478266 -4.172699
v -9.197795 -35.419945 -4.9221144
v -7.97478 -35.513027 5.9531956
v -14.40829 -17.198378 -2.208622
v -9.70094 -26.478266 -4.172699
v -14.779914 -26.579475 -3.8797581
v -9.197795 -35.419945 -4.9221144
v -14.6325 -35.471607 -4.6430187
v -18.452621 -16.687807 1.0460303
v -14.984803 -16.623281 0.6767187
v -14.940204 -16.622444 1.1129907
v -18.00334 -16.679447 1.4983826
v -19.897503 -16.714699 2.753335
v -18.720276 -16.688025 2.7802098
v -20.132318 -17.236887 2.6924415
v -19.897503 -16.714699 2.753335
v -20.027283 -16.717316 6.2486353
v -20.272177 -17.338844 6.250044
v -20.888336 -26.7005 2.7449799
v -20.775513 -26.706692 6.2597046
v -19.217407 -26.701698 0.046023253
v -18.807 -17.291433 0.719497
v -22.113485 -35.670258 6.2710204
v -22.468422 -35.65116 2.8086233
v -20.888336 -26.7005 2.7449799
v -20.005396 -35.562325 -0.37767974
v -19.217407 -26.701698 0.046023253
v -12.828032 -14.479809 6.1907773
v -16.342838 -14.53876 6.2954526
v -15.039124 -14.512279 1.5430285
v -17.220098 -14.551886 1.8187804
v -17.723763 -14.560279 2.9367626
v -18.019653 -14.569015 6.2420397
v -15.618039 -26.59092 -0.2253842
v -19.217407 -26.701698 0.046023253
v -20.005396 -35.562325 -0.37767974
v -15.825287 -35.4898 -0.6423868
v -15.618039 -26.59092 -0.2253842
v -15.825287 -35.4898 -0.6423868
v -14.6325 -35.471607 -4.6430187
v -14.779914 -26.579475 -3.8797581
v -14.779914 -26.579475 -3.8797581
v -15.228365 -17.232857 0.44416746
v -15.618039 -26.59092 -0.2253842
v -14.40829 -17.198378 -2.208622
v -14.215336 -16.608952 -2.065289
v -14.984803 -16.623281 0.6767187
v -15.618039 -26.59092 -0.2253842
v -15.228365 -17.232857 0.44416746
v -18.807 -17.291433 0.719497
v -19.217407 -26.701698 0.046023253
v -15.039124 -14.512279 1.5430285
v -12.553092 -14.887087 6.1863465
v -12.828032 -14.479809 6.1907773
v -15.016373 -14.932514 1.42286
v -12.16576 -16.570808 6.1593213
v -17.220098 -14.551886 1.8187804
v -14.940204 -16.622444 1.1129907
v -17.391321 -14.9790125 1.7284753
v -17.723763 -14.560279 2.9367626
v -18.00334 -16.679447 1.4983826
v -18.08898 -14.994298 2.8763208
v -18.720276 -16.688025 2.7802098
v -14.215336 -16.608952 -2.065289
v -14.40829 -17.198378 -2.208622
v -9.977053 -17.107243 -2.3313272
v -10.068125 -16.531776 -2.0996475
v -9.977053 -17.107243 -2.3313272
v -9.299963 -17.071808 6.0591893
v -9.639968 -16.523808 6.060654
v -10.068125 -16.531776 -2.0996475
v -10.068125 -16.531776 -2.0996475
v -9.639968 -16.523808 6.060654
v -12.16576 -16.570808 6.1593213
v -14.215336 -16.608952 -2.065289
v -14.940204 -16.622444 1.1129907
v -18.3682 -15.00168 6.247047
v -17.723763 -14.560279 2.9367626
v -18.019653 -14.569015 6.2420397
v -18.08898 -14.994298 2.8763208
v -18.794712 -16.686811 6.2480884
v -18.720276 -16.688025 2.7802098
v -20.027283 -16.717316 6.2486353
v -19.897503 -16.714699 2.753335
v -18.452621 -16.687807 1.0460303
v -15.228365 -17.232857 0.44416746
v -14.984803 -16.623281 0.6767187
v -18.807 -17.291433 0.719497
v -19.897503 -16.714699 2.753335
v -20.132318 -17.236887 2.6924415
v -10.934243 -26.792961 -6.0813384
v -11.0786495 -26.640991 -6.0024805
v -11.563199 -26.639162 -5.965528
v -11.577985 -26.793571 -6.0471015
v -10.829385 -27.456364 -6.152788
v -12.657656 -26.634512 -5.6618204
v -11.631628 -27.470533 -6.1425877
v -10.712648 -30.046295 -6.225079
v -12.76353 -26.796116 -5.687
v -12.758318 -26.640516 -3.8410113
v -12.994448 -26.79622 -3.8299956
v -12.93496 -27.49499 -5.7262106
v -13.145749 -27.48661 -3.8229003
v -13.268587 -30.048956 -3.8169544
v -11.663384 -30.051289 -6.220906
v -10.53501 -35.90457 -6.437334
v -11.635687 -35.91946 -6.4980774
v -13.009261 -30.053616 -5.791978
v -13.355194 -35.916916 -3.8041065
v -13.151849 -35.921917 -5.9573307
v -11.563199 -26.639162 -5.965528
v -11.0786495 -26.640991 -6.0024805
v -10.48681 -26.644926 -3.94689
v -12.657656 -26.634512 -5.6618204
v -12.758318 -26.640516 -3.8410113
v -10.934243 -26.792961 -6.0813384
v -10.48681 -26.644926 -3.94689
v -11.0786495 -26.640991 -6.0024805
v -10.300935 -26.793295 -3.955534
v -10.829385 -27.456364 -6.152788
v -10.165947 -27.508047 -3.9618018
v -10.712648 -30.046295 -6.225079
v -9.914555 -30.068022 -3.973258
v -10.53501 -35.90457 -6.437334
v -9.785326 -35.929794 -3.9906127
v -22.18354 -28.8027 -8.081239
v -22.335396 -28.529572 -7.8836875
v -22.938906 -28.53047 -7.6934886
v -22.990776 -28.807812 -7.8559594
v -22.090946 -30.026701 -8.313561
v -24.22227 -28.557121 -6.8625607
v -23.109009 -30.05421 -8.093494
v -22.027197 -36.36587 -8.769994
v -23.236298 -36.375633 -8.522265
v -24.369858 -28.854383 -6.9000473
v -23.690966 -28.779856 -3.520457
v -23.991152 -29.070364 -3.4583495
v -24.618168 -30.148016 -7.0077353
v -24.794569 -36.429794 -7.40035
v -24.196875 -30.353617 -3.4858081
v -24.40918 -36.65064 -3.7359033
v -20.453712 -30.377295 -4.495691
v -22.027197 -36.36587 -8.769994
v -20.195795 -36.66789 -4.8719635
v -22.090946 -30.026701 -8.313561
v -20.607113 -29.05034 -4.3686357
v -22.18354 -28.8027 -8.081239
v -20.83728 -28.775742 -4.288922
v -22.335396 -28.529572 -7.8836875
v -22.938906 -28.53047 -7.6934886
v -22.335396 -28.529572 -7.8836875
v -20.83728 -28.775742 -4.288922
v -24.22227 -28.557121 -6.8625607
v -23.690966 -28.779856 -3.520457
v -5.7502255 -25.291046 1.5793844
v -5.9181886 -25.046333 1.7264535
v -6.4817724 -25.047136 1.4123616
v -6.4989696 -25.295628 1.260522
v -5.628264 -26.387724 1.3914033
v -7.7547507 -25.071014 2.2940934
v -6.561363 -26.412373 1.0311226
v -5.4924865 -36.325165 1.001442
v -6.5983005 -36.333904 0.63208646
v -7.877894 -25.337355 2.2353616
v -7.871832 -25.014233 5.3238816
v -8.146478 -25.27452 5.326006
v -8.077289 -26.49642 2.09734
v -8.163706 -36.382435 1.7214993
v -8.322459 -26.42429 5.2659326
v -8.465332 -36.580307 5.009058
v -4.85661 -26.445503 5.032527
v -5.4924865 -36.325165 1.001442
v -4.5642123 -36.59576 4.746934
v -5.628264 -26.387724 1.3914033
v -5.013617 -25.256578 5.1173716
v -5.7502255 -25.291046 1.5793844
v -5.2298083 -25.010544 5.147206
v -5.9181886 -25.046333 1.7264535
v -7.7547507 -25.071014 2.2940934
v -6.4817724 -25.047136 1.4123616
v -5.9181886 -25.046333 1.7264535
v -5.2298083 -25.010544 5.147206
v -7.871832 -25.014233 5.3238816
v -19.215816 -19.403933 -2.7079985
v -19.40328 -19.130806 -2.5438542
v -20.032295 -19.131704 -2.475003
v -20.051487 -19.409044 -2.6444707
v -19.079693 -20.627934 -2.9178026
v -21.453066 -19.158354 -1.9103106
v -20.121124 -20.655443 -2.9005022
v -18.928152 -25.43046 -3.3530388
v -21.590508 -19.455618 -1.97586
v -21.58374 -19.38109 1.4712377
v -21.890272 -19.671598 1.4736094
v -21.813051 -20.74925 -2.1299047
v -22.086689 -20.954851 1.4065598
v -22.246147 -25.715227 1.1198622
v -20.162352 -25.440222 -3.3458655
v -18.697552 -36.28783 -4.428037
v -20.126394 -36.308434 -4.542603
v -21.909502 -25.49438 -2.549384
v -22.358574 -36.616745 0.4618765
v -22.094599 -36.375828 -3.5384233
v -20.032295 -19.131704 -2.475003
v -19.40328 -19.130806 -2.5438542
v -18.63498 -19.376976 1.2740489
v -21.453066 -19.158354 -1.9103106
v -21.58374 -19.38109 1.4712377
v -19.215816 -19.403933 -2.7079985
v -18.63498 -19.376976 1.2740489
v -19.40328 -19.130806 -2.5438542
v -18.393688 -19.651575 1.2407529
v -19.079693 -20.627934 -2.9178026
v -18.218452 -20.978527 1.1460539
v -18.928152 -25.43046 -3.3530388
v -17.892107 -25.732477 0.82730484
v -18.697552 -36.28783 -4.428037
v -17.724348 -36.618988 0.11393646
v -16.868692 -22.289507 -2.3121188
v -16.997559 -22.101755 -2.1992836
v -17.429953 -22.102373 -2.1519547
v -17.443146 -22.293022 -2.2684493
v -16.77512 -23.130905 -2.4563408
v -18.406614 -22.120693 -1.7637765
v -17.491014 -23.149815 -2.4444487
v -16.670948 -26.432234 -2.7555296
v -18.501093 -22.325037 -1.8088363
v -18.496439 -22.273804 0.5607516
v -18.707155 -22.473503 0.5623825
v -18.654072 -23.214298 -1.9147286
v -18.842175 -23.35563 0.5162912
v -18.951786 -26.627985 0.31921035
v -17.519356 -26.438942 -2.7505982
v -16.51243 -33.895752 -3.4944994
v -17.494638 -33.909916 -3.5732536
v -18.720371 -26.476173 -2.2030845
v -19.029074 -34.121853 -0.13309875
v -18.847612 -33.956245 -2.8829656
v -17.429953 -22.102373 -2.1519547
v -16.997559 -22.101755 -2.1992836
v -16.469416 -22.270975 0.4252011
v -18.406614 -22.120693 -1.7637765
v -18.496439 -22.273804 0.5607516
v -16.868692 -22.289507 -2.3121188
v -16.469416 -22.270975 0.4252011
v -16.997559 -22.101755 -2.1992836
v -16.303549 -22.459738 0.4023129
v -16.77512 -23.130905 -2.4563408
v -16.183088 -23.371908 0.33721465
v -16.670948 -26.432234 -2.7555296
v -15.958755 -26.639843 0.11810272
v -16.51243 -33.895752 -3.4944994
v -15.843434 -34.123398 -0.37227842
v -21.399956 -23.25662 -5.141089
v -21.551897 -23.009766 -4.9748645
v -22.11001 -23.010576 -4.849995
v -22.144228 -23.261242 -5.000296
v -21.298708 -24.362888 -5.3431816
v -23.329624 -23.034664 -4.200412
v -22.232431 -24.38775 -5.223296
v -21.206196 -28.703468 -5.749312
v -23.459642 -23.303335 -4.245521
v -23.108183 -23.235973 -1.1498746
v -23.383291 -23.498539 -1.1170297
v -23.67498 -24.472534 -4.3615923
v -23.566435 -24.65836 -1.1575783
v -23.738394 -28.960842 -1.3991244
v -22.314081 -28.71229 -5.619209
v -21.106768 -34.983555 -6.7380238
v -22.401693 -35.00217 -6.697769
v -23.803642 -28.76124 -4.728721
v -23.905308 -35.28083 -1.9788895
v -24.069004 -35.06309 -5.598571
v -22.11001 -23.010576 -4.849995
v -21.551897 -23.009766 -4.9748645
v -20.479244 -23.232256 -1.6224453
v -23.329624 -23.034664 -4.200412
v -23.108183 -23.235973 -1.1498746
v -21.399956 -23.25662 -5.141089
v -20.479244 -23.232256 -1.6224453
v -21.551897 -23.009766 -4.9748645
v -20.265846 -23.480442 -1.6765298
v -21.298708 -24.362888 -5.3431816
v -20.117928 -24.679758 -1.7791506
v -21.206196 -28.703468 -5.749312
v -19.856728 -28.976435 -2.0981624
v -21.106768 -34.983555 -6.7380238
v -19.777517 -35.28286 -2.755747
v -2.2461135 1.1637089 4.955117
v -2.0745785 1.010048 5.0352416
v -1.042242 1.013637 5.072788
v -1.0278616 1.1705852 4.9899035
v -2.2670968 1.8379045 4.8825192
v 0.069826655 1.0134685 5.381379
v -0.9761755 1.8586552 4.892881
v -2.301713 4.4695745 4.809064
v 0.17672867 1.1781095 5.3557944
v 0.172081 1.019988 7.23147
v 0.41136032 1.1791749 7.242663
v 0.34800354 1.8889298 5.315951
v 0.5622174 1.8812904 7.2498727
v 0.67635524 4.4853373 7.255915
v -0.95465726 4.4810247 4.8133044
v -2.3752446 11.402319 4.5934033
v -1.0322812 11.423462 4.5316834
v 0.41284165 4.488996 5.2491307
v 0.7148785 11.428027 7.268989
v 0.5082425 11.43227 5.081129
v -1.042242 1.013637 5.072788
v -2.0745785 1.010048 5.0352416
v -2.6113794 1.0119923 7.1238885
v 0.069826655 1.0134685 5.381379
v 0.172081 1.019988 7.23147
v -2.2461135 1.1637089 4.955117
v -2.6113794 1.0119923 7.1238885
v -2.0745785 1.010048 5.0352416
v -2.7956421 1.1620045 7.115104
v -2.2670968 1.8379045 4.8825192
v -2.8261511 1.8883717 7.1087365
v -2.301713 4.4695745 4.809064
v -2.8903575 4.489734 7.0971007
v -2.3752446 11.402319 4.5934033
v -2.9604712 11.425947 7.0794797
v -7.5514703 -27.395857 -0.7615466
v -7.7703605 -27.140053 -0.6806366
v -8.343671 -27.140892 -0.8307492
v -8.303789 -27.400644 -0.98542327
v -7.3622246 -28.542221 -0.89957213
v -9.775449 -27.165854 -0.81184965
v -8.279092 -28.567986 -1.2326965
v -7.084107 -35.4103 -1.2296557
v -8.166226 -35.41944 -1.6361041
v -9.873768 -27.444262 -0.91515595
v -11.020573 -27.374462 2.1027515
v -11.289534 -27.646542 2.0023205
v -10.016943 -28.65584 -1.1243405
v -9.961042 -35.47017 -1.5235693
v -11.438943 -28.8484 1.877981
v -11.482568 -35.677006 1.5738418
v -7.9677563 -28.870575 2.9436412
v -7.084107 -35.4103 -1.2296557
v -7.575666 -35.69316 2.7739162
v -7.3622246 -28.542221 -0.89957213
v -8.152725 -27.627792 2.967888
v -7.5514703 -27.395857 -0.7615466
v -8.37495 -27.37061 2.9163256
v -7.7703605 -27.140053 -0.6806366
v -9.775449 -27.165854 -0.81184965
v -8.343671 -27.140892 -0.8307492
v -7.7703605 -27.140053 -0.6806366
v -11.020573 -27.374462 2.1027515
v -8.37495 -27.37061 2.9163256
v 7.236822 28.869291 1.9361671
v 7.5801086 22.859755 1.9782816
v 8.012322 22.87706 -2.0955422
v 7.9095297 28.85729 -3.270293
v 7.7187486 39.47213 -3.7484045
v 6.939281 39.54107 1.9106585
v 10.839857 22.900513 -2.0172586
v 7.9095297 28.85729 -3.270293
v 11.150355 28.8821 -3.0834033
v 7.7187486 39.47213 -3.7484045
v 11.186119 39.462547 -3.5703478
v 13.415865 22.543148 -1.2200077
v 11.203134 22.529125 -1.4556204
v 11.174674 22.528942 -1.1772878
v 13.129188 22.541332 -0.9314169
v 14.337809 22.54899 -0.13078277
v 13.58661 22.541193 -0.11363678
v 14.491693 22.880278 -0.16963103
v 14.337809 22.54899 -0.13078277
v 14.420621 22.549648 2.0991435
v 14.58171 22.944227 2.1000443
v 15.048055 28.911493 -0.13610747
v 14.976127 28.916323 2.106216
v 13.982125 28.925331 -1.8579861
v 13.646659 22.925446 -1.4283279
v 15.960025 39.53071 2.1134222
v 16.1863 39.515747 -0.095508724
v 15.048055 28.911493 -0.13610747
v 14.614364 39.47836 -2.1283023
v 13.982125 28.925331 -1.8579861
v 9.810484 21.178623 2.0622292
v 12.05315 21.188715 2.1290092
v 11.221263 21.182032 -0.9029361
v 12.612882 21.190224 -0.7270108
v 12.934252 21.19164 -0.013763732
v 13.123077 21.194897 2.0949345
v 11.685111 28.882832 -2.031138
v 13.982125 28.925331 -1.8579861
v 14.614364 39.47836 -2.1283023
v 11.947176 39.464813 -2.2971816
v 11.685111 28.882832 -2.031138
v 11.947176 39.464813 -2.2971816
v 11.186119 39.462547 -3.5703478
v 11.150355 28.8821 -3.0834033
v 11.150355 28.8821 -3.0834033
v 11.363279 22.916088 -1.6039822
v 11.685111 28.882832 -2.031138
v 10.839857 22.900513 -2.0172586
v 10.712152 22.52601 -1.9258132
v 11.203134 22.529125 -1.4556204
v 11.685111 28.882832 -2.031138
v 11.363279 22.916088 -1.6039822
v 13.646659 22.925446 -1.4283279
v 13.982125 28.925331 -1.8579861
v 11.221263 21.182032 -0.9029361
v 9.638282 21.44059 2.0594022
v 9.810484 21.178623 2.0622292
v 11.210037 21.450287 -0.9796002
v 9.404371 22.517725 2.042161
v 12.612882 21.190224 -0.7270108
v 11.174674 22.528942 -1.1772878
v 12.725455 21.46136 -0.7846234
v 12.934252 21.19164 -0.013763732
v 13.129188 22.541332 -0.9314169
v 13.17063 21.465654 -0.052323606
v 13.58661 22.541193 -0.11363678
v 10.712152 22.52601 -1.9258132
v 10.839857 22.900513 -2.0172586
v 8.012322 22.87706 -2.0955422
v 8.065917 22.509237 -1.9477346
v 8.012322 22.87706 -2.0955422
v 7.5801086 22.859755 1.9782816
v 7.792716 22.50751 1.9792167
v 8.065917 22.509237 -1.9477346
v 8.065917 22.509237 -1.9477346
v 7.792716 22.50751 1.9792167
v 9.404371 22.517725 2.042161
v 10.712152 22.52601 -1.9258132
v 11.174674 22.528942 -1.1772878
v 13.348814 21.468178 2.0981278
v 12.934252 21.19164 -0.013763732
v 13.123077 21.194897 2.0949345
v 13.17063 21.465654 -0.052323606
v 13.634088 22.539833 2.0987945
v 13.58661 22.541193 -0.11363678
v 14.420621 22.549648 2.0991435
v 14.337809 22.54899 -0.13078277
v 13.415865 22.543148 -1.2200077
v 11.363279 22.916088 -1.6039822
v 11.203134 22.529125 -1.4556204
v 13.646659 22.925446 -1.4283279
v 14.337809 22.54899 -0.13078277
v 14.491693 22.880278 -0.16963103
v -17.320225 -9.012187 4.1369443
v -17.449091 -8.824436 4.249779
v -17.881485 -8.825053 4.297108
v -17.894678 -9.015702 4.1806135
v -17.226652 -9.853585 3.9927218
v -18.858145 -8.843373 4.6852865
v -17.942547 -9.872495 4.004614
v -17.12248 -13.154914 3.6935332
v -18.952623 -9.047716 4.640227
v -18.947971 -8.996486 7.0098143
v -19.158688 -9.196184 7.011445
v -19.105604 -9.936979 4.534334
v -19.293705 -10.078313 6.965354
v -19.403318 -13.350666 6.768274
v -17.970886 -13.161623 3.6984649
v -16.963963 -20.618435 2.9545631
v -17.94617 -20.632597 2.875809
v -19.171904 -13.198854 4.2459784
v -19.480604 -20.844536 6.3159657
v -19.299145 -20.678925 3.566097
v -17.881485 -8.825053 4.297108
v -17.449091 -8.824436 4.249779
v -16.920948 -8.993657 6.874265
v -18.858145 -8.843373 4.6852865
v -18.947971 -8.996486 7.0098143
v -17.320225 -9.012187 4.1369443
v -16.920948 -8.993657 6.874265
v -17.449091 -8.824436 4.249779
v -16.75508 -9.182421 6.851377
v -17.226652 -9.853585 3.9927218
v -16.63462 -10.094589 6.786277
v -17.12248 -13.154914 3.6935332
v -16.410286 -13.362525 6.5671654
v -16.963963 -20.618435 2.9545631
v -16.294966 -20.846079 6.0767856
v -15.023534 -7.357816 4.960812
v -15.210999 -7.084691 5.0633807
v -15.840014 -7.0855875 5.1064043
v -15.859205 -7.3629303 5.0005083
v -14.88741 -8.58182 4.8297095
v -17.260784 -7.1122384 5.459266
v -15.928843 -8.609326 4.8405204
v -14.73587 -13.384344 4.5577416
v -17.398226 -7.4095016 5.418307
v -17.391457 -7.3349752 7.5723157
v -17.697992 -7.6254816 7.5737987
v -17.62077 -8.703135 5.322048
v -17.894405 -8.908736 7.5319004
v -18.053864 -13.669109 7.3527513
v -15.970069 -13.394104 4.5622253
v -14.505269 -24.241713 3.8860006
v -15.934113 -24.262316 3.8144112
v -17.717218 -13.448265 5.0599265
v -18.166292 -24.570631 6.941588
v -17.902317 -24.329712 4.441898
v -15.840014 -7.0855875 5.1064043
v -15.210999 -7.084691 5.0633807
v -14.442697 -7.3308606 7.449099
v -17.260784 -7.1122384 5.459266
v -17.391457 -7.3349752 7.5723157
v -15.023534 -7.357816 4.960812
v -14.442697 -7.3308606 7.449099
v -15.210999 -7.084691 5.0633807
v -14.201405 -7.6054587 7.428293
v -14.88741 -8.58182 4.8297095
v -14.026169 -8.932414 7.369115
v -14.73587 -13.384344 4.5577416
v -13.699824 -13.686362 7.169939
v -14.505269 -24.241713 3.8860006
v -13.532065 -24.572876 6.724169
v -10.784657 -11.835621 6.2232323
v -10.913523 -11.647871 6.336068
v -11.345918 -11.648487 6.383397
v -11.35911 -11.839137 6.2669015
v -10.691084 -12.677019 6.079011
v -12.322577 -11.666807 6.7715745
v -11.40698 -12.695928 6.0909033
v -10.586912 -15.978347 5.779823
v -12.417057 -11.871151 6.726516
v -12.412403 -11.81992 9.096104
v -12.62312 -12.019618 9.097734
v -12.570036 -12.760412 6.6206226
v -12.758138 -12.901747 9.051642
v -12.867751 -16.1741 8.854563
v -11.43532 -15.985056 5.7847533
v -10.428394 -23.441868 5.040852
v -11.410603 -23.45603 4.962097
v -12.636336 -16.02229 6.3322678
v -12.945038 -23.667969 8.402254
v -12.7635765 -23.502357 5.652386
v -11.345918 -11.648487 6.383397
v -10.913523 -11.647871 6.336068
v -10.385381 -11.817091 8.960553
v -12.322577 -11.666807 6.7715745
v -12.412403 -11.81992 9.096104
v -10.784657 -11.835621 6.2232323
v -10.385381 -11.817091 8.960553
v -10.913523 -11.647871 6.336068
v -10.219513 -12.005855 8.937665
v -10.691084 -12.677019 6.079011
v -10.099053 -12.918023 8.872567
v -10.586912 -15.978347 5.779823
v -9.874719 -16.185959 8.653455
v -10.428394 -23.441868 5.040852
v -9.759399 -23.669512 8.1630745
v 15.809213 -27.2179 6.9801655
v 15.67604 -27.023869 7.096773
v 15.229185 -27.024506 6.8477373
v 15.21555 -27.221533 6.7273464
v 15.9059105 -28.087433 6.8311186
v 14.219866 -27.043442 7.5468435
v 15.166078 -28.106977 6.5454593
v 16.013567 -35.966633 6.521926
v 15.136791 -35.97356 6.229072
v 14.122227 -27.254616 7.500276
v 14.127032 -26.998423 9.949102
v 13.909271 -27.2048 9.950787
v 13.96413 -28.173618 7.390843
v 13.895611 -36.01204 7.0928454
v 13.76974 -28.116425 9.903156
v 13.656459 -36.168926 9.699487
v 16.517742 -28.133244 9.718094
v 16.013567 -35.966633 6.521926
v 16.749577 -36.18118 9.491653
v 15.9059105 -28.087433 6.8311186
v 16.393253 -27.190573 9.785364
v 15.809213 -27.2179 6.9801655
v 16.22184 -26.995495 9.809019
v 15.67604 -27.023869 7.096773
v 14.219866 -27.043442 7.5468435
v 15.229185 -27.024506 6.8477373
v 15.67604 -27.023869 7.096773
v 16.22184 -26.995495 9.809019
v 14.127032 -26.998423 9.949102
v 8.636007 -27.497477 6.3730216
v 8.487372 -27.280922 6.503168
v 7.988638 -27.281633 6.5577593
v 7.9734206 -27.501534 6.4233913
v 8.7439375 -28.467966 6.2066727
v 6.862137 -27.302763 7.005492
v 7.918207 -28.489775 6.22039
v 8.86409 -32.27579 5.86158
v 6.753162 -27.538456 6.95352
v 6.7585297 -27.47937 9.686653
v 6.515484 -27.709707 9.688533
v 6.5767117 -28.564152 6.831381
v 6.359751 -28.727173 9.635371
v 6.2333207 -32.501575 9.408054
v 7.885519 -32.28353 5.8672686
v 9.046929 -40.884384 5.009237
v 7.9140286 -40.90072 4.918401
v 6.50024 -32.326473 6.498782
v 6.144178 -41.145176 8.886353
v 6.3534784 -40.954155 5.7145944
v 7.988638 -27.281633 6.5577593
v 8.487372 -27.280922 6.503168
v 9.096541 -27.476105 9.530306
v 6.862137 -27.302763 7.005492
v 6.7585297 -27.47937 9.686653
v 8.636007 -27.497477 6.3730216
v 9.096541 -27.476105 9.530306
v 8.487372 -27.280922 6.503168
v 9.287857 -27.69383 9.503906
v 8.7439375 -28.467966 6.2066727
v 9.426795 -28.745945 9.428822
v 8.86409 -32.27579 5.86158
v 9.685553 -32.515255 9.176092
v 9.046929 -40.884384 5.009237
v 9.818565 -41.146954 8.610478
v 11.050756 -30.144575 6.003986
v 10.948584 -29.99571 6.09345
v 10.6057415 -29.9962 6.130977
v 10.595285 -30.147362 6.03861
v 11.1249485 -30.811703 5.889634
v 9.831369 -30.010725 6.4387555
v 10.557331 -30.826696 5.899064
v 11.207543 -33.42926 5.6524124
v 9.75646 -30.172747 6.403028
v 9.76015 -30.132126 8.281827
v 9.593076 -30.29046 8.283119
v 9.635168 -30.877827 6.319069
v 9.486023 -30.989885 8.246576
v 9.399114 -33.58447 8.090312
v 10.534862 -33.434578 5.656324
v 11.33323 -39.34694 5.0664988
v 10.554461 -39.358162 5.0040565
v 9.582598 -33.4641 6.090435
v 9.337834 -39.526207 7.731687
v 9.481713 -39.394897 5.551372
v 10.6057415 -29.9962 6.130977
v 10.948584 -29.99571 6.09345
v 11.367333 -30.129883 8.174351
v 9.831369 -30.010725 6.4387555
v 9.76015 -30.132126 8.281827
v 11.050756 -30.144575 6.003986
v 11.367333 -30.129883 8.174351
v 10.948584 -29.99571 6.09345
v 11.49885 -30.279547 8.156204
v 11.1249485 -30.811703 5.889634
v 11.5943575 -31.00279 8.104589
v 11.207543 -33.42926 5.6524124
v 11.772231 -33.593872 7.930857
v 11.33323 -39.34694 5.0664988
v 11.863662 -39.52743 7.5420456
v 14.515508 -29.140726 4.7233324
v 14.330202 -28.924171 4.7918296
v 13.84485 -28.924883 4.664747
v 13.8786125 -29.144781 4.5338035
v 14.675721 -30.111216 4.606483
v 12.632738 -28.946012 4.680747
v 13.89952 -30.133024 4.3244677
v 14.911168 -35.469032 4.3270416
v 13.995068 -35.476772 3.9829519
v 12.549503 -29.181705 4.593291
v 11.578644 -29.122616 7.148183
v 11.350945 -29.352953 7.0631595
v 12.428294 -30.207401 4.4161997
v 12.475617 -35.519714 4.078222
v 11.224462 -30.370419 6.9578958
v 11.187528 -35.694817 6.70042
v 14.163088 -30.389194 7.86006
v 14.911168 -35.469032 4.3270416
v 14.495024 -35.708496 7.7163754
v 14.675721 -30.111216 4.606483
v 14.006498 -29.33708 7.8805876
v 14.515508 -29.140726 4.7233324
v 13.818368 -29.119354 7.8369365
v 14.330202 -28.924171 4.7918296
v 12.632738 -28.946012 4.680747
v 13.84485 -28.924883 4.664747
v 14.330202 -28.924171 4.7918296
v 11.578644 -29.122616 7.148183
v 13.818368 -29.119354 7.8369365
vt -0.8413086 -2.21875
vt -0.8432617 -2.2363281
vt -0.91259766 -2.1503906
vt -0.36376953 -2.5234375
vt -0.38208008 -2.5117188
vt -0.4404297 -2.4707031
vt -0.36376953 -2.5234375
vt -0.38208008 -2.5117188
vt -0.4404297 -2.4707031
vt -0.36376953 -2.5234375
vt -0.38208008 -2.5117188
vt -0.4404297 -2.4707031
vt -0.35839844 -2.5234375
vt -0.37646484 -2.5097656
vt -0.4350586 -2.4707031
vt -0.8442383 -2.28125
vt -0.8574219 -2.265625
vt -0.89941406 -2.21875
vt -0.375 -2.5019531
vt -0.38891602 -2.4921875
vt -0.4206543 -2.4628906
vt -0.91308594 -1.7148438
vt -0.9316406 -1.6787109
vt -1.1425781 -1.4550781
vt -0.36376953 -2.5234375
vt -0.38183594 -2.5117188
vt -0.44018555 -2.4707031
vt 1.5712891 -0.74560547
vt 1.5625 -0.76953125
vt 1.4931641 -0.7709961
vt 1.4921875 -0.74853516
vt 1.5820312 -0.6640625
vt 1.3447266 -0.76904297
vt 1.4873047 -0.6621094
vt 1.6074219 -0.34350586
vt 1.3378906 -0.74658203
vt 1.1171875 -0.8066406
vt 1.1064453 -0.7729492
vt 1.3232422 -0.65966797
vt 1.0898438 -0.68359375
vt 1.0615234 -0.3642578
vt 1.4873047 -0.34106445
vt 1.6318359 0.022720337
vt 1.4951172 0.02633667
vt 1.3095703 -0.34326172
vt 1.0283203 8.7201595E-05
vt 1.2958984 0.02357483
vt -1.7646484 -1.0625
vt -1.7041016 -1.0595703
vt -1.6367188 -1.3164062
vt -1.9013672 -1.0966797
vt -1.9199219 -1.3222656
vt 1.5712891 -0.74560547
vt 1.8310547 -0.8100586
vt 1.5625 -0.76953125
vt 1.84375 -0.7817383
vt 1.5820312 -0.6640625
vt 1.8623047 -0.69091797
vt 1.6074219 -0.34350586
vt 1.9042969 -0.3725586
vt 1.6318359 0.022720337
vt 1.9472656 -0.010154724
vt 1.8759766 0.61572266
vt 1.78125 0.25683594
vt 1.4208984 0.3461914
vt 1.4130859 0.71240234
vt 1.5195312 1.734375
vt 2.0429688 1.6533203
vt 1.2138672 0.3425293
vt 1.4130859 0.71240234
vt 1.1914062 0.71972656
vt 1.5195312 1.734375
vt 1.2529297 1.75
vt -0.96728516 -2.28125
vt -0.8432617 -2.2363281
vt -0.8413086 -2.21875
vt -0.94091797 -2.2988281
vt -1.0371094 -2.3886719
vt -0.9794922 -2.3886719
vt 0.796875 0.3166504
vt 0.8076172 0.27368164
vt 0.57177734 0.24206543
vt 0.5620117 0.28955078
vt 0.7236328 0.6923828
vt 0.49389648 0.6616211
vt 0.93359375 0.71240234
vt 0.9663086 0.33789062
vt 0.3942871 1.7011719
vt 0.6279297 1.7255859
vt 0.7236328 0.6923828
vt 0.8984375 1.7412109
vt 0.93359375 0.71240234
vt -1.1767578 -2.2636719
vt -1.1855469 -2.0917969
vt -0.88916016 -2.1523438
vt -0.90771484 -2.0449219
vt -0.97753906 -2.0214844
vt -1.1835938 -2.0078125
vt 1.0986328 0.70996094
vt 0.93359375 0.71240234
vt 0.8984375 1.7412109
vt 1.1074219 1.7451172
vt 1.0986328 0.70996094
vt 1.1074219 1.7451172
vt 1.2529297 1.75
vt 1.1914062 0.71972656
vt 1.1914062 0.71972656
vt 1.1503906 0.33789062
vt 1.0986328 0.70996094
vt 1.2138672 0.3425293
vt 1.2207031 0.3017578
vt 1.1601562 0.28735352
vt 1.0986328 0.70996094
vt 1.1503906 0.33789062
vt 0.9663086 0.33789062
vt 0.93359375 0.71240234
vt 2.6191406 -1.7216797
vt 2.9160156 -1.7226562
vt 2.9082031 -1.7431641
vt 2.6171875 -1.703125
vt 2.9453125 -1.4072266
vt 2.5117188 -1.7441406
vt 2.625 -1.3808594
vt 2.5019531 -1.7138672
vt 2.40625 -1.7724609
vt 2.4746094 -1.3808594
vt 2.3964844 -1.7285156
vt 2.3535156 -1.4121094
vt 1.2207031 0.3017578
vt 1.2138672 0.3425293
vt 1.4208984 0.3461914
vt 1.4189453 0.31420898
vt 1.4208984 0.3461914
vt 1.78125 0.25683594
vt 1.7695312 0.2277832
vt 1.4189453 0.31420898
vt -0.8017578 -1.9550781
vt -0.44702148 -2.0996094
vt -0.4951172 -2.21875
vt -0.91259766 -2.1503906
vt -0.8413086 -2.21875
vt 2.1796875 -1.7597656
vt 2.40625 -1.7724609
vt 2.1875 -1.8076172
vt 2.3964844 -1.7285156
vt 2.1328125 -1.453125
vt 2.3535156 -1.4121094
vt 2.1269531 -1.4238281
vt 2.3417969 -1.3955078
vt 0.97802734 0.29589844
vt 1.1503906 0.33789062
vt 1.1601562 0.28735352
vt 0.9663086 0.33789062
vt 0.8076172 0.27368164
vt 0.796875 0.3166504
vt -0.16491699 -1.0136719
vt -0.17224121 -1.0429688
vt -0.30859375 -1.0419922
vt -0.30664062 -1.0136719
vt -0.16259766 -0.9140625
vt -0.46191406 -1.0380859
vt -0.30737305 -0.9082031
vt -0.14453125 -0.52197266
vt -0.46655273 -1.0117188
vt -0.8261719 -1.0732422
vt -0.8354492 -1.0371094
vt -0.4765625 -0.9042969
vt -0.85058594 -0.92871094
vt -0.875 -0.5361328
vt -0.30200195 -0.51660156
vt -0.115356445 0.40649414
vt -0.2746582 0.41430664
vt -0.48291016 -0.51708984
vt -0.9140625 0.39501953
vt -0.48632812 0.41308594
vt -1.9101562 -0.2487793
vt -1.7880859 -0.25463867
vt -1.7705078 -0.6665039
vt -2.046875 -0.29418945
vt -2.0976562 -0.65185547
vt -0.16491699 -1.0136719
vt 0.24780273 -1.0888672
vt -0.17224121 -1.0429688
vt 0.25683594 -1.0576172
vt -0.16259766 -0.9140625
vt 0.27246094 -0.94677734
vt -0.14453125 -0.52197266
vt 0.3059082 -0.55566406
vt -0.115356445 0.40649414
vt 0.37402344 0.37231445
vt -1.671875 0.38452148
vt -1.6845703 0.35424805
vt -1.8525391 0.3569336
vt -1.8525391 0.3840332
vt -1.6679688 0.48413086
vt -2.0332031 0.36157227
vt -1.8564453 0.48876953
vt -1.6533203 0.87597656
vt -2.0429688 0.38891602
vt -2.3125 0.32177734
vt -2.3261719 0.36328125
vt -2.0585938 0.49536133
vt -2.34375 0.47314453
vt -2.3710938 0.8671875
vt -1.8544922 0.8808594
vt -1.6240234 2.0507812
vt -1.8310547 2.0585938
vt -2.0683594 0.88134766
vt -2.4101562 2.046875
vt -2.0800781 2.0585938
vt -2.1914062 -0.39697266
vt -2.0429688 -0.43603516
vt -2.0546875 -0.7583008
vt -2.3652344 -0.39331055
vt -2.4589844 -0.6538086
vt -1.671875 0.38452148
vt -1.3544922 0.31958008
vt -1.6845703 0.35424805
vt -1.3417969 0.35473633
vt -1.6679688 0.48413086
vt -1.328125 0.4658203
vt -1.6533203 0.87597656
vt -1.3007812 0.85791016
vt -1.6240234 2.0507812
vt -1.2392578 2.0351562
vt 2.0488281 0.7363281
vt 1.9121094 0.09661865
vt 1.4824219 0.18713379
vt 1.5039062 0.8310547
vt 1.6015625 1.9560547
vt 2.2128906 1.8759766
vt 1.1777344 0.19824219
vt 1.5039062 0.8310547
vt 1.1689453 0.8461914
vt 1.6015625 1.9560547
vt 1.2226562 1.9755859
vt -0.6015625 -2.5859375
vt -0.38208008 -2.5117188
vt -0.36376953 -2.5234375
vt -0.5644531 -2.6074219
vt -0.6689453 -2.7226562
vt -0.5908203 -2.7050781
vt 0.7006836 0.1842041
vt 0.70751953 0.14538574
vt 0.46801758 0.113464355
vt 0.45996094 0.15893555
vt 0.6020508 0.8256836
vt 0.36547852 0.7963867
vt 0.81396484 0.8417969
vt 0.8588867 0.20080566
vt 0.25219727 1.9345703
vt 0.48901367 1.9609375
vt 0.6020508 0.8256836
vt 0.765625 1.9707031
vt 0.81396484 0.8417969
vt -1.1962891 -2.2558594
vt -1.1992188 -2.015625
vt -0.87646484 -2.109375
vt -0.8925781 -1.9609375
vt -0.9682617 -1.9248047
vt -1.1933594 -1.9013672
vt 1.0537109 0.83740234
vt 0.81396484 0.8417969
vt 0.765625 1.9707031
vt 1.0566406 1.9697266
vt 1.0537109 0.83740234
vt 1.0566406 1.9697266
vt 1.2226562 1.9755859
vt 1.1689453 0.8461914
vt 1.1689453 0.8461914
vt 1.1044922 0.1965332
vt 1.0537109 0.83740234
vt 1.1777344 0.19824219
vt 1.1884766 0.15759277
vt 1.1152344 0.14941406
vt 1.0537109 0.83740234
vt 1.1044922 0.1965332
vt 0.8588867 0.20080566
vt 0.81396484 0.8417969
vt 2.6171875 -0.88183594
vt 2.9785156 -0.85253906
vt 2.9707031 -0.88378906
vt 2.6132812 -0.8520508
vt 2.9902344 -0.73583984
vt 2.4667969 -0.9057617
vt 2.5976562 -0.73535156
vt 2.4511719 -0.8774414
vt 2.3886719 -0.94433594
vt 2.3925781 -0.7675781
vt 2.3671875 -0.91259766
vt 2.3027344 -0.8076172
vt 1.1884766 0.15759277
vt 1.1777344 0.19824219
vt 1.4824219 0.18713379
vt 1.4804688 0.14550781
vt 1.4824219 0.18713379
vt 1.9121094 0.09661865
vt 1.8974609 0.054870605
vt 1.4804688 0.14550781
vt -0.39990234 -2.1894531
vt 0.019958496 -2.2226562
vt 0.0014619827 -2.3945312
vt -0.4404297 -2.4707031
vt -0.36376953 -2.5234375
vt 2.1738281 -1.0371094
vt 2.3886719 -0.94433594
vt 2.1972656 -1.0673828
vt 2.3671875 -0.91259766
vt 2.1074219 -0.9394531
vt 2.3027344 -0.8076172
vt 2.0585938 -0.87060547
vt 2.2578125 -0.74072266
vt 0.8701172 0.15197754
vt 1.1044922 0.1965332
vt 1.1152344 0.14941406
vt 0.8588867 0.20080566
vt 0.70751953 0.14538574
vt 0.7006836 0.1842041
vt 2.0488281 0.7363281
vt 1.9121094 0.09667969
vt 1.4824219 0.18725586
vt 1.5039062 0.83154297
vt 1.6015625 1.9560547
vt 2.2128906 1.8759766
vt 1.1777344 0.19836426
vt 1.5039062 0.83154297
vt 1.1689453 0.8461914
vt 1.6015625 1.9560547
vt 1.2226562 1.9755859
vt -0.6015625 -2.5859375
vt -0.38208008 -2.5117188
vt -0.36376953 -2.5234375
vt -0.5644531 -2.6074219
vt -0.6689453 -2.7226562
vt -0.5908203 -2.7050781
vt 0.7006836 0.1842041
vt 0.70751953 0.14538574
vt 0.46801758 0.11352539
vt 0.45996094 0.15893555
vt 0.6020508 0.8256836
vt 0.36547852 0.7963867
vt 0.81396484 0.8417969
vt 0.8588867 0.20092773
vt 0.25219727 1.9345703
vt 0.48876953 1.9609375
vt 0.6020508 0.8256836
vt 0.765625 1.9707031
vt 0.81396484 0.8417969
vt -1.1962891 -2.2558594
vt -1.1992188 -2.015625
vt -0.87646484 -2.109375
vt -0.8925781 -1.9609375
vt -0.9682617 -1.9248047
vt -1.1933594 -1.9003906
vt 1.0537109 0.83740234
vt 0.81396484 0.8417969
vt 0.765625 1.9707031
vt 1.0566406 1.9707031
vt 1.0537109 0.83740234
vt 1.0566406 1.9707031
vt 1.2226562 1.9755859
vt 1.1689453 0.8461914
vt 1.1689453 0.8461914
vt 1.1044922 0.19665527
vt 1.0537109 0.83740234
vt 1.1777344 0.19836426
vt 1.1884766 0.15759277
vt 1.1152344 0.14941406
vt 1.0537109 0.83740234
vt 1.1044922 0.19665527
vt 0.8588867 0.20092773
vt 0.81396484 0.8417969
vt 2.6171875 -0.88183594
vt 2.9785156 -0.85253906
vt 2.9707031 -0.88378906
vt 2.6132812 -0.8520508
vt 2.9902344 -0.73583984
vt 2.4667969 -0.9057617
vt 2.5976562 -0.73535156
vt 2.4511719 -0.8774414
vt 2.3886719 -0.94433594
vt 2.3925781 -0.7675781
vt 2.3671875 -0.91259766
vt 2.3027344 -0.8076172
vt 1.1884766 0.15759277
vt 1.1777344 0.19836426
vt 1.4824219 0.18725586
vt 1.4804688 0.14562988
vt 1.4824219 0.18725586
vt 1.9121094 0.09667969
vt 1.8974609 0.05493164
vt 1.4804688 0.14562988
vt -0.39990234 -2.1894531
vt 0.019973755 -2.2226562
vt 0.0014505386 -2.3945312
vt -0.4404297 -2.4707031
vt -0.36376953 -2.5234375
vt 2.1738281 -1.0371094
vt 2.3886719 -0.94433594
vt 2.1972656 -1.0673828
vt 2.3671875 -0.91259766
vt 2.1074219 -0.9394531
vt 2.3027344 -0.8076172
vt 2.0585938 -0.87060547
vt 2.2578125 -0.74072266
vt 0.8701172 0.15197754
vt 1.1044922 0.19665527
vt 1.1152344 0.14941406
vt 0.8588867 0.20092773
vt 0.70751953 0.14538574
vt 0.7006836 0.1842041
vt 2.0449219 0.7915039
vt 1.9082031 0.16235352
vt 1.4824219 0.25732422
vt 1.4951172 0.9082031
vt 1.1816406 0.25830078
vt 1.4951172 0.9082031
vt 1.1484375 0.90722656
vt -0.6015625 -2.5859375
vt -0.38208008 -2.5117188
vt -0.36376953 -2.5234375
vt -0.5644531 -2.6074219
vt -0.6689453 -2.7226562
vt -0.5908203 -2.7050781
vt 0.7167969 0.1965332
vt 0.7270508 0.1586914
vt 0.4921875 0.10394287
vt 0.4802246 0.1484375
vt 0.56640625 0.82666016
vt 0.3330078 0.7714844
vt 0.77978516 0.8666992
vt 0.87060547 0.23034668
vt -1.1962891 -2.2558594
vt -1.1992188 -2.015625
vt -0.87646484 -2.109375
vt -0.8925781 -1.9609375
vt -0.9682617 -1.9248047
vt -1.1933594 -1.9013672
vt 1.1484375 0.90722656
vt 1.1123047 0.24816895
vt 1.0253906 0.88427734
vt 1.1816406 0.25830078
vt 1.1962891 0.21813965
vt 1.1279297 0.20227051
vt 1.0253906 0.88427734
vt 1.1123047 0.24816895
vt 0.87060547 0.23034668
vt 0.77978516 0.8666992
vt 2.6171875 -0.88183594
vt 2.9785156 -0.85253906
vt 2.9707031 -0.88378906
vt 2.6132812 -0.8520508
vt 2.9902344 -0.73583984
vt 2.4667969 -0.9057617
vt 2.5976562 -0.73535156
vt 2.4511719 -0.8774414
vt 2.3886719 -0.94433594
vt 2.3925781 -0.7675781
vt 2.3671875 -0.91259766
vt 2.3027344 -0.8076172
vt 1.1962891 0.21813965
vt 1.1816406 0.25830078
vt 1.4824219 0.25732422
vt 1.4824219 0.21557617
vt 1.4824219 0.25732422
vt 1.9082031 0.16235352
vt 1.8964844 0.12042236
vt 1.4824219 0.21557617
vt -0.39990234 -2.1894531
vt 0.019958496 -2.2226562
vt 0.0014362335 -2.3945312
vt -0.4404297 -2.4707031
vt -0.36376953 -2.5234375
vt 2.1738281 -1.0371094
vt 2.3886719 -0.94433594
vt 2.1972656 -1.0673828
vt 2.3671875 -0.91259766
vt 2.1074219 -0.9394531
vt 2.3027344 -0.8076172
vt 2.0585938 -0.87060547
vt 2.2578125 -0.74072266
vt 0.88623047 0.18261719
vt 1.1123047 0.24816895
vt 1.1279297 0.20227051
vt 0.87060547 0.23034668
vt 0.7270508 0.1586914
vt 0.7167969 0.1965332
vt 2.0546875 0.79052734
vt 1.9365234 0.18566895
vt 1.5078125 0.2705078
vt 1.5263672 1.0097656
vt 1.5537109 1.4804688
vt 2.1601562 1.3808594
vt 1.2070312 0.27490234
vt 1.5263672 1.0097656
vt 1.1835938 1.0136719
vt 1.5537109 1.4804688
vt 1.1777344 1.4814453
vt -0.5961914 -2.5839844
vt -0.37646484 -2.5097656
vt -0.35839844 -2.5234375
vt -0.55859375 -2.6074219
vt -0.7651367 -2.7460938
vt -0.58496094 -2.703125
vt 0.65966797 0.23352051
vt 0.6689453 0.19628906
vt 0.43041992 0.15551758
vt 0.42114258 0.2006836
vt 0.53515625 0.96191406
vt 0.2998047 0.921875
vt 0.81884766 0.9892578
vt 0.89160156 0.2590332
vt 0.21618652 1.3955078
vt 0.45385742 1.4267578
vt 0.53515625 0.96191406
vt 0.8027344 1.453125
vt 0.81884766 0.9892578
vt -1.1962891 -2.2558594
vt -1.1992188 -2.015625
vt -0.87646484 -2.109375
vt -0.8925781 -1.9609375
vt -0.9682617 -1.9248047
vt -1.1933594 -1.9003906
vt 1.0625 0.9970703
vt 0.81884766 0.9892578
vt 0.8027344 1.453125
vt 1.0166016 1.4628906
vt 1.0625 0.9970703
vt 1.0166016 1.4628906
vt 1.1777344 1.4814453
vt 1.1835938 1.0136719
vt 1.1835938 1.0136719
vt 1.1357422 0.2680664
vt 1.0625 0.9970703
vt 1.2070312 0.27490234
vt 1.2197266 0.23474121
vt 1.1503906 0.22192383
vt 1.0625 0.9970703
vt 1.1357422 0.2680664
vt 0.89160156 0.2590332
vt 0.81884766 0.9892578
vt 2.5605469 -0.48901367
vt 2.9238281 -0.47973633
vt 2.9121094 -0.51123047
vt 2.5585938 -0.4597168
vt 2.9628906 0.087890625
vt 2.40625 -0.48901367
vt 2.5722656 0.10864258
vt 2.3984375 -0.45825195
vt 2.3164062 -0.49975586
vt 2.3613281 0.11071777
vt 2.3105469 -0.4621582
vt 2.2597656 0.10479736
vt 1.2197266 0.23474121
vt 1.2070312 0.27490234
vt 1.5078125 0.2705078
vt 1.5078125 0.22888184
vt 1.5078125 0.2705078
vt 1.9365234 0.18566895
vt 1.9248047 0.14343262
vt 1.5078125 0.22888184
vt -0.3959961 -2.1894531
vt 0.023986816 -2.2207031
vt 0.0063095093 -2.390625
vt -0.4350586 -2.4707031
vt -0.35839844 -2.5234375
vt 2.0820312 -0.484375
vt 2.3164062 -0.49975586
vt 2.0878906 -0.52246094
vt 2.3105469 -0.4621582
vt 2.0253906 0.08123779
vt 2.2597656 0.10479736
vt 2.0019531 0.26879883
vt 2.2402344 0.28881836
vt 0.91015625 0.2109375
vt 1.1357422 0.2680664
vt 1.1503906 0.22192383
vt 0.89160156 0.2590332
vt 0.6689453 0.19628906
vt 0.65966797 0.23352051
vt -1.1748047 -2.2265625
vt -1.1787109 -2.0195312
vt -0.89990234 -2.0996094
vt -0.9145508 -1.9707031
vt -0.97998047 -1.9404297
vt -1.1748047 -1.9199219
vt 0.50439453 -2.4277344
vt 0.81933594 -2.390625
vt 0.80908203 -2.4433594
vt 0.5048828 -2.375
vt 0.88720703 -1.1298828
vt 0.3701172 -2.4238281
vt 0.54833984 -1.1132812
vt 0.36694336 -2.3691406
vt 0.29174805 -2.4257812
vt 0.36669922 -1.1074219
vt 0.28857422 -2.3691406
vt 0.2849121 -1.1074219
vt 0.085754395 -1.1074219
vt 0.2849121 -1.1074219
vt 0.28857422 -2.3691406
vt 0.08886719 -2.3671875
vt 0.29174805 -2.4257812
vt 0.09295654 -2.4257812
vt 1.9746094 0.86328125
vt 1.8486328 0.20983887
vt 1.4619141 0.28564453
vt 1.4804688 0.94970703
vt 1.515625 1.4804688
vt 2.0625 1.3974609
vt 1.1904297 0.29125977
vt 1.4804688 0.94970703
vt 1.1738281 0.9560547
vt 1.515625 1.4804688
vt 1.1748047 1.4853516
vt -1.0654297 -2.2832031
vt -0.8574219 -2.265625
vt -0.8442383 -2.28125
vt -1.0380859 -2.3105469
vt -1.2480469 -2.3886719
vt -1.0820312 -2.3886719
vt 0.69628906 0.26098633
vt 0.70458984 0.22741699
vt 0.48876953 0.19396973
vt 0.48095703 0.23474121
vt 0.5932617 0.91796875
vt 0.38061523 0.88671875
vt 0.84765625 0.93896484
vt 0.9057617 0.28076172
vt 0.30297852 1.421875
vt 0.5180664 1.4453125
vt 0.5932617 0.91796875
vt 0.8334961 1.4648438
vt 0.84765625 0.93896484
vt -1.1806641 -2.2324219
vt -1.1845703 -2.015625
vt -0.8935547 -2.1015625
vt -0.9086914 -1.9667969
vt -0.9770508 -1.9345703
vt -1.1796875 -1.9130859
vt 1.0664062 0.9433594
vt 0.84765625 0.93896484
vt 0.8334961 1.4648438
vt 1.0273438 1.4726562
vt 1.0664062 0.9433594
vt 1.0273438 1.4726562
vt 1.1748047 1.4853516
vt 1.1738281 0.9560547
vt 1.1738281 0.9560547
vt 1.1269531 0.28637695
vt 1.0664062 0.9433594
vt 1.1904297 0.29125977
vt 1.2011719 0.2548828
vt 1.1386719 0.24450684
vt 1.0664062 0.9433594
vt 1.1269531 0.28637695
vt 0.9057617 0.28076172
vt 0.84765625 0.93896484
vt 1.5810547 -1.7255859
vt 1.9306641 -1.7119141
vt 1.9257812 -1.7470703
vt 1.6044922 -1.6943359
vt 1.953125 -1.4619141
vt 1.4248047 -1.7363281
vt 1.5996094 -1.4423828
vt 1.4453125 -1.6992188
vt 1.3369141 -1.7792969
vt 1.4101562 -1.4404297
vt 1.3505859 -1.7167969
vt 1.3193359 -1.4462891
vt 1.2011719 0.2548828
vt 1.1904297 0.29125977
vt 1.4619141 0.28564453
vt 1.4619141 0.24829102
vt 1.4619141 0.28564453
vt 1.8486328 0.20983887
vt 1.8369141 0.171875
vt 1.4619141 0.24829102
vt -0.8017578 -1.9824219
vt -0.4428711 -2.1035156
vt -0.49682617 -2.2480469
vt -0.89941406 -2.21875
vt -0.8442383 -2.28125
vt 1.1328125 -1.7392578
vt 1.3369141 -1.7792969
vt 1.1435547 -1.8037109
vt 1.3505859 -1.7167969
vt 1.1074219 -1.4667969
vt 1.3193359 -1.4462891
vt 1.0869141 -1.2978516
vt 1.3007812 -1.2802734
vt 0.921875 0.23730469
vt 1.1269531 0.28637695
vt 1.1386719 0.24450684
vt 0.9057617 0.28076172
vt 0.70458984 0.22741699
vt 0.69628906 0.26098633
vt 1.5712891 -0.74560547
vt 1.5625 -0.77001953
vt 1.4931641 -0.7709961
vt 1.4921875 -0.74853516
vt 1.5820312 -0.6640625
vt 1.3447266 -0.76904297
vt 1.4873047 -0.6621094
vt 1.6074219 -0.34350586
vt 1.3369141 -0.7470703
vt 1.1171875 -0.8066406
vt 1.1064453 -0.7729492
vt 1.3232422 -0.65966797
vt 1.0898438 -0.68359375
vt 1.0615234 -0.3642578
vt 1.4863281 -0.34106445
vt 1.6318359 0.022705078
vt 1.4951172 0.026321411
vt 1.3095703 -0.34326172
vt 1.0283203 3.7789345E-05
vt 1.2958984 0.023544312
vt -1.7646484 -1.0625
vt -1.7041016 -1.0595703
vt -1.6367188 -1.3164062
vt -1.9013672 -1.0966797
vt -1.9199219 -1.3222656
vt 1.5712891 -0.74560547
vt 1.8310547 -0.8100586
vt 1.5625 -0.77001953
vt 1.84375 -0.7817383
vt 1.5820312 -0.6640625
vt 1.8623047 -0.69091797
vt 1.6074219 -0.34350586
vt 1.9033203 -0.3725586
vt 1.6318359 0.022705078
vt 1.9472656 -0.010139465
vt 1.5712891 -0.74560547
vt 1.5625 -0.77001953
vt 1.4921875 -0.7709961
vt 1.4921875 -0.74853516
vt 1.5820312 -0.6640625
vt 1.3447266 -0.76904297
vt 1.4873047 -0.66259766
vt 1.6074219 -0.34350586
vt 1.3369141 -0.7470703
vt 1.1171875 -0.8066406
vt 1.1054688 -0.7729492
vt 1.3232422 -0.65966797
vt 1.0898438 -0.68359375
vt 1.0615234 -0.3642578
vt 1.4863281 -0.34106445
vt 1.6318359 0.02267456
vt 1.4951172 0.026306152
vt 1.3095703 -0.34326172
vt 1.0283203 8.833408E-05
vt 1.2958984 0.023544312
vt -1.7646484 -1.0625
vt -1.7041016 -1.0595703
vt -1.6367188 -1.3164062
vt -1.9013672 -1.0966797
vt -1.9199219 -1.3222656
vt 1.5712891 -0.74560547
vt 1.8310547 -0.8100586
vt 1.5625 -0.77001953
vt 1.84375 -0.7817383
vt 1.5820312 -0.6640625
vt 1.8623047 -0.69091797
vt 1.6074219 -0.34350586
vt 1.9033203 -0.3725586
vt 1.6318359 0.02267456
vt 1.9472656 -0.010215759
vt 1.5488281 -0.7001953
vt 1.5419922 -0.7192383
vt 1.4873047 -0.71972656
vt 1.4873047 -0.7026367
vt 1.5576172 -0.63671875
vt 1.3720703 -0.71875
vt 1.4833984 -0.6352539
vt 1.5771484 -0.38623047
vt 1.3662109 -0.7011719
vt 1.1943359 -0.7480469
vt 1.1855469 -0.7216797
vt 1.3554688 -0.6333008
vt 1.1728516 -0.65185547
vt 1.1513672 -0.40234375
vt 1.4833984 -0.38427734
vt 1.5966797 -0.10021973
vt 1.4902344 -0.09741211
vt 1.3447266 -0.38598633
vt 1.125 -0.11791992
vt 1.3339844 -0.09954834
vt -1.7685547 -1.0859375
vt -1.7216797 -1.0839844
vt -1.6699219 -1.2851562
vt -1.8759766 -1.1132812
vt -1.890625 -1.2890625
vt 1.5488281 -0.7001953
vt 1.7519531 -0.7504883
vt 1.5419922 -0.7192383
vt 1.7617188 -0.7285156
vt 1.5576172 -0.63671875
vt 1.7763672 -0.65722656
vt 1.5771484 -0.38623047
vt 1.8085938 -0.40893555
vt 1.5966797 -0.10021973
vt 1.8427734 -0.12585449
vt 1.5576172 -0.75683594
vt 1.5488281 -0.77783203
vt 1.4892578 -0.7788086
vt 1.4882812 -0.75927734
vt 1.5654297 -0.6870117
vt 1.3613281 -0.7758789
vt 1.484375 -0.6855469
vt 1.5859375 -0.41186523
vt 1.3544922 -0.75683594
vt 1.1640625 -0.80566406
vt 1.1552734 -0.7763672
vt 1.3427734 -0.6821289
vt 1.1416016 -0.69921875
vt 1.1210938 -0.42211914
vt 1.484375 -0.40942383
vt 1.6142578 0.21398926
vt 1.4960938 0.21801758
vt 1.3339844 -0.41015625
vt 1.0908203 0.20593262
vt 1.3222656 0.21716309
vt -1.7675781 -1.0771484
vt -1.7158203 -1.0751953
vt -1.6582031 -1.2958984
vt -1.8847656 -1.1074219
vt -1.9003906 -1.3017578
vt 1.5576172 -0.75683594
vt 1.78125 -0.80908203
vt 1.5488281 -0.77783203
vt 1.7919922 -0.78466797
vt 1.5654297 -0.6870117
vt 1.8076172 -0.7060547
vt 1.5859375 -0.41186523
vt 1.8398438 -0.43017578
vt 1.6142578 0.21398926
vt 1.8876953 0.19616699
vt 1.7304688 0.8491211
vt 1.6699219 0.5463867
vt 1.3798828 0.60009766
vt 1.3759766 0.90283203
vt 1.4208984 1.5
vt 1.8164062 1.4462891
vt 1.1367188 0.6123047
vt 1.3759766 0.90283203
vt 1.1425781 0.91748047
vt 1.4208984 1.5
vt 1.1748047 1.5136719
vt -0.5234375 -2.5585938
vt -0.38891602 -2.4921875
vt -0.375 -2.5019531
vt -0.49853516 -2.5722656
vt -0.5673828 -2.6464844
vt -0.51660156 -2.6347656
vt 0.8076172 0.6064453
vt 0.7949219 0.5649414
vt 0.64697266 0.5576172
vt 0.63671875 0.5966797
vt 0.7548828 0.9160156
vt 0.5957031 0.8984375
vt 0.89990234 0.9277344
vt 0.94091797 0.6064453
vt 0.5620117 1.4980469
vt 0.7158203 1.5117188
vt 0.7548828 0.9160156
vt 0.8911133 1.5136719
vt 0.89990234 0.9277344
vt -1.1425781 -2.1777344
vt -1.1464844 -2.0234375
vt -0.9375 -2.0820312
vt -0.94921875 -1.984375
vt -0.99853516 -1.9619141
vt -1.1445312 -1.9492188
vt 1.0576172 0.9189453
vt 0.89990234 0.9277344
vt 0.8911133 1.5136719
vt 1.0712891 1.5107422
vt 1.0576172 0.9189453
vt 1.0712891 1.5107422
vt 1.1748047 1.5136719
vt 1.1425781 0.91748047
vt 1.1425781 0.91748047
vt 1.0722656 0.61035156
vt 1.0576172 0.9189453
vt 1.1367188 0.6123047
vt 1.1259766 0.57373047
vt 1.1025391 0.56689453
vt 1.0576172 0.9189453
vt 1.0722656 0.61035156
vt 0.94091797 0.6064453
vt 0.89990234 0.9277344
vt 2.5351562 -0.6274414
vt 2.7988281 -0.61083984
vt 2.7988281 -0.6376953
vt 2.5449219 -0.60546875
vt 2.8027344 -0.52685547
vt 2.3945312 -0.6665039
vt 2.5332031 -0.5263672
vt 2.390625 -0.640625
vt 2.3105469 -0.7368164
vt 2.3515625 -0.5625
vt 2.296875 -0.6948242
vt 2.28125 -0.68310547
vt 1.1259766 0.57373047
vt 1.1367188 0.6123047
vt 1.3798828 0.60009766
vt 1.3496094 0.5761719
vt 1.3798828 0.60009766
vt 1.6699219 0.5463867
vt 1.6777344 0.50683594
vt 1.3496094 0.5761719
vt -0.3798828 -2.2832031
vt -0.110961914 -2.328125
vt -0.13220215 -2.4375
vt -0.4206543 -2.4628906
vt -0.375 -2.5019531
vt 2.1621094 -0.80566406
vt 2.296875 -0.6948242
vt 2.1523438 -0.78564453
vt 2.28125 -0.68310547
vt 2.1992188 -0.8647461
vt 2.3300781 -0.7832031
vt 2.1523438 -0.78564453
vt 2.296875 -0.6948242
vt 2.3105469 -0.7368164
vt 2.1816406 -0.8251953
vt 0.9121094 0.55908203
vt 1.0722656 0.61035156
vt 1.1025391 0.56689453
vt 0.94091797 0.6064453
vt 0.7949219 0.5649414
vt 0.8076172 0.6064453
vt -0.18969727 -0.91308594
vt -0.19848633 -0.9326172
vt -0.30688477 -0.9296875
vt -0.30664062 -0.91259766
vt -0.18725586 -0.8486328
vt -0.4243164 -0.92578125
vt -0.3088379 -0.8442383
vt -0.17541504 -0.59521484
vt -0.4296875 -0.9082031
vt -0.60546875 -0.9501953
vt -0.61328125 -0.92333984
vt -0.43920898 -0.83935547
vt -0.6245117 -0.8520508
vt -0.63964844 -0.5966797
vt -0.30541992 -0.5908203
vt -0.15441895 0.075805664
vt -0.28515625 0.08117676
vt -0.4440918 -0.58935547
vt -0.65771484 0.076416016
vt -0.44433594 0.082458496
vt -1.9179688 -0.33642578
vt -1.8183594 -0.34472656
vt -1.7900391 -0.55126953
vt -2.0273438 -0.35351562
vt -2.0585938 -0.53027344
vt -0.18969727 -0.91308594
vt 0.014984131 -0.95654297
vt -0.19848633 -0.9326172
vt 0.023284912 -0.93408203
vt -0.18725586 -0.8486328
vt 0.033050537 -0.8623047
vt -0.17541504 -0.59521484
vt 0.052764893 -0.60839844
vt -0.15441895 0.075805664
vt 0.09283447 0.062805176
vt 1.5439453 -0.7631836
vt 1.5371094 -0.7807617
vt 1.4853516 -0.7817383
vt 1.4853516 -0.7651367
vt 1.5517578 -0.703125
vt 1.3759766 -0.7788086
vt 1.4814453 -0.70214844
vt 1.5683594 -0.46801758
vt 1.3701172 -0.7626953
vt 1.2070312 -0.80322266
vt 1.1992188 -0.7783203
vt 1.3603516 -0.6982422
vt 1.1875 -0.71191406
vt 1.171875 -0.47387695
vt 1.4814453 -0.46606445
vt 1.5976562 0.3642578
vt 1.4960938 0.36791992
vt 1.3535156 -0.4658203
vt 1.1494141 0.36206055
vt 1.3476562 0.36791992
vt -1.7695312 -1.0908203
vt -1.7255859 -1.0888672
vt -1.6757812 -1.2783203
vt -1.8710938 -1.1162109
vt -1.8837891 -1.2832031
vt 1.5439453 -0.7631836
vt 1.7363281 -0.8066406
vt 1.5371094 -0.7807617
vt 1.7451172 -0.78564453
vt 1.5517578 -0.703125
vt 1.7587891 -0.7182617
vt 1.5683594 -0.46801758
vt 1.7861328 -0.48095703
vt 1.5976562 0.3642578
vt 1.8320312 0.35327148
vt 1.5439453 -0.7631836
vt 1.5371094 -0.7807617
vt 1.4853516 -0.7817383
vt 1.4853516 -0.7651367
vt 1.5517578 -0.703125
vt 1.3759766 -0.7788086
vt 1.4814453 -0.70214844
vt 1.5683594 -0.46801758
vt 1.3701172 -0.7626953
vt 1.2070312 -0.80322266
vt 1.1992188 -0.7783203
vt 1.3603516 -0.6982422
vt 1.1875 -0.71191406
vt 1.171875 -0.47387695
vt 1.4814453 -0.46606445
vt 1.5976562 0.3642578
vt 1.4960938 0.36791992
vt 1.3535156 -0.4658203
vt 1.1494141 0.36206055
vt 1.3476562 0.36791992
vt -1.7695312 -1.0908203
vt -1.7255859 -1.0888672
vt -1.6757812 -1.2783203
vt -1.8710938 -1.1162109
vt -1.8837891 -1.2832031
vt 1.5439453 -0.7631836
vt 1.7363281 -0.8066406
vt 1.5371094 -0.7807617
vt 1.7451172 -0.78564453
vt 1.5517578 -0.703125
vt 1.7587891 -0.7182617
vt 1.5683594 -0.46801758
vt 1.7861328 -0.48095703
vt 1.5976562 0.3642578
vt 1.8320312 0.35327148
vt 1.5253906 -0.72021484
vt 1.5195312 -0.734375
vt 1.4775391 -0.7338867
vt 1.4775391 -0.7207031
vt 1.5322266 -0.6723633
vt 1.3896484 -0.72998047
vt 1.4765625 -0.6699219
vt 1.5498047 -0.48388672
vt 1.3857422 -0.7163086
vt 1.2539062 -0.74609375
vt 1.2480469 -0.72558594
vt 1.3789062 -0.6645508
vt 1.2402344 -0.6723633
vt 1.2314453 -0.4807129
vt 1.4804688 -0.48046875
vt 1.5898438 0.18371582
vt 1.5087891 0.18859863
vt 1.3779297 -0.4777832
vt 1.2304688 0.19067383
vt 1.3896484 0.19152832
vt -1.7734375 -1.1074219
vt -1.7373047 -1.1054688
vt -1.6972656 -1.2568359
vt -1.8535156 -1.1269531
vt -1.8652344 -1.2607422
vt 1.5253906 -0.72021484
vt 1.6787109 -0.75878906
vt 1.5195312 -0.734375
vt 1.6865234 -0.7421875
vt 1.5322266 -0.6723633
vt 1.6982422 -0.68847656
vt 1.5498047 -0.48388672
vt 1.7246094 -0.49829102
vt 1.5898438 0.18371582
vt 1.7783203 0.17041016
vt 2.921875 0.8027344
vt 2.6582031 -0.17932129
vt 1.7890625 0.054870605
vt 1.8710938 1.0673828
vt 2 2.0136719
vt 3.1503906 1.7519531
vt 1.3173828 0.09362793
vt 1.8710938 1.0673828
vt 1.3447266 1.1054688
vt 2 2.0136719
vt 1.4023438 2.0527344
vt -1.2949219 -1.6552734
vt -0.9316406 -1.6787109
vt -0.91308594 -1.7148438
vt -1.2509766 -1.7070312
vt -1.4521484 -1.8388672
vt -1.3261719 -1.8417969
vt 0.39208984 0.041412354
vt 0.40283203 -0.01914978
vt 0.029083252 -0.074645996
vt 0.016555786 -0.0036697388
vt 0.23620605 1.0478516
vt -0.1352539 0.9868164
vt 0.57421875 1.0791016
vt 0.63720703 0.07208252
vt -0.2998047 1.9394531
vt 0.06530762 2.0058594
vt 0.23620605 1.0478516
vt 0.4946289 2.0292969
vt 0.57421875 1.0791016
vt -1.2851562 -2.375
vt -1.2832031 -1.9990234
vt -0.77978516 -2.15625
vt -0.80126953 -1.921875
vt -0.9189453 -1.8642578
vt -1.2705078 -1.8203125
vt 0.95654297 1.0712891
vt 0.57421875 1.0791016
vt 0.4946289 2.0292969
vt 0.9458008 2.0273438
vt 0.95654297 1.0712891
vt 0.9458008 2.0273438
vt 1.4023438 2.0527344
vt 1.3447266 1.1054688
vt 1.3447266 1.1054688
vt 1.0214844 0.06188965
vt 0.95654297 1.0712891
vt 1.3173828 0.09362793
vt 1.3261719 0.030258179
vt 1.0302734 -0.01361084
vt 0.95654297 1.0712891
vt 1.0214844 0.06188965
vt 0.63720703 0.07208252
vt 0.57421875 1.0791016
vt 2.734375 -1.4033203
vt 3.296875 -1.4833984
vt 3.2734375 -1.5283203
vt 2.7382812 -1.3564453
vt 3.3535156 -1.3085938
vt 2.4960938 -1.3916016
vt 2.7539062 -1.1728516
vt 2.4824219 -1.3427734
vt 2.3652344 -1.4296875
vt 2.4277344 -1.1552734
vt 2.3417969 -1.3740234
vt 2.2753906 -1.1884766
vt 1.3261719 0.030258179
vt 1.3173828 0.09362793
vt 1.7890625 0.054870605
vt 1.7832031 -0.010414124
vt 1.7890625 0.054870605
vt 2.6582031 -0.17932129
vt 2.6328125 -0.24377441
vt 1.7832031 -0.010414124
vt -0.88134766 -1.0976562
vt -0.1541748 -1.5820312
vt -0.30688477 -1.8056641
vt -1.1425781 -1.4550781
vt -0.91308594 -1.7148438
vt 2.0058594 -1.5058594
vt 2.3652344 -1.4296875
vt 2.03125 -1.5595703
vt 2.3417969 -1.3740234
vt 1.9335938 -1.3310547
vt 2.2753906 -1.1884766
vt 1.8808594 -1.2099609
vt 2.2285156 -1.0722656
vt 0.6542969 -0.004512787
vt 1.0214844 0.06188965
vt 1.0302734 -0.01361084
vt 0.63720703 0.07208252
vt 0.40283203 -0.01914978
vt 0.39208984 0.041412354
vt 1.5576172 -0.75683594
vt 1.5488281 -0.77783203
vt 1.4892578 -0.7788086
vt 1.4882812 -0.75927734
vt 1.5654297 -0.6870117
vt 1.3613281 -0.7758789
vt 1.484375 -0.6855469
vt 1.5859375 -0.41186523
vt 1.3544922 -0.75683594
vt 1.1640625 -0.80566406
vt 1.1552734 -0.7763672
vt 1.3427734 -0.6821289
vt 1.1416016 -0.69921875
vt 1.1210938 -0.42211914
vt 1.484375 -0.40942383
vt 1.6142578 0.21398926
vt 1.4960938 0.21801758
vt 1.3339844 -0.41015625
vt 1.0908203 0.20593262
vt 1.3222656 0.21716309
vt -1.7675781 -1.0771484
vt -1.7158203 -1.0751953
vt -1.6582031 -1.2958984
vt -1.8847656 -1.1074219
vt -1.9003906 -1.3017578
vt 1.5576172 -0.75683594
vt 1.78125 -0.80908203
vt 1.5488281 -0.77783203
vt 1.7919922 -0.78466797
vt 1.5654297 -0.6870117
vt 1.8076172 -0.7060547
vt 1.5859375 -0.41186523
vt 1.8398438 -0.43017578
vt 1.6142578 0.21398926
vt 1.8876953 0.19616699
vt 1.5869141 -0.93115234
vt 1.5791016 -0.9667969
vt 1.4970703 -0.9707031
vt 1.4980469 -0.9355469
vt 1.5957031 -0.80078125
vt 1.3232422 -0.9667969
vt 1.4931641 -0.79833984
vt 1.6318359 -0.12445068
vt 1.4960938 -0.1204834
vt 1.3164062 -0.9326172
vt 0.95654297 -0.9995117
vt 0.9453125 -0.9555664
vt 1.3037109 -0.79345703
vt 1.2871094 -0.12188721
vt 0.9291992 -0.81347656
vt 0.8911133 -0.1373291
vt 2.0371094 -0.82373047
vt 1.6318359 -0.12445068
vt 2.0957031 -0.14904785
vt 1.5957031 -0.80078125
vt 2.015625 -0.96972656
vt 1.5869141 -0.93115234
vt 2.0039062 -1.0087891
vt 1.5791016 -0.9667969
vt -1.8046875 -0.50097656
vt -1.7373047 -0.5004883
vt -1.6953125 -0.91552734
vt -1.9619141 -0.5463867
vt -2.0117188 -0.9057617
vt 1.59375 -0.8823242
vt 1.5908203 -0.91552734
vt 1.4990234 -0.91064453
vt 1.4990234 -0.8798828
vt 1.5976562 -0.7636719
vt 1.3144531 -0.91308594
vt 1.4951172 -0.75927734
vt 1.5830078 0.2998047
vt 1.4892578 0.3010254
vt 1.3085938 -0.88134766
vt 0.9814453 -0.92578125
vt 0.97216797 -0.88623047
vt 1.3007812 -0.7548828
vt 1.3164062 0.30322266
vt 0.96191406 -0.7626953
vt 0.9794922 0.32373047
vt 1.9941406 -0.7573242
vt 1.5830078 0.2998047
vt 1.9804688 0.32861328
vt 1.5976562 -0.7636719
vt 1.9833984 -0.88623047
vt 1.59375 -0.8823242
vt 1.9746094 -0.9213867
vt 1.5908203 -0.91552734
vt -1.9003906 -1.0732422
vt -1.7607422 -0.98291016
vt -1.7021484 -1.0185547
vt -1.640625 -1.3867188
vt -1.9228516 -1.3964844
vt 1.5830078 -0.94628906
vt 1.5751953 -0.9819336
vt 1.4931641 -0.98583984
vt 1.4931641 -0.9506836
vt 1.59375 -0.81591797
vt 1.3193359 -0.9824219
vt 1.4892578 -0.81347656
vt 1.6230469 -0.3034668
vt 1.3125 -0.9482422
vt 0.953125 -1.0205078
vt 0.94189453 -0.9770508
vt 1.2978516 -0.80908203
vt 0.92333984 -0.8354492
vt 0.89208984 -0.32104492
vt 1.4912109 -0.30004883
vt 1.6660156 0.8618164
vt 1.5117188 0.86816406
vt 1.2861328 -0.3017578
vt 0.8442383 0.84765625
vt 1.2744141 0.86572266
vt -1.8046875 -0.50097656
vt -1.7373047 -0.5004883
vt -1.6953125 -0.91552734
vt -1.9619141 -0.5463867
vt -2.0117188 -0.9057617
vt 1.5830078 -0.94628906
vt 1.9990234 -1.03125
vt 1.5751953 -0.9819336
vt 2.0117188 -0.9926758
vt 1.59375 -0.81591797
vt 2.0351562 -0.84716797
vt 1.6230469 -0.3034668
vt 2.0839844 -0.33422852
vt 1.6660156 0.8618164
vt 2.1640625 0.83154297
vt 1.5478516 -0.81884766
vt 1.5419922 -0.8432617
vt 1.4863281 -0.8457031
vt 1.4863281 -0.82177734
vt 1.5546875 -0.7290039
vt 1.3662109 -0.84375
vt 1.4833984 -0.72753906
vt 1.5751953 -0.37695312
vt 1.3613281 -0.8203125
vt 1.1152344 -0.8701172
vt 1.1074219 -0.83984375
vt 1.3525391 -0.7246094
vt 1.09375 -0.7426758
vt 1.0722656 -0.38891602
vt 1.484375 -0.37451172
vt 1.6054688 0.42407227
vt 1.4990234 0.4284668
vt 1.34375 -0.37573242
vt 1.0400391 0.41430664
vt 1.3349609 0.42700195
vt -1.7685547 -1.0517578
vt -1.7216797 -1.0478516
vt -1.6728516 -1.3300781
vt -1.8740234 -1.0898438
vt -1.8896484 -1.3388672
vt 1.5478516 -0.81884766
vt 1.8339844 -0.8774414
vt 1.5419922 -0.8432617
vt 1.8417969 -0.85058594
vt 1.5546875 -0.7290039
vt 1.8583984 -0.7504883
vt 1.5751953 -0.37695312
vt 1.8916016 -0.39794922
vt 1.6054688 0.42407227
vt 1.9472656 0.4033203
vt 1.5712891 -0.85791016
vt 1.5644531 -0.8901367
vt 1.4921875 -0.8935547
vt 1.4921875 -0.8618164
vt 1.5810547 -0.7402344
vt 1.3359375 -0.89208984
vt 1.4882812 -0.7373047
vt 1.6132812 -0.27539062
vt 1.3291016 -0.8613281
vt 1.0058594 -0.9321289
vt 0.99560547 -0.8925781
vt 1.3164062 -0.73535156
vt 0.97802734 -0.765625
vt 0.9428711 -0.30493164
vt 1.4892578 -0.27246094
vt 1.6396484 0.40478516
vt 1.5039062 0.4099121
vt 1.3007812 -0.27612305
vt 0.9057617 0.3713379
vt 1.2919922 0.4050293
vt -1.7626953 -1.0136719
vt -1.7021484 -1.0087891
vt -1.6376953 -1.3798828
vt -1.9013672 -1.0644531
vt -1.9228516 -1.3916016
vt 1.5712891 -0.85791016
vt 1.9462891 -0.94140625
vt 1.5644531 -0.8901367
vt 1.9570312 -0.90625
vt 1.5810547 -0.7402344
vt 1.9785156 -0.7758789
vt 1.6132812 -0.27539062
vt 2.0292969 -0.31689453
vt 1.6396484 0.40478516
vt 2.0859375 0.3569336
vt -0.17785645 -0.9355469
vt -0.18762207 -0.95703125
vt -0.3071289 -0.95410156
vt -0.3071289 -0.9350586
vt -0.17504883 -0.8642578
vt -0.43701172 -0.94970703
vt -0.30932617 -0.8598633
vt -0.1619873 -0.58447266
vt -0.4428711 -0.9301758
vt -0.63671875 -0.9765625
vt -0.6459961 -0.94677734
vt -0.45336914 -0.8540039
vt -0.6582031 -0.86816406
vt -0.6748047 -0.5864258
vt -0.30541992 -0.57958984
vt -0.13842773 0.15649414
vt -0.28295898 0.16247559
vt -0.4584961 -0.578125
vt -0.69384766 0.15734863
vt -0.45874023 0.16394043
vt -1.9169922 -0.32739258
vt -1.8066406 -0.33642578
vt -1.7763672 -0.5649414
vt -2.0390625 -0.3461914
vt -2.0722656 -0.5415039
vt -0.17785645 -0.9355469
vt 0.048217773 -0.9838867
vt -0.18762207 -0.95703125
vt 0.057403564 -0.9589844
vt -0.17504883 -0.8642578
vt 0.06817627 -0.8798828
vt -0.1619873 -0.58447266
vt 0.09008789 -0.5996094
vt -0.13842773 0.15649414
vt 0.13476562 0.14196777
vt 1.5830078 -0.9394531
vt 1.5761719 -0.97509766
vt 1.4931641 -0.9790039
vt 1.4941406 -0.94384766
vt 1.5917969 -0.80908203
vt 1.3183594 -0.9746094
vt 1.4902344 -0.8066406
vt 1.6289062 -0.08807373
vt 1.4931641 -0.08416748
vt 1.3125 -0.9404297
vt 0.95214844 -1.0058594
vt 0.94140625 -0.9609375
vt 1.2998047 -0.80126953
vt 1.2841797 -0.08508301
vt 0.92529297 -0.81884766
vt 0.8881836 -0.097961426
vt 2.0332031 -0.82910156
vt 1.6289062 -0.08807373
vt 2.0917969 -0.10961914
vt 1.5917969 -0.80908203
vt 2.0117188 -0.97558594
vt 1.5830078 -0.9394531
vt 2.0019531 -1.0146484
vt 1.5761719 -0.97509766
vt -1.9619141 -0.5463867
vt -1.8046875 -0.50097656
vt -1.7373047 -0.5004883
vt -2.0117188 -0.9057617
vt -1.6953125 -0.91552734
vt 2.0507812 0.7363281
vt 1.9121094 0.09667969
vt 1.4824219 0.18725586
vt 1.5039062 0.83154297
vt 1.6015625 1.9560547
vt 2.2128906 1.8759766
vt 1.1777344 0.19836426
vt 1.5039062 0.83154297
vt 1.1689453 0.8461914
vt 1.6015625 1.9560547
vt 1.2226562 1.9755859
vt -0.6015625 -2.5859375
vt -0.38183594 -2.5117188
vt -0.36376953 -2.5234375
vt -0.5644531 -2.6074219
vt -0.6689453 -2.7226562
vt -0.59033203 -2.7050781
vt 0.7006836 0.1842041
vt 0.70751953 0.14538574
vt 0.46801758 0.11352539
vt 0.45996094 0.15893555
vt 0.6020508 0.8256836
vt 0.36572266 0.7963867
vt 0.8144531 0.8417969
vt 0.8588867 0.20092773
vt 0.25219727 1.9345703
vt 0.48901367 1.9609375
vt 0.6020508 0.8256836
vt 0.765625 1.9707031
vt 0.8144531 0.8417969
vt -1.1962891 -2.2558594
vt -1.1992188 -2.015625
vt -0.87646484 -2.109375
vt -0.8925781 -1.9609375
vt -0.9682617 -1.9257812
vt -1.1933594 -1.9013672
vt 1.0537109 0.83740234
vt 0.8144531 0.8417969
vt 0.765625 1.9707031
vt 1.0566406 1.9707031
vt 1.0537109 0.83740234
vt 1.0566406 1.9707031
vt 1.2226562 1.9755859
vt 1.1689453 0.8461914
vt 1.1689453 0.8461914
vt 1.1044922 0.19665527
vt 1.0537109 0.83740234
vt 1.1777344 0.19836426
vt 1.1884766 0.15759277
vt 1.1152344 0.14941406
vt 1.0537109 0.83740234
vt 1.1044922 0.19665527
vt 0.8588867 0.20092773
vt 0.8144531 0.8417969
vt 2.6171875 -0.88183594
vt 2.9785156 -0.85253906
vt 2.9707031 -0.88378906
vt 2.6132812 -0.8520508
vt 2.9902344 -0.73583984
vt 2.4667969 -0.9057617
vt 2.5976562 -0.73535156
vt 2.4511719 -0.8774414
vt 2.3886719 -0.94433594
vt 2.3925781 -0.7675781
vt 2.3671875 -0.91259766
vt 2.3027344 -0.8076172
vt 1.1884766 0.15759277
vt 1.1777344 0.19836426
vt 1.4824219 0.18725586
vt 1.4804688 0.14550781
vt 1.4824219 0.18725586
vt 1.9121094 0.09667969
vt 1.8974609 0.05493164
vt 1.4804688 0.14550781
vt -0.3996582 -2.1894531
vt 0.020019531 -2.2226562
vt 0.0015115738 -2.3945312
vt -0.44018555 -2.4707031
vt -0.36376953 -2.5234375
vt 2.1738281 -1.0371094
vt 2.3886719 -0.94433594
vt 2.1972656 -1.0673828
vt 2.3671875 -0.91259766
vt 2.1074219 -0.9394531
vt 2.3027344 -0.8076172
vt 2.0585938 -0.87060547
vt 2.2578125 -0.74072266
vt 0.8701172 0.15197754
vt 1.1044922 0.19665527
vt 1.1152344 0.14941406
vt 0.8588867 0.20092773
vt 0.70751953 0.14538574
vt 0.7006836 0.1842041
vt 1.5478516 -0.81884766
vt 1.5419922 -0.8432617
vt 1.4863281 -0.8457031
vt 1.4863281 -0.82177734
vt 1.5546875 -0.7290039
vt 1.3662109 -0.84375
vt 1.4833984 -0.72753906
vt 1.5751953 -0.37695312
vt 1.3613281 -0.8203125
vt 1.1152344 -0.8701172
vt 1.1074219 -0.83984375
vt 1.3525391 -0.7246094
vt 1.09375 -0.7426758
vt 1.0722656 -0.38891602
vt 1.484375 -0.37451172
vt 1.6054688 0.42407227
vt 1.4990234 0.4284668
vt 1.34375 -0.37573242
vt 1.0400391 0.41430664
vt 1.3349609 0.42700195
vt -1.7685547 -1.0517578
vt -1.7216797 -1.0478516
vt -1.6728516 -1.3300781
vt -1.8740234 -1.0898438
vt -1.8896484 -1.3388672
vt 1.5478516 -0.81884766
vt 1.8339844 -0.8774414
vt 1.5419922 -0.8432617
vt 1.8417969 -0.85058594
vt 1.5546875 -0.7290039
vt 1.8583984 -0.7504883
vt 1.5751953 -0.37695312
vt 1.8916016 -0.39794922
vt 1.6054688 0.42407227
vt 1.9472656 0.4033203
vt 1.5810547 -0.9550781
vt 1.5703125 -0.98828125
vt 1.4931641 -0.9902344
vt 1.4921875 -0.9580078
vt 1.59375 -0.8256836
vt 1.3291016 -0.9838867
vt 1.4873047 -0.8227539
vt 1.6210938 -0.3137207
vt 1.3212891 -0.9506836
vt 1.0976562 -1.0009766
vt 1.0869141 -0.95654297
vt 1.3046875 -0.8129883
vt 1.0683594 -0.8149414
vt 1.0449219 -0.30078125
vt 1.4892578 -0.31054688
vt 1.6611328 0.84814453
vt 1.5068359 0.8535156
vt 1.2939453 -0.30688477
vt 1.015625 0.8666992
vt 1.2851562 0.85791016
vt -1.7636719 -1.0615234
vt -1.6962891 -1.0576172
vt -1.6171875 -1.3154297
vt -1.9160156 -1.0976562
vt -1.9326172 -1.3251953
vt 1.5810547 -0.9550781
vt 1.8447266 -1.0048828
vt 1.5703125 -0.98828125
vt 1.8583984 -0.9667969
vt 1.59375 -0.8256836
vt 1.8808594 -0.82128906
vt 1.6210938 -0.3137207
vt 1.9228516 -0.30932617
vt 1.6611328 0.84814453
vt 1.9833984 0.85546875
vt 1.5478516 -0.81884766
vt 1.5419922 -0.8432617
vt 1.4863281 -0.8457031
vt 1.4863281 -0.82177734
vt 1.5546875 -0.7290039
vt 1.3662109 -0.84375
vt 1.4833984 -0.72753906
vt 1.5751953 -0.37695312
vt 1.3613281 -0.8203125
vt 1.1152344 -0.8701172
vt 1.1074219 -0.83984375
vt 1.3525391 -0.7246094
vt 1.09375 -0.7426758
vt 1.0722656 -0.38891602
vt 1.484375 -0.37451172
vt 1.6054688 0.42407227
vt 1.4990234 0.4284668
vt 1.34375 -0.37573242
vt 1.0400391 0.41430664
vt 1.3349609 0.42700195
vt -1.7685547 -1.0517578
vt -1.7216797 -1.0478516
vt -1.6728516 -1.3300781
vt -1.8740234 -1.0898438
vt -1.8896484 -1.3388672
vt 1.5478516 -0.81884766
vt 1.8339844 -0.8774414
vt 1.5419922 -0.8432617
vt 1.8417969 -0.85058594
vt 1.5546875 -0.7290039
vt 1.8583984 -0.7504883
vt 1.5751953 -0.37695312
vt 1.8916016 -0.39794922
vt 1.6054688 0.42407227
vt 1.9472656 0.4033203
vt 1.5673828 -0.8339844
vt 1.5654297 -0.86035156
vt 1.4931641 -0.8564453
vt 1.4921875 -0.83203125
vt 1.5712891 -0.7397461
vt 1.3457031 -0.85839844
vt 1.4892578 -0.7363281
vt 1.5595703 0.10345459
vt 1.4853516 0.10437012
vt 1.3417969 -0.8334961
vt 1.0820312 -0.86816406
vt 1.0751953 -0.83740234
vt 1.3349609 -0.73291016
vt 1.3486328 0.10595703
vt 1.0664062 -0.73876953
vt 1.0810547 0.12231445
vt 1.8857422 -0.7348633
vt 1.5595703 0.10345459
vt 1.8740234 0.1262207
vt 1.5712891 -0.7397461
vt 1.8769531 -0.83691406
vt 1.5673828 -0.8339844
vt 1.8701172 -0.8647461
vt 1.5654297 -0.86035156
vt -1.8759766 -1.09375
vt -1.765625 -1.0224609
vt -1.71875 -1.0507812
vt -1.6699219 -1.3417969
vt -1.8945312 -1.3496094
vt 1.5595703 -0.8618164
vt 1.5537109 -0.8901367
vt 1.4882812 -0.8930664
vt 1.4892578 -0.8652344
vt 1.5683594 -0.7583008
vt 1.3505859 -0.890625
vt 1.4853516 -0.75634766
vt 1.5908203 -0.35205078
vt 1.3447266 -0.86328125
vt 1.0605469 -0.92089844
vt 1.0517578 -0.88623047
vt 1.3339844 -0.7529297
vt 1.0361328 -0.7739258
vt 1.0117188 -0.3659668
vt 1.4873047 -0.34936523
vt 1.6259766 0.57177734
vt 1.5029297 0.57666016
vt 1.3242188 -0.35083008
vt 0.9741211 0.5605469
vt 1.3144531 0.5751953
vt -1.765625 -1.0332031
vt -1.7119141 -1.0283203
vt -1.6552734 -1.3544922
vt -1.8876953 -1.0771484
vt -1.90625 -1.3642578
vt 1.5595703 -0.8618164
vt 1.8896484 -0.9291992
vt 1.5537109 -0.8901367
vt 1.8984375 -0.8984375
vt 1.5683594 -0.7583008
vt 1.9169922 -0.7832031
vt 1.5908203 -0.35205078
vt 1.9560547 -0.37646484
vt 1.6259766 0.57177734
vt 2.0195312 0.54785156
vt 1.53125 -0.7607422
vt 1.5273438 -0.78027344
vt 1.4824219 -0.78222656
vt 1.4833984 -0.7631836
vt 1.5371094 -0.6894531
vt 1.3876953 -0.78027344
vt 1.4804688 -0.68847656
vt 1.5537109 -0.4104004
vt 1.3837891 -0.76171875
vt 1.1884766 -0.80126953
vt 1.1826172 -0.77734375
vt 1.3769531 -0.68603516
vt 1.171875 -0.7001953
vt 1.1552734 -0.41992188
vt 1.4814453 -0.40844727
vt 1.5771484 0.22473145
vt 1.4931641 0.22814941
vt 1.3701172 -0.40942383
vt 1.1289062 0.21704102
vt 1.3632812 0.22692871
vt -1.7714844 -1.0761719
vt -1.7353516 -1.0732422
vt -1.6962891 -1.296875
vt -1.8554688 -1.1064453
vt -1.8681641 -1.3037109
vt 1.53125 -0.7607422
vt 1.7587891 -0.8071289
vt 1.5273438 -0.78027344
vt 1.7646484 -0.78564453
vt 1.5371094 -0.6894531
vt 1.7773438 -0.70654297
vt 1.5537109 -0.4104004
vt 1.8046875 -0.42700195
vt 1.5771484 0.22473145
vt 1.8486328 0.20837402
vt 1.5595703 -0.9033203
vt 1.5537109 -0.9316406
vt 1.4882812 -0.9345703
vt 1.4882812 -0.9067383
vt 1.5664062 -0.80029297
vt 1.3496094 -0.93115234
vt 1.4853516 -0.79785156
vt 1.5957031 -0.22827148
vt 1.4873047 -0.22521973
vt 1.3447266 -0.9042969
vt 1.0585938 -0.9555664
vt 1.0498047 -0.92041016
vt 1.3349609 -0.7939453
vt 1.3222656 -0.22595215
vt 1.0380859 -0.80810547
vt 1.0078125 -0.23620605
vt 1.9150391 -0.81591797
vt 1.5957031 -0.22827148
vt 1.9619141 -0.24536133
vt 1.5664062 -0.80029297
vt 1.8994141 -0.9316406
vt 1.5595703 -0.9033203
vt 1.890625 -0.9628906
vt 1.5537109 -0.9316406
vt -1.8876953 -1.0771484
vt -1.765625 -1.0332031
vt -1.7119141 -1.0283203
vt -1.90625 -1.3642578
vt -1.6552734 -1.3544922
vn -0.22265625 -0.9013672 -0.37182617
vn 0.2133789 -0.90966797 -0.35620117
vn 0.25219727 -0.7583008 -0.6010742
vn -0.19018555 -0.89697266 -0.39941406
vn 0.19348145 -0.9082031 -0.37109375
vn 0.20056152 -0.77001953 -0.60595703
vn -0.19018555 -0.89697266 -0.39941406
vn 0.19348145 -0.9082031 -0.37109375
vn 0.20056152 -0.77001953 -0.60595703
vn -0.19018555 -0.89697266 -0.39941406
vn 0.19348145 -0.9082031 -0.37109375
vn 0.20056152 -0.77001953 -0.60595703
vn -0.22143555 -0.86816406 -0.44384766
vn 0.19348145 -0.9082031 -0.37109375
vn 0.20056152 -0.77001953 -0.60595703
vn -0.21264648 -0.8774414 -0.4296875
vn 0.19348145 -0.9082031 -0.37109375
vn 0.20056152 -0.77001953 -0.60595703
vn -0.19018555 -0.89697266 -0.39941406
vn 0.19348145 -0.9082031 -0.37109375
vn 0.20056152 -0.77001953 -0.60595703
vn 0.17919922 0.8989258 -0.39941406
vn -0.23303223 0.94140625 -0.24401855
vn -0.38598633 0.74316406 -0.546875
vn -0.19018555 -0.89697266 -0.39941406
vn 0.19348145 -0.9082031 -0.37109375
vn 0.20056152 -0.77001953 -0.60595703
vn -0.52685547 -0.44360352 -0.72509766
vn -0.19763184 -0.84814453 -0.49169922
vn 0.09887695 -0.828125 -0.55126953
vn 0.16210938 -0.27685547 -0.9472656
vn -0.5839844 -0.12695312 -0.8017578
vn 0.35668945 -0.8388672 -0.4111328
vn 0.16418457 -0.08135986 -0.98291016
vn -0.58984375 -0.080200195 -0.80371094
vn 0.6845703 -0.43139648 -0.5878906
vn 0.3881836 -0.92089844 -0.033050537
vn 0.87060547 -0.48291016 -0.09265137
vn 0.77490234 -0.125 -0.6196289
vn 0.984375 -0.12902832 -0.11779785
vn 0.9926758 -0.034454346 -0.11584473
vn 0.15563965 -0.055725098 -0.9863281
vn -0.5957031 -0.093688965 -0.7973633
vn 0.1472168 -0.08062744 -0.98583984
vn 0.7753906 -0.052093506 -0.62939453
vn 0.99316406 -0.033416748 -0.11138916
vn 0.7739258 -0.064208984 -0.6298828
vn 0.09887695 -0.828125 -0.55126953
vn -0.19763184 -0.84814453 -0.49169922
vn -0.38134766 -0.91748047 -0.11102295
vn 0.35668945 -0.8388672 -0.4111328
vn 0.3881836 -0.92089844 -0.033050537
vn -0.52685547 -0.44360352 -0.72509766
vn -0.38134766 -0.91748047 -0.11102295
vn -0.19763184 -0.84814453 -0.49169922
vn -0.84521484 -0.4724121 -0.25048828
vn -0.5839844 -0.12695312 -0.8017578
vn -0.94628906 -0.12841797 -0.296875
vn -0.58984375 -0.080200195 -0.80371094
vn -0.9477539 -0.07299805 -0.31103516
vn -0.5957031 -0.093688965 -0.7973633
vn -0.9477539 -0.06945801 -0.31152344
vn -0.99609375 -0.039123535 -0.076416016
vn -0.98291016 -0.17419434 -0.060180664
vn -0.6484375 -0.30639648 -0.69677734
vn -0.6274414 -0.14550781 -0.7651367
vn -0.6479492 -0.045684814 -0.7602539
vn -0.99658203 -0.019958496 -0.08215332
vn 0.47070312 -0.29858398 -0.8300781
vn -0.6274414 -0.14550781 -0.7651367
vn 0.54003906 -0.14489746 -0.82910156
vn -0.6479492 -0.045684814 -0.7602539
vn 0.5683594 -0.040740967 -0.82177734
vn 0.3083496 -0.8076172 -0.5024414
vn 0.2133789 -0.90966797 -0.35620117
vn -0.22265625 -0.9013672 -0.37182617
vn 0.32861328 -0.8510742 -0.4099121
vn 0.58496094 -0.79541016 -0.16015625
vn 0.609375 -0.78027344 -0.13977051
vn 0.93408203 -0.26049805 -0.24414062
vn 0.58496094 -0.79541016 -0.16015625
vn 0.5917969 -0.80615234 -0.009048462
vn 0.97753906 -0.21166992 -0.0076408386
vn 0.96875 -0.089416504 -0.2322998
vn 0.99609375 -0.08898926 0.015342712
vn 0.54833984 -0.08856201 -0.83154297
vn 0.53808594 -0.30322266 -0.7866211
vn 0.99658203 -0.07861328 0.03164673
vn 0.9707031 -0.07348633 -0.22827148
vn 0.96875 -0.089416504 -0.2322998
vn 0.5541992 -0.051971436 -0.8310547
vn 0.54833984 -0.08856201 -0.83154297
vn -0.63183594 -0.7573242 -0.16564941
vn 0.006427765 -1 0.00053167343
vn -0.3984375 -0.72753906 -0.55859375
vn 0.37670898 -0.7597656 -0.52978516
vn 0.51416016 -0.85009766 -0.11456299
vn 0.47924805 -0.8774414 -0.018447876
vn 0.5620117 -0.0960083 -0.82128906
vn 0.54833984 -0.08856201 -0.83154297
vn 0.5541992 -0.051971436 -0.8310547
vn 0.5810547 -0.030593872 -0.81347656
vn 0.5620117 -0.0960083 -0.82128906
vn 0.5810547 -0.030593872 -0.81347656
vn 0.5683594 -0.040740967 -0.82177734
vn 0.54003906 -0.14489746 -0.82910156
vn 0.54003906 -0.14489746 -0.82910156
vn 0.4711914 -0.3227539 -0.8208008
vn 0.5620117 -0.0960083 -0.82128906
vn 0.47070312 -0.29858398 -0.8300781
vn 0.25219727 -0.7583008 -0.6010742
vn 0.2133789 -0.90966797 -0.35620117
vn 0.5620117 -0.0960083 -0.82128906
vn 0.4711914 -0.3227539 -0.8208008
vn 0.53808594 -0.30322266 -0.7866211
vn 0.54833984 -0.08856201 -0.83154297
vn -0.3984375 -0.72753906 -0.55859375
vn -0.95214844 -0.16064453 -0.26049805
vn -0.63183594 -0.7573242 -0.16564941
vn -0.5097656 -0.20605469 -0.8354492
vn -0.61279297 -0.7705078 -0.17602539
vn 0.37670898 -0.7597656 -0.52978516
vn -0.22265625 -0.9013672 -0.37182617
vn 0.5932617 -0.24829102 -0.765625
vn 0.51416016 -0.85009766 -0.11456299
vn 0.32861328 -0.8510742 -0.4099121
vn 0.92822266 -0.3059082 -0.21142578
vn 0.609375 -0.78027344 -0.13977051
vn 0.25219727 -0.7583008 -0.6010742
vn 0.47070312 -0.29858398 -0.8300781
vn -0.6484375 -0.30639648 -0.69677734
vn -0.49560547 -0.7348633 -0.46289062
vn -0.6484375 -0.30639648 -0.69677734
vn -0.98291016 -0.17419434 -0.060180664
vn -0.5932617 -0.8046875 -0.030548096
vn -0.49560547 -0.7348633 -0.46289062
vn -0.49560547 -0.7348633 -0.46289062
vn -0.5932617 -0.8046875 -0.030548096
vn -0.61279297 -0.7705078 -0.17602539
vn 0.25219727 -0.7583008 -0.6010742
vn -0.22265625 -0.9013672 -0.37182617
vn 0.9448242 -0.3269043 -0.029251099
vn 0.51416016 -0.85009766 -0.11456299
vn 0.47924805 -0.8774414 -0.018447876
vn 0.92822266 -0.3059082 -0.21142578
vn 0.6796875 -0.73291016 -0.01637268
vn 0.609375 -0.78027344 -0.13977051
vn 0.5917969 -0.80615234 -0.009048462
vn 0.58496094 -0.79541016 -0.16015625
vn 0.3083496 -0.8076172 -0.5024414
vn 0.4711914 -0.3227539 -0.8208008
vn 0.2133789 -0.90966797 -0.35620117
vn 0.53808594 -0.30322266 -0.7866211
vn 0.58496094 -0.79541016 -0.16015625
vn 0.93408203 -0.26049805 -0.24414062
vn -0.6069336 -0.41430664 -0.67822266
vn -0.25952148 -0.86816406 -0.42285156
vn 0.14453125 -0.84472656 -0.515625
vn 0.23474121 -0.34155273 -0.91015625
vn -0.63427734 -0.08557129 -0.7680664
vn 0.43041992 -0.84033203 -0.33007812
vn 0.24975586 -0.103393555 -0.9628906
vn -0.6582031 -0.03955078 -0.7519531
vn 0.76123047 -0.39916992 -0.51123047
vn 0.44750977 -0.89404297 -0.022827148
vn 0.9086914 -0.41357422 -0.057617188
vn 0.8364258 -0.11450195 -0.53564453
vn 0.9921875 -0.10253906 -0.0713501
vn 0.9975586 -0.018737793 -0.070007324
vn 0.24328613 -0.044036865 -0.96875
vn -0.65625 -0.04269409 -0.75341797
vn 0.23535156 -0.048858643 -0.9707031
vn 0.84228516 -0.033325195 -0.5385742
vn 0.9975586 -0.009521484 -0.06726074
vn 0.84228516 -0.029266357 -0.53808594
vn 0.14453125 -0.84472656 -0.515625
vn -0.25952148 -0.86816406 -0.42285156
vn -0.40234375 -0.9135742 -0.061309814
vn 0.43041992 -0.84033203 -0.33007812
vn 0.44750977 -0.89404297 -0.022827148
vn -0.6069336 -0.41430664 -0.67822266
vn -0.40234375 -0.9135742 -0.061309814
vn -0.25952148 -0.86816406 -0.42285156
vn -0.9111328 -0.3881836 -0.13891602
vn -0.63427734 -0.08557129 -0.7680664
vn -0.98828125 -0.02859497 -0.15039062
vn -0.6582031 -0.03955078 -0.7519531
vn -0.98876953 -0.0151901245 -0.14855957
vn -0.65625 -0.04269409 -0.75341797
vn -0.9892578 -0.012550354 -0.14611816
vn -0.5839844 -0.41455078 -0.6977539
vn -0.20043945 -0.8515625 -0.484375
vn 0.09136963 -0.82666016 -0.55566406
vn 0.15234375 -0.27929688 -0.9482422
vn -0.6035156 -0.07141113 -0.7944336
vn 0.3569336 -0.8388672 -0.4111328
vn 0.16052246 -0.08190918 -0.98339844
vn -0.61865234 -0.030197144 -0.78515625
vn 0.6845703 -0.43139648 -0.5878906
vn 0.3876953 -0.9213867 -0.033050537
vn 0.87060547 -0.48291016 -0.09265137
vn 0.77490234 -0.125 -0.6196289
vn 0.984375 -0.12902832 -0.11779785
vn 0.99316406 -0.022506714 -0.11590576
vn 0.15551758 -0.030395508 -0.9873047
vn -0.62060547 -0.027938843 -0.7836914
vn 0.15185547 -0.030044556 -0.98779297
vn 0.77490234 -0.030776978 -0.63134766
vn 0.99365234 -0.009544373 -0.11138916
vn 0.77734375 -0.02192688 -0.62890625
vn 0.09136963 -0.82666016 -0.55566406
vn -0.20043945 -0.8515625 -0.484375
vn -0.36669922 -0.92578125 -0.09307861
vn 0.3569336 -0.8388672 -0.4111328
vn 0.3876953 -0.9213867 -0.033050537
vn -0.5839844 -0.41455078 -0.6977539
vn -0.36669922 -0.92578125 -0.09307861
vn -0.20043945 -0.8515625 -0.484375
vn -0.87646484 -0.42700195 -0.22216797
vn -0.6035156 -0.07141113 -0.7944336
vn -0.96875 -0.03564453 -0.24511719
vn -0.61865234 -0.030197144 -0.78515625
vn -0.97021484 -0.017318726 -0.24230957
vn -0.62060547 -0.027938843 -0.7836914
vn -0.9711914 -0.0124053955 -0.23864746
vn -0.99121094 -0.037353516 -0.12524414
vn -0.9736328 -0.2052002 -0.101989746
vn -0.625 -0.28295898 -0.72753906
vn -0.6254883 -0.1038208 -0.7734375
vn -0.6357422 -0.04827881 -0.7705078
vn -0.99072266 -0.025863647 -0.13220215
vn 0.4189453 -0.26464844 -0.86865234
vn -0.6254883 -0.1038208 -0.7734375
vn 0.4987793 -0.1038208 -0.86035156
vn -0.6357422 -0.04827881 -0.7705078
vn 0.5239258 -0.04269409 -0.85058594
vn 0.24707031 -0.8208008 -0.5151367
vn 0.19348145 -0.9082031 -0.37109375
vn -0.19018555 -0.89697266 -0.39941406
vn 0.27490234 -0.8911133 -0.36083984
vn 0.5449219 -0.81640625 -0.19116211
vn 0.49291992 -0.85839844 -0.14135742
vn 0.9135742 -0.28564453 -0.28930664
vn 0.5449219 -0.81640625 -0.19116211
vn 0.5620117 -0.82714844 -0.0181427
vn 0.9711914 -0.23852539 -0.016036987
vn 0.95703125 -0.087402344 -0.2758789
vn 0.99560547 -0.0892334 0.032104492
vn 0.4970703 -0.07098389 -0.8647461
vn 0.49389648 -0.2980957 -0.81689453
vn 0.9926758 -0.09942627 0.06695557
vn 0.9614258 -0.09259033 -0.2590332
vn 0.95703125 -0.087402344 -0.2758789
vn 0.5029297 -0.057678223 -0.8623047
vn 0.4970703 -0.07098389 -0.8647461
vn -0.6123047 -0.7294922 -0.30517578
vn 0.0050621033 -1 0.0007958412
vn -0.3269043 -0.74316406 -0.5839844
vn 0.3173828 -0.7739258 -0.54785156
vn 0.46264648 -0.875 -0.1430664
vn 0.43798828 -0.8984375 -0.036621094
vn 0.5107422 -0.070373535 -0.8569336
vn 0.4970703 -0.07098389 -0.8647461
vn 0.5029297 -0.057678223 -0.8623047
vn 0.53271484 -0.03286743 -0.8457031
vn 0.5107422 -0.070373535 -0.8569336
vn 0.53271484 -0.03286743 -0.8457031
vn 0.5239258 -0.04269409 -0.85058594
vn 0.4987793 -0.1038208 -0.86035156
vn 0.4987793 -0.1038208 -0.86035156
vn 0.41015625 -0.30810547 -0.85839844
vn 0.5107422 -0.070373535 -0.8569336
vn 0.4189453 -0.26464844 -0.86865234
vn 0.20056152 -0.77001953 -0.60595703
vn 0.19348145 -0.9082031 -0.37109375
vn 0.5107422 -0.070373535 -0.8569336
vn 0.41015625 -0.30810547 -0.85839844
vn 0.49389648 -0.2980957 -0.81689453
vn 0.4970703 -0.07098389 -0.8647461
vn -0.3269043 -0.74316406 -0.5839844
vn -0.86083984 -0.24438477 -0.44628906
vn -0.6123047 -0.7294922 -0.30517578
vn -0.4362793 -0.27734375 -0.85595703
vn -0.47583008 -0.8413086 -0.25683594
vn 0.3173828 -0.7739258 -0.54785156
vn -0.19018555 -0.89697266 -0.39941406
vn 0.50146484 -0.36938477 -0.78222656
vn 0.46264648 -0.875 -0.1430664
vn 0.27490234 -0.8911133 -0.36083984
vn 0.8457031 -0.47045898 -0.25195312
vn 0.49291992 -0.85839844 -0.14135742
vn 0.20056152 -0.77001953 -0.60595703
vn 0.4189453 -0.26464844 -0.86865234
vn -0.625 -0.28295898 -0.72753906
vn -0.46289062 -0.7524414 -0.46875
vn -0.625 -0.28295898 -0.72753906
vn -0.9736328 -0.2052002 -0.101989746
vn -0.5722656 -0.81884766 -0.05130005
vn -0.46289062 -0.7524414 -0.46875
vn -0.46289062 -0.7524414 -0.46875
vn -0.5722656 -0.81884766 -0.05130005
vn -0.47583008 -0.8413086 -0.25683594
vn 0.20056152 -0.77001953 -0.60595703
vn -0.19018555 -0.89697266 -0.39941406
vn 0.87353516 -0.4831543 -0.057678223
vn 0.46264648 -0.875 -0.1430664
vn 0.43798828 -0.8984375 -0.036621094
vn 0.8457031 -0.47045898 -0.25195312
vn 0.5854492 -0.8100586 -0.030181885
vn 0.49291992 -0.85839844 -0.14135742
vn 0.5620117 -0.82714844 -0.0181427
vn 0.5449219 -0.81640625 -0.19116211
vn 0.24707031 -0.8208008 -0.5151367
vn 0.41015625 -0.30810547 -0.85839844
vn 0.19348145 -0.9082031 -0.37109375
vn 0.49389648 -0.2980957 -0.81689453
vn 0.5449219 -0.81640625 -0.19116211
vn 0.9135742 -0.28564453 -0.28930664
vn -0.99121094 -0.037353516 -0.12524414
vn -0.9736328 -0.2052002 -0.101989746
vn -0.625 -0.28320312 -0.72753906
vn -0.6254883 -0.1038208 -0.7734375
vn -0.6357422 -0.04827881 -0.7705078
vn -0.99072266 -0.025863647 -0.13220215
vn 0.4189453 -0.26464844 -0.86865234
vn -0.6254883 -0.1038208 -0.7734375
vn 0.4987793 -0.1038208 -0.86035156
vn -0.6357422 -0.04827881 -0.7705078
vn 0.5239258 -0.04269409 -0.85058594
vn 0.24707031 -0.8208008 -0.5151367
vn 0.19348145 -0.9082031 -0.37109375
vn -0.19018555 -0.89697266 -0.39941406
vn 0.27490234 -0.8911133 -0.36083984
vn 0.5449219 -0.81640625 -0.19116211
vn 0.49291992 -0.85839844 -0.14135742
vn 0.9135742 -0.28564453 -0.28930664
vn 0.5449219 -0.81640625 -0.19116211
vn 0.5620117 -0.82714844 -0.0181427
vn 0.9711914 -0.23852539 -0.016036987
vn 0.95703125 -0.087402344 -0.2758789
vn 0.99560547 -0.0892334 0.032104492
vn 0.4970703 -0.07098389 -0.8647461
vn 0.49389648 -0.2980957 -0.81689453
vn 0.9926758 -0.09942627 0.06695557
vn 0.9614258 -0.09259033 -0.2590332
vn 0.95703125 -0.087402344 -0.2758789
vn 0.5029297 -0.057678223 -0.8623047
vn 0.4970703 -0.07098389 -0.8647461
vn -0.6123047 -0.7294922 -0.30517578
vn 0.0050621033 -1 0.0007958412
vn -0.3269043 -0.74316406 -0.5839844
vn 0.3173828 -0.7739258 -0.54785156
vn 0.46264648 -0.875 -0.1430664
vn 0.43798828 -0.8984375 -0.036621094
vn 0.5107422 -0.070373535 -0.8569336
vn 0.4970703 -0.07098389 -0.8647461
vn 0.5029297 -0.057678223 -0.8623047
vn 0.53271484 -0.03286743 -0.8457031
vn 0.5107422 -0.070373535 -0.8569336
vn 0.53271484 -0.03286743 -0.8457031
vn 0.5239258 -0.04269409 -0.85058594
vn 0.4987793 -0.1038208 -0.86035156
vn 0.4987793 -0.1038208 -0.86035156
vn 0.41015625 -0.30810547 -0.85839844
vn 0.5107422 -0.070373535 -0.8569336
vn 0.4189453 -0.26464844 -0.86865234
vn 0.20056152 -0.77001953 -0.60595703
vn 0.19348145 -0.9082031 -0.37109375
vn 0.5107422 -0.070373535 -0.8569336
vn 0.41015625 -0.30810547 -0.85839844
vn 0.49389648 -0.2980957 -0.81689453
vn 0.4970703 -0.07098389 -0.8647461
vn -0.3269043 -0.74316406 -0.5839844
vn -0.86083984 -0.24438477 -0.44628906
vn -0.6123047 -0.7294922 -0.30517578
vn -0.4362793 -0.27734375 -0.85595703
vn -0.47583008 -0.8413086 -0.25683594
vn 0.3173828 -0.7739258 -0.54785156
vn -0.19018555 -0.89697266 -0.39941406
vn 0.50146484 -0.36938477 -0.78222656
vn 0.46264648 -0.875 -0.1430664
vn 0.27490234 -0.8911133 -0.36083984
vn 0.8457031 -0.47045898 -0.25195312
vn 0.49291992 -0.85839844 -0.14135742
vn 0.20056152 -0.77001953 -0.60595703
vn 0.4189453 -0.26464844 -0.86865234
vn -0.625 -0.28320312 -0.72753906
vn -0.46289062 -0.7524414 -0.46875
vn -0.625 -0.28320312 -0.72753906
vn -0.9736328 -0.2052002 -0.101989746
vn -0.5722656 -0.81884766 -0.05130005
vn -0.46289062 -0.7524414 -0.46875
vn -0.46289062 -0.7524414 -0.46875
vn -0.5722656 -0.81884766 -0.05130005
vn -0.47583008 -0.8413086 -0.25683594
vn 0.20056152 -0.77001953 -0.60595703
vn -0.19018555 -0.89697266 -0.39941406
vn 0.87353516 -0.4831543 -0.057678223
vn 0.46264648 -0.875 -0.1430664
vn 0.43798828 -0.8984375 -0.036621094
vn 0.8457031 -0.47045898 -0.25195312
vn 0.5854492 -0.8100586 -0.030181885
vn 0.49291992 -0.85839844 -0.14135742
vn 0.5620117 -0.82714844 -0.0181427
vn 0.5449219 -0.81640625 -0.19116211
vn 0.24707031 -0.8208008 -0.5151367
vn 0.41015625 -0.30810547 -0.85839844
vn 0.19348145 -0.9082031 -0.37109375
vn 0.49389648 -0.2980957 -0.81689453
vn 0.5449219 -0.81640625 -0.19116211
vn 0.9135742 -0.28564453 -0.28930664
vn -0.9916992 -0.04888916 -0.11810303
vn -0.9736328 -0.2052002 -0.101989746
vn -0.625 -0.28295898 -0.72753906
vn -0.6035156 -0.16394043 -0.78027344
vn 0.4189453 -0.26464844 -0.86865234
vn -0.6035156 -0.16394043 -0.78027344
vn 0.45922852 -0.1673584 -0.8725586
vn 0.24707031 -0.8208008 -0.5151367
vn 0.19348145 -0.9082031 -0.37109375
vn -0.19018555 -0.89697266 -0.39941406
vn 0.27490234 -0.8911133 -0.36083984
vn 0.5449219 -0.81640625 -0.19116211
vn 0.49291992 -0.85839844 -0.14135742
vn 0.9135742 -0.28564453 -0.28930664
vn 0.5449219 -0.81640625 -0.19116211
vn 0.5620117 -0.82714844 -0.0181427
vn 0.9711914 -0.23852539 -0.016036987
vn 0.95703125 -0.08270264 -0.2775879
vn 0.9970703 -0.07897949 -0.0027923584
vn 0.51464844 -0.08666992 -0.85302734
vn 0.49389648 -0.2980957 -0.81689453
vn -0.6123047 -0.7294922 -0.30517578
vn 0.0050621033 -1 0.0007958412
vn -0.3269043 -0.74316406 -0.5839844
vn 0.3173828 -0.7739258 -0.54785156
vn 0.46264648 -0.875 -0.1430664
vn 0.43798828 -0.8984375 -0.036621094
vn 0.45922852 -0.1673584 -0.8725586
vn 0.41015625 -0.30810547 -0.85839844
vn 0.48266602 -0.10479736 -0.8696289
vn 0.4189453 -0.26464844 -0.86865234
vn 0.20056152 -0.77001953 -0.60595703
vn 0.19348145 -0.9082031 -0.37109375
vn 0.48266602 -0.10479736 -0.8696289
vn 0.41015625 -0.30810547 -0.85839844
vn 0.49389648 -0.2980957 -0.81689453
vn 0.51464844 -0.08666992 -0.85302734
vn -0.3269043 -0.74316406 -0.5839844
vn -0.86083984 -0.2442627 -0.44628906
vn -0.6123047 -0.7294922 -0.30517578
vn -0.4362793 -0.27734375 -0.85595703
vn -0.47583008 -0.8413086 -0.25683594
vn 0.3173828 -0.7739258 -0.54785156
vn -0.19018555 -0.89697266 -0.39941406
vn 0.50146484 -0.36938477 -0.78222656
vn 0.46264648 -0.875 -0.1430664
vn 0.27490234 -0.8911133 -0.36083984
vn 0.8457031 -0.47045898 -0.25195312
vn 0.49291992 -0.85839844 -0.14135742
vn 0.20056152 -0.77001953 -0.60595703
vn 0.4189453 -0.26464844 -0.86865234
vn -0.625 -0.28295898 -0.72753906
vn -0.46289062 -0.7524414 -0.46875
vn -0.625 -0.28295898 -0.72753906
vn -0.9736328 -0.2052002 -0.101989746
vn -0.5722656 -0.81884766 -0.05130005
vn -0.46289062 -0.7524414 -0.46875
vn -0.46289062 -0.7524414 -0.46875
vn -0.5722656 -0.81884766 -0.05130005
vn -0.47583008 -0.8413086 -0.25683594
vn 0.20056152 -0.77001953 -0.60595703
vn -0.19018555 -0.89697266 -0.39941406
vn 0.87353516 -0.4831543 -0.057678223
vn 0.46264648 -0.875 -0.1430664
vn 0.43798828 -0.8984375 -0.036621094
vn 0.8457031 -0.47045898 -0.25195312
vn 0.5854492 -0.8100586 -0.030181885
vn 0.49291992 -0.85839844 -0.14135742
vn 0.5620117 -0.82714844 -0.0181427
vn 0.5449219 -0.81640625 -0.19116211
vn 0.24707031 -0.8208008 -0.5151367
vn 0.41015625 -0.30810547 -0.85839844
vn 0.19348145 -0.9082031 -0.37109375
vn 0.49389648 -0.2980957 -0.81689453
vn 0.5449219 -0.81640625 -0.19116211
vn 0.9135742 -0.28564453 -0.28930664
vn -0.9902344 -0.048431396 -0.1295166
vn -0.97314453 -0.20471191 -0.10498047
vn -0.6220703 -0.27539062 -0.73291016
vn -0.62841797 -0.12524414 -0.7675781
vn -0.6230469 -0.10760498 -0.77490234
vn -0.9892578 -0.048919678 -0.13696289
vn 0.41967773 -0.25463867 -0.87109375
vn -0.62841797 -0.12524414 -0.7675781
vn 0.50146484 -0.12585449 -0.85595703
vn -0.6230469 -0.10760498 -0.77490234
vn 0.515625 -0.10699463 -0.85009766
vn 0.15625 -0.82958984 -0.53564453
vn 0.19348145 -0.9082031 -0.37109375
vn -0.22143555 -0.86816406 -0.44384766
vn 0.31152344 -0.83691406 -0.4501953
vn 0.5151367 -0.7998047 -0.30786133
vn 0.5957031 -0.7836914 -0.17614746
vn 0.8564453 -0.27783203 -0.43530273
vn 0.5151367 -0.7998047 -0.30786133
vn 0.5605469 -0.8276367 -0.018112183
vn 0.97216797 -0.23327637 -0.01612854
vn 0.8847656 -0.09539795 -0.45629883
vn 0.9921875 -0.11743164 -0.045288086
vn 0.36987305 -0.06359863 -0.9267578
vn 0.3449707 -0.27539062 -0.89746094
vn 0.9824219 -0.16601562 -0.087524414
vn 0.8847656 -0.121276855 -0.44995117
vn 0.8847656 -0.09539795 -0.45629883
vn 0.36938477 -0.060760498 -0.9272461
vn 0.36987305 -0.06359863 -0.9267578
vn -0.6123047 -0.7294922 -0.30517578
vn 0.0050621033 -1 0.0007958412
vn -0.3269043 -0.74316406 -0.5839844
vn 0.3173828 -0.7739258 -0.54785156
vn 0.46264648 -0.875 -0.1430664
vn 0.43798828 -0.8984375 -0.036621094
vn 0.51464844 -0.08630371 -0.85302734
vn 0.36987305 -0.06359863 -0.9267578
vn 0.36938477 -0.060760498 -0.9272461
vn 0.53222656 -0.08026123 -0.84277344
vn 0.51464844 -0.08630371 -0.85302734
vn 0.53222656 -0.08026123 -0.84277344
vn 0.515625 -0.10699463 -0.85009766
vn 0.50146484 -0.12585449 -0.85595703
vn 0.50146484 -0.12585449 -0.85595703
vn 0.41064453 -0.3017578 -0.86035156
vn 0.51464844 -0.08630371 -0.85302734
vn 0.41967773 -0.25463867 -0.87109375
vn 0.20056152 -0.77001953 -0.60595703
vn 0.19348145 -0.9082031 -0.37109375
vn 0.51464844 -0.08630371 -0.85302734
vn 0.41064453 -0.3017578 -0.86035156
vn 0.3449707 -0.27539062 -0.89746094
vn 0.36987305 -0.06359863 -0.9267578
vn -0.3269043 -0.74316406 -0.5839844
vn -0.8730469 -0.18249512 -0.45214844
vn -0.6123047 -0.7294922 -0.30517578
vn -0.43676758 -0.19921875 -0.8774414
vn -0.52197266 -0.8051758 -0.28149414
vn 0.3173828 -0.7739258 -0.54785156
vn -0.22143555 -0.86816406 -0.44384766
vn 0.54785156 -0.25805664 -0.79589844
vn 0.46264648 -0.875 -0.1430664
vn 0.31152344 -0.83691406 -0.4501953
vn 0.90234375 -0.3388672 -0.26611328
vn 0.5957031 -0.7836914 -0.17614746
vn 0.20056152 -0.77001953 -0.60595703
vn 0.41967773 -0.25463867 -0.87109375
vn -0.6220703 -0.27539062 -0.73291016
vn -0.46289062 -0.7524414 -0.46875
vn -0.6220703 -0.27539062 -0.73291016
vn -0.97314453 -0.20471191 -0.10498047
vn -0.5722656 -0.81884766 -0.05130005
vn -0.46289062 -0.7524414 -0.46875
vn -0.46289062 -0.7524414 -0.46875
vn -0.5722656 -0.81884766 -0.05130005
vn -0.52197266 -0.8051758 -0.28149414
vn 0.20056152 -0.77001953 -0.60595703
vn -0.22143555 -0.86816406 -0.44384766
vn 0.92871094 -0.3659668 -0.061065674
vn 0.46264648 -0.875 -0.1430664
vn 0.43798828 -0.8984375 -0.036621094
vn 0.90234375 -0.3388672 -0.26611328
vn 0.6826172 -0.72998047 -0.03527832
vn 0.5957031 -0.7836914 -0.17614746
vn 0.5605469 -0.8276367 -0.018112183
vn 0.5151367 -0.7998047 -0.30786133
vn 0.15625 -0.82958984 -0.53564453
vn 0.41064453 -0.3017578 -0.86035156
vn 0.19348145 -0.9082031 -0.37109375
vn 0.3449707 -0.27539062 -0.89746094
vn 0.5151367 -0.7998047 -0.30786133
vn 0.8564453 -0.27783203 -0.43530273
vn -0.6743164 -0.6586914 -0.33447266
vn 0.0036315918 -1 0.0016889572
vn -0.35717773 -0.6713867 -0.64941406
vn 0.38989258 -0.6958008 -0.6035156
vn 0.58984375 -0.78808594 -0.17651367
vn 0.57910156 -0.81396484 -0.048309326
vn -0.35717773 -0.6713867 -0.64941406
vn -0.8847656 -0.094055176 -0.4567871
vn -0.6743164 -0.6586914 -0.33447266
vn -0.4543457 -0.099609375 -0.8852539
vn -0.88183594 -0.017532349 -0.47094727
vn 0.38989258 -0.6958008 -0.6035156
vn -0.45751953 -0.018814087 -0.88916016
vn 0.56347656 -0.12780762 -0.81640625
vn 0.58984375 -0.78808594 -0.17651367
vn 0.55615234 -0.021331787 -0.8310547
vn 0.94384766 -0.17810059 -0.27734375
vn 0.9580078 -0.02293396 -0.28515625
vn 0.99853516 -0.019897461 -0.051635742
vn 0.9580078 -0.02293396 -0.28515625
vn 0.94384766 -0.17810059 -0.27734375
vn 0.9785156 -0.19519043 -0.06616211
vn 0.58984375 -0.78808594 -0.17651367
vn 0.57910156 -0.81396484 -0.048309326
vn -0.99121094 -0.043670654 -0.12512207
vn -0.9741211 -0.20251465 -0.10205078
vn -0.62353516 -0.27416992 -0.7319336
vn -0.6298828 -0.114868164 -0.7680664
vn -0.62841797 -0.08898926 -0.77246094
vn -0.9902344 -0.043762207 -0.13208008
vn 0.41967773 -0.25463867 -0.87109375
vn -0.6298828 -0.114868164 -0.7680664
vn 0.50097656 -0.1149292 -0.85791016
vn -0.62841797 -0.08898926 -0.77246094
vn 0.51904297 -0.08514404 -0.85058594
vn 0.15625 -0.82958984 -0.53564453
vn 0.19348145 -0.9082031 -0.37109375
vn -0.21264648 -0.8774414 -0.4296875
vn 0.30249023 -0.85302734 -0.42529297
vn 0.5151367 -0.7998047 -0.30786133
vn 0.5678711 -0.80566406 -0.16687012
vn 0.8564453 -0.27783203 -0.43530273
vn 0.5151367 -0.7998047 -0.30786133
vn 0.5605469 -0.8276367 -0.018112183
vn 0.97216797 -0.23327637 -0.01612854
vn 0.88623047 -0.08331299 -0.45532227
vn 0.99365234 -0.10070801 -0.04559326
vn 0.36938477 -0.057250977 -0.9277344
vn 0.3449707 -0.27539062 -0.89746094
vn 0.9873047 -0.13269043 -0.088134766
vn 0.88623047 -0.09637451 -0.45336914
vn 0.88623047 -0.08331299 -0.45532227
vn 0.37060547 -0.04824829 -0.9277344
vn 0.36938477 -0.057250977 -0.9277344
vn -0.6123047 -0.7294922 -0.30517578
vn 0.0050621033 -1 0.00079631805
vn -0.3269043 -0.74316406 -0.5839844
vn 0.3173828 -0.7739258 -0.54785156
vn 0.46264648 -0.875 -0.1430664
vn 0.43798828 -0.8984375 -0.036621094
vn 0.51416016 -0.07836914 -0.8540039
vn 0.36938477 -0.057250977 -0.9277344
vn 0.37060547 -0.04824829 -0.9277344
vn 0.5336914 -0.06378174 -0.8432617
vn 0.51416016 -0.07836914 -0.8540039
vn 0.5336914 -0.06378174 -0.8432617
vn 0.51904297 -0.08514404 -0.85058594
vn 0.50097656 -0.1149292 -0.85791016
vn 0.50097656 -0.1149292 -0.85791016
vn 0.41064453 -0.3017578 -0.86035156
vn 0.51416016 -0.07836914 -0.8540039
vn 0.41967773 -0.25463867 -0.87109375
vn 0.20056152 -0.77001953 -0.60595703
vn 0.19348145 -0.9082031 -0.37109375
vn 0.51416016 -0.07836914 -0.8540039
vn 0.41064453 -0.3017578 -0.86035156
vn 0.3449707 -0.27539062 -0.89746094
vn 0.36938477 -0.057250977 -0.9277344
vn -0.3269043 -0.74316406 -0.5839844
vn -0.8691406 -0.203125 -0.45043945
vn -0.6123047 -0.7294922 -0.30517578
vn -0.43554688 -0.22302246 -0.8720703
vn -0.50634766 -0.8178711 -0.27319336
vn 0.3173828 -0.7739258 -0.54785156
vn -0.21264648 -0.8774414 -0.4296875
vn 0.5361328 -0.28955078 -0.79296875
vn 0.46264648 -0.875 -0.1430664
vn 0.30249023 -0.85302734 -0.42529297
vn 0.88916016 -0.37475586 -0.26293945
vn 0.5678711 -0.80566406 -0.16687012
vn 0.20056152 -0.77001953 -0.60595703
vn 0.41967773 -0.25463867 -0.87109375
vn -0.62353516 -0.27416992 -0.7319336
vn -0.46289062 -0.7524414 -0.46875
vn -0.62353516 -0.27416992 -0.7319336
vn -0.9741211 -0.20251465 -0.10205078
vn -0.5722656 -0.81884766 -0.05130005
vn -0.46289062 -0.7524414 -0.46875
vn -0.46289062 -0.7524414 -0.46875
vn -0.5722656 -0.81884766 -0.05130005
vn -0.50634766 -0.8178711 -0.27319336
vn 0.20056152 -0.77001953 -0.60595703
vn -0.21264648 -0.8774414 -0.4296875
vn 0.91552734 -0.39746094 -0.0602417
vn 0.46264648 -0.875 -0.1430664
vn 0.43798828 -0.8984375 -0.036621094
vn 0.88916016 -0.37475586 -0.26293945
vn 0.65771484 -0.7524414 -0.033966064
vn 0.5678711 -0.80566406 -0.16687012
vn 0.5605469 -0.8276367 -0.018112183
vn 0.5151367 -0.7998047 -0.30786133
vn 0.15625 -0.82958984 -0.53564453
vn 0.41064453 -0.3017578 -0.86035156
vn 0.19348145 -0.9082031 -0.37109375
vn 0.3449707 -0.27539062 -0.89746094
vn 0.5151367 -0.7998047 -0.30786133
vn 0.8564453 -0.27783203 -0.43530273
vn -0.52685547 -0.44360352 -0.72509766
vn -0.19763184 -0.84814453 -0.49169922
vn 0.09887695 -0.828125 -0.55126953
vn 0.16210938 -0.27685547 -0.9472656
vn -0.5839844 -0.12695312 -0.8017578
vn 0.35668945 -0.8388672 -0.4111328
vn 0.16418457 -0.08135986 -0.98291016
vn -0.58984375 -0.080200195 -0.80371094
vn 0.6845703 -0.43139648 -0.5878906
vn 0.3881836 -0.92089844 -0.033050537
vn 0.87060547 -0.48291016 -0.09265137
vn 0.77490234 -0.125 -0.6196289
vn 0.984375 -0.12902832 -0.11779785
vn 0.9926758 -0.034454346 -0.11584473
vn 0.15563965 -0.055725098 -0.9863281
vn -0.5957031 -0.093688965 -0.7973633
vn 0.1472168 -0.08062744 -0.98583984
vn 0.7753906 -0.052093506 -0.62939453
vn 0.99316406 -0.033416748 -0.11138916
vn 0.7739258 -0.064208984 -0.6298828
vn 0.09887695 -0.828125 -0.55126953
vn -0.19763184 -0.84814453 -0.49169922
vn -0.38134766 -0.91748047 -0.11102295
vn 0.35668945 -0.8388672 -0.4111328
vn 0.3881836 -0.92089844 -0.033050537
vn -0.52685547 -0.44360352 -0.72509766
vn -0.38134766 -0.91748047 -0.11102295
vn -0.19763184 -0.84814453 -0.49169922
vn -0.84521484 -0.4724121 -0.25048828
vn -0.5839844 -0.12695312 -0.8017578
vn -0.94628906 -0.12841797 -0.296875
vn -0.58984375 -0.080200195 -0.80371094
vn -0.9477539 -0.07299805 -0.31103516
vn -0.5957031 -0.093688965 -0.7973633
vn -0.9477539 -0.06945801 -0.31152344
vn -0.52685547 -0.44360352 -0.72509766
vn -0.19763184 -0.84814453 -0.49169922
vn 0.09887695 -0.828125 -0.55126953
vn 0.16210938 -0.27685547 -0.9472656
vn -0.5839844 -0.12695312 -0.8017578
vn 0.35668945 -0.8388672 -0.4111328
vn 0.16418457 -0.08135986 -0.98291016
vn -0.58984375 -0.080200195 -0.80371094
vn 0.6845703 -0.43139648 -0.5878906
vn 0.3881836 -0.92089844 -0.033050537
vn 0.87060547 -0.48291016 -0.09265137
vn 0.77490234 -0.125 -0.6196289
vn 0.984375 -0.12902832 -0.11779785
vn 0.9926758 -0.034454346 -0.11584473
vn 0.15563965 -0.055725098 -0.9863281
vn -0.5957031 -0.093688965 -0.7973633
vn 0.1472168 -0.08062744 -0.98583984
vn 0.7753906 -0.052093506 -0.62939453
vn 0.99316406 -0.033416748 -0.11138916
vn 0.7739258 -0.064208984 -0.6298828
vn 0.09887695 -0.828125 -0.55126953
vn -0.19763184 -0.84814453 -0.49169922
vn -0.38134766 -0.91748047 -0.11102295
vn 0.35668945 -0.8388672 -0.4111328
vn 0.3881836 -0.92089844 -0.033050537
vn -0.52685547 -0.44360352 -0.72509766
vn -0.38134766 -0.91748047 -0.11102295
vn -0.19763184 -0.84814453 -0.49169922
vn -0.84521484 -0.4724121 -0.25048828
vn -0.5839844 -0.12695312 -0.8017578
vn -0.94628906 -0.12841797 -0.296875
vn -0.58984375 -0.080200195 -0.80371094
vn -0.9477539 -0.07299805 -0.31103516
vn -0.5957031 -0.093688965 -0.7973633
vn -0.9477539 -0.06945801 -0.31152344
vn -0.52685547 -0.44360352 -0.72509766
vn -0.19763184 -0.84814453 -0.49169922
vn 0.09887695 -0.828125 -0.55126953
vn 0.16210938 -0.27685547 -0.9472656
vn -0.5839844 -0.12695312 -0.8017578
vn 0.35668945 -0.8388672 -0.4111328
vn 0.16418457 -0.08135986 -0.98291016
vn -0.58984375 -0.080200195 -0.80371094
vn 0.6845703 -0.43139648 -0.5878906
vn 0.3881836 -0.92089844 -0.033050537
vn 0.87060547 -0.48291016 -0.09265137
vn 0.77490234 -0.125 -0.6196289
vn 0.984375 -0.12902832 -0.11779785
vn 0.9926758 -0.034454346 -0.11584473
vn 0.15563965 -0.055725098 -0.9863281
vn -0.5957031 -0.093688965 -0.7973633
vn 0.1472168 -0.08062744 -0.98583984
vn 0.7753906 -0.052093506 -0.62939453
vn 0.99316406 -0.033416748 -0.11138916
vn 0.7739258 -0.064208984 -0.6298828
vn 0.09887695 -0.828125 -0.55126953
vn -0.19763184 -0.84814453 -0.49169922
vn -0.38134766 -0.91748047 -0.11102295
vn 0.35668945 -0.8388672 -0.4111328
vn 0.3881836 -0.92089844 -0.033050537
vn -0.52685547 -0.44360352 -0.72509766
vn -0.38134766 -0.91748047 -0.11102295
vn -0.19763184 -0.84814453 -0.49169922
vn -0.84521484 -0.4724121 -0.25048828
vn -0.5839844 -0.12695312 -0.8017578
vn -0.94628906 -0.12841797 -0.296875
vn -0.58984375 -0.080200195 -0.80371094
vn -0.9477539 -0.07299805 -0.31103516
vn -0.5957031 -0.093688965 -0.7973633
vn -0.9477539 -0.06945801 -0.31152344
vn -0.52685547 -0.44360352 -0.72509766
vn -0.19763184 -0.84814453 -0.49169922
vn 0.09887695 -0.828125 -0.55126953
vn 0.16210938 -0.27685547 -0.9472656
vn -0.5839844 -0.12695312 -0.8017578
vn 0.35668945 -0.8388672 -0.4111328
vn 0.16418457 -0.08135986 -0.98291016
vn -0.5917969 -0.056274414 -0.8041992
vn 0.6845703 -0.43139648 -0.5878906
vn 0.3881836 -0.92089844 -0.033050537
vn 0.87060547 -0.48291016 -0.09265137
vn 0.77490234 -0.125 -0.6196289
vn 0.984375 -0.12902832 -0.11779785
vn 0.9926758 -0.026123047 -0.11590576
vn 0.15478516 -0.035614014 -0.9873047
vn -0.5961914 -0.04714966 -0.80126953
vn 0.14880371 -0.040527344 -0.98779297
vn 0.77490234 -0.035980225 -0.6308594
vn 0.99365234 -0.016784668 -0.11138916
vn 0.77685547 -0.032196045 -0.62890625
vn 0.09887695 -0.828125 -0.55126953
vn -0.19763184 -0.84814453 -0.49169922
vn -0.38134766 -0.91748047 -0.11102295
vn 0.35668945 -0.8388672 -0.4111328
vn 0.3881836 -0.92089844 -0.033050537
vn -0.52685547 -0.44360352 -0.72509766
vn -0.38134766 -0.91748047 -0.11102295
vn -0.19763184 -0.84814453 -0.49169922
vn -0.84521484 -0.4724121 -0.25048828
vn -0.5839844 -0.12695312 -0.8017578
vn -0.94628906 -0.12841797 -0.296875
vn -0.5917969 -0.056274414 -0.8041992
vn -0.94873047 -0.05545044 -0.31152344
vn -0.5961914 -0.04714966 -0.80126953
vn -0.94921875 -0.03488159 -0.3125
vn -0.99072266 -0.05090332 -0.12512207
vn -0.9711914 -0.21569824 -0.101745605
vn -0.62939453 -0.31396484 -0.7109375
vn -0.6176758 -0.14233398 -0.7734375
vn -0.63427734 -0.059387207 -0.7705078
vn -0.99072266 -0.031799316 -0.13220215
vn 0.41674805 -0.29858398 -0.85839844
vn -0.6176758 -0.14233398 -0.7734375
vn 0.4963379 -0.14233398 -0.8564453
vn -0.63427734 -0.059387207 -0.7705078
vn 0.52246094 -0.052581787 -0.8510742
vn 0.24707031 -0.8208008 -0.5151367
vn 0.19348145 -0.9082031 -0.37109375
vn -0.19018555 -0.89697266 -0.39941406
vn 0.27490234 -0.8911133 -0.36083984
vn 0.5449219 -0.81640625 -0.19116211
vn 0.49291992 -0.85839844 -0.14135742
vn 0.9082031 -0.30249023 -0.2890625
vn 0.5449219 -0.81640625 -0.19116211
vn 0.5620117 -0.82714844 -0.0181427
vn 0.9667969 -0.2553711 -0.015701294
vn 0.95458984 -0.11553955 -0.2746582
vn 0.9926758 -0.11755371 0.032318115
vn 0.49536133 -0.095458984 -0.86328125
vn 0.48999023 -0.31640625 -0.8125
vn 0.9902344 -0.12207031 0.06689453
vn 0.95947266 -0.11376953 -0.25708008
vn 0.95458984 -0.11553955 -0.2746582
vn 0.50439453 -0.07110596 -0.86035156
vn 0.49536133 -0.095458984 -0.86328125
vn -0.6123047 -0.7294922 -0.30517578
vn 0.0050621033 -1 0.00079631805
vn -0.3269043 -0.74316406 -0.5839844
vn 0.3173828 -0.7739258 -0.54785156
vn 0.46264648 -0.875 -0.1430664
vn 0.43798828 -0.8984375 -0.036621094
vn 0.50927734 -0.09790039 -0.85498047
vn 0.49536133 -0.095458984 -0.86328125
vn 0.50439453 -0.07110596 -0.86035156
vn 0.53222656 -0.04046631 -0.8457031
vn 0.50927734 -0.09790039 -0.85498047
vn 0.53222656 -0.04046631 -0.8457031
vn 0.52246094 -0.052581787 -0.8510742
vn 0.4963379 -0.14233398 -0.8564453
vn 0.4963379 -0.14233398 -0.8564453
vn 0.40771484 -0.32861328 -0.8520508
vn 0.50927734 -0.09790039 -0.85498047
vn 0.41674805 -0.29858398 -0.85839844
vn 0.20056152 -0.77001953 -0.60595703
vn 0.19348145 -0.9082031 -0.37109375
vn 0.50927734 -0.09790039 -0.85498047
vn 0.40771484 -0.32861328 -0.8520508
vn 0.48999023 -0.31640625 -0.8125
vn 0.49536133 -0.095458984 -0.86328125
vn -0.3269043 -0.74316406 -0.5839844
vn -0.86083984 -0.2442627 -0.44628906
vn -0.6123047 -0.7294922 -0.30517578
vn -0.4362793 -0.27734375 -0.85595703
vn -0.47583008 -0.8413086 -0.25683594
vn 0.3173828 -0.7739258 -0.54785156
vn -0.19018555 -0.89697266 -0.39941406
vn 0.50146484 -0.36938477 -0.78222656
vn 0.46264648 -0.875 -0.1430664
vn 0.27490234 -0.8911133 -0.36083984
vn 0.8457031 -0.47045898 -0.25195312
vn 0.49291992 -0.85839844 -0.14135742
vn 0.20056152 -0.77001953 -0.60595703
vn 0.41674805 -0.29858398 -0.85839844
vn -0.62939453 -0.31396484 -0.7109375
vn -0.46289062 -0.7524414 -0.46875
vn -0.62939453 -0.31396484 -0.7109375
vn -0.9711914 -0.21569824 -0.101745605
vn -0.5722656 -0.81884766 -0.05130005
vn -0.46289062 -0.7524414 -0.46875
vn -0.46289062 -0.7524414 -0.46875
vn -0.5722656 -0.81884766 -0.05130005
vn -0.47583008 -0.8413086 -0.25683594
vn 0.20056152 -0.77001953 -0.60595703
vn -0.19018555 -0.89697266 -0.39941406
vn 0.5854492 -0.8100586 -0.030181885
vn 0.8457031 -0.47045898 -0.25195312
vn 0.87353516 -0.4831543 -0.057678223
vn 0.49291992 -0.85839844 -0.14135742
vn 0.5620117 -0.82714844 -0.0181427
vn 0.5449219 -0.81640625 -0.19116211
vn 0.87353516 -0.4831543 -0.057678223
vn 0.8457031 -0.47045898 -0.25195312
vn 0.46264648 -0.875 -0.1430664
vn 0.43798828 -0.8984375 -0.036621094
vn 0.24707031 -0.8208008 -0.5151367
vn 0.40771484 -0.32861328 -0.8520508
vn 0.19348145 -0.9082031 -0.37109375
vn 0.48999023 -0.31640625 -0.8125
vn 0.5449219 -0.81640625 -0.19116211
vn 0.9082031 -0.30249023 -0.2890625
vn -0.5839844 -0.41455078 -0.6977539
vn -0.20043945 -0.8515625 -0.484375
vn 0.09136963 -0.82666016 -0.55566406
vn 0.15234375 -0.27929688 -0.9482422
vn -0.6035156 -0.07141113 -0.7944336
vn 0.3569336 -0.8388672 -0.4111328
vn 0.16052246 -0.08190918 -0.98339844
vn -0.61865234 -0.032073975 -0.78466797
vn 0.6845703 -0.43139648 -0.5878906
vn 0.3876953 -0.9213867 -0.033050537
vn 0.87060547 -0.48291016 -0.09265137
vn 0.77490234 -0.125 -0.6196289
vn 0.984375 -0.12902832 -0.11779785
vn 0.99316406 -0.023147583 -0.11590576
vn 0.15563965 -0.032409668 -0.9873047
vn -0.6201172 -0.031677246 -0.7836914
vn 0.15161133 -0.034088135 -0.98779297
vn 0.77490234 -0.03225708 -0.6308594
vn 0.99365234 -0.010826111 -0.11138916
vn 0.77685547 -0.024871826 -0.62890625
vn 0.09136963 -0.82666016 -0.55566406
vn -0.20043945 -0.8515625 -0.484375
vn -0.36669922 -0.92578125 -0.09307861
vn 0.3569336 -0.8388672 -0.4111328
vn 0.3876953 -0.9213867 -0.033050537
vn -0.5839844 -0.41455078 -0.6977539
vn -0.36669922 -0.92578125 -0.09307861
vn -0.20043945 -0.8515625 -0.484375
vn -0.87646484 -0.42700195 -0.22216797
vn -0.6035156 -0.07141113 -0.7944336
vn -0.96875 -0.03564453 -0.24511719
vn -0.61865234 -0.032073975 -0.78466797
vn -0.97021484 -0.018157959 -0.24230957
vn -0.6201172 -0.031677246 -0.7836914
vn -0.9711914 -0.0140686035 -0.23864746
vn -0.52685547 -0.44360352 -0.72509766
vn -0.19763184 -0.84814453 -0.49169922
vn 0.09887695 -0.828125 -0.55126953
vn 0.16210938 -0.27685547 -0.9472656
vn -0.5839844 -0.12695312 -0.8017578
vn 0.35668945 -0.8388672 -0.4111328
vn 0.16418457 -0.08135986 -0.98291016
vn -0.59228516 -0.047790527 -0.8041992
vn 0.6845703 -0.43139648 -0.5878906
vn 0.3881836 -0.92089844 -0.033050537
vn 0.87060547 -0.48291016 -0.09265137
vn 0.77490234 -0.125 -0.6196289
vn 0.984375 -0.12902832 -0.11779785
vn 0.99316406 -0.023147583 -0.11590576
vn 0.15441895 -0.028396606 -0.98779297
vn -0.5961914 -0.03036499 -0.8022461
vn 0.14941406 -0.026107788 -0.98828125
vn 0.77490234 -0.030197144 -0.63183594
vn 0.99365234 -0.010803223 -0.11138916
vn 0.77783203 -0.020736694 -0.6279297
vn 0.09887695 -0.828125 -0.55126953
vn -0.19763184 -0.84814453 -0.49169922
vn -0.38134766 -0.91748047 -0.11102295
vn 0.35668945 -0.8388672 -0.4111328
vn 0.3881836 -0.92089844 -0.033050537
vn -0.52685547 -0.44360352 -0.72509766
vn -0.38134766 -0.91748047 -0.11102295
vn -0.19763184 -0.84814453 -0.49169922
vn -0.84521484 -0.4724121 -0.25048828
vn -0.5839844 -0.12695312 -0.8017578
vn -0.94628906 -0.12841797 -0.296875
vn -0.59228516 -0.047790527 -0.8041992
vn -0.94873047 -0.04916382 -0.31176758
vn -0.5961914 -0.03036499 -0.8022461
vn -0.94970703 -0.022445679 -0.31274414
vn -0.52685547 -0.44360352 -0.72509766
vn -0.19763184 -0.84814453 -0.49169922
vn 0.09887695 -0.828125 -0.55126953
vn 0.16210938 -0.27685547 -0.9472656
vn -0.5839844 -0.12695312 -0.8017578
vn 0.35668945 -0.8388672 -0.4111328
vn 0.16418457 -0.08135986 -0.98291016
vn -0.59228516 -0.047790527 -0.8041992
vn 0.6845703 -0.43139648 -0.5878906
vn 0.3881836 -0.92089844 -0.033050537
vn 0.87060547 -0.48291016 -0.09265137
vn 0.77490234 -0.125 -0.6196289
vn 0.984375 -0.12902832 -0.11779785
vn 0.99316406 -0.023147583 -0.11590576
vn 0.15441895 -0.028396606 -0.98779297
vn -0.5961914 -0.03036499 -0.8022461
vn 0.14941406 -0.026107788 -0.98828125
vn 0.77490234 -0.030197144 -0.63183594
vn 0.99365234 -0.010803223 -0.11138916
vn 0.77783203 -0.020736694 -0.6279297
vn 0.09887695 -0.828125 -0.55126953
vn -0.19763184 -0.84814453 -0.49169922
vn -0.38134766 -0.91748047 -0.11102295
vn 0.35668945 -0.8388672 -0.4111328
vn 0.3881836 -0.92089844 -0.033050537
vn -0.52685547 -0.44360352 -0.72509766
vn -0.38134766 -0.91748047 -0.11102295
vn -0.19763184 -0.84814453 -0.49169922
vn -0.84521484 -0.4724121 -0.25048828
vn -0.5839844 -0.12695312 -0.8017578
vn -0.94628906 -0.12841797 -0.296875
vn -0.59228516 -0.047790527 -0.8041992
vn -0.94873047 -0.04916382 -0.31176758
vn -0.5961914 -0.03036499 -0.8022461
vn -0.94970703 -0.022445679 -0.31274414
vn -0.52685547 -0.44360352 -0.72509766
vn -0.19763184 -0.84814453 -0.49169922
vn 0.09887695 -0.828125 -0.55126953
vn 0.16210938 -0.27685547 -0.9472656
vn -0.5839844 -0.12695312 -0.8017578
vn 0.35668945 -0.8388672 -0.4111328
vn 0.16418457 -0.08135986 -0.98291016
vn -0.59228516 -0.047790527 -0.8041992
vn 0.6845703 -0.43139648 -0.5878906
vn 0.3881836 -0.92089844 -0.033050537
vn 0.87060547 -0.48291016 -0.09265137
vn 0.77490234 -0.125 -0.6196289
vn 0.984375 -0.12902832 -0.11779785
vn 0.99316406 -0.023147583 -0.11590576
vn 0.15441895 -0.028396606 -0.98779297
vn -0.5961914 -0.03036499 -0.8022461
vn 0.14941406 -0.026107788 -0.98828125
vn 0.77490234 -0.030197144 -0.63183594
vn 0.99365234 -0.010803223 -0.11138916
vn 0.77783203 -0.020736694 -0.6279297
vn 0.09887695 -0.828125 -0.55126953
vn -0.19763184 -0.84814453 -0.49169922
vn -0.38134766 -0.91748047 -0.11102295
vn 0.35668945 -0.8388672 -0.4111328
vn 0.3881836 -0.92089844 -0.033050537
vn -0.52685547 -0.44360352 -0.72509766
vn -0.38134766 -0.91748047 -0.11102295
vn -0.19763184 -0.84814453 -0.49169922
vn -0.84521484 -0.4724121 -0.25048828
vn -0.5839844 -0.12695312 -0.8017578
vn -0.94628906 -0.12841797 -0.296875
vn -0.59228516 -0.047790527 -0.8041992
vn -0.94873047 -0.04916382 -0.31176758
vn -0.5961914 -0.03036499 -0.8022461
vn -0.94970703 -0.022445679 -0.31274414
vn 0.99316406 0.064086914 -0.099975586
vn 0.9736328 0.21496582 -0.07904053
vn 0.62939453 0.2919922 -0.72021484
vn 0.6323242 0.13647461 -0.7626953
vn 0.63964844 0.10449219 -0.76123047
vn 0.9916992 0.06951904 -0.107055664
vn -0.6225586 0.27001953 -0.7348633
vn 0.6323242 0.13647461 -0.7626953
vn -0.6269531 0.109191895 -0.7714844
vn 0.63964844 0.10449219 -0.76123047
vn -0.61376953 0.064575195 -0.7866211
vn -0.25708008 0.8178711 -0.5151367
vn -0.23303223 0.94140625 -0.24401855
vn 0.17919922 0.8989258 -0.39941406
vn -0.28588867 0.8876953 -0.36083984
vn -0.5546875 0.8095703 -0.19116211
vn -0.50341797 0.85253906 -0.14135742
vn -0.9169922 0.27441406 -0.28930664
vn -0.5546875 0.8095703 -0.19116211
vn -0.57177734 0.8203125 -0.0181427
vn -0.9736328 0.2265625 -0.016036987
vn -0.95458984 0.10998535 -0.27734375
vn -0.99316406 0.1138916 0.031951904
vn -0.49414062 0.0869751 -0.8652344
vn -0.49731445 0.2919922 -0.81689453
vn -0.9848633 0.16064453 0.066589355
vn -0.9560547 0.14941406 -0.25195312
vn -0.95458984 0.10998535 -0.27734375
vn -0.5078125 0.09625244 -0.85595703
vn -0.49414062 0.0869751 -0.8652344
vn 0.60302734 0.7368164 -0.30517578
vn -0.017333984 1 0.0007967949
vn 0.3178711 0.7470703 -0.5839844
vn -0.3269043 0.77001953 -0.54785156
vn -0.47338867 0.8691406 -0.1430664
vn -0.4489746 0.8930664 -0.036621094
vn -0.6381836 0.06719971 -0.76708984
vn -0.49414062 0.0869751 -0.8652344
vn -0.5078125 0.09625244 -0.85595703
vn -0.63623047 0.04385376 -0.7705078
vn -0.6381836 0.06719971 -0.76708984
vn -0.63623047 0.04385376 -0.7705078
vn -0.61376953 0.064575195 -0.7866211
vn -0.6269531 0.109191895 -0.7714844
vn -0.6269531 0.109191895 -0.7714844
vn -0.59814453 0.33422852 -0.7285156
vn -0.6381836 0.06719971 -0.76708984
vn -0.6225586 0.27001953 -0.7348633
vn -0.38598633 0.74316406 -0.546875
vn -0.23303223 0.94140625 -0.24401855
vn -0.6381836 0.06719971 -0.76708984
vn -0.59814453 0.33422852 -0.7285156
vn -0.49731445 0.2919922 -0.81689453
vn -0.49414062 0.0869751 -0.8652344
vn 0.3178711 0.7470703 -0.5839844
vn 0.85791016 0.2548828 -0.44628906
vn 0.60302734 0.7368164 -0.30517578
vn 0.43286133 0.28271484 -0.85595703
vn 0.46533203 0.84716797 -0.25683594
vn -0.3269043 0.77001953 -0.54785156
vn 0.17919922 0.8989258 -0.39941406
vn -0.5058594 0.36328125 -0.78222656
vn -0.47338867 0.8691406 -0.1430664
vn -0.28588867 0.8876953 -0.36083984
vn -0.8515625 0.46020508 -0.25195312
vn -0.50341797 0.85253906 -0.14135742
vn -0.38598633 0.74316406 -0.546875
vn -0.6225586 0.27001953 -0.7348633
vn 0.62939453 0.2919922 -0.72021484
vn 0.45947266 0.7583008 -0.46240234
vn 0.62939453 0.2919922 -0.72021484
vn 0.9736328 0.21496582 -0.07904053
vn 0.5595703 0.8276367 -0.038726807
vn 0.45947266 0.7583008 -0.46240234
vn 0.45947266 0.7583008 -0.46240234
vn 0.5595703 0.8276367 -0.038726807
vn 0.46533203 0.84716797 -0.25683594
vn -0.38598633 0.74316406 -0.546875
vn 0.17919922 0.8989258 -0.39941406
vn -0.87939453 0.4724121 -0.057678223
vn -0.47338867 0.8691406 -0.1430664
vn -0.4489746 0.8930664 -0.036621094
vn -0.8515625 0.46020508 -0.25195312
vn -0.5957031 0.8027344 -0.030181885
vn -0.50341797 0.85253906 -0.14135742
vn -0.57177734 0.8203125 -0.0181427
vn -0.5546875 0.8095703 -0.19116211
vn -0.25708008 0.8178711 -0.5151367
vn -0.59814453 0.33422852 -0.7285156
vn -0.23303223 0.94140625 -0.24401855
vn -0.49731445 0.2919922 -0.81689453
vn -0.5546875 0.8095703 -0.19116211
vn -0.9169922 0.27441406 -0.28930664
vn 0.5288086 0.44140625 -0.72509766
vn 0.2010498 0.84716797 -0.49169922
vn -0.095458984 0.8286133 -0.55126953
vn -0.16101074 0.27734375 -0.9472656
vn 0.58496094 0.124572754 -0.8017578
vn -0.35327148 0.84033203 -0.4111328
vn -0.16381836 0.08203125 -0.98291016
vn 0.5917969 0.053833008 -0.8041992
vn -0.6826172 0.43432617 -0.5878906
vn -0.38452148 0.9223633 -0.033050537
vn -0.86865234 0.48657227 -0.09265137
vn -0.77441406 0.12817383 -0.6196289
vn -0.9838867 0.13305664 -0.11779785
vn -0.9926758 0.030197144 -0.11590576
vn -0.15454102 0.036254883 -0.9873047
vn 0.5966797 0.044708252 -0.80126953
vn -0.14868164 0.041137695 -0.98779297
vn -0.77490234 0.039154053 -0.6308594
vn -0.99365234 0.020843506 -0.11138916
vn -0.77685547 0.03540039 -0.62890625
vn -0.095458984 0.8286133 -0.55126953
vn 0.2010498 0.84716797 -0.49169922
vn 0.3852539 0.9160156 -0.11102295
vn -0.35327148 0.84033203 -0.4111328
vn -0.38452148 0.9223633 -0.033050537
vn 0.5288086 0.44140625 -0.72509766
vn 0.3852539 0.9160156 -0.11102295
vn 0.2010498 0.84716797 -0.49169922
vn 0.84716797 0.46899414 -0.25048828
vn 0.58496094 0.124572754 -0.8017578
vn 0.94677734 0.124572754 -0.296875
vn 0.5917969 0.053833008 -0.8041992
vn 0.94873047 0.05154419 -0.31152344
vn 0.5966797 0.044708252 -0.80126953
vn 0.94921875 0.030975342 -0.3125
vn 0.41918945 0.43554688 -0.7963867
vn 0.1854248 0.859375 -0.47680664
vn -0.23425293 0.8540039 -0.46435547
vn -0.3984375 0.33154297 -0.85546875
vn 0.45043945 0.14294434 -0.88134766
vn -0.4951172 0.8383789 -0.22814941
vn -0.40942383 0.13000488 -0.90283203
vn 0.4597168 0.076538086 -0.8847656
vn -0.40551758 0.06951904 -0.9116211
vn -0.8442383 0.39282227 -0.36450195
vn -0.4555664 0.8823242 0.1182251
vn -0.9121094 0.38623047 0.13684082
vn -0.9116211 0.12695312 -0.39086914
vn -0.9145508 0.053009033 -0.40112305
vn -0.98828125 0.0949707 0.11798096
vn -0.99316406 0.024917603 0.112976074
vn 0.9145508 0.09466553 -0.39331055
vn 0.4597168 0.076538086 -0.8847656
vn 0.91259766 0.05001831 -0.40600586
vn 0.45043945 0.14294434 -0.88134766
vn 0.85498047 0.39575195 -0.33496094
vn 0.41918945 0.43554688 -0.7963867
vn 0.43774414 0.890625 -0.122924805
vn 0.1854248 0.859375 -0.47680664
vn -0.23425293 0.8540039 -0.46435547
vn 0.1854248 0.859375 -0.47680664
vn 0.43774414 0.890625 -0.122924805
vn -0.4951172 0.8383789 -0.22814941
vn -0.4555664 0.8823242 0.1182251
vn 0.70996094 0.39990234 -0.57958984
vn 0.39282227 0.8623047 -0.31958008
vn -0.060516357 0.8144531 -0.57666016
vn -0.10217285 0.37402344 -0.921875
vn 0.74902344 0.11022949 -0.6533203
vn -0.47924805 0.82666016 -0.29541016
vn -0.1307373 0.12536621 -0.98339844
vn 0.7504883 0.038330078 -0.66015625
vn -0.13867188 0.041992188 -0.9892578
vn -0.80566406 0.37158203 -0.46118164
vn -0.46435547 0.8847656 -0.042236328
vn -0.9140625 0.39819336 -0.07519531
vn -0.86376953 0.10888672 -0.49194336
vn -0.8691406 0.027267456 -0.49365234
vn -0.9921875 0.09338379 -0.08441162
vn -0.99658203 0.014053345 -0.084106445
vn 0.97314453 0.086120605 -0.21325684
vn 0.7504883 0.038330078 -0.66015625
vn 0.9746094 0.028274536 -0.22302246
vn 0.74902344 0.11022949 -0.6533203
vn 0.8925781 0.4099121 -0.18859863
vn 0.70996094 0.39990234 -0.57958984
vn 0.43115234 0.89697266 -0.0993042
vn 0.39282227 0.8623047 -0.31958008
vn -0.47924805 0.82666016 -0.29541016
vn -0.060516357 0.8144531 -0.57666016
vn 0.39282227 0.8623047 -0.31958008
vn 0.43115234 0.89697266 -0.0993042
vn -0.46435547 0.8847656 -0.042236328
vn 0.56640625 0.43554688 -0.69970703
vn 0.27490234 0.859375 -0.43139648
vn -0.13928223 0.8540039 -0.50097656
vn -0.22399902 0.33154297 -0.9165039
vn 0.6142578 0.15515137 -0.7739258
vn -0.4411621 0.8383789 -0.3203125
vn -0.22570801 0.14099121 -0.9638672
vn 0.6298828 0.09448242 -0.7709961
vn -0.75683594 0.39282227 -0.52197266
vn -0.46972656 0.8823242 0.027160645
vn -0.9213867 0.38623047 -0.043670654
vn -0.81884766 0.13549805 -0.55810547
vn -0.9921875 0.0993042 -0.07678223
vn -0.99658203 0.026184082 -0.07965088
vn -0.2130127 0.09667969 -0.97216797
vn 0.63378906 0.08874512 -0.7685547
vn -0.20483398 0.10168457 -0.9736328
vn -0.8222656 0.06732178 -0.5654297
vn -0.9970703 0.019424438 -0.0769043
vn -0.8232422 0.06506348 -0.56347656
vn -0.13928223 0.8540039 -0.50097656
vn 0.27490234 0.859375 -0.43139648
vn 0.45336914 0.890625 -0.035186768
vn -0.4411621 0.8383789 -0.3203125
vn -0.46972656 0.8823242 0.027160645
vn 0.56640625 0.43554688 -0.69970703
vn 0.45336914 0.890625 -0.035186768
vn 0.27490234 0.859375 -0.43139648
vn 0.9038086 0.39575195 -0.16186523
vn 0.6142578 0.15515137 -0.7739258
vn 0.97314453 0.10296631 -0.20654297
vn 0.6298828 0.09448242 -0.7709961
vn 0.9741211 0.050872803 -0.22033691
vn 0.63378906 0.08874512 -0.7685547
vn 0.9746094 0.036102295 -0.22180176
vn 0.56640625 0.43554688 -0.69970703
vn 0.27490234 0.859375 -0.43139648
vn -0.13928223 0.8540039 -0.50097656
vn -0.22399902 0.33154297 -0.9165039
vn 0.6142578 0.15515137 -0.7739258
vn -0.4411621 0.8383789 -0.3203125
vn -0.22570801 0.14099121 -0.9638672
vn 0.6298828 0.09448242 -0.7709961
vn -0.75683594 0.39282227 -0.52197266
vn -0.46972656 0.8823242 0.027160645
vn -0.9213867 0.38623047 -0.043670654
vn -0.81884766 0.13549805 -0.55810547
vn -0.9921875 0.0993042 -0.07678223
vn -0.99658203 0.026184082 -0.07965088
vn -0.2130127 0.09667969 -0.97216797
vn 0.63378906 0.08874512 -0.7685547
vn -0.20483398 0.10168457 -0.9736328
vn -0.8222656 0.06732178 -0.5654297
vn -0.9970703 0.019424438 -0.0769043
vn -0.8232422 0.06506348 -0.56347656
vn -0.13928223 0.8540039 -0.50097656
vn 0.27490234 0.859375 -0.43139648
vn 0.45336914 0.890625 -0.035186768
vn -0.4411621 0.8383789 -0.3203125
vn -0.46972656 0.8823242 0.027160645
vn 0.56640625 0.43554688 -0.69970703
vn 0.45336914 0.890625 -0.035186768
vn 0.27490234 0.859375 -0.43139648
vn 0.9038086 0.39575195 -0.16186523
vn 0.6142578 0.15515137 -0.7739258
vn 0.97314453 0.10296631 -0.20654297
vn 0.6298828 0.09448242 -0.7709961
vn 0.9741211 0.050872803 -0.22033691
vn 0.63378906 0.08874512 -0.7685547
vn 0.9746094 0.036102295 -0.22180176
vn 0.48535156 0.43554688 -0.7578125
vn 0.2253418 0.859375 -0.45922852
vn -0.19396973 0.8540039 -0.48266602
vn -0.32421875 0.33154297 -0.88623047
vn 0.52441406 0.15515137 -0.83691406
vn -0.47387695 0.8383789 -0.26953125
vn -0.3310547 0.14099121 -0.93310547
vn 0.5444336 0.119140625 -0.8305664
vn -0.8100586 0.39282227 -0.4350586
vn -0.4638672 0.8823242 0.07904053
vn -0.92041016 0.38623047 0.058746338
vn -0.8754883 0.13549805 -0.4638672
vn -0.9946289 0.0993042 0.033691406
vn -0.99902344 0.031585693 0.031585693
vn -0.3203125 0.12487793 -0.93896484
vn 0.53466797 0.1385498 -0.8334961
vn -0.3083496 0.15771484 -0.9379883
vn -0.88183594 0.08477783 -0.4638672
vn -0.99902344 0.030227661 0.034729004
vn -0.87353516 0.10229492 -0.47558594
vn -0.19396973 0.8540039 -0.48266602
vn 0.2253418 0.859375 -0.45922852
vn 0.44677734 0.890625 -0.08520508
vn -0.47387695 0.8383789 -0.26953125
vn -0.4638672 0.8823242 0.07904053
vn 0.48535156 0.43554688 -0.7578125
vn 0.44677734 0.890625 -0.08520508
vn 0.2253418 0.859375 -0.45922852
vn 0.8803711 0.39575195 -0.26098633
vn 0.52441406 0.15515137 -0.83691406
vn 0.94433594 0.10296631 -0.31323242
vn 0.5444336 0.119140625 -0.8305664
vn 0.9433594 0.061035156 -0.32617188
vn 0.53466797 0.1385498 -0.8334961
vn 0.9433594 0.056152344 -0.3269043
vn -0.5839844 -0.41455078 -0.6977539
vn -0.20043945 -0.8515625 -0.484375
vn 0.09136963 -0.82666016 -0.55566406
vn 0.15234375 -0.27929688 -0.9482422
vn -0.6035156 -0.07141113 -0.7944336
vn 0.3569336 -0.8388672 -0.4111328
vn 0.16052246 -0.08190918 -0.98339844
vn -0.61865234 -0.032073975 -0.78466797
vn 0.6845703 -0.43139648 -0.5878906
vn 0.3876953 -0.9213867 -0.033050537
vn 0.87060547 -0.48291016 -0.09265137
vn 0.77490234 -0.125 -0.6196289
vn 0.984375 -0.12902832 -0.11779785
vn 0.99316406 -0.023147583 -0.11590576
vn 0.15563965 -0.032409668 -0.9873047
vn -0.6201172 -0.031677246 -0.7836914
vn 0.15161133 -0.034057617 -0.98779297
vn 0.77490234 -0.03225708 -0.6308594
vn 0.99365234 -0.010826111 -0.11138916
vn 0.77685547 -0.024871826 -0.62890625
vn 0.09136963 -0.82666016 -0.55566406
vn -0.20043945 -0.8515625 -0.484375
vn -0.36669922 -0.92578125 -0.09307861
vn 0.3569336 -0.8388672 -0.4111328
vn 0.3876953 -0.9213867 -0.033050537
vn -0.5839844 -0.41455078 -0.6977539
vn -0.36669922 -0.92578125 -0.09307861
vn -0.20043945 -0.8515625 -0.484375
vn -0.87646484 -0.42700195 -0.22216797
vn -0.6035156 -0.07141113 -0.7944336
vn -0.96875 -0.03564453 -0.24511719
vn -0.61865234 -0.032073975 -0.78466797
vn -0.97021484 -0.018157959 -0.24230957
vn -0.6201172 -0.031677246 -0.7836914
vn -0.9711914 -0.0140686035 -0.23864746
vn 0.7788086 0.43554688 -0.45117188
vn 0.41088867 0.859375 -0.30493164
vn 0.048858643 0.8540039 -0.5175781
vn 0.11804199 0.33154297 -0.93603516
vn 0.85058594 0.13781738 -0.5073242
vn -0.29760742 0.8383789 -0.4567871
vn 0.13439941 0.12524414 -0.98291016
vn 0.8613281 0.06616211 -0.50390625
vn 0.14208984 0.06011963 -0.98779297
vn -0.5205078 0.39282227 -0.7578125
vn -0.44848633 0.8823242 -0.14233398
vn -0.84521484 0.38623047 -0.36987305
vn -0.5629883 0.123413086 -0.8173828
vn -0.5620117 0.04574585 -0.8256836
vn -0.89990234 0.09313965 -0.42651367
vn -0.9008789 0.021530151 -0.4333496
vn 0.9838867 0.09112549 0.15368652
vn 0.8613281 0.06616211 -0.50390625
vn 0.98876953 0.04324341 0.14160156
vn 0.85058594 0.13781738 -0.5073242
vn 0.90234375 0.39575195 0.17150879
vn 0.7788086 0.43554688 -0.45117188
vn 0.43603516 0.890625 0.12902832
vn 0.41088867 0.859375 -0.30493164
vn -0.29760742 0.8383789 -0.4567871
vn 0.048858643 0.8540039 -0.5175781
vn 0.41088867 0.859375 -0.30493164
vn -0.44848633 0.8823242 -0.14233398
vn 0.43603516 0.890625 0.12902832
vn -0.99121094 -0.037353516 -0.12524414
vn -0.9736328 -0.2052002 -0.101989746
vn -0.625 -0.28295898 -0.72753906
vn -0.6254883 -0.1038208 -0.7734375
vn -0.6357422 -0.04827881 -0.7705078
vn -0.99072266 -0.025863647 -0.13220215
vn 0.4189453 -0.26464844 -0.86865234
vn -0.6254883 -0.1038208 -0.7734375
vn 0.4987793 -0.1038208 -0.86035156
vn -0.6357422 -0.04827881 -0.7705078
vn 0.5239258 -0.04269409 -0.85058594
vn 0.24707031 -0.8208008 -0.5151367
vn 0.19348145 -0.9082031 -0.37109375
vn -0.19018555 -0.89697266 -0.39941406
vn 0.27490234 -0.8911133 -0.36083984
vn 0.5449219 -0.81640625 -0.19116211
vn 0.49291992 -0.85839844 -0.14135742
vn 0.9135742 -0.28564453 -0.28930664
vn 0.5449219 -0.81640625 -0.19116211
vn 0.5620117 -0.82714844 -0.0181427
vn 0.9711914 -0.23852539 -0.016036987
vn 0.95703125 -0.087402344 -0.2758789
vn 0.99560547 -0.0892334 0.032104492
vn 0.4970703 -0.07098389 -0.8647461
vn 0.49389648 -0.2980957 -0.81689453
vn 0.9926758 -0.09942627 0.06695557
vn 0.9614258 -0.09259033 -0.2590332
vn 0.95703125 -0.087402344 -0.2758789
vn 0.5029297 -0.057678223 -0.8623047
vn 0.4970703 -0.07098389 -0.8647461
vn -0.6123047 -0.7294922 -0.30517578
vn 0.0050621033 -1 0.0007958412
vn -0.3269043 -0.74316406 -0.5839844
vn 0.3173828 -0.7739258 -0.54785156
vn 0.46264648 -0.875 -0.1430664
vn 0.43798828 -0.8984375 -0.036621094
vn 0.5107422 -0.070373535 -0.8569336
vn 0.4970703 -0.07098389 -0.8647461
vn 0.5029297 -0.057678223 -0.8623047
vn 0.53271484 -0.03286743 -0.8457031
vn 0.5107422 -0.070373535 -0.8569336
vn 0.53271484 -0.03286743 -0.8457031
vn 0.5239258 -0.04269409 -0.85058594
vn 0.4987793 -0.1038208 -0.86035156
vn 0.4987793 -0.1038208 -0.86035156
vn 0.41015625 -0.30810547 -0.85839844
vn 0.5107422 -0.070373535 -0.8569336
vn 0.4189453 -0.26464844 -0.86865234
vn 0.20056152 -0.77001953 -0.60595703
vn 0.19348145 -0.9082031 -0.37109375
vn 0.5107422 -0.070373535 -0.8569336
vn 0.41015625 -0.30810547 -0.85839844
vn 0.49389648 -0.2980957 -0.81689453
vn 0.4970703 -0.07098389 -0.8647461
vn -0.3269043 -0.74316406 -0.5839844
vn -0.86083984 -0.2442627 -0.44628906
vn -0.6123047 -0.7294922 -0.30517578
vn -0.4362793 -0.27734375 -0.85595703
vn -0.47583008 -0.8413086 -0.25683594
vn 0.3173828 -0.7739258 -0.54785156
vn -0.19018555 -0.89697266 -0.39941406
vn 0.50146484 -0.36938477 -0.78222656
vn 0.46264648 -0.875 -0.1430664
vn 0.27490234 -0.8911133 -0.36083984
vn 0.8457031 -0.47045898 -0.25195312
vn 0.49291992 -0.85839844 -0.14135742
vn 0.20056152 -0.77001953 -0.60595703
vn 0.4189453 -0.26464844 -0.86865234
vn -0.625 -0.28295898 -0.72753906
vn -0.46289062 -0.7524414 -0.46875
vn -0.625 -0.28295898 -0.72753906
vn -0.9736328 -0.2052002 -0.101989746
vn -0.5722656 -0.81884766 -0.05130005
vn -0.46289062 -0.7524414 -0.46875
vn -0.46289062 -0.7524414 -0.46875
vn -0.5722656 -0.81884766 -0.05130005
vn -0.47583008 -0.8413086 -0.25683594
vn 0.20056152 -0.77001953 -0.60595703
vn -0.19018555 -0.89697266 -0.39941406
vn 0.87353516 -0.4831543 -0.057678223
vn 0.46264648 -0.875 -0.1430664
vn 0.43798828 -0.8984375 -0.036621094
vn 0.8457031 -0.47045898 -0.25195312
vn 0.5854492 -0.8100586 -0.030181885
vn 0.49291992 -0.85839844 -0.14135742
vn 0.5620117 -0.82714844 -0.0181427
vn 0.5449219 -0.81640625 -0.19116211
vn 0.24707031 -0.8208008 -0.5151367
vn 0.41015625 -0.30810547 -0.85839844
vn 0.19348145 -0.9082031 -0.37109375
vn 0.49389648 -0.2980957 -0.81689453
vn 0.5449219 -0.81640625 -0.19116211
vn 0.9135742 -0.28564453 -0.28930664
vn 0.56640625 0.43554688 -0.69970703
vn 0.27490234 0.859375 -0.43139648
vn -0.13928223 0.8540039 -0.50097656
vn -0.22399902 0.33154297 -0.9165039
vn 0.6142578 0.15515137 -0.7739258
vn -0.4411621 0.8383789 -0.3203125
vn -0.22570801 0.14099121 -0.9638672
vn 0.6298828 0.09448242 -0.7709961
vn -0.75683594 0.39282227 -0.52197266
vn -0.46972656 0.8823242 0.027160645
vn -0.9213867 0.38623047 -0.043670654
vn -0.81884766 0.13549805 -0.55810547
vn -0.9921875 0.0993042 -0.07678223
vn -0.99658203 0.026184082 -0.07965088
vn -0.2130127 0.09667969 -0.97216797
vn 0.63378906 0.08874512 -0.7685547
vn -0.20483398 0.10168457 -0.9736328
vn -0.8222656 0.06732178 -0.5654297
vn -0.9970703 0.019424438 -0.0769043
vn -0.8232422 0.06506348 -0.56347656
vn -0.13928223 0.8540039 -0.50097656
vn 0.27490234 0.859375 -0.43139648
vn 0.45336914 0.890625 -0.035186768
vn -0.4411621 0.8383789 -0.3203125
vn -0.46972656 0.8823242 0.027160645
vn 0.56640625 0.43554688 -0.69970703
vn 0.45336914 0.890625 -0.035186768
vn 0.27490234 0.859375 -0.43139648
vn 0.9038086 0.39575195 -0.16186523
vn 0.6142578 0.15515137 -0.7739258
vn 0.97314453 0.10296631 -0.20654297
vn 0.6298828 0.09448242 -0.7709961
vn 0.9741211 0.050872803 -0.22033691
vn 0.63378906 0.08874512 -0.7685547
vn 0.9746094 0.036102295 -0.22180176
vn 0.55615234 0.3791504 -0.7397461
vn 0.25708008 0.8276367 -0.49853516
vn -0.09667969 0.82714844 -0.55371094
vn -0.1508789 0.22265625 -0.9633789
vn 0.57666016 0.11651611 -0.80859375
vn -0.41601562 0.81884766 -0.3959961
vn -0.14831543 0.09075928 -0.9848633
vn 0.5786133 0.06762695 -0.8129883
vn -0.7158203 0.36328125 -0.5966797
vn -0.4753418 0.87890625 0.042541504
vn -0.92333984 0.37695312 -0.07165527
vn -0.7636719 0.11444092 -0.6352539
vn -0.98779297 0.09637451 -0.12261963
vn -0.9916992 0.025787354 -0.12670898
vn -0.13952637 0.061431885 -0.98828125
vn 0.5932617 0.060272217 -0.8027344
vn -0.13623047 0.06451416 -0.98876953
vn -0.76123047 0.051574707 -0.6464844
vn -0.9921875 0.019348145 -0.12249756
vn -0.77441406 0.04788208 -0.6308594
vn -0.09667969 0.82714844 -0.55371094
vn 0.25708008 0.8276367 -0.49853516
vn 0.4868164 0.87060547 -0.06945801
vn -0.41601562 0.81884766 -0.3959961
vn -0.4753418 0.87890625 0.042541504
vn 0.55615234 0.3791504 -0.7397461
vn 0.4868164 0.87060547 -0.06945801
vn 0.25708008 0.8276367 -0.49853516
vn 0.89160156 0.37182617 -0.25756836
vn 0.57666016 0.11651611 -0.80859375
vn 0.94189453 0.097839355 -0.32104492
vn 0.5786133 0.06762695 -0.8129883
vn 0.93896484 0.048431396 -0.3400879
vn 0.5932617 0.060272217 -0.8027344
vn 0.93896484 0.03479004 -0.34204102
vn 0.56640625 0.43554688 -0.69970703
vn 0.27490234 0.859375 -0.43139648
vn -0.13928223 0.8540039 -0.50097656
vn -0.22399902 0.33154297 -0.9165039
vn 0.6142578 0.15515137 -0.7739258
vn -0.4411621 0.8383789 -0.3203125
vn -0.22570801 0.14099121 -0.9638672
vn 0.6298828 0.09448242 -0.7709961
vn -0.75683594 0.39282227 -0.52197266
vn -0.46972656 0.8823242 0.027160645
vn -0.9213867 0.38623047 -0.043670654
vn -0.81884766 0.13549805 -0.55810547
vn -0.9921875 0.0993042 -0.07678223
vn -0.99658203 0.026184082 -0.07965088
vn -0.2130127 0.09667969 -0.97216797
vn 0.63378906 0.08874512 -0.7685547
vn -0.20483398 0.10168457 -0.9736328
vn -0.8222656 0.06732178 -0.5654297
vn -0.9970703 0.019424438 -0.0769043
vn -0.8232422 0.06506348 -0.56347656
vn -0.13928223 0.8540039 -0.50097656
vn 0.27490234 0.859375 -0.43139648
vn 0.45336914 0.890625 -0.035186768
vn -0.4411621 0.8383789 -0.3203125
vn -0.46972656 0.8823242 0.027160645
vn 0.56640625 0.43554688 -0.69970703
vn 0.45336914 0.890625 -0.035186768
vn 0.27490234 0.859375 -0.43139648
vn 0.9038086 0.39575195 -0.16186523
vn 0.6142578 0.15515137 -0.7739258
vn 0.97314453 0.10296631 -0.20654297
vn 0.6298828 0.09448242 -0.7709961
vn 0.9741211 0.050872803 -0.22033691
vn 0.63378906 0.08874512 -0.7685547
vn 0.9746094 0.036102295 -0.22180176
vn 0.70996094 0.39990234 -0.57958984
vn 0.39282227 0.8623047 -0.31958008
vn -0.060516357 0.8144531 -0.57666016
vn -0.10217285 0.37402344 -0.921875
vn 0.74902344 0.11022949 -0.6533203
vn -0.47924805 0.82666016 -0.29541016
vn -0.1307373 0.12536621 -0.98339844
vn 0.7504883 0.038330078 -0.66015625
vn -0.13867188 0.041992188 -0.9892578
vn -0.80566406 0.37158203 -0.46118164
vn -0.46435547 0.8847656 -0.042236328
vn -0.9140625 0.39819336 -0.07519531
vn -0.86376953 0.10888672 -0.49194336
vn -0.8691406 0.027267456 -0.49365234
vn -0.9921875 0.09338379 -0.08441162
vn -0.99658203 0.014053345 -0.084106445
vn 0.97314453 0.086120605 -0.21325684
vn 0.7504883 0.038330078 -0.66015625
vn 0.9746094 0.028274536 -0.22302246
vn 0.74902344 0.11022949 -0.6533203
vn 0.8925781 0.4099121 -0.18859863
vn 0.70996094 0.39990234 -0.57958984
vn 0.43115234 0.89697266 -0.0993042
vn 0.39282227 0.8623047 -0.31958008
vn -0.47924805 0.82666016 -0.29541016
vn -0.060516357 0.8144531 -0.57666016
vn 0.39282227 0.8623047 -0.31958008
vn 0.43115234 0.89697266 -0.0993042
vn -0.46435547 0.8847656 -0.042236328
vn 0.56640625 0.43554688 -0.69970703
vn 0.27490234 0.859375 -0.43139648
vn -0.13928223 0.8540039 -0.50097656
vn -0.22399902 0.33154297 -0.9165039
vn 0.6142578 0.15515137 -0.7739258
vn -0.4411621 0.8383789 -0.3203125
vn -0.22570801 0.14099121 -0.9638672
vn 0.6298828 0.09448242 -0.7709961
vn -0.75683594 0.39282227 -0.52197266
vn -0.46972656 0.8823242 0.027160645
vn -0.9213867 0.38623047 -0.043670654
vn -0.81884766 0.13549805 -0.55810547
vn -0.9921875 0.0993042 -0.07678223
vn -0.99658203 0.026184082 -0.07965088
vn -0.2130127 0.09667969 -0.97216797
vn 0.63378906 0.08874512 -0.7685547
vn -0.20483398 0.10168457 -0.9736328
vn -0.8222656 0.06732178 -0.5654297
vn -0.9970703 0.019424438 -0.0769043
vn -0.8232422 0.06506348 -0.56347656
vn -0.13928223 0.8540039 -0.50097656
vn 0.27490234 0.859375 -0.43139648
vn 0.45336914 0.890625 -0.035186768
vn -0.4411621 0.8383789 -0.3203125
vn -0.46972656 0.8823242 0.027160645
vn 0.56640625 0.43554688 -0.69970703
vn 0.45336914 0.890625 -0.035186768
vn 0.27490234 0.859375 -0.43139648
vn 0.9038086 0.39575195 -0.16186523
vn 0.6142578 0.15515137 -0.7739258
vn 0.97314453 0.10296631 -0.20654297
vn 0.6298828 0.09448242 -0.7709961
vn 0.9741211 0.050872803 -0.22033691
vn 0.63378906 0.08874512 -0.7685547
vn 0.9746094 0.036102295 -0.22180176
vn 0.56640625 0.43554688 -0.69970703
vn 0.27490234 0.859375 -0.43139648
vn -0.13928223 0.8540039 -0.50097656
vn -0.22399902 0.33154297 -0.9165039
vn 0.6142578 0.15515137 -0.7739258
vn -0.4411621 0.8383789 -0.3203125
vn -0.22570801 0.14099121 -0.9638672
vn 0.6298828 0.09448242 -0.7709961
vn -0.75683594 0.39282227 -0.52197266
vn -0.46972656 0.8823242 0.027160645
vn -0.9213867 0.38623047 -0.043670654
vn -0.81884766 0.13549805 -0.55810547
vn -0.9921875 0.0993042 -0.07678223
vn -0.99658203 0.026184082 -0.07965088
vn -0.2130127 0.09667969 -0.97216797
vn 0.63378906 0.08874512 -0.7685547
vn -0.20483398 0.10168457 -0.9736328
vn -0.8222656 0.06732178 -0.5654297
vn -0.9970703 0.019424438 -0.0769043
vn -0.8232422 0.06506348 -0.56347656
vn -0.13928223 0.8540039 -0.50097656
vn 0.27490234 0.859375 -0.43139648
vn 0.45336914 0.890625 -0.035186768
vn -0.4411621 0.8383789 -0.3203125
vn -0.46972656 0.8823242 0.027160645
vn 0.56640625 0.43554688 -0.69970703
vn 0.45336914 0.890625 -0.035186768
vn 0.27490234 0.859375 -0.43139648
vn 0.9038086 0.39575195 -0.16186523
vn 0.6142578 0.15515137 -0.7739258
vn 0.97314453 0.10296631 -0.20654297
vn 0.6298828 0.09448242 -0.7709961
vn 0.9741211 0.050872803 -0.22033691
vn 0.63378906 0.08874512 -0.7685547
vn 0.9746094 0.036102295 -0.22180176
vn 0.7788086 0.43554688 -0.45117188
vn 0.41088867 0.859375 -0.30493164
vn 0.048858643 0.8540039 -0.5175781
vn 0.11804199 0.33154297 -0.93603516
vn 0.85058594 0.140625 -0.50683594
vn -0.29760742 0.8383789 -0.4567871
vn 0.13427734 0.12780762 -0.98291016
vn 0.86083984 0.071777344 -0.50439453
vn 0.14208984 0.06524658 -0.98779297
vn -0.5205078 0.39282227 -0.7578125
vn -0.44848633 0.8823242 -0.14233398
vn -0.84521484 0.38623047 -0.36987305
vn -0.5629883 0.12536621 -0.81689453
vn -0.56152344 0.049713135 -0.8261719
vn -0.89941406 0.09411621 -0.42651367
vn -0.9008789 0.023376465 -0.4333496
vn 0.9838867 0.09301758 0.1538086
vn 0.86083984 0.071777344 -0.50439453
vn 0.98876953 0.046905518 0.1418457
vn 0.85058594 0.140625 -0.50683594
vn 0.90234375 0.39575195 0.17150879
vn 0.7788086 0.43554688 -0.45117188
vn 0.43603516 0.890625 0.12902832
vn 0.41088867 0.859375 -0.30493164
vn -0.29760742 0.8383789 -0.4567871
vn 0.048858643 0.8540039 -0.5175781
vn 0.41088867 0.859375 -0.30493164
vn -0.44848633 0.8823242 -0.14233398
vn 0.43603516 0.890625 0.12902832
g B003_Back01_0
f 3/3/3 2/2/2 1/1/1
f 6/6/6 5/5/5 4/4/4
f 9/9/9 8/8/8 7/7/7
f 12/12/12 11/11/11 10/10/10
f 15/15/15 14/14/14 13/13/13
f 18/18/18 17/17/17 16/16/16
f 21/21/21 20/20/20 19/19/19
f 24/24/24 23/23/23 22/22/22
f 27/27/27 26/26/26 25/25/25
f 30/30/30 29/29/29 28/28/28
f 31/31/31 30/30/30 28/28/28
f 31/31/31 28/28/28 32/32/32
f 33/33/33 30/30/30 31/31/31
f 34/34/34 31/31/31 32/32/32
f 32/32/32 35/35/35 34/34/34
f 36/36/36 33/33/33 31/31/31
f 36/36/36 31/31/31 34/34/34
f 37/37/37 33/33/33 36/36/36
f 38/38/38 37/37/37 36/36/36
f 38/38/38 36/36/36 39/39/39
f 39/39/39 36/36/36 34/34/34
f 40/40/40 38/38/38 39/39/39
f 41/41/41 40/40/40 39/39/39
f 35/35/35 42/42/42 34/34/34
f 34/34/34 42/42/42 39/39/39
f 35/35/35 43/43/43 42/42/42
f 43/43/43 44/44/44 42/42/42
f 45/45/45 41/41/41 39/39/39
f 42/42/42 45/45/45 39/39/39
f 42/42/42 44/44/44 45/45/45
f 46/46/46 41/41/41 45/45/45
f 44/44/44 47/47/47 45/45/45
f 47/47/47 46/46/46 45/45/45
f 50/50/50 49/49/49 48/48/48
f 48/48/48 51/51/51 50/50/50
f 51/51/51 52/52/52 50/50/50
f 55/55/55 54/54/54 53/53/53
f 54/54/54 56/56/56 53/53/53
f 53/53/53 56/56/56 57/57/57
f 56/56/56 58/58/58 57/57/57
f 59/59/59 57/57/57 58/58/58
f 60/60/60 59/59/59 58/58/58
f 59/59/59 60/60/60 61/61/61
f 60/60/60 62/62/62 61/61/61
f 65/65/65 64/64/64 63/63/63
f 66/66/66 65/65/65 63/63/63
f 67/67/67 66/66/66 63/63/63
f 68/68/68 67/67/67 63/63/63
f 65/65/65 70/70/70 69/69/69
f 70/70/70 71/71/71 69/69/69
f 70/70/70 72/72/72 71/71/71
f 72/72/72 73/73/73 71/71/71
f 76/76/76 75/75/75 74/74/74
f 77/77/77 76/76/76 74/74/74
f 74/74/74 78/78/78 77/77/77
f 78/78/78 79/79/79 77/77/77
f 82/82/82 81/81/81 80/80/80
f 83/83/83 82/82/82 80/80/80
f 83/83/83 80/80/80 84/84/84
f 85/85/85 83/83/83 84/84/84
f 84/84/84 80/80/80 86/86/86
f 80/80/80 87/87/87 86/86/86
f 89/89/89 88/88/88 85/85/85
f 90/90/90 89/89/89 85/85/85
f 91/91/91 89/89/89 90/90/90
f 92/92/92 91/91/91 90/90/90
f 95/95/95 94/94/94 93/93/93
f 94/94/94 95/95/95 96/96/96
f 96/96/96 97/97/97 94/94/94
f 97/97/97 98/98/98 94/94/94
f 101/101/101 100/100/100 99/99/99
f 102/102/102 101/101/101 99/99/99
f 105/105/105 104/104/104 103/103/103
f 106/106/106 105/105/105 103/103/103
f 109/109/109 108/108/108 107/107/107
f 108/108/108 110/110/110 107/107/107
f 110/110/110 108/108/108 111/111/111
f 108/108/108 112/112/112 111/111/111
f 115/115/115 114/114/114 113/113/113
f 116/116/116 115/115/115 113/113/113
f 119/119/119 118/118/118 117/117/117
f 118/118/118 120/120/120 117/117/117
f 120/120/120 118/118/118 121/121/121
f 117/117/117 120/120/120 122/122/122
f 123/123/123 120/120/120 121/121/121
f 120/120/120 124/124/124 122/122/122
f 124/124/124 120/120/120 123/123/123
f 122/122/122 124/124/124 125/125/125
f 126/126/126 124/124/124 123/123/123
f 124/124/124 127/127/127 125/125/125
f 127/127/127 124/124/124 126/126/126
f 128/128/128 127/127/127 126/126/126
f 131/131/131 130/130/130 129/129/129
f 132/132/132 131/131/131 129/129/129
f 135/135/135 134/134/134 133/133/133
f 136/136/136 135/135/135 133/133/133
f 139/139/139 138/138/138 137/137/137
f 140/140/140 139/139/139 137/137/137
f 141/141/141 139/139/139 140/140/140
f 144/144/144 143/143/143 142/142/142
f 143/143/143 145/145/145 142/142/142
f 142/142/142 145/145/145 146/146/146
f 145/145/145 147/147/147 146/146/146
f 148/148/148 146/146/146 147/147/147
f 149/149/149 148/148/148 147/147/147
f 152/152/152 151/151/151 150/150/150
f 151/151/151 153/153/153 150/150/150
f 154/154/154 150/150/150 153/153/153
f 155/155/155 154/154/154 153/153/153
f 158/158/158 157/157/157 156/156/156
f 159/159/159 158/158/158 156/156/156
f 159/159/159 156/156/156 160/160/160
f 161/161/161 158/158/158 159/159/159
f 162/162/162 159/159/159 160/160/160
f 160/160/160 163/163/163 162/162/162
f 164/164/164 161/161/161 159/159/159
f 164/164/164 159/159/159 162/162/162
f 165/165/165 161/161/161 164/164/164
f 166/166/166 165/165/165 164/164/164
f 166/166/166 164/164/164 167/167/167
f 167/167/167 164/164/164 162/162/162
f 168/168/168 166/166/166 167/167/167
f 169/169/169 168/168/168 167/167/167
f 163/163/163 170/170/170 162/162/162
f 162/162/162 170/170/170 167/167/167
f 163/163/163 171/171/171 170/170/170
f 171/171/171 172/172/172 170/170/170
f 173/173/173 169/169/169 167/167/167
f 170/170/170 173/173/173 167/167/167
f 170/170/170 172/172/172 173/173/173
f 174/174/174 169/169/169 173/173/173
f 172/172/172 175/175/175 173/173/173
f 175/175/175 174/174/174 173/173/173
f 178/178/178 177/177/177 176/176/176
f 176/176/176 179/179/179 178/178/178
f 179/179/179 180/180/180 178/178/178
f 183/183/183 182/182/182 181/181/181
f 182/182/182 184/184/184 181/181/181
f 181/181/181 184/184/184 185/185/185
f 184/184/184 186/186/186 185/185/185
f 187/187/187 185/185/185 186/186/186
f 188/188/188 187/187/187 186/186/186
f 187/187/187 188/188/188 189/189/189
f 188/188/188 190/190/190 189/189/189
f 193/193/193 192/192/192 191/191/191
f 194/194/194 193/193/193 191/191/191
f 194/194/194 191/191/191 195/195/195
f 196/196/196 193/193/193 194/194/194
f 197/197/197 194/194/194 195/195/195
f 195/195/195 198/198/198 197/197/197
f 199/199/199 196/196/196 194/194/194
f 199/199/199 194/194/194 197/197/197
f 200/200/200 196/196/196 199/199/199
f 201/201/201 200/200/200 199/199/199
f 201/201/201 199/199/199 202/202/202
f 202/202/202 199/199/199 197/197/197
f 203/203/203 201/201/201 202/202/202
f 204/204/204 203/203/203 202/202/202
f 198/198/198 205/205/205 197/197/197
f 197/197/197 205/205/205 202/202/202
f 198/198/198 206/206/206 205/205/205
f 206/206/206 207/207/207 205/205/205
f 208/208/208 204/204/204 202/202/202
f 205/205/205 208/208/208 202/202/202
f 205/205/205 207/207/207 208/208/208
f 209/209/209 204/204/204 208/208/208
f 207/207/207 210/210/210 208/208/208
f 210/210/210 209/209/209 208/208/208
f 213/213/213 212/212/212 211/211/211
f 211/211/211 214/214/214 213/213/213
f 214/214/214 215/215/215 213/213/213
f 218/218/218 217/217/217 216/216/216
f 217/217/217 219/219/219 216/216/216
f 216/216/216 219/219/219 220/220/220
f 219/219/219 221/221/221 220/220/220
f 222/222/222 220/220/220 221/221/221
f 223/223/223 222/222/222 221/221/221
f 222/222/222 223/223/223 224/224/224
f 223/223/223 225/225/225 224/224/224
f 228/228/228 227/227/227 226/226/226
f 229/229/229 228/228/228 226/226/226
f 230/230/230 229/229/229 226/226/226
f 231/231/231 230/230/230 226/226/226
f 228/228/228 233/233/233 232/232/232
f 233/233/233 234/234/234 232/232/232
f 233/233/233 235/235/235 234/234/234
f 235/235/235 236/236/236 234/234/234
f 239/239/239 238/238/238 237/237/237
f 240/240/240 239/239/239 237/237/237
f 237/237/237 241/241/241 240/240/240
f 241/241/241 242/242/242 240/240/240
f 245/245/245 244/244/244 243/243/243
f 246/246/246 245/245/245 243/243/243
f 246/246/246 243/243/243 247/247/247
f 248/248/248 246/246/246 247/247/247
f 247/247/247 243/243/243 249/249/249
f 243/243/243 250/250/250 249/249/249
f 252/252/252 251/251/251 248/248/248
f 253/253/253 252/252/252 248/248/248
f 254/254/254 252/252/252 253/253/253
f 255/255/255 254/254/254 253/253/253
f 258/258/258 257/257/257 256/256/256
f 257/257/257 258/258/258 259/259/259
f 259/259/259 260/260/260 257/257/257
f 260/260/260 261/261/261 257/257/257
f 264/264/264 263/263/263 262/262/262
f 265/265/265 264/264/264 262/262/262
f 268/268/268 267/267/267 266/266/266
f 269/269/269 268/268/268 266/266/266
f 272/272/272 271/271/271 270/270/270
f 271/271/271 273/273/273 270/270/270
f 273/273/273 271/271/271 274/274/274
f 271/271/271 275/275/275 274/274/274
f 278/278/278 277/277/277 276/276/276
f 279/279/279 278/278/278 276/276/276
f 282/282/282 281/281/281 280/280/280
f 281/281/281 283/283/283 280/280/280
f 283/283/283 281/281/281 284/284/284
f 280/280/280 283/283/283 285/285/285
f 286/286/286 283/283/283 284/284/284
f 283/283/283 287/287/287 285/285/285
f 287/287/287 283/283/283 286/286/286
f 285/285/285 287/287/287 288/288/288
f 289/289/289 287/287/287 286/286/286
f 287/287/287 290/290/290 288/288/288
f 290/290/290 287/287/287 289/289/289
f 291/291/291 290/290/290 289/289/289
f 294/294/294 293/293/293 292/292/292
f 295/295/295 294/294/294 292/292/292
f 298/298/298 297/297/297 296/296/296
f 299/299/299 298/298/298 296/296/296
f 302/302/302 301/301/301 300/300/300
f 303/303/303 302/302/302 300/300/300
f 304/304/304 302/302/302 303/303/303
f 307/307/307 306/306/306 305/305/305
f 306/306/306 308/308/308 305/305/305
f 305/305/305 308/308/308 309/309/309
f 308/308/308 310/310/310 309/309/309
f 311/311/311 309/309/309 310/310/310
f 312/312/312 311/311/311 310/310/310
f 315/315/315 314/314/314 313/313/313
f 314/314/314 316/316/316 313/313/313
f 317/317/317 313/313/313 316/316/316
f 318/318/318 317/317/317 316/316/316
f 321/321/321 320/320/320 319/319/319
f 322/322/322 321/321/321 319/319/319
f 323/323/323 322/322/322 319/319/319
f 324/324/324 323/323/323 319/319/319
f 321/321/321 326/326/326 325/325/325
f 326/326/326 327/327/327 325/325/325
f 326/326/326 328/328/328 327/327/327
f 328/328/328 329/329/329 327/327/327
f 332/332/332 331/331/331 330/330/330
f 333/333/333 332/332/332 330/330/330
f 330/330/330 334/334/334 333/333/333
f 334/334/334 335/335/335 333/333/333
f 338/338/338 337/337/337 336/336/336
f 339/339/339 338/338/338 336/336/336
f 339/339/339 336/336/336 340/340/340
f 341/341/341 339/339/339 340/340/340
f 340/340/340 336/336/336 342/342/342
f 336/336/336 343/343/343 342/342/342
f 345/345/345 344/344/344 341/341/341
f 346/346/346 345/345/345 341/341/341
f 347/347/347 345/345/345 346/346/346
f 348/348/348 347/347/347 346/346/346
f 351/351/351 350/350/350 349/349/349
f 350/350/350 351/351/351 352/352/352
f 352/352/352 353/353/353 350/350/350
f 353/353/353 354/354/354 350/350/350
f 357/357/357 356/356/356 355/355/355
f 358/358/358 357/357/357 355/355/355
f 361/361/361 360/360/360 359/359/359
f 362/362/362 361/361/361 359/359/359
f 365/365/365 364/364/364 363/363/363
f 364/364/364 366/366/366 363/363/363
f 366/366/366 364/364/364 367/367/367
f 364/364/364 368/368/368 367/367/367
f 371/371/371 370/370/370 369/369/369
f 372/372/372 371/371/371 369/369/369
f 375/375/375 374/374/374 373/373/373
f 374/374/374 376/376/376 373/373/373
f 376/376/376 374/374/374 377/377/377
f 373/373/373 376/376/376 378/378/378
f 379/379/379 376/376/376 377/377/377
f 376/376/376 380/380/380 378/378/378
f 380/380/380 376/376/376 379/379/379
f 378/378/378 380/380/380 381/381/381
f 382/382/382 380/380/380 379/379/379
f 380/380/380 383/383/383 381/381/381
f 383/383/383 380/380/380 382/382/382
f 384/384/384 383/383/383 382/382/382
f 387/387/387 386/386/386 385/385/385
f 388/388/388 387/387/387 385/385/385
f 391/391/391 390/390/390 389/389/389
f 392/392/392 391/391/391 389/389/389
f 395/395/395 394/394/394 393/393/393
f 396/396/396 395/395/395 393/393/393
f 397/397/397 395/395/395 396/396/396
f 400/400/400 399/399/399 398/398/398
f 399/399/399 401/401/401 398/398/398
f 398/398/398 401/401/401 402/402/402
f 401/401/401 403/403/403 402/402/402
f 404/404/404 402/402/402 403/403/403
f 405/405/405 404/404/404 403/403/403
f 408/408/408 407/407/407 406/406/406
f 407/407/407 409/409/409 406/406/406
f 410/410/410 406/406/406 409/409/409
f 411/411/411 410/410/410 409/409/409
f 414/414/414 413/413/413 412/412/412
f 415/415/415 414/414/414 412/412/412
f 414/414/414 417/417/417 416/416/416
f 417/417/417 418/418/418 416/416/416
f 421/421/421 420/420/420 419/419/419
f 422/422/422 421/421/421 419/419/419
f 419/419/419 423/423/423 422/422/422
f 423/423/423 424/424/424 422/422/422
f 427/427/427 426/426/426 425/425/425
f 428/428/428 427/427/427 425/425/425
f 428/428/428 425/425/425 429/429/429
f 430/430/430 428/428/428 429/429/429
f 429/429/429 425/425/425 431/431/431
f 425/425/425 432/432/432 431/431/431
f 435/435/435 434/434/434 433/433/433
f 434/434/434 435/435/435 436/436/436
f 436/436/436 437/437/437 434/434/434
f 437/437/437 438/438/438 434/434/434
f 441/441/441 440/440/440 439/439/439
f 440/440/440 442/442/442 439/439/439
f 442/442/442 440/440/440 443/443/443
f 440/440/440 444/444/444 443/443/443
f 447/447/447 446/446/446 445/445/445
f 448/448/448 447/447/447 445/445/445
f 451/451/451 450/450/450 449/449/449
f 450/450/450 452/452/452 449/449/449
f 452/452/452 450/450/450 453/453/453
f 449/449/449 452/452/452 454/454/454
f 455/455/455 452/452/452 453/453/453
f 452/452/452 456/456/456 454/454/454
f 456/456/456 452/452/452 455/455/455
f 454/454/454 456/456/456 457/457/457
f 458/458/458 456/456/456 455/455/455
f 456/456/456 459/459/459 457/457/457
f 459/459/459 456/456/456 458/458/458
f 460/460/460 459/459/459 458/458/458
f 463/463/463 462/462/462 461/461/461
f 464/464/464 463/463/463 461/461/461
f 467/467/467 466/466/466 465/465/465
f 468/468/468 467/467/467 465/465/465
f 471/471/471 470/470/470 469/469/469
f 472/472/472 471/471/471 469/469/469
f 473/473/473 471/471/471 472/472/472
f 476/476/476 475/475/475 474/474/474
f 475/475/475 477/477/477 474/474/474
f 474/474/474 477/477/477 478/478/478
f 477/477/477 479/479/479 478/478/478
f 480/480/480 478/478/478 479/479/479
f 481/481/481 480/480/480 479/479/479
f 484/484/484 483/483/483 482/482/482
f 483/483/483 485/485/485 482/482/482
f 486/486/486 482/482/482 485/485/485
f 487/487/487 486/486/486 485/485/485
f 490/490/490 489/489/489 488/488/488
f 491/491/491 490/490/490 488/488/488
f 492/492/492 491/491/491 488/488/488
f 493/493/493 492/492/492 488/488/488
f 490/490/490 495/495/495 494/494/494
f 495/495/495 496/496/496 494/494/494
f 495/495/495 497/497/497 496/496/496
f 497/497/497 498/498/498 496/496/496
f 501/501/501 500/500/500 499/499/499
f 502/502/502 501/501/501 499/499/499
f 499/499/499 503/503/503 502/502/502
f 503/503/503 504/504/504 502/502/502
f 507/507/507 506/506/506 505/505/505
f 508/508/508 507/507/507 505/505/505
f 508/508/508 505/505/505 509/509/509
f 510/510/510 508/508/508 509/509/509
f 509/509/509 505/505/505 511/511/511
f 505/505/505 512/512/512 511/511/511
f 514/514/514 513/513/513 510/510/510
f 515/515/515 514/514/514 510/510/510
f 516/516/516 514/514/514 515/515/515
f 517/517/517 516/516/516 515/515/515
f 520/520/520 519/519/519 518/518/518
f 519/519/519 520/520/520 521/521/521
f 521/521/521 522/522/522 519/519/519
f 522/522/522 523/523/523 519/519/519
f 526/526/526 525/525/525 524/524/524
f 527/527/527 526/526/526 524/524/524
f 530/530/530 529/529/529 528/528/528
f 531/531/531 530/530/530 528/528/528
f 534/534/534 533/533/533 532/532/532
f 533/533/533 535/535/535 532/532/532
f 535/535/535 533/533/533 536/536/536
f 533/533/533 537/537/537 536/536/536
f 540/540/540 539/539/539 538/538/538
f 541/541/541 540/540/540 538/538/538
f 544/544/544 543/543/543 542/542/542
f 543/543/543 545/545/545 542/542/542
f 545/545/545 543/543/543 546/546/546
f 542/542/542 545/545/545 547/547/547
f 548/548/548 545/545/545 546/546/546
f 545/545/545 549/549/549 547/547/547
f 549/549/549 545/545/545 548/548/548
f 547/547/547 549/549/549 550/550/550
f 551/551/551 549/549/549 548/548/548
f 549/549/549 552/552/552 550/550/550
f 552/552/552 549/549/549 551/551/551
f 553/553/553 552/552/552 551/551/551
f 556/556/556 555/555/555 554/554/554
f 557/557/557 556/556/556 554/554/554
f 560/560/560 559/559/559 558/558/558
f 561/561/561 560/560/560 558/558/558
f 564/564/564 563/563/563 562/562/562
f 565/565/565 564/564/564 562/562/562
f 566/566/566 564/564/564 565/565/565
f 569/569/569 568/568/568 567/567/567
f 568/568/568 570/570/570 567/567/567
f 567/567/567 570/570/570 571/571/571
f 570/570/570 572/572/572 571/571/571
f 573/573/573 571/571/571 572/572/572
f 574/574/574 573/573/573 572/572/572
f 577/577/577 576/576/576 575/575/575
f 576/576/576 578/578/578 575/575/575
f 579/579/579 575/575/575 578/578/578
f 580/580/580 579/579/579 578/578/578
f 583/583/583 582/582/582 581/581/581
f 582/582/582 583/583/583 584/584/584
f 584/584/584 585/585/585 582/582/582
f 585/585/585 586/586/586 582/582/582
f 589/589/589 588/588/588 587/587/587
f 588/588/588 590/590/590 587/587/587
f 590/590/590 588/588/588 591/591/591
f 587/587/587 590/590/590 592/592/592
f 593/593/593 590/590/590 591/591/591
f 590/590/590 594/594/594 592/592/592
f 594/594/594 590/590/590 593/593/593
f 592/592/592 594/594/594 595/595/595
f 596/596/596 594/594/594 593/593/593
f 594/594/594 597/597/597 595/595/595
f 597/597/597 594/594/594 596/596/596
f 598/598/598 597/597/597 596/596/596
f 601/601/601 600/600/600 599/599/599
f 602/602/602 601/601/601 599/599/599
f 603/603/603 601/601/601 602/602/602
f 604/604/604 603/603/603 602/602/602
f 607/607/607 606/606/606 605/605/605
f 608/608/608 607/607/607 605/605/605
f 609/609/609 608/608/608 605/605/605
f 610/610/610 609/609/609 605/605/605
f 607/607/607 612/612/612 611/611/611
f 612/612/612 613/613/613 611/611/611
f 612/612/612 614/614/614 613/613/613
f 614/614/614 615/615/615 613/613/613
f 618/618/618 617/617/617 616/616/616
f 619/619/619 618/618/618 616/616/616
f 616/616/616 620/620/620 619/619/619
f 620/620/620 621/621/621 619/619/619
f 624/624/624 623/623/623 622/622/622
f 625/625/625 624/624/624 622/622/622
f 625/625/625 622/622/622 626/626/626
f 627/627/627 625/625/625 626/626/626
f 626/626/626 622/622/622 628/628/628
f 622/622/622 629/629/629 628/628/628
f 631/631/631 630/630/630 627/627/627
f 632/632/632 631/631/631 627/627/627
f 633/633/633 631/631/631 632/632/632
f 634/634/634 633/633/633 632/632/632
f 637/637/637 636/636/636 635/635/635
f 636/636/636 637/637/637 638/638/638
f 638/638/638 639/639/639 636/636/636
f 639/639/639 640/640/640 636/636/636
f 643/643/643 642/642/642 641/641/641
f 644/644/644 643/643/643 641/641/641
f 647/647/647 646/646/646 645/645/645
f 648/648/648 647/647/647 645/645/645
f 651/651/651 650/650/650 649/649/649
f 650/650/650 652/652/652 649/649/649
f 652/652/652 650/650/650 653/653/653
f 650/650/650 654/654/654 653/653/653
f 657/657/657 656/656/656 655/655/655
f 658/658/658 657/657/657 655/655/655
f 661/661/661 660/660/660 659/659/659
f 660/660/660 662/662/662 659/659/659
f 662/662/662 660/660/660 663/663/663
f 659/659/659 662/662/662 664/664/664
f 665/665/665 662/662/662 663/663/663
f 662/662/662 666/666/666 664/664/664
f 666/666/666 662/662/662 665/665/665
f 664/664/664 666/666/666 667/667/667
f 668/668/668 666/666/666 665/665/665
f 666/666/666 669/669/669 667/667/667
f 669/669/669 666/666/666 668/668/668
f 670/670/670 669/669/669 668/668/668
f 673/673/673 672/672/672 671/671/671
f 674/674/674 673/673/673 671/671/671
f 677/677/677 676/676/676 675/675/675
f 678/678/678 677/677/677 675/675/675
f 681/681/681 680/680/680 679/679/679
f 682/682/682 681/681/681 679/679/679
f 683/683/683 681/681/681 682/682/682
f 686/686/686 685/685/685 684/684/684
f 685/685/685 687/687/687 684/684/684
f 684/684/684 687/687/687 688/688/688
f 687/687/687 689/689/689 688/688/688
f 690/690/690 688/688/688 689/689/689
f 691/691/691 690/690/690 689/689/689
f 694/694/694 693/693/693 692/692/692
f 693/693/693 695/695/695 692/692/692
f 696/696/696 692/692/692 695/695/695
f 697/697/697 696/696/696 695/695/695
f 700/700/700 699/699/699 698/698/698
f 701/701/701 700/700/700 698/698/698
f 701/701/701 698/698/698 702/702/702
f 703/703/703 700/700/700 701/701/701
f 704/704/704 701/701/701 702/702/702
f 702/702/702 705/705/705 704/704/704
f 706/706/706 703/703/703 701/701/701
f 706/706/706 701/701/701 704/704/704
f 707/707/707 703/703/703 706/706/706
f 708/708/708 707/707/707 706/706/706
f 708/708/708 706/706/706 709/709/709
f 709/709/709 706/706/706 704/704/704
f 710/710/710 708/708/708 709/709/709
f 711/711/711 710/710/710 709/709/709
f 705/705/705 712/712/712 704/704/704
f 704/704/704 712/712/712 709/709/709
f 705/705/705 713/713/713 712/712/712
f 713/713/713 714/714/714 712/712/712
f 715/715/715 711/711/711 709/709/709
f 712/712/712 715/715/715 709/709/709
f 712/712/712 714/714/714 715/715/715
f 716/716/716 711/711/711 715/715/715
f 714/714/714 717/717/717 715/715/715
f 717/717/717 716/716/716 715/715/715
f 720/720/720 719/719/719 718/718/718
f 718/718/718 721/721/721 720/720/720
f 721/721/721 722/722/722 720/720/720
f 725/725/725 724/724/724 723/723/723
f 724/724/724 726/726/726 723/723/723
f 723/723/723 726/726/726 727/727/727
f 726/726/726 728/728/728 727/727/727
f 729/729/729 727/727/727 728/728/728
f 730/730/730 729/729/729 728/728/728
f 729/729/729 730/730/730 731/731/731
f 730/730/730 732/732/732 731/731/731
f 735/735/735 734/734/734 733/733/733
f 736/736/736 735/735/735 733/733/733
f 736/736/736 733/733/733 737/737/737
f 738/738/738 735/735/735 736/736/736
f 739/739/739 736/736/736 737/737/737
f 737/737/737 740/740/740 739/739/739
f 741/741/741 738/738/738 736/736/736
f 741/741/741 736/736/736 739/739/739
f 742/742/742 738/738/738 741/741/741
f 743/743/743 742/742/742 741/741/741
f 743/743/743 741/741/741 744/744/744
f 744/744/744 741/741/741 739/739/739
f 745/745/745 743/743/743 744/744/744
f 746/746/746 745/745/745 744/744/744
f 740/740/740 747/747/747 739/739/739
f 739/739/739 747/747/747 744/744/744
f 740/740/740 748/748/748 747/747/747
f 748/748/748 749/749/749 747/747/747
f 750/750/750 746/746/746 744/744/744
f 747/747/747 750/750/750 744/744/744
f 747/747/747 749/749/749 750/750/750
f 751/751/751 746/746/746 750/750/750
f 749/749/749 752/752/752 750/750/750
f 752/752/752 751/751/751 750/750/750
f 755/755/755 754/754/754 753/753/753
f 753/753/753 756/756/756 755/755/755
f 756/756/756 757/757/757 755/755/755
f 760/760/760 759/759/759 758/758/758
f 759/759/759 761/761/761 758/758/758
f 758/758/758 761/761/761 762/762/762
f 761/761/761 763/763/763 762/762/762
f 764/764/764 762/762/762 763/763/763
f 765/765/765 764/764/764 763/763/763
f 764/764/764 765/765/765 766/766/766
f 765/765/765 767/767/767 766/766/766
f 770/770/770 769/769/769 768/768/768
f 771/771/771 770/770/770 768/768/768
f 771/771/771 768/768/768 772/772/772
f 773/773/773 770/770/770 771/771/771
f 774/774/774 771/771/771 772/772/772
f 772/772/772 775/775/775 774/774/774
f 776/776/776 773/773/773 771/771/771
f 776/776/776 771/771/771 774/774/774
f 777/777/777 773/773/773 776/776/776
f 778/778/778 777/777/777 776/776/776
f 778/778/778 776/776/776 779/779/779
f 779/779/779 776/776/776 774/774/774
f 780/780/780 778/778/778 779/779/779
f 781/781/781 780/780/780 779/779/779
f 775/775/775 782/782/782 774/774/774
f 774/774/774 782/782/782 779/779/779
f 775/775/775 783/783/783 782/782/782
f 783/783/783 784/784/784 782/782/782
f 785/785/785 781/781/781 779/779/779
f 782/782/782 785/785/785 779/779/779
f 782/782/782 784/784/784 785/785/785
f 786/786/786 781/781/781 785/785/785
f 784/784/784 787/787/787 785/785/785
f 787/787/787 786/786/786 785/785/785
f 790/790/790 789/789/789 788/788/788
f 788/788/788 791/791/791 790/790/790
f 791/791/791 792/792/792 790/790/790
f 795/795/795 794/794/794 793/793/793
f 794/794/794 796/796/796 793/793/793
f 793/793/793 796/796/796 797/797/797
f 796/796/796 798/798/798 797/797/797
f 799/799/799 797/797/797 798/798/798
f 800/800/800 799/799/799 798/798/798
f 799/799/799 800/800/800 801/801/801
f 800/800/800 802/802/802 801/801/801
f 805/805/805 804/804/804 803/803/803
f 806/806/806 805/805/805 803/803/803
f 806/806/806 803/803/803 807/807/807
f 808/808/808 805/805/805 806/806/806
f 809/809/809 806/806/806 807/807/807
f 807/807/807 810/810/810 809/809/809
f 811/811/811 808/808/808 806/806/806
f 811/811/811 806/806/806 809/809/809
f 812/812/812 808/808/808 811/811/811
f 813/813/813 812/812/812 811/811/811
f 813/813/813 811/811/811 814/814/814
f 814/814/814 811/811/811 809/809/809
f 815/815/815 813/813/813 814/814/814
f 816/816/816 815/815/815 814/814/814
f 810/810/810 817/817/817 809/809/809
f 809/809/809 817/817/817 814/814/814
f 810/810/810 818/818/818 817/817/817
f 818/818/818 819/819/819 817/817/817
f 820/820/820 816/816/816 814/814/814
f 817/817/817 820/820/820 814/814/814
f 817/817/817 819/819/819 820/820/820
f 821/821/821 816/816/816 820/820/820
f 819/819/819 822/822/822 820/820/820
f 822/822/822 821/821/821 820/820/820
f 825/825/825 824/824/824 823/823/823
f 823/823/823 826/826/826 825/825/825
f 826/826/826 827/827/827 825/825/825
f 830/830/830 829/829/829 828/828/828
f 829/829/829 831/831/831 828/828/828
f 828/828/828 831/831/831 832/832/832
f 831/831/831 833/833/833 832/832/832
f 834/834/834 832/832/832 833/833/833
f 835/835/835 834/834/834 833/833/833
f 834/834/834 835/835/835 836/836/836
f 835/835/835 837/837/837 836/836/836
f 840/840/840 839/839/839 838/838/838
f 841/841/841 840/840/840 838/838/838
f 842/842/842 841/841/841 838/838/838
f 843/843/843 842/842/842 838/838/838
f 840/840/840 845/845/845 844/844/844
f 845/845/845 846/846/846 844/844/844
f 845/845/845 847/847/847 846/846/846
f 847/847/847 848/848/848 846/846/846
f 851/851/851 850/850/850 849/849/849
f 852/852/852 851/851/851 849/849/849
f 849/849/849 853/853/853 852/852/852
f 853/853/853 854/854/854 852/852/852
f 857/857/857 856/856/856 855/855/855
f 858/858/858 857/857/857 855/855/855
f 858/858/858 855/855/855 859/859/859
f 860/860/860 858/858/858 859/859/859
f 859/859/859 855/855/855 861/861/861
f 855/855/855 862/862/862 861/861/861
f 864/864/864 863/863/863 860/860/860
f 865/865/865 864/864/864 860/860/860
f 866/866/866 864/864/864 865/865/865
f 867/867/867 866/866/866 865/865/865
f 870/870/870 869/869/869 868/868/868
f 869/869/869 870/870/870 871/871/871
f 871/871/871 872/872/872 869/869/869
f 872/872/872 873/873/873 869/869/869
f 876/876/876 875/875/875 874/874/874
f 877/877/877 876/876/876 874/874/874
f 880/880/880 879/879/879 878/878/878
f 881/881/881 880/880/880 878/878/878
f 884/884/884 883/883/883 882/882/882
f 883/883/883 885/885/885 882/882/882
f 885/885/885 883/883/883 886/886/886
f 883/883/883 887/887/887 886/886/886
f 890/890/890 889/889/889 888/888/888
f 891/891/891 890/890/890 888/888/888
f 894/894/894 893/893/893 892/892/892
f 893/893/893 895/895/895 892/892/892
f 895/895/895 893/893/893 896/896/896
f 892/892/892 895/895/895 897/897/897
f 898/898/898 895/895/895 896/896/896
f 895/895/895 899/899/899 897/897/897
f 899/899/899 895/895/895 898/898/898
f 897/897/897 899/899/899 900/900/900
f 901/901/901 899/899/899 898/898/898
f 899/899/899 902/902/902 900/900/900
f 902/902/902 899/899/899 901/901/901
f 903/903/903 902/902/902 901/901/901
f 906/906/906 905/905/905 904/904/904
f 907/907/907 906/906/906 904/904/904
f 910/910/910 909/909/909 908/908/908
f 911/911/911 910/910/910 908/908/908
f 914/914/914 913/913/913 912/912/912
f 915/915/915 914/914/914 912/912/912
f 916/916/916 914/914/914 915/915/915
f 919/919/919 918/918/918 917/917/917
f 918/918/918 920/920/920 917/917/917
f 921/921/921 917/917/917 920/920/920
f 922/922/922 921/921/921 920/920/920
f 925/925/925 924/924/924 923/923/923
f 926/926/926 925/925/925 923/923/923
f 929/929/929 928/928/928 927/927/927
f 928/928/928 930/930/930 927/927/927
f 931/931/931 927/927/927 930/930/930
f 932/932/932 931/931/931 930/930/930
f 935/935/935 934/934/934 933/933/933
f 936/936/936 935/935/935 933/933/933
f 936/936/936 933/933/933 937/937/937
f 938/938/938 935/935/935 936/936/936
f 939/939/939 936/936/936 937/937/937
f 937/937/937 940/940/940 939/939/939
f 941/941/941 938/938/938 936/936/936
f 941/941/941 936/936/936 939/939/939
f 942/942/942 938/938/938 941/941/941
f 943/943/943 942/942/942 941/941/941
f 943/943/943 941/941/941 944/944/944
f 944/944/944 941/941/941 939/939/939
f 945/945/945 943/943/943 944/944/944
f 946/946/946 945/945/945 944/944/944
f 940/940/940 947/947/947 939/939/939
f 939/939/939 947/947/947 944/944/944
f 940/940/940 948/948/948 947/947/947
f 948/948/948 949/949/949 947/947/947
f 950/950/950 946/946/946 944/944/944
f 947/947/947 950/950/950 944/944/944
f 947/947/947 949/949/949 950/950/950
f 951/951/951 946/946/946 950/950/950
f 949/949/949 952/952/952 950/950/950
f 952/952/952 951/951/951 950/950/950
f 955/955/955 954/954/954 953/953/953
f 953/953/953 956/956/956 955/955/955
f 956/956/956 957/957/957 955/955/955
f 960/960/960 959/959/959 958/958/958
f 959/959/959 961/961/961 958/958/958
f 958/958/958 961/961/961 962/962/962
f 961/961/961 963/963/963 962/962/962
f 964/964/964 962/962/962 963/963/963
f 965/965/965 964/964/964 963/963/963
f 964/964/964 965/965/965 966/966/966
f 965/965/965 967/967/967 966/966/966
f 970/970/970 969/969/969 968/968/968
f 971/971/971 970/970/970 968/968/968
f 971/971/971 968/968/968 972/972/972
f 973/973/973 970/970/970 971/971/971
f 974/974/974 971/971/971 972/972/972
f 972/972/972 975/975/975 974/974/974
f 976/976/976 973/973/973 971/971/971
f 976/976/976 971/971/971 974/974/974
f 977/977/977 973/973/973 976/976/976
f 978/978/978 977/977/977 976/976/976
f 978/978/978 976/976/976 979/979/979
f 979/979/979 976/976/976 974/974/974
f 980/980/980 978/978/978 979/979/979
f 981/981/981 980/980/980 979/979/979
f 975/975/975 982/982/982 974/974/974
f 974/974/974 982/982/982 979/979/979
f 975/975/975 983/983/983 982/982/982
f 983/983/983 984/984/984 982/982/982
f 985/985/985 981/981/981 979/979/979
f 982/982/982 985/985/985 979/979/979
f 982/982/982 984/984/984 985/985/985
f 986/986/986 981/981/981 985/985/985
f 984/984/984 987/987/987 985/985/985
f 987/987/987 986/986/986 985/985/985
f 990/990/990 989/989/989 988/988/988
f 988/988/988 991/991/991 990/990/990
f 991/991/991 992/992/992 990/990/990
f 995/995/995 994/994/994 993/993/993
f 994/994/994 996/996/996 993/993/993
f 993/993/993 996/996/996 997/997/997
f 996/996/996 998/998/998 997/997/997
f 999/999/999 997/997/997 998/998/998
f 1000/1000/1000 999/999/999 998/998/998
f 999/999/999 1000/1000/1000 1001/1001/1001
f 1000/1000/1000 1002/1002/1002 1001/1001/1001
f 1005/1005/1005 1004/1004/1004 1003/1003/1003
f 1006/1006/1006 1005/1005/1005 1003/1003/1003
f 1006/1006/1006 1003/1003/1003 1007/1007/1007
f 1008/1008/1008 1005/1005/1005 1006/1006/1006
f 1009/1009/1009 1006/1006/1006 1007/1007/1007
f 1007/1007/1007 1010/1010/1010 1009/1009/1009
f 1011/1011/1011 1008/1008/1008 1006/1006/1006
f 1011/1011/1011 1006/1006/1006 1009/1009/1009
f 1012/1012/1012 1008/1008/1008 1011/1011/1011
f 1013/1013/1013 1012/1012/1012 1011/1011/1011
f 1013/1013/1013 1011/1011/1011 1014/1014/1014
f 1014/1014/1014 1011/1011/1011 1009/1009/1009
f 1015/1015/1015 1013/1013/1013 1014/1014/1014
f 1016/1016/1016 1015/1015/1015 1014/1014/1014
f 1010/1010/1010 1017/1017/1017 1009/1009/1009
f 1009/1009/1009 1017/1017/1017 1014/1014/1014
f 1010/1010/1010 1018/1018/1018 1017/1017/1017
f 1018/1018/1018 1019/1019/1019 1017/1017/1017
f 1020/1020/1020 1016/1016/1016 1014/1014/1014
f 1017/1017/1017 1020/1020/1020 1014/1014/1014
f 1017/1017/1017 1019/1019/1019 1020/1020/1020
f 1021/1021/1021 1016/1016/1016 1020/1020/1020
f 1019/1019/1019 1022/1022/1022 1020/1020/1020
f 1022/1022/1022 1021/1021/1021 1020/1020/1020
f 1025/1025/1025 1024/1024/1024 1023/1023/1023
f 1023/1023/1023 1026/1026/1026 1025/1025/1025
f 1026/1026/1026 1027/1027/1027 1025/1025/1025
f 1030/1030/1030 1029/1029/1029 1028/1028/1028
f 1029/1029/1029 1031/1031/1031 1028/1028/1028
f 1028/1028/1028 1031/1031/1031 1032/1032/1032
f 1031/1031/1031 1033/1033/1033 1032/1032/1032
f 1034/1034/1034 1032/1032/1032 1033/1033/1033
f 1035/1035/1035 1034/1034/1034 1033/1033/1033
f 1034/1034/1034 1035/1035/1035 1036/1036/1036
f 1035/1035/1035 1037/1037/1037 1036/1036/1036
f 1040/1040/1040 1039/1039/1039 1038/1038/1038
f 1041/1041/1041 1040/1040/1040 1038/1038/1038
f 1041/1041/1041 1038/1038/1038 1042/1042/1042
f 1043/1043/1043 1040/1040/1040 1041/1041/1041
f 1044/1044/1044 1041/1041/1041 1042/1042/1042
f 1042/1042/1042 1045/1045/1045 1044/1044/1044
f 1046/1046/1046 1043/1043/1043 1041/1041/1041
f 1046/1046/1046 1041/1041/1041 1044/1044/1044
f 1047/1047/1047 1043/1043/1043 1046/1046/1046
f 1048/1048/1048 1047/1047/1047 1046/1046/1046
f 1048/1048/1048 1046/1046/1046 1049/1049/1049
f 1049/1049/1049 1046/1046/1046 1044/1044/1044
f 1050/1050/1050 1048/1048/1048 1049/1049/1049
f 1051/1051/1051 1050/1050/1050 1049/1049/1049
f 1045/1045/1045 1052/1052/1052 1044/1044/1044
f 1044/1044/1044 1052/1052/1052 1049/1049/1049
f 1045/1045/1045 1053/1053/1053 1052/1052/1052
f 1053/1053/1053 1054/1054/1054 1052/1052/1052
f 1055/1055/1055 1051/1051/1051 1049/1049/1049
f 1052/1052/1052 1055/1055/1055 1049/1049/1049
f 1052/1052/1052 1054/1054/1054 1055/1055/1055
f 1056/1056/1056 1051/1051/1051 1055/1055/1055
f 1054/1054/1054 1057/1057/1057 1055/1055/1055
f 1057/1057/1057 1056/1056/1056 1055/1055/1055
f 1060/1060/1060 1059/1059/1059 1058/1058/1058
f 1058/1058/1058 1061/1061/1061 1060/1060/1060
f 1061/1061/1061 1062/1062/1062 1060/1060/1060
f 1065/1065/1065 1064/1064/1064 1063/1063/1063
f 1064/1064/1064 1066/1066/1066 1063/1063/1063
f 1063/1063/1063 1066/1066/1066 1067/1067/1067
f 1066/1066/1066 1068/1068/1068 1067/1067/1067
f 1069/1069/1069 1067/1067/1067 1068/1068/1068
f 1070/1070/1070 1069/1069/1069 1068/1068/1068
f 1069/1069/1069 1070/1070/1070 1071/1071/1071
f 1070/1070/1070 1072/1072/1072 1071/1071/1071
f 1075/1075/1075 1074/1074/1074 1073/1073/1073
f 1076/1076/1076 1075/1075/1075 1073/1073/1073
f 1077/1077/1077 1076/1076/1076 1073/1073/1073
f 1078/1078/1078 1077/1077/1077 1073/1073/1073
f 1075/1075/1075 1080/1080/1080 1079/1079/1079
f 1080/1080/1080 1081/1081/1081 1079/1079/1079
f 1080/1080/1080 1082/1082/1082 1081/1081/1081
f 1082/1082/1082 1083/1083/1083 1081/1081/1081
f 1086/1086/1086 1085/1085/1085 1084/1084/1084
f 1087/1087/1087 1086/1086/1086 1084/1084/1084
f 1084/1084/1084 1088/1088/1088 1087/1087/1087
f 1088/1088/1088 1089/1089/1089 1087/1087/1087
f 1092/1092/1092 1091/1091/1091 1090/1090/1090
f 1093/1093/1093 1092/1092/1092 1090/1090/1090
f 1093/1093/1093 1090/1090/1090 1094/1094/1094
f 1095/1095/1095 1093/1093/1093 1094/1094/1094
f 1094/1094/1094 1090/1090/1090 1096/1096/1096
f 1090/1090/1090 1097/1097/1097 1096/1096/1096
f 1099/1099/1099 1098/1098/1098 1095/1095/1095
f 1100/1100/1100 1099/1099/1099 1095/1095/1095
f 1101/1101/1101 1099/1099/1099 1100/1100/1100
f 1102/1102/1102 1101/1101/1101 1100/1100/1100
f 1105/1105/1105 1104/1104/1104 1103/1103/1103
f 1104/1104/1104 1105/1105/1105 1106/1106/1106
f 1106/1106/1106 1107/1107/1107 1104/1104/1104
f 1107/1107/1107 1108/1108/1108 1104/1104/1104
f 1111/1111/1111 1110/1110/1110 1109/1109/1109
f 1112/1112/1112 1111/1111/1111 1109/1109/1109
f 1115/1115/1115 1114/1114/1114 1113/1113/1113
f 1116/1116/1116 1115/1115/1115 1113/1113/1113
f 1119/1119/1119 1118/1118/1118 1117/1117/1117
f 1118/1118/1118 1120/1120/1120 1117/1117/1117
f 1120/1120/1120 1118/1118/1118 1121/1121/1121
f 1118/1118/1118 1122/1122/1122 1121/1121/1121
f 1125/1125/1125 1124/1124/1124 1123/1123/1123
f 1126/1126/1126 1125/1125/1125 1123/1123/1123
f 1129/1129/1129 1128/1128/1128 1127/1127/1127
f 1128/1128/1128 1130/1130/1130 1127/1127/1127
f 1130/1130/1130 1128/1128/1128 1131/1131/1131
f 1127/1127/1127 1130/1130/1130 1132/1132/1132
f 1133/1133/1133 1130/1130/1130 1131/1131/1131
f 1130/1130/1130 1134/1134/1134 1132/1132/1132
f 1134/1134/1134 1130/1130/1130 1133/1133/1133
f 1132/1132/1132 1134/1134/1134 1135/1135/1135
f 1136/1136/1136 1134/1134/1134 1133/1133/1133
f 1134/1134/1134 1137/1137/1137 1135/1135/1135
f 1137/1137/1137 1134/1134/1134 1136/1136/1136
f 1138/1138/1138 1137/1137/1137 1136/1136/1136
f 1141/1141/1141 1140/1140/1140 1139/1139/1139
f 1142/1142/1142 1141/1141/1141 1139/1139/1139
f 1145/1145/1145 1144/1144/1144 1143/1143/1143
f 1146/1146/1146 1145/1145/1145 1143/1143/1143
f 1149/1149/1149 1148/1148/1148 1147/1147/1147
f 1150/1150/1150 1149/1149/1149 1147/1147/1147
f 1151/1151/1151 1149/1149/1149 1150/1150/1150
f 1154/1154/1154 1153/1153/1153 1152/1152/1152
f 1153/1153/1153 1155/1155/1155 1152/1152/1152
f 1152/1152/1152 1155/1155/1155 1156/1156/1156
f 1155/1155/1155 1157/1157/1157 1156/1156/1156
f 1158/1158/1158 1156/1156/1156 1157/1157/1157
f 1159/1159/1159 1158/1158/1158 1157/1157/1157
f 1162/1162/1162 1161/1161/1161 1160/1160/1160
f 1161/1161/1161 1163/1163/1163 1160/1160/1160
f 1164/1164/1164 1160/1160/1160 1163/1163/1163
f 1165/1165/1165 1164/1164/1164 1163/1163/1163
f 1168/1168/1168 1167/1167/1167 1166/1166/1166
f 1169/1169/1169 1168/1168/1168 1166/1166/1166
f 1169/1169/1169 1166/1166/1166 1170/1170/1170
f 1171/1171/1171 1168/1168/1168 1169/1169/1169
f 1172/1172/1172 1169/1169/1169 1170/1170/1170
f 1170/1170/1170 1173/1173/1173 1172/1172/1172
f 1174/1174/1174 1171/1171/1171 1169/1169/1169
f 1174/1174/1174 1169/1169/1169 1172/1172/1172
f 1175/1175/1175 1171/1171/1171 1174/1174/1174
f 1176/1176/1176 1175/1175/1175 1174/1174/1174
f 1176/1176/1176 1174/1174/1174 1177/1177/1177
f 1177/1177/1177 1174/1174/1174 1172/1172/1172
f 1178/1178/1178 1176/1176/1176 1177/1177/1177
f 1179/1179/1179 1178/1178/1178 1177/1177/1177
f 1173/1173/1173 1180/1180/1180 1172/1172/1172
f 1172/1172/1172 1180/1180/1180 1177/1177/1177
f 1173/1173/1173 1181/1181/1181 1180/1180/1180
f 1181/1181/1181 1182/1182/1182 1180/1180/1180
f 1183/1183/1183 1179/1179/1179 1177/1177/1177
f 1180/1180/1180 1183/1183/1183 1177/1177/1177
f 1180/1180/1180 1182/1182/1182 1183/1183/1183
f 1184/1184/1184 1179/1179/1179 1183/1183/1183
f 1182/1182/1182 1185/1185/1185 1183/1183/1183
f 1185/1185/1185 1184/1184/1184 1183/1183/1183
f 1188/1188/1188 1187/1187/1187 1186/1186/1186
f 1186/1186/1186 1189/1189/1189 1188/1188/1188
f 1189/1189/1189 1190/1190/1190 1188/1188/1188
f 1193/1193/1193 1192/1192/1192 1191/1191/1191
f 1192/1192/1192 1194/1194/1194 1191/1191/1191
f 1191/1191/1191 1194/1194/1194 1195/1195/1195
f 1194/1194/1194 1196/1196/1196 1195/1195/1195
f 1197/1197/1197 1195/1195/1195 1196/1196/1196
f 1198/1198/1198 1197/1197/1197 1196/1196/1196
f 1197/1197/1197 1198/1198/1198 1199/1199/1199
f 1198/1198/1198 1200/1200/1200 1199/1199/1199
f 1203/1203/1203 1202/1202/1202 1201/1201/1201
f 1204/1204/1204 1203/1203/1203 1201/1201/1201
f 1204/1204/1204 1201/1201/1201 1205/1205/1205
f 1206/1206/1206 1203/1203/1203 1204/1204/1204
f 1207/1207/1207 1204/1204/1204 1205/1205/1205
f 1205/1205/1205 1208/1208/1208 1207/1207/1207
f 1208/1208/1208 1209/1209/1209 1207/1207/1207
f 1210/1210/1210 1206/1206/1206 1204/1204/1204
f 1210/1210/1210 1204/1204/1204 1207/1207/1207
f 1211/1211/1211 1206/1206/1206 1210/1210/1210
f 1212/1212/1212 1211/1211/1211 1210/1210/1210
f 1207/1207/1207 1209/1209/1209 1213/1213/1213
f 1213/1213/1213 1210/1210/1210 1207/1207/1207
f 1212/1212/1212 1210/1210/1210 1213/1213/1213
f 1209/1209/1209 1214/1214/1214 1213/1213/1213
f 1215/1215/1215 1212/1212/1212 1213/1213/1213
f 1214/1214/1214 1216/1216/1216 1213/1213/1213
f 1216/1216/1216 1215/1215/1215 1213/1213/1213
f 1219/1219/1219 1218/1218/1218 1217/1217/1217
f 1218/1218/1218 1220/1220/1220 1217/1217/1217
f 1221/1221/1221 1217/1217/1217 1220/1220/1220
f 1222/1222/1222 1221/1221/1221 1220/1220/1220
f 1223/1223/1223 1221/1221/1221 1222/1222/1222
f 1224/1224/1224 1223/1223/1223 1222/1222/1222
f 1227/1227/1227 1226/1226/1226 1225/1225/1225
f 1225/1225/1225 1228/1228/1228 1227/1227/1227
f 1228/1228/1228 1229/1229/1229 1227/1227/1227
f 1232/1232/1232 1231/1231/1231 1230/1230/1230
f 1233/1233/1233 1232/1232/1232 1230/1230/1230
f 1233/1233/1233 1230/1230/1230 1234/1234/1234
f 1235/1235/1235 1232/1232/1232 1233/1233/1233
f 1236/1236/1236 1233/1233/1233 1234/1234/1234
f 1234/1234/1234 1237/1237/1237 1236/1236/1236
f 1237/1237/1237 1238/1238/1238 1236/1236/1236
f 1239/1239/1239 1235/1235/1235 1233/1233/1233
f 1239/1239/1239 1233/1233/1233 1236/1236/1236
f 1240/1240/1240 1235/1235/1235 1239/1239/1239
f 1241/1241/1241 1240/1240/1240 1239/1239/1239
f 1236/1236/1236 1238/1238/1238 1242/1242/1242
f 1242/1242/1242 1239/1239/1239 1236/1236/1236
f 1241/1241/1241 1239/1239/1239 1242/1242/1242
f 1238/1238/1238 1243/1243/1243 1242/1242/1242
f 1244/1244/1244 1241/1241/1241 1242/1242/1242
f 1243/1243/1243 1245/1245/1245 1242/1242/1242
f 1245/1245/1245 1244/1244/1244 1242/1242/1242
f 1248/1248/1248 1247/1247/1247 1246/1246/1246
f 1247/1247/1247 1249/1249/1249 1246/1246/1246
f 1250/1250/1250 1246/1246/1246 1249/1249/1249
f 1251/1251/1251 1250/1250/1250 1249/1249/1249
f 1252/1252/1252 1250/1250/1250 1251/1251/1251
f 1253/1253/1253 1252/1252/1252 1251/1251/1251
f 1256/1256/1256 1255/1255/1255 1254/1254/1254
f 1254/1254/1254 1257/1257/1257 1256/1256/1256
f 1254/1254/1254 1258/1258/1258 1257/1257/1257
f 1261/1261/1261 1260/1260/1260 1259/1259/1259
f 1262/1262/1262 1261/1261/1261 1259/1259/1259
f 1262/1262/1262 1259/1259/1259 1263/1263/1263
f 1264/1264/1264 1261/1261/1261 1262/1262/1262
f 1265/1265/1265 1262/1262/1262 1263/1263/1263
f 1263/1263/1263 1266/1266/1266 1265/1265/1265
f 1267/1267/1267 1264/1264/1264 1262/1262/1262
f 1267/1267/1267 1262/1262/1262 1265/1265/1265
f 1268/1268/1268 1264/1264/1264 1267/1267/1267
f 1269/1269/1269 1268/1268/1268 1267/1267/1267
f 1269/1269/1269 1267/1267/1267 1270/1270/1270
f 1270/1270/1270 1267/1267/1267 1265/1265/1265
f 1271/1271/1271 1269/1269/1269 1270/1270/1270
f 1272/1272/1272 1271/1271/1271 1270/1270/1270
f 1266/1266/1266 1273/1273/1273 1265/1265/1265
f 1265/1265/1265 1273/1273/1273 1270/1270/1270
f 1266/1266/1266 1274/1274/1274 1273/1273/1273
f 1274/1274/1274 1275/1275/1275 1273/1273/1273
f 1276/1276/1276 1272/1272/1272 1270/1270/1270
f 1273/1273/1273 1276/1276/1276 1270/1270/1270
f 1273/1273/1273 1275/1275/1275 1276/1276/1276
f 1277/1277/1277 1272/1272/1272 1276/1276/1276
f 1275/1275/1275 1278/1278/1278 1276/1276/1276
f 1278/1278/1278 1277/1277/1277 1276/1276/1276
f 1281/1281/1281 1280/1280/1280 1279/1279/1279
f 1279/1279/1279 1282/1282/1282 1281/1281/1281
f 1282/1282/1282 1283/1283/1283 1281/1281/1281
f 1286/1286/1286 1285/1285/1285 1284/1284/1284
f 1285/1285/1285 1287/1287/1287 1284/1284/1284
f 1284/1284/1284 1287/1287/1287 1288/1288/1288
f 1287/1287/1287 1289/1289/1289 1288/1288/1288
f 1290/1290/1290 1288/1288/1288 1289/1289/1289
f 1291/1291/1291 1290/1290/1290 1289/1289/1289
f 1290/1290/1290 1291/1291/1291 1292/1292/1292
f 1291/1291/1291 1293/1293/1293 1292/1292/1292
f 1296/1296/1296 1295/1295/1295 1294/1294/1294
f 1297/1297/1297 1296/1296/1296 1294/1294/1294
f 1297/1297/1297 1294/1294/1294 1298/1298/1298
f 1299/1299/1299 1296/1296/1296 1297/1297/1297
f 1300/1300/1300 1297/1297/1297 1298/1298/1298
f 1298/1298/1298 1301/1301/1301 1300/1300/1300
f 1302/1302/1302 1299/1299/1299 1297/1297/1297
f 1302/1302/1302 1297/1297/1297 1300/1300/1300
f 1303/1303/1303 1299/1299/1299 1302/1302/1302
f 1304/1304/1304 1303/1303/1303 1302/1302/1302
f 1304/1304/1304 1302/1302/1302 1305/1305/1305
f 1305/1305/1305 1302/1302/1302 1300/1300/1300
f 1306/1306/1306 1304/1304/1304 1305/1305/1305
f 1307/1307/1307 1306/1306/1306 1305/1305/1305
f 1301/1301/1301 1308/1308/1308 1300/1300/1300
f 1300/1300/1300 1308/1308/1308 1305/1305/1305
f 1301/1301/1301 1309/1309/1309 1308/1308/1308
f 1309/1309/1309 1310/1310/1310 1308/1308/1308
f 1311/1311/1311 1307/1307/1307 1305/1305/1305
f 1308/1308/1308 1311/1311/1311 1305/1305/1305
f 1308/1308/1308 1310/1310/1310 1311/1311/1311
f 1312/1312/1312 1307/1307/1307 1311/1311/1311
f 1310/1310/1310 1313/1313/1313 1311/1311/1311
f 1313/1313/1313 1312/1312/1312 1311/1311/1311
f 1316/1316/1316 1315/1315/1315 1314/1314/1314
f 1314/1314/1314 1317/1317/1317 1316/1316/1316
f 1317/1317/1317 1318/1318/1318 1316/1316/1316
f 1321/1321/1321 1320/1320/1320 1319/1319/1319
f 1320/1320/1320 1322/1322/1322 1319/1319/1319
f 1319/1319/1319 1322/1322/1322 1323/1323/1323
f 1322/1322/1322 1324/1324/1324 1323/1323/1323
f 1325/1325/1325 1323/1323/1323 1324/1324/1324
f 1326/1326/1326 1325/1325/1325 1324/1324/1324
f 1325/1325/1325 1326/1326/1326 1327/1327/1327
f 1326/1326/1326 1328/1328/1328 1327/1327/1327
f 1331/1331/1331 1330/1330/1330 1329/1329/1329
f 1332/1332/1332 1331/1331/1331 1329/1329/1329
f 1332/1332/1332 1329/1329/1329 1333/1333/1333
f 1334/1334/1334 1331/1331/1331 1332/1332/1332
f 1335/1335/1335 1332/1332/1332 1333/1333/1333
f 1333/1333/1333 1336/1336/1336 1335/1335/1335
f 1337/1337/1337 1334/1334/1334 1332/1332/1332
f 1337/1337/1337 1332/1332/1332 1335/1335/1335
f 1338/1338/1338 1334/1334/1334 1337/1337/1337
f 1339/1339/1339 1338/1338/1338 1337/1337/1337
f 1339/1339/1339 1337/1337/1337 1340/1340/1340
f 1340/1340/1340 1337/1337/1337 1335/1335/1335
f 1341/1341/1341 1339/1339/1339 1340/1340/1340
f 1342/1342/1342 1341/1341/1341 1340/1340/1340
f 1336/1336/1336 1343/1343/1343 1335/1335/1335
f 1335/1335/1335 1343/1343/1343 1340/1340/1340
f 1336/1336/1336 1344/1344/1344 1343/1343/1343
f 1344/1344/1344 1345/1345/1345 1343/1343/1343
f 1346/1346/1346 1342/1342/1342 1340/1340/1340
f 1343/1343/1343 1346/1346/1346 1340/1340/1340
f 1343/1343/1343 1345/1345/1345 1346/1346/1346
f 1347/1347/1347 1342/1342/1342 1346/1346/1346
f 1345/1345/1345 1348/1348/1348 1346/1346/1346
f 1348/1348/1348 1347/1347/1347 1346/1346/1346
f 1351/1351/1351 1350/1350/1350 1349/1349/1349
f 1349/1349/1349 1352/1352/1352 1351/1351/1351
f 1352/1352/1352 1353/1353/1353 1351/1351/1351
f 1356/1356/1356 1355/1355/1355 1354/1354/1354
f 1355/1355/1355 1357/1357/1357 1354/1354/1354
f 1354/1354/1354 1357/1357/1357 1358/1358/1358
f 1357/1357/1357 1359/1359/1359 1358/1358/1358
f 1360/1360/1360 1358/1358/1358 1359/1359/1359
f 1361/1361/1361 1360/1360/1360 1359/1359/1359
f 1360/1360/1360 1361/1361/1361 1362/1362/1362
f 1361/1361/1361 1363/1363/1363 1362/1362/1362
f 1366/1366/1366 1365/1365/1365 1364/1364/1364
f 1367/1367/1367 1366/1366/1366 1364/1364/1364
f 1367/1367/1367 1364/1364/1364 1368/1368/1368
f 1369/1369/1369 1366/1366/1366 1367/1367/1367
f 1370/1370/1370 1367/1367/1367 1368/1368/1368
f 1368/1368/1368 1371/1371/1371 1370/1370/1370
f 1372/1372/1372 1369/1369/1369 1367/1367/1367
f 1372/1372/1372 1367/1367/1367 1370/1370/1370
f 1373/1373/1373 1369/1369/1369 1372/1372/1372
f 1374/1374/1374 1373/1373/1373 1372/1372/1372
f 1374/1374/1374 1372/1372/1372 1375/1375/1375
f 1375/1375/1375 1372/1372/1372 1370/1370/1370
f 1376/1376/1376 1374/1374/1374 1375/1375/1375
f 1377/1377/1377 1376/1376/1376 1375/1375/1375
f 1371/1371/1371 1378/1378/1378 1370/1370/1370
f 1370/1370/1370 1378/1378/1378 1375/1375/1375
f 1371/1371/1371 1379/1379/1379 1378/1378/1378
f 1379/1379/1379 1380/1380/1380 1378/1378/1378
f 1381/1381/1381 1377/1377/1377 1375/1375/1375
f 1378/1378/1378 1381/1381/1381 1375/1375/1375
f 1378/1378/1378 1380/1380/1380 1381/1381/1381
f 1382/1382/1382 1377/1377/1377 1381/1381/1381
f 1380/1380/1380 1383/1383/1383 1381/1381/1381
f 1383/1383/1383 1382/1382/1382 1381/1381/1381
f 1386/1386/1386 1385/1385/1385 1384/1384/1384
f 1384/1384/1384 1387/1387/1387 1386/1386/1386
f 1387/1387/1387 1388/1388/1388 1386/1386/1386
f 1391/1391/1391 1390/1390/1390 1389/1389/1389
f 1390/1390/1390 1392/1392/1392 1389/1389/1389
f 1389/1389/1389 1392/1392/1392 1393/1393/1393
f 1392/1392/1392 1394/1394/1394 1393/1393/1393
f 1395/1395/1395 1393/1393/1393 1394/1394/1394
f 1396/1396/1396 1395/1395/1395 1394/1394/1394
f 1395/1395/1395 1396/1396/1396 1397/1397/1397
f 1396/1396/1396 1398/1398/1398 1397/1397/1397
f 1401/1401/1401 1400/1400/1400 1399/1399/1399
f 1402/1402/1402 1401/1401/1401 1399/1399/1399
f 1402/1402/1402 1399/1399/1399 1403/1403/1403
f 1404/1404/1404 1401/1401/1401 1402/1402/1402
f 1405/1405/1405 1402/1402/1402 1403/1403/1403
f 1403/1403/1403 1406/1406/1406 1405/1405/1405
f 1406/1406/1406 1407/1407/1407 1405/1405/1405
f 1408/1408/1408 1404/1404/1404 1402/1402/1402
f 1408/1408/1408 1402/1402/1402 1405/1405/1405
f 1409/1409/1409 1404/1404/1404 1408/1408/1408
f 1410/1410/1410 1409/1409/1409 1408/1408/1408
f 1405/1405/1405 1407/1407/1407 1411/1411/1411
f 1411/1411/1411 1408/1408/1408 1405/1405/1405
f 1410/1410/1410 1408/1408/1408 1411/1411/1411
f 1407/1407/1407 1412/1412/1412 1411/1411/1411
f 1413/1413/1413 1410/1410/1410 1411/1411/1411
f 1412/1412/1412 1414/1414/1414 1411/1411/1411
f 1414/1414/1414 1413/1413/1413 1411/1411/1411
f 1417/1417/1417 1416/1416/1416 1415/1415/1415
f 1416/1416/1416 1418/1418/1418 1415/1415/1415
f 1419/1419/1419 1415/1415/1415 1418/1418/1418
f 1420/1420/1420 1419/1419/1419 1418/1418/1418
f 1421/1421/1421 1419/1419/1419 1420/1420/1420
f 1422/1422/1422 1421/1421/1421 1420/1420/1420
f 1425/1425/1425 1424/1424/1424 1423/1423/1423
f 1423/1423/1423 1426/1426/1426 1425/1425/1425
f 1426/1426/1426 1427/1427/1427 1425/1425/1425
f 1430/1430/1430 1429/1429/1429 1428/1428/1428
f 1431/1431/1431 1430/1430/1430 1428/1428/1428
f 1432/1432/1432 1431/1431/1431 1428/1428/1428
f 1433/1433/1433 1432/1432/1432 1428/1428/1428
f 1430/1430/1430 1435/1435/1435 1434/1434/1434
f 1435/1435/1435 1436/1436/1436 1434/1434/1434
f 1435/1435/1435 1437/1437/1437 1436/1436/1436
f 1437/1437/1437 1438/1438/1438 1436/1436/1436
f 1441/1441/1441 1440/1440/1440 1439/1439/1439
f 1442/1442/1442 1441/1441/1441 1439/1439/1439
f 1439/1439/1439 1443/1443/1443 1442/1442/1442
f 1443/1443/1443 1444/1444/1444 1442/1442/1442
f 1447/1447/1447 1446/1446/1446 1445/1445/1445
f 1448/1448/1448 1447/1447/1447 1445/1445/1445
f 1448/1448/1448 1445/1445/1445 1449/1449/1449
f 1450/1450/1450 1448/1448/1448 1449/1449/1449
f 1449/1449/1449 1445/1445/1445 1451/1451/1451
f 1445/1445/1445 1452/1452/1452 1451/1451/1451
f 1454/1454/1454 1453/1453/1453 1450/1450/1450
f 1455/1455/1455 1454/1454/1454 1450/1450/1450
f 1456/1456/1456 1454/1454/1454 1455/1455/1455
f 1457/1457/1457 1456/1456/1456 1455/1455/1455
f 1460/1460/1460 1459/1459/1459 1458/1458/1458
f 1459/1459/1459 1460/1460/1460 1461/1461/1461
f 1461/1461/1461 1462/1462/1462 1459/1459/1459
f 1462/1462/1462 1463/1463/1463 1459/1459/1459
f 1466/1466/1466 1465/1465/1465 1464/1464/1464
f 1467/1467/1467 1466/1466/1466 1464/1464/1464
f 1470/1470/1470 1469/1469/1469 1468/1468/1468
f 1471/1471/1471 1470/1470/1470 1468/1468/1468
f 1474/1474/1474 1473/1473/1473 1472/1472/1472
f 1473/1473/1473 1475/1475/1475 1472/1472/1472
f 1475/1475/1475 1473/1473/1473 1476/1476/1476
f 1473/1473/1473 1477/1477/1477 1476/1476/1476
f 1480/1480/1480 1479/1479/1479 1478/1478/1478
f 1481/1481/1481 1480/1480/1480 1478/1478/1478
f 1484/1484/1484 1483/1483/1483 1482/1482/1482
f 1483/1483/1483 1485/1485/1485 1482/1482/1482
f 1485/1485/1485 1483/1483/1483 1486/1486/1486
f 1482/1482/1482 1485/1485/1485 1487/1487/1487
f 1488/1488/1488 1485/1485/1485 1486/1486/1486
f 1485/1485/1485 1489/1489/1489 1487/1487/1487
f 1489/1489/1489 1485/1485/1485 1488/1488/1488
f 1487/1487/1487 1489/1489/1489 1490/1490/1490
f 1491/1491/1491 1489/1489/1489 1488/1488/1488
f 1489/1489/1489 1492/1492/1492 1490/1490/1490
f 1492/1492/1492 1489/1489/1489 1491/1491/1491
f 1493/1493/1493 1492/1492/1492 1491/1491/1491
f 1496/1496/1496 1495/1495/1495 1494/1494/1494
f 1497/1497/1497 1496/1496/1496 1494/1494/1494
f 1500/1500/1500 1499/1499/1499 1498/1498/1498
f 1501/1501/1501 1500/1500/1500 1498/1498/1498
f 1504/1504/1504 1503/1503/1503 1502/1502/1502
f 1505/1505/1505 1504/1504/1504 1502/1502/1502
f 1506/1506/1506 1504/1504/1504 1505/1505/1505
f 1509/1509/1509 1508/1508/1508 1507/1507/1507
f 1508/1508/1508 1510/1510/1510 1507/1507/1507
f 1507/1507/1507 1510/1510/1510 1511/1511/1511
f 1510/1510/1510 1512/1512/1512 1511/1511/1511
f 1513/1513/1513 1511/1511/1511 1512/1512/1512
f 1514/1514/1514 1513/1513/1513 1512/1512/1512
f 1517/1517/1517 1516/1516/1516 1515/1515/1515
f 1516/1516/1516 1518/1518/1518 1515/1515/1515
f 1519/1519/1519 1515/1515/1515 1518/1518/1518
f 1520/1520/1520 1519/1519/1519 1518/1518/1518
f 1523/1523/1523 1522/1522/1522 1521/1521/1521
f 1524/1524/1524 1523/1523/1523 1521/1521/1521
f 1524/1524/1524 1521/1521/1521 1525/1525/1525
f 1526/1526/1526 1523/1523/1523 1524/1524/1524
f 1527/1527/1527 1524/1524/1524 1525/1525/1525
f 1525/1525/1525 1528/1528/1528 1527/1527/1527
f 1529/1529/1529 1526/1526/1526 1524/1524/1524
f 1529/1529/1529 1524/1524/1524 1527/1527/1527
f 1530/1530/1530 1526/1526/1526 1529/1529/1529
f 1531/1531/1531 1530/1530/1530 1529/1529/1529
f 1531/1531/1531 1529/1529/1529 1532/1532/1532
f 1532/1532/1532 1529/1529/1529 1527/1527/1527
f 1533/1533/1533 1531/1531/1531 1532/1532/1532
f 1534/1534/1534 1533/1533/1533 1532/1532/1532
f 1528/1528/1528 1535/1535/1535 1527/1527/1527
f 1527/1527/1527 1535/1535/1535 1532/1532/1532
f 1528/1528/1528 1536/1536/1536 1535/1535/1535
f 1536/1536/1536 1537/1537/1537 1535/1535/1535
f 1538/1538/1538 1534/1534/1534 1532/1532/1532
f 1535/1535/1535 1538/1538/1538 1532/1532/1532
f 1535/1535/1535 1537/1537/1537 1538/1538/1538
f 1539/1539/1539 1534/1534/1534 1538/1538/1538
f 1537/1537/1537 1540/1540/1540 1538/1538/1538
f 1540/1540/1540 1539/1539/1539 1538/1538/1538
f 1543/1543/1543 1542/1542/1542 1541/1541/1541
f 1541/1541/1541 1544/1544/1544 1543/1543/1543
f 1544/1544/1544 1545/1545/1545 1543/1543/1543
f 1548/1548/1548 1547/1547/1547 1546/1546/1546
f 1547/1547/1547 1549/1549/1549 1546/1546/1546
f 1546/1546/1546 1549/1549/1549 1550/1550/1550
f 1549/1549/1549 1551/1551/1551 1550/1550/1550
f 1552/1552/1552 1550/1550/1550 1551/1551/1551
f 1553/1553/1553 1552/1552/1552 1551/1551/1551
f 1552/1552/1552 1553/1553/1553 1554/1554/1554
f 1553/1553/1553 1555/1555/1555 1554/1554/1554
f 1558/1558/1558 1557/1557/1557 1556/1556/1556
f 1559/1559/1559 1558/1558/1558 1556/1556/1556
f 1559/1559/1559 1556/1556/1556 1560/1560/1560
f 1561/1561/1561 1558/1558/1558 1559/1559/1559
f 1562/1562/1562 1559/1559/1559 1560/1560/1560
f 1560/1560/1560 1563/1563/1563 1562/1562/1562
f 1564/1564/1564 1561/1561/1561 1559/1559/1559
f 1564/1564/1564 1559/1559/1559 1562/1562/1562
f 1565/1565/1565 1561/1561/1561 1564/1564/1564
f 1566/1566/1566 1565/1565/1565 1564/1564/1564
f 1566/1566/1566 1564/1564/1564 1567/1567/1567
f 1567/1567/1567 1564/1564/1564 1562/1562/1562
f 1568/1568/1568 1566/1566/1566 1567/1567/1567
f 1569/1569/1569 1568/1568/1568 1567/1567/1567
f 1563/1563/1563 1570/1570/1570 1562/1562/1562
f 1562/1562/1562 1570/1570/1570 1567/1567/1567
f 1563/1563/1563 1571/1571/1571 1570/1570/1570
f 1571/1571/1571 1572/1572/1572 1570/1570/1570
f 1573/1573/1573 1569/1569/1569 1567/1567/1567
f 1570/1570/1570 1573/1573/1573 1567/1567/1567
f 1570/1570/1570 1572/1572/1572 1573/1573/1573
f 1574/1574/1574 1569/1569/1569 1573/1573/1573
f 1572/1572/1572 1575/1575/1575 1573/1573/1573
f 1575/1575/1575 1574/1574/1574 1573/1573/1573
f 1578/1578/1578 1577/1577/1577 1576/1576/1576
f 1576/1576/1576 1579/1579/1579 1578/1578/1578
f 1579/1579/1579 1580/1580/1580 1578/1578/1578
f 1583/1583/1583 1582/1582/1582 1581/1581/1581
f 1582/1582/1582 1584/1584/1584 1581/1581/1581
f 1581/1581/1581 1584/1584/1584 1585/1585/1585
f 1584/1584/1584 1586/1586/1586 1585/1585/1585
f 1587/1587/1587 1585/1585/1585 1586/1586/1586
f 1588/1588/1588 1587/1587/1587 1586/1586/1586
f 1587/1587/1587 1588/1588/1588 1589/1589/1589
f 1588/1588/1588 1590/1590/1590 1589/1589/1589
f 1593/1593/1593 1592/1592/1592 1591/1591/1591
f 1594/1594/1594 1593/1593/1593 1591/1591/1591
f 1594/1594/1594 1591/1591/1591 1595/1595/1595
f 1596/1596/1596 1593/1593/1593 1594/1594/1594
f 1597/1597/1597 1594/1594/1594 1595/1595/1595
f 1595/1595/1595 1598/1598/1598 1597/1597/1597
f 1599/1599/1599 1596/1596/1596 1594/1594/1594
f 1599/1599/1599 1594/1594/1594 1597/1597/1597
f 1600/1600/1600 1596/1596/1596 1599/1599/1599
f 1601/1601/1601 1600/1600/1600 1599/1599/1599
f 1601/1601/1601 1599/1599/1599 1602/1602/1602
f 1602/1602/1602 1599/1599/1599 1597/1597/1597
f 1603/1603/1603 1601/1601/1601 1602/1602/1602
f 1604/1604/1604 1603/1603/1603 1602/1602/1602
f 1598/1598/1598 1605/1605/1605 1597/1597/1597
f 1597/1597/1597 1605/1605/1605 1602/1602/1602
f 1598/1598/1598 1606/1606/1606 1605/1605/1605
f 1606/1606/1606 1607/1607/1607 1605/1605/1605
f 1608/1608/1608 1604/1604/1604 1602/1602/1602
f 1605/1605/1605 1608/1608/1608 1602/1602/1602
f 1605/1605/1605 1607/1607/1607 1608/1608/1608
f 1609/1609/1609 1604/1604/1604 1608/1608/1608
f 1607/1607/1607 1610/1610/1610 1608/1608/1608
f 1610/1610/1610 1609/1609/1609 1608/1608/1608
f 1613/1613/1613 1612/1612/1612 1611/1611/1611
f 1611/1611/1611 1614/1614/1614 1613/1613/1613
f 1614/1614/1614 1615/1615/1615 1613/1613/1613
f 1618/1618/1618 1617/1617/1617 1616/1616/1616
f 1617/1617/1617 1619/1619/1619 1616/1616/1616
f 1616/1616/1616 1619/1619/1619 1620/1620/1620
f 1619/1619/1619 1621/1621/1621 1620/1620/1620
f 1622/1622/1622 1620/1620/1620 1621/1621/1621
f 1623/1623/1623 1622/1622/1622 1621/1621/1621
f 1622/1622/1622 1623/1623/1623 1624/1624/1624
f 1623/1623/1623 1625/1625/1625 1624/1624/1624
f 1628/1628/1628 1627/1627/1627 1626/1626/1626
f 1629/1629/1629 1628/1628/1628 1626/1626/1626
f 1629/1629/1629 1626/1626/1626 1630/1630/1630
f 1631/1631/1631 1628/1628/1628 1629/1629/1629
f 1632/1632/1632 1629/1629/1629 1630/1630/1630
f 1630/1630/1630 1633/1633/1633 1632/1632/1632
f 1633/1633/1633 1634/1634/1634 1632/1632/1632
f 1635/1635/1635 1631/1631/1631 1629/1629/1629
f 1635/1635/1635 1629/1629/1629 1632/1632/1632
f 1636/1636/1636 1631/1631/1631 1635/1635/1635
f 1637/1637/1637 1636/1636/1636 1635/1635/1635
f 1632/1632/1632 1634/1634/1634 1638/1638/1638
f 1638/1638/1638 1635/1635/1635 1632/1632/1632
f 1637/1637/1637 1635/1635/1635 1638/1638/1638
f 1634/1634/1634 1639/1639/1639 1638/1638/1638
f 1640/1640/1640 1637/1637/1637 1638/1638/1638
f 1639/1639/1639 1641/1641/1641 1638/1638/1638
f 1641/1641/1641 1640/1640/1640 1638/1638/1638
f 1644/1644/1644 1643/1643/1643 1642/1642/1642
f 1643/1643/1643 1645/1645/1645 1642/1642/1642
f 1646/1646/1646 1642/1642/1642 1645/1645/1645
f 1647/1647/1647 1646/1646/1646 1645/1645/1645
f 1648/1648/1648 1646/1646/1646 1647/1647/1647
f 1649/1649/1649 1648/1648/1648 1647/1647/1647
f 1652/1652/1652 1651/1651/1651 1650/1650/1650
f 1650/1650/1650 1653/1653/1653 1652/1652/1652
f 1650/1650/1650 1654/1654/1654 1653/1653/1653
f 1657/1657/1657 1656/1656/1656 1655/1655/1655
f 1658/1658/1658 1657/1657/1657 1655/1655/1655
f 1658/1658/1658 1655/1655/1655 1659/1659/1659
f 1660/1660/1660 1657/1657/1657 1658/1658/1658
f 1661/1661/1661 1658/1658/1658 1659/1659/1659
f 1659/1659/1659 1662/1662/1662 1661/1661/1661
f 1663/1663/1663 1660/1660/1660 1658/1658/1658
f 1663/1663/1663 1658/1658/1658 1661/1661/1661
f 1664/1664/1664 1660/1660/1660 1663/1663/1663
f 1665/1665/1665 1664/1664/1664 1663/1663/1663
f 1665/1665/1665 1663/1663/1663 1666/1666/1666
f 1666/1666/1666 1663/1663/1663 1661/1661/1661
f 1667/1667/1667 1665/1665/1665 1666/1666/1666
f 1668/1668/1668 1667/1667/1667 1666/1666/1666
f 1662/1662/1662 1669/1669/1669 1661/1661/1661
f 1661/1661/1661 1669/1669/1669 1666/1666/1666
f 1662/1662/1662 1670/1670/1670 1669/1669/1669
f 1670/1670/1670 1671/1671/1671 1669/1669/1669
f 1672/1672/1672 1668/1668/1668 1666/1666/1666
f 1669/1669/1669 1672/1672/1672 1666/1666/1666
f 1669/1669/1669 1671/1671/1671 1672/1672/1672
f 1673/1673/1673 1668/1668/1668 1672/1672/1672
f 1671/1671/1671 1674/1674/1674 1672/1672/1672
f 1674/1674/1674 1673/1673/1673 1672/1672/1672
f 1677/1677/1677 1676/1676/1676 1675/1675/1675
f 1675/1675/1675 1678/1678/1678 1677/1677/1677
f 1678/1678/1678 1679/1679/1679 1677/1677/1677
f 1682/1682/1682 1681/1681/1681 1680/1680/1680
f 1681/1681/1681 1683/1683/1683 1680/1680/1680
f 1680/1680/1680 1683/1683/1683 1684/1684/1684
f 1683/1683/1683 1685/1685/1685 1684/1684/1684
f 1686/1686/1686 1684/1684/1684 1685/1685/1685
f 1687/1687/1687 1686/1686/1686 1685/1685/1685
f 1686/1686/1686 1687/1687/1687 1688/1688/1688
f 1687/1687/1687 1689/1689/1689 1688/1688/1688
f 1692/1692/1692 1691/1691/1691 1690/1690/1690
f 1693/1693/1693 1692/1692/1692 1690/1690/1690
f 1693/1693/1693 1690/1690/1690 1694/1694/1694
f 1695/1695/1695 1692/1692/1692 1693/1693/1693
f 1696/1696/1696 1693/1693/1693 1694/1694/1694
f 1694/1694/1694 1697/1697/1697 1696/1696/1696
f 1698/1698/1698 1695/1695/1695 1693/1693/1693
f 1698/1698/1698 1693/1693/1693 1696/1696/1696
f 1699/1699/1699 1695/1695/1695 1698/1698/1698
f 1700/1700/1700 1699/1699/1699 1698/1698/1698
f 1700/1700/1700 1698/1698/1698 1701/1701/1701
f 1701/1701/1701 1698/1698/1698 1696/1696/1696
f 1702/1702/1702 1700/1700/1700 1701/1701/1701
f 1703/1703/1703 1702/1702/1702 1701/1701/1701
f 1697/1697/1697 1704/1704/1704 1696/1696/1696
f 1696/1696/1696 1704/1704/1704 1701/1701/1701
f 1697/1697/1697 1705/1705/1705 1704/1704/1704
f 1705/1705/1705 1706/1706/1706 1704/1704/1704
f 1707/1707/1707 1703/1703/1703 1701/1701/1701
f 1704/1704/1704 1707/1707/1707 1701/1701/1701
f 1704/1704/1704 1706/1706/1706 1707/1707/1707
f 1708/1708/1708 1703/1703/1703 1707/1707/1707
f 1706/1706/1706 1709/1709/1709 1707/1707/1707
f 1709/1709/1709 1708/1708/1708 1707/1707/1707
f 1712/1712/1712 1711/1711/1711 1710/1710/1710
f 1710/1710/1710 1713/1713/1713 1712/1712/1712
f 1713/1713/1713 1714/1714/1714 1712/1712/1712
f 1717/1717/1717 1716/1716/1716 1715/1715/1715
f 1716/1716/1716 1718/1718/1718 1715/1715/1715
f 1715/1715/1715 1718/1718/1718 1719/1719/1719
f 1718/1718/1718 1720/1720/1720 1719/1719/1719
f 1721/1721/1721 1719/1719/1719 1720/1720/1720
f 1722/1722/1722 1721/1721/1721 1720/1720/1720
f 1721/1721/1721 1722/1722/1722 1723/1723/1723
f 1722/1722/1722 1724/1724/1724 1723/1723/1723
f 1727/1727/1727 1726/1726/1726 1725/1725/1725
f 1728/1728/1728 1727/1727/1727 1725/1725/1725
f 1728/1728/1728 1725/1725/1725 1729/1729/1729
f 1730/1730/1730 1727/1727/1727 1728/1728/1728
f 1731/1731/1731 1728/1728/1728 1729/1729/1729
f 1729/1729/1729 1732/1732/1732 1731/1731/1731
f 1732/1732/1732 1733/1733/1733 1731/1731/1731
f 1734/1734/1734 1730/1730/1730 1728/1728/1728
f 1734/1734/1734 1728/1728/1728 1731/1731/1731
f 1735/1735/1735 1730/1730/1730 1734/1734/1734
f 1736/1736/1736 1735/1735/1735 1734/1734/1734
f 1731/1731/1731 1733/1733/1733 1737/1737/1737
f 1737/1737/1737 1734/1734/1734 1731/1731/1731
f 1736/1736/1736 1734/1734/1734 1737/1737/1737
f 1733/1733/1733 1738/1738/1738 1737/1737/1737
f 1739/1739/1739 1736/1736/1736 1737/1737/1737
f 1738/1738/1738 1740/1740/1740 1737/1737/1737
f 1740/1740/1740 1739/1739/1739 1737/1737/1737
f 1743/1743/1743 1742/1742/1742 1741/1741/1741
f 1742/1742/1742 1744/1744/1744 1741/1741/1741
f 1745/1745/1745 1741/1741/1741 1744/1744/1744
f 1746/1746/1746 1745/1745/1745 1744/1744/1744
f 1747/1747/1747 1745/1745/1745 1746/1746/1746
f 1748/1748/1748 1747/1747/1747 1746/1746/1746
f 1751/1751/1751 1750/1750/1750 1749/1749/1749
f 1749/1749/1749 1752/1752/1752 1751/1751/1751
f 1752/1752/1752 1753/1753/1753 1751/1751/1751
