g B003_B005
v 11.728468 6.4159484 6.1973047
v 11.608663 8.64945 5.965673
v 11.827332 6.3937097 5.924973
v 11.707534 8.627213 5.693338
v 11.827332 6.3937097 5.924973
v 11.608663 8.64945 5.965673
v 11.827332 6.3937097 5.924973
v 11.648055 6.2577515 6.026587
v 11.728468 6.4159484 6.1973047
v 5.14056 6.494285 9.472042
v 5.4134893 6.5162897 9.569332
v 5.3330817 6.3580923 9.398613
v 5.606286 5.1335583 -5.319916
v 5.699938 5.019608 -5.1210203
v 5.879197 5.1555624 -5.2226343
v -0.70869017 5.2339063 -1.947883
v -0.80756164 5.2561426 -1.675556
v -0.6150458 5.1199493 -1.7489886
v 2.7858522 7.043151 4.4481483
v 2.4807174 10.24113 4.19318
v 2.9749107 7.045879 4.2609434
v 2.6698859 10.242825 4.006048
v 2.9749107 7.045879 4.2609434
v 2.4807174 10.24113 4.19318
v 2.9749107 7.045879 4.2609434
v 2.7965755 6.937632 4.2697206
v 2.7858522 7.043151 4.4481483
v -0.3025589 6.7249956 4.231512
v -0.117111206 6.758932 4.4192843
v -0.10638458 6.653417 4.240851
v 2.8910718 6.6453595 -0.6227535
v 2.8981764 6.5710483 -0.4262102
v 3.0765076 6.6792927 -0.4349947
v -0.0119006345 6.361145 -0.6516103
v -0.2009616 6.3584085 -0.4644085
v -0.0047940062 6.2868285 -0.4550704
v 5.686947 8.681329 5.315543
v 5.805964 6.4664755 5.3493357
v 5.4655795 8.669395 5.127697
v 5.5845838 6.4545345 5.1614823
v 5.4655795 8.669395 5.127697
v 5.805964 6.4664755 5.3493357
v 14.889061 6.7453027 3.9963548
v 14.770055 8.960163 3.96255
v 15.076762 6.752715 3.7746692
v 14.957766 8.967577 3.7408643
v 15.076762 6.752715 3.7746692
v 14.770055 8.960163 3.96255
v 12.830083 9.125083 -8.243608
v 12.947681 6.9100213 -8.226804
v 13.051451 9.137028 -8.055768
v 13.16905 6.9219646 -8.038966
v 13.051451 9.137028 -8.055768
v 12.947681 6.9100213 -8.226804
v 15.076762 6.752715 3.7746692
v 14.878904 6.6062512 3.793385
v 14.889061 6.7453027 3.9963548
v 5.5845838 6.4545345 5.1614823
v 5.805964 6.4664755 5.3493357
v 5.7958145 6.327423 5.146361
v 12.947681 6.9100213 -8.226804
v 12.971205 6.775502 -8.020244
v 13.16905 6.9219646 -8.038966
v 3.8645837 6.6311927 -6.873821
v 3.676876 6.623781 -6.652141
v 3.8880987 6.4966683 -6.667268
v 11.007261 4.9261975 3.9348538
v 10.965229 6.6795297 3.889793
v 11.198915 4.926101 3.7164462
v 11.156889 6.679433 3.671386
v 11.198915 4.926101 3.7164462
v 10.965229 6.6795297 3.889793
v 11.198915 4.926101 3.7164462
v 10.995836 4.7866144 3.7323146
v 11.007261 4.9261975 3.9348538
v 3.642888 4.8935237 5.22801
v 3.861266 4.8987412 5.419645
v 3.8498442 4.759156 5.2171044
v 9.441726 4.876331 -4.1329274
v 9.4570265 4.7420645 -3.9254332
v 9.660091 4.881549 -3.9413075
v 2.2957308 4.8488755 -2.6481354
v 2.1040728 4.8489714 -2.4297333
v 2.3110237 4.7146063 -2.4406452
v 9.642955 8.161091 1.9192263
v 9.38775 12.168357 2.0894103
v 9.706094 8.140261 1.6075494
v 9.450895 12.147529 1.777732
v 9.706094 8.140261 1.6075494
v 9.38775 12.168357 2.0894103
v 9.706094 8.140261 1.6075494
v 9.532355 7.9856668 1.7462215
v 9.642955 8.161091 1.9192263
v 4.457687 8.000996 5.275075
v 4.7688694 8.032973 5.335982
v 4.6582785 7.857548 5.1629777
v 6.22141 7.4893 -2.8960352
v 6.3588543 7.3666816 -2.696466
v 6.5325756 7.5212736 -2.8351288
v 1.3473251 7.361181 0.5207334
v 1.2841858 7.382011 0.83239925
v 1.4847674 7.2385645 0.7203012
v 4.4472303 4.4787836 -0.6214575
v 4.117743 6.9133525 -1.0580844
v 4.5326166 4.443108 -0.870921
v 4.2032785 6.876661 -1.3073704
v 4.5326166 4.443108 -0.870921
v 4.117743 6.9133525 -1.0580844
v 4.5326166 4.443108 -0.870921
v 4.379155 4.3471575 -0.7668031
v 4.4472303 4.4787836 -0.6214575
v 1.060273 4.226644 0.63564193
v 1.3093793 4.2784834 0.713488
v 1.2413033 4.146856 0.568134
v 2.2831762 3.3162255 -5.0766463
v 2.3788092 3.2721112 -4.894684
v 2.5322652 3.3680577 -4.998804
v -0.85468197 3.1159296 -3.7416887
v -0.940068 3.1515965 -3.4922252
v -0.75904906 3.0718114 -3.5597327
v 0.5852223 3.204402 7.007346
v 0.179617 3.194734 6.984714
v 0.524814 8.299682 6.9713287
v 0.119214475 8.29001 6.948692
v 0.524814 8.299682 6.9713287
v 0.179617 3.194734 6.984714
v 0.179617 3.194734 6.984714
v 0.5852223 3.204402 7.007346
v 0.43159607 2.9349782 6.7998853
v 5.195553 3.2448697 3.0602176
v 4.955734 2.984206 3.2498453
v 5.109533 3.246522 3.457364
v -3.7013328 3.0539813 1.6499635
v -3.7873633 3.0556324 2.0471022
v -3.5353894 2.7958777 1.8622729
v 0.8229779 3.0961015 -1.900007
v 0.9887637 2.8451102 -1.6877682
v 1.2285819 3.1057713 -1.8773806
v -5.243119 2.1905313 8.041537
v -0.7139459 1.9450276 7.5122447
v -6.1305237 -4.541284 7.7911925
v -1.6599143 -4.7825994 7.4651904
v -6.1305237 -4.541284 7.7911925
v -0.7139459 1.9450276 7.5122447
v -0.45367765 1.9222195 7.1825714
v -1.1443331 2.038718 0.35852608
v -1.3547837 -4.809549 7.1072288
v -1.79863 -4.717142 0.3094077
v -1.3547837 -4.809549 7.1072288
v -1.1443331 2.038718 0.35852608
v -0.7139459 1.9450276 7.5122447
v -0.45367765 1.9222195 7.1825714
v -1.6599143 -4.7825994 7.4651904
v -1.3547837 -4.809549 7.1072288
v -1.6599143 -4.7825994 7.4651904
v -0.45367765 1.9222195 7.1825714
v -6.1305237 -4.541284 7.7911925
v -6.215693 -4.531894 7.6333127
v -5.243119 2.1905313 8.041537
v -5.571067 2.2241943 7.7802615
v -5.243119 2.1905313 8.041537
v -6.215693 -4.531894 7.6333127
v -1.1443331 2.038718 0.35852608
v -1.4722922 2.0723808 0.09726417
v -1.79863 -4.717142 0.3094077
v -2.1265836 -4.683477 0.048143387
v -1.79863 -4.717142 0.3094077
v -1.4722922 2.0723808 0.09726417
v -6.0014462 2.3178842 0.62654966
v -6.261726 2.3406942 0.95620906
v -6.65573 -4.437976 0.57743603
v -6.9160166 -4.4151645 0.90709853
v -6.65573 -4.437976 0.57743603
v -6.261726 2.3406942 0.95620906
v -6.215693 -4.531894 7.6333127
v -6.1305237 -4.541284 7.7911925
v -6.1843796 -4.8329654 7.522047
v -1.3547837 -4.809549 7.1072288
v -1.6775693 -5.077365 7.139282
v -1.6599143 -4.7825994 7.4651904
v -6.65573 -4.437976 0.57743603
v -6.9160166 -4.4151645 0.90709853
v -6.650563 -4.7394514 0.87074155
v -2.1265836 -4.683477 0.048143387
v -2.121409 -4.9849596 0.34144995
v -1.79863 -4.717142 0.3094077
v -6.650563 -4.7394514 0.87074155
v -6.9160166 -4.4151645 0.90709853
v -6.1843796 -4.8329654 7.522047
v -6.215693 -4.531894 7.6333127
v -6.1843796 -4.8329654 7.522047
v -6.9160166 -4.4151645 0.90709853
v -6.1843796 -4.8329654 7.522047
v -6.1305237 -4.541284 7.7911925
v -1.6775693 -5.077365 7.139282
v -1.6599143 -4.7825994 7.4651904
v -1.6775693 -5.077365 7.139282
v -6.1305237 -4.541284 7.7911925
v -8.8826 -10.032952 7.8797154
v -9.207009 -10.00764 7.777423
v -8.8891 -5.432635 7.5063467
v -9.212759 -5.3911467 7.402697
v -8.8891 -5.432635 7.5063467
v -9.207009 -10.00764 7.777423
v -3.1562145 -6.2193804 -9.4657
v -3.4798827 -6.1778936 -9.569333
v -3.1630237 -10.906431 -9.102814
v -3.4874256 -10.881126 -9.205106
v -3.1630237 -10.906431 -9.102814
v -3.4798827 -6.1778936 -9.569333
v -14.970952 -5.962003 -3.8264618
v -15.070428 -5.9250865 -3.5022707
v -14.977162 -10.636318 -3.464648
v -15.076762 -10.601802 -3.140245
v -14.977162 -10.636318 -3.464648
v -15.070428 -5.9250865 -3.5022707
v -9.207009 -10.00764 7.777423
v -8.8826 -10.032952 7.8797154
v -9.019336 -10.276837 7.6843514
v 2.7067363 -10.312265 1.814856
v 2.4704015 -10.521643 1.943898
v 2.6071405 -10.277763 2.139259
v -14.977162 -10.636318 -3.464648
v -15.076762 -10.601802 -3.140245
v -14.889095 -10.871 -3.23332
v -3.4874256 -10.881126 -9.205106
v -3.3993518 -11.115809 -8.973777
v -3.1630237 -10.906431 -9.102814
v -0.7726105 5.4578686 6.025797
v -0.52410126 5.4309278 5.839263
v -1.285184 -5.053154 6.8081737
v -1.0366653 -5.0800977 6.6216393
v -1.285184 -5.053154 6.8081737
v -0.52410126 5.4309278 5.839263
v -5.0490665 -4.897047 7.0518456
v -5.3236456 -4.9048057 6.890276
v -4.5896387 5.6124535 6.2167687
v -4.8642097 5.604691 6.055198
v -4.5896387 5.6124535 6.2167687
v -5.3236456 -4.9048057 6.890276
v -5.3236456 -4.9048057 6.890276
v -5.0490665 -4.897047 7.0518456
v -5.069196 -5.1371326 6.8982224
v -1.0366653 -5.0800977 6.6216393
v -1.305129 -5.2872405 6.6539974
v -1.285184 -5.053154 6.8081737
v -5.327328 -5.303657 3.1897995
v -5.5758476 -5.276717 3.3763268
v -5.3214054 -5.5090384 3.3842638
v -1.5634447 -5.45977 2.9461243
v -1.5573199 -5.659147 3.140039
v -1.2888671 -5.452008 3.1076915
v -9.353285 -7.2816734 2.2573447
v -9.536238 -7.292496 1.9528449
v -9.686318 -4.544508 2.3429604
v -9.869276 -4.5553303 2.038461
v -9.686318 -4.544508 2.3429604
v -9.536238 -7.292496 1.9528449
v -9.536238 -7.292496 1.9528449
v -9.353285 -7.2816734 2.2573447
v -9.263185 -7.5141516 2.0040653
v -5.623877 -6.8476267 2.9462264
v -5.8353515 -7.1244287 2.875734
v -5.925438 -6.891948 3.129009
v -8.345058 -7.2026978 -2.8379962
v -8.646622 -7.2470164 -2.655221
v -8.37357 -7.468668 -2.604003
v -4.9172177 -6.8129787 -1.966329
v -4.9457235 -7.078951 -1.7323385
v -4.7342563 -6.802155 -1.6618369
v -4.2622924 -8.816864 1.625608
v -3.2677038 -3.0508478 0.33847937
v -4.03537 -8.909969 1.3780183
v -3.0407813 -3.1439507 0.09088783
v -4.03537 -8.909969 1.3780183
v -3.2677038 -3.0508478 0.33847937
v -3.4438207 -3.9843433 -4.280212
v -4.4397006 -9.75454 -3.0130615
v -3.1856053 -3.9771316 -4.0462623
v -4.181499 -9.747327 -2.7791057
v -3.1856053 -3.9771316 -4.0462623
v -4.4397006 -9.75454 -3.0130615
v -4.03537 -8.909969 1.3780183
v -4.318518 -9.1044445 1.4369289
v -4.2622924 -8.816864 1.625608
v -7.6839046 -8.264056 1.4805189
v -7.4256845 -8.25684 1.7144794
v -7.481893 -8.544422 1.5258043
v -4.4397006 -9.75454 -3.0130615
v -4.464631 -9.941807 -2.720192
v -4.181499 -9.747327 -2.7791057
v -7.6030884 -9.194514 -2.9241836
v -7.8300147 -9.101406 -2.6766002
v -7.6280346 -9.38178 -2.6313186
v -3.7195117 -1.7963012 0.03461548
v -6.1244774 -1.8152118 -3.1037085
v -3.6985753 -8.358837 0.057864606
v -6.3556395 -8.410735 -3.031679
v -3.6985753 -8.358837 0.057864606
v -6.1244774 -1.8152118 -3.1037085
v -5.4652 -8.355432 1.8774679
v -5.816576 -8.355783 1.8521923
v -5.362898 -1.7705462 1.8597821
v -5.714286 -1.7695727 1.8344733
v -5.362898 -1.7705462 1.8597821
v -5.816576 -8.355783 1.8521923
v -6.1244774 -1.8152118 -3.1037085
v -6.4185596 -1.8140222 -3.081115
v -6.3556395 -8.410735 -3.031679
v -6.6497216 -8.410568 -3.0090773
v -6.3556395 -8.410735 -3.031679
v -6.4185596 -1.8140222 -3.081115
v -5.816576 -8.355783 1.8521923
v -5.4652 -8.355432 1.8774679
v -5.634304 -8.641877 1.688438
v -3.6985753 -8.358837 0.057864606
v -3.9886339 -8.653235 0.2627858
v -3.7240574 -8.355118 0.40938026
v -8.222009 -8.395537 -1.7251127
v -8.294137 -8.39234 -1.421245
v -8.086641 -8.695445 -1.5667068
v -6.6497216 -8.410568 -3.0090773
v -6.5673275 -8.704866 -2.7998323
v -6.3556395 -8.410735 -3.031679
v -6.5673275 -8.704866 -2.7998323
v -6.6497216 -8.410568 -3.0090773
v -8.086641 -8.695445 -1.5667068
v -8.222009 -8.395537 -1.7251127
v -8.086641 -8.695445 -1.5667068
v -6.6497216 -8.410568 -3.0090773
v -3.9886339 -8.653235 0.2627858
v -3.6985753 -8.358837 0.057864606
v -6.5673275 -8.704866 -2.7998323
v -6.3556395 -8.410735 -3.031679
v -6.5673275 -8.704866 -2.7998323
v -3.6985753 -8.358837 0.057864606
v -3.4036717 -4.271843 4.329664
v -3.7016869 -4.2990646 4.278742
v -3.696027 1.3157475 3.5767767
v -3.994041 1.2885227 3.5258539
v -3.696027 1.3157475 3.5767767
v -3.7016869 -4.2990646 4.278742
v -6.7187877 0.533304 -1.1859511
v -6.8189483 0.56674904 -0.90135837
v -6.4346404 -5.0568004 -0.44698176
v -6.5348043 -5.0233574 -0.16237895
v -6.4346404 -5.0568004 -0.44698176
v -6.8189483 0.56674904 -0.90135837
v -3.7016869 -4.2990646 4.278742
v -3.4036717 -4.271843 4.329664
v -3.4894993 -4.4969115 4.1893907
v 0.1789865 -4.412898 1.7523341
v -0.007357788 -4.599274 1.8959329
v 0.078828126 -4.379447 2.0369425
v -6.4346404 -5.0568004 -0.44698176
v -6.5348043 -5.0233574 -0.16237895
v -6.32262 -5.2212024 -0.25173548
v -2.952141 -5.164406 -2.739696
v -2.8404694 -5.323561 -2.5451977
v -2.6541247 -5.137183 -2.6887805
v 14.859231 3.6217 1.3107313
v 14.797411 7.2883573 1.2884396
v 14.934759 3.6215968 1.0101908
v 14.872942 7.2882547 0.9878958
v 14.934759 3.6215968 1.0101908
v 14.797411 7.2883573 1.2884396
v 14.934759 3.6215968 1.0101908
v 14.749788 3.4392312 1.1241102
v 14.859231 3.6217 1.3107313
v 8.500967 3.586852 6.1229663
v 8.801472 3.5924163 6.198491
v 8.692032 3.4099455 6.011865
v 9.962583 3.534908 -4.1429005
v 10.078115 3.3917148 -3.9534657
v 10.26307 3.5404732 -4.067386
v 3.904824 3.5056262 0.74486375
v 3.8292906 3.5057278 1.0454031
v 4.0203485 3.3624303 0.9342993
v 10.078115 3.3917148 -3.9534657
v 14.749788 3.4392312 1.1241102
v 10.26307 3.5404732 -4.067386
v 14.934759 3.6215968 1.0101908
v 10.26307 3.5404732 -4.067386
v 14.749788 3.4392312 1.1241102
v 8.692032 3.4099455 6.011865
v 4.0203485 3.3624303 0.9342993
v 8.500967 3.586852 6.1229663
v 3.8292906 3.5057278 1.0454031
v 8.500967 3.586852 6.1229663
v 4.0203485 3.3624303 0.9342993
v 3.9701433 -3.5181231 -0.8542087
v 1.0848007 -4.53646 -3.358423
v 5.453359 -9.851938 0.012176818
v 2.3432982 -10.941824 -2.385242
v 5.453359 -9.851938 0.012176818
v 1.0848007 -4.53646 -3.358423
v 1.9361558 -9.715516 4.658942
v 1.595307 -9.787228 4.711704
v 0.56692654 -3.3356411 3.7679908
v 0.22576782 -3.4060812 3.8205469
v 0.56692654 -3.3356411 3.7679908
v 1.595307 -9.787228 4.711704
v 1.0848007 -4.53646 -3.358423
v 0.8074029 -4.5874963 -3.2721558
v 2.3432982 -10.941824 -2.385242
v 2.0661304 -10.993848 -2.2988346
v 2.3432982 -10.941824 -2.385242
v 0.8074029 -4.5874963 -3.2721558
v -2.8184483 -4.5099487 0.9934857
v -2.831112 -4.468518 1.3027934
v -1.3681705 -10.901535 1.7858015
v -1.3809046 -10.859776 2.0950613
v -1.3681705 -10.901535 1.7858015
v -2.831112 -4.468518 1.3027934
v 1.595307 -9.787228 4.711704
v 1.9361558 -9.715516 4.658942
v 1.8025892 -10.057187 4.550322
v 5.453359 -9.851938 0.012176818
v 5.279711 -10.156401 0.3120861
v 5.494071 -9.792561 0.35720274
v -1.3681705 -10.901535 1.7858015
v -1.3809046 -10.859776 2.0950613
v -1.1422772 -11.13821 1.948034
v 2.0661304 -10.993848 -2.2988346
v 2.249625 -11.226436 -2.0765398
v 2.3432982 -10.941824 -2.385242
v 2.249625 -11.226436 -2.0765398
v 2.0661304 -10.993848 -2.2988346
v -1.1422772 -11.13821 1.948034
v -1.3681705 -10.901535 1.7858015
v -1.1422772 -11.13821 1.948034
v 2.0661304 -10.993848 -2.2988346
v 5.279711 -10.156401 0.3120861
v 5.453359 -9.851938 0.012176818
v 2.249625 -11.226436 -2.0765398
v 2.3432982 -10.941824 -2.385242
v 2.249625 -11.226436 -2.0765398
v 5.453359 -9.851938 0.012176818
v 0.03854492 -0.5357948 3.1885033
v -0.36654785 -0.5125746 3.2104619
v 0.49638763 5.7330527 2.9741554
v 0.0913002 5.75627 2.9961069
v 0.49638763 5.7330527 2.9741554
v -0.36654785 -0.5125746 3.2104619
v -0.36654785 -0.5125746 3.2104619
v 0.03854492 -0.5357948 3.1885033
v -0.15801726 -0.7972102 3.0089056
v 2.9511108 -0.83874965 0.10379043
v 2.7140472 -1.0734292 0.3277163
v 2.9102242 -0.81910676 0.5076099
v -3.5721447 -0.53568023 -0.51547074
v -3.6130407 -0.5160385 -0.1116581
v -3.4045177 -0.8006759 -0.31321183
v -0.7004614 -0.81899154 -3.1963532
v -0.5324365 -1.0768889 -2.9944086
v -0.2953705 -0.8422081 -3.2183173
v 7.8404064 7.622645 4.9876018
v 8.090477 7.620814 4.613969
v 7.8011613 4.283338 4.978049
v 8.051244 4.28151 4.6044164
v 7.8011613 4.283338 4.978049
v 8.090477 7.620814 4.613969
v 3.5935657 4.2367353 6.111997
v 3.1854413 4.226039 5.923695
v 3.546065 7.5760417 6.05036
v 3.1379485 7.5653424 5.8620553
v 3.546065 7.5760417 6.05036
v 3.1854413 4.226039 5.923695
v 1.9470187 7.4101224 0.5828574
v 1.6969409 7.411953 0.95647246
v 1.9879638 4.070307 0.62118256
v 1.7378744 4.0721335 0.9948034
v 1.9879638 4.070307 0.62118256
v 1.6969409 7.411953 0.95647246
v 3.1854413 4.226039 5.923695
v 3.5935657 4.2367353 6.111997
v 3.5198998 3.9386382 5.8360324
v 8.051244 4.28151 4.6044164
v 7.7273436 3.9931045 4.7019587
v 7.8011613 4.283338 4.978049
v 1.9879638 4.070307 0.62118256
v 1.7378744 4.0721335 0.9948034
v 2.0723271 3.7847354 0.90714127
v 6.1955566 4.1169095 -0.512754
v 6.279788 3.8392076 -0.22693557
v 6.603682 4.127611 -0.32445937
v 2.7241735 -7.1860266 3.5345352
v 2.1964338 -0.47724074 3.3982904
v 2.7778778 -7.188061 3.2739437
v 2.2502227 -0.48031676 3.1377072
v 2.7778778 -7.188061 3.2739437
v 2.1964338 -0.47724074 3.3982904
v 2.7778778 -7.188061 3.2739437
v 2.62968 -7.288917 3.381011
v 2.7241735 -7.1860266 3.5345352
v 0.021909485 -7.3716264 5.0674286
v 0.2815744 -7.3485723 5.120756
v 0.18708007 -7.4514594 4.9672246
v -0.013118286 -7.503466 -0.7421241
v 0.098338924 -7.5812664 -0.5817313
v 0.24652863 -7.4804144 -0.68880105
v -2.4557216 -7.666006 0.84410733
v -2.5094278 -7.6639776 1.1046972
v -2.3442655 -7.7438116 1.0044976
v -0.5268185 -8.031112 -0.72570103
v -0.52679104 -4.808542 -0.7407052
v -0.41119322 -8.03261 -0.965335
v -0.41115937 -4.8110843 -0.9803495
v -0.41119322 -8.03261 -0.965335
v -0.52679104 -4.808542 -0.7407052
v -0.41119322 -8.03261 -0.965335
v -0.5878882 -8.123541 -0.90123814
v -0.5268185 -8.031112 -0.72570103
v -3.5284216 -8.033411 0.09698478
v -3.2887743 -8.031611 0.21260063
v -3.3498425 -8.124039 0.03705742
v -1.9236398 -8.05707 -5.359531
v -1.8606967 -8.146201 -5.1798205
v -1.6840091 -8.055273 -5.2439246
v -4.685603 -8.057566 -4.4212217
v -4.8012314 -8.056074 -4.1815877
v -4.6226597 -8.146702 -4.2415137
v 4.8269086 -0.812027 7.4919105
v 4.9413657 2.1076522 7.412422
v 4.946869 -0.8223129 7.2733474
v 5.06133 2.0973673 7.1938596
v 4.946869 -0.8223129 7.2733474
v 4.9413657 2.1076522 7.412422
v 4.946869 -0.8223129 7.2733474
v 4.7702255 -0.9889593 7.3271866
v 4.8269086 -0.812027 7.4919105
v 0.8370886 -0.5974524 9.062131
v 1.0556881 -0.60276246 9.182369
v 0.99900967 -0.7796986 9.017643
v 2.5828977 -0.8836445 2.0016005
v 2.6279418 -0.9986369 2.1747057
v 2.801484 -0.8889531 2.1218278
v -1.1883209 -0.6743805 3.6920671
v -1.3082861 -0.6640959 3.9106274
v -1.143284 -0.7893754 3.8651714
v 2.6279418 -0.9986369 2.1747057
v 4.7702255 -0.9889593 7.3271866
v 2.801484 -0.8889531 2.1218278
v 4.946869 -0.8223129 7.2733474
v 2.801484 -0.8889531 2.1218278
v 4.7702255 -0.9889593 7.3271866
v 0.99900967 -0.7796986 9.017643
v -1.143284 -0.7893754 3.8651714
v 0.8370886 -0.5974524 9.062131
v -1.3082861 -0.6640959 3.9106274
v 0.8370886 -0.5974524 9.062131
v -1.143284 -0.7893754 3.8651714
v 11.97103 -12.22411 2.3891578
v 11.677285 -12.479505 2.4172094
v 11.705366 -12.22411 2.7109692
v -7.3635497 -12.224114 3.4872873
v -7.0417747 -12.224117 3.7529757
v -7.0698266 -12.479509 3.4592307
v 11.033715 -12.224096 -8.052963
v 11.061782 -12.479488 -7.759252
v 11.355513 -12.224096 -7.787321
v -7.713408 -12.224095 -7.0109653
v -7.979072 -12.224095 -6.689173
v -7.685349 -12.479488 -6.7172494
v 11.608663 8.64945 5.965673
v 11.728468 6.4159484 6.1973047
v 5.29368 8.749785 9.337715
v 5.4134893 6.5162897 9.569332
v 5.020764 8.72779 9.240424
v 5.14056 6.494285 9.472042
v -0.9201422 7.4914904 -1.8918524
v -0.80756164 5.2561426 -1.675556
v -0.82127684 7.4692492 -2.1641867
v -0.70869017 5.2339063 -1.947883
v 5.493716 7.368905 -5.536212
v 5.606286 5.1335583 -5.319916
v 5.7666297 7.390909 -5.4389267
v 5.879197 5.1555624 -5.2226343
v 11.707534 8.627213 5.693338
v 11.827332 6.3937097 5.924973
v 5.29368 8.749785 9.337715
v 5.4134893 6.5162897 9.569332
v 5.020764 8.72779 9.240424
v 5.14056 6.494285 9.472042
v -0.9201422 7.4914904 -1.8918524
v -0.80756164 5.2561426 -1.675556
v -0.82127684 7.4692492 -2.1641867
v -0.70869017 5.2339063 -1.947883
v 5.493716 7.368905 -5.536212
v 5.606286 5.1335583 -5.319916
v 5.7666297 7.390909 -5.4389267
v 5.879197 5.1555624 -5.2226343
v 5.699938 5.019608 -5.1210203
v 11.648055 6.2577515 6.026587
v 5.879197 5.1555624 -5.2226343
v 11.827332 6.3937097 5.924973
v -0.6150458 5.1199493 -1.7489886
v 5.699938 5.019608 -5.1210203
v -0.70869017 5.2339063 -1.947883
v 5.606286 5.1335583 -5.319916
v 5.3330817 6.3580923 9.398613
v -0.6150458 5.1199493 -1.7489886
v 5.14056 6.494285 9.472042
v -0.80756164 5.2561426 -1.675556
v 11.648055 6.2577515 6.026587
v 5.3330817 6.3580923 9.398613
v 11.728468 6.4159484 6.1973047
v 5.4134893 6.5162897 9.569332
v 2.4807174 10.24113 4.19318
v 2.7858522 7.043151 4.4481483
v -0.42926085 9.953842 4.137381
v -0.117111206 6.758932 4.4192843
v -0.61457306 9.91866 3.9497018
v -0.3025589 6.7249956 4.231512
v -0.5116095 9.537675 -0.72948647
v -0.2009616 6.3584085 -0.4644085
v -0.32244384 9.539365 -0.91660815
v -0.0119006345 6.361145 -0.6516103
v 2.5875351 9.826647 -0.86080587
v 2.8910718 6.6453595 -0.6227535
v 2.7728488 9.861834 -0.67313665
v 3.0765076 6.6792927 -0.4349947
v 2.6698859 10.242825 4.006048
v 2.9749107 7.045879 4.2609434
v -0.42926085 9.953842 4.137381
v -0.117111206 6.758932 4.4192843
v -0.61457306 9.91866 3.9497018
v -0.3025589 6.7249956 4.231512
v -0.5116095 9.537675 -0.72948647
v -0.2009616 6.3584085 -0.4644085
v -0.32244384 9.539365 -0.91660815
v -0.0119006345 6.361145 -0.6516103
v 2.5875351 9.826647 -0.86080587
v 2.8910718 6.6453595 -0.6227535
v 2.7728488 9.861834 -0.67313665
v 3.0765076 6.6792927 -0.4349947
v 2.8981764 6.5710483 -0.4262102
v 2.7965755 6.937632 4.2697206
v 3.0765076 6.6792927 -0.4349947
v 2.9749107 7.045879 4.2609434
v -0.0047940062 6.2868285 -0.4550704
v 2.8981764 6.5710483 -0.4262102
v -0.0119006345 6.361145 -0.6516103
v 2.8910718 6.6453595 -0.6227535
v -0.10638458 6.653417 4.240851
v -0.0047940062 6.2868285 -0.4550704
v -0.3025589 6.7249956 4.231512
v -0.2009616 6.3584085 -0.4644085
v 2.7965755 6.937632 4.2697206
v -0.10638458 6.653417 4.240851
v 2.7858522 7.043151 4.4481483
v -0.117111206 6.758932 4.4192843
v 14.770055 8.960163 3.96255
v 14.889061 6.7453027 3.9963548
v 5.686947 8.681329 5.315543
v 5.805964 6.4664755 5.3493357
v 5.4655795 8.669395 5.127697
v 5.5845838 6.4545345 5.1614823
v 3.559264 8.838842 -6.6689477
v 3.676876 6.623781 -6.652141
v 3.7469714 8.8462515 -6.8906384
v 3.8645837 6.6311927 -6.873821
v 12.830083 9.125083 -8.243608
v 12.947681 6.9100213 -8.226804
v 13.051451 9.137028 -8.055768
v 13.16905 6.9219646 -8.038966
v 14.957766 8.967577 3.7408643
v 15.076762 6.752715 3.7746692
v 3.559264 8.838842 -6.6689477
v 3.676876 6.623781 -6.652141
v 3.7469714 8.8462515 -6.8906384
v 3.8645837 6.6311927 -6.873821
v 12.971205 6.775502 -8.020244
v 14.878904 6.6062512 3.793385
v 13.16905 6.9219646 -8.038966
v 15.076762 6.752715 3.7746692
v 3.8880987 6.4966683 -6.667268
v 12.971205 6.775502 -8.020244
v 3.8645837 6.6311927 -6.873821
v 12.947681 6.9100213 -8.226804
v 5.7958145 6.327423 5.146361
v 3.8880987 6.4966683 -6.667268
v 5.5845838 6.4545345 5.1614823
v 3.676876 6.623781 -6.652141
v 14.878904 6.6062512 3.793385
v 5.7958145 6.327423 5.146361
v 14.889061 6.7453027 3.9963548
v 5.805964 6.4664755 5.3493357
v 10.965229 6.6795297 3.889793
v 11.007261 4.9261975 3.9348538
v 3.8192244 6.652064 5.374597
v 3.861266 4.8987412 5.419645
v 3.600858 6.6468554 5.18297
v 3.642888 4.8935237 5.22801
v 2.0631466 6.6025305 -2.4577765
v 2.1040728 4.8489714 -2.4297333
v 2.2548063 6.602431 -2.6761847
v 2.2957308 4.8488755 -2.6481354
v 9.400813 6.62989 -4.160968
v 9.441726 4.876331 -4.1329274
v 9.619181 6.635106 -3.9693468
v 9.660091 4.881549 -3.9413075
v 11.156889 6.679433 3.671386
v 11.198915 4.926101 3.7164462
v 3.8192244 6.652064 5.374597
v 3.861266 4.8987412 5.419645
v 3.600858 6.6468554 5.18297
v 3.642888 4.8935237 5.22801
v 2.0631466 6.6025305 -2.4577765
v 2.1040728 4.8489714 -2.4297333
v 2.2548063 6.602431 -2.6761847
v 2.2957308 4.8488755 -2.6481354
v 9.400813 6.62989 -4.160968
v 9.441726 4.876331 -4.1329274
v 9.619181 6.635106 -3.9693468
v 9.660091 4.881549 -3.9413075
v 9.4570265 4.7420645 -3.9254332
v 10.995836 4.7866144 3.7323146
v 9.660091 4.881549 -3.9413075
v 11.198915 4.926101 3.7164462
v 2.3110237 4.7146063 -2.4406452
v 9.4570265 4.7420645 -3.9254332
v 2.2957308 4.8488755 -2.6481354
v 9.441726 4.876331 -4.1329274
v 3.8498442 4.759156 5.2171044
v 2.3110237 4.7146063 -2.4406452
v 3.642888 4.8935237 5.22801
v 2.1040728 4.8489714 -2.4297333
v 10.995836 4.7866144 3.7323146
v 3.8498442 4.759156 5.2171044
v 11.007261 4.9261975 3.9348538
v 3.861266 4.8987412 5.419645
v 9.38775 12.168357 2.0894103
v 9.642955 8.161091 1.9192263
v 4.5136676 12.040228 5.5061893
v 4.7688694 8.032973 5.335982
v 4.202492 12.008255 5.445273
v 4.457687 8.000996 5.275075
v 1.0392638 11.391462 1.0180467
v 1.2841858 7.382011 0.83239925
v 1.1024084 11.370629 0.70636857
v 1.3473251 7.361181 0.5207334
v 5.976505 11.498751 -2.7103949
v 6.22141 7.4893 -2.8960352
v 6.2876706 11.530726 -2.6494892
v 6.5325756 7.5212736 -2.8351288
v 9.450895 12.147529 1.777732
v 9.706094 8.140261 1.6075494
v 4.5136676 12.040228 5.5061893
v 4.7688694 8.032973 5.335982
v 4.202492 12.008255 5.445273
v 4.457687 8.000996 5.275075
v 1.0392638 11.391462 1.0180467
v 1.2841858 7.382011 0.83239925
v 1.1024084 11.370629 0.70636857
v 1.3473251 7.361181 0.5207334
v 5.976505 11.498751 -2.7103949
v 6.22141 7.4893 -2.8960352
v 6.2876706 11.530726 -2.6494892
v 6.5325756 7.5212736 -2.8351288
v 6.3588543 7.3666816 -2.696466
v 9.532355 7.9856668 1.7462215
v 6.5325756 7.5212736 -2.8351288
v 9.706094 8.140261 1.6075494
v 1.4847674 7.2385645 0.7203012
v 6.3588543 7.3666816 -2.696466
v 1.3473251 7.361181 0.5207334
v 6.22141 7.4893 -2.8960352
v 4.6582785 7.857548 5.1629777
v 1.4847674 7.2385645 0.7203012
v 4.457687 8.000996 5.275075
v 1.2841858 7.382011 0.83239925
v 9.532355 7.9856668 1.7462215
v 4.6582785 7.857548 5.1629777
v 9.642955 8.161091 1.9192263
v 4.7688694 8.032973 5.335982
v 4.117743 6.9133525 -1.0580844
v 4.4472303 4.4787836 -0.6214575
v 0.9616408 6.7063365 0.25671044
v 1.3093793 4.2784834 0.713488
v 0.71271515 6.6532764 0.17908378
v 1.060273 4.226644 0.63564193
v -1.2786472 5.5664654 -3.9323468
v -0.940068 3.1515965 -3.4922252
v -1.1931051 5.529773 -4.1816206
v -0.85468197 3.1159296 -3.7416887
v 1.9630021 5.7367835 -5.496416
v 2.2831762 3.3162255 -5.0766463
v 2.2119184 5.7898455 -5.4188013
v 2.5322652 3.3680577 -4.998804
v 4.2032785 6.876661 -1.3073704
v 4.5326166 4.443108 -0.870921
v 0.9616408 6.7063365 0.25671044
v 1.3093793 4.2784834 0.713488
v 0.71271515 6.6532764 0.17908378
v 1.060273 4.226644 0.63564193
v -1.2786472 5.5664654 -3.9323468
v -0.940068 3.1515965 -3.4922252
v -1.1931051 5.529773 -4.1816206
v -0.85468197 3.1159296 -3.7416887
v 1.9630021 5.7367835 -5.496416
v 2.2831762 3.3162255 -5.0766463
v 2.2119184 5.7898455 -5.4188013
v 2.5322652 3.3680577 -4.998804
v 2.3788092 3.2721112 -4.894684
v 4.379155 4.3471575 -0.7668031
v 2.5322652 3.3680577 -4.998804
v 4.5326166 4.443108 -0.870921
v -0.75904906 3.0718114 -3.5597327
v 2.3788092 3.2721112 -4.894684
v -0.85468197 3.1159296 -3.7416887
v 2.2831762 3.3162255 -5.0766463
v 1.2413033 4.146856 0.568134
v -0.75904906 3.0718114 -3.5597327
v 1.060273 4.226644 0.63564193
v -0.940068 3.1515965 -3.4922252
v 4.379155 4.3471575 -0.7668031
v 1.2413033 4.146856 0.568134
v 4.4472303 4.4787836 -0.6214575
v 1.3093793 4.2784834 0.713488
v 0.524814 8.299682 6.9713287
v 5.145692 8.341805 3.4523532
v 0.5852223 3.204402 7.007346
v 5.109533 3.246522 3.457364
v 5.2317038 8.34015 3.0552099
v 1.1814424 8.201514 -1.8959963
v 5.195553 3.2448697 3.0602176
v 1.2285819 3.1057713 -1.8773806
v 0.7758359 8.191847 -1.9186194
v -3.748484 8.149723 1.6313593
v 0.8229779 3.0961015 -1.900007
v -3.7013328 3.0539813 1.6499635
v -3.8345068 8.151377 2.0284898
v 0.119214475 8.29001 6.948692
v -3.7873633 3.0556324 2.0471022
v 0.179617 3.194734 6.984714
v 5.145692 8.341805 3.4523532
v 5.2317038 8.34015 3.0552099
v 5.109533 3.246522 3.457364
v 5.195553 3.2448697 3.0602176
v 1.1814424 8.201514 -1.8959963
v 0.7758359 8.191847 -1.9186194
v 1.2285819 3.1057713 -1.8773806
v 0.8229779 3.0961015 -1.900007
v -3.748484 8.149723 1.6313593
v -3.8345068 8.151377 2.0284898
v -3.7013328 3.0539813 1.6499635
v -3.7873633 3.0556324 2.0471022
v -3.5353894 2.7958777 1.8622729
v -3.7873633 3.0556324 2.0471022
v 0.43159607 2.9349782 6.7998853
v 0.179617 3.194734 6.984714
v 0.9887637 2.8451102 -1.6877682
v 0.8229779 3.0961015 -1.900007
v -3.5353894 2.7958777 1.8622729
v -3.7013328 3.0539813 1.6499635
v 4.955734 2.984206 3.2498453
v 5.195553 3.2448697 3.0602176
v 0.9887637 2.8451102 -1.6877682
v 1.2285819 3.1057713 -1.8773806
v 0.43159607 2.9349782 6.7998853
v 0.5852223 3.204402 7.007346
v 4.955734 2.984206 3.2498453
v 5.109533 3.246522 3.457364
v -1.4722922 2.0723808 0.09726417
v -6.0014462 2.3178842 0.62654966
v -2.1265836 -4.683477 0.048143387
v -6.65573 -4.437976 0.57743603
v -6.261726 2.3406942 0.95620906
v -5.571067 2.2241943 7.7802615
v -6.9160166 -4.4151645 0.90709853
v -6.215693 -4.531894 7.6333127
v -2.121409 -4.9849596 0.34144995
v -2.1265836 -4.683477 0.048143387
v -6.650563 -4.7394514 0.87074155
v -6.65573 -4.437976 0.57743603
v -1.6775693 -5.077365 7.139282
v -1.3547837 -4.809549 7.1072288
v -2.121409 -4.9849596 0.34144995
v -1.79863 -4.717142 0.3094077
v -8.8891 -5.432635 7.5063467
v 2.6019897 -5.648524 1.7634616
v -8.8826 -10.032952 7.8797154
v 2.6071405 -10.277763 2.139259
v 2.701463 -5.6854453 1.4392636
v -3.1562145 -6.2193804 -9.4657
v 2.7067363 -10.312265 1.814856
v -3.1630237 -10.906431 -9.102814
v -3.4798827 -6.1778936 -9.569333
v -14.970952 -5.962003 -3.8264618
v -3.4874256 -10.881126 -9.205106
v -14.977162 -10.636318 -3.464648
v -15.070428 -5.9250865 -3.5022707
v -9.212759 -5.3911467 7.402697
v -15.076762 -10.601802 -3.140245
v -9.207009 -10.00764 7.777423
v 2.6019897 -5.648524 1.7634616
v 2.701463 -5.6854453 1.4392636
v 2.6071405 -10.277763 2.139259
v 2.7067363 -10.312265 1.814856
v -14.889095 -10.871 -3.23332
v -15.076762 -10.601802 -3.140245
v -9.019336 -10.276837 7.6843514
v -9.207009 -10.00764 7.777423
v -3.3993518 -11.115809 -8.973777
v -3.4874256 -10.881126 -9.205106
v -14.889095 -10.871 -3.23332
v -14.977162 -10.636318 -3.464648
v 2.4704015 -10.521643 1.943898
v 2.7067363 -10.312265 1.814856
v -3.3993518 -11.115809 -8.973777
v -3.1630237 -10.906431 -9.102814
v -9.019336 -10.276837 7.6843514
v -8.8826 -10.032952 7.8797154
v 2.4704015 -10.521643 1.943898
v 2.6071405 -10.277763 2.139259
v -4.5896387 5.6124535 6.2167687
v -0.7726105 5.4578686 6.025797
v -5.0490665 -4.897047 7.0518456
v -1.285184 -5.053154 6.8081737
v -0.52410126 5.4309278 5.839263
v -0.8283453 5.05894 2.287051
v -1.0366653 -5.0800977 6.6216393
v -1.2888671 -5.452008 3.1076915
v -1.1029242 5.051181 2.1254861
v -4.8668146 5.207284 2.3691597
v -1.5634447 -5.45977 2.9461243
v -5.327328 -5.303657 3.1897995
v -5.1153336 5.234227 2.5556881
v -4.8642097 5.604691 6.055198
v -5.5758476 -5.276717 3.3763268
v -5.3236456 -4.9048057 6.890276
v -0.8283453 5.05894 2.287051
v -1.1029242 5.051181 2.1254861
v -1.2888671 -5.452008 3.1076915
v -1.5634447 -5.45977 2.9461243
v -4.8668146 5.207284 2.3691597
v -5.1153336 5.234227 2.5556881
v -5.327328 -5.303657 3.1897995
v -5.5758476 -5.276717 3.3763268
v -5.3214054 -5.5090384 3.3842638
v -5.5758476 -5.276717 3.3763268
v -5.069196 -5.1371326 6.8982224
v -5.3236456 -4.9048057 6.890276
v -1.5573199 -5.659147 3.140039
v -1.5634447 -5.45977 2.9461243
v -5.3214054 -5.5090384 3.3842638
v -5.327328 -5.303657 3.1897995
v -1.305129 -5.2872405 6.6539974
v -1.0366653 -5.0800977 6.6216393
v -1.5573199 -5.659147 3.140039
v -1.2888671 -5.452008 3.1076915
v -5.069196 -5.1371326 6.8982224
v -5.0490665 -4.897047 7.0518456
v -1.305129 -5.2872405 6.6539974
v -1.285184 -5.053154 6.8081737
v -9.686318 -4.544508 2.3429604
v -6.258462 -4.154785 3.214633
v -9.353285 -7.2816734 2.2573447
v -5.925438 -6.891948 3.129009
v -5.956909 -4.1104646 3.0318487
v -5.0722117 -4.0663714 -1.5560055
v -5.623877 -6.8476267 2.9462264
v -4.7342563 -6.802155 -1.6618369
v -5.255171 -4.0771937 -1.8605001
v -8.683023 -4.4669113 -2.7321672
v -4.9172177 -6.8129787 -1.966329
v -8.345058 -7.2026978 -2.8379962
v -8.984575 -4.5112348 -2.54939
v -9.869276 -4.5553303 2.038461
v -8.646622 -7.2470164 -2.655221
v -9.536238 -7.292496 1.9528449
v -6.258462 -4.154785 3.214633
v -5.956909 -4.1104646 3.0318487
v -5.925438 -6.891948 3.129009
v -5.623877 -6.8476267 2.9462264
v -5.0722117 -4.0663714 -1.5560055
v -5.255171 -4.0771937 -1.8605001
v -4.9172177 -6.8129787 -1.966329
v -4.7342563 -6.802155 -1.6618369
v -8.683023 -4.4669113 -2.7321672
v -8.984575 -4.5112348 -2.54939
v -8.345058 -7.2026978 -2.8379962
v -8.646622 -7.2470164 -2.655221
v -8.37357 -7.468668 -2.604003
v -8.646622 -7.2470164 -2.655221
v -9.263185 -7.5141516 2.0040653
v -9.536238 -7.292496 1.9528449
v -4.9457235 -7.078951 -1.7323385
v -4.9172177 -6.8129787 -1.966329
v -8.37357 -7.468668 -2.604003
v -8.345058 -7.2026978 -2.8379962
v -5.8353515 -7.1244287 2.875734
v -5.623877 -6.8476267 2.9462264
v -4.9457235 -7.078951 -1.7323385
v -4.7342563 -6.802155 -1.6618369
v -9.263185 -7.5141516 2.0040653
v -9.353285 -7.2816734 2.2573447
v -5.8353515 -7.1244287 2.875734
v -5.925438 -6.891948 3.129009
v -3.2677038 -3.0508478 0.33847937
v -4.2622924 -8.816864 1.625608
v -6.4311194 -2.490813 0.4273638
v -7.4256845 -8.25684 1.7144794
v -6.6893234 -2.4980328 0.19339927
v -7.6839046 -8.264056 1.4805189
v -6.8341317 -3.3312132 -3.9437497
v -7.8300147 -9.101406 -2.6766002
v -6.6072083 -3.4243133 -4.191336
v -7.6030884 -9.194514 -2.9241836
v -3.4438207 -3.9843433 -4.280212
v -4.4397006 -9.75454 -3.0130615
v -3.1856053 -3.9771316 -4.0462623
v -4.181499 -9.747327 -2.7791057
v -3.0407813 -3.1439507 0.09088783
v -4.03537 -8.909969 1.3780183
v -6.4311194 -2.490813 0.4273638
v -7.4256845 -8.25684 1.7144794
v -6.6893234 -2.4980328 0.19339927
v -7.6839046 -8.264056 1.4805189
v -6.8341317 -3.3312132 -3.9437497
v -7.8300147 -9.101406 -2.6766002
v -6.6072083 -3.4243133 -4.191336
v -7.6030884 -9.194514 -2.9241836
v -4.464631 -9.941807 -2.720192
v -4.318518 -9.1044445 1.4369289
v -4.181499 -9.747327 -2.7791057
v -4.03537 -8.909969 1.3780183
v -7.6280346 -9.38178 -2.6313186
v -4.464631 -9.941807 -2.720192
v -7.6030884 -9.194514 -2.9241836
v -4.4397006 -9.75454 -3.0130615
v -7.481893 -8.544422 1.5258043
v -7.6280346 -9.38178 -2.6313186
v -7.6839046 -8.264056 1.4805189
v -7.8300147 -9.101406 -2.6766002
v -4.318518 -9.1044445 1.4369289
v -7.481893 -8.544422 1.5258043
v -4.2622924 -8.816864 1.625608
v -7.4256845 -8.25684 1.7144794
v -5.362898 -1.7705462 1.8597821
v -3.7449791 -1.7931873 0.38612854
v -5.4652 -8.355432 1.8774679
v -3.7240574 -8.355118 0.40938026
v -6.4185596 -1.8140222 -3.081115
v -8.216679 -1.7940762 -1.6605911
v -6.6497216 -8.410568 -3.0090773
v -8.222009 -8.395537 -1.7251127
v -8.28881 -1.7912164 -1.3567196
v -5.714286 -1.7695727 1.8344733
v -8.294137 -8.39234 -1.421245
v -5.816576 -8.355783 1.8521923
v -3.7449791 -1.7931873 0.38612854
v -3.7195117 -1.7963012 0.03461548
v -3.7240574 -8.355118 0.40938026
v -3.6985753 -8.358837 0.057864606
v -8.216679 -1.7940762 -1.6605911
v -8.28881 -1.7912164 -1.3567196
v -8.222009 -8.395537 -1.7251127
v -8.294137 -8.39234 -1.421245
v -8.086641 -8.695445 -1.5667068
v -8.294137 -8.39234 -1.421245
v -5.634304 -8.641877 1.688438
v -5.816576 -8.355783 1.8521923
v -5.634304 -8.641877 1.688438
v -5.4652 -8.355432 1.8774679
v -3.9886339 -8.653235 0.2627858
v -3.7240574 -8.355118 0.40938026
v -3.696027 1.3157475 3.5767767
v -0.14484741 1.2152396 1.3152429
v -3.4036717 -4.271843 4.329664
v 0.078828126 -4.379447 2.0369425
v -0.04469574 1.1817907 1.0306399
v -2.9382665 0.45291385 -3.4277601
v 0.1789865 -4.412898 1.7523341
v -2.6541247 -5.137183 -2.6887805
v -3.236286 0.42568988 -3.4786768
v -6.7187877 0.533304 -1.1859511
v -2.952141 -5.164406 -2.739696
v -6.4346404 -5.0568004 -0.44698176
v -6.8189483 0.56674904 -0.90135837
v -3.994041 1.2885227 3.5258539
v -6.5348043 -5.0233574 -0.16237895
v -3.7016869 -4.2990646 4.278742
v -0.14484741 1.2152396 1.3152429
v -0.04469574 1.1817907 1.0306399
v 0.078828126 -4.379447 2.0369425
v 0.1789865 -4.412898 1.7523341
v -2.9382665 0.45291385 -3.4277601
v -3.236286 0.42568988 -3.4786768
v -2.6541247 -5.137183 -2.6887805
v -2.952141 -5.164406 -2.739696
v -6.32262 -5.2212024 -0.25173548
v -6.5348043 -5.0233574 -0.16237895
v -3.4894993 -4.4969115 4.1893907
v -3.7016869 -4.2990646 4.278742
v -2.8404694 -5.323561 -2.5451977
v -2.952141 -5.164406 -2.739696
v -6.32262 -5.2212024 -0.25173548
v -6.4346404 -5.0568004 -0.44698176
v -0.007357788 -4.599274 1.8959329
v 0.1789865 -4.412898 1.7523341
v -2.8404694 -5.323561 -2.5451977
v -2.6541247 -5.137183 -2.6887805
v -3.4894993 -4.4969115 4.1893907
v -3.4036717 -4.271843 4.329664
v -0.007357788 -4.599274 1.8959329
v 0.078828126 -4.379447 2.0369425
v 14.797411 7.2883573 1.2884396
v 14.859231 3.6217 1.3107313
v 8.739646 7.259066 6.1762156
v 8.801472 3.5924163 6.198491
v 8.439157 7.2535105 6.1006947
v 8.500967 3.586852 6.1229663
v 3.7768054 7.2062435 1.0387198
v 3.8292906 3.5057278 1.0454031
v 3.8523357 7.2061377 0.7381738
v 3.904824 3.5056262 0.74486375
v 9.9101095 7.2354226 -4.149586
v 9.962583 3.534908 -4.1429005
v 10.210599 7.240987 -4.0740695
v 10.26307 3.5404732 -4.067386
v 14.872942 7.2882547 0.9878958
v 14.934759 3.6215968 1.0101908
v 8.739646 7.259066 6.1762156
v 8.801472 3.5924163 6.198491
v 8.439157 7.2535105 6.1006947
v 8.500967 3.586852 6.1229663
v 3.7768054 7.2062435 1.0387198
v 3.8292906 3.5057278 1.0454031
v 3.8523357 7.2061377 0.7381738
v 3.904824 3.5056262 0.74486375
v 9.9101095 7.2354226 -4.149586
v 9.962583 3.534908 -4.1429005
v 10.210599 7.240987 -4.0740695
v 10.26307 3.5404732 -4.067386
v 4.0203485 3.3624303 0.9342993
v 10.078115 3.3917148 -3.9534657
v 3.904824 3.5056262 0.74486375
v 9.962583 3.534908 -4.1429005
v 14.749788 3.4392312 1.1241102
v 8.692032 3.4099455 6.011865
v 14.859231 3.6217 1.3107313
v 8.801472 3.5924163 6.198491
v 0.56692654 -3.3356411 3.7679908
v 4.011006 -3.4593291 -0.5091058
v 1.9361558 -9.715516 4.658942
v 5.494071 -9.792561 0.35720274
v 0.8074029 -4.5874963 -3.2721558
v -2.8184483 -4.5099487 0.9934857
v 2.0661304 -10.993848 -2.2988346
v -1.3681705 -10.901535 1.7858015
v -2.831112 -4.468518 1.3027934
v 0.22576782 -3.4060812 3.8205469
v -1.3809046 -10.859776 2.0950613
v 1.595307 -9.787228 4.711704
v 4.011006 -3.4593291 -0.5091058
v 3.9701433 -3.5181231 -0.8542087
v 5.494071 -9.792561 0.35720274
v 5.453359 -9.851938 0.012176818
v -1.1422772 -11.13821 1.948034
v -1.3809046 -10.859776 2.0950613
v 1.8025892 -10.057187 4.550322
v 1.595307 -9.787228 4.711704
v 1.8025892 -10.057187 4.550322
v 1.9361558 -9.715516 4.658942
v 5.279711 -10.156401 0.3120861
v 5.494071 -9.792561 0.35720274
v 0.49638763 5.7330527 2.9741554
v 3.4671838 5.442622 0.31356728
v 0.03854492 -0.5357948 3.1885033
v 2.9102242 -0.81910676 0.5076099
v 3.508061 5.4229765 -0.0902486
v 0.17758942 5.426474 -3.4168386
v 2.9511108 -0.83874965 0.10379043
v -0.2953705 -0.8422081 -3.2183173
v -0.22750305 5.4496937 -3.3948708
v -3.0991955 5.733006 -0.71397877
v -0.7004614 -0.81899154 -3.1963532
v -3.5721447 -0.53568023 -0.51547074
v -3.1400855 5.752651 -0.31017604
v 0.0913002 5.75627 2.9961069
v -3.6130407 -0.5160385 -0.1116581
v -0.36654785 -0.5125746 3.2104619
v 3.4671838 5.442622 0.31356728
v 3.508061 5.4229765 -0.0902486
v 2.9102242 -0.81910676 0.5076099
v 2.9511108 -0.83874965 0.10379043
v 0.17758942 5.426474 -3.4168386
v -0.22750305 5.4496937 -3.3948708
v -0.2953705 -0.8422081 -3.2183173
v -0.7004614 -0.81899154 -3.1963532
v -3.0991955 5.733006 -0.71397877
v -3.1400855 5.752651 -0.31017604
v -3.5721447 -0.53568023 -0.51547074
v -3.6130407 -0.5160385 -0.1116581
v -3.4045177 -0.8006759 -0.31321183
v -3.6130407 -0.5160385 -0.1116581
v -0.15801726 -0.7972102 3.0089056
v -0.36654785 -0.5125746 3.2104619
v -0.5324365 -1.0768889 -2.9944086
v -0.7004614 -0.81899154 -3.1963532
v -3.4045177 -0.8006759 -0.31321183
v -3.5721447 -0.53568023 -0.51547074
v 2.7140472 -1.0734292 0.3277163
v 2.9511108 -0.83874965 0.10379043
v -0.5324365 -1.0768889 -2.9944086
v -0.2953705 -0.8422081 -3.2183173
v -0.15801726 -0.7972102 3.0089056
v 0.03854492 -0.5357948 3.1885033
v 2.7140472 -1.0734292 0.3277163
v 2.9102242 -0.81910676 0.5076099
v 3.546065 7.5760417 6.05036
v 7.8404064 7.622645 4.9876018
v 3.5935657 4.2367353 6.111997
v 7.8011613 4.283338 4.978049
v 8.090477 7.620814 4.613969
v 6.5627537 7.467425 -0.36279175
v 8.051244 4.28151 4.6044164
v 6.603682 4.127611 -0.32445937
v 6.154625 7.456727 -0.5510855
v 1.9470187 7.4101224 0.5828574
v 6.1955566 4.1169095 -0.512754
v 1.9879638 4.070307 0.62118256
v 1.6969409 7.411953 0.95647246
v 3.1379485 7.5653424 5.8620553
v 1.7378744 4.0721335 0.9948034
v 3.1854413 4.226039 5.923695
v 6.5627537 7.467425 -0.36279175
v 6.154625 7.456727 -0.5510855
v 6.603682 4.127611 -0.32445937
v 6.1955566 4.1169095 -0.512754
v 2.0723271 3.7847354 0.90714127
v 1.7378744 4.0721335 0.9948034
v 3.5198998 3.9386382 5.8360324
v 3.1854413 4.226039 5.923695
v 6.279788 3.8392076 -0.22693557
v 6.1955566 4.1169095 -0.512754
v 2.0723271 3.7847354 0.90714127
v 1.9879638 4.070307 0.62118256
v 7.7273436 3.9931045 4.7019587
v 8.051244 4.28151 4.6044164
v 6.279788 3.8392076 -0.22693557
v 6.603682 4.127611 -0.32445937
v 3.5198998 3.9386382 5.8360324
v 3.5935657 4.2367353 6.111997
v 7.7273436 3.9931045 4.7019587
v 7.8011613 4.283338 4.978049
v 2.1964338 -0.47724074 3.3982904
v 2.7241735 -7.1860266 3.5345352
v -0.2670465 -0.6421115 4.965997
v 0.2815744 -7.3485723 5.120756
v -0.52660185 -0.6664189 4.9126835
v 0.021909485 -7.3716264 5.0674286
v -3.0481737 -0.9734906 0.9632583
v -2.5094278 -7.6639776 1.1046972
v -2.9943798 -0.97656703 0.7026871
v -2.4557216 -7.666006 0.84410733
v -0.530896 -0.811705 -0.8650165
v -0.013118286 -7.503466 -0.7421241
v -0.27134705 -0.78739226 -0.8117127
v 0.24652863 -7.4804144 -0.68880105
v 2.2502227 -0.48031676 3.1377072
v 2.7778778 -7.188061 3.2739437
v -0.2670465 -0.6421115 4.965997
v 0.2815744 -7.3485723 5.120756
v -0.52660185 -0.6664189 4.9126835
v 0.021909485 -7.3716264 5.0674286
v -3.0481737 -0.9734906 0.9632583
v -2.5094278 -7.6639776 1.1046972
v -2.9943798 -0.97656703 0.7026871
v -2.4557216 -7.666006 0.84410733
v -0.530896 -0.811705 -0.8650165
v -0.013118286 -7.503466 -0.7421241
v -0.27134705 -0.78739226 -0.8117127
v 0.24652863 -7.4804144 -0.68880105
v 0.098338924 -7.5812664 -0.5817313
v 2.62968 -7.288917 3.381011
v 0.24652863 -7.4804144 -0.68880105
v 2.7778778 -7.188061 3.2739437
v -2.3442655 -7.7438116 1.0044976
v 0.098338924 -7.5812664 -0.5817313
v -2.4557216 -7.666006 0.84410733
v -0.013118286 -7.503466 -0.7421241
v 0.18708007 -7.4514594 4.9672246
v -2.3442655 -7.7438116 1.0044976
v 0.021909485 -7.3716264 5.0674286
v -2.5094278 -7.6639776 1.1046972
v 2.62968 -7.288917 3.381011
v 0.18708007 -7.4514594 4.9672246
v 2.7241735 -7.1860266 3.5345352
v 0.2815744 -7.3485723 5.120756
v -0.52679104 -4.808542 -0.7407052
v -0.5268185 -8.031112 -0.72570103
v -3.3045666 -4.8094025 0.17449164
v -3.2887743 -8.031611 0.21260063
v -3.5442016 -4.8124566 0.058868483
v -3.5284216 -8.033411 0.09698478
v -4.811875 -4.850785 -4.204973
v -4.8012314 -8.056074 -4.1815877
v -4.6962414 -4.853329 -4.4446025
v -4.685603 -8.057566 -4.4212217
v -1.9184647 -4.852476 -5.3598
v -1.9236398 -8.05707 -5.359531
v -1.6788327 -4.849417 -5.244187
v -1.6840091 -8.055273 -5.2439246
v -0.41115937 -4.8110843 -0.9803495
v -0.41119322 -8.03261 -0.965335
v -3.3045666 -4.8094025 0.17449164
v -3.2887743 -8.031611 0.21260063
v -3.5442016 -4.8124566 0.058868483
v -3.5284216 -8.033411 0.09698478
v -4.811875 -4.850785 -4.204973
v -4.8012314 -8.056074 -4.1815877
v -4.6962414 -4.853329 -4.4446025
v -4.685603 -8.057566 -4.4212217
v -1.9184647 -4.852476 -5.3598
v -1.9236398 -8.05707 -5.359531
v -1.6788327 -4.849417 -5.244187
v -1.6840091 -8.055273 -5.2439246
v -1.8606967 -8.146201 -5.1798205
v -0.5878882 -8.123541 -0.90123814
v -1.6840091 -8.055273 -5.2439246
v -0.41119322 -8.03261 -0.965335
v -4.6226597 -8.146702 -4.2415137
v -1.8606967 -8.146201 -5.1798205
v -4.685603 -8.057566 -4.4212217
v -1.9236398 -8.05707 -5.359531
v -3.3498425 -8.124039 0.03705742
v -4.6226597 -8.146702 -4.2415137
v -3.5284216 -8.033411 0.09698478
v -4.8012314 -8.056074 -4.1815877
v -0.5878882 -8.123541 -0.90123814
v -3.3498425 -8.124039 0.03705742
v -0.5268185 -8.031112 -0.72570103
v -3.2887743 -8.031611 0.21260063
v 4.9413657 2.1076522 7.412422
v 4.8269086 -0.812027 7.4919105
v 1.1701394 2.316911 9.102896
v 1.0556881 -0.60276246 9.182369
v 0.95155305 2.3222277 8.982664
v 0.8370886 -0.5974524 9.062131
v -1.1866494 2.312765 3.8442361
v -1.3082861 -0.6640959 3.9106274
v -1.0666858 2.302476 3.6256697
v -1.1883209 -0.6743805 3.6920671
v 2.7045436 2.0932148 1.9352142
v 2.5828977 -0.8836445 2.0016005
v 2.9231322 2.0879045 2.0554411
v 2.801484 -0.8889531 2.1218278
v 5.06133 2.0973673 7.1938596
v 4.946869 -0.8223129 7.2733474
v 1.1701394 2.316911 9.102896
v 1.0556881 -0.60276246 9.182369
v 0.95155305 2.3222277 8.982664
v 0.8370886 -0.5974524 9.062131
v -1.1866494 2.312765 3.8442361
v -1.3082861 -0.6640959 3.9106274
v -1.0666858 2.302476 3.6256697
v -1.1883209 -0.6743805 3.6920671
v 2.7045436 2.0932148 1.9352142
v 2.5828977 -0.8836445 2.0016005
v 2.9231322 2.0879045 2.0554411
v 2.801484 -0.8889531 2.1218278
v -1.143284 -0.7893754 3.8651714
v 2.6279418 -0.9986369 2.1747057
v -1.1883209 -0.6743805 3.6920671
v 2.5828977 -0.8836445 2.0016005
v 4.7702255 -0.9889593 7.3271866
v 0.99900967 -0.7796986 9.017643
v 4.8269086 -0.812027 7.4919105
v 1.0556881 -0.60276246 9.182369
v 11.703056 -5.3736377 2.686576
v 11.705366 -12.22411 2.7109692
v -7.0440917 -5.3736386 3.7286072
v -7.0417747 -12.224117 3.7529757
v -7.365881 -5.3736386 3.4629138
v -7.3635497 -12.224114 3.4872873
v -7.9790626 -5.3736286 -6.6891675
v -7.979072 -12.224095 -6.689173
v -7.713408 -5.3736296 -7.010958
v -7.713408 -12.224095 -7.0109653
v 11.03374 -5.3736258 -8.052984
v 11.033715 -12.224096 -8.052963
v 11.355532 -5.3736286 -7.787308
v 11.355513 -12.224096 -7.787321
v 11.968716 -5.3736377 2.3647742
v 11.97103 -12.22411 2.3891578
v -7.0440917 -5.3736386 3.7286072
v -7.0417747 -12.224117 3.7529757
v -7.365881 -5.3736386 3.4629138
v -7.3635497 -12.224114 3.4872873
v 11.705366 -12.22411 2.7109692
v 11.703056 -5.3736377 2.686576
v 11.97103 -12.22411 2.3891578
v 11.968716 -5.3736377 2.3647742
v -7.9790626 -5.3736286 -6.6891675
v -7.979072 -12.224095 -6.689173
v -7.713408 -5.3736296 -7.010958
v -7.713408 -12.224095 -7.0109653
v 11.03374 -5.3736258 -8.052984
v 11.033715 -12.224096 -8.052963
v 11.355532 -5.3736286 -7.787308
v 11.355513 -12.224096 -7.787321
v 11.061782 -12.479488 -7.759252
v 11.677285 -12.479505 2.4172094
v 11.355513 -12.224096 -7.787321
v 11.97103 -12.22411 2.3891578
v -7.685349 -12.479488 -6.7172494
v 11.061782 -12.479488 -7.759252
v -7.713408 -12.224095 -7.0109653
v 11.033715 -12.224096 -8.052963
v -7.0698266 -12.479509 3.4592307
v -7.685349 -12.479488 -6.7172494
v -7.3635497 -12.224114 3.4872873
v -7.979072 -12.224095 -6.689173
v 11.677285 -12.479505 2.4172094
v -7.0698266 -12.479509 3.4592307
v 11.705366 -12.22411 2.7109692
v -7.0417747 -12.224117 3.7529757
v 5.3330817 6.3580923 9.398613
v 11.648055 6.2577515 6.026587
v -0.6150458 5.1199493 -1.7489886
v 5.699938 5.019608 -5.1210203
v -0.10638458 6.653417 4.240851
v 2.7965755 6.937632 4.2697206
v -0.0047940062 6.2868285 -0.4550704
v 2.8981764 6.5710483 -0.4262102
v 5.7958145 6.327423 5.146361
v 14.878904 6.6062512 3.793385
v 3.8880987 6.4966683 -6.667268
v 12.971205 6.775502 -8.020244
v 3.8498442 4.759156 5.2171044
v 10.995836 4.7866144 3.7323146
v 2.3110237 4.7146063 -2.4406452
v 9.4570265 4.7420645 -3.9254332
v 4.6582785 7.857548 5.1629777
v 9.532355 7.9856668 1.7462215
v 1.4847674 7.2385645 0.7203012
v 6.3588543 7.3666816 -2.696466
v 1.2413033 4.146856 0.568134
v 4.379155 4.3471575 -0.7668031
v -0.75904906 3.0718114 -3.5597327
v 2.3788092 3.2721112 -4.894684
v 4.955734 2.984206 3.2498453
v 0.9887637 2.8451102 -1.6877682
v 0.43159607 2.9349782 6.7998853
v -3.5353894 2.7958777 1.8622729
v -1.6775693 -5.077365 7.139282
v -2.121409 -4.9849596 0.34144995
v -6.1843796 -4.8329654 7.522047
v -6.650563 -4.7394514 0.87074155
v 2.4704015 -10.521643 1.943898
v -3.3993518 -11.115809 -8.973777
v -9.019336 -10.276837 7.6843514
v -14.889095 -10.871 -3.23332
v -1.305129 -5.2872405 6.6539974
v -1.5573199 -5.659147 3.140039
v -5.069196 -5.1371326 6.8982224
v -5.3214054 -5.5090384 3.3842638
v -5.8353515 -7.1244287 2.875734
v -4.9457235 -7.078951 -1.7323385
v -9.263185 -7.5141516 2.0040653
v -8.37357 -7.468668 -2.604003
v -7.481893 -8.544422 1.5258043
v -4.318518 -9.1044445 1.4369289
v -7.6280346 -9.38178 -2.6313186
v -4.464631 -9.941807 -2.720192
v -3.9886339 -8.653235 0.2627858
v -6.5673275 -8.704866 -2.7998323
v -5.634304 -8.641877 1.688438
v -8.086641 -8.695445 -1.5667068
v -0.007357788 -4.599274 1.8959329
v -2.8404694 -5.323561 -2.5451977
v -3.4894993 -4.4969115 4.1893907
v -6.32262 -5.2212024 -0.25173548
v 8.692032 3.4099455 6.011865
v 14.749788 3.4392312 1.1241102
v 4.0203485 3.3624303 0.9342993
v 10.078115 3.3917148 -3.9534657
v 5.279711 -10.156401 0.3120861
v 2.249625 -11.226436 -2.0765398
v 1.8025892 -10.057187 4.550322
v -1.1422772 -11.13821 1.948034
v 2.7140472 -1.0734292 0.3277163
v -0.5324365 -1.0768889 -2.9944086
v -0.15801726 -0.7972102 3.0089056
v -3.4045177 -0.8006759 -0.31321183
v 7.7273436 3.9931045 4.7019587
v 6.279788 3.8392076 -0.22693557
v 3.5198998 3.9386382 5.8360324
v 2.0723271 3.7847354 0.90714127
v 0.18708007 -7.4514594 4.9672246
v 2.62968 -7.288917 3.381011
v -2.3442655 -7.7438116 1.0044976
v 0.098338924 -7.5812664 -0.5817313
v -3.3498425 -8.124039 0.03705742
v -0.5878882 -8.123541 -0.90123814
v -4.6226597 -8.146702 -4.2415137
v -1.8606967 -8.146201 -5.1798205
v 0.99900967 -0.7796986 9.017643
v 4.7702255 -0.9889593 7.3271866
v -1.143284 -0.7893754 3.8651714
v 2.6279418 -0.9986369 2.1747057
v -7.0698266 -12.479509 3.4592307
v 11.677285 -12.479505 2.4172094
v -7.685349 -12.479488 -6.7172494
v 11.061782 -12.479488 -7.759252
v 11.40598 8.938065 5.6455207
v 11.598517 9.011553 5.7018523
v 11.549095 9.022672 5.8380218
v 5.1599283 9.037924 8.980682
v 5.2410574 8.946539 9.225518
v 5.1045976 8.935545 9.176886
v 5.5993395 7.730217 -5.24042
v 5.528109 7.5877843 -5.4635925
v 5.6645775 7.598783 -5.414956
v -0.6467236 7.830075 -1.9052703
v -0.8363 7.6992455 -1.9554019
v -0.78687376 7.688126 -2.0915673
v 5.2410574 8.946539 9.225518
v 5.1599283 9.037924 8.980682
v 11.549095 9.022672 5.8380218
v 11.40598 8.938065 5.6455207
v 11.549095 9.022672 5.8380218
v 5.1599283 9.037924 8.980682
v 11.598517 9.011553 5.7018523
v 11.40598 8.938065 5.6455207
v 5.6645775 7.598783 -5.414956
v 5.5993395 7.730217 -5.24042
v 5.6645775 7.598783 -5.414956
v 11.40598 8.938065 5.6455207
v 5.29368 8.749785 9.337715
v 5.2410574 8.946539 9.225518
v 11.608663 8.64945 5.965673
v 11.549095 9.022672 5.8380218
v 11.608663 8.64945 5.965673
v 5.2410574 8.946539 9.225518
v 11.707534 8.627213 5.693338
v 11.598517 9.011553 5.7018523
v 5.7666297 7.390909 -5.4389267
v 5.6645775 7.598783 -5.414956
v 5.7666297 7.390909 -5.4389267
v 11.598517 9.011553 5.7018523
v 2.4140863 10.482519 3.8562782
v 2.5530016 10.471868 3.986315
v 2.4569337 10.48643 4.078719
v -0.42817655 10.237715 3.7942202
v -0.4525476 10.193937 4.0233054
v -0.5422568 10.145922 3.9317684
v 2.5235066 10.187567 -0.5707619
v 2.5637777 10.0684805 -0.7863448
v 2.6534915 10.116494 -0.69480294
v -0.31535032 9.907593 -0.63017994
v -0.44233885 9.796467 -0.7498011
v -0.3462631 9.781899 -0.8421981
v 2.4807174 10.24113 4.19318
v 2.4569337 10.48643 4.078719
v 2.6698859 10.242825 4.006048
v 2.5530016 10.471868 3.986315
v 2.6698859 10.242825 4.006048
v 2.4569337 10.48643 4.078719
v -0.61457306 9.91866 3.9497018
v -0.5422568 10.145922 3.9317684
v -0.42926085 9.953842 4.137381
v -0.4525476 10.193937 4.0233054
v -0.42926085 9.953842 4.137381
v -0.5422568 10.145922 3.9317684
v 2.7728488 9.861834 -0.67313665
v 2.6534915 10.116494 -0.69480294
v 2.5875351 9.826647 -0.86080587
v 2.5637777 10.0684805 -0.7863448
v 2.5875351 9.826647 -0.86080587
v 2.6534915 10.116494 -0.69480294
v -0.32244384 9.539365 -0.91660815
v -0.3462631 9.781899 -0.8421981
v -0.5116095 9.537675 -0.72948647
v -0.44233885 9.796467 -0.7498011
v -0.5116095 9.537675 -0.72948647
v -0.3462631 9.781899 -0.8421981
v -0.4525476 10.193937 4.0233054
v -0.42817655 10.237715 3.7942202
v 2.4569337 10.48643 4.078719
v 2.4140863 10.482519 3.8562782
v 2.4569337 10.48643 4.078719
v -0.42817655 10.237715 3.7942202
v -0.44233885 9.796467 -0.7498011
v -0.31535032 9.907593 -0.63017994
v -0.5422568 10.145922 3.9317684
v -0.42817655 10.237715 3.7942202
v -0.5422568 10.145922 3.9317684
v -0.31535032 9.907593 -0.63017994
v 2.5530016 10.471868 3.986315
v 2.4140863 10.482519 3.8562782
v 2.5235066 10.187567 -0.5707619
v 2.5530016 10.471868 3.986315
v 2.5235066 10.187567 -0.5707619
v 2.6534915 10.116494 -0.69480294
v 14.6793585 9.281172 3.6225438
v 14.837507 9.348547 3.7494109
v 14.743663 9.34484 3.860258
v 5.6736484 9.005965 4.9650903
v 5.668663 8.888913 5.2123747
v 5.5579724 8.882952 5.118468
v 12.81265 9.452652 -7.8949113
v 12.828618 9.334938 -8.142005
v 12.939314 9.340907 -8.048084
v 3.8069298 9.177445 -6.552382
v 3.6516697 9.052398 -6.6781864
v 3.7455175 9.056102 -6.78903
v 5.668663 8.888913 5.2123747
v 5.6736484 9.005965 4.9650903
v 14.743663 9.34484 3.860258
v 14.6793585 9.281172 3.6225438
v 14.743663 9.34484 3.860258
v 5.6736484 9.005965 4.9650903
v 14.837507 9.348547 3.7494109
v 14.6793585 9.281172 3.6225438
v 12.939314 9.340907 -8.048084
v 12.81265 9.452652 -7.8949113
v 12.939314 9.340907 -8.048084
v 14.6793585 9.281172 3.6225438
v 5.686947 8.681329 5.315543
v 5.668663 8.888913 5.2123747
v 14.770055 8.960163 3.96255
v 14.743663 9.34484 3.860258
v 14.770055 8.960163 3.96255
v 5.668663 8.888913 5.2123747
v 14.957766 8.967577 3.7408643
v 14.837507 9.348547 3.7494109
v 13.051451 9.137028 -8.055768
v 12.939314 9.340907 -8.048084
v 13.051451 9.137028 -8.055768
v 14.837507 9.348547 3.7494109
v 10.891542 7.0018454 3.5469255
v 11.0497 7.0643463 3.6762516
v 10.95388 7.064394 3.7854583
v 3.8231804 6.9753013 5.0226207
v 3.8098888 6.859663 5.270266
v 3.7007 6.857063 5.1744666
v 9.38865 6.959516 -3.8139899
v 9.404824 6.840151 -4.0602775
v 9.514018 6.842756 -3.9644656
v 2.3202782 6.9329705 -2.338312
v 2.1630013 6.8127384 -2.466286
v 2.258825 6.81269 -2.5754886
v 3.8098888 6.859663 5.270266
v 3.8231804 6.9753013 5.0226207
v 10.95388 7.064394 3.7854583
v 10.891542 7.0018454 3.5469255
v 10.95388 7.064394 3.7854583
v 3.8231804 6.9753013 5.0226207
v 2.1630013 6.8127384 -2.466286
v 2.3202782 6.9329705 -2.338312
v 3.7007 6.857063 5.1744666
v 3.8231804 6.9753013 5.0226207
v 3.7007 6.857063 5.1744666
v 2.3202782 6.9329705 -2.338312
v 11.0497 7.0643463 3.6762516
v 10.891542 7.0018454 3.5469255
v 9.514018 6.842756 -3.9644656
v 9.38865 6.959516 -3.8139899
v 9.514018 6.842756 -3.9644656
v 10.891542 7.0018454 3.5469255
v 3.8192244 6.652064 5.374597
v 3.8098888 6.859663 5.270266
v 10.965229 6.6795297 3.889793
v 10.95388 7.064394 3.7854583
v 10.965229 6.6795297 3.889793
v 3.8098888 6.859663 5.270266
v 11.156889 6.679433 3.671386
v 11.0497 7.0643463 3.6762516
v 9.619181 6.635106 -3.9693468
v 9.514018 6.842756 -3.9644656
v 9.619181 6.635106 -3.9693468
v 11.0497 7.0643463 3.6762516
v 9.107168 12.479514 1.7773901
v 9.323004 12.3601465 1.8074108
v 9.29144 12.370562 1.9632473
v 4.3017726 12.352982 5.142867
v 4.432526 12.25464 5.3944664
v 4.276936 12.238653 5.36402
v 6.1290784 11.897318 -2.4045305
v 6.0193768 11.739567 -2.6358166
v 6.174965 11.755552 -2.6053734
v 1.3236706 11.770791 0.96094406
v 1.1137195 11.6218605 0.9367802
v 1.1452881 11.611445 0.7809471
v 4.432526 12.25464 5.3944664
v 4.3017726 12.352982 5.142867
v 9.29144 12.370562 1.9632473
v 9.107168 12.479514 1.7773901
v 9.29144 12.370562 1.9632473
v 4.3017726 12.352982 5.142867
v 9.323004 12.3601465 1.8074108
v 9.107168 12.479514 1.7773901
v 6.174965 11.755552 -2.6053734
v 6.1290784 11.897318 -2.4045305
v 6.174965 11.755552 -2.6053734
v 9.107168 12.479514 1.7773901
v 4.5136676 12.040228 5.5061893
v 4.432526 12.25464 5.3944664
v 9.38775 12.168357 2.0894103
v 9.29144 12.370562 1.9632473
v 9.38775 12.168357 2.0894103
v 4.432526 12.25464 5.3944664
v 3.902882 7.104434 -1.3639189
v 4.085443 7.106057 -1.3092418
v 4.040527 7.1395197 -1.18741
v 0.8037141 6.934776 -0.09145496
v 0.8851426 6.927397 0.1283316
v 0.76494247 6.871023 0.095070496
v 2.0282836 6.140205 -5.2695312
v 1.9702978 5.987999 -5.458607
v 2.0905035 6.0443735 -5.425344
v -1.0659708 5.936044 -3.9906662
v -1.2308282 5.815143 -4.0221157
v -1.1859024 5.7816772 -4.143942
v 4.117743 6.9133525 -1.0580844
v 4.040527 7.1395197 -1.18741
v 4.2032785 6.876661 -1.3073704
v 4.085443 7.106057 -1.3092418
v 4.2032785 6.876661 -1.3073704
v 4.040527 7.1395197 -1.18741
v 0.71271515 6.6532764 0.17908378
v 0.76494247 6.871023 0.095070496
v 0.9616408 6.7063365 0.25671044
v 0.8851426 6.927397 0.1283316
v 0.9616408 6.7063365 0.25671044
v 0.76494247 6.871023 0.095070496
v 2.2119184 5.7898455 -5.4188013
v 2.0905035 6.0443735 -5.425344
v 1.9630021 5.7367835 -5.496416
v 1.9702978 5.987999 -5.458607
v 1.9630021 5.7367835 -5.496416
v 2.0905035 6.0443735 -5.425344
v -1.1931051 5.529773 -4.1816206
v -1.1859024 5.7816772 -4.143942
v -1.2786472 5.5664654 -3.9323468
v -1.2308282 5.815143 -4.0221157
v -1.2786472 5.5664654 -3.9323468
v -1.1859024 5.7816772 -4.143942
v 0.8851426 6.927397 0.1283316
v 0.8037141 6.934776 -0.09145496
v 4.040527 7.1395197 -1.18741
v 3.902882 7.104434 -1.3639189
v 4.040527 7.1395197 -1.18741
v 0.8037141 6.934776 -0.09145496
v -1.2308282 5.815143 -4.0221157
v -1.0659708 5.936044 -3.9906662
v 0.76494247 6.871023 0.095070496
v 0.8037141 6.934776 -0.09145496
v 0.76494247 6.871023 0.095070496
v -1.0659708 5.936044 -3.9906662
v 4.085443 7.106057 -1.3092418
v 3.902882 7.104434 -1.3639189
v 2.0282836 6.140205 -5.2695312
v 4.085443 7.106057 -1.3092418
v 2.0282836 6.140205 -5.2695312
v 2.0905035 6.0443735 -5.425344
v 0.35887283 8.700748 6.7590117
v 0.4404425 8.488615 6.864609
v 0.23764938 8.483782 6.853294
v 4.9797435 8.742869 3.240041
v 5.1043344 8.529909 3.1470742
v 5.061313 8.530737 3.3456423
v -5.2482786 2.4920096 7.74822
v -5.2391906 2.408486 7.8953643
v -5.4031577 2.425319 7.7647333
v -0.7191177 2.2465072 7.21893
v -0.57987946 2.1515744 7.2012444
v -0.71003264 2.162981 7.366075
v -5.938932 2.6085086 0.9241658
v -6.093828 2.5418136 0.94067824
v -5.963685 2.5304096 0.7758479
v -1.4097689 2.3630044 0.39487892
v -1.4345267 2.284907 0.2465583
v -1.2705468 2.2680733 0.37719458
v -8.936166 -4.849653 7.2067723
v -8.920546 -5.107288 7.373756
v -9.0823765 -5.086531 7.3219385
v 2.4870331 -5.0529594 1.4992851
v 2.6202788 -5.3416357 1.4687811
v 2.570536 -5.3231664 1.6308733
v -14.757531 -5.384321 -3.6289182
v -14.940046 -5.620475 -3.583028
v -14.890305 -5.6389365 -3.7451231
v -3.3343358 -5.587631 -9.33641
v -3.399231 -5.854821 -9.488003
v -3.2373998 -5.875568 -9.43618
v -4.595556 5.8178344 6.0222983
v -4.590982 5.76571 6.1148925
v -4.7282696 5.761833 6.034111
v -0.7785391 5.663252 5.83133
v -0.6497027 5.597657 5.8306613
v -0.77396667 5.611128 5.9239244
v -4.846667 5.4473705 2.5227878
v -4.979394 5.391366 2.5346029
v -4.855135 5.377897 2.4413419
v -1.082775 5.291263 2.2791128
v -1.0912421 5.2217917 2.1976614
v -0.953949 5.22567 2.278447
v -9.668558 -4.191488 2.112328
v -9.74957 -4.365181 2.3710392
v -9.845472 -4.3708506 2.2114296
v -6.2407064 -3.8017604 2.9840002
v -6.101572 -3.945022 3.158942
v -6.259652 -3.9682543 3.2547429
v -8.783851 -4.147384 -2.4755235
v -8.885644 -4.3064194 -2.6621575
v -8.727571 -4.283186 -2.7579656
v -5.355996 -3.7576683 -1.603857
v -5.2376585 -3.886271 -1.8742684
v -5.1417465 -3.8805983 -1.7146511
v -5.1417465 -3.8805983 -1.7146511
v -6.101572 -3.945022 3.158942
v -5.355996 -3.7576683 -1.603857
v -6.2407064 -3.8017604 2.9840002
v -5.355996 -3.7576683 -1.603857
v -6.101572 -3.945022 3.158942
v -5.0722117 -4.0663714 -1.5560055
v -5.956909 -4.1104646 3.0318487
v -5.1417465 -3.8805983 -1.7146511
v -6.101572 -3.945022 3.158942
v -5.1417465 -3.8805983 -1.7146511
v -5.956909 -4.1104646 3.0318487
v -9.869276 -4.5553303 2.038461
v -8.984575 -4.5112348 -2.54939
v -9.845472 -4.3708506 2.2114296
v -8.885644 -4.3064194 -2.6621575
v -9.845472 -4.3708506 2.2114296
v -8.984575 -4.5112348 -2.54939
v -3.1979053 -2.592376 -0.013749008
v -3.1140246 -2.7832665 0.020896835
v -3.2274976 -2.7367218 0.14468223
v -6.3613024 -2.0323467 0.07513481
v -6.3908935 -2.17669 0.23356895
v -6.520001 -2.1802928 0.116591714
v -3.342739 -3.425554 -4.150895
v -3.3879688 -3.6200514 -4.2332225
v -3.2588599 -3.6164513 -4.116249
v -6.5061326 -2.8655286 -4.0620275
v -6.664828 -3.0134747 -4.0205526
v -6.5513597 -3.0600262 -4.1443515
v -5.5164976 -1.417135 1.6724843
v -5.4367137 -1.4928491 1.766496
v -5.612434 -1.4866834 1.7537706
v -3.8983543 -1.4804013 0.1993933
v -3.8058386 -1.5550815 0.117615886
v -3.8185692 -1.5561087 0.29340583
v -8.091728 -1.3144468 -1.5204046
v -8.187676 -1.383997 -1.4391125
v -8.130368 -1.3849119 -1.5658231
v -6.304038 -1.3713958 -2.940674
v -6.326698 -1.4423742 -2.990169
v -6.2115355 -1.4460772 -3.02245
v -8.28881 -1.7912164 -1.3567196
v -8.216679 -1.7940762 -1.6605911
v -8.187676 -1.383997 -1.4391125
v -8.130368 -1.3849119 -1.5658231
v -8.187676 -1.383997 -1.4391125
v -8.216679 -1.7940762 -1.6605911
v -6.4185596 -1.8140222 -3.081115
v -6.1244774 -1.8152118 -3.1037085
v -6.326698 -1.4423742 -2.990169
v -6.2115355 -1.4460772 -3.02245
v -6.326698 -1.4423742 -2.990169
v -6.1244774 -1.8152118 -3.1037085
v -8.130368 -1.3849119 -1.5658231
v -6.326698 -1.4423742 -2.990169
v -8.091728 -1.3144468 -1.5204046
v -6.304038 -1.3713958 -2.940674
v -8.091728 -1.3144468 -1.5204046
v -6.326698 -1.4423742 -2.990169
v -3.7449791 -1.7931873 0.38612854
v -5.362898 -1.7705462 1.8597821
v -3.8185692 -1.5561087 0.29340583
v -5.4367137 -1.4928491 1.766496
v -3.8185692 -1.5561087 0.29340583
v -5.362898 -1.7705462 1.8597821
v -6.1244774 -1.8152118 -3.1037085
v -3.7195117 -1.7963012 0.03461548
v -6.2115355 -1.4460772 -3.02245
v -3.8058386 -1.5550815 0.117615886
v -6.2115355 -1.4460772 -3.02245
v -3.7195117 -1.7963012 0.03461548
v -5.714286 -1.7695727 1.8344733
v -8.28881 -1.7912164 -1.3567196
v -5.612434 -1.4866834 1.7537706
v -8.187676 -1.383997 -1.4391125
v -5.612434 -1.4866834 1.7537706
v -8.28881 -1.7912164 -1.3567196
v -3.8127892 1.5859658 3.367878
v -3.7550097 1.4421556 3.4729018
v -3.9040124 1.428546 3.4474416
v -0.26161927 1.4854524 1.1063528
v -0.15375091 1.324922 1.0690768
v -0.20383789 1.3416444 1.2113757
v 14.560574 7.6320977 0.9989802
v 14.773603 7.698755 1.0446984
v 14.735848 7.698805 1.1949697
v 8.572048 7.6037884 5.840315
v 8.6799965 7.4804635 6.081763
v 8.529752 7.4776917 6.0440207
v 10.067489 7.5869584 -3.8144262
v 9.962935 7.4596586 -4.0559964
v 10.113191 7.462438 -4.0182433
v 4.0789485 7.5586467 1.0268966
v 3.8674114 7.430423 0.9820335
v 3.9051695 7.430371 0.83176404
v 8.6799965 7.4804635 6.081763
v 8.572048 7.6037884 5.840315
v 14.735848 7.698805 1.1949697
v 14.560574 7.6320977 0.9989802
v 14.735848 7.698805 1.1949697
v 8.572048 7.6037884 5.840315
v 3.8674114 7.430423 0.9820335
v 4.0789485 7.5586467 1.0268966
v 8.529752 7.4776917 6.0440207
v 8.572048 7.6037884 5.840315
v 8.529752 7.4776917 6.0440207
v 4.0789485 7.5586467 1.0268966
v 14.773603 7.698755 1.0446984
v 14.560574 7.6320977 0.9989802
v 10.113191 7.462438 -4.0182433
v 10.067489 7.5869584 -3.8144262
v 10.113191 7.462438 -4.0182433
v 14.560574 7.6320977 0.9989802
v 8.739646 7.259066 6.1762156
v 8.6799965 7.4804635 6.081763
v 14.797411 7.2883573 1.2884396
v 14.735848 7.698805 1.1949697
v 14.797411 7.2883573 1.2884396
v 8.6799965 7.4804635 6.081763
v 14.872942 7.2882547 0.9878958
v 14.773603 7.698755 1.0446984
v 10.210599 7.240987 -4.0740695
v 10.113191 7.462438 -4.0182433
v 10.210599 7.240987 -4.0740695
v 14.773603 7.698755 1.0446984
v 0.30628264 -3.0557187 3.5749078
v 0.41707885 -3.097452 3.6580875
v 0.24519622 -3.1271994 3.6835697
v 3.75971 -3.218526 -0.69644177
v 3.8494918 -3.2871587 -0.78618103
v 3.8705065 -3.2602532 -0.613263
v -2.7792296 -3.998436 1.0395924
v -2.8403246 -4.06992 1.1482604
v -2.8090527 -4.0817356 1.0132676
v 0.8449173 -4.1136928 -3.2187262
v 0.82973385 -4.19514 -3.252434
v 0.93468654 -4.182325 -3.308459
v -2.831112 -4.468518 1.3027934
v -2.8184483 -4.5099487 0.9934857
v -2.8403246 -4.06992 1.1482604
v -2.8090527 -4.0817356 1.0132676
v -2.8403246 -4.06992 1.1482604
v -2.8184483 -4.5099487 0.9934857
v 0.8074029 -4.5874963 -3.2721558
v 1.0848007 -4.53646 -3.358423
v 0.82973385 -4.19514 -3.252434
v 0.93468654 -4.182325 -3.308459
v 0.82973385 -4.19514 -3.252434
v 1.0848007 -4.53646 -3.358423
v -2.8090527 -4.0817356 1.0132676
v 0.82973385 -4.19514 -3.252434
v -2.7792296 -3.998436 1.0395924
v 0.8449173 -4.1136928 -3.2187262
v -2.7792296 -3.998436 1.0395924
v 0.82973385 -4.19514 -3.252434
v 4.011006 -3.4593291 -0.5091058
v 0.56692654 -3.3356411 3.7679908
v 3.8705065 -3.2602532 -0.613263
v 0.41707885 -3.097452 3.6580875
v 3.8705065 -3.2602532 -0.613263
v 0.56692654 -3.3356411 3.7679908
v 1.0848007 -4.53646 -3.358423
v 3.9701433 -3.5181231 -0.8542087
v 0.93468654 -4.182325 -3.308459
v 3.8494918 -3.2871587 -0.78618103
v 0.93468654 -4.182325 -3.308459
v 3.9701433 -3.5181231 -0.8542087
v 0.22576782 -3.4060812 3.8205469
v -2.831112 -4.468518 1.3027934
v 0.24519622 -3.1271994 3.6835697
v -2.8403246 -4.06992 1.1482604
v 0.24519622 -3.1271994 3.6835697
v -2.831112 -4.468518 1.3027934
v 0.34005463 6.1404667 2.7666886
v 0.41585356 5.925304 2.8704386
v 0.21331573 5.9369144 2.881418
v 3.3108428 5.850035 0.106106184
v 3.4070978 5.625049 0.007953338
v 3.3866436 5.6348724 0.20985968
v 3.4617052 8.019793 5.764394
v 3.5026724 7.7850814 5.9062285
v 3.2986174 7.779736 5.812084
v 7.7560363 8.066393 4.7016387
v 7.9220505 7.830768 4.6566706
v 7.7970004 7.8316836 4.8434772
v 1.9651008 -0.22771667 3.1524553
v 2.152148 -0.24630554 3.1838927
v 2.1240525 -0.22929153 3.3138964
v -0.44366637 -0.3528623 4.677059
v -0.33902892 -0.39938933 4.8816977
v -0.46641663 -0.44209808 4.8556066
v -0.40773162 -0.4533023 -0.59139746
v -0.49881712 -0.5703616 -0.792096
v -0.37142393 -0.5276535 -0.7660035
v -2.81375 -0.6137671 0.9338431
v -2.9904578 -0.7175024 0.905596
v -2.96235 -0.73451996 0.7755943
v 2.1964338 -0.47724074 3.3982904
v 2.1240525 -0.22929153 3.3138964
v 2.2502227 -0.48031676 3.1377072
v 2.152148 -0.24630554 3.1838927
v 2.2502227 -0.48031676 3.1377072
v 2.1240525 -0.22929153 3.3138964
v -0.52660185 -0.6664189 4.9126835
v -0.46641663 -0.44209808 4.8556066
v -0.2670465 -0.6421115 4.965997
v -0.33902892 -0.39938933 4.8816977
v -0.2670465 -0.6421115 4.965997
v -0.46641663 -0.44209808 4.8556066
v -0.27134705 -0.78739226 -0.8117127
v -0.37142393 -0.5276535 -0.7660035
v -0.530896 -0.811705 -0.8650165
v -0.49881712 -0.5703616 -0.792096
v -0.530896 -0.811705 -0.8650165
v -0.37142393 -0.5276535 -0.7660035
v -2.9943798 -0.97656703 0.7026871
v -2.96235 -0.73451996 0.7755943
v -3.0481737 -0.9734906 0.9632583
v -2.9904578 -0.7175024 0.905596
v -3.0481737 -0.9734906 0.9632583
v -2.96235 -0.73451996 0.7755943
v -0.33902892 -0.39938933 4.8816977
v -0.44366637 -0.3528623 4.677059
v 2.1240525 -0.22929153 3.3138964
v 1.9651008 -0.22771667 3.1524553
v 2.1240525 -0.22929153 3.3138964
v -0.44366637 -0.3528623 4.677059
v -2.9904578 -0.7175024 0.905596
v -2.81375 -0.6137671 0.9338431
v -0.46641663 -0.44209808 4.8556066
v -0.44366637 -0.3528623 4.677059
v -0.46641663 -0.44209808 4.8556066
v -2.81375 -0.6137671 0.9338431
v 2.152148 -0.24630554 3.1838927
v 1.9651008 -0.22771667 3.1524553
v -0.40773162 -0.4533023 -0.59139746
v 2.152148 -0.24630554 3.1838927
v -0.40773162 -0.4533023 -0.59139746
v -0.37142393 -0.5276535 -0.7660035
v -0.67250365 -4.5373588 -1.0260822
v -0.50066924 -4.571021 -0.95084965
v -0.5584747 -4.5542254 -0.8310296
v -3.383994 -4.5021014 -0.13792503
v -3.3362596 -4.560329 0.084162675
v -3.4560766 -4.5925093 0.02636238
v -1.840931 -4.50976 -5.0515428
v -1.8881552 -4.615723 -5.272495
v -1.7683334 -4.5835443 -5.2146945
v -4.552427 -4.5099363 -4.1633883
v -4.7237415 -4.5990677 -4.237489
v -4.665925 -4.6158695 -4.3573017
v -0.52679104 -4.808542 -0.7407052
v -0.5584747 -4.5542254 -0.8310296
v -0.41115937 -4.8110843 -0.9803495
v -0.50066924 -4.571021 -0.95084965
v -0.41115937 -4.8110843 -0.9803495
v -0.5584747 -4.5542254 -0.8310296
v -3.5442016 -4.8124566 0.058868483
v -3.4560766 -4.5925093 0.02636238
v -3.3045666 -4.8094025 0.17449164
v -3.3362596 -4.560329 0.084162675
v -3.3045666 -4.8094025 0.17449164
v -3.4560766 -4.5925093 0.02636238
v -1.6788327 -4.849417 -5.244187
v -1.7683334 -4.5835443 -5.2146945
v -1.9184647 -4.852476 -5.3598
v -1.8881552 -4.615723 -5.272495
v -1.9184647 -4.852476 -5.3598
v -1.7683334 -4.5835443 -5.2146945
v -4.6962414 -4.853329 -4.4446025
v -4.665925 -4.6158695 -4.3573017
v -4.811875 -4.850785 -4.204973
v -4.7237415 -4.5990677 -4.237489
v -4.811875 -4.850785 -4.204973
v -4.665925 -4.6158695 -4.3573017
v -3.3362596 -4.560329 0.084162675
v -3.383994 -4.5021014 -0.13792503
v -0.5584747 -4.5542254 -0.8310296
v -0.67250365 -4.5373588 -1.0260822
v -0.5584747 -4.5542254 -0.8310296
v -3.383994 -4.5021014 -0.13792503
v -4.7237415 -4.5990677 -4.237489
v -4.552427 -4.5099363 -4.1633883
v -3.4560766 -4.5925093 0.02636238
v -3.383994 -4.5021014 -0.13792503
v -3.4560766 -4.5925093 0.02636238
v -4.552427 -4.5099363 -4.1633883
v -0.50066924 -4.571021 -0.95084965
v -0.67250365 -4.5373588 -1.0260822
v -1.840931 -4.50976 -5.0515428
v -0.50066924 -4.571021 -0.95084965
v -1.840931 -4.50976 -5.0515428
v -1.7683334 -4.5835443 -5.2146945
v 4.8310714 2.3861384 7.13387
v 4.990361 2.4326015 7.2121615
v 4.930388 2.4377425 7.3214445
v 1.1232046 2.5923843 8.80234
v 1.1526192 2.494917 9.014121
v 1.043323 2.4975798 8.954019
v 2.7739925 2.377868 2.22361
v 2.7363312 2.2737143 2.015844
v 2.8456361 2.2710555 2.0759559
v -0.93388456 2.5841112 3.8920662
v -1.0948678 2.4881165 3.815585
v -1.0348926 2.482974 3.7063031
v 1.1526192 2.494917 9.014121
v 1.1232046 2.5923843 8.80234
v 4.930388 2.4377425 7.3214445
v 4.8310714 2.3861384 7.13387
v 4.930388 2.4377425 7.3214445
v 1.1232046 2.5923843 8.80234
v -1.0948678 2.4881165 3.815585
v -0.93388456 2.5841112 3.8920662
v 1.043323 2.4975798 8.954019
v 1.1232046 2.5923843 8.80234
v 1.043323 2.4975798 8.954019
v -0.93388456 2.5841112 3.8920662
v 4.990361 2.4326015 7.2121615
v 4.8310714 2.3861384 7.13387
v 2.8456361 2.2710555 2.0759559
v 2.7739925 2.377868 2.22361
v 2.8456361 2.2710555 2.0759559
v 4.8310714 2.3861384 7.13387
v 1.1701394 2.316911 9.102896
v 1.1526192 2.494917 9.014121
v 4.9413657 2.1076522 7.412422
v 4.930388 2.4377425 7.3214445
v 4.9413657 2.1076522 7.412422
v 1.1526192 2.494917 9.014121
v 5.06133 2.0973673 7.1938596
v 4.990361 2.4326015 7.2121615
v 2.9231322 2.0879045 2.0554411
v 2.8456361 2.2710555 2.0759559
v 2.9231322 2.0879045 2.0554411
v 4.990361 2.4326015 7.2121615
v 11.674994 -5.1182456 2.3928406
v 11.799868 -5.209967 2.3425817
v 11.668324 -5.209972 2.5019567
v -7.072153 -5.118248 3.434862
v -7.0427904 -5.2099743 3.5405407
v -7.2021875 -5.2099743 3.4089587
v 11.061791 -5.1182356 -7.7592454
v 11.032455 -5.209959 -7.864918
v 11.191831 -5.209964 -7.7333384
v -7.6853514 -5.1182365 -6.7172413
v -7.8102612 -5.209965 -6.6669602
v -7.678657 -5.20996 -6.826355
v 11.608663 8.64945 5.965673
v 11.549095 9.022672 5.8380218
v 11.707534 8.627213 5.693338
v 11.598517 9.011553 5.7018523
v 5.020764 8.72779 9.240424
v 5.1045976 8.935545 9.176886
v 5.29368 8.749785 9.337715
v 5.2410574 8.946539 9.225518
v 5.7666297 7.390909 -5.4389267
v 5.6645775 7.598783 -5.414956
v 5.493716 7.368905 -5.536212
v 5.528109 7.5877843 -5.4635925
v -0.82127684 7.4692492 -2.1641867
v -0.78687376 7.688126 -2.0915673
v -0.9201422 7.4914904 -1.8918524
v -0.8363 7.6992455 -1.9554019
v -0.8363 7.6992455 -1.9554019
v -0.6467236 7.830075 -1.9052703
v 5.1045976 8.935545 9.176886
v 5.1599283 9.037924 8.980682
v 5.528109 7.5877843 -5.4635925
v 5.5993395 7.730217 -5.24042
v -0.78687376 7.688126 -2.0915673
v -0.6467236 7.830075 -1.9052703
v -0.9201422 7.4914904 -1.8918524
v -0.8363 7.6992455 -1.9554019
v 5.020764 8.72779 9.240424
v 5.1045976 8.935545 9.176886
v 5.493716 7.368905 -5.536212
v 5.528109 7.5877843 -5.4635925
v -0.82127684 7.4692492 -2.1641867
v -0.78687376 7.688126 -2.0915673
v 2.5637777 10.0684805 -0.7863448
v 2.5235066 10.187567 -0.5707619
v -0.3462631 9.781899 -0.8421981
v -0.31535032 9.907593 -0.63017994
v -0.42926085 9.953842 4.137381
v -0.4525476 10.193937 4.0233054
v 2.4807174 10.24113 4.19318
v 2.4569337 10.48643 4.078719
v -0.5116095 9.537675 -0.72948647
v -0.44233885 9.796467 -0.7498011
v -0.61457306 9.91866 3.9497018
v -0.5422568 10.145922 3.9317684
v 2.5875351 9.826647 -0.86080587
v 2.5637777 10.0684805 -0.7863448
v -0.32244384 9.539365 -0.91660815
v -0.3462631 9.781899 -0.8421981
v 2.6698859 10.242825 4.006048
v 2.5530016 10.471868 3.986315
v 2.7728488 9.861834 -0.67313665
v 2.6534915 10.116494 -0.69480294
v 14.770055 8.960163 3.96255
v 14.743663 9.34484 3.860258
v 14.957766 8.967577 3.7408643
v 14.837507 9.348547 3.7494109
v 5.4655795 8.669395 5.127697
v 5.5579724 8.882952 5.118468
v 5.686947 8.681329 5.315543
v 5.668663 8.888913 5.2123747
v 13.051451 9.137028 -8.055768
v 12.939314 9.340907 -8.048084
v 12.830083 9.125083 -8.243608
v 12.828618 9.334938 -8.142005
v 3.7469714 8.8462515 -6.8906384
v 3.7455175 9.056102 -6.78903
v 3.559264 8.838842 -6.6689477
v 3.6516697 9.052398 -6.6781864
v 3.6516697 9.052398 -6.6781864
v 3.8069298 9.177445 -6.552382
v 5.5579724 8.882952 5.118468
v 5.6736484 9.005965 4.9650903
v 12.828618 9.334938 -8.142005
v 12.81265 9.452652 -7.8949113
v 3.7455175 9.056102 -6.78903
v 3.8069298 9.177445 -6.552382
v 3.559264 8.838842 -6.6689477
v 3.6516697 9.052398 -6.6781864
v 5.4655795 8.669395 5.127697
v 5.5579724 8.882952 5.118468
v 12.830083 9.125083 -8.243608
v 12.828618 9.334938 -8.142005
v 3.7469714 8.8462515 -6.8906384
v 3.7455175 9.056102 -6.78903
v 10.965229 6.6795297 3.889793
v 10.95388 7.064394 3.7854583
v 11.156889 6.679433 3.671386
v 11.0497 7.0643463 3.6762516
v 3.600858 6.6468554 5.18297
v 3.7007 6.857063 5.1744666
v 3.8192244 6.652064 5.374597
v 3.8098888 6.859663 5.270266
v 9.619181 6.635106 -3.9693468
v 9.514018 6.842756 -3.9644656
v 9.400813 6.62989 -4.160968
v 9.404824 6.840151 -4.0602775
v 2.2548063 6.602431 -2.6761847
v 2.258825 6.81269 -2.5754886
v 2.0631466 6.6025305 -2.4577765
v 2.1630013 6.8127384 -2.466286
v 9.404824 6.840151 -4.0602775
v 9.38865 6.959516 -3.8139899
v 2.258825 6.81269 -2.5754886
v 2.3202782 6.9329705 -2.338312
v 2.0631466 6.6025305 -2.4577765
v 2.1630013 6.8127384 -2.466286
v 3.600858 6.6468554 5.18297
v 3.7007 6.857063 5.1744666
v 9.400813 6.62989 -4.160968
v 9.404824 6.840151 -4.0602775
v 2.2548063 6.602431 -2.6761847
v 2.258825 6.81269 -2.5754886
v 9.38775 12.168357 2.0894103
v 9.29144 12.370562 1.9632473
v 9.450895 12.147529 1.777732
v 9.323004 12.3601465 1.8074108
v 4.202492 12.008255 5.445273
v 4.276936 12.238653 5.36402
v 4.5136676 12.040228 5.5061893
v 4.432526 12.25464 5.3944664
v 6.2876706 11.530726 -2.6494892
v 6.174965 11.755552 -2.6053734
v 5.976505 11.498751 -2.7103949
v 6.0193768 11.739567 -2.6358166
v 1.1024084 11.370629 0.70636857
v 1.1452881 11.611445 0.7809471
v 1.0392638 11.391462 1.0180467
v 1.1137195 11.6218605 0.9367802
v 1.1137195 11.6218605 0.9367802
v 1.3236706 11.770791 0.96094406
v 4.276936 12.238653 5.36402
v 4.3017726 12.352982 5.142867
v 6.0193768 11.739567 -2.6358166
v 6.1290784 11.897318 -2.4045305
v 1.1452881 11.611445 0.7809471
v 1.3236706 11.770791 0.96094406
v 1.0392638 11.391462 1.0180467
v 1.1137195 11.6218605 0.9367802
v 4.202492 12.008255 5.445273
v 4.276936 12.238653 5.36402
v 5.976505 11.498751 -2.7103949
v 6.0193768 11.739567 -2.6358166
v 1.1024084 11.370629 0.70636857
v 1.1452881 11.611445 0.7809471
v 9.450895 12.147529 1.777732
v 9.323004 12.3601465 1.8074108
v 6.2876706 11.530726 -2.6494892
v 6.174965 11.755552 -2.6053734
v 1.9702978 5.987999 -5.458607
v 2.0282836 6.140205 -5.2695312
v -1.1859024 5.7816772 -4.143942
v -1.0659708 5.936044 -3.9906662
v 0.9616408 6.7063365 0.25671044
v 0.8851426 6.927397 0.1283316
v 4.117743 6.9133525 -1.0580844
v 4.040527 7.1395197 -1.18741
v -1.2786472 5.5664654 -3.9323468
v -1.2308282 5.815143 -4.0221157
v 0.71271515 6.6532764 0.17908378
v 0.76494247 6.871023 0.095070496
v 1.9630021 5.7367835 -5.496416
v 1.9702978 5.987999 -5.458607
v -1.1931051 5.529773 -4.1816206
v -1.1859024 5.7816772 -4.143942
v 4.2032785 6.876661 -1.3073704
v 4.085443 7.106057 -1.3092418
v 2.2119184 5.7898455 -5.4188013
v 2.0905035 6.0443735 -5.425344
v -3.59484 8.562114 1.8387997
v -3.7160814 8.345142 1.9330975
v -3.6730664 8.344321 1.7345314
v -3.748484 8.149723 1.6313593
v -3.8345068 8.151377 2.0284898
v 0.92947936 8.604234 -1.7111833
v 0.85125273 8.38644 -1.815451
v 1.0540607 8.391273 -1.8041412
v 1.1814424 8.201514 -1.8959963
v 0.7758359 8.191847 -1.9186194
v 0.524814 8.299682 6.9713287
v 0.119214475 8.29001 6.948692
v 0.4404425 8.488615 6.864609
v 0.23764938 8.483782 6.853294
v 5.2317038 8.34015 3.0552099
v 5.145692 8.341805 3.4523532
v 5.1043344 8.529909 3.1470742
v 5.061313 8.530737 3.3456423
v 5.061313 8.530737 3.3456423
v 0.4404425 8.488615 6.864609
v 4.9797435 8.742869 3.240041
v 0.35887283 8.700748 6.7590117
v 1.0540607 8.391273 -1.8041412
v 5.1043344 8.529909 3.1470742
v 0.92947936 8.604234 -1.7111833
v 4.9797435 8.742869 3.240041
v 0.92947936 8.604234 -1.7111833
v -3.59484 8.562114 1.8387997
v 0.85125273 8.38644 -1.815451
v -3.6730664 8.344321 1.7345314
v 0.7758359 8.191847 -1.9186194
v -3.748484 8.149723 1.6313593
v 0.23764938 8.483782 6.853294
v -3.7160814 8.345142 1.9330975
v 0.35887283 8.700748 6.7590117
v -3.59484 8.562114 1.8387997
v 5.145692 8.341805 3.4523532
v 0.524814 8.299682 6.9713287
v 5.061313 8.530737 3.3456423
v 0.4404425 8.488615 6.864609
v 1.1814424 8.201514 -1.8959963
v 5.2317038 8.34015 3.0552099
v 1.0540607 8.391273 -1.8041412
v 5.1043344 8.529909 3.1470742
v 0.119214475 8.29001 6.948692
v -3.8345068 8.151377 2.0284898
v 0.23764938 8.483782 6.853294
v -3.7160814 8.345142 1.9330975
v -5.243119 2.1905313 8.041537
v -5.571067 2.2241943 7.7802615
v -5.2391906 2.408486 7.8953643
v -5.4031577 2.425319 7.7647333
v -0.45367765 1.9222195 7.1825714
v -0.7139459 1.9450276 7.5122447
v -0.57987946 2.1515744 7.2012444
v -0.71003264 2.162981 7.366075
v -6.261726 2.3406942 0.95620906
v -6.0014462 2.3178842 0.62654966
v -6.093828 2.5418136 0.94067824
v -5.963685 2.5304096 0.7758479
v -1.4722922 2.0723808 0.09726417
v -1.1443331 2.038718 0.35852608
v -1.4345267 2.284907 0.2465583
v -1.2705468 2.2680733 0.37719458
v -0.71003264 2.162981 7.366075
v -5.2391906 2.408486 7.8953643
v -0.7191177 2.2465072 7.21893
v -5.2482786 2.4920096 7.74822
v -1.2705468 2.2680733 0.37719458
v -0.57987946 2.1515744 7.2012444
v -1.4097689 2.3630044 0.39487892
v -0.7191177 2.2465072 7.21893
v -5.963685 2.5304096 0.7758479
v -1.4345267 2.284907 0.2465583
v -5.938932 2.6085086 0.9241658
v -1.4097689 2.3630044 0.39487892
v -5.4031577 2.425319 7.7647333
v -6.093828 2.5418136 0.94067824
v -5.2482786 2.4920096 7.74822
v -5.938932 2.6085086 0.9241658
v -0.7139459 1.9450276 7.5122447
v -5.243119 2.1905313 8.041537
v -0.71003264 2.162981 7.366075
v -5.2391906 2.408486 7.8953643
v -1.1443331 2.038718 0.35852608
v -0.45367765 1.9222195 7.1825714
v -1.2705468 2.2680733 0.37719458
v -0.57987946 2.1515744 7.2012444
v -6.0014462 2.3178842 0.62654966
v -1.4722922 2.0723808 0.09726417
v -5.963685 2.5304096 0.7758479
v -1.4345267 2.284907 0.2465583
v -5.571067 2.2241943 7.7802615
v -6.261726 2.3406942 0.95620906
v -5.4031577 2.425319 7.7647333
v -6.093828 2.5418136 0.94067824
v -8.8891 -5.432635 7.5063467
v -9.212759 -5.3911467 7.402697
v -8.920546 -5.107288 7.373756
v -9.0823765 -5.086531 7.3219385
v 2.701463 -5.6854453 1.4392636
v 2.6019897 -5.648524 1.7634616
v 2.6202788 -5.3416357 1.4687811
v 2.570536 -5.3231664 1.6308733
v -15.070428 -5.9250865 -3.5022707
v -14.970952 -5.962003 -3.8264618
v -14.940046 -5.620475 -3.583028
v -14.890305 -5.6389365 -3.7451231
v -3.4798827 -6.1778936 -9.569333
v -3.1562145 -6.2193804 -9.4657
v -3.399231 -5.854821 -9.488003
v -3.2373998 -5.875568 -9.43618
v 2.570536 -5.3231664 1.6308733
v -8.920546 -5.107288 7.373756
v 2.4870331 -5.0529594 1.4992851
v -8.936166 -4.849653 7.2067723
v -3.2373998 -5.875568 -9.43618
v 2.6202788 -5.3416357 1.4687811
v -3.3343358 -5.587631 -9.33641
v 2.4870331 -5.0529594 1.4992851
v -14.890305 -5.6389365 -3.7451231
v -3.399231 -5.854821 -9.488003
v -14.757531 -5.384321 -3.6289182
v -3.3343358 -5.587631 -9.33641
v -9.0823765 -5.086531 7.3219385
v -14.940046 -5.620475 -3.583028
v -8.936166 -4.849653 7.2067723
v -14.757531 -5.384321 -3.6289182
v 2.6019897 -5.648524 1.7634616
v -8.8891 -5.432635 7.5063467
v 2.570536 -5.3231664 1.6308733
v -8.920546 -5.107288 7.373756
v -3.1562145 -6.2193804 -9.4657
v 2.701463 -5.6854453 1.4392636
v -3.2373998 -5.875568 -9.43618
v 2.6202788 -5.3416357 1.4687811
v -14.970952 -5.962003 -3.8264618
v -3.4798827 -6.1778936 -9.569333
v -14.890305 -5.6389365 -3.7451231
v -3.399231 -5.854821 -9.488003
v -9.212759 -5.3911467 7.402697
v -15.070428 -5.9250865 -3.5022707
v -9.0823765 -5.086531 7.3219385
v -14.940046 -5.620475 -3.583028
v -4.5896387 5.6124535 6.2167687
v -4.8642097 5.604691 6.055198
v -4.590982 5.76571 6.1148925
v -4.7282696 5.761833 6.034111
v -0.52410126 5.4309278 5.839263
v -0.7726105 5.4578686 6.025797
v -0.6497027 5.597657 5.8306613
v -0.77396667 5.611128 5.9239244
v -5.1153336 5.234227 2.5556881
v -4.8668146 5.207284 2.3691597
v -4.979394 5.391366 2.5346029
v -4.855135 5.377897 2.4413419
v -1.1029242 5.051181 2.1254861
v -0.8283453 5.05894 2.287051
v -1.0912421 5.2217917 2.1976614
v -0.953949 5.22567 2.278447
v -0.77396667 5.611128 5.9239244
v -4.590982 5.76571 6.1148925
v -0.7785391 5.663252 5.83133
v -4.595556 5.8178344 6.0222983
v -0.953949 5.22567 2.278447
v -0.6497027 5.597657 5.8306613
v -1.082775 5.291263 2.2791128
v -0.7785391 5.663252 5.83133
v -4.855135 5.377897 2.4413419
v -1.0912421 5.2217917 2.1976614
v -4.846667 5.4473705 2.5227878
v -1.082775 5.291263 2.2791128
v -4.7282696 5.761833 6.034111
v -4.979394 5.391366 2.5346029
v -4.595556 5.8178344 6.0222983
v -4.846667 5.4473705 2.5227878
v -0.7726105 5.4578686 6.025797
v -4.5896387 5.6124535 6.2167687
v -0.77396667 5.611128 5.9239244
v -4.590982 5.76571 6.1148925
v -0.8283453 5.05894 2.287051
v -0.52410126 5.4309278 5.839263
v -0.953949 5.22567 2.278447
v -0.6497027 5.597657 5.8306613
v -4.8668146 5.207284 2.3691597
v -1.1029242 5.051181 2.1254861
v -4.855135 5.377897 2.4413419
v -1.0912421 5.2217917 2.1976614
v -4.8642097 5.604691 6.055198
v -5.1153336 5.234227 2.5556881
v -4.7282696 5.761833 6.034111
v -4.979394 5.391366 2.5346029
v -9.686318 -4.544508 2.3429604
v -9.869276 -4.5553303 2.038461
v -9.74957 -4.365181 2.3710392
v -9.845472 -4.3708506 2.2114296
v -5.956909 -4.1104646 3.0318487
v -6.258462 -4.154785 3.214633
v -6.101572 -3.945022 3.158942
v -6.259652 -3.9682543 3.2547429
v -8.984575 -4.5112348 -2.54939
v -8.683023 -4.4669113 -2.7321672
v -8.885644 -4.3064194 -2.6621575
v -8.727571 -4.283186 -2.7579656
v -5.255171 -4.0771937 -1.8605001
v -5.0722117 -4.0663714 -1.5560055
v -5.2376585 -3.886271 -1.8742684
v -5.1417465 -3.8805983 -1.7146511
v -6.259652 -3.9682543 3.2547429
v -9.74957 -4.365181 2.3710392
v -6.2407064 -3.8017604 2.9840002
v -9.668558 -4.191488 2.112328
v -8.727571 -4.283186 -2.7579656
v -5.2376585 -3.886271 -1.8742684
v -8.783851 -4.147384 -2.4755235
v -5.355996 -3.7576683 -1.603857
v -9.845472 -4.3708506 2.2114296
v -8.885644 -4.3064194 -2.6621575
v -9.668558 -4.191488 2.112328
v -8.783851 -4.147384 -2.4755235
v -6.258462 -4.154785 3.214633
v -9.686318 -4.544508 2.3429604
v -6.259652 -3.9682543 3.2547429
v -9.74957 -4.365181 2.3710392
v -8.683023 -4.4669113 -2.7321672
v -5.255171 -4.0771937 -1.8605001
v -8.727571 -4.283186 -2.7579656
v -5.2376585 -3.886271 -1.8742684
v -3.2677038 -3.0508478 0.33847937
v -3.2274976 -2.7367218 0.14468223
v -3.0407813 -3.1439507 0.09088783
v -3.1140246 -2.7832665 0.020896835
v -6.6893234 -2.4980328 0.19339927
v -6.520001 -2.1802928 0.116591714
v -6.4311194 -2.490813 0.4273638
v -6.3908935 -2.17669 0.23356895
v -3.1856053 -3.9771316 -4.0462623
v -3.2588599 -3.6164513 -4.116249
v -3.4438207 -3.9843433 -4.280212
v -3.3879688 -3.6200514 -4.2332225
v -6.6072083 -3.4243133 -4.191336
v -6.5513597 -3.0600262 -4.1443515
v -6.8341317 -3.3312132 -3.9437497
v -6.664828 -3.0134747 -4.0205526
v -6.3908935 -2.17669 0.23356895
v -6.3613024 -2.0323467 0.07513481
v -3.2274976 -2.7367218 0.14468223
v -3.1979053 -2.592376 -0.013749008
v -6.664828 -3.0134747 -4.0205526
v -6.5061326 -2.8655286 -4.0620275
v -6.520001 -2.1802928 0.116591714
v -6.3613024 -2.0323467 0.07513481
v -3.3879688 -3.6200514 -4.2332225
v -3.342739 -3.425554 -4.150895
v -6.5513597 -3.0600262 -4.1443515
v -6.5061326 -2.8655286 -4.0620275
v -3.1140246 -2.7832665 0.020896835
v -3.1979053 -2.592376 -0.013749008
v -3.2588599 -3.6164513 -4.116249
v -3.342739 -3.425554 -4.150895
v -6.4311194 -2.490813 0.4273638
v -6.3908935 -2.17669 0.23356895
v -3.2677038 -3.0508478 0.33847937
v -3.2274976 -2.7367218 0.14468223
v -6.8341317 -3.3312132 -3.9437497
v -6.664828 -3.0134747 -4.0205526
v -6.6893234 -2.4980328 0.19339927
v -6.520001 -2.1802928 0.116591714
v -3.4438207 -3.9843433 -4.280212
v -3.3879688 -3.6200514 -4.2332225
v -6.6072083 -3.4243133 -4.191336
v -6.5513597 -3.0600262 -4.1443515
v -3.0407813 -3.1439507 0.09088783
v -3.1140246 -2.7832665 0.020896835
v -3.1856053 -3.9771316 -4.0462623
v -3.2588599 -3.6164513 -4.116249
v -5.362898 -1.7705462 1.8597821
v -5.714286 -1.7695727 1.8344733
v -5.4367137 -1.4928491 1.766496
v -5.612434 -1.4866834 1.7537706
v -3.7195117 -1.7963012 0.03461548
v -3.7449791 -1.7931873 0.38612854
v -3.8058386 -1.5550815 0.117615886
v -3.8185692 -1.5561087 0.29340583
v -3.8185692 -1.5561087 0.29340583
v -5.4367137 -1.4928491 1.766496
v -3.8983543 -1.4804013 0.1993933
v -5.5164976 -1.417135 1.6724843
v -6.2115355 -1.4460772 -3.02245
v -3.8058386 -1.5550815 0.117615886
v -6.304038 -1.3713958 -2.940674
v -3.8983543 -1.4804013 0.1993933
v -5.612434 -1.4866834 1.7537706
v -8.187676 -1.383997 -1.4391125
v -5.5164976 -1.417135 1.6724843
v -8.091728 -1.3144468 -1.5204046
v -8.216679 -1.7940762 -1.6605911
v -6.4185596 -1.8140222 -3.081115
v -8.130368 -1.3849119 -1.5658231
v -6.326698 -1.4423742 -2.990169
v -6.637694 0.86418736 -1.059334
v -6.7289276 0.7067689 -0.97976416
v -6.678844 0.6900547 -1.1220616
v -6.7187877 0.533304 -1.1859511
v -6.8189483 0.56674904 -0.90135837
v -3.1551917 0.7565745 -3.3520617
v -3.196344 0.5824356 -3.4147882
v -3.0473301 0.59604645 -3.3893323
v -2.9382665 0.45291385 -3.4277601
v -3.236286 0.42568988 -3.4786768
v -3.696027 1.3157475 3.5767767
v -3.994041 1.2885227 3.5258539
v -3.7550097 1.4421556 3.4729018
v -3.9040124 1.428546 3.4474416
v -0.04469574 1.1817907 1.0306399
v -0.14484741 1.2152396 1.3152429
v -0.15375091 1.324922 1.0690768
v -0.20383789 1.3416444 1.2113757
v -0.20383789 1.3416444 1.2113757
v -3.7550097 1.4421556 3.4729018
v -0.26161927 1.4854524 1.1063528
v -3.8127892 1.5859658 3.367878
v -3.0473301 0.59604645 -3.3893323
v -0.15375091 1.324922 1.0690768
v -3.1551917 0.7565745 -3.3520617
v -0.26161927 1.4854524 1.1063528
v -3.1551917 0.7565745 -3.3520617
v -6.637694 0.86418736 -1.059334
v -3.196344 0.5824356 -3.4147882
v -6.678844 0.6900547 -1.1220616
v -3.236286 0.42568988 -3.4786768
v -6.7187877 0.533304 -1.1859511
v -3.9040124 1.428546 3.4474416
v -6.7289276 0.7067689 -0.97976416
v -3.8127892 1.5859658 3.367878
v -6.637694 0.86418736 -1.059334
v -0.14484741 1.2152396 1.3152429
v -3.696027 1.3157475 3.5767767
v -0.20383789 1.3416444 1.2113757
v -3.7550097 1.4421556 3.4729018
v -2.9382665 0.45291385 -3.4277601
v -0.04469574 1.1817907 1.0306399
v -3.0473301 0.59604645 -3.3893323
v -0.15375091 1.324922 1.0690768
v -3.994041 1.2885227 3.5258539
v -6.8189483 0.56674904 -0.90135837
v -3.9040124 1.428546 3.4474416
v -6.7289276 0.7067689 -0.97976416
v 14.797411 7.2883573 1.2884396
v 14.735848 7.698805 1.1949697
v 14.872942 7.2882547 0.9878958
v 14.773603 7.698755 1.0446984
v 8.439157 7.2535105 6.1006947
v 8.529752 7.4776917 6.0440207
v 8.739646 7.259066 6.1762156
v 8.6799965 7.4804635 6.081763
v 10.210599 7.240987 -4.0740695
v 10.113191 7.462438 -4.0182433
v 9.9101095 7.2354226 -4.149586
v 9.962935 7.4596586 -4.0559964
v 3.8523357 7.2061377 0.7381738
v 3.9051695 7.430371 0.83176404
v 3.7768054 7.2062435 1.0387198
v 3.8674114 7.430423 0.9820335
v 9.962935 7.4596586 -4.0559964
v 10.067489 7.5869584 -3.8144262
v 3.9051695 7.430371 0.83176404
v 4.0789485 7.5586467 1.0268966
v 3.7768054 7.2062435 1.0387198
v 3.8674114 7.430423 0.9820335
v 8.439157 7.2535105 6.1006947
v 8.529752 7.4776917 6.0440207
v 9.9101095 7.2354226 -4.149586
v 9.962935 7.4596586 -4.0559964
v 3.8523357 7.2061377 0.7381738
v 3.9051695 7.430371 0.83176404
v 0.56692654 -3.3356411 3.7679908
v 0.22576782 -3.4060812 3.8205469
v 0.41707885 -3.097452 3.6580875
v 0.24519622 -3.1271994 3.6835697
v 3.9701433 -3.5181231 -0.8542087
v 4.011006 -3.4593291 -0.5091058
v 3.8494918 -3.2871587 -0.78618103
v 3.8705065 -3.2602532 -0.613263
v 3.8705065 -3.2602532 -0.613263
v 0.41707885 -3.097452 3.6580875
v 3.75971 -3.218526 -0.69644177
v 0.30628264 -3.0557187 3.5749078
v 0.93468654 -4.182325 -3.308459
v 3.8494918 -3.2871587 -0.78618103
v 0.8449173 -4.1136928 -3.2187262
v 3.75971 -3.218526 -0.69644177
v 0.24519622 -3.1271994 3.6835697
v -2.8403246 -4.06992 1.1482604
v 0.30628264 -3.0557187 3.5749078
v -2.7792296 -3.998436 1.0395924
v -2.8184483 -4.5099487 0.9934857
v 0.8074029 -4.5874963 -3.2721558
v -2.8090527 -4.0817356 1.0132676
v 0.82973385 -4.19514 -3.252434
v -2.891322 6.136848 -0.539604
v -3.018075 5.9332914 -0.42485708
v -2.9976282 5.923474 -0.6267597
v -3.0991955 5.733006 -0.71397877
v -3.1400855 5.752651 -0.31017604
v -0.019634247 5.853532 -3.2205017
v -0.12593903 5.640157 -3.3076577
v 0.076612696 5.6285453 -3.3186433
v 0.17758942 5.426474 -3.4168386
v -0.22750305 5.4496937 -3.3948708
v 0.49638763 5.7330527 2.9741554
v 0.0913002 5.75627 2.9961069
v 0.41585356 5.925304 2.8704386
v 0.21331573 5.9369144 2.881418
v 3.508061 5.4229765 -0.0902486
v 3.4671838 5.442622 0.31356728
v 3.4070978 5.625049 0.007953338
v 3.3866436 5.6348724 0.20985968
v 3.3866436 5.6348724 0.20985968
v 0.41585356 5.925304 2.8704386
v 3.3108428 5.850035 0.106106184
v 0.34005463 6.1404667 2.7666886
v 0.076612696 5.6285453 -3.3186433
v 3.4070978 5.625049 0.007953338
v -0.019634247 5.853532 -3.2205017
v 3.3108428 5.850035 0.106106184
v -0.019634247 5.853532 -3.2205017
v -2.891322 6.136848 -0.539604
v -0.12593903 5.640157 -3.3076577
v -2.9976282 5.923474 -0.6267597
v -0.22750305 5.4496937 -3.3948708
v -3.0991955 5.733006 -0.71397877
v 0.21331573 5.9369144 2.881418
v -3.018075 5.9332914 -0.42485708
v 0.34005463 6.1404667 2.7666886
v -2.891322 6.136848 -0.539604
v 3.4671838 5.442622 0.31356728
v 0.49638763 5.7330527 2.9741554
v 3.3866436 5.6348724 0.20985968
v 0.41585356 5.925304 2.8704386
v 0.17758942 5.426474 -3.4168386
v 3.508061 5.4229765 -0.0902486
v 0.076612696 5.6285453 -3.3186433
v 3.4070978 5.625049 0.007953338
v 0.0913002 5.75627 2.9961069
v -3.1400855 5.752651 -0.31017604
v 0.21331573 5.9369144 2.881418
v -3.018075 5.9332914 -0.42485708
v 2.0207093 7.866401 0.85880554
v 1.8576003 7.626341 0.90650356
v 1.9826425 7.6254306 0.71969616
v 1.9470187 7.4101224 0.5828574
v 1.6969409 7.411953 0.95647246
v 6.2283177 7.913002 -0.2751434
v 6.190249 7.67203 -0.4142517
v 6.3943186 7.677376 -0.320105
v 6.5627537 7.467425 -0.36279175
v 6.154625 7.456727 -0.5510855
v 3.546065 7.5760417 6.05036
v 3.1379485 7.5653424 5.8620553
v 3.5026724 7.7850814 5.9062285
v 3.2986174 7.779736 5.812084
v 8.090477 7.620814 4.613969
v 7.8404064 7.622645 4.9876018
v 7.9220505 7.830768 4.6566706
v 7.7970004 7.8316836 4.8434772
v 7.7970004 7.8316836 4.8434772
v 3.5026724 7.7850814 5.9062285
v 7.7560363 8.066393 4.7016387
v 3.4617052 8.019793 5.764394
v 6.3943186 7.677376 -0.320105
v 7.9220505 7.830768 4.6566706
v 6.2283177 7.913002 -0.2751434
v 7.7560363 8.066393 4.7016387
v 6.2283177 7.913002 -0.2751434
v 2.0207093 7.866401 0.85880554
v 6.190249 7.67203 -0.4142517
v 1.9826425 7.6254306 0.71969616
v 6.154625 7.456727 -0.5510855
v 1.9470187 7.4101224 0.5828574
v 3.2986174 7.779736 5.812084
v 1.8576003 7.626341 0.90650356
v 3.4617052 8.019793 5.764394
v 2.0207093 7.866401 0.85880554
v 7.8404064 7.622645 4.9876018
v 3.546065 7.5760417 6.05036
v 7.7970004 7.8316836 4.8434772
v 3.5026724 7.7850814 5.9062285
v 6.5627537 7.467425 -0.36279175
v 8.090477 7.620814 4.613969
v 6.3943186 7.677376 -0.320105
v 7.9220505 7.830768 4.6566706
v 3.1379485 7.5653424 5.8620553
v 1.6969409 7.411953 0.95647246
v 3.2986174 7.779736 5.812084
v 1.8576003 7.626341 0.90650356
v -0.49881712 -0.5703616 -0.792096
v -0.40773162 -0.4533023 -0.59139746
v -2.96235 -0.73451996 0.7755943
v -2.81375 -0.6137671 0.9338431
v -0.2670465 -0.6421115 4.965997
v -0.33902892 -0.39938933 4.8816977
v 2.1964338 -0.47724074 3.3982904
v 2.1240525 -0.22929153 3.3138964
v -3.0481737 -0.9734906 0.9632583
v -2.9904578 -0.7175024 0.905596
v -0.52660185 -0.6664189 4.9126835
v -0.46641663 -0.44209808 4.8556066
v -0.530896 -0.811705 -0.8650165
v -0.49881712 -0.5703616 -0.792096
v -2.9943798 -0.97656703 0.7026871
v -2.96235 -0.73451996 0.7755943
v 2.2502227 -0.48031676 3.1377072
v 2.152148 -0.24630554 3.1838927
v -0.27134705 -0.78739226 -0.8117127
v -0.37142393 -0.5276535 -0.7660035
v -1.8881552 -4.615723 -5.272495
v -1.840931 -4.50976 -5.0515428
v -4.665925 -4.6158695 -4.3573017
v -4.552427 -4.5099363 -4.1633883
v -3.3045666 -4.8094025 0.17449164
v -3.3362596 -4.560329 0.084162675
v -0.52679104 -4.808542 -0.7407052
v -0.5584747 -4.5542254 -0.8310296
v -4.811875 -4.850785 -4.204973
v -4.7237415 -4.5990677 -4.237489
v -3.5442016 -4.8124566 0.058868483
v -3.4560766 -4.5925093 0.02636238
v -1.9184647 -4.852476 -5.3598
v -1.8881552 -4.615723 -5.272495
v -4.6962414 -4.853329 -4.4446025
v -4.665925 -4.6158695 -4.3573017
v -0.41115937 -4.8110843 -0.9803495
v -0.50066924 -4.571021 -0.95084965
v -1.6788327 -4.849417 -5.244187
v -1.7683334 -4.5835443 -5.2146945
v 4.9413657 2.1076522 7.412422
v 4.930388 2.4377425 7.3214445
v 5.06133 2.0973673 7.1938596
v 4.990361 2.4326015 7.2121615
v 0.95155305 2.3222277 8.982664
v 1.043323 2.4975798 8.954019
v 1.1701394 2.316911 9.102896
v 1.1526192 2.494917 9.014121
v 2.9231322 2.0879045 2.0554411
v 2.8456361 2.2710555 2.0759559
v 2.7045436 2.0932148 1.9352142
v 2.7363312 2.2737143 2.015844
v -1.0666858 2.302476 3.6256697
v -1.0348926 2.482974 3.7063031
v -1.1866494 2.312765 3.8442361
v -1.0948678 2.4881165 3.815585
v 2.7363312 2.2737143 2.015844
v 2.7739925 2.377868 2.22361
v -1.0348926 2.482974 3.7063031
v -0.93388456 2.5841112 3.8920662
v -1.1866494 2.312765 3.8442361
v -1.0948678 2.4881165 3.815585
v 0.95155305 2.3222277 8.982664
v 1.043323 2.4975798 8.954019
v 2.7045436 2.0932148 1.9352142
v 2.7363312 2.2737143 2.015844
v -1.0666858 2.302476 3.6256697
v -1.0348926 2.482974 3.7063031
v 11.703056 -5.3736377 2.686576
v 11.668324 -5.209972 2.5019567
v 11.968716 -5.3736377 2.3647742
v 11.799868 -5.209967 2.3425817
v -7.365881 -5.3736386 3.4629138
v -7.2021875 -5.2099743 3.4089587
v -7.0440917 -5.3736386 3.7286072
v -7.0427904 -5.2099743 3.5405407
v 11.355532 -5.3736286 -7.787308
v 11.191831 -5.209964 -7.7333384
v 11.03374 -5.3736258 -8.052984
v 11.032455 -5.209959 -7.864918
v -7.713408 -5.3736296 -7.010958
v -7.678657 -5.20996 -6.826355
v -7.9790626 -5.3736286 -6.6891675
v -7.8102612 -5.209965 -6.6669602
v 11.674994 -5.1182456 2.3928406
v 11.668324 -5.209972 2.5019567
v -7.072153 -5.118248 3.434862
v -7.0427904 -5.2099743 3.5405407
v 11.703056 -5.3736377 2.686576
v -7.0440917 -5.3736386 3.7286072
v -7.8102612 -5.209965 -6.6669602
v -7.6853514 -5.1182365 -6.7172413
v -7.2021875 -5.2099743 3.4089587
v -7.072153 -5.118248 3.434862
v -7.6853514 -5.1182365 -6.7172413
v -7.678657 -5.20996 -6.826355
v 11.061791 -5.1182356 -7.7592454
v 11.032455 -5.209959 -7.864918
v -7.713408 -5.3736296 -7.010958
v 11.03374 -5.3736258 -8.052984
v 11.799868 -5.209967 2.3425817
v 11.674994 -5.1182456 2.3928406
v 11.191831 -5.209964 -7.7333384
v 11.061791 -5.1182356 -7.7592454
v -7.9790626 -5.3736286 -6.6891675
v -7.8102612 -5.209965 -6.6669602
v -7.365881 -5.3736386 3.4629138
v -7.2021875 -5.2099743 3.4089587
v 11.968716 -5.3736377 2.3647742
v 11.799868 -5.209967 2.3425817
v 11.355532 -5.3736286 -7.787308
v 11.191831 -5.209964 -7.7333384
v 5.5993395 7.730217 -5.24042
v 11.40598 8.938065 5.6455207
v -0.6467236 7.830075 -1.9052703
v 5.1599283 9.037924 8.980682
v 2.5235066 10.187567 -0.5707619
v 2.4140863 10.482519 3.8562782
v -0.31535032 9.907593 -0.63017994
v -0.42817655 10.237715 3.7942202
v 12.81265 9.452652 -7.8949113
v 14.6793585 9.281172 3.6225438
v 3.8069298 9.177445 -6.552382
v 5.6736484 9.005965 4.9650903
v 9.38865 6.959516 -3.8139899
v 10.891542 7.0018454 3.5469255
v 2.3202782 6.9329705 -2.338312
v 3.8231804 6.9753013 5.0226207
v 6.1290784 11.897318 -2.4045305
v 9.107168 12.479514 1.7773901
v 1.3236706 11.770791 0.96094406
v 4.3017726 12.352982 5.142867
v 2.0282836 6.140205 -5.2695312
v 3.902882 7.104434 -1.3639189
v -1.0659708 5.936044 -3.9906662
v 0.8037141 6.934776 -0.09145496
v -3.59484 8.562114 1.8387997
v 0.92947936 8.604234 -1.7111833
v 0.35887283 8.700748 6.7590117
v 4.9797435 8.742869 3.240041
v -5.938932 2.6085086 0.9241658
v -1.4097689 2.3630044 0.39487892
v -5.2482786 2.4920096 7.74822
v -0.7191177 2.2465072 7.21893
v -14.757531 -5.384321 -3.6289182
v -3.3343358 -5.587631 -9.33641
v -8.936166 -4.849653 7.2067723
v 2.4870331 -5.0529594 1.4992851
v -4.846667 5.4473705 2.5227878
v -1.082775 5.291263 2.2791128
v -4.595556 5.8178344 6.0222983
v -0.7785391 5.663252 5.83133
v -8.783851 -4.147384 -2.4755235
v -5.355996 -3.7576683 -1.603857
v -9.668558 -4.191488 2.112328
v -6.2407064 -3.8017604 2.9840002
v -3.342739 -3.425554 -4.150895
v -3.1979053 -2.592376 -0.013749008
v -6.5061326 -2.8655286 -4.0620275
v -6.3613024 -2.0323467 0.07513481
v -8.091728 -1.3144468 -1.5204046
v -6.304038 -1.3713958 -2.940674
v -5.5164976 -1.417135 1.6724843
v -3.8983543 -1.4804013 0.1993933
v -6.637694 0.86418736 -1.059334
v -3.1551917 0.7565745 -3.3520617
v -3.8127892 1.5859658 3.367878
v -0.26161927 1.4854524 1.1063528
v 10.067489 7.5869584 -3.8144262
v 14.560574 7.6320977 0.9989802
v 4.0789485 7.5586467 1.0268966
v 8.572048 7.6037884 5.840315
v -2.7792296 -3.998436 1.0395924
v 0.8449173 -4.1136928 -3.2187262
v 0.30628264 -3.0557187 3.5749078
v 3.75971 -3.218526 -0.69644177
v -2.891322 6.136848 -0.539604
v -0.019634247 5.853532 -3.2205017
v 0.34005463 6.1404667 2.7666886
v 3.3108428 5.850035 0.106106184
v 2.0207093 7.866401 0.85880554
v 6.2283177 7.913002 -0.2751434
v 3.4617052 8.019793 5.764394
v 7.7560363 8.066393 4.7016387
v -0.40773162 -0.4533023 -0.59139746
v 1.9651008 -0.22771667 3.1524553
v -2.81375 -0.6137671 0.9338431
v -0.44366637 -0.3528623 4.677059
v -1.840931 -4.50976 -5.0515428
v -0.67250365 -4.5373588 -1.0260822
v -4.552427 -4.5099363 -4.1633883
v -3.383994 -4.5021014 -0.13792503
v 2.7739925 2.377868 2.22361
v 4.8310714 2.3861384 7.13387
v -0.93388456 2.5841112 3.8920662
v 1.1232046 2.5923843 8.80234
v 11.061791 -5.1182356 -7.7592454
v 11.674994 -5.1182456 2.3928406
v -7.6853514 -5.1182365 -6.7172413
v -7.072153 -5.118248 3.434862
vt -16.171875 9.875
vt -16.171875 10.0859375
vt -16.140625 9.875
vt -16.140625 10.0859375
vt -16.140625 9.875
vt -16.171875 10.0859375
vt -16.140625 9.875
vt -16.140625 9.8515625
vt -16.171875 9.875
vt -13.078125 9.875
vt -13.0546875 9.875
vt -13.0625 9.8515625
vt -14.9375 9.875
vt -14.9453125 9.8515625
vt -14.9609375 9.875
vt -14.28125 9.875
vt -14.2578125 9.875
vt -14.265625 9.859375
vt -11.28125 2.7382812
vt -11.2890625 3.0449219
vt -11.2578125 2.7441406
vt -11.265625 3.0449219
vt -11.2578125 2.7441406
vt -11.2890625 3.0449219
vt -11.2578125 2.7441406
vt -11.2578125 2.7246094
vt -11.28125 2.7382812
vt -10.0703125 2.7421875
vt -10.0546875 2.7421875
vt -10.0625 2.7246094
vt -10.796875 2.7441406
vt -10.8046875 2.7265625
vt -10.8203125 2.7460938
vt -10.53125 2.7460938
vt -10.5078125 2.7460938
vt -10.515625 2.7285156
vt -13.28125 4.921875
vt -13.2734375 4.7148438
vt -13.3046875 4.921875
vt -13.296875 4.7070312
vt -13.3046875 4.921875
vt -13.2734375 4.7148438
vt -16.4375 4.7109375
vt -16.4375 4.921875
vt -16.40625 4.7148438
vt -16.40625 4.921875
vt -16.40625 4.7148438
vt -16.4375 4.921875
vt -15.28125 4.921875
vt -15.2734375 4.71875
vt -15.296875 4.921875
vt -15.296875 4.7226562
vt -15.296875 4.921875
vt -15.2734375 4.71875
vt -16.40625 4.7148438
vt -16.40625 4.6914062
vt -16.4375 4.7109375
vt -13.296875 4.7070312
vt -13.2734375 4.7148438
vt -13.28125 4.6914062
vt -15.2734375 4.71875
vt -15.28125 4.6992188
vt -15.296875 4.7226562
vt -14.4296875 4.71875
vt -14.40625 4.71875
vt -14.4140625 4.6953125
vt -11.125 0.92041016
vt -11.125 1.0869141
vt -11.1015625 0.92626953
vt -11.1015625 1.0888672
vt -11.1015625 0.92626953
vt -11.125 1.0869141
vt -11.1015625 0.92626953
vt -11.1015625 0.90478516
vt -11.125 0.92041016
vt -8.9453125 0.94433594
vt -8.921875 0.94433594
vt -8.9296875 0.92333984
vt -10.359375 0.92333984
vt -10.359375 0.90185547
vt -10.375 0.921875
vt -9.6796875 0.9399414
vt -9.6640625 0.94091797
vt -9.671875 0.9194336
vt -11.0703125 0.33520508
vt -11.078125 0.6118164
vt -11.046875 0.34106445
vt -11.046875 0.6118164
vt -11.046875 0.34106445
vt -11.078125 0.6118164
vt -11.046875 0.34106445
vt -11.046875 0.31713867
vt -11.0703125 0.33520508
vt -9.4140625 0.34033203
vt -9.390625 0.3408203
vt -9.40625 0.3173828
vt -10.5078125 0.34179688
vt -10.515625 0.31860352
vt -10.53125 0.34228516
vt -9.953125 0.34106445
vt -9.9296875 0.34155273
vt -9.9375 0.3178711
vt -10.8984375 5.1796875
vt -10.90625 5.4179688
vt -10.875 5.1835938
vt -10.8828125 5.4179688
vt -10.875 5.1835938
vt -10.90625 5.4179688
vt -10.875 5.1835938
vt -10.875 5.1679688
vt -10.8984375 5.1796875
vt -9.640625 5.1835938
vt -9.6171875 5.1835938
vt -9.6328125 5.1679688
vt -10.4140625 5.1875
vt -10.421875 5.1679688
vt -10.4296875 5.1875
vt -10.1015625 5.1875
vt -10.078125 5.1875
vt -10.0859375 5.1679688
vt -13.1796875 0.8203125
vt -13.2109375 0.828125
vt -13.15625 1.2978516
vt -13.1953125 1.3017578
vt -13.15625 1.2978516
vt -13.2109375 0.828125
vt -13.2109375 0.828125
vt -13.1796875 0.8203125
vt -13.2109375 0.7919922
vt -14.9609375 0.8671875
vt -14.9765625 0.8334961
vt -14.9921875 0.86572266
vt -13.8203125 0.8408203
vt -13.796875 0.8408203
vt -13.8125 0.8071289
vt -14.3515625 0.8520508
vt -14.3671875 0.8198242
vt -14.3828125 0.8544922
vt -15.9140625 4.1171875
vt -15.4921875 4.1171875
vt -15.9140625 3.4570312
vt -15.4921875 3.4804688
vt -15.9140625 3.4570312
vt -15.4921875 4.1171875
vt -15.453125 4.1171875
vt -14.8203125 4.1171875
vt -15.453125 3.4746094
vt -14.8203125 3.4824219
vt -15.453125 3.4746094
vt -14.8203125 4.1171875
vt -15.4921875 4.1171875
vt -15.453125 4.1171875
vt -15.4921875 3.4804688
vt -15.453125 3.4746094
vt -15.4921875 3.4804688
vt -15.453125 4.1171875
vt -13.6953125 3.4746094
vt -13.7109375 3.4765625
vt -13.65625 4.1171875
vt -13.6953125 4.1171875
vt -13.65625 4.1171875
vt -13.7109375 3.4765625
vt -14.8203125 4.1171875
vt -14.78125 4.1171875
vt -14.8203125 3.4824219
vt -14.7890625 3.4863281
vt -14.8203125 3.4824219
vt -14.78125 4.1171875
vt -14.359375 4.1171875
vt -14.328125 4.1171875
vt -14.3671875 3.4804688
vt -14.34375 3.484375
vt -14.3671875 3.4804688
vt -14.328125 4.1171875
vt -13.7109375 3.4765625
vt -13.6953125 3.4746094
vt -13.71875 3.4433594
vt -15.453125 3.4746094
vt -15.4765625 3.4414062
vt -15.4921875 3.4804688
vt -14.3671875 3.4804688
vt -14.34375 3.484375
vt -14.359375 3.4453125
vt -14.7890625 3.4863281
vt -14.8046875 3.4472656
vt -14.8203125 3.4824219
vt -14.359375 3.4453125
vt -14.34375 3.484375
vt -13.71875 3.4433594
vt -13.7109375 3.4765625
vt -13.71875 3.4433594
vt -14.34375 3.484375
vt -15.90625 3.4179688
vt -15.9140625 3.4570312
vt -15.4765625 3.4414062
vt -15.4921875 3.4804688
vt -15.4765625 3.4414062
vt -15.9140625 3.4570312
vt -13.7109375 7.9648438
vt -13.734375 7.9648438
vt -13.703125 8.3984375
vt -13.734375 8.3984375
vt -13.703125 8.3984375
vt -13.734375 7.9648438
vt -11.328125 8.3984375
vt -11.296875 8.3984375
vt -11.34375 7.9570312
vt -11.3125 7.953125
vt -11.34375 7.9570312
vt -11.296875 8.3984375
vt -14.9140625 8.3984375
vt -14.8828125 8.3984375
vt -14.90625 7.9570312
vt -14.8828125 7.9609375
vt -14.90625 7.9570312
vt -14.8828125 8.3984375
vt -13.734375 7.9648438
vt -13.7109375 7.9648438
vt -13.7265625 7.9335938
vt -12.5 7.9648438
vt -12.515625 7.9335938
vt -12.5234375 7.9648438
vt -14.90625 7.9570312
vt -14.8828125 7.9609375
vt -14.890625 7.9296875
vt -11.3125 7.953125
vt -11.34375 7.9257812
vt -11.34375 7.9570312
vt -10.515625 6.703125
vt -10.484375 6.703125
vt -10.5 5.7148438
vt -10.4765625 5.71875
vt -10.5 5.7148438
vt -10.484375 6.703125
vt -9.40625 5.7109375
vt -9.4375 5.7148438
vt -9.3828125 6.703125
vt -9.40625 6.703125
vt -9.3828125 6.703125
vt -9.4375 5.7148438
vt -9.4375 5.7148438
vt -9.40625 5.7109375
vt -9.4296875 5.6835938
vt -10.4765625 5.71875
vt -10.484375 5.6914062
vt -10.5 5.7148438
vt -9.78125 5.7148438
vt -9.7578125 5.7148438
vt -9.7734375 5.6875
vt -10.125 5.7148438
vt -10.140625 5.6875
vt -10.1484375 5.7148438
vt -9.2890625 -0.23388672
vt -9.3203125 -0.2277832
vt -9.2734375 0.029266357
vt -9.3046875 0.029266357
vt -9.2734375 0.029266357
vt -9.3203125 -0.2277832
vt -9.3203125 -0.2277832
vt -9.2890625 -0.23388672
vt -9.3203125 -0.26000977
vt -10.5625 -0.23046875
vt -10.578125 -0.2607422
vt -10.59375 -0.22912598
vt -9.78125 -0.22766113
vt -9.7578125 -0.22692871
vt -9.7734375 -0.25878906
vt -10.109375 -0.22717285
vt -10.1171875 -0.2578125
vt -10.1328125 -0.22692871
vt -10.53125 -2.0351562
vt -10.546875 -1.4658203
vt -10.5078125 -2.0292969
vt -10.515625 -1.4658203
vt -10.5078125 -2.0292969
vt -10.546875 -1.4658203
vt -10.0859375 -1.4658203
vt -10.078125 -2.0273438
vt -10.125 -1.4658203
vt -10.109375 -2.0253906
vt -10.125 -1.4658203
vt -10.078125 -2.0273438
vt -10.5078125 -2.0292969
vt -10.5078125 -2.0625
vt -10.53125 -2.0351562
vt -9.359375 -2.03125
vt -9.3359375 -2.0292969
vt -9.3515625 -2.0605469
vt -10.078125 -2.0273438
vt -10.09375 -2.0566406
vt -10.109375 -2.0253906
vt -9.78125 -2.0292969
vt -9.7578125 -2.0292969
vt -9.765625 -2.0585938
vt -10.125 9.4609375
vt -9.765625 9.4609375
vt -10.1328125 8.8515625
vt -9.7578125 8.84375
vt -10.1328125 8.8515625
vt -9.765625 9.4609375
vt -9.125 8.8359375
vt -9.1484375 8.84375
vt -9.109375 9.4609375
vt -9.1484375 9.4609375
vt -9.109375 9.4609375
vt -9.1484375 8.84375
vt -9.765625 9.4609375
vt -9.7421875 9.4609375
vt -9.7578125 8.84375
vt -9.734375 8.84375
vt -9.7578125 8.84375
vt -9.7421875 9.4609375
vt -9.1484375 8.84375
vt -9.125 8.8359375
vt -9.15625 8.8125
vt -10.1328125 8.8515625
vt -10.140625 8.8125
vt -10.1484375 8.84375
vt -9.5546875 8.84375
vt -9.53125 8.84375
vt -9.546875 8.8046875
vt -9.734375 8.84375
vt -9.75 8.8046875
vt -9.7578125 8.84375
vt -9.75 8.8046875
vt -9.734375 8.84375
vt -9.546875 8.8046875
vt -9.5546875 8.84375
vt -9.546875 8.8046875
vt -9.734375 8.84375
vt -10.140625 8.8125
vt -10.1328125 8.8515625
vt -9.75 8.8046875
vt -9.7578125 8.84375
vt -9.75 8.8046875
vt -10.1328125 8.8515625
vt -8.75 -1.0126953
vt -8.7734375 -1.0078125
vt -8.734375 -0.47753906
vt -8.765625 -0.47753906
vt -8.734375 -0.47753906
vt -8.7734375 -1.0078125
vt -9.2890625 -0.47753906
vt -9.2578125 -0.47753906
vt -9.2890625 -1.0068359
vt -9.2734375 -1.0048828
vt -9.2890625 -1.0068359
vt -9.2578125 -0.47753906
vt -8.7734375 -1.0078125
vt -8.75 -1.0126953
vt -8.7734375 -1.0351562
vt -10.1953125 -1.0068359
vt -10.2109375 -1.0322266
vt -10.21875 -1.0078125
vt -9.2890625 -1.0068359
vt -9.2734375 -1.0048828
vt -9.28125 -1.03125
vt -9.6796875 -1.0068359
vt -9.6953125 -1.03125
vt -9.703125 -1.0058594
vt -11.1796875 3.7832031
vt -11.1796875 4.1289062
vt -11.1484375 3.7890625
vt -11.1484375 4.1289062
vt -11.1484375 3.7890625
vt -11.1796875 4.1289062
vt -11.1484375 3.7890625
vt -11.1484375 3.7636719
vt -11.1796875 3.7832031
vt -9.1171875 3.8027344
vt -9.09375 3.8027344
vt -9.1015625 3.7792969
vt -10.4921875 3.7832031
vt -10.5 3.7597656
vt -10.515625 3.78125
vt -9.7734375 3.7949219
vt -9.75 3.7949219
vt -9.7578125 3.7734375
vt -10.5 3.7597656
vt -11.1484375 3.7636719
vt -10.515625 3.78125
vt -11.1484375 3.7890625
vt -10.515625 3.78125
vt -11.1484375 3.7636719
vt -9.1015625 3.7792969
vt -9.7578125 3.7734375
vt -9.1171875 3.8027344
vt -9.75 3.7949219
vt -9.1171875 3.8027344
vt -9.7578125 3.7734375
vt -10.2421875 7.5546875
vt -9.8671875 7.5546875
vt -10.234375 6.9414062
vt -9.8671875 6.9375
vt -10.234375 6.9414062
vt -9.8671875 7.5546875
vt -8.9140625 6.9335938
vt -8.9453125 6.9414062
vt -8.8828125 7.5546875
vt -8.9140625 7.5546875
vt -8.8828125 7.5546875
vt -8.9453125 6.9414062
vt -9.8671875 7.5546875
vt -9.84375 7.5546875
vt -9.8671875 6.9375
vt -9.84375 6.9335938
vt -9.8671875 6.9375
vt -9.84375 7.5546875
vt -9.328125 7.5546875
vt -9.296875 7.5546875
vt -9.3515625 6.9414062
vt -9.328125 6.9453125
vt -9.3515625 6.9414062
vt -9.296875 7.5546875
vt -8.9453125 6.9414062
vt -8.9140625 6.9335938
vt -8.9453125 6.90625
vt -10.234375 6.9414062
vt -10.25 6.9023438
vt -10.2578125 6.9414062
vt -9.3515625 6.9414062
vt -9.328125 6.9453125
vt -9.34375 6.9101562
vt -9.84375 6.9335938
vt -9.859375 6.8984375
vt -9.8671875 6.9375
vt -9.859375 6.8984375
vt -9.84375 6.9335938
vt -9.34375 6.9101562
vt -9.3515625 6.9414062
vt -9.34375 6.9101562
vt -9.84375 6.9335938
vt -10.25 6.9023438
vt -10.234375 6.9414062
vt -9.859375 6.8984375
vt -9.8671875 6.9375
vt -9.859375 6.8984375
vt -10.234375 6.9414062
vt -13.921875 1.7236328
vt -13.9609375 1.7304688
vt -13.90625 2.3242188
vt -13.9453125 2.3242188
vt -13.90625 2.3242188
vt -13.9609375 1.7304688
vt -13.9609375 1.7304688
vt -13.921875 1.7236328
vt -13.9609375 1.6933594
vt -15.2421875 1.7314453
vt -15.2578125 1.6972656
vt -15.2734375 1.7304688
vt -14.421875 1.7285156
vt -14.3984375 1.7294922
vt -14.4140625 1.6943359
vt -14.78125 1.7304688
vt -14.796875 1.6962891
vt -14.8125 1.7314453
vt -15.3203125 2.9394531
vt -15.28125 2.9394531
vt -15.3046875 2.6308594
vt -15.2734375 2.6347656
vt -15.3046875 2.6308594
vt -15.28125 2.9394531
vt -13.8125 2.6210938
vt -13.8515625 2.6289062
vt -13.796875 2.9394531
vt -13.8359375 2.9394531
vt -13.796875 2.9394531
vt -13.8515625 2.6289062
vt -14.3515625 2.9394531
vt -14.3046875 2.9394531
vt -14.359375 2.6308594
vt -14.328125 2.6328125
vt -14.359375 2.6308594
vt -14.3046875 2.9394531
vt -13.8515625 2.6289062
vt -13.8125 2.6210938
vt -13.8515625 2.5898438
vt -15.2734375 2.6347656
vt -15.2890625 2.5976562
vt -15.3046875 2.6308594
vt -14.359375 2.6308594
vt -14.328125 2.6328125
vt -14.3515625 2.59375
vt -14.7578125 2.6289062
vt -14.78125 2.5917969
vt -14.796875 2.6308594
vt -11.1875 1.4482422
vt -11.1875 2.0761719
vt -11.1640625 1.453125
vt -11.171875 2.078125
vt -11.1640625 1.453125
vt -11.1875 2.0761719
vt -11.1640625 1.453125
vt -11.1640625 1.4355469
vt -11.1875 1.4482422
vt -9.9921875 1.4609375
vt -9.9765625 1.4599609
vt -9.984375 1.4433594
vt -10.7109375 1.4570312
vt -10.71875 1.4384766
vt -10.7265625 1.4560547
vt -10.4453125 1.4599609
vt -10.421875 1.4599609
vt -10.4296875 1.4423828
vt -11.2421875 3.2578125
vt -11.2421875 3.5605469
vt -11.21875 3.2617188
vt -11.21875 3.5605469
vt -11.21875 3.2617188
vt -11.2421875 3.5605469
vt -11.21875 3.2617188
vt -11.21875 3.2441406
vt -11.2421875 3.2578125
vt -10.09375 3.2675781
vt -10.0703125 3.2675781
vt -10.0859375 3.25
vt -10.7890625 3.2617188
vt -10.796875 3.2421875
vt -10.8046875 3.2597656
vt -10.5234375 3.265625
vt -10.5 3.265625
vt -10.5078125 3.2480469
vt -11.234375 2.3691406
vt -11.234375 2.6425781
vt -11.2109375 2.3730469
vt -11.2109375 2.6445312
vt -11.2109375 2.3730469
vt -11.234375 2.6425781
vt -11.2109375 2.3730469
vt -11.2109375 2.3515625
vt -11.234375 2.3691406
vt -9.765625 2.3828125
vt -9.75 2.3828125
vt -9.7578125 2.3613281
vt -10.6796875 2.3691406
vt -10.6796875 2.3496094
vt -10.6953125 2.3671875
vt -10.296875 2.3769531
vt -10.28125 2.3769531
vt -10.2890625 2.359375
vt -10.6796875 2.3496094
vt -11.2109375 2.3515625
vt -10.6953125 2.3671875
vt -11.2109375 2.3730469
vt -10.6953125 2.3671875
vt -11.2109375 2.3515625
vt -9.7578125 2.3613281
vt -10.2890625 2.359375
vt -9.765625 2.3828125
vt -10.28125 2.3769531
vt -9.765625 2.3828125
vt -10.2890625 2.359375
vt -15.3984375 11.6875
vt -15.390625 11.65625
vt -15.421875 11.6640625
vt -11.7109375 11.6875
vt -11.6796875 11.6953125
vt -11.6953125 11.65625
vt -14.4140625 11.6953125
vt -14.421875 11.65625
vt -14.4453125 11.6953125
vt -12.671875 11.6875
vt -12.6484375 11.6875
vt -12.6640625 11.65625
vt -12.390625 10.0859375
vt -12.390625 9.875
vt -13.0546875 10.0859375
vt -13.0546875 9.875
vt -13.0859375 10.0859375
vt -13.078125 9.875
vt -14.2578125 10.0859375
vt -14.2578125 9.875
vt -14.28125 10.0859375
vt -14.28125 9.875
vt -14.9453125 10.0859375
vt -14.9375 9.875
vt -14.96875 10.0859375
vt -14.9609375 9.875
vt -16.140625 10.0859375
vt -16.140625 9.875
vt -13.0546875 10.0859375
vt -13.0546875 9.875
vt -13.0859375 10.0859375
vt -13.078125 9.875
vt -14.2578125 10.0859375
vt -14.2578125 9.875
vt -14.28125 10.0859375
vt -14.28125 9.875
vt -14.9453125 10.0859375
vt -14.9375 9.875
vt -14.96875 10.0859375
vt -14.9609375 9.875
vt -14.9453125 9.8515625
vt -16.140625 9.8515625
vt -14.9609375 9.875
vt -16.140625 9.875
vt -14.265625 9.859375
vt -14.9453125 9.8515625
vt -14.28125 9.875
vt -14.9375 9.875
vt -13.0625 9.8515625
vt -14.265625 9.859375
vt -13.078125 9.875
vt -14.2578125 9.875
vt -12.390625 9.8515625
vt -13.0625 9.8515625
vt -12.390625 9.875
vt -13.0546875 9.875
vt -9.7890625 3.0449219
vt -9.7890625 2.7460938
vt -10.0546875 3.0449219
vt -10.0546875 2.7421875
vt -10.078125 3.0449219
vt -10.0703125 2.7421875
vt -10.515625 3.0449219
vt -10.5078125 2.7460938
vt -10.53125 3.0449219
vt -10.53125 2.7460938
vt -10.8046875 3.0449219
vt -10.796875 2.7441406
vt -10.828125 3.0449219
vt -10.8203125 2.7460938
vt -11.265625 3.0449219
vt -11.2578125 2.7441406
vt -10.0546875 3.0449219
vt -10.0546875 2.7421875
vt -10.078125 3.0449219
vt -10.0703125 2.7421875
vt -10.515625 3.0449219
vt -10.5078125 2.7460938
vt -10.53125 3.0449219
vt -10.53125 2.7460938
vt -10.8046875 3.0449219
vt -10.796875 2.7441406
vt -10.828125 3.0449219
vt -10.8203125 2.7460938
vt -10.8046875 2.7265625
vt -11.2578125 2.7246094
vt -10.8203125 2.7460938
vt -11.2578125 2.7441406
vt -10.515625 2.7285156
vt -10.8046875 2.7265625
vt -10.53125 2.7460938
vt -10.796875 2.7441406
vt -10.0625 2.7246094
vt -10.515625 2.7285156
vt -10.0703125 2.7421875
vt -10.5078125 2.7460938
vt -9.7890625 2.7265625
vt -10.0625 2.7246094
vt -9.7890625 2.7460938
vt -10.0546875 2.7421875
vt -12.4296875 4.921875
vt -12.421875 4.7148438
vt -13.28125 4.921875
vt -13.2734375 4.7148438
vt -13.3046875 4.921875
vt -13.296875 4.7070312
vt -14.4140625 4.921875
vt -14.40625 4.71875
vt -14.4296875 4.921875
vt -14.4296875 4.71875
vt -15.28125 4.921875
vt -15.2734375 4.71875
vt -15.296875 4.921875
vt -15.296875 4.7226562
vt -16.40625 4.921875
vt -16.40625 4.7148438
vt -14.4140625 4.921875
vt -14.40625 4.71875
vt -14.4296875 4.921875
vt -14.4296875 4.71875
vt -15.28125 4.6992188
vt -16.40625 4.6914062
vt -15.296875 4.7226562
vt -16.40625 4.7148438
vt -14.4140625 4.6953125
vt -15.28125 4.6992188
vt -14.4296875 4.71875
vt -15.2734375 4.71875
vt -13.28125 4.6914062
vt -14.4140625 4.6953125
vt -13.296875 4.7070312
vt -14.40625 4.71875
vt -12.421875 4.6914062
vt -13.28125 4.6914062
vt -12.421875 4.7148438
vt -13.2734375 4.7148438
vt -8.2421875 1.0654297
vt -8.25 0.90283203
vt -8.921875 1.1074219
vt -8.921875 0.94433594
vt -8.9453125 1.1074219
vt -8.9453125 0.94433594
vt -9.6640625 1.1035156
vt -9.6640625 0.94091797
vt -9.6875 1.1035156
vt -9.6796875 0.9399414
vt -10.359375 1.0859375
vt -10.359375 0.92333984
vt -10.3828125 1.0849609
vt -10.375 0.921875
vt -11.1015625 1.0888672
vt -11.1015625 0.92626953
vt -8.921875 1.1074219
vt -8.921875 0.94433594
vt -8.9453125 1.1074219
vt -8.9453125 0.94433594
vt -9.6640625 1.1035156
vt -9.6640625 0.94091797
vt -9.6875 1.1035156
vt -9.6796875 0.9399414
vt -10.359375 1.0859375
vt -10.359375 0.92333984
vt -10.3828125 1.0849609
vt -10.375 0.921875
vt -10.359375 0.90185547
vt -11.1015625 0.90478516
vt -10.375 0.921875
vt -11.1015625 0.92626953
vt -9.671875 0.9194336
vt -10.359375 0.90185547
vt -9.6796875 0.9399414
vt -10.359375 0.92333984
vt -8.9296875 0.92333984
vt -9.671875 0.9194336
vt -8.9453125 0.94433594
vt -9.6640625 0.94091797
vt -8.25 0.8803711
vt -8.9296875 0.92333984
vt -8.25 0.90283203
vt -8.921875 0.94433594
vt -8.84375 0.6118164
vt -8.8359375 0.33764648
vt -9.390625 0.6118164
vt -9.390625 0.3408203
vt -9.421875 0.6118164
vt -9.4140625 0.34033203
vt -9.9296875 0.6118164
vt -9.9296875 0.34155273
vt -9.9609375 0.6118164
vt -9.953125 0.34106445
vt -10.5078125 0.6118164
vt -10.5078125 0.34179688
vt -10.5390625 0.6118164
vt -10.53125 0.34228516
vt -11.046875 0.6118164
vt -11.046875 0.34106445
vt -9.390625 0.6118164
vt -9.390625 0.3408203
vt -9.421875 0.6118164
vt -9.4140625 0.34033203
vt -9.9296875 0.6118164
vt -9.9296875 0.34155273
vt -9.9609375 0.6118164
vt -9.953125 0.34106445
vt -10.5078125 0.6118164
vt -10.5078125 0.34179688
vt -10.5390625 0.6118164
vt -10.53125 0.34228516
vt -10.515625 0.31860352
vt -11.046875 0.31713867
vt -10.53125 0.34228516
vt -11.046875 0.34106445
vt -9.9375 0.3178711
vt -10.515625 0.31860352
vt -9.953125 0.34106445
vt -10.5078125 0.34179688
vt -9.40625 0.3173828
vt -9.9375 0.3178711
vt -9.4140625 0.34033203
vt -9.9296875 0.34155273
vt -8.84375 0.31225586
vt -9.40625 0.3173828
vt -8.8359375 0.33764648
vt -9.390625 0.3408203
vt -9.296875 5.4179688
vt -9.3046875 5.1796875
vt -9.6171875 5.4179688
vt -9.6171875 5.1835938
vt -9.640625 5.4179688
vt -9.640625 5.1835938
vt -10.078125 5.4179688
vt -10.078125 5.1875
vt -10.1015625 5.4179688
vt -10.1015625 5.1875
vt -10.421875 5.4179688
vt -10.4140625 5.1875
vt -10.4453125 5.4179688
vt -10.4296875 5.1875
vt -10.8828125 5.4179688
vt -10.875 5.1835938
vt -9.6171875 5.4179688
vt -9.6171875 5.1835938
vt -9.640625 5.4179688
vt -9.640625 5.1835938
vt -10.078125 5.4179688
vt -10.078125 5.1875
vt -10.1015625 5.4179688
vt -10.1015625 5.1875
vt -10.421875 5.4179688
vt -10.4140625 5.1875
vt -10.4453125 5.4179688
vt -10.4296875 5.1875
vt -10.421875 5.1679688
vt -10.875 5.1679688
vt -10.4296875 5.1875
vt -10.875 5.1835938
vt -10.0859375 5.1679688
vt -10.421875 5.1679688
vt -10.1015625 5.1875
vt -10.4140625 5.1875
vt -9.6328125 5.1679688
vt -10.0859375 5.1679688
vt -9.640625 5.1835938
vt -10.078125 5.1875
vt -9.3046875 5.1601562
vt -9.6328125 5.1679688
vt -9.3046875 5.1796875
vt -9.6171875 5.1835938
vt -15.53125 1.3242188
vt -14.9921875 1.3398438
vt -15.515625 0.85058594
vt -14.9921875 0.86572266
vt -14.9609375 1.3408203
vt -14.3671875 1.328125
vt -14.9609375 0.8671875
vt -14.3828125 0.8544922
vt -14.3359375 1.3271484
vt -13.8046875 1.3134766
vt -14.3515625 0.8520508
vt -13.8203125 0.8408203
vt -13.7734375 1.3144531
vt -13.1953125 1.3017578
vt -13.796875 0.8408203
vt -13.2109375 0.828125
vt -14.9921875 1.3398438
vt -14.9609375 1.3408203
vt -14.9921875 0.86572266
vt -14.9609375 0.8671875
vt -14.3671875 1.328125
vt -14.3359375 1.3271484
vt -14.3828125 0.8544922
vt -14.3515625 0.8520508
vt -13.8046875 1.3134766
vt -13.7734375 1.3144531
vt -13.8203125 0.8408203
vt -13.796875 0.8408203
vt -13.8125 0.8071289
vt -13.796875 0.8408203
vt -13.2109375 0.7919922
vt -13.2109375 0.828125
vt -14.3671875 0.8198242
vt -14.3515625 0.8520508
vt -13.8125 0.8071289
vt -13.8203125 0.8408203
vt -14.9765625 0.8334961
vt -14.9609375 0.8671875
vt -14.3671875 0.8198242
vt -14.3828125 0.8544922
vt -15.515625 0.81591797
vt -15.515625 0.85058594
vt -14.9765625 0.8334961
vt -14.9921875 0.86572266
vt -14.78125 4.1171875
vt -14.359375 4.1171875
vt -14.7890625 3.4863281
vt -14.3671875 3.4804688
vt -14.328125 4.1171875
vt -13.6953125 4.1171875
vt -14.34375 3.484375
vt -13.7109375 3.4765625
vt -14.8046875 3.4472656
vt -14.7890625 3.4863281
vt -14.359375 3.4453125
vt -14.3671875 3.4804688
vt -15.4765625 3.4414062
vt -15.453125 3.4746094
vt -14.8046875 3.4472656
vt -14.8203125 3.4824219
vt -13.703125 8.3984375
vt -12.5078125 8.3984375
vt -13.7109375 7.9648438
vt -12.5234375 7.9648438
vt -12.4765625 8.3984375
vt -11.328125 8.3984375
vt -12.5 7.9648438
vt -11.34375 7.9570312
vt -16.109375 8.3984375
vt -14.9140625 8.3984375
vt -16.09375 7.953125
vt -14.90625 7.9570312
vt -14.8828125 8.3984375
vt -13.734375 8.3984375
vt -14.8828125 7.9609375
vt -13.734375 7.9648438
vt -12.5078125 8.3984375
vt -12.4765625 8.3984375
vt -12.5234375 7.9648438
vt -12.5 7.9648438
vt -14.890625 7.9296875
vt -14.8828125 7.9609375
vt -13.7265625 7.9335938
vt -13.734375 7.9648438
vt -16.09375 7.921875
vt -16.09375 7.953125
vt -14.890625 7.9296875
vt -14.90625 7.9570312
vt -12.515625 7.9335938
vt -12.5 7.9648438
vt -11.34375 7.9257812
vt -11.34375 7.9570312
vt -13.7265625 7.9335938
vt -13.7109375 7.9648438
vt -12.515625 7.9335938
vt -12.5234375 7.9648438
vt -10.8671875 6.703125
vt -10.515625 6.703125
vt -10.84375 5.7070312
vt -10.5 5.7148438
vt -10.484375 6.703125
vt -10.1484375 6.703125
vt -10.4765625 5.71875
vt -10.1484375 5.7148438
vt -10.1171875 6.703125
vt -9.765625 6.703125
vt -10.125 5.7148438
vt -9.78125 5.7148438
vt -9.734375 6.703125
vt -9.40625 6.703125
vt -9.7578125 5.7148438
vt -9.4375 5.7148438
vt -10.1484375 6.703125
vt -10.1171875 6.703125
vt -10.1484375 5.7148438
vt -10.125 5.7148438
vt -9.765625 6.703125
vt -9.734375 6.703125
vt -9.78125 5.7148438
vt -9.7578125 5.7148438
vt -9.7734375 5.6875
vt -9.7578125 5.7148438
vt -9.4296875 5.6835938
vt -9.4375 5.7148438
vt -10.140625 5.6875
vt -10.125 5.7148438
vt -9.7734375 5.6875
vt -9.78125 5.7148438
vt -10.484375 5.6914062
vt -10.4765625 5.71875
vt -10.140625 5.6875
vt -10.1484375 5.7148438
vt -10.84375 5.6796875
vt -10.84375 5.7070312
vt -10.484375 5.6914062
vt -10.5 5.7148438
vt -10.9296875 0.029266357
vt -10.609375 0.029266357
vt -10.921875 -0.23815918
vt -10.59375 -0.22912598
vt -10.5703125 0.029266357
vt -10.140625 0.029266357
vt -10.5625 -0.23046875
vt -10.1328125 -0.22692871
vt -10.1015625 0.029266357
vt -9.7734375 0.029266357
vt -10.109375 -0.22717285
vt -9.78125 -0.22766113
vt -9.7421875 0.029266357
vt -9.3046875 0.029266357
vt -9.7578125 -0.22692871
vt -9.3203125 -0.2277832
vt -10.609375 0.029266357
vt -10.5703125 0.029266357
vt -10.59375 -0.22912598
vt -10.5625 -0.23046875
vt -10.140625 0.029266357
vt -10.1015625 0.029266357
vt -10.109375 -0.22717285
vt -10.1328125 -0.22692871
vt -9.7734375 0.029266357
vt -9.7421875 0.029266357
vt -9.78125 -0.22766113
vt -9.7578125 -0.22692871
vt -9.7734375 -0.25878906
vt -9.7578125 -0.22692871
vt -9.3203125 -0.26000977
vt -9.3203125 -0.2277832
vt -10.1171875 -0.2578125
vt -10.109375 -0.22717285
vt -9.7734375 -0.25878906
vt -9.78125 -0.22766113
vt -10.578125 -0.2607422
vt -10.5625 -0.23046875
vt -10.1171875 -0.2578125
vt -10.1328125 -0.22692871
vt -10.9140625 -0.27197266
vt -10.921875 -0.23815918
vt -10.578125 -0.2607422
vt -10.59375 -0.22912598
vt -9.03125 -1.4658203
vt -9.0390625 -2.0332031
vt -9.328125 -1.4658203
vt -9.3359375 -2.0292969
vt -9.359375 -1.4658203
vt -9.359375 -2.03125
vt -9.7578125 -1.4658203
vt -9.7578125 -2.0292969
vt -9.7890625 -1.4658203
vt -9.78125 -2.0292969
vt -10.0859375 -1.4658203
vt -10.078125 -2.0273438
vt -10.125 -1.4658203
vt -10.109375 -2.0253906
vt -10.515625 -1.4658203
vt -10.5078125 -2.0292969
vt -9.328125 -1.4658203
vt -9.3359375 -2.0292969
vt -9.359375 -1.4658203
vt -9.359375 -2.03125
vt -9.7578125 -1.4658203
vt -9.7578125 -2.0292969
vt -9.7890625 -1.4658203
vt -9.78125 -2.0292969
vt -10.09375 -2.0566406
vt -10.5078125 -2.0625
vt -10.109375 -2.0253906
vt -10.5078125 -2.0292969
vt -9.765625 -2.0585938
vt -10.09375 -2.0566406
vt -9.78125 -2.0292969
vt -10.078125 -2.0273438
vt -9.3515625 -2.0605469
vt -9.765625 -2.0585938
vt -9.359375 -2.03125
vt -9.7578125 -2.0292969
vt -9.046875 -2.0683594
vt -9.3515625 -2.0605469
vt -9.0390625 -2.0332031
vt -9.3359375 -2.0292969
vt -10.359375 9.4609375
vt -10.15625 9.4609375
vt -10.359375 8.84375
vt -10.1484375 8.84375
vt -9.7421875 9.4609375
vt -9.5390625 9.4609375
vt -9.734375 8.84375
vt -9.5546875 8.84375
vt -9.5234375 9.4609375
vt -9.1484375 9.4609375
vt -9.53125 8.84375
vt -9.1484375 8.84375
vt -10.15625 9.4609375
vt -10.125 9.4609375
vt -10.1484375 8.84375
vt -10.1328125 8.8515625
vt -9.5390625 9.4609375
vt -9.5234375 9.4609375
vt -9.5546875 8.84375
vt -9.53125 8.84375
vt -9.546875 8.8046875
vt -9.53125 8.84375
vt -9.15625 8.8125
vt -9.1484375 8.84375
vt -10.3515625 8.8046875
vt -10.359375 8.84375
vt -10.140625 8.8125
vt -10.1484375 8.84375
vt -10.6171875 -0.47753906
vt -10.2265625 -0.47753906
vt -10.609375 -1.0136719
vt -10.21875 -1.0078125
vt -10.203125 -0.47753906
vt -9.703125 -0.47753906
vt -10.1953125 -1.0068359
vt -9.703125 -1.0058594
vt -9.671875 -0.47753906
vt -9.2890625 -0.47753906
vt -9.6796875 -1.0068359
vt -9.2890625 -1.0068359
vt -9.2578125 -0.47753906
vt -8.765625 -0.47753906
vt -9.2734375 -1.0048828
vt -8.7734375 -1.0078125
vt -10.2265625 -0.47753906
vt -10.203125 -0.47753906
vt -10.21875 -1.0078125
vt -10.1953125 -1.0068359
vt -9.703125 -0.47753906
vt -9.671875 -0.47753906
vt -9.703125 -1.0058594
vt -9.6796875 -1.0068359
vt -9.28125 -1.03125
vt -9.2734375 -1.0048828
vt -8.7734375 -1.0351562
vt -8.7734375 -1.0078125
vt -9.6953125 -1.03125
vt -9.6796875 -1.0068359
vt -9.28125 -1.03125
vt -9.2890625 -1.0068359
vt -10.2109375 -1.0322266
vt -10.1953125 -1.0068359
vt -9.6953125 -1.03125
vt -9.703125 -1.0058594
vt -10.609375 -1.0410156
vt -10.609375 -1.0136719
vt -10.2109375 -1.0322266
vt -10.21875 -1.0078125
vt -8.375 4.125
vt -8.3828125 3.7832031
vt -9.09375 4.1445312
vt -9.09375 3.8027344
vt -9.125 4.1445312
vt -9.1171875 3.8027344
vt -9.7578125 4.140625
vt -9.75 3.7949219
vt -9.78125 4.1367188
vt -9.7734375 3.7949219
vt -10.5 4.125
vt -10.4921875 3.7832031
vt -10.515625 4.125
vt -10.515625 3.78125
vt -11.1484375 4.1289062
vt -11.1484375 3.7890625
vt -9.09375 4.1445312
vt -9.09375 3.8027344
vt -9.125 4.1445312
vt -9.1171875 3.8027344
vt -9.7578125 4.140625
vt -9.75 3.7949219
vt -9.78125 4.1367188
vt -9.7734375 3.7949219
vt -10.5 4.125
vt -10.4921875 3.7832031
vt -10.515625 4.125
vt -10.515625 3.78125
vt -9.7578125 3.7734375
vt -10.5 3.7597656
vt -9.7734375 3.7949219
vt -10.4921875 3.7832031
vt -8.3828125 3.7578125
vt -9.1015625 3.7792969
vt -8.3828125 3.7832031
vt -9.09375 3.8027344
vt -10.78125 7.5546875
vt -10.2734375 7.5546875
vt -10.765625 6.9492188
vt -10.2578125 6.9414062
vt -9.84375 7.5546875
vt -9.328125 7.5546875
vt -9.84375 6.9335938
vt -9.3515625 6.9414062
vt -9.296875 7.5546875
vt -8.9140625 7.5546875
vt -9.328125 6.9453125
vt -8.9453125 6.9414062
vt -10.2734375 7.5546875
vt -10.2421875 7.5546875
vt -10.2578125 6.9414062
vt -10.234375 6.9414062
vt -9.34375 6.9101562
vt -9.328125 6.9453125
vt -8.9453125 6.90625
vt -8.9453125 6.9414062
vt -10.765625 6.9101562
vt -10.765625 6.9492188
vt -10.25 6.9023438
vt -10.2578125 6.9414062
vt -15.6640625 2.3242188
vt -15.2890625 2.3242188
vt -15.6484375 1.7177734
vt -15.2734375 1.7304688
vt -15.2578125 2.3242188
vt -14.8125 2.3242188
vt -15.2421875 1.7314453
vt -14.8125 1.7314453
vt -14.7734375 2.3242188
vt -14.40625 2.3242188
vt -14.78125 1.7304688
vt -14.421875 1.7285156
vt -14.375 2.3242188
vt -13.9453125 2.3242188
vt -14.3984375 1.7294922
vt -13.9609375 1.7304688
vt -15.2890625 2.3242188
vt -15.2578125 2.3242188
vt -15.2734375 1.7304688
vt -15.2421875 1.7314453
vt -14.8125 2.3242188
vt -14.7734375 2.3242188
vt -14.8125 1.7314453
vt -14.78125 1.7304688
vt -14.40625 2.3242188
vt -14.375 2.3242188
vt -14.421875 1.7285156
vt -14.3984375 1.7294922
vt -14.4140625 1.6943359
vt -14.3984375 1.7294922
vt -13.9609375 1.6933594
vt -13.9609375 1.7304688
vt -14.796875 1.6962891
vt -14.78125 1.7304688
vt -14.4140625 1.6943359
vt -14.421875 1.7285156
vt -15.2578125 1.6972656
vt -15.2421875 1.7314453
vt -14.796875 1.6962891
vt -14.8125 1.7314453
vt -15.640625 1.6826172
vt -15.6484375 1.7177734
vt -15.2578125 1.6972656
vt -15.2734375 1.7304688
vt -15.7265625 2.9394531
vt -15.3203125 2.9394531
vt -15.7109375 2.6152344
vt -15.3046875 2.6308594
vt -15.28125 2.9394531
vt -14.796875 2.9394531
vt -15.2734375 2.6347656
vt -14.796875 2.6308594
vt -14.75 2.9394531
vt -14.3515625 2.9394531
vt -14.7578125 2.6289062
vt -14.359375 2.6308594
vt -14.3046875 2.9394531
vt -13.8359375 2.9394531
vt -14.328125 2.6328125
vt -13.8515625 2.6289062
vt -14.796875 2.9394531
vt -14.75 2.9394531
vt -14.796875 2.6308594
vt -14.7578125 2.6289062
vt -14.3515625 2.59375
vt -14.328125 2.6328125
vt -13.8515625 2.5898438
vt -13.8515625 2.6289062
vt -14.78125 2.5917969
vt -14.7578125 2.6289062
vt -14.3515625 2.59375
vt -14.359375 2.6308594
vt -15.2890625 2.5976562
vt -15.2734375 2.6347656
vt -14.78125 2.5917969
vt -14.796875 2.6308594
vt -15.703125 2.5761719
vt -15.7109375 2.6152344
vt -15.2890625 2.5976562
vt -15.3046875 2.6308594
vt -9.6953125 2.0800781
vt -9.7109375 1.4550781
vt -9.96875 2.0839844
vt -9.9765625 1.4599609
vt -9.9921875 2.0839844
vt -9.9921875 1.4609375
vt -10.4296875 2.0839844
vt -10.421875 1.4599609
vt -10.453125 2.0820312
vt -10.4453125 1.4599609
vt -10.71875 2.0800781
vt -10.7109375 1.4570312
vt -10.734375 2.0800781
vt -10.7265625 1.4560547
vt -11.171875 2.078125
vt -11.1640625 1.453125
vt -9.96875 2.0839844
vt -9.9765625 1.4599609
vt -9.9921875 2.0839844
vt -9.9921875 1.4609375
vt -10.4296875 2.0839844
vt -10.421875 1.4599609
vt -10.453125 2.0820312
vt -10.4453125 1.4599609
vt -10.71875 2.0800781
vt -10.7109375 1.4570312
vt -10.734375 2.0800781
vt -10.7265625 1.4560547
vt -10.71875 1.4384766
vt -11.1640625 1.4355469
vt -10.7265625 1.4560547
vt -11.1640625 1.453125
vt -10.4296875 1.4423828
vt -10.71875 1.4384766
vt -10.4453125 1.4599609
vt -10.7109375 1.4570312
vt -9.984375 1.4433594
vt -10.4296875 1.4423828
vt -9.9921875 1.4609375
vt -10.421875 1.4599609
vt -9.7109375 1.4355469
vt -9.984375 1.4433594
vt -9.7109375 1.4550781
vt -9.9765625 1.4599609
vt -9.796875 3.5585938
vt -9.8046875 3.2597656
vt -10.0703125 3.5664062
vt -10.0703125 3.2675781
vt -10.09375 3.5664062
vt -10.09375 3.2675781
vt -10.5078125 3.5625
vt -10.5 3.265625
vt -10.5234375 3.5625
vt -10.5234375 3.265625
vt -10.7890625 3.5585938
vt -10.7890625 3.2617188
vt -10.8125 3.5585938
vt -10.8046875 3.2597656
vt -11.21875 3.5605469
vt -11.21875 3.2617188
vt -10.0703125 3.5664062
vt -10.0703125 3.2675781
vt -10.09375 3.5664062
vt -10.09375 3.2675781
vt -10.5078125 3.5625
vt -10.5 3.265625
vt -10.5234375 3.5625
vt -10.5234375 3.265625
vt -10.7890625 3.5585938
vt -10.7890625 3.2617188
vt -10.8125 3.5585938
vt -10.8046875 3.2597656
vt -10.796875 3.2421875
vt -11.21875 3.2441406
vt -10.8046875 3.2597656
vt -11.21875 3.2617188
vt -10.5078125 3.2480469
vt -10.796875 3.2421875
vt -10.5234375 3.265625
vt -10.7890625 3.2617188
vt -10.0859375 3.25
vt -10.5078125 3.2480469
vt -10.09375 3.2675781
vt -10.5 3.265625
vt -9.8125 3.2402344
vt -10.0859375 3.25
vt -9.8046875 3.2597656
vt -10.0703125 3.2675781
vt -9.359375 2.640625
vt -9.3671875 2.3710938
vt -9.7421875 2.6542969
vt -9.75 2.3828125
vt -9.765625 2.6542969
vt -9.765625 2.3828125
vt -10.28125 2.6542969
vt -10.28125 2.3769531
vt -10.3046875 2.6542969
vt -10.296875 2.3769531
vt -10.6796875 2.6445312
vt -10.6796875 2.3691406
vt -10.703125 2.6445312
vt -10.6953125 2.3671875
vt -11.2109375 2.6445312
vt -11.2109375 2.3730469
vt -9.7421875 2.6542969
vt -9.75 2.3828125
vt -9.765625 2.6542969
vt -9.765625 2.3828125
vt -10.28125 2.6542969
vt -10.28125 2.3769531
vt -10.3046875 2.6542969
vt -10.296875 2.3769531
vt -10.6796875 2.6445312
vt -10.6796875 2.3691406
vt -10.703125 2.6445312
vt -10.6953125 2.3671875
vt -10.2890625 2.359375
vt -10.6796875 2.3496094
vt -10.296875 2.3769531
vt -10.6796875 2.3691406
vt -9.3671875 2.3476562
vt -9.7578125 2.3613281
vt -9.3671875 2.3710938
vt -9.75 2.3828125
vt -9.9453125 12.328125
vt -9.9375 11.6953125
vt -11.6875 12.328125
vt -11.6796875 11.6953125
vt -11.71875 12.328125
vt -11.7109375 11.6875
vt -12.65625 12.328125
vt -12.6484375 11.6875
vt -12.6796875 12.328125
vt -12.671875 11.6875
vt -14.40625 12.328125
vt -14.4140625 11.6953125
vt -14.4453125 12.328125
vt -14.4453125 11.6953125
vt -15.3984375 12.328125
vt -15.3984375 11.6875
vt -11.6875 12.328125
vt -11.6796875 11.6953125
vt -11.71875 12.328125
vt -11.7109375 11.6875
vt -15.4375 11.6875
vt -15.4375 12.328125
vt -15.3984375 11.6875
vt -15.3984375 12.328125
vt -12.65625 12.328125
vt -12.6484375 11.6875
vt -12.6796875 12.328125
vt -12.671875 11.6875
vt -14.40625 12.328125
vt -14.4140625 11.6953125
vt -14.4453125 12.328125
vt -14.4453125 11.6953125
vt -14.421875 11.65625
vt -15.390625 11.65625
vt -14.4453125 11.6953125
vt -15.3984375 11.6875
vt -12.6640625 11.65625
vt -14.421875 11.65625
vt -12.671875 11.6875
vt -14.4140625 11.6953125
vt -11.6953125 11.65625
vt -12.6640625 11.65625
vt -11.7109375 11.6875
vt -12.6484375 11.6875
vt -9.9453125 11.65625
vt -11.6953125 11.65625
vt -9.9375 11.6953125
vt -11.6796875 11.6953125
vt 6.2265625 -0.95458984
vt 6.1992188 -1.6191406
vt 5.046875 -0.91308594
vt 5.0234375 -1.5771484
vt 5.8398438 -0.42895508
vt 5.8359375 -0.15820312
vt 6.2773438 -0.42016602
vt 6.2734375 -0.14941406
vt 6.9882812 -2.7109375
vt 6.1367188 -2.6914062
vt 7.0273438 -1.5996094
vt 6.1757812 -1.5810547
vt 5.4960938 -0.7890625
vt 4.8164062 -0.7685547
vt 5.5117188 -0.06427002
vt 4.8359375 -0.043762207
vt 5.7265625 -0.4189453
vt 6.28125 -0.44750977
vt 5.6953125 -0.92822266
vt 6.2460938 -0.95654297
vt 6.0820312 0.27612305
vt 6.4023438 0.28393555
vt 6.0664062 -0.16101074
vt 6.3828125 -0.15307617
vt 3.6953125 13.171875
vt 3.109375 13.203125
vt 3.7167969 13.7109375
vt 3.1289062 13.7421875
vt 3.1777344 13.28125
vt 2.5449219 13.3046875
vt 3.2011719 13.703125
vt 2.5820312 13.7265625
vt 4.8203125 -0.78125
vt 3.671875 -0.69628906
vt 4.875 0.41015625
vt 3.7246094 0.4951172
vt 5.6445312 13.3359375
vt 5.6328125 13.0078125
vt 5.2929688 13.3515625
vt 5.28125 13.015625
vt 4.6445312 12.734375
vt 4.7265625 12.3046875
vt 4.3242188 12.65625
vt 4.40625 12.2265625
vt 5.765625 0.29101562
vt 6.0664062 0.2824707
vt 5.765625 -0.10296631
vt 6.0625 -0.11138916
vt 2.7988281 12.296875
vt 2.796875 11.9296875
vt 2.5976562 12.3046875
vt 2.6152344 11.921875
vt 5.1757812 13.7109375
vt 5.6679688 13.6875
vt 5.1523438 13.328125
vt 5.6445312 13.3046875
vt 6.890625 -0.89746094
vt 6.9023438 -1.6201172
vt 6.25 -0.86816406
vt 6.2617188 -1.5908203
vt 5.2734375 13.6640625
vt 5.2265625 13.296875
vt 4.7695312 13.7265625
vt 4.7421875 13.34375
vt 5.2460938 12.2890625
vt 5.265625 12.71875
vt 5.6132812 12.28125
vt 5.6328125 12.7109375
vt 5.140625 12
vt 4.6640625 12.015625
vt 5.1484375 12.3984375
vt 4.671875 12.421875
vt 6.8398438 -0.03564453
vt 6.828125 -0.30615234
vt 6.4023438 -0.015823364
vt 6.390625 -0.28637695
vt 6.84375 0.24121094
vt 6.8203125 -0.028717041
vt 6.4296875 0.25952148
vt 6.40625 -0.010414124
vt 5.3945312 0.32177734
vt 5.3671875 -0.061431885
vt 4.8789062 0.34472656
vt 4.8515625 -0.038391113
vt 6.2460938 -3.9042969
vt 6.2929688 -5.6484375
vt 5.296875 -3.9257812
vt 5.34375 -5.6679688
vt 0.0016212463 0.9609375
vt 0.01259613 0.6533203
vt 0.0016212463 0.6533203
vt 0.010345459 0.9609375
vt 0.01259613 0.6533203
vt 0.0019350052 0.6533203
vt 0.011741638 0.9609375
vt 0.01259613 0.6533203
vt 0.0019006729 0.6533203
vt 0.019012451 0.9609375
vt 0.022155762 0.6533203
vt 0.0021038055 0.6533203
vt 0.01259613 0.6533203
vt 0.010345459 0.9609375
vt 0.3720703 0.6533203
vt 0.3720703 0.9609375
vt 0.3720703 0.6533203
vt 0.010345459 0.9609375
vt 0.01259613 0.6533203
vt 0.0016212463 0.9609375
vt 0.4482422 0.6533203
vt 0.4555664 0.9609375
vt 0.4482422 0.6533203
vt 0.0016212463 0.9609375
vt 0.020187378 0.026824951
vt 0.01259613 0.6533203
vt 0.3720703 0.026824951
vt 0.3720703 0.6533203
vt 0.3720703 0.026824951
vt 0.01259613 0.6533203
vt 0.020187378 0.026824951
vt 0.01259613 0.6533203
vt 0.44433594 0.026824951
vt 0.4482422 0.6533203
vt 0.44433594 0.026824951
vt 0.01259613 0.6533203
vt 0.0016212463 0.9609375
vt 0.01259613 0.6533203
vt 0.0016212463 0.6533203
vt 0.010345459 0.9609375
vt 0.01259613 0.6533203
vt 0.0019350052 0.6533203
vt 0.011741638 0.9609375
vt 0.01259613 0.6533203
vt 0.0019006729 0.6533203
vt 0.019012451 0.9609375
vt 0.022155762 0.6533203
vt 0.0021038055 0.6533203
vt 0.0019426346 0.026824951
vt 0.0016212463 0.6533203
vt 0.020187378 0.026824951
vt 0.01259613 0.6533203
vt 0.020187378 0.026824951
vt 0.0016212463 0.6533203
vt 0.0019426346 0.026824951
vt 0.0019350052 0.6533203
vt 0.020187378 0.026824951
vt 0.01259613 0.6533203
vt 0.020187378 0.026824951
vt 0.0019350052 0.6533203
vt 0.0019426346 0.026824951
vt 0.0019006729 0.6533203
vt 0.020187378 0.026824951
vt 0.01259613 0.6533203
vt 0.020187378 0.026824951
vt 0.0019006729 0.6533203
vt 0.0019426346 0.026824951
vt 0.0021038055 0.6533203
vt 0.020187378 0.026824951
vt 0.022155762 0.6533203
vt 0.020187378 0.026824951
vt 0.0021038055 0.6533203
vt 0.01259613 0.6533203
vt 0.010345459 0.9609375
vt 0.3720703 0.6533203
vt 0.3720703 0.9609375
vt 0.3720703 0.6533203
vt 0.010345459 0.9609375
vt 0.022155762 0.6533203
vt 0.019012451 0.9609375
vt 0.45874023 0.6533203
vt 0.4633789 0.9609375
vt 0.45874023 0.6533203
vt 0.019012451 0.9609375
vt 0.01259613 0.6533203
vt 0.0016212463 0.9609375
vt 0.4555664 0.9609375
vt 0.01259613 0.6533203
vt 0.4555664 0.9609375
vt 0.4482422 0.6533203
vt 0.0016212463 0.9609375
vt 0.01259613 0.6533203
vt 0.0016212463 0.6533203
vt 0.010345459 0.9609375
vt 0.01259613 0.6533203
vt 0.0019350052 0.6533203
vt 0.011741638 0.9609375
vt 0.01259613 0.6533203
vt 0.0019006729 0.6533203
vt 0.019012451 0.9609375
vt 0.022155762 0.6533203
vt 0.0021038055 0.6533203
vt 0.01259613 0.6533203
vt 0.010345459 0.9609375
vt 0.3720703 0.6533203
vt 0.3720703 0.9609375
vt 0.3720703 0.6533203
vt 0.010345459 0.9609375
vt 0.01259613 0.6533203
vt 0.0016212463 0.9609375
vt 0.4482422 0.6533203
vt 0.4555664 0.9609375
vt 0.4482422 0.6533203
vt 0.0016212463 0.9609375
vt 0.020187378 0.026824951
vt 0.01259613 0.6533203
vt 0.3720703 0.026824951
vt 0.3720703 0.6533203
vt 0.3720703 0.026824951
vt 0.01259613 0.6533203
vt 0.020187378 0.026824951
vt 0.01259613 0.6533203
vt 0.44433594 0.026824951
vt 0.4482422 0.6533203
vt 0.44433594 0.026824951
vt 0.01259613 0.6533203
vt 0.0016212463 0.9609375
vt 0.01259613 0.6533203
vt 0.0016212463 0.6533203
vt 0.010345459 0.9609375
vt 0.01259613 0.6533203
vt 0.0019350052 0.6533203
vt 0.011741638 0.9609375
vt 0.01259613 0.6533203
vt 0.0019006729 0.6533203
vt 0.019012451 0.9609375
vt 0.022155762 0.6533203
vt 0.0021038055 0.6533203
vt 0.01259613 0.6533203
vt 0.010345459 0.9609375
vt 0.3720703 0.6533203
vt 0.3720703 0.9609375
vt 0.3720703 0.6533203
vt 0.010345459 0.9609375
vt 0.022155762 0.6533203
vt 0.019012451 0.9609375
vt 0.45874023 0.6533203
vt 0.4633789 0.9609375
vt 0.45874023 0.6533203
vt 0.019012451 0.9609375
vt 0.01259613 0.6533203
vt 0.0016212463 0.9609375
vt 0.4482422 0.6533203
vt 0.4555664 0.9609375
vt 0.4482422 0.6533203
vt 0.0016212463 0.9609375
vt 0.020187378 0.026824951
vt 0.01259613 0.6533203
vt 0.3720703 0.026824951
vt 0.3720703 0.6533203
vt 0.3720703 0.026824951
vt 0.01259613 0.6533203
vt 0.020187378 0.026824951
vt 0.01259613 0.6533203
vt 0.44433594 0.026824951
vt 0.4482422 0.6533203
vt 0.44433594 0.026824951
vt 0.01259613 0.6533203
vt 0.0016212463 0.9609375
vt 0.01259613 0.6533203
vt 0.0016212463 0.6533203
vt 0.010345459 0.9609375
vt 0.01259613 0.6533203
vt 0.0019350052 0.6533203
vt 0.011741638 0.9609375
vt 0.01259613 0.6533203
vt 0.0019006729 0.6533203
vt 0.019012451 0.9609375
vt 0.022155762 0.6533203
vt 0.0021038055 0.6533203
vt 0.01259613 0.6533203
vt 0.010345459 0.9609375
vt 0.3720703 0.6533203
vt 0.3720703 0.9609375
vt 0.3720703 0.6533203
vt 0.010345459 0.9609375
vt 0.01259613 0.6533203
vt 0.0016212463 0.9609375
vt 0.4482422 0.6533203
vt 0.4555664 0.9609375
vt 0.4482422 0.6533203
vt 0.0016212463 0.9609375
vt 0.020187378 0.026824951
vt 0.01259613 0.6533203
vt 0.3720703 0.026824951
vt 0.3720703 0.6533203
vt 0.3720703 0.026824951
vt 0.01259613 0.6533203
vt 0.0016212463 0.9609375
vt 0.01259613 0.6533203
vt 0.0016212463 0.6533203
vt 0.010345459 0.9609375
vt 0.01259613 0.6533203
vt 0.0019350052 0.6533203
vt 0.011741638 0.9609375
vt 0.01259613 0.6533203
vt 0.0019006729 0.6533203
vt 0.019012451 0.9609375
vt 0.022155762 0.6533203
vt 0.0021038055 0.6533203
vt 0.0019426346 0.026824951
vt 0.0016212463 0.6533203
vt 0.020187378 0.026824951
vt 0.01259613 0.6533203
vt 0.020187378 0.026824951
vt 0.0016212463 0.6533203
vt 0.0019426346 0.026824951
vt 0.0019350052 0.6533203
vt 0.020187378 0.026824951
vt 0.01259613 0.6533203
vt 0.020187378 0.026824951
vt 0.0019350052 0.6533203
vt 0.0019426346 0.026824951
vt 0.0019006729 0.6533203
vt 0.020187378 0.026824951
vt 0.01259613 0.6533203
vt 0.020187378 0.026824951
vt 0.0019006729 0.6533203
vt 0.0019426346 0.026824951
vt 0.0021038055 0.6533203
vt 0.020187378 0.026824951
vt 0.022155762 0.6533203
vt 0.020187378 0.026824951
vt 0.0021038055 0.6533203
vt 0.01259613 0.6533203
vt 0.010345459 0.9609375
vt 0.3720703 0.6533203
vt 0.3720703 0.9609375
vt 0.3720703 0.6533203
vt 0.010345459 0.9609375
vt 0.022155762 0.6533203
vt 0.019012451 0.9609375
vt 0.45874023 0.6533203
vt 0.4633789 0.9609375
vt 0.45874023 0.6533203
vt 0.019012451 0.9609375
vt 0.01259613 0.6533203
vt 0.0016212463 0.9609375
vt 0.4555664 0.9609375
vt 0.01259613 0.6533203
vt 0.4555664 0.9609375
vt 0.4482422 0.6533203
vt 0.027618408 0.9609375
vt 0.027618408 0.6738281
vt 0.027618408 0.6738281
vt 0.027618408 0.9609375
vt 0.027618408 0.6738281
vt 0.027618408 0.6738281
vt 0.027618408 0.9609375
vt 0.027618408 0.6738281
vt 0.027618408 0.6738281
vt 0.027618408 0.9609375
vt 0.027618408 0.6738281
vt 0.027618408 0.6738281
vt 0.027618408 0.9609375
vt 0.027618408 0.6738281
vt 0.027618408 0.6738281
vt 0.027618408 0.9609375
vt 0.027618408 0.6738281
vt 0.027618408 0.6738281
vt 0.018920898 0.9609375
vt 0.018920898 0.6533203
vt 0.018920898 0.6533203
vt 0.018920898 0.9609375
vt 0.018920898 0.6533203
vt 0.018920898 0.6533203
vt 0.018920898 0.9609375
vt 0.018920898 0.6533203
vt 0.018920898 0.6533203
vt 0.018920898 0.9609375
vt 0.018920898 0.6533203
vt 0.018920898 0.6533203
vt 0.027618408 0.9609375
vt 0.027618408 0.6738281
vt 0.027618408 0.6738281
vt 0.027618408 0.9609375
vt 0.027618408 0.6738281
vt 0.027618408 0.6738281
vt 0.027618408 0.9609375
vt 0.027618408 0.6738281
vt 0.027618408 0.6738281
vt 0.027618408 0.9609375
vt 0.027618408 0.6738281
vt 0.027618408 0.6738281
vt 0.027618408 0.9609375
vt 0.027618408 0.6738281
vt 0.027618408 0.6738281
vt 0.027618408 0.9609375
vt 0.027618408 0.6738281
vt 0.027618408 0.6738281
vt 0.027618408 0.9609375
vt 0.027618408 0.6738281
vt 0.027618408 0.6738281
vt 0.027618408 0.9609375
vt 0.027618408 0.6738281
vt 0.027618408 0.6738281
vt 0.027618408 0.6738281
vt 0.20471191 0.6738281
vt 0.027618408 0.9609375
vt 0.20471191 0.9609375
vt 0.027618408 0.9609375
vt 0.20471191 0.6738281
vt 0.020187378 0.026824951
vt 0.20471191 0.026824951
vt 0.027618408 0.6738281
vt 0.20471191 0.6738281
vt 0.027618408 0.6738281
vt 0.20471191 0.026824951
vt 0.020187378 0.026824951
vt 0.20471191 0.026824951
vt 0.027618408 0.6738281
vt 0.20471191 0.6738281
vt 0.027618408 0.6738281
vt 0.20471191 0.026824951
vt 0.018920898 0.9609375
vt 0.018920898 0.61035156
vt 0.018920898 0.61035156
vt 0.018920898 0.9609375
vt 0.018920898 0.61035156
vt 0.018920898 0.61035156
vt 0.018920898 0.9609375
vt 0.018920898 0.61035156
vt 0.018920898 0.61035156
vt 0.018920898 0.9609375
vt 0.018920898 0.61035156
vt 0.018920898 0.61035156
vt 0.027618408 0.9609375
vt 0.027618408 0.6738281
vt 0.027618408 0.6738281
vt 0.027618408 0.9609375
vt 0.027618408 0.6738281
vt 0.027618408 0.6738281
vt 0.027618408 0.9609375
vt 0.027618408 0.6738281
vt 0.027618408 0.6738281
vt 0.027618408 0.9609375
vt 0.027618408 0.6738281
vt 0.027618408 0.6738281
vt 0.020187378 0.026824951
vt 0.020187378 0.026824951
vt 0.027618408 0.6738281
vt 0.027618408 0.6738281
vt 0.027618408 0.6738281
vt 0.020187378 0.026824951
vt 0.020187378 0.026824951
vt 0.020187378 0.026824951
vt 0.027618408 0.6738281
vt 0.027618408 0.6738281
vt 0.027618408 0.6738281
vt 0.020187378 0.026824951
vt 0.027618408 0.6738281
vt 0.3527832 0.6738281
vt 0.027618408 0.9609375
vt 0.3527832 0.9609375
vt 0.027618408 0.9609375
vt 0.3527832 0.6738281
vt 0.020187378 0.026824951
vt 0.3527832 0.026824951
vt 0.027618408 0.6738281
vt 0.3527832 0.6738281
vt 0.027618408 0.6738281
vt 0.3527832 0.026824951
vt 0.020187378 0.026824951
vt 0.42456055 0.026824951
vt 0.027618408 0.6738281
vt 0.42456055 0.6738281
vt 0.027618408 0.6738281
vt 0.42456055 0.026824951
vt 0.020187378 0.026824951
vt 0.42456055 0.026824951
vt 0.027618408 0.6738281
vt 0.42456055 0.6738281
vt 0.027618408 0.6738281
vt 0.42456055 0.026824951
vt 0.027618408 0.9609375
vt 0.027618408 0.6738281
vt 0.027618408 0.6738281
vt 0.027618408 0.9609375
vt 0.027618408 0.6738281
vt 0.027618408 0.6738281
vt 0.0016212463 0.9609375
vt 0.01259613 0.6533203
vt 0.0016212463 0.6533203
vt 0.010345459 0.9609375
vt 0.01259613 0.6533203
vt 0.0019350052 0.6533203
vt 0.011741638 0.9609375
vt 0.01259613 0.6533203
vt 0.0019006729 0.6533203
vt 0.019012451 0.9609375
vt 0.022155762 0.6533203
vt 0.0021038055 0.6533203
vt 0.01259613 0.6533203
vt 0.010345459 0.9609375
vt 0.3720703 0.6533203
vt 0.3720703 0.9609375
vt 0.3720703 0.6533203
vt 0.010345459 0.9609375
vt 0.022155762 0.6533203
vt 0.019012451 0.9609375
vt 0.45874023 0.6533203
vt 0.4633789 0.9609375
vt 0.45874023 0.6533203
vt 0.019012451 0.9609375
vt 0.01259613 0.6533203
vt 0.0016212463 0.9609375
vt 0.4482422 0.6533203
vt 0.4555664 0.9609375
vt 0.4482422 0.6533203
vt 0.0016212463 0.9609375
vt 0.020187378 0.026824951
vt 0.01259613 0.6533203
vt 0.3720703 0.026824951
vt 0.3720703 0.6533203
vt 0.3720703 0.026824951
vt 0.01259613 0.6533203
vt 0.020187378 0.026824951
vt 0.01259613 0.6533203
vt 0.44433594 0.026824951
vt 0.4482422 0.6533203
vt 0.44433594 0.026824951
vt 0.01259613 0.6533203
vt 0.027618408 0.9609375
vt 0.027618408 0.6738281
vt 0.027618408 0.6738281
vt 0.027618408 0.9609375
vt 0.027618408 0.6738281
vt 0.027618408 0.6738281
vt 0.027618408 0.9609375
vt 0.027618408 0.6738281
vt 0.027618408 0.6738281
vt 0.027618408 0.9609375
vt 0.027618408 0.6738281
vt 0.027618408 0.6738281
vt 0.020187378 0.026824951
vt 0.020187378 0.026824951
vt 0.027618408 0.6738281
vt 0.027618408 0.6738281
vt 0.027618408 0.6738281
vt 0.020187378 0.026824951
vt 0.020187378 0.026824951
vt 0.020187378 0.026824951
vt 0.027618408 0.6738281
vt 0.027618408 0.6738281
vt 0.027618408 0.6738281
vt 0.020187378 0.026824951
vt 0.027618408 0.6738281
vt 0.3527832 0.6738281
vt 0.027618408 0.9609375
vt 0.3527832 0.9609375
vt 0.027618408 0.9609375
vt 0.3527832 0.6738281
vt 0.020187378 0.026824951
vt 0.3527832 0.026824951
vt 0.027618408 0.6738281
vt 0.3527832 0.6738281
vt 0.027618408 0.6738281
vt 0.3527832 0.026824951
vt 0.020187378 0.026824951
vt 0.42456055 0.026824951
vt 0.027618408 0.6738281
vt 0.42456055 0.6738281
vt 0.027618408 0.6738281
vt 0.42456055 0.026824951
vt 0.020187378 0.026824951
vt 0.42456055 0.026824951
vt 0.027618408 0.6738281
vt 0.42456055 0.6738281
vt 0.027618408 0.6738281
vt 0.42456055 0.026824951
vt 0.027618408 0.9609375
vt 0.027618408 0.6738281
vt 0.027618408 0.6738281
vt 0.027618408 0.9609375
vt 0.027618408 0.6738281
vt 0.027618408 0.6738281
vt 0.027618408 0.9609375
vt 0.027618408 0.6738281
vt 0.027618408 0.6738281
vt 0.027618408 0.9609375
vt 0.027618408 0.6738281
vt 0.027618408 0.6738281
vt 0.0016212463 0.9609375
vt 0.01259613 0.6533203
vt 0.0016212463 0.6533203
vt 0.010345459 0.9609375
vt 0.01259613 0.6533203
vt 0.0019350052 0.6533203
vt 0.011741638 0.9609375
vt 0.01259613 0.6533203
vt 0.0019006729 0.6533203
vt 0.019012451 0.9609375
vt 0.022155762 0.6533203
vt 0.0021038055 0.6533203
vt 0.0019426346 0.026824951
vt 0.0016212463 0.6533203
vt 0.020187378 0.026824951
vt 0.01259613 0.6533203
vt 0.020187378 0.026824951
vt 0.0016212463 0.6533203
vt 0.0019426346 0.026824951
vt 0.0019350052 0.6533203
vt 0.020187378 0.026824951
vt 0.01259613 0.6533203
vt 0.020187378 0.026824951
vt 0.0019350052 0.6533203
vt 0.0019426346 0.026824951
vt 0.0019006729 0.6533203
vt 0.020187378 0.026824951
vt 0.01259613 0.6533203
vt 0.020187378 0.026824951
vt 0.0019006729 0.6533203
vt 0.0019426346 0.026824951
vt 0.0021038055 0.6533203
vt 0.020187378 0.026824951
vt 0.022155762 0.6533203
vt 0.020187378 0.026824951
vt 0.0021038055 0.6533203
vt 0.01259613 0.6533203
vt 0.010345459 0.9609375
vt 0.3720703 0.6533203
vt 0.3720703 0.9609375
vt 0.3720703 0.6533203
vt 0.010345459 0.9609375
vt 0.022155762 0.6533203
vt 0.019012451 0.9609375
vt 0.45874023 0.6533203
vt 0.4633789 0.9609375
vt 0.45874023 0.6533203
vt 0.019012451 0.9609375
vt 0.01259613 0.6533203
vt 0.0016212463 0.9609375
vt 0.4555664 0.9609375
vt 0.01259613 0.6533203
vt 0.4555664 0.9609375
vt 0.4482422 0.6533203
vt 0.0016212463 0.9609375
vt 0.01259613 0.6533203
vt 0.0016212463 0.6533203
vt 0.010345459 0.9609375
vt 0.01259613 0.6533203
vt 0.0019350052 0.6533203
vt 0.011741638 0.9609375
vt 0.01259613 0.6533203
vt 0.0019006729 0.6533203
vt 0.019012451 0.9609375
vt 0.022155762 0.6533203
vt 0.0021038055 0.6533203
vt 0.0019426346 0.026824951
vt 0.0016212463 0.6533203
vt 0.020187378 0.026824951
vt 0.01259613 0.6533203
vt 0.020187378 0.026824951
vt 0.0016212463 0.6533203
vt 0.0019426346 0.026824951
vt 0.0019350052 0.6533203
vt 0.020187378 0.026824951
vt 0.01259613 0.6533203
vt 0.020187378 0.026824951
vt 0.0019350052 0.6533203
vt 0.0019426346 0.026824951
vt 0.0019006729 0.6533203
vt 0.020187378 0.026824951
vt 0.01259613 0.6533203
vt 0.020187378 0.026824951
vt 0.0019006729 0.6533203
vt 0.0019426346 0.026824951
vt 0.0021038055 0.6533203
vt 0.020187378 0.026824951
vt 0.022155762 0.6533203
vt 0.020187378 0.026824951
vt 0.0021038055 0.6533203
vt 0.01259613 0.6533203
vt 0.010345459 0.9609375
vt 0.3720703 0.6533203
vt 0.3720703 0.9609375
vt 0.3720703 0.6533203
vt 0.010345459 0.9609375
vt 0.022155762 0.6533203
vt 0.019012451 0.9609375
vt 0.45874023 0.6533203
vt 0.4633789 0.9609375
vt 0.45874023 0.6533203
vt 0.019012451 0.9609375
vt 0.01259613 0.6533203
vt 0.0016212463 0.9609375
vt 0.4555664 0.9609375
vt 0.01259613 0.6533203
vt 0.4555664 0.9609375
vt 0.4482422 0.6533203
vt 0.0016212463 0.9609375
vt 0.01259613 0.6533203
vt 0.0016212463 0.6533203
vt 0.010345459 0.9609375
vt 0.01259613 0.6533203
vt 0.0019350052 0.6533203
vt 0.011741638 0.9609375
vt 0.01259613 0.6533203
vt 0.0019006729 0.6533203
vt 0.019012451 0.9609375
vt 0.022155762 0.6533203
vt 0.0021038055 0.6533203
vt 0.01259613 0.6533203
vt 0.010345459 0.9609375
vt 0.3720703 0.6533203
vt 0.3720703 0.9609375
vt 0.3720703 0.6533203
vt 0.010345459 0.9609375
vt 0.022155762 0.6533203
vt 0.019012451 0.9609375
vt 0.45874023 0.6533203
vt 0.4633789 0.9609375
vt 0.45874023 0.6533203
vt 0.019012451 0.9609375
vt 0.01259613 0.6533203
vt 0.0016212463 0.9609375
vt 0.4482422 0.6533203
vt 0.4555664 0.9609375
vt 0.4482422 0.6533203
vt 0.0016212463 0.9609375
vt 0.020187378 0.026824951
vt 0.01259613 0.6533203
vt 0.3720703 0.026824951
vt 0.3720703 0.6533203
vt 0.3720703 0.026824951
vt 0.01259613 0.6533203
vt 0.020187378 0.026824951
vt 0.01259613 0.6533203
vt 0.44433594 0.026824951
vt 0.4482422 0.6533203
vt 0.44433594 0.026824951
vt 0.01259613 0.6533203
vt 0.018920898 0.9404297
vt 0.018920898 0.61035156
vt 0.018920898 0.61035156
vt 0.018920898 0.9404297
vt 0.018920898 0.61035156
vt 0.018920898 0.61035156
vt 0.018920898 0.9404297
vt 0.018920898 0.61035156
vt 0.018920898 0.61035156
vt 0.018920898 0.9404297
vt 0.018920898 0.61035156
vt 0.018920898 0.61035156
vt 0.0019426346 0.026824951
vt 0.0016212463 0.6533203
vt 0.020187378 0.026824951
vt 0.01259613 0.6533203
vt 0.0019426346 0.026824951
vt 0.0019350052 0.6533203
vt 0.020187378 0.026824951
vt 0.01259613 0.6533203
vt 0.0019426346 0.026824951
vt 0.0019006729 0.6533203
vt 0.020187378 0.026824951
vt 0.01259613 0.6533203
vt 0.0019426346 0.026824951
vt 0.0021038055 0.6533203
vt 0.020187378 0.026824951
vt 0.022155762 0.6533203
vt 0.022155762 0.6533203
vt 0.019012451 0.9609375
vt 0.45874023 0.6533203
vt 0.4633789 0.9609375
vt 0.01259613 0.6533203
vt 0.011741638 0.9609375
vt 0.37182617 0.6533203
vt 0.37841797 0.9609375
vt 0.020187378 0.026824951
vt 0.022155762 0.6533203
vt 0.45825195 0.026824951
vt 0.45874023 0.6533203
vt 0.020187378 0.026824951
vt 0.01259613 0.6533203
vt 0.36987305 0.026824951
vt 0.37182617 0.6533203
vt 0.01259613 0.6533203
vt 0.011741638 0.9609375
vt 0.37182617 0.6533203
vt 0.37841797 0.9609375
vt 0.020187378 0.026824951
vt 0.01259613 0.6533203
vt 0.3720703 0.026824951
vt 0.3720703 0.6533203
vt 0.020187378 0.026824951
vt 0.022155762 0.6533203
vt 0.45825195 0.026824951
vt 0.45874023 0.6533203
vt 0.020187378 0.026824951
vt 0.01259613 0.6533203
vt 0.36987305 0.026824951
vt 0.37182617 0.6533203
vt 0.020187378 0.026824951
vt 0.01259613 0.6533203
vt 0.44433594 0.026824951
vt 0.4482422 0.6533203
vt 0.0019426346 0.026824951
vt 0.0016212463 0.6533203
vt 0.020187378 0.026824951
vt 0.01259613 0.6533203
vt 0.0019426346 0.026824951
vt 0.0019350052 0.6533203
vt 0.020187378 0.026824951
vt 0.01259613 0.6533203
vt 0.0019426346 0.026824951
vt 0.0019006729 0.6533203
vt 0.020187378 0.026824951
vt 0.01259613 0.6533203
vt 0.0019426346 0.026824951
vt 0.0021038055 0.6533203
vt 0.020187378 0.026824951
vt 0.022155762 0.6533203
vt 0.022155762 0.6533203
vt 0.019012451 0.9609375
vt 0.45874023 0.6533203
vt 0.4633789 0.9609375
vt 0.01259613 0.6533203
vt 0.011741638 0.9609375
vt 0.37182617 0.6533203
vt 0.37841797 0.9609375
vt 0.020187378 0.026824951
vt 0.022155762 0.6533203
vt 0.45825195 0.026824951
vt 0.45874023 0.6533203
vt 0.020187378 0.026824951
vt 0.01259613 0.6533203
vt 0.36987305 0.026824951
vt 0.37182617 0.6533203
vt 0.0019426346 0.026824951
vt 0.0016212463 0.6533203
vt 0.020187378 0.026824951
vt 0.01259613 0.6533203
vt 0.0019426346 0.026824951
vt 0.0019350052 0.6533203
vt 0.020187378 0.026824951
vt 0.01259613 0.6533203
vt 0.0019426346 0.026824951
vt 0.0019006729 0.6533203
vt 0.020187378 0.026824951
vt 0.01259613 0.6533203
vt 0.0019426346 0.026824951
vt 0.0021038055 0.6533203
vt 0.020187378 0.026824951
vt 0.022155762 0.6533203
vt 0.01259613 0.6533203
vt 0.011741638 0.9609375
vt 0.37182617 0.6533203
vt 0.37841797 0.9609375
vt 0.020187378 0.026824951
vt 0.022155762 0.6533203
vt 0.45825195 0.026824951
vt 0.45874023 0.6533203
vt 0.020187378 0.026824951
vt 0.01259613 0.6533203
vt 0.36987305 0.026824951
vt 0.37182617 0.6533203
vt 0.0019426346 0.026824951
vt 0.0016212463 0.6533203
vt 0.020187378 0.026824951
vt 0.01259613 0.6533203
vt 0.0019426346 0.026824951
vt 0.0019350052 0.6533203
vt 0.020187378 0.026824951
vt 0.01259613 0.6533203
vt 0.0019426346 0.026824951
vt 0.0019006729 0.6533203
vt 0.020187378 0.026824951
vt 0.01259613 0.6533203
vt 0.0019426346 0.026824951
vt 0.0021038055 0.6533203
vt 0.020187378 0.026824951
vt 0.022155762 0.6533203
vt 0.022155762 0.6533203
vt 0.019012451 0.9609375
vt 0.45874023 0.6533203
vt 0.4633789 0.9609375
vt 0.01259613 0.6533203
vt 0.011741638 0.9609375
vt 0.37182617 0.6533203
vt 0.37841797 0.9609375
vt 0.020187378 0.026824951
vt 0.022155762 0.6533203
vt 0.45825195 0.026824951
vt 0.45874023 0.6533203
vt 0.020187378 0.026824951
vt 0.01259613 0.6533203
vt 0.36987305 0.026824951
vt 0.37182617 0.6533203
vt 0.020187378 0.026824951
vt 0.01259613 0.6533203
vt 0.44433594 0.026824951
vt 0.4482422 0.6533203
vt 0.01259613 0.6533203
vt 0.011741638 0.9609375
vt 0.37182617 0.6533203
vt 0.37841797 0.9609375
vt 0.020187378 0.026824951
vt 0.01259613 0.6533203
vt 0.3720703 0.026824951
vt 0.3720703 0.6533203
vt 0.020187378 0.026824951
vt 0.022155762 0.6533203
vt 0.45825195 0.026824951
vt 0.45874023 0.6533203
vt 0.020187378 0.026824951
vt 0.01259613 0.6533203
vt 0.36987305 0.026824951
vt 0.37182617 0.6533203
vt 0.020187378 0.026824951
vt 0.01259613 0.6533203
vt 0.44433594 0.026824951
vt 0.4482422 0.6533203
vt 0.027618408 0.9609375
vt 0.027618408 0.6738281
vt 0.027618408 0.6738281
vt 0.020187378 0.026824951
vt 0.020187378 0.026824951
vt 0.027618408 0.9609375
vt 0.027618408 0.6738281
vt 0.027618408 0.6738281
vt 0.020187378 0.026824951
vt 0.020187378 0.026824951
vt 0.020187378 0.026824951
vt 0.020187378 0.026824951
vt 0.027618408 0.6738281
vt 0.027618408 0.6738281
vt 0.020187378 0.026824951
vt 0.020187378 0.026824951
vt 0.027618408 0.6738281
vt 0.027618408 0.6738281
vt 0.027618408 0.6738281
vt 0.3527832 0.6738281
vt 0.027618408 0.9609375
vt 0.3527832 0.9609375
vt 0.027618408 0.6738281
vt 0.42456055 0.6738281
vt 0.027618408 0.9609375
vt 0.42456055 0.9609375
vt 0.3527832 0.9609375
vt 0.027618408 0.9609375
vt 0.3527832 0.6738281
vt 0.027618408 0.6738281
vt 0.3527832 0.026824951
vt 0.020187378 0.026824951
vt 0.027618408 0.6738281
vt 0.42456055 0.6738281
vt 0.027618408 0.9609375
vt 0.42456055 0.9609375
vt 0.020187378 0.026824951
vt 0.3527832 0.026824951
vt 0.027618408 0.6738281
vt 0.3527832 0.6738281
vt 0.020187378 0.026824951
vt 0.42456055 0.026824951
vt 0.027618408 0.6738281
vt 0.42456055 0.6738281
vt 0.020187378 0.026824951
vt 0.42456055 0.026824951
vt 0.027618408 0.6738281
vt 0.42456055 0.6738281
vt 0.020187378 0.026824951
vt 0.020187378 0.026824951
vt 0.027618408 0.6738281
vt 0.027618408 0.6738281
vt 0.020187378 0.026824951
vt 0.020187378 0.026824951
vt 0.027618408 0.6738281
vt 0.027618408 0.6738281
vt 0.020187378 0.026824951
vt 0.020187378 0.026824951
vt 0.027618408 0.6738281
vt 0.027618408 0.6738281
vt 0.020187378 0.026824951
vt 0.020187378 0.026824951
vt 0.027618408 0.6738281
vt 0.027618408 0.6738281
vt 0.027618408 0.6738281
vt 0.3527832 0.6738281
vt 0.027618408 0.9609375
vt 0.3527832 0.9609375
vt 0.027618408 0.6738281
vt 0.42456055 0.6738281
vt 0.027618408 0.9609375
vt 0.42456055 0.9609375
vt 0.027618408 0.6738281
vt 0.3527832 0.6738281
vt 0.027618408 0.9609375
vt 0.3527832 0.9609375
vt 0.027618408 0.6738281
vt 0.42456055 0.6738281
vt 0.027618408 0.9609375
vt 0.42456055 0.9609375
vt 0.020187378 0.026824951
vt 0.3527832 0.026824951
vt 0.027618408 0.6738281
vt 0.3527832 0.6738281
vt 0.020187378 0.026824951
vt 0.42456055 0.026824951
vt 0.027618408 0.6738281
vt 0.42456055 0.6738281
vt 0.020187378 0.026824951
vt 0.3527832 0.026824951
vt 0.027618408 0.6738281
vt 0.3527832 0.6738281
vt 0.020187378 0.026824951
vt 0.42456055 0.026824951
vt 0.027618408 0.6738281
vt 0.42456055 0.6738281
vt 0.0019426346 0.026824951
vt 0.0019426346 0.026824951
vt 0.018920898 0.6533203
vt 0.018920898 0.6533203
vt 0.0019426346 0.026824951
vt 0.0019426346 0.026824951
vt 0.018920898 0.6533203
vt 0.018920898 0.6533203
vt 0.0019426346 0.026824951
vt 0.0019426346 0.026824951
vt 0.018920898 0.6533203
vt 0.018920898 0.6533203
vt 0.0019426346 0.026824951
vt 0.0019426346 0.026824951
vt 0.018920898 0.6533203
vt 0.018920898 0.6533203
vt 0.018920898 0.6533203
vt 0.54833984 0.6533203
vt 0.018920898 0.9609375
vt 0.54833984 0.9609375
vt 0.018920898 0.6533203
vt 0.66552734 0.6533203
vt 0.018920898 0.9609375
vt 0.66552734 0.9609375
vt 0.018920898 0.6533203
vt 0.35668945 0.6533203
vt 0.018920898 0.9609375
vt 0.35668945 0.9609375
vt 0.018920898 0.6533203
vt 0.66552734 0.6533203
vt 0.018920898 0.9609375
vt 0.66552734 0.9609375
vt 0.0019426346 0.026824951
vt 0.54833984 0.026824951
vt 0.018920898 0.6533203
vt 0.54833984 0.6533203
vt 0.0019426346 0.026824951
vt 0.66552734 0.026824951
vt 0.018920898 0.6533203
vt 0.66552734 0.6533203
vt 0.0019426346 0.026824951
vt 0.35668945 0.026824951
vt 0.018920898 0.6533203
vt 0.35668945 0.6533203
vt 0.0019426346 0.026824951
vt 0.66552734 0.026824951
vt 0.018920898 0.6533203
vt 0.66552734 0.6533203
vt 0.020187378 0.026824951
vt 0.020187378 0.026824951
vt 0.027618408 0.6738281
vt 0.027618408 0.6738281
vt 0.020187378 0.026824951
vt 0.020187378 0.026824951
vt 0.027618408 0.6738281
vt 0.027618408 0.6738281
vt 0.020187378 0.026824951
vt 0.020187378 0.026824951
vt 0.027618408 0.6738281
vt 0.027618408 0.6738281
vt 0.020187378 0.026824951
vt 0.020187378 0.026824951
vt 0.027618408 0.6738281
vt 0.027618408 0.6738281
vt 0.027618408 0.6738281
vt 0.3527832 0.6738281
vt 0.027618408 0.9609375
vt 0.3527832 0.9609375
vt 0.027618408 0.6738281
vt 0.42456055 0.6738281
vt 0.027618408 0.9609375
vt 0.42456055 0.9609375
vt 0.027618408 0.6738281
vt 0.3527832 0.6738281
vt 0.027618408 0.9609375
vt 0.3527832 0.9609375
vt 0.027618408 0.6738281
vt 0.42456055 0.6738281
vt 0.027618408 0.9609375
vt 0.42456055 0.9609375
vt 0.020187378 0.026824951
vt 0.3527832 0.026824951
vt 0.027618408 0.6738281
vt 0.3527832 0.6738281
vt 0.020187378 0.026824951
vt 0.42456055 0.026824951
vt 0.027618408 0.6738281
vt 0.42456055 0.6738281
vt 0.020187378 0.026824951
vt 0.3527832 0.026824951
vt 0.027618408 0.6738281
vt 0.3527832 0.6738281
vt 0.020187378 0.026824951
vt 0.42456055 0.026824951
vt 0.027618408 0.6738281
vt 0.42456055 0.6738281
vt 0.020187378 0.026824951
vt 0.020187378 0.026824951
vt 0.027618408 0.6738281
vt 0.027618408 0.6738281
vt 0.020187378 0.026824951
vt 0.020187378 0.026824951
vt 0.027618408 0.6738281
vt 0.027618408 0.6738281
vt 0.020187378 0.026824951
vt 0.020187378 0.026824951
vt 0.027618408 0.6738281
vt 0.027618408 0.6738281
vt 0.020187378 0.026824951
vt 0.020187378 0.026824951
vt 0.027618408 0.6738281
vt 0.027618408 0.6738281
vt 0.027618408 0.6738281
vt 0.17150879 0.6738281
vt 0.027618408 0.9609375
vt 0.17150879 0.9609375
vt 0.027618408 0.6738281
vt 0.37060547 0.6738281
vt 0.027618408 0.9609375
vt 0.37060547 0.9609375
vt 0.027618408 0.6738281
vt 0.20471191 0.6738281
vt 0.027618408 0.9609375
vt 0.20471191 0.9609375
vt 0.020187378 0.026824951
vt 0.17150879 0.026824951
vt 0.027618408 0.6738281
vt 0.17150879 0.6738281
vt 0.020187378 0.026824951
vt 0.37060547 0.026824951
vt 0.027618408 0.6738281
vt 0.37060547 0.6738281
vt 0.0019426346 0.026824951
vt 0.018920898 0.61035156
vt 0.0019426346 0.026824951
vt 0.018920898 0.61035156
vt 0.0019426346 0.026824951
vt 0.018920898 0.61035156
vt 0.0019426346 0.026824951
vt 0.018920898 0.61035156
vt 0.0019426346 0.026824951
vt 0.018920898 0.61035156
vt 0.0019426346 0.026824951
vt 0.018920898 0.61035156
vt 0.0019426346 0.026824951
vt 0.018920898 0.61035156
vt 0.0019426346 0.026824951
vt 0.018920898 0.61035156
vt 0.018920898 0.61035156
vt 0.018920898 0.9609375
vt 0.42895508 0.61035156
vt 0.42895508 0.9609375
vt 0.018920898 0.61035156
vt 0.018920898 0.9609375
vt 0.42895508 0.61035156
vt 0.42895508 0.9609375
vt 0.018920898 0.61035156
vt 0.018920898 0.9609375
vt 0.42895508 0.61035156
vt 0.42895508 0.9609375
vt 0.018920898 0.61035156
vt 0.018920898 0.9609375
vt 0.42895508 0.61035156
vt 0.42895508 0.9609375
vt 0.0019426346 0.026824951
vt 0.018920898 0.61035156
vt 0.42895508 0.026824951
vt 0.42895508 0.61035156
vt 0.0019426346 0.026824951
vt 0.018920898 0.61035156
vt 0.42895508 0.026824951
vt 0.42895508 0.61035156
vt 0.0019426346 0.026824951
vt 0.018920898 0.61035156
vt 0.42895508 0.026824951
vt 0.42895508 0.61035156
vt 0.0019426346 0.026824951
vt 0.018920898 0.61035156
vt 0.42895508 0.026824951
vt 0.42895508 0.61035156
vt 0.020187378 0.026824951
vt 0.020187378 0.026824951
vt 0.027618408 0.6738281
vt 0.027618408 0.6738281
vt 0.020187378 0.026824951
vt 0.020187378 0.026824951
vt 0.027618408 0.6738281
vt 0.027618408 0.6738281
vt 0.027618408 0.6738281
vt 0.3527832 0.6738281
vt 0.027618408 0.9609375
vt 0.3527832 0.9609375
vt 0.027618408 0.6738281
vt 0.42456055 0.6738281
vt 0.027618408 0.9609375
vt 0.42456055 0.9609375
vt 0.027618408 0.6738281
vt 0.42456055 0.6738281
vt 0.027618408 0.9609375
vt 0.42456055 0.9609375
vt 0.020187378 0.026824951
vt 0.3527832 0.026824951
vt 0.027618408 0.6738281
vt 0.3527832 0.6738281
vt 0.027618408 0.9609375
vt 0.027618408 0.6738281
vt 0.027618408 0.6738281
vt 0.020187378 0.026824951
vt 0.020187378 0.026824951
vt 0.027618408 0.9609375
vt 0.027618408 0.6738281
vt 0.027618408 0.6738281
vt 0.020187378 0.026824951
vt 0.020187378 0.026824951
vt 0.020187378 0.026824951
vt 0.020187378 0.026824951
vt 0.027618408 0.6738281
vt 0.027618408 0.6738281
vt 0.020187378 0.026824951
vt 0.020187378 0.026824951
vt 0.027618408 0.6738281
vt 0.027618408 0.6738281
vt 0.027618408 0.6738281
vt 0.3527832 0.6738281
vt 0.027618408 0.9609375
vt 0.3527832 0.9609375
vt 0.027618408 0.6738281
vt 0.42456055 0.6738281
vt 0.027618408 0.9609375
vt 0.42456055 0.9609375
vt 0.3527832 0.9609375
vt 0.027618408 0.9609375
vt 0.3527832 0.6738281
vt 0.027618408 0.6738281
vt 0.3527832 0.026824951
vt 0.020187378 0.026824951
vt 0.027618408 0.6738281
vt 0.42456055 0.6738281
vt 0.027618408 0.9609375
vt 0.42456055 0.9609375
vt 0.020187378 0.026824951
vt 0.3527832 0.026824951
vt 0.027618408 0.6738281
vt 0.3527832 0.6738281
vt 0.020187378 0.026824951
vt 0.42456055 0.026824951
vt 0.027618408 0.6738281
vt 0.42456055 0.6738281
vt 0.020187378 0.026824951
vt 0.42456055 0.026824951
vt 0.027618408 0.6738281
vt 0.42456055 0.6738281
vt 0.0019426346 0.026824951
vt 0.0016212463 0.6533203
vt 0.020187378 0.026824951
vt 0.01259613 0.6533203
vt 0.0019426346 0.026824951
vt 0.0019350052 0.6533203
vt 0.020187378 0.026824951
vt 0.01259613 0.6533203
vt 0.0019426346 0.026824951
vt 0.0019006729 0.6533203
vt 0.020187378 0.026824951
vt 0.01259613 0.6533203
vt 0.0019426346 0.026824951
vt 0.0021038055 0.6533203
vt 0.020187378 0.026824951
vt 0.022155762 0.6533203
vt 0.01259613 0.6533203
vt 0.011741638 0.9609375
vt 0.37182617 0.6533203
vt 0.37841797 0.9609375
vt 0.020187378 0.026824951
vt 0.022155762 0.6533203
vt 0.45825195 0.026824951
vt 0.45874023 0.6533203
vt 0.020187378 0.026824951
vt 0.01259613 0.6533203
vt 0.36987305 0.026824951
vt 0.37182617 0.6533203
vt 0.020187378 0.026824951
vt 0.020187378 0.026824951
vt 0.027618408 0.6738281
vt 0.027618408 0.6738281
vt 0.020187378 0.026824951
vt 0.020187378 0.026824951
vt 0.027618408 0.6738281
vt 0.027618408 0.6738281
vt 0.027618408 0.6738281
vt 0.3527832 0.6738281
vt 0.027618408 0.9609375
vt 0.3527832 0.9609375
vt 0.027618408 0.6738281
vt 0.42456055 0.6738281
vt 0.027618408 0.9609375
vt 0.42456055 0.9609375
vt 0.027618408 0.6738281
vt 0.42456055 0.6738281
vt 0.027618408 0.9609375
vt 0.42456055 0.9609375
vt 0.020187378 0.026824951
vt 0.3527832 0.026824951
vt 0.027618408 0.6738281
vt 0.3527832 0.6738281
vt 0.027618408 0.9609375
vt 0.027618408 0.6738281
vt 0.027618408 0.6738281
vt 0.020187378 0.026824951
vt 0.020187378 0.026824951
vt 0.027618408 0.9609375
vt 0.027618408 0.6738281
vt 0.027618408 0.6738281
vt 0.020187378 0.026824951
vt 0.020187378 0.026824951
vt 0.020187378 0.026824951
vt 0.020187378 0.026824951
vt 0.027618408 0.6738281
vt 0.027618408 0.6738281
vt 0.020187378 0.026824951
vt 0.020187378 0.026824951
vt 0.027618408 0.6738281
vt 0.027618408 0.6738281
vt 0.027618408 0.6738281
vt 0.3527832 0.6738281
vt 0.027618408 0.9609375
vt 0.3527832 0.9609375
vt 0.027618408 0.6738281
vt 0.42456055 0.6738281
vt 0.027618408 0.9609375
vt 0.42456055 0.9609375
vt 0.3527832 0.9609375
vt 0.027618408 0.9609375
vt 0.3527832 0.6738281
vt 0.027618408 0.6738281
vt 0.3527832 0.026824951
vt 0.020187378 0.026824951
vt 0.027618408 0.6738281
vt 0.42456055 0.6738281
vt 0.027618408 0.9609375
vt 0.42456055 0.9609375
vt 0.020187378 0.026824951
vt 0.3527832 0.026824951
vt 0.027618408 0.6738281
vt 0.3527832 0.6738281
vt 0.020187378 0.026824951
vt 0.42456055 0.026824951
vt 0.027618408 0.6738281
vt 0.42456055 0.6738281
vt 0.020187378 0.026824951
vt 0.42456055 0.026824951
vt 0.027618408 0.6738281
vt 0.42456055 0.6738281
vt 0.027618408 0.9609375
vt 0.027618408 0.6738281
vt 0.027618408 0.6738281
vt 0.020187378 0.026824951
vt 0.020187378 0.026824951
vt 0.027618408 0.9609375
vt 0.027618408 0.6738281
vt 0.027618408 0.6738281
vt 0.020187378 0.026824951
vt 0.020187378 0.026824951
vt 0.020187378 0.026824951
vt 0.020187378 0.026824951
vt 0.027618408 0.6738281
vt 0.027618408 0.6738281
vt 0.020187378 0.026824951
vt 0.020187378 0.026824951
vt 0.027618408 0.6738281
vt 0.027618408 0.6738281
vt 0.027618408 0.6738281
vt 0.3527832 0.6738281
vt 0.027618408 0.9609375
vt 0.3527832 0.9609375
vt 0.027618408 0.6738281
vt 0.42456055 0.6738281
vt 0.027618408 0.9609375
vt 0.42456055 0.9609375
vt 0.3527832 0.9609375
vt 0.027618408 0.9609375
vt 0.3527832 0.6738281
vt 0.027618408 0.6738281
vt 0.3527832 0.026824951
vt 0.020187378 0.026824951
vt 0.027618408 0.6738281
vt 0.42456055 0.6738281
vt 0.027618408 0.9609375
vt 0.42456055 0.9609375
vt 0.020187378 0.026824951
vt 0.3527832 0.026824951
vt 0.027618408 0.6738281
vt 0.3527832 0.6738281
vt 0.020187378 0.026824951
vt 0.42456055 0.026824951
vt 0.027618408 0.6738281
vt 0.42456055 0.6738281
vt 0.020187378 0.026824951
vt 0.42456055 0.026824951
vt 0.027618408 0.6738281
vt 0.42456055 0.6738281
vt 0.01259613 0.6533203
vt 0.011741638 0.9609375
vt 0.37182617 0.6533203
vt 0.37841797 0.9609375
vt 0.020187378 0.026824951
vt 0.01259613 0.6533203
vt 0.3720703 0.026824951
vt 0.3720703 0.6533203
vt 0.020187378 0.026824951
vt 0.022155762 0.6533203
vt 0.45825195 0.026824951
vt 0.45874023 0.6533203
vt 0.020187378 0.026824951
vt 0.01259613 0.6533203
vt 0.36987305 0.026824951
vt 0.37182617 0.6533203
vt 0.020187378 0.026824951
vt 0.01259613 0.6533203
vt 0.44433594 0.026824951
vt 0.4482422 0.6533203
vt 0.01259613 0.6533203
vt 0.011741638 0.9609375
vt 0.37182617 0.6533203
vt 0.37841797 0.9609375
vt 0.020187378 0.026824951
vt 0.01259613 0.6533203
vt 0.3720703 0.026824951
vt 0.3720703 0.6533203
vt 0.020187378 0.026824951
vt 0.022155762 0.6533203
vt 0.45825195 0.026824951
vt 0.45874023 0.6533203
vt 0.020187378 0.026824951
vt 0.01259613 0.6533203
vt 0.36987305 0.026824951
vt 0.37182617 0.6533203
vt 0.020187378 0.026824951
vt 0.01259613 0.6533203
vt 0.44433594 0.026824951
vt 0.4482422 0.6533203
vt 0.0019426346 0.026824951
vt 0.0016212463 0.6533203
vt 0.020187378 0.026824951
vt 0.01259613 0.6533203
vt 0.0019426346 0.026824951
vt 0.0019350052 0.6533203
vt 0.020187378 0.026824951
vt 0.01259613 0.6533203
vt 0.0019426346 0.026824951
vt 0.0019006729 0.6533203
vt 0.020187378 0.026824951
vt 0.01259613 0.6533203
vt 0.0019426346 0.026824951
vt 0.0021038055 0.6533203
vt 0.020187378 0.026824951
vt 0.022155762 0.6533203
vt 0.01259613 0.6533203
vt 0.011741638 0.9609375
vt 0.37182617 0.6533203
vt 0.37841797 0.9609375
vt 0.020187378 0.026824951
vt 0.022155762 0.6533203
vt 0.45825195 0.026824951
vt 0.45874023 0.6533203
vt 0.020187378 0.026824951
vt 0.01259613 0.6533203
vt 0.36987305 0.026824951
vt 0.37182617 0.6533203
vt 0.018920898 0.006668091
vt 0.018920898 0.61035156
vt 0.018920898 0.006668091
vt 0.018920898 0.61035156
vt 0.018920898 0.006668091
vt 0.018920898 0.61035156
vt 0.018920898 0.006668091
vt 0.018920898 0.61035156
vt 0.018920898 0.006668091
vt 0.018920898 0.61035156
vt 0.018920898 0.006668091
vt 0.018920898 0.61035156
vt 0.018920898 0.006668091
vt 0.018920898 0.61035156
vt 0.018920898 0.006668091
vt 0.018920898 0.61035156
vt 0.25195312 0.9404297
vt 0.25195312 0.61035156
vt 0.018920898 0.9404297
vt 0.018920898 0.61035156
vt 0.25195312 0.006668091
vt 0.018920898 0.006668091
vt 0.018920898 0.61035156
vt 0.018920898 0.9404297
vt 0.31054688 0.61035156
vt 0.3137207 0.9404297
vt 0.25634766 0.9404297
vt 0.25170898 0.61035156
vt 0.018920898 0.9404297
vt 0.018920898 0.61035156
vt 0.25048828 0.006668091
vt 0.018920898 0.006668091
vt 0.018920898 0.61035156
vt 0.018920898 0.9404297
vt 0.3034668 0.61035156
vt 0.3083496 0.9404297
vt 0.018920898 0.006668091
vt 0.018920898 0.61035156
vt 0.31030273 0.006668091
vt 0.31054688 0.61035156
vt 0.018920898 0.006668091
vt 0.018920898 0.61035156
vt 0.3010254 0.006668091
vt 0.3034668 0.61035156
vt 2.6328125 12.2265625
vt 2.5839844 13.375
vt 3.2890625 12.25
vt 3.2402344 13.3984375
vt 3.1054688 10.3671875
vt 2.6933594 10.3515625
vt 3.0957031 10.6328125
vt 2.6835938 10.6171875
vt 2.5390625 14.5234375
vt 3.6210938 14.5625
vt 2.5566406 13.6796875
vt 3.640625 13.71875
vt 4.7382812 11.3203125
vt 4.5976562 12
vt 5.3945312 11.453125
vt 5.2539062 12.140625
vt 4.4726562 13.1796875
vt 3.9941406 13.1953125
vt 4.5 13.71875
vt 4.0195312 13.7421875
vt 4.9882812 13.03125
vt 5.3984375 13.015625
vt 4.9570312 12.7265625
vt 5.3671875 12.7109375
vt 3.796875 13.2421875
vt 3.7246094 12.7109375
vt 3.2148438 13.3125
vt 3.1347656 12.78125
vt 3.8808594 12.15625
vt 3.7460938 12.5546875
vt 4.4882812 12.34375
vt 4.3515625 12.75
vt 3.640625 10.625
vt 2.4550781 10.609375
vt 3.5878906 11.765625
vt 2.4023438 11.75
vt 4.71875 12.328125
vt 4.5898438 12.65625
vt 5.0234375 12.453125
vt 4.8984375 12.78125
vt 4.6054688 12.703125
vt 4.6171875 13.0390625
vt 5.0390625 12.71875
vt 5.0507812 13.046875
vt 5.6367188 13.0546875
vt 5.5976562 12.6640625
vt 5.3398438 13.078125
vt 5.3007812 12.6875
vt 3.7402344 11.078125
vt 3.5292969 11.1015625
vt 3.7851562 11.453125
vt 3.5820312 11.46875
vt 5.1914062 11.9609375
vt 5.5703125 12.03125
vt 5.2773438 11.4765625
vt 5.6601562 11.5390625
vt 3.8222656 12.125
vt 3.2109375 12.15625
vt 3.9082031 12.8359375
vt 3.296875 12.8671875
vt 4.4609375 13.1953125
vt 4.4179688 13.7109375
vt 4.84375 13.234375
vt 4.7851562 13.734375
vt 4.953125 12.78125
vt 5.3164062 12.765625
vt 4.9492188 12.3515625
vt 5.3203125 12.328125
vt 3.7539062 12.9921875
vt 4.1445312 13.1015625
vt 3.8867188 12.5390625
vt 4.2851562 12.640625
vt 5.8710938 13.6953125
vt 5.8398438 13.2890625
vt 5.6054688 13.71875
vt 5.5742188 13.3046875
vt 5.2304688 11.8828125
vt 5.125 12.2578125
vt 5.484375 11.96875
vt 5.375 12.3359375
vt 4.171875 13.046875
vt 4.6679688 13.03125
vt 4.171875 12.671875
vt 4.6640625 12.65625
vt 7.8984375 9.421875
vt 7.9335938 10.359375
vt 9.640625 9.34375
vt 9.671875 10.2890625
vn 0.93896484 0.08496094 0.33398438
vn 0.93896484 0.08496094 0.33398438
vn 0.93896484 0.08496094 0.33398438
vn 0.93896484 0.08496094 0.33398438
vn 0.93896484 0.08496094 0.33398438
vn 0.93896484 0.08496094 0.33398438
vn 0.67871094 -0.6699219 0.3010254
vn 0.67871094 -0.6699219 0.3010254
vn 0.67871094 -0.6699219 0.3010254
vn -0.20092773 -0.6694336 0.71484375
vn -0.20092773 -0.6694336 0.71484375
vn -0.20092773 -0.6694336 0.71484375
vn 0.26611328 -0.77685547 -0.5703125
vn 0.26611328 -0.77685547 -0.5703125
vn 0.26611328 -0.77685547 -0.5703125
vn -0.6098633 -0.77685547 -0.15795898
vn -0.6098633 -0.77685547 -0.15795898
vn -0.6098633 -0.77685547 -0.15795898
vn 0.6972656 0.12286377 0.7060547
vn 0.6972656 0.12286377 0.7060547
vn 0.6972656 0.12286377 0.7060547
vn 0.6972656 0.12286377 0.7060547
vn 0.6972656 0.12286377 0.7060547
vn 0.6972656 0.12286377 0.7060547
vn 0.47509766 -0.7446289 0.46899414
vn 0.47509766 -0.7446289 0.46899414
vn 0.47509766 -0.7446289 0.46899414
vn -0.32250977 -0.8232422 0.46728516
vn -0.32250977 -0.8232422 0.46728516
vn -0.32250977 -0.8232422 0.46728516
vn 0.47875977 -0.8154297 -0.3256836
vn 0.47875977 -0.8154297 -0.3256836
vn 0.47875977 -0.8154297 -0.3256836
vn -0.31030273 -0.8930664 -0.32641602
vn -0.31030273 -0.8930664 -0.32641602
vn -0.31030273 -0.8930664 -0.32641602
vn -0.6459961 -0.023086548 0.7626953
vn -0.6459961 -0.023086548 0.7626953
vn -0.6459961 -0.023086548 0.7626953
vn -0.6459961 -0.023071289 0.7626953
vn -0.6459961 -0.023071289 0.7626953
vn -0.6459961 -0.023071289 0.7626953
vn 0.76123047 0.05078125 0.6464844
vn 0.76123047 0.05078125 0.6464844
vn 0.76123047 0.05078125 0.6464844
vn 0.76123047 0.05078125 0.6464844
vn 0.76123047 0.05078125 0.6464844
vn 0.76123047 0.05078125 0.6464844
vn 0.6459961 0.028503418 -0.7626953
vn 0.6459961 0.028503418 -0.7626953
vn 0.6459961 0.028503418 -0.7626953
vn 0.6459961 0.028503418 -0.7631836
vn 0.6459961 0.028503418 -0.7631836
vn 0.6459961 0.028503418 -0.7631836
vn 0.55859375 -0.6972656 0.44970703
vn 0.55859375 -0.6972656 0.44970703
vn 0.55859375 -0.6972656 0.44970703
vn -0.4091797 -0.74316406 0.5292969
vn -0.4091797 -0.74316406 0.5292969
vn -0.4091797 -0.74316406 0.5292969
vn 0.47705078 -0.7104492 -0.51708984
vn 0.47705078 -0.7104492 -0.51708984
vn 0.47705078 -0.7104492 -0.51708984
vn -0.48657227 -0.75634766 -0.43725586
vn -0.48657227 -0.75634766 -0.43725586
vn -0.48657227 -0.75634766 -0.43725586
vn 0.75097656 0.034942627 0.6591797
vn 0.75097656 0.034942627 0.6591797
vn 0.75097656 0.034942627 0.6591797
vn 0.75097656 0.034942627 0.6591797
vn 0.75097656 0.034942627 0.6591797
vn 0.75097656 0.034942627 0.6591797
vn 0.5263672 -0.7138672 0.4621582
vn 0.5263672 -0.7138672 0.4621582
vn 0.5263672 -0.7138672 0.4621582
vn -0.44360352 -0.7260742 0.5253906
vn -0.44360352 -0.7260742 0.5253906
vn -0.44360352 -0.7260742 0.5253906
vn 0.46118164 -0.7290039 -0.5058594
vn 0.46118164 -0.7290039 -0.5058594
vn 0.46118164 -0.7290039 -0.5058594
vn -0.50439453 -0.74121094 -0.44262695
vn -0.50439453 -0.74121094 -0.44262695
vn -0.50439453 -0.74121094 -0.44262695
vn 0.9794922 0.054107666 0.19482422
vn 0.9794922 0.054107666 0.19482422
vn 0.9794922 0.054107666 0.19482422
vn 0.9794922 0.054107666 0.19482422
vn 0.9794922 0.054107666 0.19482422
vn 0.9794922 0.054107666 0.19482422
vn 0.73339844 -0.65185547 0.19213867
vn 0.73339844 -0.65185547 0.19213867
vn 0.73339844 -0.65185547 0.19213867
vn -0.07397461 -0.67626953 0.73291016
vn -0.07397461 -0.67626953 0.73291016
vn -0.07397461 -0.67626953 0.73291016
vn 0.19812012 -0.7685547 -0.60839844
vn 0.19812012 -0.7685547 -0.60839844
vn 0.19812012 -0.7685547 -0.60839844
vn -0.60595703 -0.79248047 -0.06976318
vn -0.60595703 -0.79248047 -0.06976318
vn -0.60595703 -0.79248047 -0.06976318
vn 0.93847656 0.17993164 0.29541016
vn 0.93847656 0.17993164 0.29541016
vn 0.93847656 0.17993164 0.29541016
vn 0.93847656 0.17993164 0.29541016
vn 0.93847656 0.17993164 0.29541016
vn 0.93847656 0.17993164 0.29541016
vn 0.6489258 -0.6899414 0.32080078
vn 0.6489258 -0.6899414 0.32080078
vn 0.6489258 -0.6899414 0.32080078
vn -0.06359863 -0.7246094 0.68603516
vn -0.06359863 -0.7246094 0.68603516
vn -0.06359863 -0.7246094 0.68603516
vn 0.29882812 -0.87939453 -0.37036133
vn 0.29882812 -0.87939453 -0.37036133
vn 0.29882812 -0.87939453 -0.37036133
vn -0.40576172 -0.9140625 -0.008262634
vn -0.40576172 -0.9140625 -0.008262634
vn -0.40576172 -0.9140625 -0.008262634
vn -0.055847168 0.0063934326 0.99853516
vn -0.055847168 0.0063934326 0.99853516
vn -0.055847168 0.0063934326 0.99853516
vn -0.055877686 0.0063972473 0.99853516
vn -0.055877686 0.0063972473 0.99853516
vn -0.055877686 0.0063972473 0.99853516
vn -0.030380249 -0.5991211 0.80029297
vn -0.030380249 -0.5991211 0.80029297
vn -0.030380249 -0.5991211 0.80029297
vn 0.7841797 -0.5961914 0.17236328
vn 0.7841797 -0.5961914 0.17236328
vn 0.7841797 -0.5961914 0.17236328
vn -0.7636719 -0.625 -0.1628418
vn -0.7636719 -0.625 -0.1628418
vn -0.7636719 -0.625 -0.1628418
vn 0.058380127 -0.62158203 -0.7807617
vn 0.058380127 -0.62158203 -0.7807617
vn 0.058380127 -0.62158203 -0.7807617
vn 0.11315918 -0.051818848 0.9921875
vn 0.11315918 -0.051818848 0.9921875
vn 0.11315918 -0.051818848 0.9921875
vn 0.071777344 -0.017074585 0.9970703
vn 0.071777344 -0.017074585 0.9970703
vn 0.071777344 -0.017074585 0.9970703
vn 0.9863281 -0.13085938 -0.10205078
vn 0.9863281 -0.13085938 -0.10205078
vn 0.9863281 -0.13085938 -0.10205078
vn 0.99316406 -0.095703125 -0.06616211
vn 0.99316406 -0.095703125 -0.06616211
vn 0.99316406 -0.095703125 -0.06616211
vn 0.7758789 -0.113464355 0.62060547
vn 0.7758789 -0.113464355 0.62060547
vn 0.7758789 -0.113464355 0.62060547
vn 0.7524414 -0.10803223 0.64941406
vn 0.7524414 -0.10803223 0.64941406
vn 0.7524414 -0.10803223 0.64941406
vn -0.87353516 0.09741211 0.47705078
vn -0.87353516 0.09741211 0.47705078
vn -0.87353516 0.09741211 0.47705078
vn -0.6201172 0.042114258 0.7836914
vn -0.6201172 0.042114258 0.7836914
vn -0.6201172 0.042114258 0.7836914
vn 0.61865234 -0.054229736 -0.7836914
vn 0.61865234 -0.054229736 -0.7836914
vn 0.61865234 -0.054229736 -0.7836914
vn 0.61865234 -0.054229736 -0.7836914
vn 0.61865234 -0.054229736 -0.7836914
vn 0.61865234 -0.054229736 -0.7836914
vn -0.77978516 0.08001709 -0.62109375
vn -0.77978516 0.08001709 -0.62109375
vn -0.77978516 0.08001709 -0.62109375
vn -0.77978516 0.08001709 -0.62109375
vn -0.77978516 0.08001709 -0.62109375
vn -0.77978516 0.08001709 -0.62109375
vn -0.8574219 -0.25439453 0.44726562
vn -0.8574219 -0.25439453 0.44726562
vn -0.8574219 -0.25439453 0.44726562
vn 0.5708008 -0.62402344 0.5336914
vn 0.5708008 -0.62402344 0.5336914
vn 0.5708008 -0.62402344 0.5336914
vn -0.6923828 -0.50927734 -0.51123047
vn -0.6923828 -0.50927734 -0.51123047
vn -0.6923828 -0.50927734 -0.51123047
vn 0.4494629 -0.6191406 -0.64404297
vn 0.4494629 -0.6191406 -0.64404297
vn 0.4494629 -0.6191406 -0.64404297
vn -0.7705078 -0.6357422 0.045074463
vn -0.7705078 -0.6357422 0.045074463
vn -0.7705078 -0.6357422 0.045074463
vn -0.98535156 -0.13952637 0.10015869
vn -0.98535156 -0.13952637 0.10015869
vn -0.98535156 -0.13952637 0.10015869
vn 0.025299072 -0.68066406 0.7324219
vn 0.025299072 -0.68066406 0.7324219
vn 0.025299072 -0.68066406 0.7324219
vn 0.008850098 -0.7416992 0.67041016
vn 0.008850098 -0.7416992 0.67041016
vn 0.008850098 -0.7416992 0.67041016
vn -0.2944336 0.0769043 0.9526367
vn -0.2944336 0.0769043 0.9526367
vn -0.2944336 0.0769043 0.9526367
vn -0.29516602 0.07696533 0.95214844
vn -0.29516602 0.07696533 0.95214844
vn -0.29516602 0.07696533 0.95214844
vn 0.29541016 -0.074157715 -0.9526367
vn 0.29541016 -0.074157715 -0.9526367
vn 0.29541016 -0.074157715 -0.9526367
vn 0.29467773 -0.074279785 -0.9526367
vn 0.29467773 -0.074279785 -0.9526367
vn 0.29467773 -0.074279785 -0.9526367
vn -0.95654297 -0.021255493 -0.29101562
vn -0.95654297 -0.021255493 -0.29101562
vn -0.95654297 -0.021255493 -0.29101562
vn -0.95654297 -0.021255493 -0.29125977
vn -0.95654297 -0.021255493 -0.29125977
vn -0.95654297 -0.021255493 -0.29125977
vn -0.29663086 -0.49023438 0.81933594
vn -0.29663086 -0.49023438 0.81933594
vn -0.29663086 -0.49023438 0.81933594
vn 0.7182617 -0.6333008 0.2878418
vn 0.7182617 -0.6333008 0.2878418
vn 0.7182617 -0.6333008 0.2878418
vn -0.83496094 -0.51220703 -0.20178223
vn -0.83496094 -0.51220703 -0.20178223
vn -0.83496094 -0.51220703 -0.20178223
vn 0.18017578 -0.65527344 -0.73339844
vn 0.18017578 -0.65527344 -0.73339844
vn 0.18017578 -0.65527344 -0.73339844
vn 0.6020508 0.030029297 0.79785156
vn 0.6020508 0.030029297 0.79785156
vn 0.6020508 0.030029297 0.79785156
vn 0.6020508 0.030029297 0.79785156
vn 0.6020508 0.030029297 0.79785156
vn 0.6020508 0.030029297 0.79785156
vn -0.50683594 0.090270996 0.8574219
vn -0.50683594 0.090270996 0.8574219
vn -0.50683594 0.090270996 0.8574219
vn -0.50683594 0.090270996 0.8574219
vn -0.50683594 0.090270996 0.8574219
vn -0.50683594 0.090270996 0.8574219
vn -0.44140625 -0.45703125 0.77197266
vn -0.44140625 -0.45703125 0.77197266
vn -0.44140625 -0.45703125 0.77197266
vn 0.47998047 -0.5107422 0.7133789
vn 0.47998047 -0.5107422 0.7133789
vn 0.47998047 -0.5107422 0.7133789
vn -0.5229492 -0.59375 -0.6113281
vn -0.5229492 -0.59375 -0.6113281
vn -0.5229492 -0.59375 -0.6113281
vn 0.40673828 -0.6303711 -0.6611328
vn 0.40673828 -0.6303711 -0.6611328
vn 0.40673828 -0.6303711 -0.6611328
vn -0.8491211 -0.119384766 0.51464844
vn -0.8491211 -0.119384766 0.51464844
vn -0.8491211 -0.119384766 0.51464844
vn -0.8491211 -0.119384766 0.51464844
vn -0.8491211 -0.119384766 0.51464844
vn -0.8491211 -0.119384766 0.51464844
vn -0.6220703 -0.6743164 0.39770508
vn -0.6220703 -0.6743164 0.39770508
vn -0.6220703 -0.6743164 0.39770508
vn 0.4909668 -0.54785156 0.6772461
vn 0.4909668 -0.54785156 0.6772461
vn 0.4909668 -0.54785156 0.6772461
vn -0.34960938 -0.59765625 -0.7216797
vn -0.34960938 -0.59765625 -0.7216797
vn -0.34960938 -0.59765625 -0.7216797
vn 0.7636719 -0.47070312 -0.44213867
vn 0.7636719 -0.47070312 -0.44213867
vn 0.7636719 -0.47070312 -0.44213867
vn 0.74121094 0.021942139 0.67089844
vn 0.74121094 0.021942139 0.67089844
vn 0.74121094 0.021942139 0.67089844
vn 0.74121094 0.021942139 0.67089844
vn 0.74121094 0.021942139 0.67089844
vn 0.74121094 0.021942139 0.67089844
vn 0.6508789 -0.26831055 -0.70996094
vn 0.6508789 -0.26831055 -0.70996094
vn 0.6508789 -0.26831055 -0.70996094
vn 0.6508789 -0.26831055 -0.70996094
vn 0.6508789 -0.26831055 -0.70996094
vn 0.6508789 -0.26831055 -0.70996094
vn 0.5097656 -0.5395508 0.6699219
vn 0.5097656 -0.5395508 0.6699219
vn 0.5097656 -0.5395508 0.6699219
vn -0.62646484 -0.33813477 0.70214844
vn -0.62646484 -0.33813477 0.70214844
vn -0.62646484 -0.33813477 0.70214844
vn 0.43652344 -0.77441406 -0.4580078
vn 0.43652344 -0.77441406 -0.4580078
vn 0.43652344 -0.77441406 -0.4580078
vn -0.7001953 -0.5732422 -0.4260254
vn -0.7001953 -0.5732422 -0.4260254
vn -0.7001953 -0.5732422 -0.4260254
vn 0.7939453 0.0003774166 -0.60839844
vn 0.7939453 0.0003774166 -0.60839844
vn 0.7939453 0.0003774166 -0.60839844
vn 0.7578125 -0.033691406 -0.6513672
vn 0.7578125 -0.033691406 -0.6513672
vn 0.7578125 -0.033691406 -0.6513672
vn -0.071777344 0.0037937164 0.9975586
vn -0.071777344 0.0037937164 0.9975586
vn -0.071777344 0.0037937164 0.9975586
vn -0.07183838 0.0037994385 0.9975586
vn -0.07183838 0.0037994385 0.9975586
vn -0.07183838 0.0037994385 0.9975586
vn -0.076660156 -0.008201599 -0.9970703
vn -0.076660156 -0.008201599 -0.9970703
vn -0.076660156 -0.008201599 -0.9970703
vn -0.076660156 -0.008201599 -0.9970703
vn -0.076660156 -0.008201599 -0.9970703
vn -0.076660156 -0.008201599 -0.9970703
vn -0.060546875 -0.52441406 0.8491211
vn -0.060546875 -0.52441406 0.8491211
vn -0.060546875 -0.52441406 0.8491211
vn 0.7314453 -0.6791992 0.06021118
vn 0.7314453 -0.6791992 0.06021118
vn 0.7314453 -0.6791992 0.06021118
vn -0.85058594 -0.48779297 -0.19677734
vn -0.85058594 -0.48779297 -0.19677734
vn -0.85058594 -0.48779297 -0.19677734
vn -0.062194824 -0.58984375 -0.8051758
vn -0.062194824 -0.58984375 -0.8051758
vn -0.062194824 -0.58984375 -0.8051758
vn -0.51171875 -0.5883789 -0.62597656
vn -0.51171875 -0.5883789 -0.62597656
vn -0.51171875 -0.5883789 -0.62597656
vn -0.5229492 -0.5703125 -0.6333008
vn -0.5229492 -0.5703125 -0.6333008
vn -0.5229492 -0.5703125 -0.6333008
vn 0.4951172 -0.76904297 -0.40405273
vn 0.4951172 -0.76904297 -0.40405273
vn 0.4951172 -0.76904297 -0.40405273
vn 0.52685547 -0.7265625 -0.44091797
vn 0.52685547 -0.7265625 -0.44091797
vn 0.52685547 -0.7265625 -0.44091797
vn -0.17797852 0.12225342 0.9765625
vn -0.17797852 0.12225342 0.9765625
vn -0.17797852 0.12225342 0.9765625
vn -0.17797852 0.12225342 0.9765625
vn -0.17797852 0.12225342 0.9765625
vn -0.17797852 0.12225342 0.9765625
vn -0.9428711 -0.09039307 -0.32104492
vn -0.9428711 -0.09039307 -0.32104492
vn -0.9428711 -0.09039307 -0.32104492
vn -0.9428711 -0.09039307 -0.32104492
vn -0.9428711 -0.09039307 -0.32104492
vn -0.9428711 -0.09039307 -0.32104492
vn -0.10168457 -0.49804688 0.8613281
vn -0.10168457 -0.49804688 0.8613281
vn -0.10168457 -0.49804688 0.8613281
vn 0.78271484 -0.5229492 0.33691406
vn 0.78271484 -0.5229492 0.33691406
vn 0.78271484 -0.5229492 0.33691406
vn -0.70947266 -0.68408203 -0.16918945
vn -0.70947266 -0.68408203 -0.16918945
vn -0.70947266 -0.68408203 -0.16918945
vn 0.18127441 -0.70751953 -0.68310547
vn 0.18127441 -0.70751953 -0.68310547
vn 0.18127441 -0.70751953 -0.68310547
vn 0.96972656 0.017837524 0.24365234
vn 0.96972656 0.017837524 0.24365234
vn 0.96972656 0.017837524 0.24365234
vn 0.96972656 0.017837524 0.24365234
vn 0.96972656 0.017837524 0.24365234
vn 0.96972656 0.017837524 0.24365234
vn 0.74560547 -0.63916016 0.18762207
vn 0.74560547 -0.63916016 0.18762207
vn 0.74560547 -0.63916016 0.18762207
vn -0.17358398 -0.6513672 0.73876953
vn -0.17358398 -0.6513672 0.73876953
vn -0.17358398 -0.6513672 0.73876953
vn 0.17944336 -0.7290039 -0.66064453
vn 0.17944336 -0.7290039 -0.66064453
vn 0.17944336 -0.7290039 -0.66064453
vn -0.6508789 -0.74121094 -0.16333008
vn -0.6508789 -0.74121094 -0.16333008
vn -0.6508789 -0.74121094 -0.16333008
vn 0.4243164 -0.8208008 -0.3828125
vn 0.4243164 -0.8208008 -0.3828125
vn 0.4243164 -0.8208008 -0.3828125
vn 0.48364258 -0.7607422 -0.43286133
vn 0.48364258 -0.7607422 -0.43286133
vn 0.48364258 -0.7607422 -0.43286133
vn -0.4633789 -0.7729492 0.43359375
vn -0.4633789 -0.7729492 0.43359375
vn -0.4633789 -0.7729492 0.43359375
vn -0.40161133 -0.83203125 0.3828125
vn -0.40161133 -0.83203125 0.3828125
vn -0.40161133 -0.83203125 0.3828125
vn 0.6455078 0.046813965 -0.7626953
vn 0.6455078 0.046813965 -0.7626953
vn 0.6455078 0.046813965 -0.7626953
vn 0.61083984 -0.00035357475 -0.7919922
vn 0.61083984 -0.00035357475 -0.7919922
vn 0.61083984 -0.00035357475 -0.7919922
vn 0.11755371 0.16210938 0.97998047
vn 0.11755371 0.16210938 0.97998047
vn 0.11755371 0.16210938 0.97998047
vn 0.117492676 0.1619873 0.97998047
vn 0.117492676 0.1619873 0.97998047
vn 0.117492676 0.1619873 0.97998047
vn -0.25854492 -0.19458008 -0.94628906
vn -0.25854492 -0.19458008 -0.94628906
vn -0.25854492 -0.19458008 -0.94628906
vn -0.25854492 -0.19458008 -0.94628906
vn -0.25854492 -0.19458008 -0.94628906
vn -0.25854492 -0.19458008 -0.94628906
vn -0.97509766 -0.22241211 -0.010116577
vn -0.97509766 -0.22241211 -0.010116577
vn -0.97509766 -0.22241211 -0.010116577
vn -0.97509766 -0.22241211 -0.010101318
vn -0.97509766 -0.22241211 -0.010101318
vn -0.97509766 -0.22241211 -0.010101318
vn 0.21789551 -0.3720703 0.90234375
vn 0.21789551 -0.3720703 0.90234375
vn 0.21789551 -0.3720703 0.90234375
vn 0.8623047 -0.50634766 -0.014633179
vn 0.8623047 -0.50634766 -0.014633179
vn 0.8623047 -0.50634766 -0.014633179
vn -0.7421875 -0.66748047 0.059570312
vn -0.7421875 -0.66748047 0.059570312
vn -0.7421875 -0.66748047 0.059570312
vn -0.07940674 -0.7207031 -0.68847656
vn -0.07940674 -0.7207031 -0.68847656
vn -0.07940674 -0.7207031 -0.68847656
vn -0.49438477 -0.77197266 -0.3996582
vn -0.49438477 -0.77197266 -0.3996582
vn -0.49438477 -0.77197266 -0.3996582
vn -0.5048828 -0.76123047 -0.40722656
vn -0.5048828 -0.76123047 -0.40722656
vn -0.5048828 -0.76123047 -0.40722656
vn 0.56884766 -0.71875 -0.39990234
vn 0.56884766 -0.71875 -0.39990234
vn 0.56884766 -0.71875 -0.39990234
vn 0.5830078 -0.6777344 -0.44799805
vn 0.5830078 -0.6777344 -0.44799805
vn 0.5830078 -0.6777344 -0.44799805
vn 0.05581665 0.030044556 0.9980469
vn 0.05581665 0.030044556 0.9980469
vn 0.05581665 0.030044556 0.9980469
vn 0.05581665 0.030044556 0.9980469
vn 0.05581665 0.030044556 0.9980469
vn 0.05581665 0.030044556 0.9980469
vn 0.011657715 -0.5722656 0.8198242
vn 0.011657715 -0.5722656 0.8198242
vn 0.011657715 -0.5722656 0.8198242
vn 0.74902344 -0.6538086 0.10760498
vn 0.74902344 -0.6538086 0.10760498
vn 0.74902344 -0.6538086 0.10760498
vn -0.82373047 -0.56396484 -0.055999756
vn -0.82373047 -0.56396484 -0.055999756
vn -0.82373047 -0.56396484 -0.055999756
vn -0.078186035 -0.6455078 -0.7597656
vn -0.078186035 -0.6455078 -0.7597656
vn -0.078186035 -0.6455078 -0.7597656
vn 0.8310547 -0.011360168 0.55615234
vn 0.8310547 -0.011360168 0.55615234
vn 0.8310547 -0.011360168 0.55615234
vn 0.8310547 -0.011352539 0.55615234
vn 0.8310547 -0.011352539 0.55615234
vn 0.8310547 -0.011352539 0.55615234
vn -0.41918945 0.010795593 0.90771484
vn -0.41918945 0.010795593 0.90771484
vn -0.41918945 0.010795593 0.90771484
vn -0.41918945 0.010795593 0.90771484
vn -0.41918945 0.010795593 0.90771484
vn -0.41918945 0.010795593 0.90771484
vn -0.8310547 -0.016571045 -0.55615234
vn -0.8310547 -0.016571045 -0.55615234
vn -0.8310547 -0.016571045 -0.55615234
vn -0.8310547 -0.016571045 -0.55615234
vn -0.8310547 -0.016571045 -0.55615234
vn -0.8310547 -0.016571045 -0.55615234
vn -0.32250977 -0.5991211 0.73291016
vn -0.32250977 -0.5991211 0.73291016
vn -0.32250977 -0.5991211 0.73291016
vn 0.6660156 -0.5961914 0.44873047
vn 0.6660156 -0.5961914 0.44873047
vn 0.6660156 -0.5961914 0.44873047
vn -0.6503906 -0.625 -0.4321289
vn -0.6503906 -0.625 -0.4321289
vn -0.6503906 -0.625 -0.4321289
vn 0.34155273 -0.62158203 -0.70458984
vn 0.34155273 -0.62158203 -0.70458984
vn 0.34155273 -0.62158203 -0.70458984
vn 0.9765625 0.08087158 0.20056152
vn 0.9765625 0.08087158 0.20056152
vn 0.9765625 0.08087158 0.20056152
vn 0.9765625 0.08087158 0.20056152
vn 0.9765625 0.08087158 0.20056152
vn 0.9765625 0.08087158 0.20056152
vn 0.6220703 -0.7714844 0.13415527
vn 0.6220703 -0.7714844 0.13415527
vn 0.6220703 -0.7714844 0.13415527
vn -0.045654297 -0.81640625 0.5751953
vn -0.045654297 -0.81640625 0.5751953
vn -0.045654297 -0.81640625 0.5751953
vn 0.1821289 -0.82910156 -0.5288086
vn 0.1821289 -0.82910156 -0.5288086
vn 0.1821289 -0.82910156 -0.5288086
vn -0.4777832 -0.87353516 -0.091674805
vn -0.4777832 -0.87353516 -0.091674805
vn -0.4777832 -0.87353516 -0.091674805
vn 0.9008789 0.0020160675 0.4345703
vn 0.9008789 0.0020160675 0.4345703
vn 0.9008789 0.0020160675 0.4345703
vn 0.9008789 0.0020160675 0.4345703
vn 0.9008789 0.0020160675 0.4345703
vn 0.9008789 0.0020160675 0.4345703
vn 0.5136719 -0.8198242 0.2529297
vn 0.5136719 -0.8198242 0.2529297
vn 0.5136719 -0.8198242 0.2529297
vn -0.24316406 -0.8208008 0.51660156
vn -0.24316406 -0.8208008 0.51660156
vn -0.24316406 -0.8208008 0.51660156
vn 0.2467041 -0.8310547 -0.49853516
vn 0.2467041 -0.8310547 -0.49853516
vn 0.2467041 -0.8310547 -0.49853516
vn -0.5019531 -0.83203125 -0.23693848
vn -0.5019531 -0.83203125 -0.23693848
vn -0.5019531 -0.83203125 -0.23693848
vn 0.87597656 -0.021224976 0.48168945
vn 0.87597656 -0.021224976 0.48168945
vn 0.87597656 -0.021224976 0.48168945
vn 0.87597656 -0.021224976 0.4819336
vn 0.87597656 -0.021224976 0.4819336
vn 0.87597656 -0.021224976 0.4819336
vn 0.6894531 -0.5996094 0.40673828
vn 0.6894531 -0.5996094 0.40673828
vn 0.6894531 -0.5996094 0.40673828
vn -0.4140625 -0.54589844 0.7285156
vn -0.4140625 -0.54589844 0.7285156
vn -0.4140625 -0.54589844 0.7285156
vn 0.3010254 -0.75634766 -0.5805664
vn 0.3010254 -0.75634766 -0.5805664
vn 0.3010254 -0.75634766 -0.5805664
vn -0.6274414 -0.7138672 -0.31079102
vn -0.6274414 -0.7138672 -0.31079102
vn -0.6274414 -0.7138672 -0.31079102
vn 0.47998047 -0.8544922 -0.19787598
vn 0.47998047 -0.8544922 -0.19787598
vn 0.47998047 -0.8544922 -0.19787598
vn 0.6230469 -0.74121094 -0.24987793
vn 0.6230469 -0.74121094 -0.24987793
vn 0.6230469 -0.74121094 -0.24987793
vn -0.68115234 -0.6748047 0.28442383
vn -0.68115234 -0.6748047 0.28442383
vn -0.68115234 -0.6748047 0.28442383
vn -0.5449219 -0.8041992 0.23742676
vn -0.5449219 -0.8041992 0.23742676
vn -0.5449219 -0.8041992 0.23742676
vn 0.59716797 -0.6328125 0.49291992
vn 0.59716797 -0.6328125 0.49291992
vn 0.59716797 -0.6328125 0.49291992
vn -0.49316406 -0.6328125 0.59716797
vn -0.49316406 -0.6328125 0.59716797
vn -0.49316406 -0.6328125 0.59716797
vn 0.49291992 -0.6328125 -0.59716797
vn 0.49291992 -0.6328125 -0.59716797
vn 0.49291992 -0.6328125 -0.59716797
vn -0.59716797 -0.6328125 -0.49316406
vn -0.59716797 -0.6328125 -0.49316406
vn -0.59716797 -0.6328125 -0.49316406
vn 0.46923828 0.1159668 0.8754883
vn 0.46923828 0.1159668 0.8754883
vn 0.46923828 0.1159668 0.8754883
vn 0.46923828 0.1159668 0.8754883
vn -0.8823242 0.0014877319 0.47070312
vn -0.8823242 0.0014877319 0.47070312
vn -0.8823242 0.0014877319 0.47070312
vn -0.8823242 0.0011053085 0.47070312
vn -0.46948242 -0.10845947 -0.87597656
vn -0.46948242 -0.10845947 -0.87597656
vn -0.46948242 -0.10845947 -0.87597656
vn -0.46948242 -0.10845947 -0.87597656
vn 0.8823242 -0.0011167526 -0.47070312
vn 0.8823242 -0.0011167526 -0.47070312
vn 0.8823242 -0.0011167526 -0.47070312
vn 0.8823242 -0.0014829636 -0.47070312
vn -0.34033203 0.07891846 0.9370117
vn -0.34033203 0.07891846 0.9370117
vn -0.34033203 0.07891846 0.9370117
vn -0.34033203 0.07891846 0.9370117
vn -0.93896484 -0.07965088 -0.33447266
vn -0.93896484 -0.07965088 -0.33447266
vn -0.93896484 -0.07965088 -0.33447266
vn -0.93896484 -0.07965088 -0.33447266
vn 0.3400879 -0.0736084 -0.9375
vn 0.3400879 -0.0736084 -0.9375
vn 0.3400879 -0.0736084 -0.9375
vn 0.3400879 -0.0736084 -0.9375
vn 0.5239258 -0.8310547 -0.18725586
vn 0.5239258 -0.8310547 -0.18725586
vn 0.5239258 -0.8310547 -0.18725586
vn 0.5239258 -0.8310547 -0.18725586
vn -0.22814941 -0.88720703 -0.4008789
vn -0.22814941 -0.88720703 -0.4008789
vn -0.22814941 -0.88720703 -0.4008789
vn -0.22814941 -0.88720703 -0.4008789
vn -0.45581055 -0.82470703 0.3347168
vn -0.45581055 -0.82470703 0.3347168
vn -0.45581055 -0.82470703 0.3347168
vn -0.45581055 -0.82470703 0.3347168
vn 0.2932129 -0.7661133 0.57177734
vn 0.2932129 -0.7661133 0.57177734
vn 0.2932129 -0.7661133 0.57177734
vn 0.2932129 -0.7661133 0.57177734
vn -0.02670288 0.0769043 0.99658203
vn -0.02670288 0.0769043 0.99658203
vn -0.02670288 0.0769043 0.99658203
vn -0.018341064 0.086120605 0.99609375
vn -0.9951172 -0.09844971 -0.013877869
vn -0.9951172 -0.09844971 -0.013877869
vn -0.9951172 -0.09844971 -0.013877869
vn -0.9951172 -0.09838867 -0.013847351
vn 0.027053833 -0.080444336 -0.99658203
vn 0.027053833 -0.080444336 -0.99658203
vn 0.027053833 -0.080444336 -0.99658203
vn 0.017059326 -0.07299805 -0.9970703
vn 0.9951172 0.0960083 0.014083862
vn 0.9951172 0.0960083 0.014083862
vn 0.9951172 0.0960083 0.014083862
vn 0.9951172 0.096069336 0.014030457
vn -0.7109375 -0.007396698 0.703125
vn -0.7109375 -0.007396698 0.703125
vn -0.7109375 -0.007396698 0.703125
vn -0.7109375 -0.007381439 0.703125
vn -0.69677734 -0.12695312 -0.7055664
vn -0.69677734 -0.12695312 -0.7055664
vn -0.69677734 -0.12695312 -0.7055664
vn -0.69677734 -0.12695312 -0.7055664
vn 0.70996094 0.015068054 -0.70410156
vn 0.70996094 0.015068054 -0.70410156
vn 0.70996094 0.015068054 -0.70410156
vn 0.70996094 0.015068054 -0.70410156
vn 0.52001953 -0.85058594 0.07763672
vn 0.52001953 -0.85058594 0.07763672
vn 0.52001953 -0.85058594 0.07763672
vn 0.52001953 -0.85058594 0.07763672
vn 0.09460449 -0.9301758 -0.35498047
vn 0.09460449 -0.9301758 -0.35498047
vn 0.09460449 -0.9301758 -0.35498047
vn 0.09460449 -0.9301758 -0.35498047
vn -0.34472656 -0.93652344 0.06561279
vn -0.34472656 -0.93652344 0.06561279
vn -0.34472656 -0.93652344 0.06561279
vn -0.34472656 -0.93652344 0.06561279
vn 0.07873535 -0.85595703 0.5107422
vn 0.07873535 -0.85595703 0.5107422
vn 0.07873535 -0.85595703 0.5107422
vn 0.07873535 -0.85595703 0.5107422
vn 0.14660645 0.022964478 0.98876953
vn 0.14660645 0.022964478 0.98876953
vn 0.14660645 0.022964478 0.98876953
vn 0.14660645 0.022964478 0.98876953
vn -0.98583984 -0.050567627 0.15856934
vn -0.98583984 -0.050567627 0.15856934
vn -0.98583984 -0.050567627 0.15856934
vn -0.98583984 -0.05114746 0.15844727
vn -0.14685059 -0.015304565 -0.9892578
vn -0.14685059 -0.015304565 -0.9892578
vn -0.14685059 -0.015304565 -0.9892578
vn -0.14685059 -0.015296936 -0.9892578
vn 0.98583984 0.05114746 -0.15856934
vn 0.98583984 0.05114746 -0.15856934
vn 0.98583984 0.05114746 -0.15856934
vn 0.98583984 0.050567627 -0.15856934
vn -0.76171875 -0.04534912 -0.6464844
vn -0.76171875 -0.04534912 -0.6464844
vn -0.76171875 -0.04534912 -0.6464844
vn -0.76171875 -0.04534912 -0.6464844
vn 0.58496094 -0.8041992 -0.10601807
vn 0.58496094 -0.8041992 -0.10601807
vn 0.58496094 -0.8041992 -0.10601807
vn 0.58496094 -0.8041992 -0.10601807
vn -0.054748535 -0.83935547 -0.54052734
vn -0.054748535 -0.83935547 -0.54052734
vn -0.054748535 -0.83935547 -0.54052734
vn -0.054748535 -0.83935547 -0.54052734
vn -0.5107422 -0.8569336 0.07019043
vn -0.5107422 -0.8569336 0.07019043
vn -0.5107422 -0.8569336 0.07019043
vn -0.5107422 -0.8569336 0.07019043
vn 0.10839844 -0.8227539 0.55810547
vn 0.10839844 -0.8227539 0.55810547
vn 0.10839844 -0.8227539 0.55810547
vn 0.10839844 -0.8227539 0.55810547
vn 0.20324707 0.030029297 0.9785156
vn 0.20324707 0.030029297 0.9785156
vn 0.20324707 0.030029297 0.9785156
vn 0.20324707 0.030014038 0.9785156
vn -0.97998047 -0.018432617 0.1973877
vn -0.97998047 -0.018432617 0.1973877
vn -0.97998047 -0.018432617 0.1973877
vn -0.97998047 -0.019729614 0.19714355
vn -0.20336914 -0.020401001 -0.9790039
vn -0.20336914 -0.020401001 -0.9790039
vn -0.20336914 -0.020401001 -0.9790039
vn -0.20336914 -0.020401001 -0.9790039
vn 0.97998047 0.019714355 -0.1973877
vn 0.97998047 0.019714355 -0.1973877
vn 0.97998047 0.019714355 -0.1973877
vn 0.97998047 0.018432617 -0.19702148
vn -0.65966797 0.0034942627 0.75146484
vn -0.65966797 0.0034942627 0.75146484
vn -0.65966797 0.0034942627 0.75146484
vn -0.65966797 0.0034942627 0.75146484
vn -0.75146484 -0.028076172 -0.6591797
vn -0.75146484 -0.028076172 -0.6591797
vn -0.75146484 -0.028076172 -0.6591797
vn -0.75146484 -0.028076172 -0.6591797
vn 0.65966797 0.0033683777 -0.75146484
vn 0.65966797 0.0033683777 -0.75146484
vn 0.65966797 0.0033683777 -0.75146484
vn 0.65966797 0.0033683777 -0.75146484
vn 0.5571289 -0.8232422 -0.107177734
vn 0.5571289 -0.8232422 -0.107177734
vn 0.5571289 -0.8232422 -0.107177734
vn 0.5571289 -0.8232422 -0.107177734
vn -0.10784912 -0.8383789 -0.53466797
vn -0.10784912 -0.8383789 -0.53466797
vn -0.10784912 -0.8383789 -0.53466797
vn -0.10784912 -0.8383789 -0.53466797
vn -0.5371094 -0.8359375 0.11273193
vn -0.5371094 -0.8359375 0.11273193
vn -0.5371094 -0.8359375 0.11273193
vn -0.5371094 -0.8359375 0.11273193
vn 0.119262695 -0.8208008 0.55908203
vn 0.119262695 -0.8208008 0.55908203
vn 0.119262695 -0.8208008 0.55908203
vn 0.119262695 -0.8208008 0.55908203
vn 0.57421875 0.0017786026 0.81884766
vn 0.57421875 0.0017786026 0.81884766
vn 0.57421875 0.0017786026 0.81884766
vn 0.57421875 0.0017728806 0.81884766
vn -0.80615234 -0.07623291 0.5864258
vn -0.80615234 -0.07623291 0.5864258
vn -0.80615234 -0.07623291 0.5864258
vn -0.80615234 -0.076416016 0.5864258
vn -0.57421875 0.0028438568 -0.81884766
vn -0.57421875 0.0028438568 -0.81884766
vn -0.57421875 0.0028438568 -0.81884766
vn -0.57421875 0.0028457642 -0.81884766
vn 0.80615234 0.076416016 -0.58691406
vn 0.80615234 0.076416016 -0.58691406
vn 0.80615234 0.076416016 -0.58691406
vn 0.80615234 0.07623291 -0.5864258
vn -0.18652344 -0.05355835 0.98095703
vn -0.18652344 -0.05355835 0.98095703
vn -0.18652344 -0.05355835 0.98095703
vn -0.18652344 -0.053527832 0.98095703
vn -0.9794922 -0.050811768 -0.19506836
vn -0.9794922 -0.050811768 -0.19506836
vn -0.9794922 -0.050811768 -0.19506836
vn -0.9794922 -0.050811768 -0.19506836
vn 0.18615723 0.056793213 -0.98095703
vn 0.18615723 0.056793213 -0.98095703
vn 0.18615723 0.056793213 -0.98095703
vn 0.18615723 0.056793213 -0.98095703
vn 0.51953125 -0.8149414 -0.25756836
vn 0.51953125 -0.8149414 -0.25756836
vn 0.51953125 -0.8149414 -0.25756836
vn 0.51953125 -0.8149414 -0.25756836
vn -0.24328613 -0.89208984 -0.38061523
vn -0.24328613 -0.89208984 -0.38061523
vn -0.24328613 -0.89208984 -0.38061523
vn -0.24328613 -0.89208984 -0.38061523
vn -0.38183594 -0.8383789 0.3894043
vn -0.38183594 -0.8383789 0.3894043
vn -0.38183594 -0.8383789 0.3894043
vn -0.38183594 -0.8383789 0.3894043
vn 0.38671875 -0.7597656 0.5229492
vn 0.38671875 -0.7597656 0.5229492
vn 0.38671875 -0.7597656 0.5229492
vn 0.38671875 -0.7597656 0.5229492
vn 0.36401367 0.21191406 0.90722656
vn 0.36401367 0.21191406 0.90722656
vn 0.36401367 0.21191406 0.90722656
vn 0.3696289 0.22265625 0.90234375
vn -0.89453125 -0.044403076 0.44506836
vn -0.89453125 -0.044403076 0.44506836
vn -0.89453125 -0.044403076 0.44506836
vn -0.89453125 -0.044311523 0.44506836
vn -0.36328125 -0.21606445 -0.90625
vn -0.36328125 -0.21606445 -0.90625
vn -0.36328125 -0.21606445 -0.90625
vn -0.37182617 -0.20617676 -0.90527344
vn 0.89501953 0.0413208 -0.44433594
vn 0.89501953 0.0413208 -0.44433594
vn 0.89501953 0.0413208 -0.44433594
vn 0.89501953 0.041381836 -0.44433594
vn -0.3203125 0.13061523 0.9379883
vn -0.3203125 0.13061523 0.9379883
vn -0.3203125 0.13061523 0.9379883
vn -0.3203125 0.13061523 0.93847656
vn -0.9375 -0.18518066 -0.2944336
vn -0.9375 -0.18518066 -0.2944336
vn -0.9375 -0.18518066 -0.2944336
vn -0.9375 -0.1850586 -0.2944336
vn 0.31884766 -0.12084961 -0.9399414
vn 0.31884766 -0.12084961 -0.9399414
vn 0.31884766 -0.12084961 -0.9399414
vn 0.31884766 -0.12084961 -0.9399414
vn 0.51660156 -0.85595703 -0.027404785
vn 0.51660156 -0.85595703 -0.027404785
vn 0.51660156 -0.85595703 -0.027404785
vn 0.51660156 -0.85595703 -0.027404785
vn -0.031341553 -0.97509766 -0.2199707
vn -0.031341553 -0.97509766 -0.2199707
vn -0.031341553 -0.97509766 -0.2199707
vn -0.031311035 -0.97509766 -0.2199707
vn -0.2607422 -0.8959961 0.35961914
vn -0.2607422 -0.8959961 0.35961914
vn -0.2607422 -0.8959961 0.35961914
vn -0.2607422 -0.8959961 0.35961914
vn 0.28955078 -0.7729492 0.5644531
vn 0.28955078 -0.7729492 0.5644531
vn 0.28955078 -0.7729492 0.5644531
vn 0.28955078 -0.7729492 0.5644531
vn 0.60595703 0.012802124 0.79541016
vn 0.60595703 0.012802124 0.79541016
vn 0.60595703 0.012802124 0.79541016
vn 0.6171875 -0.0036067963 0.7866211
vn 0.7739258 -0.0061149597 -0.6328125
vn 0.7739258 -0.0061149597 -0.6328125
vn 0.7739258 -0.0061149597 -0.6328125
vn 0.7792969 0.0049209595 -0.62646484
vn -0.6171875 -0.008583069 -0.7866211
vn -0.6171875 -0.008583069 -0.7866211
vn -0.6171875 -0.008583069 -0.7866211
vn -0.6171875 -0.008583069 -0.7866211
vn -0.7792969 -0.0049209595 0.62646484
vn -0.7792969 -0.0049209595 0.62646484
vn -0.7792969 -0.0049209595 0.62646484
vn -0.7792969 -0.0048103333 0.62646484
vn 0.97753906 -0.006729126 0.21166992
vn 0.97753906 -0.006729126 0.21166992
vn 0.97753906 -0.006729126 0.21166992
vn 0.97753906 -0.0067253113 0.21166992
vn 0.055755615 -0.0031318665 -0.99853516
vn 0.055755615 -0.0031318665 -0.99853516
vn 0.055755615 -0.0031318665 -0.99853516
vn 0.055786133 -0.003129959 -0.99853516
vn -0.97753906 -0.009819031 -0.21166992
vn -0.97753906 -0.009819031 -0.21166992
vn -0.97753906 -0.009819031 -0.21166992
vn -0.9770508 -0.009811401 -0.21166992
vn -0.48828125 -0.7680664 0.4140625
vn -0.48828125 -0.7680664 0.4140625
vn -0.48828125 -0.7680664 0.4140625
vn -0.48828125 -0.7680664 0.4140625
vn -0.41601562 -0.7314453 -0.54003906
vn -0.41601562 -0.7314453 -0.54003906
vn -0.41601562 -0.7314453 -0.54003906
vn -0.42285156 -0.72216797 -0.5473633
vn 0.5161133 -0.7607422 -0.39331055
vn 0.5161133 -0.7607422 -0.39331055
vn 0.5161133 -0.7607422 -0.39331055
vn 0.5161133 -0.7607422 -0.39331055
vn 0.45043945 -0.69140625 0.5644531
vn 0.45043945 -0.69140625 0.5644531
vn 0.45043945 -0.69140625 0.5644531
vn 0.4440918 -0.7011719 0.5576172
vn -0.11505127 0.018371582 -0.99316406
vn -0.11505127 0.018371582 -0.99316406
vn -0.11505127 0.018371582 -0.99316406
vn -0.11505127 0.018371582 -0.99316406
vn -0.9902344 0.09515381 0.101867676
vn -0.9902344 0.09515381 0.101867676
vn -0.9902344 0.09515381 0.101867676
vn -0.9902344 0.09222412 0.10467529
vn -0.12060547 -0.6933594 -0.7104492
vn -0.12060547 -0.6933594 -0.7104492
vn -0.12060547 -0.6933594 -0.7104492
vn -0.12060547 -0.6933594 -0.7104492
vn 0.6347656 -0.7709961 -0.0519104
vn 0.6347656 -0.7709961 -0.0519104
vn 0.6347656 -0.7709961 -0.0519104
vn 0.6347656 -0.7709961 -0.0519104
vn 0.44702148 0.07299805 0.89160156
vn 0.44702148 0.07299805 0.89160156
vn 0.44702148 0.07299805 0.89160156
vn 0.44702148 0.07287598 0.89160156
vn 0.8808594 -0.037261963 -0.47143555
vn 0.8808594 -0.037261963 -0.47143555
vn 0.8808594 -0.037261963 -0.47143555
vn 0.8808594 -0.03778076 -0.4716797
vn -0.44702148 -0.068359375 -0.89208984
vn -0.44702148 -0.068359375 -0.89208984
vn -0.44702148 -0.068359375 -0.89208984
vn -0.44702148 -0.06842041 -0.89208984
vn -0.8808594 0.03768921 0.47143555
vn -0.8808594 0.03768921 0.47143555
vn -0.8808594 0.03768921 0.47143555
vn -0.8808594 0.037200928 0.4716797
vn 0.95654297 0.024658203 0.29077148
vn 0.95654297 0.024658203 0.29077148
vn 0.95654297 0.024658203 0.29077148
vn 0.95654297 0.024719238 0.29101562
vn -0.68115234 -0.61328125 0.3996582
vn -0.68115234 -0.61328125 0.3996582
vn -0.68115234 -0.61328125 0.3996582
vn -0.68115234 -0.61328125 0.3996582
vn -0.32104492 -0.72314453 -0.6113281
vn -0.32104492 -0.72314453 -0.6113281
vn -0.32104492 -0.72314453 -0.6113281
vn -0.32104492 -0.72314453 -0.6113281
vn 0.55810547 -0.7885742 -0.25732422
vn 0.55810547 -0.7885742 -0.25732422
vn 0.55810547 -0.7885742 -0.25732422
vn 0.55810547 -0.7885742 -0.25732422
vn 0.30981445 -0.69433594 0.64990234
vn 0.30981445 -0.69433594 0.64990234
vn 0.30981445 -0.69433594 0.64990234
vn 0.30981445 -0.69433594 0.64990234
vn 0.05291748 0.07678223 0.99560547
vn 0.05291748 0.07678223 0.99560547
vn 0.05291748 0.07678223 0.99560547
vn 0.06738281 0.07080078 0.9951172
vn 0.9951172 -0.05444336 -0.07952881
vn 0.9951172 -0.05444336 -0.07952881
vn 0.9951172 -0.05444336 -0.07952881
vn 0.99658203 -0.048858643 -0.066345215
vn -0.06750488 -0.07470703 -0.9951172
vn -0.06750488 -0.07470703 -0.9951172
vn -0.06750488 -0.07470703 -0.9951172
vn -0.06750488 -0.07470703 -0.9951172
vn -0.99658203 0.048858643 0.066345215
vn -0.99658203 0.048858643 0.066345215
vn -0.99658203 0.048858643 0.066345215
vn -0.99658203 0.048828125 0.066345215
vn 0.50683594 -0.08917236 -0.8574219
vn 0.50683594 -0.08917236 -0.8574219
vn 0.50683594 -0.08917236 -0.8574219
vn 0.50683594 -0.08917236 -0.8574219
vn -0.60253906 -0.035858154 -0.7973633
vn -0.60253906 -0.035858154 -0.7973633
vn -0.60253906 -0.035858154 -0.7973633
vn -0.60253906 -0.035858154 -0.7973633
vn -0.67089844 -0.73046875 0.12548828
vn -0.67089844 -0.73046875 0.12548828
vn -0.67089844 -0.73046875 0.12548828
vn -0.67089844 -0.73046875 0.12548828
vn -0.07409668 -0.69628906 -0.7138672
vn -0.07409668 -0.69628906 -0.7138672
vn -0.07409668 -0.69628906 -0.7138672
vn -0.07531738 -0.68652344 -0.72314453
vn 0.61328125 -0.7885742 0.03945923
vn 0.61328125 -0.7885742 0.03945923
vn 0.61328125 -0.7885742 0.03945923
vn 0.61328125 -0.7885742 0.03945923
vn 0.032989502 -0.54052734 0.8408203
vn 0.032989502 -0.54052734 0.8408203
vn 0.032989502 -0.54052734 0.8408203
vn 0.031082153 -0.5517578 0.8334961
vn -0.23962402 -0.05947876 0.9692383
vn -0.23962402 -0.05947876 0.9692383
vn -0.23962402 -0.05947876 0.9692383
vn -0.23962402 -0.05947876 0.9692383
vn 0.97558594 0.11279297 0.18920898
vn 0.97558594 0.11279297 0.18920898
vn 0.97558594 0.11279297 0.18920898
vn 0.97558594 0.11315918 0.18945312
vn 0.23876953 0.06695557 -0.96875
vn 0.23876953 0.06695557 -0.96875
vn 0.23876953 0.06695557 -0.96875
vn 0.23876953 0.06695557 -0.96875
vn -0.97558594 -0.11315918 -0.18920898
vn -0.97558594 -0.11315918 -0.18920898
vn -0.97558594 -0.11315918 -0.18920898
vn -0.97558594 -0.11273193 -0.18945312
vn 0.51416016 0.0357666 0.8569336
vn 0.51416016 0.0357666 0.8569336
vn 0.51416016 0.0357666 0.8569336
vn 0.51416016 0.0357666 0.8569336
vn 0.8486328 0.124694824 -0.51416016
vn 0.8486328 0.124694824 -0.51416016
vn 0.8486328 0.124694824 -0.51416016
vn 0.8486328 0.124694824 -0.51416016
vn -0.51464844 -0.030456543 -0.8569336
vn -0.51464844 -0.030456543 -0.8569336
vn -0.51464844 -0.030456543 -0.8569336
vn -0.51464844 -0.030456543 -0.8569336
vn -0.61083984 -0.7817383 -0.12561035
vn -0.61083984 -0.7817383 -0.12561035
vn -0.61083984 -0.7817383 -0.12561035
vn -0.61083984 -0.7817383 -0.12561035
vn 0.2553711 -0.6538086 -0.71191406
vn 0.2553711 -0.6538086 -0.71191406
vn 0.2553711 -0.6538086 -0.71191406
vn 0.2553711 -0.6538086 -0.71191406
vn 0.7685547 -0.62353516 0.14221191
vn 0.7685547 -0.62353516 0.14221191
vn 0.7685547 -0.62353516 0.14221191
vn 0.7685547 -0.62353516 0.14221191
vn -0.082214355 -0.74853516 0.65771484
vn -0.082214355 -0.74853516 0.65771484
vn -0.082214355 -0.74853516 0.65771484
vn -0.082214355 -0.74853516 0.65771484
vn 0.06402588 0.20690918 0.9760742
vn 0.06402588 0.20690918 0.9760742
vn 0.06402588 0.20690918 0.9760742
vn 0.06402588 0.20690918 0.9760742
vn -0.98535156 0.17004395 0.00024914742
vn -0.98535156 0.17004395 0.00024914742
vn -0.98535156 0.17004395 0.00024914742
vn -0.98535156 0.17016602 0.00036120415
vn -0.06347656 -0.20361328 -0.9770508
vn -0.06347656 -0.20361328 -0.9770508
vn -0.06347656 -0.20361328 -0.9770508
vn -0.06347656 -0.20361328 -0.9770508
vn 0.98535156 -0.17016602 -0.00023341179
vn 0.98535156 -0.17016602 -0.00023341179
vn 0.98535156 -0.17016602 -0.00023341179
vn 0.98535156 -0.17004395 -0.0003838539
vn -0.6503906 0.2705078 0.70947266
vn -0.6503906 0.2705078 0.70947266
vn -0.6503906 0.2705078 0.70947266
vn -0.6503906 0.2705078 0.70947266
vn -0.74072266 -0.019622803 -0.6713867
vn -0.74072266 -0.019622803 -0.6713867
vn -0.74072266 -0.019622803 -0.6713867
vn -0.74072266 -0.019622803 -0.6713867
vn 0.5800781 -0.8022461 0.14111328
vn 0.5800781 -0.8022461 0.14111328
vn 0.5800781 -0.8022461 0.14111328
vn 0.5800781 -0.8022461 0.14111328
vn -0.16125488 -0.8251953 -0.5415039
vn -0.16125488 -0.8251953 -0.5415039
vn -0.16125488 -0.8251953 -0.5415039
vn -0.16125488 -0.8251953 -0.5415039
vn -0.81396484 -0.56347656 0.14208984
vn -0.81396484 -0.56347656 0.14208984
vn -0.81396484 -0.56347656 0.14208984
vn -0.81396484 -0.56347656 0.14208984
vn -0.0715332 -0.5371094 0.84033203
vn -0.0715332 -0.5371094 0.84033203
vn -0.0715332 -0.5371094 0.84033203
vn -0.0715332 -0.5371094 0.84033203
vn 0.67333984 -0.008476257 0.7392578
vn 0.67333984 -0.008476257 0.7392578
vn 0.67333984 -0.008476257 0.7392578
vn 0.64453125 0.004764557 0.76464844
vn -0.6196289 0.013145447 -0.78466797
vn -0.6196289 0.013145447 -0.78466797
vn -0.6196289 0.013145447 -0.78466797
vn -0.6323242 0.008079529 -0.77441406
vn -0.7783203 -0.005508423 0.6279297
vn -0.7783203 -0.005508423 0.6279297
vn -0.7783203 -0.005508423 0.6279297
vn -0.7973633 0.014007568 0.6035156
vn 0.9975586 0.003435135 0.07220459
vn 0.9975586 0.003435135 0.07220459
vn 0.9975586 0.003435135 0.07220459
vn 0.9975586 0.0034370422 0.072265625
vn -0.97314453 0.0030441284 -0.23095703
vn -0.97314453 0.0030441284 -0.23095703
vn -0.97314453 0.0030441284 -0.23095703
vn -0.97314453 0.003042221 -0.23095703
vn -0.60791016 -0.6411133 0.46850586
vn -0.60791016 -0.6411133 0.46850586
vn -0.60791016 -0.6411133 0.46850586
vn -0.60302734 -0.64941406 0.46362305
vn 0.48754883 -0.66308594 0.5683594
vn 0.48754883 -0.66308594 0.5683594
vn 0.48754883 -0.66308594 0.5683594
vn 0.46777344 -0.6879883 0.5546875
vn 0.53466797 0.14025879 0.8334961
vn 0.53466797 0.14025879 0.8334961
vn 0.53466797 0.14025879 0.8334961
vn 0.54785156 0.12854004 0.82666016
vn 0.8408203 -0.036010742 -0.54003906
vn 0.8408203 -0.036010742 -0.54003906
vn 0.8408203 -0.036010742 -0.54003906
vn 0.84472656 -0.027709961 -0.5341797
vn -0.54785156 -0.13696289 -0.8251953
vn -0.54785156 -0.13696289 -0.8251953
vn -0.54785156 -0.13696289 -0.8251953
vn -0.54785156 -0.13696289 -0.8251953
vn -0.84472656 0.02772522 0.53466797
vn -0.84472656 0.02772522 0.53466797
vn -0.84472656 0.02772522 0.53466797
vn -0.84472656 0.027801514 0.5341797
vn 0.9433594 0.0793457 0.32250977
vn 0.9433594 0.0793457 0.32250977
vn 0.9433594 0.0793457 0.32250977
vn 0.9433594 0.0793457 0.32250977
vn 0.17785645 -0.12005615 -0.9765625
vn 0.17785645 -0.12005615 -0.9765625
vn 0.17785645 -0.12005615 -0.9765625
vn 0.17785645 -0.12005615 -0.9765625
vn -0.50439453 -0.74121094 0.4428711
vn -0.50439453 -0.74121094 0.4428711
vn -0.50439453 -0.74121094 0.4428711
vn -0.50439453 -0.74121094 0.4428711
vn -0.33569336 -0.8144531 -0.47338867
vn -0.33569336 -0.8144531 -0.47338867
vn -0.33569336 -0.8144531 -0.47338867
vn -0.3425293 -0.80615234 -0.48242188
vn 0.5839844 -0.7734375 -0.24633789
vn 0.5839844 -0.7734375 -0.24633789
vn 0.5839844 -0.7734375 -0.24633789
vn 0.5839844 -0.7734375 -0.24633789
vn 0.43188477 -0.58984375 0.6821289
vn 0.43188477 -0.58984375 0.6821289
vn 0.43188477 -0.58984375 0.6821289
vn 0.42651367 -0.6010742 0.67626953
vn 0.6279297 0.015319824 0.7783203
vn 0.6279297 0.015319824 0.7783203
vn 0.6279297 0.015319824 0.7783203
vn 0.6279297 0.015312195 0.7783203
vn -0.73535156 -0.008285522 0.6777344
vn -0.73535156 -0.008285522 0.6777344
vn -0.73535156 -0.008285522 0.6777344
vn -0.73583984 -0.009216309 0.6772461
vn -0.6279297 -0.010314941 -0.7783203
vn -0.6279297 -0.010314941 -0.7783203
vn -0.6279297 -0.010314941 -0.7783203
vn -0.6279297 -0.010307312 -0.7783203
vn 0.73535156 0.009208679 -0.6777344
vn 0.73535156 0.009208679 -0.6777344
vn 0.73535156 0.009208679 -0.6777344
vn 0.73583984 0.008285522 -0.6772461
vn -0.24377441 0.0017814636 0.96972656
vn -0.24377441 0.0017814636 0.96972656
vn -0.24377441 0.0017814636 0.96972656
vn -0.24377441 0.0017814636 0.96972656
vn -0.96972656 -0.014190674 -0.24365234
vn -0.96972656 -0.014190674 -0.24365234
vn -0.96972656 -0.014190674 -0.24365234
vn -0.96972656 -0.014198303 -0.24377441
vn 0.24365234 0.0017032623 -0.96972656
vn 0.24365234 0.0017032623 -0.96972656
vn 0.24365234 0.0017032623 -0.96972656
vn 0.24365234 0.001704216 -0.96972656
vn -0.33984375 -0.8383789 -0.42626953
vn -0.33984375 -0.8383789 -0.42626953
vn -0.33984375 -0.8383789 -0.42626953
vn -0.33984375 -0.8383789 -0.42626953
vn 0.4099121 -0.7607422 0.50341797
vn 0.4099121 -0.7607422 0.50341797
vn 0.4099121 -0.7607422 0.50341797
vn 0.4099121 -0.7607422 0.50341797
vn 0.7583008 0.24694824 0.6035156
vn 0.7583008 0.24694824 0.6035156
vn 0.7583008 0.24694824 0.6035156
vn 0.74658203 0.25878906 0.61279297
vn -0.7416992 -0.24084473 -0.62597656
vn -0.7416992 -0.24084473 -0.62597656
vn -0.7416992 -0.24084473 -0.62597656
vn -0.7446289 -0.24584961 -0.62060547
vn -0.6254883 -0.045410156 0.7788086
vn -0.6254883 -0.045410156 0.7788086
vn -0.6254883 -0.045410156 0.7788086
vn -0.65283203 -0.034454346 0.75683594
vn 0.96728516 0.20593262 -0.1496582
vn 0.96728516 0.20593262 -0.1496582
vn 0.96728516 0.20593262 -0.1496582
vn 0.96728516 0.20605469 -0.14953613
vn -0.35131836 -0.65478516 0.6694336
vn -0.35131836 -0.65478516 0.6694336
vn -0.35131836 -0.65478516 0.6694336
vn -0.34545898 -0.66259766 0.6645508
vn 0.6850586 -0.44995117 0.5727539
vn 0.6850586 -0.44995117 0.5727539
vn 0.6850586 -0.44995117 0.5727539
vn 0.67626953 -0.46899414 0.5678711
vn 0.66552734 -0.023117065 0.74609375
vn 0.66552734 -0.023117065 0.74609375
vn 0.66552734 -0.023117065 0.74609375
vn 0.6796875 -0.03778076 0.7324219
vn 0.70410156 -0.084472656 -0.7050781
vn 0.70410156 -0.084472656 -0.7050781
vn 0.70410156 -0.084472656 -0.7050781
vn 0.7133789 -0.0758667 -0.69677734
vn -0.68066406 0.028167725 -0.7319336
vn -0.68066406 0.028167725 -0.7319336
vn -0.68066406 0.028167725 -0.7319336
vn -0.68066406 0.028167725 -0.7319336
vn -0.7133789 0.0758667 0.69677734
vn -0.7133789 0.0758667 0.69677734
vn -0.7133789 0.0758667 0.69677734
vn -0.7133789 0.075927734 0.69677734
vn 0.99072266 -0.0848999 0.10443115
vn 0.99072266 -0.0848999 0.10443115
vn 0.99072266 -0.0848999 0.10443115
vn 0.99072266 -0.0848999 0.10443115
vn -0.05569458 -0.027404785 -0.9980469
vn -0.05569458 -0.027404785 -0.9980469
vn -0.05569458 -0.027404785 -0.9980469
vn -0.05569458 -0.027404785 -0.9980469
vn -0.9921875 0.0715332 -0.10394287
vn -0.9921875 0.0715332 -0.10394287
vn -0.9921875 0.0715332 -0.10394287
vn -0.9921875 0.0715332 -0.10394287
vn -0.5004883 -0.7138672 0.48999023
vn -0.5004883 -0.7138672 0.48999023
vn -0.5004883 -0.7138672 0.48999023
vn -0.5004883 -0.7138672 0.48999023
vn -0.5151367 -0.7109375 -0.47875977
vn -0.5151367 -0.7109375 -0.47875977
vn -0.5151367 -0.7109375 -0.47875977
vn -0.52246094 -0.7011719 -0.4855957
vn 0.4182129 -0.81152344 -0.40795898
vn 0.4182129 -0.81152344 -0.40795898
vn 0.4182129 -0.81152344 -0.40795898
vn 0.4182129 -0.81152344 -0.40795898
vn 0.44311523 -0.70947266 0.54785156
vn 0.44311523 -0.70947266 0.54785156
vn 0.44311523 -0.70947266 0.54785156
vn 0.4350586 -0.71875 0.5419922
vn 0.23999023 0.021331787 0.9707031
vn 0.23999023 0.021331787 0.9707031
vn 0.23999023 0.021331787 0.9707031
vn 0.2602539 -0.005821228 0.96533203
vn 0.9560547 -0.010391235 -0.2932129
vn 0.9560547 -0.010391235 -0.2932129
vn 0.9560547 -0.010391235 -0.2932129
vn 0.95947266 0.008522034 -0.28198242
vn -0.26000977 -0.014266968 -0.96533203
vn -0.26000977 -0.014266968 -0.96533203
vn -0.26000977 -0.014266968 -0.96533203
vn -0.26000977 -0.014266968 -0.96533203
vn -0.95947266 -0.008522034 0.28198242
vn -0.95947266 -0.008522034 0.28198242
vn -0.95947266 -0.008522034 0.28198242
vn -0.95947266 -0.00843811 0.28198242
vn 0.4189453 -0.0052871704 -0.90771484
vn 0.4189453 -0.0052871704 -0.90771484
vn 0.4189453 -0.0052871704 -0.90771484
vn 0.4189453 -0.0052833557 -0.90771484
vn -0.6074219 -0.7685547 0.20227051
vn -0.6074219 -0.7685547 0.20227051
vn -0.6074219 -0.7685547 0.20227051
vn -0.6074219 -0.7685547 0.20227051
vn -0.16870117 -0.7314453 -0.66064453
vn -0.16870117 -0.7314453 -0.66064453
vn -0.16870117 -0.7314453 -0.66064453
vn -0.17260742 -0.72216797 -0.6699219
vn 0.62890625 -0.7607422 -0.16088867
vn 0.62890625 -0.7607422 -0.16088867
vn 0.62890625 -0.7607422 -0.16088867
vn 0.62890625 -0.7607422 -0.16088867
vn 0.19628906 -0.69189453 0.6948242
vn 0.19628906 -0.69189453 0.6948242
vn 0.19628906 -0.69189453 0.6948242
vn 0.19262695 -0.70166016 0.68603516
vn 0.5332031 0.05908203 0.84375
vn 0.5332031 0.05908203 0.84375
vn 0.5332031 0.05908203 0.84375
vn 0.54052734 0.06359863 0.8388672
vn -0.83935547 -0.05621338 0.54052734
vn -0.83935547 -0.05621338 0.54052734
vn -0.83935547 -0.05621338 0.54052734
vn -0.83935547 -0.05618286 0.54052734
vn -0.5332031 -0.060760498 -0.84375
vn -0.5332031 -0.060760498 -0.84375
vn -0.5332031 -0.060760498 -0.84375
vn -0.5410156 -0.057281494 -0.8388672
vn 0.83984375 0.05505371 -0.54052734
vn 0.83984375 0.05505371 -0.54052734
vn 0.83984375 0.05505371 -0.54052734
vn 0.83984375 0.05508423 -0.54052734
vn -0.20178223 0.006095886 0.9794922
vn -0.20178223 0.006095886 0.9794922
vn -0.20178223 0.006095886 0.9794922
vn -0.20166016 0.0061035156 0.9794922
vn -0.9760742 -0.08282471 -0.20056152
vn -0.9760742 -0.08282471 -0.20056152
vn -0.9760742 -0.08282471 -0.20056152
vn -0.9760742 -0.08282471 -0.20056152
vn 0.20141602 -0.0024051666 -0.9794922
vn 0.20141602 -0.0024051666 -0.9794922
vn 0.20141602 -0.0024051666 -0.9794922
vn 0.20141602 -0.002407074 -0.9794922
vn 0.43823242 -0.8725586 -0.21557617
vn 0.43823242 -0.8725586 -0.21557617
vn 0.43823242 -0.8725586 -0.21557617
vn 0.43823242 -0.8725586 -0.21557617
vn -0.1586914 -0.9272461 -0.33935547
vn -0.1586914 -0.9272461 -0.33935547
vn -0.1586914 -0.9272461 -0.33935547
vn -0.1586914 -0.9272461 -0.33935547
vn -0.2915039 -0.9223633 0.2541504
vn -0.2915039 -0.9223633 0.2541504
vn -0.2915039 -0.9223633 0.2541504
vn -0.2915039 -0.9223633 0.2541504
vn 0.31079102 -0.8666992 0.38964844
vn 0.31079102 -0.8666992 0.38964844
vn 0.31079102 -0.8666992 0.38964844
vn 0.31079102 -0.8666992 0.38964844
vn 0.31298828 0.004421234 0.94970703
vn 0.31298828 0.004421234 0.94970703
vn 0.31298828 0.004421234 0.94970703
vn 0.3215332 0.012771606 0.94677734
vn -0.9584961 -0.0013237 0.2849121
vn -0.9584961 -0.0013237 0.2849121
vn -0.9584961 -0.0013237 0.2849121
vn -0.9584961 -0.0011024475 0.28515625
vn -0.31298828 -0.007972717 -0.94970703
vn -0.31298828 -0.007972717 -0.94970703
vn -0.31298828 -0.007972717 -0.94970703
vn -0.32177734 0.0004401207 -0.94677734
vn 0.9584961 -0.0015707016 -0.2849121
vn 0.9584961 -0.0015707016 -0.2849121
vn 0.9584961 -0.0015707016 -0.2849121
vn 0.9584961 -0.0013389587 -0.28515625
vn -0.4345703 0.008522034 0.9003906
vn -0.4345703 0.008522034 0.9003906
vn -0.4345703 0.008522034 0.9003906
vn -0.4345703 0.008529663 0.9003906
vn -0.9003906 -0.006160736 -0.4345703
vn -0.9003906 -0.006160736 -0.4345703
vn -0.9003906 -0.006160736 -0.4345703
vn -0.9003906 -0.006160736 -0.4345703
vn 0.4345703 -0.00077724457 -0.9008789
vn 0.4345703 -0.00077724457 -0.9008789
vn 0.4345703 -0.00077724457 -0.9008789
vn 0.4345703 -0.0007753372 -0.9008789
vn 0.4194336 -0.89990234 -0.12005615
vn 0.4194336 -0.89990234 -0.12005615
vn 0.4194336 -0.89990234 -0.12005615
vn 0.4194336 -0.89990234 -0.12005615
vn -0.13623047 -0.9057617 -0.40161133
vn -0.13623047 -0.9057617 -0.40161133
vn -0.13623047 -0.9057617 -0.40161133
vn -0.13623047 -0.9057617 -0.4013672
vn -0.41430664 -0.9008789 0.12805176
vn -0.41430664 -0.9008789 0.12805176
vn -0.41430664 -0.9008789 0.12805176
vn -0.41430664 -0.9008789 0.12805176
vn 0.14343262 -0.8955078 0.42163086
vn 0.14343262 -0.8955078 0.42163086
vn 0.14343262 -0.8955078 0.42163086
vn 0.14343262 -0.8955078 0.42163086
vn 0.40942383 0.0087890625 0.9121094
vn 0.40942383 0.0087890625 0.9121094
vn 0.40942383 0.0087890625 0.9121094
vn 0.40942383 0.008781433 0.9121094
vn -0.9223633 0.04660034 0.38378906
vn -0.9223633 0.04660034 0.38378906
vn -0.9223633 0.04660034 0.38378906
vn -0.9223633 0.04623413 0.38354492
vn -0.4091797 -0.0036315918 -0.91259766
vn -0.4091797 -0.0036315918 -0.91259766
vn -0.4091797 -0.0036315918 -0.91259766
vn -0.4091797 -0.0036258698 -0.91259766
vn 0.9223633 -0.04623413 -0.38378906
vn 0.9223633 -0.04623413 -0.38378906
vn 0.9223633 -0.04623413 -0.38378906
vn 0.9223633 -0.04660034 -0.38354492
vn -0.4807129 0.04269409 0.87597656
vn -0.4807129 0.04269409 0.87597656
vn -0.4807129 0.04269409 0.87597656
vn -0.4807129 0.04269409 0.87597656
vn -0.87597656 0.025039673 -0.4819336
vn -0.87597656 0.025039673 -0.4819336
vn -0.87597656 0.025039673 -0.4819336
vn -0.87597656 0.025039673 -0.4819336
vn 0.4807129 -0.03918457 -0.87597656
vn 0.4807129 -0.03918457 -0.87597656
vn 0.4807129 -0.03918457 -0.87597656
vn 0.4807129 -0.03918457 -0.87597656
vn -0.26367188 -0.8334961 -0.48510742
vn -0.26367188 -0.8334961 -0.48510742
vn -0.26367188 -0.8334961 -0.48510742
vn -0.26367188 -0.8334961 -0.48510742
vn 0.25878906 -0.7011719 0.6640625
vn 0.25878906 -0.7011719 0.6640625
vn 0.25878906 -0.7011719 0.6640625
vn 0.25878906 -0.7011719 0.6640625
vn 0.055511475 0.0035743713 0.99853516
vn 0.055511475 0.0035743713 0.99853516
vn 0.055511475 0.0035743713 0.99853516
vn 0.055480957 0.0035705566 0.99853516
vn -0.9980469 -0.00012516975 0.060302734
vn -0.9980469 -0.00012516975 0.060302734
vn -0.9980469 -0.00012516975 0.060302734
vn -0.9980469 1.3709068E-06 0.06036377
vn -0.055511475 1.0728836E-06 -0.99853516
vn -0.055511475 1.0728836E-06 -0.99853516
vn -0.055511475 1.0728836E-06 -0.99853516
vn -0.055480957 -2.9206276E-06 -0.99853516
vn 0.9980469 -2.7418137E-06 -0.060302734
vn 0.9980469 -2.7418137E-06 -0.060302734
vn 0.9980469 -2.7418137E-06 -0.060302734
vn 0.9980469 0.00012230873 -0.06036377
vn -0.63671875 0.002527237 0.7709961
vn -0.63671875 0.002527237 0.7709961
vn -0.63671875 0.002527237 0.7709961
vn -0.63671875 0.002527237 0.7709961
vn 0.7709961 0.002527237 0.63671875
vn 0.7709961 0.002527237 0.63671875
vn 0.7709961 0.002527237 0.63671875
vn 0.7709961 0.002527237 0.63671875
vn -0.7709961 1.66893E-06 -0.63671875
vn -0.7709961 1.66893E-06 -0.63671875
vn -0.7709961 1.66893E-06 -0.63671875
vn -0.7709961 6.556511E-07 -0.63671875
vn 0.63671875 -4.6491623E-06 -0.7709961
vn 0.63671875 -4.6491623E-06 -0.7709961
vn 0.63671875 -4.6491623E-06 -0.7709961
vn 0.63671875 -3.5762787E-07 -0.7709961
vn 0.6533203 -0.7558594 -0.039520264
vn 0.6533203 -0.7558594 -0.039520264
vn 0.6533203 -0.7558594 -0.039520264
vn 0.6533203 -0.7558594 -0.039520264
vn -0.036346436 -0.7558594 -0.6538086
vn -0.036346436 -0.7558594 -0.6538086
vn -0.036346436 -0.7558594 -0.6538086
vn -0.036346436 -0.7558594 -0.6538086
vn -0.6533203 -0.7558594 0.039520264
vn -0.6533203 -0.7558594 0.039520264
vn -0.6533203 -0.7558594 0.039520264
vn -0.6533203 -0.7558594 0.039520264
vn 0.036346436 -0.7558594 0.6538086
vn 0.036346436 -0.7558594 0.6538086
vn 0.036346436 -0.7558594 0.6538086
vn 0.036346436 -0.7558594 0.6538086
vn 0.03363037 -0.9951172 0.09259033
vn 0.03363037 -0.9951172 0.09259033
vn 0.03363037 -0.9951172 0.09259033
vn 0.03363037 -0.9951172 0.09259033
vn 0.09637451 -0.9921875 0.07952881
vn 0.09637451 -0.9921875 0.07952881
vn 0.09637451 -0.9921875 0.07952881
vn 0.09637451 -0.9921875 0.07952881
vn 0.027877808 -0.9995117 -0.018814087
vn 0.027877808 -0.9995117 -0.018814087
vn 0.027877808 -0.9995117 -0.018814087
vn 0.027877808 -0.9995117 -0.018814087
vn 0.00484848 -1 0.0048446655
vn 0.00484848 -1 0.0048446655
vn 0.00484848 -1 0.0048446655
vn 0.00484848 -1 0.0048446655
vn 0.08203125 -0.99365234 0.07977295
vn 0.08203125 -0.99365234 0.07977295
vn 0.08203125 -0.99365234 0.07977295
vn 0.08203125 -0.99365234 0.07977295
vn 0.14086914 -0.97265625 0.1850586
vn 0.14086914 -0.97265625 0.1850586
vn 0.14086914 -0.97265625 0.1850586
vn 0.14086914 -0.97265625 0.1850586
vn 0.020233154 -0.9995117 0.011909485
vn 0.020233154 -0.9995117 0.011909485
vn 0.020233154 -0.9995117 0.011909485
vn 0.020233154 -0.9995117 0.011909485
vn -0.054992676 -0.99853516 -0.009979248
vn -0.054992676 -0.99853516 -0.009979248
vn -0.054992676 -0.99853516 -0.009979248
vn -0.05529785 -0.99853516 -0.0101623535
vn 0.0046310425 -0.99853516 0.051849365
vn 0.0046310425 -0.99853516 0.051849365
vn 0.0046310425 -0.99853516 0.051849365
vn 0.0046310425 -0.99853516 0.051849365
vn -0.03265381 -0.99365234 0.10748291
vn -0.03265381 -0.99365234 0.10748291
vn -0.03265381 -0.99365234 0.10748291
vn -0.03265381 -0.99365234 0.10748291
vn 0.11010742 -0.99365234 0.011444092
vn 0.11010742 -0.99365234 0.011444092
vn 0.11010742 -0.99365234 0.011444092
vn 0.11010742 -0.99365234 0.011444092
vn -0.1652832 -0.9658203 0.20031738
vn -0.1652832 -0.9658203 0.20031738
vn -0.1652832 -0.9658203 0.20031738
vn -0.1652832 -0.9658203 0.20031738
vn 0.0044517517 -1 0.0131073
vn 0.0044517517 -1 0.0131073
vn 0.0044517517 -1 0.0131073
vn 0.0044403076 -1 0.0131073
vn 0.05441284 -0.9902344 0.12683105
vn 0.05441284 -0.9902344 0.12683105
vn 0.05441284 -0.9902344 0.12683105
vn 0.05441284 -0.9902344 0.12683105
vn 0.007106781 -1 0.002817154
vn 0.007106781 -1 0.002817154
vn 0.007106781 -1 0.002817154
vn 0.007106781 -1 0.0028190613
vn 0.19580078 -0.9633789 0.18322754
vn 0.19580078 -0.9633789 0.18322754
vn 0.19580078 -0.9633789 0.18322754
vn 0.19213867 -0.96435547 0.18310547
vn -0.0496521 -0.9975586 0.049560547
vn -0.0496521 -0.9975586 0.049560547
vn -0.0496521 -0.9975586 0.049560547
vn -0.0496521 -0.9975586 0.049560547
vn 0.01979065 -0.9995117 0.025390625
vn 0.01979065 -0.9995117 0.025390625
vn 0.01979065 -0.9995117 0.025390625
vn 0.01979065 -0.9995117 0.025390625
vn 0.08062744 -0.99658203 0.022018433
vn 0.08062744 -0.99658203 0.022018433
vn 0.08062744 -0.99658203 0.022018433
vn 0.08062744 -0.99658203 0.022018433
vn 0.0017976761 -1 0.004760742
vn 0.0017976761 -1 0.004760742
vn 0.0017976761 -1 0.004760742
vn 0.0017986298 -1 0.004760742
vn -0.04598999 -0.99853516 0.020996094
vn -0.04598999 -0.99853516 0.020996094
vn -0.04598999 -0.99853516 0.020996094
vn -0.04598999 -0.99853516 0.020996094
vn 1.1920929E-07 -1 -2.026558E-06
vn 1.1920929E-07 -1 -2.026558E-06
vn 1.1920929E-07 -1 -2.026558E-06
vn -0 -1 -1.5497208E-06
vn -0.30249023 0.9350586 -0.18603516
vn -0.30249023 0.9350586 -0.18603516
vn -0.30249023 0.9350586 -0.18603516
vn -0.21533203 0.88916016 0.4033203
vn -0.21533203 0.88916016 0.4033203
vn -0.21533203 0.88916016 0.4033203
vn 0.13513184 0.8149414 -0.56347656
vn 0.13513184 0.8149414 -0.56347656
vn 0.13513184 0.8149414 -0.56347656
vn -0.50390625 0.82666016 -0.25048828
vn -0.50390625 0.82666016 -0.25048828
vn -0.50390625 0.82666016 -0.25048828
vn 0.1505127 0.94140625 0.30151367
vn 0.1505127 0.94140625 0.30151367
vn 0.1505127 0.94140625 0.30151367
vn -0.14733887 0.94140625 -0.30419922
vn -0.14733887 0.94140625 -0.30419922
vn -0.14733887 0.94140625 -0.30419922
vn -0.37670898 0.9223633 0.08380127
vn -0.37670898 0.9223633 0.08380127
vn -0.37670898 0.9223633 0.08380127
vn 0.5366211 0.7583008 -0.37036133
vn 0.5366211 0.7583008 -0.37036133
vn 0.5366211 0.7583008 -0.37036133
vn 0.40527344 0.53222656 0.74316406
vn 0.40527344 0.53222656 0.74316406
vn 0.40527344 0.53222656 0.74316406
vn 0.43945312 0.3527832 0.8261719
vn 0.43945312 0.3527832 0.8261719
vn 0.43945312 0.3527832 0.8261719
vn 0.84277344 0.24951172 -0.47729492
vn 0.84277344 0.24951172 -0.47729492
vn 0.84277344 0.24951172 -0.47729492
vn 0.7714844 0.4326172 -0.46679688
vn 0.7714844 0.4326172 -0.46679688
vn 0.7714844 0.4326172 -0.46679688
vn 0.11279297 0.9926758 -0.03918457
vn 0.11279297 0.9926758 -0.03918457
vn 0.11279297 0.9926758 -0.03918457
vn -0.5473633 0.8310547 0.1005249
vn -0.5473633 0.8310547 0.1005249
vn -0.5473633 0.8310547 0.1005249
vn 0.020950317 0.8769531 -0.48046875
vn 0.020950317 0.8769531 -0.48046875
vn 0.020950317 0.8769531 -0.48046875
vn -0.30737305 0.83740234 -0.45166016
vn -0.30737305 0.83740234 -0.45166016
vn -0.30737305 0.83740234 -0.45166016
vn 0.6513672 0.37182617 0.6616211
vn 0.6513672 0.37182617 0.6616211
vn 0.6513672 0.37182617 0.6616211
vn 0.66748047 0.39501953 0.63134766
vn 0.66748047 0.39501953 0.63134766
vn 0.66748047 0.39501953 0.63134766
vn -0.7089844 0.27685547 0.6484375
vn -0.7089844 0.27685547 0.6484375
vn -0.7089844 0.27685547 0.6484375
vn -0.7519531 0.22192383 0.62060547
vn -0.7519531 0.22192383 0.62060547
vn -0.7519531 0.22192383 0.62060547
vn 0.6645508 0.25170898 -0.7036133
vn 0.6645508 0.25170898 -0.7036133
vn 0.6645508 0.25170898 -0.7036133
vn 0.6040039 0.28808594 -0.74316406
vn 0.6040039 0.28808594 -0.74316406
vn 0.6040039 0.28808594 -0.74316406
vn -0.69628906 0.1472168 -0.7026367
vn -0.69628906 0.1472168 -0.7026367
vn -0.69628906 0.1472168 -0.7026367
vn -0.6777344 0.124572754 -0.7246094
vn -0.6777344 0.124572754 -0.7246094
vn -0.6777344 0.124572754 -0.7246094
vn -0.10180664 0.9790039 0.17626953
vn -0.10180664 0.9790039 0.17626953
vn -0.10180664 0.9790039 0.17626953
vn -0.08581543 0.99609375 -0.000992775
vn -0.08581543 0.99609375 -0.000992775
vn -0.08581543 0.99609375 -0.000992775
vn -0.6176758 0.7832031 -0.07165527
vn -0.6176758 0.7832031 -0.07165527
vn -0.6176758 0.7832031 -0.07165527
vn -0.67626953 0.73291016 -0.07196045
vn -0.67626953 0.73291016 -0.07196045
vn -0.67626953 0.73291016 -0.07196045
vn 0.13439941 0.98876953 -0.062561035
vn 0.13439941 0.98876953 -0.062561035
vn 0.13439941 0.98876953 -0.062561035
vn 0.4350586 0.8984375 -0.05886841
vn 0.4350586 0.8984375 -0.05886841
vn 0.4350586 0.8984375 -0.05886841
vn -0.25585938 0.94873047 -0.18493652
vn -0.25585938 0.94873047 -0.18493652
vn -0.25585938 0.94873047 -0.18493652
vn -0.3762207 0.84033203 0.39013672
vn -0.3762207 0.84033203 0.39013672
vn -0.3762207 0.84033203 0.39013672
vn 0.28930664 0.87109375 -0.39648438
vn 0.28930664 0.87109375 -0.39648438
vn 0.28930664 0.87109375 -0.39648438
vn -0.41845703 0.84765625 -0.32592773
vn -0.41845703 0.84765625 -0.32592773
vn -0.41845703 0.84765625 -0.32592773
vn 0.01838684 0.9033203 0.42797852
vn 0.01838684 0.9033203 0.42797852
vn 0.01838684 0.9033203 0.42797852
vn -0.06561279 0.9682617 -0.24157715
vn -0.06561279 0.9682617 -0.24157715
vn -0.06561279 0.9682617 -0.24157715
vn -0.43798828 0.8964844 0.069885254
vn -0.43798828 0.8964844 0.069885254
vn -0.43798828 0.8964844 0.069885254
vn 0.5991211 0.79589844 -0.08526611
vn 0.5991211 0.79589844 -0.08526611
vn 0.5991211 0.79589844 -0.08526611
vn 0.11804199 0.4501953 0.8852539
vn 0.11804199 0.4501953 0.8852539
vn 0.11804199 0.4501953 0.8852539
vn 0.12927246 0.2631836 0.9560547
vn 0.12927246 0.2631836 0.9560547
vn 0.12927246 0.2631836 0.9560547
vn 0.9423828 0.30078125 -0.14794922
vn 0.9423828 0.30078125 -0.14794922
vn 0.9423828 0.30078125 -0.14794922
vn 0.8652344 0.48120117 -0.13952637
vn 0.8652344 0.48120117 -0.13952637
vn 0.8652344 0.48120117 -0.13952637
vn -0.21984863 0.9560547 -0.1932373
vn -0.21984863 0.9560547 -0.1932373
vn -0.21984863 0.9560547 -0.1932373
vn -0.35375977 0.8544922 0.38012695
vn -0.35375977 0.8544922 0.38012695
vn -0.35375977 0.8544922 0.38012695
vn 0.32592773 0.8588867 -0.3947754
vn 0.32592773 0.8588867 -0.3947754
vn 0.32592773 0.8588867 -0.3947754
vn -0.38330078 0.8598633 -0.33691406
vn -0.38330078 0.8598633 -0.33691406
vn -0.38330078 0.8598633 -0.33691406
vn 0.062469482 0.90283203 0.42504883
vn 0.062469482 0.90283203 0.42504883
vn 0.062469482 0.90283203 0.42504883
vn -0.053771973 0.9692383 -0.2401123
vn -0.053771973 0.9692383 -0.2401123
vn -0.053771973 0.9692383 -0.2401123
vn -0.6665039 0.7338867 0.12988281
vn -0.6665039 0.7338867 0.12988281
vn -0.6665039 0.7338867 0.12988281
vn -0.6088867 0.7841797 0.11975098
vn -0.6088867 0.7841797 0.11975098
vn -0.6088867 0.7841797 0.11975098
vn -0.40551758 0.91259766 0.05505371
vn -0.40551758 0.91259766 0.05505371
vn -0.40551758 0.91259766 0.05505371
vn 0.5913086 0.7963867 -0.12536621
vn 0.5913086 0.7963867 -0.12536621
vn 0.5913086 0.7963867 -0.12536621
vn 0.18017578 0.4482422 0.8754883
vn 0.18017578 0.4482422 0.8754883
vn 0.18017578 0.4482422 0.8754883
vn 0.18920898 0.26220703 0.94628906
vn 0.18920898 0.26220703 0.94628906
vn 0.18920898 0.26220703 0.94628906
vn 0.9448242 0.265625 -0.19165039
vn 0.9448242 0.265625 -0.19165039
vn 0.9448242 0.265625 -0.19165039
vn 0.8745117 0.44726562 -0.1887207
vn 0.8745117 0.44726562 -0.1887207
vn 0.8745117 0.44726562 -0.1887207
vn 0.4794922 0.87646484 0.038513184
vn 0.4794922 0.87646484 0.038513184
vn 0.4794922 0.87646484 0.038513184
vn -0.17602539 0.8823242 0.4362793
vn -0.17602539 0.8823242 0.4362793
vn -0.17602539 0.8823242 0.4362793
vn 0.027740479 0.8198242 -0.5722656
vn 0.027740479 0.8198242 -0.5722656
vn 0.027740479 0.8198242 -0.5722656
vn -0.5576172 0.8129883 -0.16723633
vn -0.5576172 0.8129883 -0.16723633
vn -0.5576172 0.8129883 -0.16723633
vn 0.17419434 0.94433594 0.27856445
vn 0.17419434 0.94433594 0.27856445
vn 0.17419434 0.94433594 0.27856445
vn 0.20861816 0.9199219 0.3322754
vn 0.20861816 0.9199219 0.3322754
vn 0.20861816 0.9199219 0.3322754
vn 0.47998047 0.7553711 -0.44580078
vn 0.47998047 0.7553711 -0.44580078
vn 0.47998047 0.7553711 -0.44580078
vn 0.4638672 0.77001953 -0.43774414
vn 0.4638672 0.77001953 -0.43774414
vn 0.4638672 0.77001953 -0.43774414
vn 0.47314453 0.5410156 0.6953125
vn 0.47314453 0.5410156 0.6953125
vn 0.47314453 0.5410156 0.6953125
vn 0.4440918 0.6166992 0.64990234
vn 0.4440918 0.6166992 0.64990234
vn 0.4440918 0.6166992 0.64990234
vn 0.063964844 0.9682617 -0.24230957
vn 0.063964844 0.9682617 -0.24230957
vn 0.063964844 0.9682617 -0.24230957
vn -0.4609375 0.8647461 0.19970703
vn -0.4609375 0.8647461 0.19970703
vn -0.4609375 0.8647461 0.19970703
vn -0.21313477 0.7919922 -0.5722656
vn -0.21313477 0.7919922 -0.5722656
vn -0.21313477 0.7919922 -0.5722656
vn -0.49316406 0.7753906 -0.3947754
vn -0.49316406 0.7753906 -0.3947754
vn -0.49316406 0.7753906 -0.3947754
vn 0.87060547 0.43188477 0.23522949
vn 0.87060547 0.43188477 0.23522949
vn 0.87060547 0.43188477 0.23522949
vn 0.87109375 0.44921875 0.19787598
vn 0.87109375 0.44921875 0.19787598
vn 0.87109375 0.44921875 0.19787598
vn -0.35009766 0.4091797 0.84277344
vn -0.35009766 0.4091797 0.84277344
vn -0.35009766 0.4091797 0.84277344
vn -0.3996582 0.35302734 0.8461914
vn -0.3996582 0.35302734 0.8461914
vn -0.3996582 0.35302734 0.8461914
vn 0.27514648 0.10668945 -0.9555664
vn 0.27514648 0.10668945 -0.9555664
vn 0.27514648 0.10668945 -0.9555664
vn 0.20251465 0.14001465 -0.9692383
vn 0.20251465 0.14001465 -0.9692383
vn 0.20251465 0.14001465 -0.9692383
vn -0.9394531 0.07678223 -0.33374023
vn -0.9394531 0.07678223 -0.33374023
vn -0.9394531 0.07678223 -0.33374023
vn -0.9326172 0.050201416 -0.35766602
vn -0.9326172 0.050201416 -0.35766602
vn -0.9326172 0.050201416 -0.35766602
vn -0.04598999 0.9975586 0.05053711
vn -0.04598999 0.9975586 0.05053711
vn -0.04598999 0.9975586 0.05053711
vn -0.10205078 0.98779297 -0.11682129
vn -0.10205078 0.98779297 -0.11682129
vn -0.10205078 0.98779297 -0.11682129
vn -0.60009766 0.79541016 0.08679199
vn -0.60009766 0.79541016 0.08679199
vn -0.60009766 0.79541016 0.08679199
vn -0.6513672 0.74902344 0.12054443
vn -0.6513672 0.74902344 0.12054443
vn -0.6513672 0.74902344 0.12054443
vn 0.07287598 0.95947266 -0.27197266
vn 0.07287598 0.95947266 -0.27197266
vn 0.07287598 0.95947266 -0.27197266
vn 0.34521484 0.8544922 -0.3876953
vn 0.34521484 0.8544922 -0.3876953
vn 0.34521484 0.8544922 -0.3876953
vn -0.060516357 0.4260254 0.90283203
vn -0.060516357 0.4260254 0.90283203
vn -0.060516357 0.4260254 0.90283203
vn 0.88134766 0.43310547 0.18908691
vn 0.88134766 0.43310547 0.18908691
vn 0.88134766 0.43310547 0.18908691
vn -0.3017578 0.8208008 0.48461914
vn -0.3017578 0.8208008 0.48461914
vn -0.3017578 0.8208008 0.48461914
vn 0.5527344 0.73876953 0.3852539
vn 0.5527344 0.73876953 0.3852539
vn 0.5527344 0.73876953 0.3852539
vn -0.40014648 0.83691406 -0.3737793
vn -0.40014648 0.83691406 -0.3737793
vn -0.40014648 0.83691406 -0.3737793
vn 0.45458984 0.7548828 -0.47314453
vn 0.45458984 0.7548828 -0.47314453
vn 0.45458984 0.7548828 -0.47314453
vn -0.19787598 0.52490234 0.828125
vn -0.19787598 0.52490234 0.828125
vn -0.19787598 0.52490234 0.828125
vn 0.8925781 0.3876953 0.22973633
vn 0.8925781 0.3876953 0.22973633
vn 0.8925781 0.3876953 0.22973633
vn -0.7817383 0.54541016 -0.30200195
vn -0.7817383 0.54541016 -0.30200195
vn -0.7817383 0.54541016 -0.30200195
vn 0.32543945 0.40551758 -0.8540039
vn 0.32543945 0.40551758 -0.8540039
vn 0.32543945 0.40551758 -0.8540039
vn -0.30493164 0.8232422 0.47851562
vn -0.30493164 0.8232422 0.47851562
vn -0.30493164 0.8232422 0.47851562
vn 0.4111328 0.8027344 0.43164062
vn 0.4111328 0.8027344 0.43164062
vn 0.4111328 0.8027344 0.43164062
vn -0.35913086 0.72802734 -0.5839844
vn -0.35913086 0.72802734 -0.5839844
vn -0.35913086 0.72802734 -0.5839844
vn 0.3503418 0.69433594 -0.62841797
vn 0.3503418 0.69433594 -0.62841797
vn 0.3503418 0.69433594 -0.62841797
vn -0.57910156 0.74902344 0.3215332
vn -0.57910156 0.74902344 0.3215332
vn -0.57910156 0.74902344 0.3215332
vn 0.19543457 0.82910156 0.5234375
vn 0.19543457 0.82910156 0.5234375
vn 0.19543457 0.82910156 0.5234375
vn -0.3959961 0.7944336 -0.46069336
vn -0.3959961 0.7944336 -0.46069336
vn -0.3959961 0.7944336 -0.46069336
vn 0.37695312 0.88964844 -0.25805664
vn 0.37695312 0.88964844 -0.25805664
vn 0.37695312 0.88964844 -0.25805664
vn 0.5390625 0.8339844 0.1171875
vn 0.5390625 0.8339844 0.1171875
vn 0.5390625 0.8339844 0.1171875
vn 0.62841797 0.76708984 0.12854004
vn 0.62841797 0.76708984 0.12854004
vn 0.62841797 0.76708984 0.12854004
vn 0.86572266 0.47045898 0.17138672
vn 0.86572266 0.47045898 0.17138672
vn 0.86572266 0.47045898 0.17138672
vn 0.8017578 0.57421875 0.16552734
vn 0.8017578 0.57421875 0.16552734
vn 0.8017578 0.57421875 0.16552734
vn -0.9404297 0.28881836 -0.17858887
vn -0.9404297 0.28881836 -0.17858887
vn -0.9404297 0.28881836 -0.17858887
vn -0.92089844 0.3474121 -0.17675781
vn -0.92089844 0.3474121 -0.17675781
vn -0.92089844 0.3474121 -0.17675781
vn 0.7421875 0.4206543 0.52197266
vn 0.7421875 0.4206543 0.52197266
vn 0.7421875 0.4206543 0.52197266
vn -0.49975586 0.6845703 0.53027344
vn -0.49975586 0.6845703 0.53027344
vn -0.49975586 0.6845703 0.53027344
vn 0.66064453 0.15710449 -0.7338867
vn 0.66064453 0.15710449 -0.7338867
vn 0.66064453 0.15710449 -0.7338867
vn -0.5800781 0.42822266 -0.6928711
vn -0.5800781 0.42822266 -0.6928711
vn -0.5800781 0.42822266 -0.6928711
vn -0.019073486 0.7705078 0.63671875
vn -0.019073486 0.7705078 0.63671875
vn -0.019073486 0.7705078 0.63671875
vn 0.65478516 0.75439453 0.051818848
vn 0.65478516 0.75439453 0.051818848
vn 0.65478516 0.75439453 0.051818848
vn -0.7211914 0.60839844 -0.3305664
vn -0.7211914 0.60839844 -0.3305664
vn -0.7211914 0.60839844 -0.3305664
vn -0.1973877 0.60253906 -0.7734375
vn -0.1973877 0.60253906 -0.7734375
vn -0.1973877 0.60253906 -0.7734375
vn -0.95458984 0.19091797 -0.22839355
vn -0.95458984 0.19091797 -0.22839355
vn -0.95458984 0.19091797 -0.22839355
vn -0.875 0.27661133 -0.39770508
vn -0.875 0.27661133 -0.39770508
vn -0.875 0.27661133 -0.39770508
vn -0.07305908 0.2541504 -0.96435547
vn -0.07305908 0.2541504 -0.96435547
vn -0.07305908 0.2541504 -0.96435547
vn -0.26245117 0.14794922 -0.9536133
vn -0.26245117 0.14794922 -0.9536133
vn -0.26245117 0.14794922 -0.9536133
vn -0.46069336 0.6455078 -0.609375
vn -0.46069336 0.6455078 -0.609375
vn -0.46069336 0.6455078 -0.609375
vn -0.48632812 0.5991211 -0.63623047
vn -0.48632812 0.5991211 -0.63623047
vn -0.48632812 0.5991211 -0.63623047
vn 0.60595703 0.44580078 0.6586914
vn 0.60595703 0.44580078 0.6586914
vn 0.60595703 0.44580078 0.6586914
vn 0.6274414 0.39257812 0.6723633
vn 0.6274414 0.39257812 0.6723633
vn 0.6274414 0.39257812 0.6723633
vn 0.7548828 0.30566406 -0.5800781
vn 0.7548828 0.30566406 -0.5800781
vn 0.7548828 0.30566406 -0.5800781
vn 0.7192383 0.44189453 -0.53564453
vn 0.7192383 0.44189453 -0.53564453
vn 0.7192383 0.44189453 -0.53564453
vn -0.7084961 0.41748047 0.56884766
vn -0.7084961 0.41748047 0.56884766
vn -0.7084961 0.41748047 0.56884766
vn -0.7363281 0.30517578 0.6040039
vn -0.7363281 0.30517578 0.6040039
vn -0.7363281 0.30517578 0.6040039
vn -0.18969727 0.5283203 0.8276367
vn -0.18969727 0.5283203 0.8276367
vn -0.18969727 0.5283203 0.8276367
vn 0.83154297 0.50439453 0.23327637
vn 0.83154297 0.50439453 0.23327637
vn 0.83154297 0.50439453 0.23327637
vn -0.28393555 0.9560547 -0.07165527
vn -0.28393555 0.9560547 -0.07165527
vn -0.28393555 0.9560547 -0.07165527
vn -0.14123535 0.8544922 0.49975586
vn -0.14123535 0.8544922 0.49975586
vn -0.14123535 0.8544922 0.49975586
vn 0.109802246 0.8588867 -0.5
vn 0.109802246 0.8588867 -0.5
vn 0.109802246 0.8588867 -0.5
vn -0.49487305 0.8598633 -0.12463379
vn -0.49487305 0.8598633 -0.12463379
vn -0.49487305 0.8598633 -0.12463379
vn 0.24963379 0.90283203 0.34960938
vn 0.24963379 0.90283203 0.34960938
vn 0.24963379 0.90283203 0.34960938
vn -0.1574707 0.9692383 -0.18908691
vn -0.1574707 0.9692383 -0.18908691
vn -0.1574707 0.9692383 -0.18908691
vn -0.52685547 0.70214844 0.4790039
vn -0.52685547 0.70214844 0.4790039
vn -0.52685547 0.70214844 0.4790039
vn -0.4411621 0.80126953 0.40429688
vn -0.4411621 0.80126953 0.40429688
vn -0.4411621 0.80126953 0.40429688
vn -0.33984375 0.9003906 0.27075195
vn -0.33984375 0.9003906 0.27075195
vn -0.33984375 0.9003906 0.27075195
vn 0.42236328 0.8125 -0.40185547
vn 0.42236328 0.8125 -0.40185547
vn 0.42236328 0.8125 -0.40185547
vn 0.5600586 0.4482422 0.69677734
vn 0.5600586 0.4482422 0.69677734
vn 0.5600586 0.4482422 0.69677734
vn 0.60009766 0.26220703 0.7553711
vn 0.60009766 0.26220703 0.7553711
vn 0.60009766 0.26220703 0.7553711
vn 0.7084961 0.26220703 -0.65527344
vn 0.7084961 0.26220703 -0.65527344
vn 0.7084961 0.26220703 -0.65527344
vn 0.64990234 0.4416504 -0.61865234
vn 0.64990234 0.4416504 -0.61865234
vn 0.64990234 0.4416504 -0.61865234
vn -0.070129395 0.8510742 0.5205078
vn -0.070129395 0.8510742 0.5205078
vn -0.070129395 0.8510742 0.5205078
vn 0.46826172 0.86279297 -0.19116211
vn 0.46826172 0.86279297 -0.19116211
vn 0.46826172 0.86279297 -0.19116211
vn -0.88720703 0.3935547 -0.23999023
vn -0.88720703 0.3935547 -0.23999023
vn -0.88720703 0.3935547 -0.23999023
vn -0.46777344 0.4111328 -0.78222656
vn -0.46777344 0.4111328 -0.78222656
vn -0.46777344 0.4111328 -0.78222656
vn -0.99853516 -0.037017822 -0.03591919
vn -0.99853516 -0.037017822 -0.03591919
vn -0.99853516 -0.037017822 -0.03591919
vn -0.97314453 0.03189087 -0.22827148
vn -0.97314453 0.03189087 -0.22827148
vn -0.97314453 0.03189087 -0.22827148
vn -0.3071289 0.06518555 -0.94921875
vn -0.3071289 0.06518555 -0.94921875
vn -0.3071289 0.06518555 -0.94921875
vn -0.46289062 -0.0715332 -0.8833008
vn -0.46289062 -0.0715332 -0.8833008
vn -0.46289062 -0.0715332 -0.8833008
vn -0.68066406 0.4309082 -0.59228516
vn -0.68066406 0.4309082 -0.59228516
vn -0.68066406 0.4309082 -0.59228516
vn -0.69921875 0.38085938 -0.60546875
vn -0.69921875 0.38085938 -0.60546875
vn -0.69921875 0.38085938 -0.60546875
vn 0.5942383 0.66015625 0.45947266
vn 0.5942383 0.66015625 0.45947266
vn 0.5942383 0.66015625 0.45947266
vn 0.6245117 0.6152344 0.4814453
vn 0.6245117 0.6152344 0.4814453
vn 0.6245117 0.6152344 0.4814453
vn 0.54541016 0.33935547 -0.76660156
vn 0.54541016 0.33935547 -0.76660156
vn 0.54541016 0.33935547 -0.76660156
vn 0.4897461 0.4716797 -0.73339844
vn 0.4897461 0.4716797 -0.73339844
vn 0.4897461 0.4716797 -0.73339844
vn -0.6640625 0.36645508 0.65185547
vn -0.6640625 0.36645508 0.65185547
vn -0.6640625 0.36645508 0.65185547
vn -0.6591797 0.25854492 0.7060547
vn -0.6591797 0.25854492 0.7060547
vn -0.6591797 0.25854492 0.7060547
vn 0.074157715 0.45410156 0.8876953
vn 0.074157715 0.45410156 0.8876953
vn 0.074157715 0.45410156 0.8876953
vn 0.92822266 0.36376953 0.07635498
vn 0.92822266 0.36376953 0.07635498
vn 0.92822266 0.36376953 0.07635498
vn -0.3881836 0.4260254 0.8173828
vn -0.3881836 0.4260254 0.8173828
vn -0.3881836 0.4260254 0.8173828
vn 0.75 0.43310547 0.5
vn 0.75 0.43310547 0.5
vn 0.75 0.43310547 0.5
vn 0.115722656 0.98779297 -0.10424805
vn 0.115722656 0.98779297 -0.10424805
vn 0.115722656 0.98779297 -0.10424805
vn -0.3630371 0.8510742 0.3791504
vn -0.3630371 0.8510742 0.3791504
vn -0.3630371 0.8510742 0.3791504
vn -0.21008301 0.8828125 -0.41967773
vn -0.21008301 0.8828125 -0.41967773
vn -0.21008301 0.8828125 -0.41967773
vn -0.46899414 0.8569336 -0.21362305
vn -0.46899414 0.8569336 -0.21362305
vn -0.46899414 0.8569336 -0.21362305
vn 0.9243164 0.33325195 0.18676758
vn 0.9243164 0.33325195 0.18676758
vn 0.9243164 0.33325195 0.18676758
vn 0.921875 0.35620117 0.15258789
vn 0.921875 0.35620117 0.15258789
vn 0.921875 0.35620117 0.15258789
vn -0.21862793 0.29541016 0.9301758
vn -0.21862793 0.29541016 0.9301758
vn -0.21862793 0.29541016 0.9301758
vn -0.27197266 0.24267578 0.93115234
vn -0.27197266 0.24267578 0.93115234
vn -0.27197266 0.24267578 0.93115234
vn 0.1743164 0.23547363 -0.9560547
vn 0.1743164 0.23547363 -0.9560547
vn 0.1743164 0.23547363 -0.9560547
vn 0.10357666 0.27514648 -0.9560547
vn 0.10357666 0.27514648 -0.9560547
vn 0.10357666 0.27514648 -0.9560547
vn -0.9614258 0.18774414 -0.2006836
vn -0.9614258 0.18774414 -0.2006836
vn -0.9614258 0.18774414 -0.2006836
vn -0.95947266 0.16467285 -0.2290039
vn -0.95947266 0.16467285 -0.2290039
vn -0.95947266 0.16467285 -0.2290039
vn 0.055908203 0.9794922 0.1940918
vn 0.055908203 0.9794922 0.1940918
vn 0.055908203 0.9794922 0.1940918
vn -0.028167725 0.99902344 0.037475586
vn -0.028167725 0.99902344 0.037475586
vn -0.028167725 0.99902344 0.037475586
vn -0.51904297 0.80908203 0.27514648
vn -0.51904297 0.80908203 0.27514648
vn -0.51904297 0.80908203 0.27514648
vn -0.5703125 0.76171875 0.30786133
vn -0.5703125 0.76171875 0.30786133
vn -0.5703125 0.76171875 0.30786133
vn 0.12054443 0.98339844 -0.13562012
vn 0.12054443 0.98339844 -0.13562012
vn 0.12054443 0.98339844 -0.13562012
vn 0.36865234 0.8803711 -0.29833984
vn 0.36865234 0.8803711 -0.29833984
vn 0.36865234 0.8803711 -0.29833984
vn 0.2076416 0.97753906 -0.036865234
vn 0.2076416 0.97753906 -0.036865234
vn 0.2076416 0.97753906 -0.036865234
vn -0.38330078 0.8696289 0.31054688
vn -0.38330078 0.8696289 0.31054688
vn -0.38330078 0.8696289 0.31054688
vn -0.037506104 0.9042969 -0.4255371
vn -0.037506104 0.9042969 -0.4255371
vn -0.037506104 0.9042969 -0.4255371
vn -0.3400879 0.89453125 -0.28955078
vn -0.3400879 0.89453125 -0.28955078
vn -0.3400879 0.89453125 -0.28955078
vn 0.87158203 0.25683594 0.4177246
vn 0.87158203 0.25683594 0.4177246
vn 0.87158203 0.25683594 0.4177246
vn 0.87939453 0.28051758 0.38476562
vn 0.87939453 0.28051758 0.38476562
vn 0.87939453 0.28051758 0.38476562
vn -0.4182129 0.29467773 0.859375
vn -0.4182129 0.29467773 0.859375
vn -0.4182129 0.29467773 0.859375
vn -0.47387695 0.24633789 0.84521484
vn -0.47387695 0.24633789 0.84521484
vn -0.47387695 0.24633789 0.84521484
vn 0.4194336 0.23840332 -0.87597656
vn 0.4194336 0.23840332 -0.87597656
vn 0.4194336 0.23840332 -0.87597656
vn 0.35375977 0.28344727 -0.8911133
vn 0.35375977 0.28344727 -0.8911133
vn 0.35375977 0.28344727 -0.8911133
vn -0.8671875 0.265625 -0.42138672
vn -0.8671875 0.265625 -0.42138672
vn -0.8671875 0.265625 -0.42138672
vn -0.8598633 0.24304199 -0.4489746
vn -0.8598633 0.24304199 -0.4489746
vn -0.8598633 0.24304199 -0.4489746
vn 0.07611084 0.9682617 0.23754883
vn 0.07611084 0.9682617 0.23754883
vn 0.07611084 0.9682617 0.23754883
vn 0.034576416 0.9970703 0.06604004
vn 0.034576416 0.9970703 0.06604004
vn 0.034576416 0.9970703 0.06604004
vn -0.50634766 0.8491211 0.14929199
vn -0.50634766 0.8491211 0.14929199
vn -0.50634766 0.8491211 0.14929199
vn -0.59472656 0.78515625 0.17114258
vn -0.59472656 0.78515625 0.17114258
vn -0.59472656 0.78515625 0.17114258
vn 0.2154541 0.97509766 -0.055847168
vn 0.2154541 0.97509766 -0.055847168
vn 0.2154541 0.97509766 -0.055847168
vn 0.51171875 0.84521484 -0.15454102
vn 0.51171875 0.84521484 -0.15454102
vn 0.51171875 0.84521484 -0.15454102
vn -0.2043457 0.9663086 -0.15759277
vn -0.2043457 0.9663086 -0.15759277
vn -0.2043457 0.9663086 -0.15759277
vn -0.2166748 0.875 0.43286133
vn -0.2166748 0.875 0.43286133
vn -0.2166748 0.875 0.43286133
vn 0.27905273 0.83740234 -0.47021484
vn 0.27905273 0.83740234 -0.47021484
vn 0.27905273 0.83740234 -0.47021484
vn -0.39990234 0.87841797 -0.2607422
vn -0.39990234 0.87841797 -0.2607422
vn -0.39990234 0.87841797 -0.2607422
vn 0.18798828 0.90185547 0.38891602
vn 0.18798828 0.90185547 0.38891602
vn 0.18798828 0.90185547 0.38891602
vn -0.053375244 0.96972656 -0.23852539
vn -0.053375244 0.96972656 -0.23852539
vn -0.053375244 0.96972656 -0.23852539
vn -0.5786133 0.77978516 0.23937988
vn -0.5786133 0.77978516 0.23937988
vn -0.5786133 0.77978516 0.23937988
vn -0.5385742 0.8125 0.22424316
vn -0.5385742 0.8125 0.22424316
vn -0.5385742 0.8125 0.22424316
vn -0.32641602 0.93896484 0.10675049
vn -0.32641602 0.93896484 0.10675049
vn -0.32641602 0.93896484 0.10675049
vn 0.6035156 0.7558594 -0.2541504
vn 0.6035156 0.7558594 -0.2541504
vn 0.6035156 0.7558594 -0.2541504
vn 0.38720703 0.4416504 0.80908203
vn 0.38720703 0.4416504 0.80908203
vn 0.38720703 0.4416504 0.80908203
vn 0.3984375 0.25610352 0.8808594
vn 0.3984375 0.25610352 0.8808594
vn 0.3984375 0.25610352 0.8808594
vn 0.90234375 0.21154785 -0.37573242
vn 0.90234375 0.21154785 -0.37573242
vn 0.90234375 0.21154785 -0.37573242
vn 0.84228516 0.3972168 -0.3642578
vn 0.84228516 0.3972168 -0.3642578
vn 0.84228516 0.3972168 -0.3642578
vn 0.63134766 0.57421875 0.5209961
vn 0.63134766 0.57421875 0.5209961
vn 0.63134766 0.57421875 0.5209961
vn -0.5253906 0.5649414 0.63623047
vn -0.5253906 0.5649414 0.63623047
vn -0.5253906 0.5649414 0.63623047
vn 0.5253906 0.5649414 -0.63623047
vn 0.5253906 0.5649414 -0.63623047
vn 0.5253906 0.5649414 -0.63623047
vn -0.63134766 0.57421875 -0.5214844
vn -0.63134766 0.57421875 -0.5214844
vn -0.63134766 0.57421875 -0.5214844
vn 0.9160156 0.2529297 0.31176758
vn 0.9160156 0.2529297 0.31176758
vn 0.9160156 0.2529297 0.31176758
vn 0.9160156 0.2529297 0.31176758
vn -0.33642578 0.39697266 0.8540039
vn -0.33642578 0.39697266 0.8540039
vn -0.33642578 0.39697266 0.8540039
vn -0.33642578 0.39697266 0.8540039
vn 0.30615234 0.25610352 -0.9169922
vn 0.30615234 0.25610352 -0.9169922
vn 0.30615234 0.25610352 -0.9169922
vn 0.30615234 0.25610352 -0.9169922
vn -0.9013672 0.25732422 -0.34814453
vn -0.9013672 0.25732422 -0.34814453
vn -0.9013672 0.25732422 -0.34814453
vn -0.9013672 0.25732422 -0.34814453
vn -0.5932617 0.7709961 0.23095703
vn -0.5932617 0.7709961 0.23095703
vn -0.5932617 0.7709961 0.23095703
vn -0.5961914 0.7685547 0.23278809
vn -0.23632812 0.8515625 -0.46801758
vn -0.23632812 0.8515625 -0.46801758
vn -0.23632812 0.8515625 -0.46801758
vn -0.23718262 0.85058594 -0.46948242
vn -0.8100586 0.4440918 0.38305664
vn -0.8100586 0.4440918 0.38305664
vn -0.8100586 0.4440918 0.38305664
vn -0.8100586 0.4440918 0.38305664
vn -0.43798828 0.34423828 -0.8305664
vn -0.43798828 0.34423828 -0.8305664
vn -0.43798828 0.34423828 -0.8305664
vn -0.43798828 0.34423828 -0.8305664
vn -0.0758667 0.8666992 -0.49291992
vn -0.0758667 0.8666992 -0.49291992
vn -0.0758667 0.8666992 -0.49291992
vn -0.07458496 0.8623047 -0.5004883
vn -0.059173584 0.42382812 0.9038086
vn -0.059173584 0.42382812 0.9038086
vn -0.059173584 0.42382812 0.9038086
vn -0.05923462 0.41748047 0.9067383
vn -0.9658203 0.2553711 -0.042053223
vn -0.9658203 0.2553711 -0.042053223
vn -0.9658203 0.2553711 -0.042053223
vn -0.953125 0.2998047 -0.04272461
vn -0.010620117 0.2932129 -0.9560547
vn -0.010620117 0.2932129 -0.9560547
vn -0.010620117 0.2932129 -0.9560547
vn -0.010437012 0.29223633 -0.9560547
vn 0.8911133 0.45336914 -0.017303467
vn 0.8911133 0.45336914 -0.017303467
vn 0.8911133 0.45336914 -0.017303467
vn 0.9057617 0.42358398 -0.012702942
vn 0.74072266 0.21960449 0.6347656
vn 0.74072266 0.21960449 0.6347656
vn 0.74072266 0.21960449 0.6347656
vn 0.74072266 0.21960449 0.6347656
vn -0.62597656 0.30200195 0.71875
vn -0.62597656 0.30200195 0.71875
vn -0.62597656 0.30200195 0.71875
vn -0.62597656 0.30200195 0.71875
vn 0.59375 0.3540039 -0.72265625
vn 0.59375 0.3540039 -0.72265625
vn 0.59375 0.3540039 -0.72265625
vn 0.59375 0.3540039 -0.72265625
vn -0.7348633 0.2915039 -0.6123047
vn -0.7348633 0.2915039 -0.6123047
vn -0.7348633 0.2915039 -0.6123047
vn -0.7348633 0.2915039 -0.6123047
vn -0.6801758 0.72314453 0.12030029
vn -0.6801758 0.72314453 0.12030029
vn -0.6801758 0.72314453 0.12030029
vn -0.64746094 0.75341797 0.11608887
vn -0.092041016 0.8964844 -0.43310547
vn -0.092041016 0.8964844 -0.43310547
vn -0.092041016 0.8964844 -0.43310547
vn -0.092285156 0.8955078 -0.43530273
vn -0.90478516 0.39794922 0.15185547
vn -0.90478516 0.39794922 0.15185547
vn -0.90478516 0.39794922 0.15185547
vn -0.90478516 0.39794922 0.15197754
vn -0.14587402 0.43017578 -0.890625
vn -0.14587402 0.43017578 -0.890625
vn -0.14587402 0.43017578 -0.890625
vn -0.14587402 0.43041992 -0.890625
vn 0.7368164 0.19702148 0.6464844
vn 0.7368164 0.19702148 0.6464844
vn 0.7368164 0.19702148 0.6464844
vn 0.7368164 0.19702148 0.6464844
vn -0.6279297 0.32666016 0.70654297
vn -0.6279297 0.32666016 0.70654297
vn -0.6279297 0.32666016 0.70654297
vn -0.6274414 0.3269043 0.70654297
vn 0.61816406 0.32983398 -0.7133789
vn 0.61816406 0.32983398 -0.7133789
vn 0.61816406 0.32983398 -0.7133789
vn 0.61816406 0.32983398 -0.7133789
vn -0.7138672 0.3137207 -0.62646484
vn -0.7138672 0.3137207 -0.62646484
vn -0.7138672 0.3137207 -0.62646484
vn -0.7138672 0.3137207 -0.62646484
vn -0.09466553 0.8935547 -0.43920898
vn -0.09466553 0.8935547 -0.43920898
vn -0.09466553 0.8935547 -0.43920898
vn -0.093322754 0.89746094 -0.4309082
vn -0.88623047 0.42822266 0.17590332
vn -0.88623047 0.42822266 0.17590332
vn -0.88623047 0.42822266 0.17590332
vn -0.88623047 0.42822266 0.17590332
vn -0.18554688 0.4272461 -0.8847656
vn -0.18554688 0.4272461 -0.8847656
vn -0.18554688 0.4272461 -0.8847656
vn -0.18554688 0.4272461 -0.8847656
vn 0.8569336 0.4958496 0.14050293
vn 0.8569336 0.4958496 0.14050293
vn 0.8569336 0.4958496 0.14050293
vn 0.8569336 0.4958496 0.14038086
vn -0.21520996 0.38598633 0.89697266
vn -0.21520996 0.38598633 0.89697266
vn -0.21520996 0.38598633 0.89697266
vn -0.21520996 0.38598633 0.89697266
vn 0.1586914 0.26611328 -0.9506836
vn 0.1586914 0.26611328 -0.9506836
vn 0.1586914 0.26611328 -0.9506836
vn 0.1586914 0.26611328 -0.9506836
vn -0.94970703 0.23352051 -0.20800781
vn -0.94970703 0.23352051 -0.20800781
vn -0.94970703 0.23352051 -0.20800781
vn -0.94970703 0.23352051 -0.20800781
vn -0.57421875 0.7602539 0.30444336
vn -0.57421875 0.7602539 0.30444336
vn -0.57421875 0.7602539 0.30444336
vn -0.59033203 0.7421875 0.3173828
vn -0.3203125 0.8461914 -0.42529297
vn -0.3203125 0.8461914 -0.42529297
vn -0.3203125 0.8461914 -0.42529297
vn -0.32202148 0.8442383 -0.42822266
vn -0.7651367 0.4194336 0.48828125
vn -0.7651367 0.4194336 0.48828125
vn -0.7651367 0.4194336 0.48828125
vn -0.7651367 0.4194336 0.48828125
vn -0.546875 0.33496094 -0.7675781
vn -0.546875 0.33496094 -0.7675781
vn -0.546875 0.33496094 -0.7675781
vn -0.546875 0.33496094 -0.7675781
vn 0.67822266 0.48510742 -0.5522461
vn 0.67822266 0.48510742 -0.5522461
vn 0.67822266 0.48510742 -0.5522461
vn 0.6933594 0.45703125 -0.5571289
vn -0.2800293 0.78808594 -0.54833984
vn -0.2800293 0.78808594 -0.54833984
vn -0.2800293 0.78808594 -0.54833984
vn -0.28344727 0.77734375 -0.56152344
vn 0.2890625 0.55371094 0.78125
vn 0.2890625 0.55371094 0.78125
vn 0.2890625 0.55371094 0.78125
vn 0.2902832 0.54785156 0.78466797
vn -0.8876953 0.29760742 0.35131836
vn -0.8876953 0.29760742 0.35131836
vn -0.8876953 0.29760742 0.35131836
vn -0.8774414 0.3408203 0.33789062
vn -0.38867188 0.14819336 -0.90966797
vn -0.38867188 0.14819336 -0.90966797
vn -0.38867188 0.14819336 -0.90966797
vn -0.38842773 0.1472168 -0.90966797
vn 0.78027344 0.39697266 -0.48291016
vn 0.78027344 0.39697266 -0.48291016
vn 0.78027344 0.39697266 -0.48291016
vn 0.7963867 0.36743164 -0.4807129
vn -0.88964844 0.4128418 -0.19445801
vn -0.88964844 0.4128418 -0.19445801
vn -0.88964844 0.4128418 -0.19445801
vn -0.87646484 0.44140625 -0.19177246
vn -0.87646484 0.44140625 -0.19177246
vn 0.04058838 0.41967773 -0.9067383
vn 0.04058838 0.41967773 -0.9067383
vn 0.04058838 0.41967773 -0.9067383
vn 0.03869629 0.45629883 -0.88916016
vn 0.03869629 0.45629883 -0.88916016
vn -0.06036377 0.47045898 0.8803711
vn -0.06036377 0.47045898 0.8803711
vn -0.06036377 0.47045898 0.8803711
vn -0.060333252 0.47021484 0.8803711
vn 0.85498047 0.48510742 0.18310547
vn 0.85498047 0.48510742 0.18310547
vn 0.85498047 0.48510742 0.18310547
vn 0.85498047 0.48535156 0.18322754
vn 0.5097656 0.53222656 0.67578125
vn 0.5097656 0.53222656 0.67578125
vn 0.5097656 0.53222656 0.67578125
vn 0.5097656 0.53222656 0.67578125
vn 0.6171875 0.5888672 -0.5214844
vn 0.6171875 0.5888672 -0.5214844
vn 0.6171875 0.5888672 -0.5214844
vn 0.6171875 0.5888672 -0.5214844
vn -0.53271484 0.5131836 -0.67285156
vn -0.53271484 0.5131836 -0.67285156
vn -0.53271484 0.5131836 -0.67285156
vn -0.53271484 0.5131836 -0.67285156
vn -0.51904297 0.5488281 -0.65527344
vn -0.51904297 0.5488281 -0.65527344
vn -0.64404297 0.5776367 0.50146484
vn -0.64404297 0.5776367 0.50146484
vn -0.64404297 0.5776367 0.50146484
vn -0.64404297 0.5776367 0.50146484
vn 0.48828125 0.5839844 0.6484375
vn 0.48828125 0.5839844 0.6484375
vn 0.48828125 0.5839844 0.6484375
vn 0.48828125 0.58447266 0.6484375
vn 0.5883789 0.63623047 -0.49902344
vn 0.5883789 0.63623047 -0.49902344
vn 0.5883789 0.63623047 -0.49902344
vn 0.5883789 0.63623047 -0.49902344
vn -0.62158203 0.6171875 0.48217773
vn -0.62158203 0.6171875 0.48217773
vn -0.62158203 0.6171875 0.48217773
vn -0.62158203 0.6171875 0.48217773
vn -0.51416016 0.48413086 0.7080078
vn -0.51416016 0.48413086 0.7080078
vn -0.51416016 0.48413086 0.7080078
vn -0.51416016 0.48413086 0.7080078
vn 0.74316406 0.36328125 0.56152344
vn 0.74316406 0.36328125 0.56152344
vn 0.74316406 0.36328125 0.56152344
vn 0.74316406 0.36328125 0.56152344
vn -0.6591797 0.5073242 -0.5551758
vn -0.6591797 0.5073242 -0.5551758
vn -0.6591797 0.5073242 -0.5551758
vn -0.6591797 0.5073242 -0.5551758
vn 0.5986328 0.3864746 -0.70166016
vn 0.5986328 0.3864746 -0.70166016
vn 0.5986328 0.3864746 -0.70166016
vn 0.5986328 0.3864746 -0.70166016
vn 0.1038208 0.8676758 0.48608398
vn 0.1038208 0.8676758 0.48608398
vn 0.1038208 0.8676758 0.48608398
vn 0.1038208 0.8676758 0.48608398
vn 0.55908203 0.828125 -0.04244995
vn 0.55908203 0.828125 -0.04244995
vn 0.55908203 0.828125 -0.04244995
vn 0.55908203 0.828125 -0.04244995
vn -0.0063667297 0.8852539 -0.4650879
vn -0.0063667297 0.8852539 -0.4650879
vn -0.0063667297 0.8852539 -0.4650879
vn -0.006362915 0.8852539 -0.4650879
vn -0.38989258 0.9194336 0.055145264
vn -0.38989258 0.9194336 0.055145264
vn -0.38989258 0.9194336 0.055145264
vn -0.38989258 0.9194336 0.055145264
vn 0.1262207 0.55078125 0.82470703
vn 0.1262207 0.55078125 0.82470703
vn 0.1262207 0.55078125 0.82470703
vn 0.1262207 0.55078125 0.82470703
vn 0.87060547 0.4855957 -0.079833984
vn 0.87060547 0.4855957 -0.079833984
vn 0.87060547 0.4855957 -0.079833984
vn 0.87060547 0.4855957 -0.079833984
vn -0.06329346 0.5810547 -0.81152344
vn -0.06329346 0.5810547 -0.81152344
vn -0.06329346 0.5810547 -0.81152344
vn -0.06329346 0.5810547 -0.81152344
vn -0.76123047 0.6425781 0.088012695
vn -0.76123047 0.6425781 0.088012695
vn -0.76123047 0.6425781 0.088012695
vn -0.76123047 0.6425781 0.088012695
vn -0.24572754 0.34545898 0.9057617
vn -0.24572754 0.34545898 0.9057617
vn -0.24572754 0.34545898 0.9057617
vn -0.24572754 0.34521484 0.9057617
vn 0.9428711 0.19970703 0.26660156
vn 0.9428711 0.19970703 0.26660156
vn 0.9428711 0.19970703 0.26660156
vn 0.9428711 0.1998291 0.26660156
vn -0.9008789 0.30322266 -0.31103516
vn -0.9008789 0.30322266 -0.31103516
vn -0.9008789 0.30322266 -0.31103516
vn -0.9008789 0.30322266 -0.31103516
vn 0.31933594 0.15563965 -0.9345703
vn 0.31933594 0.15563965 -0.9345703
vn 0.31933594 0.15563965 -0.9345703
vn 0.31933594 0.15563965 -0.9345703
vn 0.39501953 0.49804688 0.77197266
vn 0.39501953 0.49804688 0.77197266
vn 0.39501953 0.49804688 0.77197266
vn 0.38989258 0.5175781 0.76171875
vn 0.79052734 0.42041016 -0.4453125
vn 0.79052734 0.42041016 -0.4453125
vn 0.79052734 0.42041016 -0.4453125
vn 0.79345703 0.41333008 -0.44677734
vn -0.36865234 0.53808594 -0.7578125
vn -0.36865234 0.53808594 -0.7578125
vn -0.36865234 0.53808594 -0.7578125
vn -0.37304688 0.52490234 -0.7651367
vn -0.7104492 0.609375 0.35180664
vn -0.7104492 0.609375 0.35180664
vn -0.7104492 0.609375 0.35180664
vn -0.70703125 0.6147461 0.34960938
vn 0.41967773 0.37695312 0.8256836
vn 0.41967773 0.37695312 0.8256836
vn 0.41967773 0.37695312 0.8256836
vn 0.41967773 0.37695312 0.8256836
vn 0.85009766 0.2409668 -0.46850586
vn 0.85009766 0.2409668 -0.46850586
vn 0.85009766 0.2409668 -0.46850586
vn 0.85009766 0.2409668 -0.46850586
vn -0.4189453 0.31860352 -0.85009766
vn -0.4189453 0.31860352 -0.85009766
vn -0.4189453 0.31860352 -0.85009766
vn -0.4189453 0.31860352 -0.85009766
vn -0.7963867 0.44848633 0.40576172
vn -0.7963867 0.44848633 0.40576172
vn -0.7963867 0.44848633 0.40576172
vn -0.7963867 0.44848633 0.40576172
vn -0.45214844 0.4909668 0.7446289
vn -0.45214844 0.4909668 0.7446289
vn -0.45214844 0.4909668 0.7446289
vn -0.45214844 0.4909668 0.7446289
vn 0.5644531 0.46044922 0.6850586
vn 0.5644531 0.46044922 0.6850586
vn 0.5644531 0.46044922 0.6850586
vn 0.5644531 0.46044922 0.6850586
vn -0.53466797 0.36010742 -0.76464844
vn -0.53466797 0.36010742 -0.76464844
vn -0.53466797 0.36010742 -0.76464844
vn -0.53466797 0.36010742 -0.76464844
vn 0.47460938 0.31518555 -0.82177734
vn 0.47460938 0.31518555 -0.82177734
vn 0.47460938 0.31518555 -0.82177734
vn 0.47460938 0.31518555 -0.82177734
vn 0.059661865 0.87109375 0.48754883
vn 0.059661865 0.87109375 0.48754883
vn 0.059661865 0.87109375 0.48754883
vn 0.059661865 0.87109375 0.48754883
vn 0.44921875 0.88378906 -0.13098145
vn 0.44921875 0.88378906 -0.13098145
vn 0.44921875 0.88378906 -0.13098145
vn 0.44921875 0.88378906 -0.13098145
vn -0.010398865 0.76123047 -0.6484375
vn -0.010398865 0.76123047 -0.6484375
vn -0.010398865 0.76123047 -0.6484375
vn -0.010391235 0.76123047 -0.6484375
vn -0.3930664 0.9169922 -0.068847656
vn -0.3930664 0.9169922 -0.068847656
vn -0.3930664 0.9169922 -0.068847656
vn -0.3930664 0.9169922 -0.068847656
vn 0.063964844 0.5527344 0.8310547
vn 0.063964844 0.5527344 0.8310547
vn 0.063964844 0.5527344 0.8310547
vn 0.063964844 0.5527344 0.8310547
vn 0.7949219 0.59228516 -0.13012695
vn 0.7949219 0.59228516 -0.13012695
vn 0.7949219 0.59228516 -0.13012695
vn 0.7949219 0.59228516 -0.13012695
vn -0.04324341 0.3918457 -0.9189453
vn -0.04324341 0.3918457 -0.9189453
vn -0.04324341 0.3918457 -0.9189453
vn -0.04324341 0.3918457 -0.9189453
vn -0.7573242 0.65283203 -0.014793396
vn -0.7573242 0.65283203 -0.014793396
vn -0.7573242 0.65283203 -0.014793396
vn -0.7573242 0.65283203 -0.014801025
vn -0.7949219 -0.35717773 0.49023438
vn -0.7949219 -0.35717773 0.49023438
vn -0.7949219 -0.35717773 0.49023438
vn -0.7949219 -0.35717773 0.49023438
vn 0.5288086 -0.17529297 0.8300781
vn 0.5288086 -0.17529297 0.8300781
vn 0.5288086 -0.17529297 0.8300781
vn 0.5288086 -0.1751709 0.8305664
vn -0.47827148 -0.23486328 -0.8461914
vn -0.47827148 -0.23486328 -0.8461914
vn -0.47827148 -0.23486328 -0.8461914
vn -0.47827148 -0.23486328 -0.8461914
vn 0.8535156 -0.1149292 -0.50878906
vn 0.8535156 -0.1149292 -0.50878906
vn 0.8535156 -0.1149292 -0.50878906
vn 0.85302734 -0.114990234 -0.50878906
vn -0.22167969 0.83740234 0.49951172
vn -0.22167969 0.83740234 0.49951172
vn -0.22167969 0.83740234 0.49951172
vn -0.22131348 0.84033203 0.49487305
vn 0.006881714 0.90185547 -0.4321289
vn 0.006881714 0.90185547 -0.4321289
vn 0.006881714 0.90185547 -0.4321289
vn 0.0058937073 0.9042969 -0.42749023
vn -0.7421875 0.65625 -0.13745117
vn -0.7421875 0.65625 -0.13745117
vn -0.7421875 0.65625 -0.13745117
vn -0.7519531 0.64453125 -0.13879395
vn -0.21899414 -0.2064209 0.9536133
vn -0.21899414 -0.2064209 0.9536133
vn -0.21899414 -0.2064209 0.9536133
vn -0.21508789 -0.22473145 0.9501953
vn 0.2536621 -0.073913574 -0.96435547
vn 0.2536621 -0.073913574 -0.96435547
vn 0.2536621 -0.073913574 -0.96435547
vn 0.25439453 -0.09277344 -0.9628906
vn 0.7583008 0.2692871 0.59375
vn 0.7583008 0.2692871 0.59375
vn 0.7583008 0.2692871 0.59375
vn 0.7583008 0.2692871 0.59375
vn -0.59814453 0.47485352 0.6455078
vn -0.59814453 0.47485352 0.6455078
vn -0.59814453 0.47485352 0.6455078
vn -0.59814453 0.47485352 0.6455078
vn 0.6713867 -0.007385254 -0.74072266
vn 0.6713867 -0.007385254 -0.74072266
vn 0.6713867 -0.007385254 -0.74072266
vn 0.6713867 -0.007381439 -0.74072266
vn -0.6850586 0.19555664 -0.70166016
vn -0.6850586 0.19555664 -0.70166016
vn -0.6850586 0.19555664 -0.70166016
vn -0.6850586 0.19555664 -0.70166016
vn 0.14611816 0.71777344 0.68115234
vn 0.14611816 0.71777344 0.68115234
vn 0.14611816 0.71777344 0.68115234
vn 0.14611816 0.71728516 0.68115234
vn -0.6933594 0.7104492 -0.11883545
vn -0.6933594 0.7104492 -0.11883545
vn -0.6933594 0.7104492 -0.11883545
vn -0.6933594 0.7104492 -0.11883545
vn 0.041534424 0.38134766 -0.92333984
vn 0.041534424 0.38134766 -0.92333984
vn 0.041534424 0.38134766 -0.92333984
vn 0.041534424 0.38134766 -0.92333984
vn 0.9169922 0.38330078 -0.10925293
vn 0.9169922 0.38330078 -0.10925293
vn 0.9169922 0.38330078 -0.10925293
vn 0.9169922 0.38305664 -0.10925293
vn 0.11437988 0.5107422 0.8520508
vn 0.11437988 0.5107422 0.8520508
vn 0.11437988 0.5107422 0.8520508
vn 0.11437988 0.5107422 0.8520508
vn -0.88671875 0.45776367 -0.061157227
vn -0.88671875 0.45776367 -0.061157227
vn -0.88671875 0.45776367 -0.061157227
vn -0.88671875 0.45776367 -0.061157227
vn -0.005077362 0.12866211 -0.9916992
vn -0.005077362 0.12866211 -0.9916992
vn -0.005077362 0.12866211 -0.9916992
vn -0.005077362 0.12866211 -0.9916992
vn 0.97998047 0.18518066 -0.07159424
vn 0.97998047 0.18518066 -0.07159424
vn 0.97998047 0.18518066 -0.07159424
vn 0.97998047 0.18518066 -0.07159424
vn -0.06768799 0.30151367 0.9511719
vn -0.06768799 0.30151367 0.9511719
vn -0.06768799 0.30151367 0.9511719
vn -0.058807373 0.29345703 0.95410156
vn 0.94628906 0.3161621 0.0657959
vn 0.94628906 0.3161621 0.0657959
vn 0.94628906 0.3161621 0.0657959
vn 0.94433594 0.32080078 0.070251465
vn 0.3708496 0.8515625 0.3708496
vn 0.3708496 0.8515625 0.3708496
vn 0.3708496 0.8515625 0.3708496
vn 0.3708496 0.8515625 0.3708496
vn 0.4267578 0.8540039 -0.29736328
vn 0.4267578 0.8540039 -0.29736328
vn 0.4267578 0.8540039 -0.29736328
vn 0.4267578 0.8540039 -0.29736328
vn -0.36254883 0.875 0.32055664
vn -0.36254883 0.875 0.32055664
vn -0.36254883 0.875 0.32055664
vn -0.36254883 0.875 0.32055664
vn -0.58984375 0.29833984 -0.7504883
vn -0.58984375 0.29833984 -0.7504883
vn -0.58984375 0.29833984 -0.7504883
vn -0.57958984 0.32592773 -0.7470703
vn -0.8769531 0.33251953 -0.34765625
vn -0.8769531 0.33251953 -0.34765625
vn -0.8769531 0.33251953 -0.34765625
vn -0.8652344 0.3618164 -0.34692383
vn -0.8652344 0.3618164 -0.34692383
vn 0.1328125 0.30786133 -0.94189453
vn 0.1328125 0.30786133 -0.94189453
vn 0.1328125 0.30786133 -0.94189453
vn 0.12719727 0.34643555 -0.9291992
vn 0.12719727 0.34643555 -0.9291992
vn -0.1887207 0.56933594 0.80029297
vn -0.1887207 0.56933594 0.80029297
vn -0.1887207 0.56933594 0.80029297
vn -0.1887207 0.56933594 0.80029297
vn 0.80371094 0.55371094 0.21765137
vn 0.80371094 0.55371094 0.21765137
vn 0.80371094 0.55371094 0.21765137
vn 0.80371094 0.55371094 0.21777344
vn 0.4260254 0.63916016 0.640625
vn 0.4260254 0.63916016 0.640625
vn 0.4260254 0.63916016 0.640625
vn 0.4260254 0.63916016 0.640625
vn 0.65185547 0.5576172 -0.51416016
vn 0.65185547 0.5576172 -0.51416016
vn 0.65185547 0.5576172 -0.51416016
vn 0.65185547 0.5576172 -0.51416016
vn -0.4963379 0.39575195 -0.77246094
vn -0.4963379 0.39575195 -0.77246094
vn -0.4963379 0.39575195 -0.77246094
vn -0.4963379 0.39575195 -0.77246094
vn -0.48632812 0.43310547 -0.75878906
vn -0.48632812 0.43310547 -0.75878906
vn -0.7167969 0.59716797 0.35986328
vn -0.7167969 0.59716797 0.35986328
vn -0.7167969 0.59716797 0.35986328
vn -0.7167969 0.59716797 0.35986328
vn 0.40454102 0.68603516 0.60498047
vn 0.40454102 0.68603516 0.60498047
vn 0.40454102 0.68603516 0.60498047
vn 0.40454102 0.68603516 0.60498047
vn 0.61865234 0.60546875 -0.5004883
vn 0.61865234 0.60546875 -0.5004883
vn 0.61865234 0.60546875 -0.5004883
vn 0.61865234 0.60546875 -0.5004883
vn -0.6933594 0.6357422 0.3388672
vn -0.6933594 0.6357422 0.3388672
vn -0.6933594 0.6357422 0.3388672
vn -0.6933594 0.6357422 0.3388672
vn 0.9506836 0.19702148 0.2388916
vn 0.9506836 0.19702148 0.2388916
vn 0.9506836 0.19702148 0.2388916
vn 0.9506836 0.19702148 0.2388916
vn -0.23608398 0.32666016 0.91503906
vn -0.23608398 0.32666016 0.91503906
vn -0.23608398 0.32666016 0.91503906
vn -0.23596191 0.3269043 0.91503906
vn 0.22436523 0.32983398 -0.9169922
vn 0.22436523 0.32983398 -0.9169922
vn 0.22436523 0.32983398 -0.9169922
vn 0.22424316 0.32983398 -0.9169922
vn -0.92089844 0.3137207 -0.23156738
vn -0.92089844 0.3137207 -0.23156738
vn -0.92089844 0.3137207 -0.23156738
vn -0.92089844 0.3137207 -0.23144531
vn -0.28466797 0.8935547 -0.34765625
vn -0.28466797 0.8935547 -0.34765625
vn -0.28466797 0.8935547 -0.34765625
vn -0.27978516 0.89746094 -0.3408203
vn -0.66796875 0.42456055 0.6113281
vn -0.66796875 0.42456055 0.6113281
vn -0.66796875 0.42456055 0.6113281
vn -0.66796875 0.42456055 0.6113281
vn -0.56884766 0.4272461 -0.7026367
vn -0.56884766 0.4272461 -0.7026367
vn -0.56884766 0.4272461 -0.7026367
vn -0.56884766 0.4272461 -0.7026367
vn 0.04660034 0.44262695 0.8955078
vn 0.04660034 0.44262695 0.8955078
vn 0.04660034 0.44262695 0.8955078
vn 0.0574646 0.43701172 0.89746094
vn 0.84765625 0.49731445 -0.1850586
vn 0.84765625 0.49731445 -0.1850586
vn 0.84765625 0.49731445 -0.1850586
vn 0.8457031 0.5019531 -0.1809082
vn 0.24145508 0.95751953 0.1586914
vn 0.24145508 0.95751953 0.1586914
vn 0.24145508 0.95751953 0.1586914
vn 0.24145508 0.95751953 0.1586914
vn 0.16271973 0.85546875 -0.49169922
vn 0.16271973 0.85546875 -0.49169922
vn 0.16271973 0.85546875 -0.49169922
vn 0.16259766 0.85546875 -0.49145508
vn -0.4814453 0.83154297 0.27661133
vn -0.4814453 0.83154297 0.27661133
vn -0.4814453 0.83154297 0.27661133
vn -0.4814453 0.83154297 0.27661133
vn -0.7607422 0.04660034 -0.64746094
vn -0.7607422 0.04660034 -0.64746094
vn -0.7607422 0.04660034 -0.64746094
vn -0.7578125 0.075683594 -0.6484375
vn -0.87060547 0.47924805 -0.111450195
vn -0.87060547 0.47924805 -0.111450195
vn -0.87060547 0.47924805 -0.111450195
vn -0.85498047 0.50683594 -0.111206055
vn -0.85498047 0.50683594 -0.111206055
vn -0.02758789 0.38964844 -0.92041016
vn -0.02758789 0.38964844 -0.92041016
vn -0.02758789 0.38964844 -0.92041016
vn -0.024551392 0.42700195 -0.9038086
vn -0.024551392 0.42700195 -0.9038086
vn 0.07537842 0.49780273 0.8642578
vn 0.07537842 0.49780273 0.8642578
vn 0.07537842 0.49780273 0.8642578
vn 0.07537842 0.49780273 0.8642578
vn 0.9057617 0.41796875 0.0713501
vn 0.9057617 0.41796875 0.0713501
vn 0.9057617 0.41796875 0.0713501
vn 0.9057617 0.41796875 0.07141113
vn 0.6015625 0.50878906 0.61572266
vn 0.6015625 0.50878906 0.61572266
vn 0.6015625 0.50878906 0.61572266
vn 0.6015625 0.50878906 0.61572266
vn 0.6035156 0.5214844 -0.6035156
vn 0.6035156 0.5214844 -0.6035156
vn 0.6035156 0.5214844 -0.6035156
vn 0.6035156 0.5214844 -0.6035156
vn -0.5473633 0.53564453 -0.6430664
vn -0.5473633 0.53564453 -0.6430664
vn -0.5473633 0.53564453 -0.6430664
vn -0.5473633 0.53564453 -0.6430664
vn -0.52978516 0.5703125 -0.6279297
vn -0.52978516 0.5703125 -0.6279297
vn -0.54833984 0.6430664 0.53515625
vn -0.54833984 0.6430664 0.53515625
vn -0.54833984 0.6430664 0.53515625
vn -0.54833984 0.6430664 0.53515625
vn 0.58203125 0.56103516 0.5883789
vn 0.58203125 0.56103516 0.5883789
vn 0.58203125 0.56103516 0.5883789
vn 0.58203125 0.56103516 0.5883789
vn 0.5800781 0.57177734 -0.5800781
vn 0.5800781 0.57177734 -0.5800781
vn 0.5800781 0.57177734 -0.5800781
vn 0.5800781 0.57177734 -0.5800781
vn -0.52490234 0.6796875 0.51220703
vn -0.52490234 0.6796875 0.51220703
vn -0.52490234 0.6796875 0.51220703
vn -0.52490234 0.6796875 0.51220703
vn -0.7558594 0.4128418 -0.5078125
vn -0.7558594 0.4128418 -0.5078125
vn -0.7558594 0.4128418 -0.5078125
vn -0.7446289 0.44140625 -0.5004883
vn -0.7446289 0.44140625 -0.5004883
vn 0.37109375 0.41967773 -0.8286133
vn 0.37109375 0.41967773 -0.8286133
vn 0.37109375 0.41967773 -0.8286133
vn 0.36279297 0.45629883 -0.8125
vn 0.36279297 0.45629883 -0.8125
vn -0.3798828 0.47045898 0.7963867
vn -0.3798828 0.47045898 0.7963867
vn -0.3798828 0.47045898 0.7963867
vn -0.3798828 0.47021484 0.7963867
vn 0.72753906 0.48510742 0.48461914
vn 0.72753906 0.48510742 0.48461914
vn 0.72753906 0.48510742 0.48461914
vn 0.72753906 0.48535156 0.48461914
vn 0.19799805 0.53222656 0.8232422
vn 0.19799805 0.53222656 0.8232422
vn 0.19799805 0.53222656 0.8232422
vn 0.19799805 0.53222656 0.8232422
vn 0.76708984 0.5888672 -0.2536621
vn 0.76708984 0.5888672 -0.2536621
vn 0.76708984 0.5888672 -0.2536621
vn 0.76708984 0.5888672 -0.2536621
vn -0.2286377 0.5136719 -0.82714844
vn -0.2286377 0.5136719 -0.82714844
vn -0.2286377 0.5136719 -0.82714844
vn -0.2286377 0.5136719 -0.82714844
vn -0.22314453 0.5488281 -0.80566406
vn -0.22314453 0.5488281 -0.80566406
vn -0.78808594 0.5776367 0.2133789
vn -0.78808594 0.5776367 0.2133789
vn -0.78808594 0.5776367 0.2133789
vn -0.78808594 0.5776367 0.2133789
vn 0.18908691 0.5834961 0.7895508
vn 0.18908691 0.5834961 0.7895508
vn 0.18908691 0.5834961 0.7895508
vn 0.18908691 0.5834961 0.7895508
vn 0.7314453 0.63671875 -0.24414062
vn 0.7314453 0.63671875 -0.24414062
vn 0.7314453 0.63671875 -0.24414062
vn 0.7314453 0.63671875 -0.24414062
vn -0.7597656 0.6171875 0.20397949
vn -0.7597656 0.6171875 0.20397949
vn -0.7597656 0.6171875 0.20397949
vn -0.7597656 0.6171875 0.20397949
vn -0.2980957 0.8774414 -0.37646484
vn -0.2980957 0.8774414 -0.37646484
vn -0.2980957 0.8774414 -0.37646484
vn -0.30126953 0.8730469 -0.38330078
vn 0.46972656 0.41064453 0.78125
vn 0.46972656 0.41064453 0.78125
vn 0.46972656 0.41064453 0.78125
vn 0.4711914 0.40429688 0.7841797
vn -0.8154297 0.29589844 0.4975586
vn -0.8154297 0.29589844 0.4975586
vn -0.8154297 0.29589844 0.4975586
vn -0.80322266 0.3400879 0.48950195
vn -0.5253906 0.30932617 -0.79296875
vn -0.5253906 0.30932617 -0.79296875
vn -0.5253906 0.30932617 -0.79296875
vn -0.5253906 0.3083496 -0.79296875
vn 0.75146484 0.41601562 -0.51220703
vn 0.75146484 0.41601562 -0.51220703
vn 0.75146484 0.41601562 -0.51220703
vn 0.76464844 0.38549805 -0.5161133
vn -0.13354492 0.9042969 -0.40527344
vn -0.13354492 0.9042969 -0.40527344
vn -0.13354492 0.9042969 -0.40527344
vn -0.1352539 0.9008789 -0.4128418
vn 0.2919922 0.35864258 0.88671875
vn 0.2919922 0.35864258 0.88671875
vn 0.2919922 0.35864258 0.88671875
vn 0.29223633 0.35229492 0.88916016
vn -0.8989258 0.34887695 0.26416016
vn -0.8989258 0.34887695 0.26416016
vn -0.8989258 0.34887695 0.26416016
vn -0.88183594 0.39208984 0.26171875
vn -0.2915039 0.3635254 -0.8847656
vn -0.2915039 0.3635254 -0.8847656
vn -0.2915039 0.3635254 -0.8847656
vn -0.29174805 0.36254883 -0.8852539
vn 0.89160156 0.36523438 -0.26831055
vn 0.89160156 0.36523438 -0.26831055
vn 0.89160156 0.36523438 -0.26831055
vn 0.9033203 0.33398438 -0.26953125
vn 0.86865234 0.15820312 0.46948242
vn 0.86865234 0.15820312 0.46948242
vn 0.86865234 0.15820312 0.46948242
vn 0.86865234 0.1583252 0.46923828
vn -0.44189453 0.36499023 0.81933594
vn -0.44189453 0.36499023 0.81933594
vn -0.44189453 0.36499023 0.81933594
vn -0.4416504 0.36523438 0.81933594
vn 0.46655273 0.29101562 -0.8354492
vn 0.46655273 0.29101562 -0.8354492
vn 0.46655273 0.29101562 -0.8354492
vn 0.46655273 0.29101562 -0.8354492
vn -0.81396484 0.3503418 -0.4633789
vn -0.81396484 0.3503418 -0.4633789
vn -0.81396484 0.3503418 -0.4633789
vn -0.81396484 0.3503418 -0.46313477
vn -0.14013672 0.89501953 -0.42333984
vn -0.14013672 0.89501953 -0.42333984
vn -0.14013672 0.89501953 -0.42333984
vn -0.13684082 0.89941406 -0.4152832
vn -0.8105469 0.47924805 0.33642578
vn -0.8105469 0.47924805 0.33642578
vn -0.8105469 0.47924805 0.33642578
vn -0.8105469 0.47924805 0.33642578
vn -0.3486328 0.43286133 -0.83154297
vn -0.3486328 0.43286133 -0.83154297
vn -0.3486328 0.43286133 -0.83154297
vn -0.3486328 0.43286133 -0.83154297
vn 0.5786133 0.6616211 0.47753906
vn 0.5786133 0.6616211 0.47753906
vn 0.5786133 0.6616211 0.47753906
vn 0.5786133 0.6616211 0.47753906
vn -0.4753418 0.66503906 0.5756836
vn -0.4753418 0.66503906 0.5756836
vn -0.4753418 0.66503906 0.5756836
vn -0.4753418 0.66552734 0.5756836
vn 0.4753418 0.66552734 -0.5756836
vn 0.4753418 0.66552734 -0.5756836
vn 0.4753418 0.66552734 -0.5756836
vn 0.4753418 0.66503906 -0.5756836
vn -0.5786133 0.6616211 -0.47753906
vn -0.5786133 0.6616211 -0.47753906
vn -0.5786133 0.6616211 -0.47753906
vn -0.5786133 0.6611328 -0.47753906
vn 0.035827637 0.7636719 0.64453125
vn 0.03604126 0.7597656 0.64941406
vn 0.03604126 0.7597656 0.64941406
vn 0.03604126 0.7597656 0.64941406
vn 0.036468506 0.75390625 0.65625
vn 0.036468506 0.75390625 0.65625
vn -0.58251953 0.8120117 0.03515625
vn -0.58251953 0.8120117 0.03515625
vn -0.58251953 0.8120117 0.03515625
vn -0.5805664 0.81347656 0.035064697
vn -0.035827637 0.7636719 -0.64453125
vn -0.03604126 0.7597656 -0.64941406
vn -0.03604126 0.7597656 -0.64941406
vn -0.03604126 0.7597656 -0.64941406
vn -0.036468506 0.75390625 -0.65625
vn -0.036468506 0.75390625 -0.65625
vn 0.58251953 0.8120117 -0.03515625
vn 0.58251953 0.8120117 -0.03515625
vn 0.58251953 0.8120117 -0.03515625
vn 0.5805664 0.81347656 -0.035064697
vn -0.6982422 0.71435547 0.042175293
vn -0.6982422 0.71435547 0.042175293
vn -0.6982422 0.71435547 0.042175293
vn -0.69921875 0.7133789 0.04220581
vn 0.6982422 0.71484375 -0.042175293
vn 0.6982422 0.71484375 -0.042175293
vn 0.6982422 0.71484375 -0.042175293
vn 0.69921875 0.7133789 -0.04220581
vn -0.0335083 0.9951172 -0.0925293
vn -0.0335083 0.9951172 -0.0925293
vn -0.0335083 0.9951172 -0.0925293
vn -0.0335083 0.9951172 -0.0925293
vn -0.09649658 0.99316406 -0.06854248
vn -0.09649658 0.99316406 -0.06854248
vn -0.09649658 0.99316406 -0.06854248
vn -0.08392334 0.99365234 -0.076293945
vn -0.027648926 0.9995117 0.019363403
vn -0.027648926 0.9995117 0.019363403
vn -0.027648926 0.9995117 0.019363403
vn -0.027648926 0.9995117 0.019363403
vn -0.004753113 1 -0.0047798157
vn -0.004753113 1 -0.0047798157
vn -0.004753113 1 -0.0047798157
vn -0.004753113 1 -0.0047798157
vn -0.082092285 0.99365234 -0.079833984
vn -0.082092285 0.99365234 -0.079833984
vn -0.082092285 0.99365234 -0.079833984
vn -0.082092285 0.99365234 -0.079833984
vn -0.13671875 0.97509766 -0.17504883
vn -0.13671875 0.97509766 -0.17504883
vn -0.13671875 0.97509766 -0.17504883
vn -0.13012695 0.9736328 -0.18701172
vn -0.019256592 0.9995117 -0.012687683
vn -0.019256592 0.9995117 -0.012687683
vn -0.019256592 0.9995117 -0.012687683
vn -0.018753052 0.9995117 -0.0126571655
vn 0.05545044 0.99853516 0.011428833
vn 0.05545044 0.99853516 0.011428833
vn 0.05545044 0.99853516 0.011428833
vn 0.05545044 0.99853516 0.011428833
vn -0.0053977966 0.99902344 -0.04638672
vn -0.0053977966 0.99902344 -0.04638672
vn -0.0053977966 0.99902344 -0.04638672
vn -0.0053977966 0.99902344 -0.04638672
vn 0.034240723 0.99365234 -0.107666016
vn 0.034240723 0.99365234 -0.107666016
vn 0.034240723 0.99365234 -0.107666016
vn 0.03488159 0.99365234 -0.107055664
vn -0.11004639 0.99365234 -0.011665344
vn -0.11004639 0.99365234 -0.011665344
vn -0.11004639 0.99365234 -0.011665344
vn -0.11004639 0.99365234 -0.011665344
vn 0.1652832 0.9658203 -0.20031738
vn 0.1652832 0.9658203 -0.20031738
vn 0.1652832 0.9658203 -0.20031738
vn 0.1652832 0.9658203 -0.20031738
vn 0.034973145 0.9995117 0.0039405823
vn 0.034973145 0.9995117 0.0039405823
vn 0.034973145 0.9995117 0.0039405823
vn 0.041625977 0.99902344 0.0028018951
vn -0.05331421 0.9902344 -0.1274414
vn -0.05331421 0.9902344 -0.1274414
vn -0.05331421 0.9902344 -0.1274414
vn -0.053131104 0.9902344 -0.1274414
vn -0.0070152283 1 -0.002828598
vn -0.0070152283 1 -0.002828598
vn -0.0070152283 1 -0.002828598
vn -0.0070152283 1 -0.0028305054
vn -0.16223145 0.97314453 -0.16442871
vn -0.16223145 0.97314453 -0.16442871
vn -0.16223145 0.97314453 -0.16442871
vn -0.15710449 0.9736328 -0.1640625
vn 0.050933838 0.9975586 -0.050872803
vn 0.050933838 0.9975586 -0.050872803
vn 0.050933838 0.9975586 -0.050872803
vn 0.0519104 0.9975586 -0.05090332
vn -0.018066406 0.9995117 -0.025939941
vn -0.018066406 0.9995117 -0.025939941
vn -0.018066406 0.9995117 -0.025939941
vn -0.017166138 0.9995117 -0.025543213
vn -0.07458496 0.9970703 -0.012794495
vn -0.07458496 0.9970703 -0.012794495
vn -0.07458496 0.9970703 -0.012794495
vn -0.06842041 0.9970703 -0.02619934
vn 0.001991272 1 0.0062789917
vn 0.001991272 1 0.0062789917
vn 0.001991272 1 0.0062789917
vn 0.011291504 1 -0.0052223206
vn 0.04611206 0.99853516 -0.020996094
vn 0.04611206 0.99853516 -0.020996094
vn 0.04611206 0.99853516 -0.020996094
vn 0.04611206 0.99853516 -0.020996094
vn -0 1 1.013279E-06
vn -0 1 1.013279E-06
vn -0 1 1.013279E-06
vn -0 1 1.1324883E-06
g B003_B005_0
f 3/3/3 2/2/2 1/1/1
f 6/6/6 5/5/5 4/4/4
f 9/9/9 8/8/8 7/7/7
f 12/12/12 11/11/11 10/10/10
f 15/15/15 14/14/14 13/13/13
f 18/18/18 17/17/17 16/16/16
f 21/21/21 20/20/20 19/19/19
f 24/24/24 23/23/23 22/22/22
f 27/27/27 26/26/26 25/25/25
f 30/30/30 29/29/29 28/28/28
f 33/33/33 32/32/32 31/31/31
f 36/36/36 35/35/35 34/34/34
f 39/39/39 38/38/38 37/37/37
f 42/42/42 41/41/41 40/40/40
f 45/45/45 44/44/44 43/43/43
f 48/48/48 47/47/47 46/46/46
f 51/51/51 50/50/50 49/49/49
f 54/54/54 53/53/53 52/52/52
f 57/57/57 56/56/56 55/55/55
f 60/60/60 59/59/59 58/58/58
f 63/63/63 62/62/62 61/61/61
f 66/66/66 65/65/65 64/64/64
f 69/69/69 68/68/68 67/67/67
f 72/72/72 71/71/71 70/70/70
f 75/75/75 74/74/74 73/73/73
f 78/78/78 77/77/77 76/76/76
f 81/81/81 80/80/80 79/79/79
f 84/84/84 83/83/83 82/82/82
f 87/87/87 86/86/86 85/85/85
f 90/90/90 89/89/89 88/88/88
f 93/93/93 92/92/92 91/91/91
f 96/96/96 95/95/95 94/94/94
f 99/99/99 98/98/98 97/97/97
f 102/102/102 101/101/101 100/100/100
f 105/105/105 104/104/104 103/103/103
f 108/108/108 107/107/107 106/106/106
f 111/111/111 110/110/110 109/109/109
f 114/114/114 113/113/113 112/112/112
f 117/117/117 116/116/116 115/115/115
f 120/120/120 119/119/119 118/118/118
f 123/123/123 122/122/122 121/121/121
f 126/126/126 125/125/125 124/124/124
f 129/129/129 128/128/128 127/127/127
f 132/132/132 131/131/131 130/130/130
f 135/135/135 134/134/134 133/133/133
f 138/138/138 137/137/137 136/136/136
f 141/141/141 140/140/140 139/139/139
f 144/144/144 143/143/143 142/142/142
f 147/147/147 146/146/146 145/145/145
f 150/150/150 149/149/149 148/148/148
f 153/153/153 152/152/152 151/151/151
f 156/156/156 155/155/155 154/154/154
f 159/159/159 158/158/158 157/157/157
f 162/162/162 161/161/161 160/160/160
f 165/165/165 164/164/164 163/163/163
f 168/168/168 167/167/167 166/166/166
f 171/171/171 170/170/170 169/169/169
f 174/174/174 173/173/173 172/172/172
f 177/177/177 176/176/176 175/175/175
f 180/180/180 179/179/179 178/178/178
f 183/183/183 182/182/182 181/181/181
f 186/186/186 185/185/185 184/184/184
f 189/189/189 188/188/188 187/187/187
f 192/192/192 191/191/191 190/190/190
f 195/195/195 194/194/194 193/193/193
f 198/198/198 197/197/197 196/196/196
f 201/201/201 200/200/200 199/199/199
f 204/204/204 203/203/203 202/202/202
f 207/207/207 206/206/206 205/205/205
f 210/210/210 209/209/209 208/208/208
f 213/213/213 212/212/212 211/211/211
f 216/216/216 215/215/215 214/214/214
f 219/219/219 218/218/218 217/217/217
f 222/222/222 221/221/221 220/220/220
f 225/225/225 224/224/224 223/223/223
f 228/228/228 227/227/227 226/226/226
f 231/231/231 230/230/230 229/229/229
f 234/234/234 233/233/233 232/232/232
f 237/237/237 236/236/236 235/235/235
f 240/240/240 239/239/239 238/238/238
f 243/243/243 242/242/242 241/241/241
f 246/246/246 245/245/245 244/244/244
f 249/249/249 248/248/248 247/247/247
f 252/252/252 251/251/251 250/250/250
f 255/255/255 254/254/254 253/253/253
f 258/258/258 257/257/257 256/256/256
f 261/261/261 260/260/260 259/259/259
f 264/264/264 263/263/263 262/262/262
f 267/267/267 266/266/266 265/265/265
f 270/270/270 269/269/269 268/268/268
f 273/273/273 272/272/272 271/271/271
f 276/276/276 275/275/275 274/274/274
f 279/279/279 278/278/278 277/277/277
f 282/282/282 281/281/281 280/280/280
f 285/285/285 284/284/284 283/283/283
f 288/288/288 287/287/287 286/286/286
f 291/291/291 290/290/290 289/289/289
f 294/294/294 293/293/293 292/292/292
f 297/297/297 296/296/296 295/295/295
f 300/300/300 299/299/299 298/298/298
f 303/303/303 302/302/302 301/301/301
f 306/306/306 305/305/305 304/304/304
f 309/309/309 308/308/308 307/307/307
f 312/312/312 311/311/311 310/310/310
f 315/315/315 314/314/314 313/313/313
f 318/318/318 317/317/317 316/316/316
f 321/321/321 320/320/320 319/319/319
f 324/324/324 323/323/323 322/322/322
f 327/327/327 326/326/326 325/325/325
f 330/330/330 329/329/329 328/328/328
f 333/333/333 332/332/332 331/331/331
f 336/336/336 335/335/335 334/334/334
f 339/339/339 338/338/338 337/337/337
f 342/342/342 341/341/341 340/340/340
f 345/345/345 344/344/344 343/343/343
f 348/348/348 347/347/347 346/346/346
f 351/351/351 350/350/350 349/349/349
f 354/354/354 353/353/353 352/352/352
f 357/357/357 356/356/356 355/355/355
f 360/360/360 359/359/359 358/358/358
f 363/363/363 362/362/362 361/361/361
f 366/366/366 365/365/365 364/364/364
f 369/369/369 368/368/368 367/367/367
f 372/372/372 371/371/371 370/370/370
f 375/375/375 374/374/374 373/373/373
f 378/378/378 377/377/377 376/376/376
f 381/381/381 380/380/380 379/379/379
f 384/384/384 383/383/383 382/382/382
f 387/387/387 386/386/386 385/385/385
f 390/390/390 389/389/389 388/388/388
f 393/393/393 392/392/392 391/391/391
f 396/396/396 395/395/395 394/394/394
f 399/399/399 398/398/398 397/397/397
f 402/402/402 401/401/401 400/400/400
f 405/405/405 404/404/404 403/403/403
f 408/408/408 407/407/407 406/406/406
f 411/411/411 410/410/410 409/409/409
f 414/414/414 413/413/413 412/412/412
f 417/417/417 416/416/416 415/415/415
f 420/420/420 419/419/419 418/418/418
f 423/423/423 422/422/422 421/421/421
f 426/426/426 425/425/425 424/424/424
f 429/429/429 428/428/428 427/427/427
f 432/432/432 431/431/431 430/430/430
f 435/435/435 434/434/434 433/433/433
f 438/438/438 437/437/437 436/436/436
f 441/441/441 440/440/440 439/439/439
f 444/444/444 443/443/443 442/442/442
f 447/447/447 446/446/446 445/445/445
f 450/450/450 449/449/449 448/448/448
f 453/453/453 452/452/452 451/451/451
f 456/456/456 455/455/455 454/454/454
f 459/459/459 458/458/458 457/457/457
f 462/462/462 461/461/461 460/460/460
f 465/465/465 464/464/464 463/463/463
f 468/468/468 467/467/467 466/466/466
f 471/471/471 470/470/470 469/469/469
f 474/474/474 473/473/473 472/472/472
f 477/477/477 476/476/476 475/475/475
f 480/480/480 479/479/479 478/478/478
f 483/483/483 482/482/482 481/481/481
f 486/486/486 485/485/485 484/484/484
f 489/489/489 488/488/488 487/487/487
f 492/492/492 491/491/491 490/490/490
f 495/495/495 494/494/494 493/493/493
f 498/498/498 497/497/497 496/496/496
f 501/501/501 500/500/500 499/499/499
f 504/504/504 503/503/503 502/502/502
f 507/507/507 506/506/506 505/505/505
f 510/510/510 509/509/509 508/508/508
f 513/513/513 512/512/512 511/511/511
f 516/516/516 515/515/515 514/514/514
f 519/519/519 518/518/518 517/517/517
f 522/522/522 521/521/521 520/520/520
f 525/525/525 524/524/524 523/523/523
f 528/528/528 527/527/527 526/526/526
f 531/531/531 530/530/530 529/529/529
f 534/534/534 533/533/533 532/532/532
f 537/537/537 536/536/536 535/535/535
f 540/540/540 539/539/539 538/538/538
f 543/543/543 542/542/542 541/541/541
f 546/546/546 545/545/545 544/544/544
f 549/549/549 548/548/548 547/547/547
f 552/552/552 551/551/551 550/550/550
f 555/555/555 554/554/554 553/553/553
f 558/558/558 557/557/557 556/556/556
f 561/561/561 560/560/560 559/559/559
f 564/564/564 563/563/563 562/562/562
f 567/567/567 566/566/566 565/565/565
f 566/566/566 567/567/567 568/568/568
f 571/571/571 570/570/570 569/569/569
f 570/570/570 571/571/571 572/572/572
f 575/575/575 574/574/574 573/573/573
f 574/574/574 575/575/575 576/576/576
f 579/579/579 578/578/578 577/577/577
f 578/578/578 579/579/579 580/580/580
f 583/583/583 582/582/582 581/581/581
f 582/582/582 583/583/583 584/584/584
f 587/587/587 586/586/586 585/585/585
f 586/586/586 587/587/587 588/588/588
f 591/591/591 590/590/590 589/589/589
f 590/590/590 591/591/591 592/592/592
f 595/595/595 594/594/594 593/593/593
f 594/594/594 595/595/595 596/596/596
f 599/599/599 598/598/598 597/597/597
f 598/598/598 599/599/599 600/600/600
f 603/603/603 602/602/602 601/601/601
f 602/602/602 603/603/603 604/604/604
f 607/607/607 606/606/606 605/605/605
f 606/606/606 607/607/607 608/608/608
f 611/611/611 610/610/610 609/609/609
f 610/610/610 611/611/611 612/612/612
f 615/615/615 614/614/614 613/613/613
f 614/614/614 615/615/615 616/616/616
f 619/619/619 618/618/618 617/617/617
f 618/618/618 619/619/619 620/620/620
f 623/623/623 622/622/622 621/621/621
f 622/622/622 623/623/623 624/624/624
f 627/627/627 626/626/626 625/625/625
f 626/626/626 627/627/627 628/628/628
f 631/631/631 630/630/630 629/629/629
f 630/630/630 631/631/631 632/632/632
f 635/635/635 634/634/634 633/633/633
f 634/634/634 635/635/635 636/636/636
f 639/639/639 638/638/638 637/637/637
f 638/638/638 639/639/639 640/640/640
f 643/643/643 642/642/642 641/641/641
f 642/642/642 643/643/643 644/644/644
f 647/647/647 646/646/646 645/645/645
f 646/646/646 647/647/647 648/648/648
f 651/651/651 650/650/650 649/649/649
f 650/650/650 651/651/651 652/652/652
f 655/655/655 654/654/654 653/653/653
f 654/654/654 655/655/655 656/656/656
f 659/659/659 658/658/658 657/657/657
f 658/658/658 659/659/659 660/660/660
f 663/663/663 662/662/662 661/661/661
f 662/662/662 663/663/663 664/664/664
f 667/667/667 666/666/666 665/665/665
f 666/666/666 667/667/667 668/668/668
f 671/671/671 670/670/670 669/669/669
f 670/670/670 671/671/671 672/672/672
f 675/675/675 674/674/674 673/673/673
f 674/674/674 675/675/675 676/676/676
f 679/679/679 678/678/678 677/677/677
f 678/678/678 679/679/679 680/680/680
f 683/683/683 682/682/682 681/681/681
f 682/682/682 683/683/683 684/684/684
f 687/687/687 686/686/686 685/685/685
f 686/686/686 687/687/687 688/688/688
f 691/691/691 690/690/690 689/689/689
f 690/690/690 691/691/691 692/692/692
f 695/695/695 694/694/694 693/693/693
f 694/694/694 695/695/695 696/696/696
f 699/699/699 698/698/698 697/697/697
f 698/698/698 699/699/699 700/700/700
f 703/703/703 702/702/702 701/701/701
f 702/702/702 703/703/703 704/704/704
f 707/707/707 706/706/706 705/705/705
f 706/706/706 707/707/707 708/708/708
f 711/711/711 710/710/710 709/709/709
f 710/710/710 711/711/711 712/712/712
f 715/715/715 714/714/714 713/713/713
f 714/714/714 715/715/715 716/716/716
f 719/719/719 718/718/718 717/717/717
f 718/718/718 719/719/719 720/720/720
f 723/723/723 722/722/722 721/721/721
f 722/722/722 723/723/723 724/724/724
f 727/727/727 726/726/726 725/725/725
f 726/726/726 727/727/727 728/728/728
f 731/731/731 730/730/730 729/729/729
f 730/730/730 731/731/731 732/732/732
f 735/735/735 734/734/734 733/733/733
f 734/734/734 735/735/735 736/736/736
f 739/739/739 738/738/738 737/737/737
f 738/738/738 739/739/739 740/740/740
f 743/743/743 742/742/742 741/741/741
f 742/742/742 743/743/743 744/744/744
f 747/747/747 746/746/746 745/745/745
f 746/746/746 747/747/747 748/748/748
f 751/751/751 750/750/750 749/749/749
f 750/750/750 751/751/751 752/752/752
f 755/755/755 754/754/754 753/753/753
f 754/754/754 755/755/755 756/756/756
f 759/759/759 758/758/758 757/757/757
f 758/758/758 759/759/759 760/760/760
f 763/763/763 762/762/762 761/761/761
f 762/762/762 763/763/763 764/764/764
f 767/767/767 766/766/766 765/765/765
f 766/766/766 767/767/767 768/768/768
f 771/771/771 770/770/770 769/769/769
f 770/770/770 771/771/771 772/772/772
f 775/775/775 774/774/774 773/773/773
f 774/774/774 775/775/775 776/776/776
f 779/779/779 778/778/778 777/777/777
f 778/778/778 779/779/779 780/780/780
f 783/783/783 782/782/782 781/781/781
f 782/782/782 783/783/783 784/784/784
f 787/787/787 786/786/786 785/785/785
f 786/786/786 787/787/787 788/788/788
f 791/791/791 790/790/790 789/789/789
f 790/790/790 791/791/791 792/792/792
f 795/795/795 794/794/794 793/793/793
f 794/794/794 795/795/795 796/796/796
f 799/799/799 798/798/798 797/797/797
f 798/798/798 799/799/799 800/800/800
f 803/803/803 802/802/802 801/801/801
f 802/802/802 803/803/803 804/804/804
f 807/807/807 806/806/806 805/805/805
f 806/806/806 807/807/807 808/808/808
f 811/811/811 810/810/810 809/809/809
f 810/810/810 811/811/811 812/812/812
f 815/815/815 814/814/814 813/813/813
f 814/814/814 815/815/815 816/816/816
f 819/819/819 818/818/818 817/817/817
f 818/818/818 819/819/819 820/820/820
f 823/823/823 822/822/822 821/821/821
f 822/822/822 823/823/823 824/824/824
f 827/827/827 826/826/826 825/825/825
f 826/826/826 827/827/827 828/828/828
f 831/831/831 830/830/830 829/829/829
f 830/830/830 831/831/831 832/832/832
f 835/835/835 834/834/834 833/833/833
f 834/834/834 835/835/835 836/836/836
f 839/839/839 838/838/838 837/837/837
f 838/838/838 839/839/839 840/840/840
f 843/843/843 842/842/842 841/841/841
f 842/842/842 843/843/843 844/844/844
f 847/847/847 846/846/846 845/845/845
f 846/846/846 847/847/847 848/848/848
f 851/851/851 850/850/850 849/849/849
f 850/850/850 851/851/851 852/852/852
f 855/855/855 854/854/854 853/853/853
f 854/854/854 855/855/855 856/856/856
f 859/859/859 858/858/858 857/857/857
f 858/858/858 859/859/859 860/860/860
f 863/863/863 862/862/862 861/861/861
f 862/862/862 863/863/863 864/864/864
f 867/867/867 866/866/866 865/865/865
f 866/866/866 867/867/867 868/868/868
f 871/871/871 870/870/870 869/869/869
f 870/870/870 871/871/871 872/872/872
f 875/875/875 874/874/874 873/873/873
f 874/874/874 875/875/875 876/876/876
f 879/879/879 878/878/878 877/877/877
f 878/878/878 879/879/879 880/880/880
f 883/883/883 882/882/882 881/881/881
f 882/882/882 883/883/883 884/884/884
f 887/887/887 886/886/886 885/885/885
f 886/886/886 887/887/887 888/888/888
f 891/891/891 890/890/890 889/889/889
f 890/890/890 891/891/891 892/892/892
f 895/895/895 894/894/894 893/893/893
f 894/894/894 895/895/895 896/896/896
f 899/899/899 898/898/898 897/897/897
f 898/898/898 899/899/899 900/900/900
f 903/903/903 902/902/902 901/901/901
f 902/902/902 903/903/903 904/904/904
f 907/907/907 906/906/906 905/905/905
f 906/906/906 907/907/907 908/908/908
f 911/911/911 910/910/910 909/909/909
f 910/910/910 911/911/911 912/912/912
f 915/915/915 914/914/914 913/913/913
f 914/914/914 915/915/915 916/916/916
f 919/919/919 918/918/918 917/917/917
f 918/918/918 919/919/919 920/920/920
f 923/923/923 922/922/922 921/921/921
f 922/922/922 923/923/923 924/924/924
f 927/927/927 926/926/926 925/925/925
f 926/926/926 927/927/927 928/928/928
f 931/931/931 930/930/930 929/929/929
f 930/930/930 931/931/931 932/932/932
f 935/935/935 934/934/934 933/933/933
f 934/934/934 935/935/935 936/936/936
f 939/939/939 938/938/938 937/937/937
f 938/938/938 939/939/939 940/940/940
f 943/943/943 942/942/942 941/941/941
f 942/942/942 943/943/943 944/944/944
f 947/947/947 946/946/946 945/945/945
f 946/946/946 947/947/947 948/948/948
f 951/951/951 950/950/950 949/949/949
f 950/950/950 951/951/951 952/952/952
f 955/955/955 954/954/954 953/953/953
f 954/954/954 955/955/955 956/956/956
f 959/959/959 958/958/958 957/957/957
f 958/958/958 959/959/959 960/960/960
f 963/963/963 962/962/962 961/961/961
f 962/962/962 963/963/963 964/964/964
f 967/967/967 966/966/966 965/965/965
f 966/966/966 967/967/967 968/968/968
f 971/971/971 970/970/970 969/969/969
f 970/970/970 971/971/971 972/972/972
f 975/975/975 974/974/974 973/973/973
f 974/974/974 975/975/975 976/976/976
f 979/979/979 978/978/978 977/977/977
f 980/980/980 979/979/979 977/977/977
f 983/983/983 982/982/982 981/981/981
f 982/982/982 983/983/983 984/984/984
f 987/987/987 986/986/986 985/985/985
f 986/986/986 987/987/987 988/988/988
f 991/991/991 990/990/990 989/989/989
f 990/990/990 991/991/991 992/992/992
f 995/995/995 994/994/994 993/993/993
f 994/994/994 995/995/995 996/996/996
f 999/999/999 998/998/998 997/997/997
f 998/998/998 999/999/999 1000/1000/1000
f 1003/1003/1003 1002/1002/1002 1001/1001/1001
f 1002/1002/1002 1003/1003/1003 1004/1004/1004
f 1007/1007/1007 1006/1006/1006 1005/1005/1005
f 1006/1006/1006 1007/1007/1007 1008/1008/1008
f 1011/1011/1011 1010/1010/1010 1009/1009/1009
f 1010/1010/1010 1011/1011/1011 1012/1012/1012
f 1015/1015/1015 1014/1014/1014 1013/1013/1013
f 1014/1014/1014 1015/1015/1015 1016/1016/1016
f 1019/1019/1019 1018/1018/1018 1017/1017/1017
f 1018/1018/1018 1019/1019/1019 1020/1020/1020
f 1023/1023/1023 1022/1022/1022 1021/1021/1021
f 1022/1022/1022 1023/1023/1023 1024/1024/1024
f 1027/1027/1027 1026/1026/1026 1025/1025/1025
f 1026/1026/1026 1027/1027/1027 1028/1028/1028
f 1031/1031/1031 1030/1030/1030 1029/1029/1029
f 1030/1030/1030 1031/1031/1031 1032/1032/1032
f 1035/1035/1035 1034/1034/1034 1033/1033/1033
f 1034/1034/1034 1035/1035/1035 1036/1036/1036
f 1039/1039/1039 1038/1038/1038 1037/1037/1037
f 1038/1038/1038 1039/1039/1039 1040/1040/1040
f 1043/1043/1043 1042/1042/1042 1041/1041/1041
f 1042/1042/1042 1043/1043/1043 1044/1044/1044
f 1047/1047/1047 1046/1046/1046 1045/1045/1045
f 1046/1046/1046 1047/1047/1047 1048/1048/1048
f 1051/1051/1051 1050/1050/1050 1049/1049/1049
f 1050/1050/1050 1051/1051/1051 1052/1052/1052
f 1055/1055/1055 1054/1054/1054 1053/1053/1053
f 1054/1054/1054 1055/1055/1055 1056/1056/1056
f 1059/1059/1059 1058/1058/1058 1057/1057/1057
f 1058/1058/1058 1059/1059/1059 1060/1060/1060
f 1063/1063/1063 1062/1062/1062 1061/1061/1061
f 1062/1062/1062 1063/1063/1063 1064/1064/1064
f 1067/1067/1067 1066/1066/1066 1065/1065/1065
f 1066/1066/1066 1067/1067/1067 1068/1068/1068
f 1071/1071/1071 1070/1070/1070 1069/1069/1069
f 1070/1070/1070 1071/1071/1071 1072/1072/1072
f 1075/1075/1075 1074/1074/1074 1073/1073/1073
f 1074/1074/1074 1075/1075/1075 1076/1076/1076
f 1079/1079/1079 1078/1078/1078 1077/1077/1077
f 1078/1078/1078 1079/1079/1079 1080/1080/1080
f 1083/1083/1083 1082/1082/1082 1081/1081/1081
f 1082/1082/1082 1083/1083/1083 1084/1084/1084
f 1087/1087/1087 1086/1086/1086 1085/1085/1085
f 1086/1086/1086 1087/1087/1087 1088/1088/1088
f 1091/1091/1091 1090/1090/1090 1089/1089/1089
f 1090/1090/1090 1091/1091/1091 1092/1092/1092
f 1095/1095/1095 1094/1094/1094 1093/1093/1093
f 1094/1094/1094 1095/1095/1095 1096/1096/1096
f 1099/1099/1099 1098/1098/1098 1097/1097/1097
f 1098/1098/1098 1099/1099/1099 1100/1100/1100
f 1103/1103/1103 1102/1102/1102 1101/1101/1101
f 1102/1102/1102 1103/1103/1103 1104/1104/1104
f 1107/1107/1107 1106/1106/1106 1105/1105/1105
f 1106/1106/1106 1107/1107/1107 1108/1108/1108
f 1111/1111/1111 1110/1110/1110 1109/1109/1109
f 1110/1110/1110 1111/1111/1111 1112/1112/1112
f 1115/1115/1115 1114/1114/1114 1113/1113/1113
f 1114/1114/1114 1115/1115/1115 1116/1116/1116
f 1119/1119/1119 1118/1118/1118 1117/1117/1117
f 1118/1118/1118 1119/1119/1119 1120/1120/1120
f 1123/1123/1123 1122/1122/1122 1121/1121/1121
f 1122/1122/1122 1123/1123/1123 1124/1124/1124
f 1127/1127/1127 1126/1126/1126 1125/1125/1125
f 1126/1126/1126 1127/1127/1127 1128/1128/1128
f 1131/1131/1131 1130/1130/1130 1129/1129/1129
f 1130/1130/1130 1131/1131/1131 1132/1132/1132
f 1135/1135/1135 1134/1134/1134 1133/1133/1133
f 1134/1134/1134 1135/1135/1135 1136/1136/1136
f 1139/1139/1139 1138/1138/1138 1137/1137/1137
f 1138/1138/1138 1139/1139/1139 1140/1140/1140
f 1143/1143/1143 1142/1142/1142 1141/1141/1141
f 1142/1142/1142 1143/1143/1143 1144/1144/1144
f 1147/1147/1147 1146/1146/1146 1145/1145/1145
f 1146/1146/1146 1147/1147/1147 1148/1148/1148
f 1151/1151/1151 1150/1150/1150 1149/1149/1149
f 1150/1150/1150 1151/1151/1151 1152/1152/1152
f 1155/1155/1155 1154/1154/1154 1153/1153/1153
f 1154/1154/1154 1155/1155/1155 1156/1156/1156
f 1159/1159/1159 1158/1158/1158 1157/1157/1157
f 1158/1158/1158 1159/1159/1159 1160/1160/1160
f 1163/1163/1163 1162/1162/1162 1161/1161/1161
f 1162/1162/1162 1163/1163/1163 1164/1164/1164
f 1167/1167/1167 1166/1166/1166 1165/1165/1165
f 1166/1166/1166 1167/1167/1167 1168/1168/1168
f 1171/1171/1171 1170/1170/1170 1169/1169/1169
f 1170/1170/1170 1171/1171/1171 1172/1172/1172
f 1175/1175/1175 1174/1174/1174 1173/1173/1173
f 1174/1174/1174 1175/1175/1175 1176/1176/1176
f 1179/1179/1179 1178/1178/1178 1177/1177/1177
f 1178/1178/1178 1179/1179/1179 1180/1180/1180
f 1183/1183/1183 1182/1182/1182 1181/1181/1181
f 1182/1182/1182 1183/1183/1183 1184/1184/1184
f 1187/1187/1187 1186/1186/1186 1185/1185/1185
f 1186/1186/1186 1187/1187/1187 1188/1188/1188
f 1191/1191/1191 1190/1190/1190 1189/1189/1189
f 1190/1190/1190 1191/1191/1191 1192/1192/1192
f 1195/1195/1195 1194/1194/1194 1193/1193/1193
f 1194/1194/1194 1195/1195/1195 1196/1196/1196
f 1199/1199/1199 1198/1198/1198 1197/1197/1197
f 1198/1198/1198 1199/1199/1199 1200/1200/1200
f 1203/1203/1203 1202/1202/1202 1201/1201/1201
f 1202/1202/1202 1203/1203/1203 1204/1204/1204
f 1207/1207/1207 1206/1206/1206 1205/1205/1205
f 1206/1206/1206 1207/1207/1207 1208/1208/1208
f 1211/1211/1211 1210/1210/1210 1209/1209/1209
f 1210/1210/1210 1211/1211/1211 1212/1212/1212
f 1215/1215/1215 1214/1214/1214 1213/1213/1213
f 1214/1214/1214 1215/1215/1215 1216/1216/1216
f 1219/1219/1219 1218/1218/1218 1217/1217/1217
f 1218/1218/1218 1219/1219/1219 1220/1220/1220
f 1223/1223/1223 1222/1222/1222 1221/1221/1221
f 1222/1222/1222 1223/1223/1223 1224/1224/1224
f 1227/1227/1227 1226/1226/1226 1225/1225/1225
f 1226/1226/1226 1227/1227/1227 1228/1228/1228
f 1231/1231/1231 1230/1230/1230 1229/1229/1229
f 1230/1230/1230 1231/1231/1231 1232/1232/1232
f 1235/1235/1235 1234/1234/1234 1233/1233/1233
f 1234/1234/1234 1235/1235/1235 1236/1236/1236
f 1239/1239/1239 1238/1238/1238 1237/1237/1237
f 1238/1238/1238 1239/1239/1239 1240/1240/1240
f 1243/1243/1243 1242/1242/1242 1241/1241/1241
f 1242/1242/1242 1243/1243/1243 1244/1244/1244
f 1247/1247/1247 1246/1246/1246 1245/1245/1245
f 1246/1246/1246 1247/1247/1247 1248/1248/1248
f 1251/1251/1251 1250/1250/1250 1249/1249/1249
f 1250/1250/1250 1251/1251/1251 1252/1252/1252
f 1255/1255/1255 1254/1254/1254 1253/1253/1253
f 1254/1254/1254 1255/1255/1255 1256/1256/1256
f 1259/1259/1259 1258/1258/1258 1257/1257/1257
f 1258/1258/1258 1259/1259/1259 1260/1260/1260
f 1263/1263/1263 1262/1262/1262 1261/1261/1261
f 1262/1262/1262 1263/1263/1263 1264/1264/1264
f 1267/1267/1267 1266/1266/1266 1265/1265/1265
f 1266/1266/1266 1267/1267/1267 1268/1268/1268
f 1271/1271/1271 1270/1270/1270 1269/1269/1269
f 1270/1270/1270 1271/1271/1271 1272/1272/1272
f 1275/1275/1275 1274/1274/1274 1273/1273/1273
f 1274/1274/1274 1275/1275/1275 1276/1276/1276
f 1279/1279/1279 1278/1278/1278 1277/1277/1277
f 1278/1278/1278 1279/1279/1279 1280/1280/1280
f 1283/1283/1283 1282/1282/1282 1281/1281/1281
f 1282/1282/1282 1283/1283/1283 1284/1284/1284
f 1287/1287/1287 1286/1286/1286 1285/1285/1285
f 1286/1286/1286 1287/1287/1287 1288/1288/1288
f 1291/1291/1291 1290/1290/1290 1289/1289/1289
f 1290/1290/1290 1291/1291/1291 1292/1292/1292
f 1295/1295/1295 1294/1294/1294 1293/1293/1293
f 1294/1294/1294 1295/1295/1295 1296/1296/1296
f 1299/1299/1299 1298/1298/1298 1297/1297/1297
f 1298/1298/1298 1299/1299/1299 1300/1300/1300
f 1303/1303/1303 1302/1302/1302 1301/1301/1301
f 1302/1302/1302 1303/1303/1303 1304/1304/1304
f 1307/1307/1307 1306/1306/1306 1305/1305/1305
f 1306/1306/1306 1307/1307/1307 1308/1308/1308
f 1311/1311/1311 1310/1310/1310 1309/1309/1309
f 1310/1310/1310 1311/1311/1311 1312/1312/1312
f 1315/1315/1315 1314/1314/1314 1313/1313/1313
f 1314/1314/1314 1315/1315/1315 1316/1316/1316
f 1319/1319/1319 1318/1318/1318 1317/1317/1317
f 1318/1318/1318 1319/1319/1319 1320/1320/1320
f 1323/1323/1323 1322/1322/1322 1321/1321/1321
f 1322/1322/1322 1323/1323/1323 1324/1324/1324
f 1327/1327/1327 1326/1326/1326 1325/1325/1325
f 1326/1326/1326 1327/1327/1327 1328/1328/1328
f 1331/1331/1331 1330/1330/1330 1329/1329/1329
f 1330/1330/1330 1331/1331/1331 1332/1332/1332
f 1335/1335/1335 1334/1334/1334 1333/1333/1333
f 1334/1334/1334 1335/1335/1335 1336/1336/1336
f 1339/1339/1339 1338/1338/1338 1337/1337/1337
f 1338/1338/1338 1339/1339/1339 1340/1340/1340
f 1343/1343/1343 1342/1342/1342 1341/1341/1341
f 1342/1342/1342 1343/1343/1343 1344/1344/1344
f 1347/1347/1347 1346/1346/1346 1345/1345/1345
f 1346/1346/1346 1347/1347/1347 1348/1348/1348
f 1351/1351/1351 1350/1350/1350 1349/1349/1349
f 1350/1350/1350 1351/1351/1351 1352/1352/1352
f 1355/1355/1355 1354/1354/1354 1353/1353/1353
f 1354/1354/1354 1355/1355/1355 1356/1356/1356
f 1359/1359/1359 1358/1358/1358 1357/1357/1357
f 1358/1358/1358 1359/1359/1359 1360/1360/1360
f 1363/1363/1363 1362/1362/1362 1361/1361/1361
f 1362/1362/1362 1363/1363/1363 1364/1364/1364
f 1367/1367/1367 1366/1366/1366 1365/1365/1365
f 1366/1366/1366 1367/1367/1367 1368/1368/1368
f 1371/1371/1371 1370/1370/1370 1369/1369/1369
f 1370/1370/1370 1371/1371/1371 1372/1372/1372
f 1375/1375/1375 1374/1374/1374 1373/1373/1373
f 1374/1374/1374 1375/1375/1375 1376/1376/1376
f 1379/1379/1379 1378/1378/1378 1377/1377/1377
f 1378/1378/1378 1379/1379/1379 1380/1380/1380
f 1383/1383/1383 1382/1382/1382 1381/1381/1381
f 1382/1382/1382 1383/1383/1383 1384/1384/1384
f 1387/1387/1387 1386/1386/1386 1385/1385/1385
f 1386/1386/1386 1387/1387/1387 1388/1388/1388
f 1391/1391/1391 1390/1390/1390 1389/1389/1389
f 1390/1390/1390 1391/1391/1391 1392/1392/1392
f 1395/1395/1395 1394/1394/1394 1393/1393/1393
f 1394/1394/1394 1395/1395/1395 1396/1396/1396
f 1399/1399/1399 1398/1398/1398 1397/1397/1397
f 1398/1398/1398 1399/1399/1399 1400/1400/1400
f 1403/1403/1403 1402/1402/1402 1401/1401/1401
f 1402/1402/1402 1403/1403/1403 1404/1404/1404
f 1407/1407/1407 1406/1406/1406 1405/1405/1405
f 1406/1406/1406 1407/1407/1407 1408/1408/1408
f 1411/1411/1411 1410/1410/1410 1409/1409/1409
f 1410/1410/1410 1411/1411/1411 1412/1412/1412
f 1415/1415/1415 1414/1414/1414 1413/1413/1413
f 1414/1414/1414 1415/1415/1415 1416/1416/1416
f 1419/1419/1419 1418/1418/1418 1417/1417/1417
f 1418/1418/1418 1419/1419/1419 1420/1420/1420
g B003_B005_1
f 1423/1423/1423 1422/1422/1422 1421/1421/1421
f 1422/1422/1422 1423/1423/1423 1424/1424/1424
f 1427/1427/1427 1426/1426/1426 1425/1425/1425
f 1426/1426/1426 1427/1427/1427 1428/1428/1428
f 1431/1431/1431 1430/1430/1430 1429/1429/1429
f 1430/1430/1430 1431/1431/1431 1432/1432/1432
f 1435/1435/1435 1434/1434/1434 1433/1433/1433
f 1434/1434/1434 1435/1435/1435 1436/1436/1436
f 1439/1439/1439 1438/1438/1438 1437/1437/1437
f 1438/1438/1438 1439/1439/1439 1440/1440/1440
f 1443/1443/1443 1442/1442/1442 1441/1441/1441
f 1442/1442/1442 1443/1443/1443 1444/1444/1444
f 1447/1447/1447 1446/1446/1446 1445/1445/1445
f 1446/1446/1446 1447/1447/1447 1448/1448/1448
f 1451/1451/1451 1450/1450/1450 1449/1449/1449
f 1450/1450/1450 1451/1451/1451 1452/1452/1452
f 1455/1455/1455 1454/1454/1454 1453/1453/1453
f 1454/1454/1454 1455/1455/1455 1456/1456/1456
f 1459/1459/1459 1458/1458/1458 1457/1457/1457
f 1458/1458/1458 1459/1459/1459 1460/1460/1460
f 1463/1463/1463 1462/1462/1462 1461/1461/1461
f 1462/1462/1462 1463/1463/1463 1464/1464/1464
f 1467/1467/1467 1466/1466/1466 1465/1465/1465
f 1466/1466/1466 1467/1467/1467 1468/1468/1468
f 1471/1471/1471 1470/1470/1470 1469/1469/1469
f 1470/1470/1470 1471/1471/1471 1472/1472/1472
f 1475/1475/1475 1474/1474/1474 1473/1473/1473
f 1474/1474/1474 1475/1475/1475 1476/1476/1476
f 1479/1479/1479 1478/1478/1478 1477/1477/1477
f 1478/1478/1478 1479/1479/1479 1480/1480/1480
f 1483/1483/1483 1482/1482/1482 1481/1481/1481
f 1482/1482/1482 1483/1483/1483 1484/1484/1484
f 1487/1487/1487 1486/1486/1486 1485/1485/1485
f 1486/1486/1486 1487/1487/1487 1488/1488/1488
f 1491/1491/1491 1490/1490/1490 1489/1489/1489
f 1490/1490/1490 1491/1491/1491 1492/1492/1492
f 1495/1495/1495 1494/1494/1494 1493/1493/1493
f 1494/1494/1494 1495/1495/1495 1496/1496/1496
f 1499/1499/1499 1498/1498/1498 1497/1497/1497
f 1498/1498/1498 1499/1499/1499 1500/1500/1500
f 1503/1503/1503 1502/1502/1502 1501/1501/1501
f 1502/1502/1502 1503/1503/1503 1504/1504/1504
f 1507/1507/1507 1506/1506/1506 1505/1505/1505
f 1506/1506/1506 1507/1507/1507 1508/1508/1508
g B003_B005_2
f 1511/1511/1511 1510/1510/1510 1509/1509/1509
f 1514/1514/1514 1513/1513/1513 1512/1512/1512
f 1517/1517/1517 1516/1516/1516 1515/1515/1515
f 1520/1520/1520 1519/1519/1519 1518/1518/1518
f 1523/1523/1523 1522/1522/1522 1521/1521/1521
f 1526/1526/1526 1525/1525/1525 1524/1524/1524
f 1529/1529/1529 1528/1528/1528 1527/1527/1527
f 1532/1532/1532 1531/1531/1531 1530/1530/1530
f 1535/1535/1535 1534/1534/1534 1533/1533/1533
f 1538/1538/1538 1537/1537/1537 1536/1536/1536
f 1541/1541/1541 1540/1540/1540 1539/1539/1539
f 1544/1544/1544 1543/1543/1543 1542/1542/1542
f 1547/1547/1547 1546/1546/1546 1545/1545/1545
f 1550/1550/1550 1549/1549/1549 1548/1548/1548
f 1553/1553/1553 1552/1552/1552 1551/1551/1551
f 1556/1556/1556 1555/1555/1555 1554/1554/1554
f 1559/1559/1559 1558/1558/1558 1557/1557/1557
f 1562/1562/1562 1561/1561/1561 1560/1560/1560
f 1565/1565/1565 1564/1564/1564 1563/1563/1563
f 1568/1568/1568 1567/1567/1567 1566/1566/1566
f 1571/1571/1571 1570/1570/1570 1569/1569/1569
f 1574/1574/1574 1573/1573/1573 1572/1572/1572
f 1577/1577/1577 1576/1576/1576 1575/1575/1575
f 1580/1580/1580 1579/1579/1579 1578/1578/1578
f 1583/1583/1583 1582/1582/1582 1581/1581/1581
f 1586/1586/1586 1585/1585/1585 1584/1584/1584
f 1589/1589/1589 1588/1588/1588 1587/1587/1587
f 1592/1592/1592 1591/1591/1591 1590/1590/1590
f 1595/1595/1595 1594/1594/1594 1593/1593/1593
f 1598/1598/1598 1597/1597/1597 1596/1596/1596
f 1601/1601/1601 1600/1600/1600 1599/1599/1599
f 1604/1604/1604 1603/1603/1603 1602/1602/1602
f 1607/1607/1607 1606/1606/1606 1605/1605/1605
f 1610/1610/1610 1609/1609/1609 1608/1608/1608
f 1613/1613/1613 1612/1612/1612 1611/1611/1611
f 1616/1616/1616 1615/1615/1615 1614/1614/1614
f 1619/1619/1619 1618/1618/1618 1617/1617/1617
f 1622/1622/1622 1621/1621/1621 1620/1620/1620
f 1625/1625/1625 1624/1624/1624 1623/1623/1623
f 1628/1628/1628 1627/1627/1627 1626/1626/1626
f 1631/1631/1631 1630/1630/1630 1629/1629/1629
f 1634/1634/1634 1633/1633/1633 1632/1632/1632
f 1637/1637/1637 1636/1636/1636 1635/1635/1635
f 1640/1640/1640 1639/1639/1639 1638/1638/1638
f 1643/1643/1643 1642/1642/1642 1641/1641/1641
f 1646/1646/1646 1645/1645/1645 1644/1644/1644
f 1649/1649/1649 1648/1648/1648 1647/1647/1647
f 1652/1652/1652 1651/1651/1651 1650/1650/1650
f 1655/1655/1655 1654/1654/1654 1653/1653/1653
f 1658/1658/1658 1657/1657/1657 1656/1656/1656
f 1661/1661/1661 1660/1660/1660 1659/1659/1659
f 1664/1664/1664 1663/1663/1663 1662/1662/1662
f 1667/1667/1667 1666/1666/1666 1665/1665/1665
f 1670/1670/1670 1669/1669/1669 1668/1668/1668
f 1673/1673/1673 1672/1672/1672 1671/1671/1671
f 1676/1676/1676 1675/1675/1675 1674/1674/1674
f 1679/1679/1679 1678/1678/1678 1677/1677/1677
f 1682/1682/1682 1681/1681/1681 1680/1680/1680
f 1685/1685/1685 1684/1684/1684 1683/1683/1683
f 1688/1688/1688 1687/1687/1687 1686/1686/1686
f 1691/1691/1691 1690/1690/1690 1689/1689/1689
f 1694/1694/1694 1693/1693/1693 1692/1692/1692
f 1697/1697/1697 1696/1696/1696 1695/1695/1695
f 1700/1700/1700 1699/1699/1699 1698/1698/1698
f 1703/1703/1703 1702/1702/1702 1701/1701/1701
f 1706/1706/1706 1705/1705/1705 1704/1704/1704
f 1709/1709/1709 1708/1708/1708 1707/1707/1707
f 1712/1712/1712 1711/1711/1711 1710/1710/1710
f 1715/1715/1715 1714/1714/1714 1713/1713/1713
f 1718/1718/1718 1717/1717/1717 1716/1716/1716
f 1721/1721/1721 1720/1720/1720 1719/1719/1719
f 1724/1724/1724 1723/1723/1723 1722/1722/1722
f 1727/1727/1727 1726/1726/1726 1725/1725/1725
f 1730/1730/1730 1729/1729/1729 1728/1728/1728
f 1733/1733/1733 1732/1732/1732 1731/1731/1731
f 1736/1736/1736 1735/1735/1735 1734/1734/1734
f 1739/1739/1739 1738/1738/1738 1737/1737/1737
f 1742/1742/1742 1741/1741/1741 1740/1740/1740
f 1745/1745/1745 1744/1744/1744 1743/1743/1743
f 1748/1748/1748 1747/1747/1747 1746/1746/1746
f 1751/1751/1751 1750/1750/1750 1749/1749/1749
f 1754/1754/1754 1753/1753/1753 1752/1752/1752
f 1757/1757/1757 1756/1756/1756 1755/1755/1755
f 1760/1760/1760 1759/1759/1759 1758/1758/1758
f 1763/1763/1763 1762/1762/1762 1761/1761/1761
f 1766/1766/1766 1765/1765/1765 1764/1764/1764
f 1769/1769/1769 1768/1768/1768 1767/1767/1767
f 1772/1772/1772 1771/1771/1771 1770/1770/1770
f 1775/1775/1775 1774/1774/1774 1773/1773/1773
f 1778/1778/1778 1777/1777/1777 1776/1776/1776
f 1781/1781/1781 1780/1780/1780 1779/1779/1779
f 1784/1784/1784 1783/1783/1783 1782/1782/1782
f 1787/1787/1787 1786/1786/1786 1785/1785/1785
f 1790/1790/1790 1789/1789/1789 1788/1788/1788
f 1793/1793/1793 1792/1792/1792 1791/1791/1791
f 1796/1796/1796 1795/1795/1795 1794/1794/1794
f 1799/1799/1799 1798/1798/1798 1797/1797/1797
f 1802/1802/1802 1801/1801/1801 1800/1800/1800
f 1805/1805/1805 1804/1804/1804 1803/1803/1803
f 1808/1808/1808 1807/1807/1807 1806/1806/1806
f 1811/1811/1811 1810/1810/1810 1809/1809/1809
f 1814/1814/1814 1813/1813/1813 1812/1812/1812
f 1817/1817/1817 1816/1816/1816 1815/1815/1815
f 1820/1820/1820 1819/1819/1819 1818/1818/1818
f 1823/1823/1823 1822/1822/1822 1821/1821/1821
f 1826/1826/1826 1825/1825/1825 1824/1824/1824
f 1829/1829/1829 1828/1828/1828 1827/1827/1827
f 1832/1832/1832 1831/1831/1831 1830/1830/1830
f 1835/1835/1835 1834/1834/1834 1833/1833/1833
f 1838/1838/1838 1837/1837/1837 1836/1836/1836
f 1841/1841/1841 1840/1840/1840 1839/1839/1839
f 1844/1844/1844 1843/1843/1843 1842/1842/1842
f 1847/1847/1847 1846/1846/1846 1845/1845/1845
f 1850/1850/1850 1849/1849/1849 1848/1848/1848
f 1853/1853/1853 1852/1852/1852 1851/1851/1851
f 1856/1856/1856 1855/1855/1855 1854/1854/1854
f 1859/1859/1859 1858/1858/1858 1857/1857/1857
f 1862/1862/1862 1861/1861/1861 1860/1860/1860
f 1865/1865/1865 1864/1864/1864 1863/1863/1863
f 1868/1868/1868 1867/1867/1867 1866/1866/1866
f 1871/1871/1871 1870/1870/1870 1869/1869/1869
f 1874/1874/1874 1873/1873/1873 1872/1872/1872
f 1877/1877/1877 1876/1876/1876 1875/1875/1875
f 1880/1880/1880 1879/1879/1879 1878/1878/1878
f 1883/1883/1883 1882/1882/1882 1881/1881/1881
f 1886/1886/1886 1885/1885/1885 1884/1884/1884
f 1889/1889/1889 1888/1888/1888 1887/1887/1887
f 1892/1892/1892 1891/1891/1891 1890/1890/1890
f 1895/1895/1895 1894/1894/1894 1893/1893/1893
f 1898/1898/1898 1897/1897/1897 1896/1896/1896
f 1901/1901/1901 1900/1900/1900 1899/1899/1899
f 1904/1904/1904 1903/1903/1903 1902/1902/1902
f 1907/1907/1907 1906/1906/1906 1905/1905/1905
f 1910/1910/1910 1909/1909/1909 1908/1908/1908
f 1913/1913/1913 1912/1912/1912 1911/1911/1911
f 1916/1916/1916 1915/1915/1915 1914/1914/1914
f 1919/1919/1919 1918/1918/1918 1917/1917/1917
f 1922/1922/1922 1921/1921/1921 1920/1920/1920
f 1925/1925/1925 1924/1924/1924 1923/1923/1923
f 1928/1928/1928 1927/1927/1927 1926/1926/1926
f 1931/1931/1931 1930/1930/1930 1929/1929/1929
f 1934/1934/1934 1933/1933/1933 1932/1932/1932
f 1937/1937/1937 1936/1936/1936 1935/1935/1935
f 1940/1940/1940 1939/1939/1939 1938/1938/1938
f 1943/1943/1943 1942/1942/1942 1941/1941/1941
f 1946/1946/1946 1945/1945/1945 1944/1944/1944
f 1949/1949/1949 1948/1948/1948 1947/1947/1947
f 1952/1952/1952 1951/1951/1951 1950/1950/1950
f 1955/1955/1955 1954/1954/1954 1953/1953/1953
f 1958/1958/1958 1957/1957/1957 1956/1956/1956
f 1961/1961/1961 1960/1960/1960 1959/1959/1959
f 1964/1964/1964 1963/1963/1963 1962/1962/1962
f 1967/1967/1967 1966/1966/1966 1965/1965/1965
f 1970/1970/1970 1969/1969/1969 1968/1968/1968
f 1973/1973/1973 1972/1972/1972 1971/1971/1971
f 1976/1976/1976 1975/1975/1975 1974/1974/1974
f 1979/1979/1979 1978/1978/1978 1977/1977/1977
f 1982/1982/1982 1981/1981/1981 1980/1980/1980
f 1985/1985/1985 1984/1984/1984 1983/1983/1983
f 1988/1988/1988 1987/1987/1987 1986/1986/1986
f 1991/1991/1991 1990/1990/1990 1989/1989/1989
f 1994/1994/1994 1993/1993/1993 1992/1992/1992
f 1997/1997/1997 1996/1996/1996 1995/1995/1995
f 2000/2000/2000 1999/1999/1999 1998/1998/1998
f 2003/2003/2003 2002/2002/2002 2001/2001/2001
f 2006/2006/2006 2005/2005/2005 2004/2004/2004
f 2009/2009/2009 2008/2008/2008 2007/2007/2007
f 2012/2012/2012 2011/2011/2011 2010/2010/2010
f 2015/2015/2015 2014/2014/2014 2013/2013/2013
f 2018/2018/2018 2017/2017/2017 2016/2016/2016
f 2021/2021/2021 2020/2020/2020 2019/2019/2019
f 2024/2024/2024 2023/2023/2023 2022/2022/2022
f 2027/2027/2027 2026/2026/2026 2025/2025/2025
f 2030/2030/2030 2029/2029/2029 2028/2028/2028
f 2033/2033/2033 2032/2032/2032 2031/2031/2031
f 2036/2036/2036 2035/2035/2035 2034/2034/2034
f 2039/2039/2039 2038/2038/2038 2037/2037/2037
f 2042/2042/2042 2041/2041/2041 2040/2040/2040
f 2045/2045/2045 2044/2044/2044 2043/2043/2043
f 2048/2048/2048 2047/2047/2047 2046/2046/2046
f 2051/2051/2051 2050/2050/2050 2049/2049/2049
f 2054/2054/2054 2053/2053/2053 2052/2052/2052
f 2057/2057/2057 2056/2056/2056 2055/2055/2055
f 2060/2060/2060 2059/2059/2059 2058/2058/2058
f 2063/2063/2063 2062/2062/2062 2061/2061/2061
f 2066/2066/2066 2065/2065/2065 2064/2064/2064
f 2069/2069/2069 2068/2068/2068 2067/2067/2067
f 2072/2072/2072 2071/2071/2071 2070/2070/2070
f 2075/2075/2075 2074/2074/2074 2073/2073/2073
f 2078/2078/2078 2077/2077/2077 2076/2076/2076
f 2081/2081/2081 2080/2080/2080 2079/2079/2079
f 2084/2084/2084 2083/2083/2083 2082/2082/2082
f 2087/2087/2087 2086/2086/2086 2085/2085/2085
f 2090/2090/2090 2089/2089/2089 2088/2088/2088
f 2093/2093/2093 2092/2092/2092 2091/2091/2091
f 2096/2096/2096 2095/2095/2095 2094/2094/2094
f 2099/2099/2099 2098/2098/2098 2097/2097/2097
f 2102/2102/2102 2101/2101/2101 2100/2100/2100
f 2105/2105/2105 2104/2104/2104 2103/2103/2103
f 2108/2108/2108 2107/2107/2107 2106/2106/2106
f 2111/2111/2111 2110/2110/2110 2109/2109/2109
f 2114/2114/2114 2113/2113/2113 2112/2112/2112
f 2117/2117/2117 2116/2116/2116 2115/2115/2115
f 2120/2120/2120 2119/2119/2119 2118/2118/2118
f 2123/2123/2123 2122/2122/2122 2121/2121/2121
f 2126/2126/2126 2125/2125/2125 2124/2124/2124
f 2129/2129/2129 2128/2128/2128 2127/2127/2127
f 2132/2132/2132 2131/2131/2131 2130/2130/2130
f 2135/2135/2135 2134/2134/2134 2133/2133/2133
f 2138/2138/2138 2137/2137/2137 2136/2136/2136
f 2141/2141/2141 2140/2140/2140 2139/2139/2139
f 2144/2144/2144 2143/2143/2143 2142/2142/2142
f 2147/2147/2147 2146/2146/2146 2145/2145/2145
f 2150/2150/2150 2149/2149/2149 2148/2148/2148
f 2153/2153/2153 2152/2152/2152 2151/2151/2151
f 2156/2156/2156 2155/2155/2155 2154/2154/2154
f 2159/2159/2159 2158/2158/2158 2157/2157/2157
f 2162/2162/2162 2161/2161/2161 2160/2160/2160
f 2165/2165/2165 2164/2164/2164 2163/2163/2163
f 2164/2164/2164 2165/2165/2165 2166/2166/2166
f 2169/2169/2169 2168/2168/2168 2167/2167/2167
f 2168/2168/2168 2169/2169/2169 2170/2170/2170
f 2173/2173/2173 2172/2172/2172 2171/2171/2171
f 2172/2172/2172 2173/2173/2173 2174/2174/2174
f 2177/2177/2177 2176/2176/2176 2175/2175/2175
f 2176/2176/2176 2177/2177/2177 2178/2178/2178
f 2181/2181/2181 2180/2180/2180 2179/2179/2179
f 2180/2180/2180 2181/2181/2181 2182/2182/2182
f 2185/2185/2185 2184/2184/2184 2183/2183/2183
f 2184/2184/2184 2185/2185/2185 2186/2186/2186
f 2189/2189/2189 2188/2188/2188 2187/2187/2187
f 2188/2188/2188 2189/2189/2189 2190/2190/2190
f 2193/2193/2193 2192/2192/2192 2191/2191/2191
f 2192/2192/2192 2193/2193/2193 2194/2194/2194
f 2197/2197/2197 2196/2196/2196 2195/2195/2195
f 2196/2196/2196 2197/2197/2197 2198/2198/2198
f 2201/2201/2201 2200/2200/2200 2199/2199/2199
f 2200/2200/2200 2201/2201/2201 2202/2202/2202
f 2205/2205/2205 2204/2204/2204 2203/2203/2203
f 2204/2204/2204 2205/2205/2205 2206/2206/2206
f 2209/2209/2209 2208/2208/2208 2207/2207/2207
f 2208/2208/2208 2209/2209/2209 2210/2210/2210
f 2213/2213/2213 2212/2212/2212 2211/2211/2211
f 2212/2212/2212 2213/2213/2213 2214/2214/2214
f 2217/2217/2217 2216/2216/2216 2215/2215/2215
f 2216/2216/2216 2217/2217/2217 2218/2218/2218
f 2221/2221/2221 2220/2220/2220 2219/2219/2219
f 2220/2220/2220 2221/2221/2221 2222/2222/2222
f 2225/2225/2225 2224/2224/2224 2223/2223/2223
f 2224/2224/2224 2225/2225/2225 2226/2226/2226
f 2229/2229/2229 2228/2228/2228 2227/2227/2227
f 2228/2228/2228 2229/2229/2229 2230/2230/2230
f 2233/2233/2233 2232/2232/2232 2231/2231/2231
f 2232/2232/2232 2233/2233/2233 2234/2234/2234
f 2237/2237/2237 2236/2236/2236 2235/2235/2235
f 2236/2236/2236 2237/2237/2237 2238/2238/2238
f 2241/2241/2241 2240/2240/2240 2239/2239/2239
f 2240/2240/2240 2241/2241/2241 2242/2242/2242
f 2245/2245/2245 2244/2244/2244 2243/2243/2243
f 2244/2244/2244 2245/2245/2245 2246/2246/2246
f 2249/2249/2249 2248/2248/2248 2247/2247/2247
f 2248/2248/2248 2249/2249/2249 2250/2250/2250
f 2253/2253/2253 2252/2252/2252 2251/2251/2251
f 2252/2252/2252 2253/2253/2253 2254/2254/2254
f 2257/2257/2257 2256/2256/2256 2255/2255/2255
f 2256/2256/2256 2257/2257/2257 2258/2258/2258
f 2261/2261/2261 2260/2260/2260 2259/2259/2259
f 2260/2260/2260 2261/2261/2261 2262/2262/2262
f 2265/2265/2265 2264/2264/2264 2263/2263/2263
f 2264/2264/2264 2265/2265/2265 2266/2266/2266
f 2269/2269/2269 2268/2268/2268 2267/2267/2267
f 2268/2268/2268 2269/2269/2269 2270/2270/2270
f 2273/2273/2273 2272/2272/2272 2271/2271/2271
f 2272/2272/2272 2273/2273/2273 2274/2274/2274
f 2277/2277/2277 2276/2276/2276 2275/2275/2275
f 2276/2276/2276 2277/2277/2277 2278/2278/2278
f 2281/2281/2281 2280/2280/2280 2279/2279/2279
f 2280/2280/2280 2281/2281/2281 2282/2282/2282
f 2285/2285/2285 2284/2284/2284 2283/2283/2283
f 2284/2284/2284 2285/2285/2285 2286/2286/2286
f 2289/2289/2289 2288/2288/2288 2287/2287/2287
f 2288/2288/2288 2289/2289/2289 2290/2290/2290
f 2293/2293/2293 2292/2292/2292 2291/2291/2291
f 2292/2292/2292 2293/2293/2293 2294/2294/2294
f 2297/2297/2297 2296/2296/2296 2295/2295/2295
f 2296/2296/2296 2297/2297/2297 2298/2298/2298
f 2301/2301/2301 2300/2300/2300 2299/2299/2299
f 2300/2300/2300 2301/2301/2301 2302/2302/2302
f 2305/2305/2305 2304/2304/2304 2303/2303/2303
f 2304/2304/2304 2305/2305/2305 2306/2306/2306
f 2309/2309/2309 2308/2308/2308 2307/2307/2307
f 2308/2308/2308 2309/2309/2309 2310/2310/2310
f 2313/2313/2313 2312/2312/2312 2311/2311/2311
f 2312/2312/2312 2313/2313/2313 2314/2314/2314
f 2317/2317/2317 2316/2316/2316 2315/2315/2315
f 2316/2316/2316 2317/2317/2317 2318/2318/2318
f 2321/2321/2321 2320/2320/2320 2319/2319/2319
f 2320/2320/2320 2321/2321/2321 2322/2322/2322
f 2325/2325/2325 2324/2324/2324 2323/2323/2323
f 2324/2324/2324 2325/2325/2325 2326/2326/2326
f 2329/2329/2329 2328/2328/2328 2327/2327/2327
f 2328/2328/2328 2329/2329/2329 2330/2330/2330
f 2333/2333/2333 2332/2332/2332 2331/2331/2331
f 2334/2334/2334 2332/2332/2332 2333/2333/2333
f 2332/2332/2332 2334/2334/2334 2335/2335/2335
f 2338/2338/2338 2337/2337/2337 2336/2336/2336
f 2339/2339/2339 2337/2337/2337 2338/2338/2338
f 2337/2337/2337 2339/2339/2339 2340/2340/2340
f 2343/2343/2343 2342/2342/2342 2341/2341/2341
f 2342/2342/2342 2343/2343/2343 2344/2344/2344
f 2347/2347/2347 2346/2346/2346 2345/2345/2345
f 2346/2346/2346 2347/2347/2347 2348/2348/2348
f 2351/2351/2351 2350/2350/2350 2349/2349/2349
f 2350/2350/2350 2351/2351/2351 2352/2352/2352
f 2355/2355/2355 2354/2354/2354 2353/2353/2353
f 2354/2354/2354 2355/2355/2355 2356/2356/2356
f 2359/2359/2359 2358/2358/2358 2357/2357/2357
f 2358/2358/2358 2359/2359/2359 2360/2360/2360
f 2361/2361/2361 2360/2360/2360 2359/2359/2359
f 2360/2360/2360 2361/2361/2361 2362/2362/2362
f 2365/2365/2365 2364/2364/2364 2363/2363/2363
f 2364/2364/2364 2365/2365/2365 2366/2366/2366
f 2369/2369/2369 2368/2368/2368 2367/2367/2367
f 2368/2368/2368 2369/2369/2369 2370/2370/2370
f 2373/2373/2373 2372/2372/2372 2371/2371/2371
f 2372/2372/2372 2373/2373/2373 2374/2374/2374
f 2377/2377/2377 2376/2376/2376 2375/2375/2375
f 2376/2376/2376 2377/2377/2377 2378/2378/2378
f 2381/2381/2381 2380/2380/2380 2379/2379/2379
f 2380/2380/2380 2381/2381/2381 2382/2382/2382
f 2385/2385/2385 2384/2384/2384 2383/2383/2383
f 2384/2384/2384 2385/2385/2385 2386/2386/2386
f 2389/2389/2389 2388/2388/2388 2387/2387/2387
f 2388/2388/2388 2389/2389/2389 2390/2390/2390
f 2393/2393/2393 2392/2392/2392 2391/2391/2391
f 2392/2392/2392 2393/2393/2393 2394/2394/2394
f 2397/2397/2397 2396/2396/2396 2395/2395/2395
f 2396/2396/2396 2397/2397/2397 2398/2398/2398
f 2401/2401/2401 2400/2400/2400 2399/2399/2399
f 2400/2400/2400 2401/2401/2401 2402/2402/2402
f 2405/2405/2405 2404/2404/2404 2403/2403/2403
f 2404/2404/2404 2405/2405/2405 2406/2406/2406
f 2409/2409/2409 2408/2408/2408 2407/2407/2407
f 2408/2408/2408 2409/2409/2409 2410/2410/2410
f 2413/2413/2413 2412/2412/2412 2411/2411/2411
f 2412/2412/2412 2413/2413/2413 2414/2414/2414
f 2417/2417/2417 2416/2416/2416 2415/2415/2415
f 2416/2416/2416 2417/2417/2417 2418/2418/2418
f 2421/2421/2421 2420/2420/2420 2419/2419/2419
f 2420/2420/2420 2421/2421/2421 2422/2422/2422
f 2425/2425/2425 2424/2424/2424 2423/2423/2423
f 2424/2424/2424 2425/2425/2425 2426/2426/2426
f 2429/2429/2429 2428/2428/2428 2427/2427/2427
f 2428/2428/2428 2429/2429/2429 2430/2430/2430
f 2433/2433/2433 2432/2432/2432 2431/2431/2431
f 2432/2432/2432 2433/2433/2433 2434/2434/2434
f 2437/2437/2437 2436/2436/2436 2435/2435/2435
f 2436/2436/2436 2437/2437/2437 2438/2438/2438
f 2441/2441/2441 2440/2440/2440 2439/2439/2439
f 2440/2440/2440 2441/2441/2441 2442/2442/2442
f 2445/2445/2445 2444/2444/2444 2443/2443/2443
f 2444/2444/2444 2445/2445/2445 2446/2446/2446
f 2449/2449/2449 2448/2448/2448 2447/2447/2447
f 2448/2448/2448 2449/2449/2449 2450/2450/2450
f 2453/2453/2453 2452/2452/2452 2451/2451/2451
f 2452/2452/2452 2453/2453/2453 2454/2454/2454
f 2457/2457/2457 2456/2456/2456 2455/2455/2455
f 2456/2456/2456 2457/2457/2457 2458/2458/2458
f 2461/2461/2461 2460/2460/2460 2459/2459/2459
f 2460/2460/2460 2461/2461/2461 2462/2462/2462
f 2465/2465/2465 2464/2464/2464 2463/2463/2463
f 2464/2464/2464 2465/2465/2465 2466/2466/2466
f 2469/2469/2469 2468/2468/2468 2467/2467/2467
f 2468/2468/2468 2469/2469/2469 2470/2470/2470
f 2473/2473/2473 2472/2472/2472 2471/2471/2471
f 2472/2472/2472 2473/2473/2473 2474/2474/2474
f 2477/2477/2477 2476/2476/2476 2475/2475/2475
f 2476/2476/2476 2477/2477/2477 2478/2478/2478
f 2481/2481/2481 2480/2480/2480 2479/2479/2479
f 2480/2480/2480 2481/2481/2481 2482/2482/2482
f 2485/2485/2485 2484/2484/2484 2483/2483/2483
f 2484/2484/2484 2485/2485/2485 2486/2486/2486
f 2489/2489/2489 2488/2488/2488 2487/2487/2487
f 2488/2488/2488 2489/2489/2489 2490/2490/2490
f 2493/2493/2493 2492/2492/2492 2491/2491/2491
f 2492/2492/2492 2493/2493/2493 2494/2494/2494
f 2497/2497/2497 2496/2496/2496 2495/2495/2495
f 2496/2496/2496 2497/2497/2497 2498/2498/2498
f 2501/2501/2501 2500/2500/2500 2499/2499/2499
f 2500/2500/2500 2501/2501/2501 2502/2502/2502
f 2505/2505/2505 2504/2504/2504 2503/2503/2503
f 2504/2504/2504 2505/2505/2505 2506/2506/2506
f 2509/2509/2509 2508/2508/2508 2507/2507/2507
f 2508/2508/2508 2509/2509/2509 2510/2510/2510
f 2513/2513/2513 2512/2512/2512 2511/2511/2511
f 2512/2512/2512 2513/2513/2513 2514/2514/2514
f 2517/2517/2517 2516/2516/2516 2515/2515/2515
f 2516/2516/2516 2517/2517/2517 2518/2518/2518
f 2521/2521/2521 2520/2520/2520 2519/2519/2519
f 2520/2520/2520 2521/2521/2521 2522/2522/2522
f 2525/2525/2525 2524/2524/2524 2523/2523/2523
f 2524/2524/2524 2525/2525/2525 2526/2526/2526
f 2529/2529/2529 2528/2528/2528 2527/2527/2527
f 2528/2528/2528 2529/2529/2529 2530/2530/2530
f 2533/2533/2533 2532/2532/2532 2531/2531/2531
f 2532/2532/2532 2533/2533/2533 2534/2534/2534
f 2537/2537/2537 2536/2536/2536 2535/2535/2535
f 2536/2536/2536 2537/2537/2537 2538/2538/2538
f 2541/2541/2541 2540/2540/2540 2539/2539/2539
f 2540/2540/2540 2541/2541/2541 2542/2542/2542
f 2545/2545/2545 2544/2544/2544 2543/2543/2543
f 2544/2544/2544 2545/2545/2545 2546/2546/2546
f 2549/2549/2549 2548/2548/2548 2547/2547/2547
f 2548/2548/2548 2549/2549/2549 2550/2550/2550
f 2553/2553/2553 2552/2552/2552 2551/2551/2551
f 2552/2552/2552 2553/2553/2553 2554/2554/2554
f 2557/2557/2557 2556/2556/2556 2555/2555/2555
f 2556/2556/2556 2557/2557/2557 2558/2558/2558
f 2561/2561/2561 2560/2560/2560 2559/2559/2559
f 2560/2560/2560 2561/2561/2561 2562/2562/2562
f 2565/2565/2565 2564/2564/2564 2563/2563/2563
f 2564/2564/2564 2565/2565/2565 2566/2566/2566
f 2569/2569/2569 2568/2568/2568 2567/2567/2567
f 2568/2568/2568 2569/2569/2569 2570/2570/2570
f 2573/2573/2573 2572/2572/2572 2571/2571/2571
f 2572/2572/2572 2573/2573/2573 2574/2574/2574
f 2577/2577/2577 2576/2576/2576 2575/2575/2575
f 2576/2576/2576 2577/2577/2577 2578/2578/2578
f 2581/2581/2581 2580/2580/2580 2579/2579/2579
f 2580/2580/2580 2581/2581/2581 2582/2582/2582
f 2585/2585/2585 2584/2584/2584 2583/2583/2583
f 2584/2584/2584 2585/2585/2585 2586/2586/2586
f 2589/2589/2589 2588/2588/2588 2587/2587/2587
f 2588/2588/2588 2589/2589/2589 2590/2590/2590
f 2593/2593/2593 2592/2592/2592 2591/2591/2591
f 2592/2592/2592 2593/2593/2593 2594/2594/2594
f 2597/2597/2597 2596/2596/2596 2595/2595/2595
f 2596/2596/2596 2597/2597/2597 2598/2598/2598
f 2601/2601/2601 2600/2600/2600 2599/2599/2599
f 2600/2600/2600 2601/2601/2601 2602/2602/2602
f 2605/2605/2605 2604/2604/2604 2603/2603/2603
f 2604/2604/2604 2605/2605/2605 2606/2606/2606
f 2609/2609/2609 2608/2608/2608 2607/2607/2607
f 2608/2608/2608 2609/2609/2609 2610/2610/2610
f 2613/2613/2613 2612/2612/2612 2611/2611/2611
f 2612/2612/2612 2613/2613/2613 2614/2614/2614
f 2617/2617/2617 2616/2616/2616 2615/2615/2615
f 2616/2616/2616 2617/2617/2617 2618/2618/2618
f 2621/2621/2621 2620/2620/2620 2619/2619/2619
f 2620/2620/2620 2621/2621/2621 2622/2622/2622
f 2625/2625/2625 2624/2624/2624 2623/2623/2623
f 2624/2624/2624 2625/2625/2625 2626/2626/2626
f 2629/2629/2629 2628/2628/2628 2627/2627/2627
f 2628/2628/2628 2629/2629/2629 2630/2630/2630
f 2633/2633/2633 2632/2632/2632 2631/2631/2631
f 2634/2634/2634 2632/2632/2632 2633/2633/2633
f 2632/2632/2632 2634/2634/2634 2635/2635/2635
f 2638/2638/2638 2637/2637/2637 2636/2636/2636
f 2639/2639/2639 2637/2637/2637 2638/2638/2638
f 2637/2637/2637 2639/2639/2639 2640/2640/2640
f 2643/2643/2643 2642/2642/2642 2641/2641/2641
f 2642/2642/2642 2643/2643/2643 2644/2644/2644
f 2647/2647/2647 2646/2646/2646 2645/2645/2645
f 2646/2646/2646 2647/2647/2647 2648/2648/2648
f 2651/2651/2651 2650/2650/2650 2649/2649/2649
f 2650/2650/2650 2651/2651/2651 2652/2652/2652
f 2655/2655/2655 2654/2654/2654 2653/2653/2653
f 2654/2654/2654 2655/2655/2655 2656/2656/2656
f 2659/2659/2659 2658/2658/2658 2657/2657/2657
f 2658/2658/2658 2659/2659/2659 2660/2660/2660
f 2661/2661/2661 2660/2660/2660 2659/2659/2659
f 2660/2660/2660 2661/2661/2661 2662/2662/2662
f 2665/2665/2665 2664/2664/2664 2663/2663/2663
f 2664/2664/2664 2665/2665/2665 2666/2666/2666
f 2669/2669/2669 2668/2668/2668 2667/2667/2667
f 2668/2668/2668 2669/2669/2669 2670/2670/2670
f 2673/2673/2673 2672/2672/2672 2671/2671/2671
f 2672/2672/2672 2673/2673/2673 2674/2674/2674
f 2677/2677/2677 2676/2676/2676 2675/2675/2675
f 2676/2676/2676 2677/2677/2677 2678/2678/2678
f 2681/2681/2681 2680/2680/2680 2679/2679/2679
f 2680/2680/2680 2681/2681/2681 2682/2682/2682
f 2685/2685/2685 2684/2684/2684 2683/2683/2683
f 2684/2684/2684 2685/2685/2685 2686/2686/2686
f 2689/2689/2689 2688/2688/2688 2687/2687/2687
f 2688/2688/2688 2689/2689/2689 2690/2690/2690
f 2693/2693/2693 2692/2692/2692 2691/2691/2691
f 2692/2692/2692 2693/2693/2693 2694/2694/2694
f 2697/2697/2697 2696/2696/2696 2695/2695/2695
f 2696/2696/2696 2697/2697/2697 2698/2698/2698
f 2701/2701/2701 2700/2700/2700 2699/2699/2699
f 2700/2700/2700 2701/2701/2701 2702/2702/2702
f 2705/2705/2705 2704/2704/2704 2703/2703/2703
f 2704/2704/2704 2705/2705/2705 2706/2706/2706
f 2709/2709/2709 2708/2708/2708 2707/2707/2707
f 2708/2708/2708 2709/2709/2709 2710/2710/2710
f 2713/2713/2713 2712/2712/2712 2711/2711/2711
f 2712/2712/2712 2713/2713/2713 2714/2714/2714
f 2717/2717/2717 2716/2716/2716 2715/2715/2715
f 2716/2716/2716 2717/2717/2717 2718/2718/2718
f 2721/2721/2721 2720/2720/2720 2719/2719/2719
f 2720/2720/2720 2721/2721/2721 2722/2722/2722
f 2725/2725/2725 2724/2724/2724 2723/2723/2723
f 2724/2724/2724 2725/2725/2725 2726/2726/2726
f 2729/2729/2729 2728/2728/2728 2727/2727/2727
f 2728/2728/2728 2729/2729/2729 2730/2730/2730
f 2733/2733/2733 2732/2732/2732 2731/2731/2731
f 2734/2734/2734 2732/2732/2732 2733/2733/2733
f 2732/2732/2732 2734/2734/2734 2735/2735/2735
f 2738/2738/2738 2737/2737/2737 2736/2736/2736
f 2739/2739/2739 2737/2737/2737 2738/2738/2738
f 2737/2737/2737 2739/2739/2739 2740/2740/2740
f 2743/2743/2743 2742/2742/2742 2741/2741/2741
f 2742/2742/2742 2743/2743/2743 2744/2744/2744
f 2747/2747/2747 2746/2746/2746 2745/2745/2745
f 2746/2746/2746 2747/2747/2747 2748/2748/2748
f 2751/2751/2751 2750/2750/2750 2749/2749/2749
f 2750/2750/2750 2751/2751/2751 2752/2752/2752
f 2755/2755/2755 2754/2754/2754 2753/2753/2753
f 2754/2754/2754 2755/2755/2755 2756/2756/2756
f 2759/2759/2759 2758/2758/2758 2757/2757/2757
f 2758/2758/2758 2759/2759/2759 2760/2760/2760
f 2761/2761/2761 2760/2760/2760 2759/2759/2759
f 2760/2760/2760 2761/2761/2761 2762/2762/2762
f 2765/2765/2765 2764/2764/2764 2763/2763/2763
f 2764/2764/2764 2765/2765/2765 2766/2766/2766
f 2769/2769/2769 2768/2768/2768 2767/2767/2767
f 2768/2768/2768 2769/2769/2769 2770/2770/2770
f 2773/2773/2773 2772/2772/2772 2771/2771/2771
f 2772/2772/2772 2773/2773/2773 2774/2774/2774
f 2777/2777/2777 2776/2776/2776 2775/2775/2775
f 2776/2776/2776 2777/2777/2777 2778/2778/2778
f 2781/2781/2781 2780/2780/2780 2779/2779/2779
f 2782/2782/2782 2780/2780/2780 2781/2781/2781
f 2780/2780/2780 2782/2782/2782 2783/2783/2783
f 2786/2786/2786 2785/2785/2785 2784/2784/2784
f 2787/2787/2787 2785/2785/2785 2786/2786/2786
f 2785/2785/2785 2787/2787/2787 2788/2788/2788
f 2791/2791/2791 2790/2790/2790 2789/2789/2789
f 2790/2790/2790 2791/2791/2791 2792/2792/2792
f 2795/2795/2795 2794/2794/2794 2793/2793/2793
f 2794/2794/2794 2795/2795/2795 2796/2796/2796
f 2799/2799/2799 2798/2798/2798 2797/2797/2797
f 2798/2798/2798 2799/2799/2799 2800/2800/2800
f 2803/2803/2803 2802/2802/2802 2801/2801/2801
f 2802/2802/2802 2803/2803/2803 2804/2804/2804
f 2807/2807/2807 2806/2806/2806 2805/2805/2805
f 2806/2806/2806 2807/2807/2807 2808/2808/2808
f 2809/2809/2809 2808/2808/2808 2807/2807/2807
f 2808/2808/2808 2809/2809/2809 2810/2810/2810
f 2813/2813/2813 2812/2812/2812 2811/2811/2811
f 2812/2812/2812 2813/2813/2813 2814/2814/2814
f 2817/2817/2817 2816/2816/2816 2815/2815/2815
f 2816/2816/2816 2817/2817/2817 2818/2818/2818
f 2821/2821/2821 2820/2820/2820 2819/2819/2819
f 2820/2820/2820 2821/2821/2821 2822/2822/2822
f 2825/2825/2825 2824/2824/2824 2823/2823/2823
f 2824/2824/2824 2825/2825/2825 2826/2826/2826
f 2829/2829/2829 2828/2828/2828 2827/2827/2827
f 2828/2828/2828 2829/2829/2829 2830/2830/2830
f 2833/2833/2833 2832/2832/2832 2831/2831/2831
f 2832/2832/2832 2833/2833/2833 2834/2834/2834
f 2837/2837/2837 2836/2836/2836 2835/2835/2835
f 2836/2836/2836 2837/2837/2837 2838/2838/2838
f 2841/2841/2841 2840/2840/2840 2839/2839/2839
f 2840/2840/2840 2841/2841/2841 2842/2842/2842
f 2845/2845/2845 2844/2844/2844 2843/2843/2843
f 2844/2844/2844 2845/2845/2845 2846/2846/2846
f 2849/2849/2849 2848/2848/2848 2847/2847/2847
f 2848/2848/2848 2849/2849/2849 2850/2850/2850
f 2853/2853/2853 2852/2852/2852 2851/2851/2851
f 2852/2852/2852 2853/2853/2853 2854/2854/2854
f 2857/2857/2857 2856/2856/2856 2855/2855/2855
f 2856/2856/2856 2857/2857/2857 2858/2858/2858
f 2861/2861/2861 2860/2860/2860 2859/2859/2859
f 2860/2860/2860 2861/2861/2861 2862/2862/2862
f 2865/2865/2865 2864/2864/2864 2863/2863/2863
f 2864/2864/2864 2865/2865/2865 2866/2866/2866
f 2869/2869/2869 2868/2868/2868 2867/2867/2867
f 2868/2868/2868 2869/2869/2869 2870/2870/2870
f 2873/2873/2873 2872/2872/2872 2871/2871/2871
f 2872/2872/2872 2873/2873/2873 2874/2874/2874
f 2877/2877/2877 2876/2876/2876 2875/2875/2875
f 2876/2876/2876 2877/2877/2877 2878/2878/2878
f 2881/2881/2881 2880/2880/2880 2879/2879/2879
f 2880/2880/2880 2881/2881/2881 2882/2882/2882
f 2885/2885/2885 2884/2884/2884 2883/2883/2883
f 2884/2884/2884 2885/2885/2885 2886/2886/2886
f 2889/2889/2889 2888/2888/2888 2887/2887/2887
f 2888/2888/2888 2889/2889/2889 2890/2890/2890
f 2893/2893/2893 2892/2892/2892 2891/2891/2891
f 2892/2892/2892 2893/2893/2893 2894/2894/2894
f 2897/2897/2897 2896/2896/2896 2895/2895/2895
f 2896/2896/2896 2897/2897/2897 2898/2898/2898
f 2901/2901/2901 2900/2900/2900 2899/2899/2899
f 2900/2900/2900 2901/2901/2901 2902/2902/2902
f 2905/2905/2905 2904/2904/2904 2903/2903/2903
f 2904/2904/2904 2905/2905/2905 2906/2906/2906
f 2909/2909/2909 2908/2908/2908 2907/2907/2907
f 2908/2908/2908 2909/2909/2909 2910/2910/2910
f 2913/2913/2913 2912/2912/2912 2911/2911/2911
f 2912/2912/2912 2913/2913/2913 2914/2914/2914
f 2914/2914/2914 2915/2915/2915 2912/2912/2912
f 2915/2915/2915 2914/2914/2914 2916/2916/2916
f 2919/2919/2919 2918/2918/2918 2917/2917/2917
f 2918/2918/2918 2919/2919/2919 2920/2920/2920
f 2923/2923/2923 2922/2922/2922 2921/2921/2921
f 2922/2922/2922 2923/2923/2923 2924/2924/2924
f 2924/2924/2924 2925/2925/2925 2922/2922/2922
f 2925/2925/2925 2924/2924/2924 2926/2926/2926
f 2929/2929/2929 2928/2928/2928 2927/2927/2927
f 2928/2928/2928 2929/2929/2929 2930/2930/2930
f 2933/2933/2933 2932/2932/2932 2931/2931/2931
f 2932/2932/2932 2933/2933/2933 2934/2934/2934
f 2937/2937/2937 2936/2936/2936 2935/2935/2935
f 2936/2936/2936 2937/2937/2937 2938/2938/2938
g B003_B005_3
f 2941/2941/2941 2940/2940/2940 2939/2939/2939
f 2940/2940/2940 2941/2941/2941 2942/2942/2942
f 2945/2945/2945 2944/2944/2944 2943/2943/2943
f 2944/2944/2944 2945/2945/2945 2946/2946/2946
f 2949/2949/2949 2948/2948/2948 2947/2947/2947
f 2948/2948/2948 2949/2949/2949 2950/2950/2950
f 2953/2953/2953 2952/2952/2952 2951/2951/2951
f 2952/2952/2952 2953/2953/2953 2954/2954/2954
f 2957/2957/2957 2956/2956/2956 2955/2955/2955
f 2956/2956/2956 2957/2957/2957 2958/2958/2958
f 2961/2961/2961 2960/2960/2960 2959/2959/2959
f 2960/2960/2960 2961/2961/2961 2962/2962/2962
f 2965/2965/2965 2964/2964/2964 2963/2963/2963
f 2964/2964/2964 2965/2965/2965 2966/2966/2966
f 2969/2969/2969 2968/2968/2968 2967/2967/2967
f 2968/2968/2968 2969/2969/2969 2970/2970/2970
f 2973/2973/2973 2972/2972/2972 2971/2971/2971
f 2972/2972/2972 2973/2973/2973 2974/2974/2974
f 2977/2977/2977 2976/2976/2976 2975/2975/2975
f 2976/2976/2976 2977/2977/2977 2978/2978/2978
f 2981/2981/2981 2980/2980/2980 2979/2979/2979
f 2980/2980/2980 2981/2981/2981 2982/2982/2982
f 2985/2985/2985 2984/2984/2984 2983/2983/2983
f 2984/2984/2984 2985/2985/2985 2986/2986/2986
f 2989/2989/2989 2988/2988/2988 2987/2987/2987
f 2988/2988/2988 2989/2989/2989 2990/2990/2990
f 2993/2993/2993 2992/2992/2992 2991/2991/2991
f 2992/2992/2992 2993/2993/2993 2994/2994/2994
f 2997/2997/2997 2996/2996/2996 2995/2995/2995
f 2996/2996/2996 2997/2997/2997 2998/2998/2998
f 3001/3001/3001 3000/3000/3000 2999/2999/2999
f 3000/3000/3000 3001/3001/3001 3002/3002/3002
f 3005/3005/3005 3004/3004/3004 3003/3003/3003
f 3004/3004/3004 3005/3005/3005 3006/3006/3006
f 3009/3009/3009 3008/3008/3008 3007/3007/3007
f 3008/3008/3008 3009/3009/3009 3010/3010/3010
f 3013/3013/3013 3012/3012/3012 3011/3011/3011
f 3012/3012/3012 3013/3013/3013 3014/3014/3014
f 3017/3017/3017 3016/3016/3016 3015/3015/3015
f 3016/3016/3016 3017/3017/3017 3018/3018/3018
f 3021/3021/3021 3020/3020/3020 3019/3019/3019
f 3020/3020/3020 3021/3021/3021 3022/3022/3022
f 3025/3025/3025 3024/3024/3024 3023/3023/3023
f 3024/3024/3024 3025/3025/3025 3026/3026/3026
