g A006_F003
v 9.203526 -6.1381474 -10.792171
v 8.777109 -6.1381474 -11.2298975
v 8.771445 -6.570252 -10.797827
v 2.8961914 -6.1381474 -10.840622
v 3.3282616 -6.570252 -10.834983
v 3.333916 -6.138152 -11.267048
v 8.357285 -6.1381555 0.28173506
v 8.795 -6.138156 -0.14467362
v 8.362939 -6.570256 -0.15032485
v 2.9140868 -6.1381555 0.24458663
v 2.9197266 -6.5702567 -0.18747452
v 2.4876757 -6.1381555 -0.19312942
v -2.3617487 -4.686769 11.229291
v -1.9694824 -4.6867676 11.564842
v -1.9978313 -5.051775 11.200933
v 5.852208 -4.686769 10.589193
v 5.488316 -5.051775 10.617563
v 5.5166745 -4.686768 10.981466
v -2.9653692 -4.6867576 -3.0022411
v -3.3009186 -4.686758 -2.6099834
v -2.937011 -5.051763 -2.6383421
v 4.520787 -4.6867576 -3.5856175
v 4.549165 -5.051763 -3.2217174
v 4.913043 -4.686758 -3.2500756
v 2.4876807 -2.9537377 -0.1931282
v 2.9140918 -2.9537385 0.24458908
v 2.4876757 -6.1381555 -0.19312942
v 2.9140868 -6.1381555 0.24458663
v 2.4876757 -6.1381555 -0.19312942
v 2.9140918 -2.9537385 0.24458908
v -1.9694824 -4.6867676 11.564842
v -2.3617487 -4.686769 11.229291
v -1.971856 -1.8830498 11.534655
v -2.3641129 -1.8830502 11.1991005
v -1.971856 -1.8830498 11.534655
v -2.3617487 -4.686769 11.229291
v -4.8481803 -7.2888403 -11.912991
v -5.155407 -7.2888455 -11.63059
v -4.8605876 -7.488861 -11.618174
v -5.115905 -7.2888575 -2.6229606
v -5.1035075 -7.488878 -2.9177666
v -5.398312 -7.2888575 -2.9301784
v 4.3385754 -7.2888393 -11.426904
v 4.056173 -7.2888403 -11.734128
v 4.043761 -7.4888525 -11.439311
v 4.095665 -7.2888465 -2.7264905
v 3.8008506 -7.488862 -2.7388885
v 3.7884436 -7.288848 -2.4440873
v -5.373859 -4.9354725 -2.9291356
v -5.091447 -4.935472 -2.6219287
v -5.398312 -7.2888575 -2.9301784
v -5.115905 -7.2888575 -2.6229606
v -5.398312 -7.2888575 -2.9301784
v -5.091447 -4.935472 -2.6219287
v -5.155407 -7.2888455 -11.63059
v -4.8481803 -7.2888403 -11.912991
v -5.130949 -4.9354715 -11.629573
v -4.8237324 -4.935472 -11.911977
v -5.130949 -4.9354715 -11.629573
v -4.8481803 -7.2888403 -11.912991
v 6.9503098 -5.025733 -5.4905553
v 6.7158957 -5.0257335 -5.616361
v 6.7663255 -5.320807 -5.4384985
v 2.0930834 -5.025733 -4.0769
v 2.277063 -5.3208017 -4.128958
v 2.2266283 -5.0257325 -4.3068147
v 8.407771 -5.0257406 0.39355698
v 8.541345 -5.0257406 0.16364487
v 8.357361 -5.3208146 0.21570052
v 3.9185083 -5.02574 1.703103
v 3.8680737 -5.3208146 1.5252478
v 3.684099 -5.0257406 1.577295
v 3.684104 -0.96519226 1.5772942
v 3.918513 -0.96519345 1.7031012
v 3.684099 -5.0257406 1.577295
v 3.9185083 -5.02574 1.703103
v 3.684099 -5.0257406 1.577295
v 3.918513 -0.96519345 1.7031012
v -2.0308301 -9.430193 -1.4168657
v -1.7977002 -9.430193 -1.1961753
v -1.803916 -9.657186 -1.4230864
v 2.6161475 -9.430193 -1.3924077
v 2.3892431 -9.657186 -1.3861797
v 2.3954637 -9.430193 -1.1592717
v -1.7734814 -9.430181 -4.5462084
v -1.994165 -9.430181 -4.3130817
v -1.7672509 -9.657174 -4.3193083
v 2.4196825 -9.430181 -4.5093055
v 2.425913 -9.657174 -4.282401
v 2.6528125 -9.430181 -4.288623
v -1.7977002 -9.430193 -1.1961753
v -2.0308301 -9.430193 -1.4168657
v -1.7982227 -7.3613977 -1.214983
v -2.0313525 -7.361397 -1.4356734
v -1.7982227 -7.3613977 -1.214983
v -2.0308301 -9.430193 -1.4168657
v 0.116190486 -7.8301706 -2.2367685
v 0.4212683 -7.8301706 -1.9520528
v 0.41109404 -8.125239 -2.246952
v 9.104031 -7.8301706 -2.1969662
v 8.809142 -8.125239 -2.1867702
v 8.819321 -7.8301706 -1.8918741
v 0.096926875 -7.8301587 -12.344183
v -0.18778777 -7.8301573 -12.0391035
v 0.10711578 -8.125231 -12.049292
v 8.494974 -7.8301587 -12.284003
v 8.505173 -8.125231 -11.989114
v 8.800053 -7.830162 -11.999296
v 0.4212683 -7.8301706 -1.9520528
v 0.116190486 -7.8301706 -2.2367685
v 0.4204248 -5.140894 -1.9764894
v 0.11534149 -5.140895 -2.2612102
v 0.4204248 -5.140894 -1.9764894
v 0.116190486 -7.8301706 -2.2367685
v 5.4803953 -4.9720206 0.7266223
v 5.6083593 -4.9720206 0.91491085
v 5.6385303 -5.1329975 0.7567853
v 7.4555273 -4.9720206 1.074541
v 7.2974024 -5.1329975 1.0443847
v 7.267246 -4.9720206 1.2025098
v 6.164629 -4.972019 -1.7152052
v 5.976338 -4.972019 -1.5872413
v 6.134463 -5.1329913 -1.5570828
v 7.7305174 -4.972019 -1.4076087
v 7.700371 -5.1329913 -1.2494838
v 7.858486 -4.9720197 -1.2193239
v 5.6083593 -4.9720206 0.91491085
v 5.4803953 -4.9720206 0.7266223
v 5.610854 -0.22063904 0.90179443
v 5.4828954 -0.22063842 0.71350706
v 5.610854 -0.22063904 0.90179443
v 5.4803953 -4.9720206 0.7266223
v -4.635005 -8.439597 -10.878838
v -4.437173 -8.439599 -10.641162
v -4.437163 -8.618586 -10.878836
v -0.92636716 -8.439597 -10.870605
v -1.1241943 -8.618586 -10.878833
v -1.1241943 -8.439599 -10.641162
v -4.437173 -8.439594 -12.844632
v -4.635005 -8.439596 -12.606961
v -4.437173 -8.618582 -12.606964
v -1.1241943 -8.439594 -12.844633
v -1.1241943 -8.618582 -12.606965
v -0.92636716 -8.439596 -12.606961
v -4.437173 -8.439599 -10.641162
v -4.635005 -8.439597 -10.878838
v -4.4371824 -6.033382 -10.660879
v -4.63501 -6.033381 -10.898557
v -4.4371824 -6.033382 -10.660879
v -4.635005 -8.439597 -10.878838
v -0.92636716 -6.033382 -12.606959
v -1.124204 -6.0333824 -12.844628
v -0.92636716 -8.439596 -12.606961
v -1.1241943 -8.439594 -12.844633
v -0.92636716 -8.439596 -12.606961
v -1.124204 -6.0333824 -12.844628
v -6.244374 -6.6223493 8.619578
v -6.0687194 -6.6223493 8.8494835
v -6.0415864 -6.826928 8.646703
v -1.956591 -6.62235 9.203653
v -2.1593742 -6.8269286 9.176539
v -2.1865032 -6.62235 9.3793125
v -4.825008 -6.622341 -2.1776528
v -5.0549054 -6.622341 -2.001996
v -4.8521366 -6.826923 -1.9748782
v -1.0593683 -6.6223407 -1.6158829
v -1.086463 -6.826924 -1.413099
v -0.8837091 -6.622341 -1.3859799
v -6.0687194 -6.6223493 8.8494835
v -6.244374 -6.6223493 8.619578
v -6.0664787 -3.3013105 8.83266
v -6.2421374 -3.3013058 8.602755
v -6.0664787 -3.3013105 8.83266
v -6.244374 -6.6223493 8.619578
v -2.7068207 -10.780289 -10.830767
v -2.9324267 -10.780288 -11.255268
v -2.9285638 -10.957352 -10.823227
v -9.416684 -10.780289 -10.842712
v -9.194946 -10.957352 -10.850268
v -9.198813 -10.7802925 -11.2823
v -2.967417 -10.780297 -3.1037426
v -2.7495458 -10.780296 -3.543316
v -2.9712842 -10.9573555 -3.5357733
v -9.233804 -10.780297 -3.1307738
v -9.23768 -10.9573555 -3.5628033
v -9.459409 -10.780296 -3.5552666
v -9.198501 -7.7999673 -11.246449
v -9.416357 -7.7999682 -10.806863
v -9.198813 -10.7802925 -11.2823
v -9.416684 -10.780289 -10.842712
v -9.198813 -10.7802925 -11.2823
v -9.416357 -7.7999682 -10.806863
v -2.9324267 -10.780288 -11.255268
v -2.7068207 -10.780289 -10.830767
v -2.9320946 -7.7999625 -11.219423
v -2.7064984 -7.7999682 -10.794917
v -2.9320946 -7.7999625 -11.219423
v -2.7068207 -10.780289 -10.830767
v -9.459409 -7.799974 -3.5552657
v -9.233804 -7.7999754 -3.1307724
v -9.459409 -10.780296 -3.5552666
v -9.233804 -10.780297 -3.1307738
v -9.459409 -10.780296 -3.5552666
v -9.233804 -7.7999754 -3.1307724
v -2.9674072 -7.799975 -3.1037362
v -2.7495458 -7.799974 -3.5433078
v -2.967417 -10.780297 -3.1037426
v -2.7495458 -10.780296 -3.543316
v -2.967417 -10.780297 -3.1037426
v -2.7495458 -7.799974 -3.5433078
v -4.05939 -6.3098426 -0.38458633
v -3.794239 -6.304501 -0.2689302
v -3.8724566 -6.523217 -0.44142592
v -0.9138629 -6.4648743 -1.5756696
v -1.1077386 -6.659121 -1.4840866
v -1.0295324 -6.440406 -1.3115934
v -4.7521043 -6.53143 -3.1238992
v -4.867765 -6.5069613 -2.8598316
v -4.68082 -6.7203417 -2.9166906
v -2.0737877 -6.658697 -4.0824614
v -2.0024843 -6.847611 -3.875251
v -1.8086292 -6.6533594 -3.966815
v -3.794239 -6.304501 -0.2689302
v -4.05939 -6.3098426 -0.38458633
v -3.7449157 -3.0435932 -0.5626161
v -4.0100718 -3.0489268 -0.67827404
v -3.7449157 -3.0435932 -0.5626161
v -4.05939 -6.3098426 -0.38458633
v 5.3652735 -9.881996 -1.1503215
v 5.566138 -9.881996 -0.9420793
v 5.569829 -10.086576 -1.1466312
v 9.253701 -9.881995 -0.9804411
v 9.04917 -10.086574 -0.984113
v 9.045459 -9.881997 -0.77957076
v 6.055527 -9.881985 -12.4657135
v 5.84729 -9.881985 -12.264845
v 6.051836 -10.086567 -12.261168
v 9.422714 -9.881985 -12.258106
v 9.419072 -10.086568 -12.053552
v 9.623603 -9.881987 -12.049868
v 5.566138 -9.881996 -0.9420793
v 5.3652735 -9.881996 -1.1503215
v 5.5664353 -5.6791773 -0.95903516
v 5.3655663 -5.6791706 -1.1672744
v 5.5664353 -5.6791773 -0.95903516
v 5.3652735 -9.881996 -1.1503215
v 0.7409326 -11.410313 -1.4855624
v 0.77940917 -11.410315 -1.0470347
v 0.9247656 -11.589299 -1.4124398
v 3.1528223 -11.410313 -0.51161206
v 2.9740381 -11.5893 -0.5973738
v 2.8286865 -11.410315 -0.23196365
v 2.2723925 -11.410304 -5.033493
v 1.9432324 -11.410304 -4.741191
v 2.1270604 -11.589296 -4.668079
v 4.321675 -11.410305 -4.2184196
v 4.1763425 -11.589296 -3.8530095
v 4.360161 -11.410305 -3.779892
v 2.840752 -8.210625 -0.262278
v 3.164878 -8.210625 -0.54192394
v 2.8286865 -11.410315 -0.23196365
v 3.1528223 -11.410313 -0.51161206
v 2.8286865 -11.410315 -0.23196365
v 3.164878 -8.210625 -0.54192394
v 0.77940917 -11.410315 -1.0470347
v 0.7409326 -11.410313 -1.4855624
v 0.7914648 -8.210625 -1.0773518
v 0.7529834 -8.210626 -1.5158823
v 0.7914648 -8.210625 -1.0773518
v 0.7409326 -11.410313 -1.4855624
v 4.360161 -8.21062 -3.779891
v 4.321665 -8.21062 -4.218416
v 4.360161 -11.410305 -3.779892
v 4.321675 -11.410305 -4.2184196
v 4.360161 -11.410305 -3.779892
v 4.321665 -8.21062 -4.218416
v 2.2723925 -8.210619 -5.0334845
v 1.9432324 -8.210619 -4.74119
v 2.2723925 -11.410304 -5.033493
v 1.9432324 -11.410304 -4.741191
v 2.2723925 -11.410304 -5.033493
v 1.9432324 -8.210619 -4.74119
v -3.5396142 -10.864608 -4.969798
v -3.3355615 -10.864608 -4.75851
v -3.3319385 -11.072302 -4.966179
v 3.753955 -10.864608 -4.9612637
v 3.5462792 -11.072302 -4.9648733
v 3.542666 -10.864608 -4.7572083
v -3.205991 -10.864594 -12.586156
v -3.4172802 -10.864594 -12.382106
v -3.2096045 -11.072294 -12.3784895
v 3.558408 -10.864594 -12.539003
v 3.5547948 -11.072294 -12.331335
v 3.7624512 -10.864594 -12.327718
v 3.5429688 -7.463328 -4.774419
v 3.7145703 -7.4633203 -4.978478
v 3.542666 -10.864608 -4.7572083
v 3.753955 -10.864608 -4.9612637
v 3.542666 -10.864608 -4.7572083
v 3.7145703 -7.4633203 -4.978478
v -3.3355615 -10.864608 -4.75851
v -3.5396142 -10.864608 -4.969798
v -3.3352783 -7.463321 -4.7757263
v -3.5393212 -7.4633203 -4.9870143
v -3.3352783 -7.463321 -4.7757263
v -3.5396142 -10.864608 -4.969798
v 1.1884396 -5.3859754 -9.01266
v 0.9672744 -5.385978 -8.9504385
v 1.1089679 -5.496097 -8.870967
v -1.2551898 -5.385982 -4.517096
v -1.1757343 -5.4961047 -4.658786
v -1.3174157 -5.385982 -4.738253
v 5.078525 -5.3859754 -6.741111
v 5.0163074 -5.385976 -6.962276
v 4.936836 -5.496093 -6.8205857
v 2.7938354 -5.3859773 -2.5289216
v 2.6521423 -5.4960966 -2.6083848
v 2.5726745 -5.3859777 -2.4667037
v 0.9672744 -5.385978 -8.9504385
v 1.1884396 -5.3859754 -9.01266
v 0.9790317 -4.5668616 -8.943852
v 1.200185 -4.5668607 -9.006074
v 0.9790317 -4.5668616 -8.943852
v 1.1884396 -5.3859754 -9.01266
v -4.9628773 -8.034709 -3.1321995
v -4.962462 -6.8271627 -3.1772628
v -4.7443075 -8.036966 -3.3236558
v -4.743878 -6.8294187 -3.368719
v -4.7443075 -8.036966 -3.3236558
v -4.962462 -6.8271627 -3.1772628
v -4.7443075 -8.036966 -3.3236558
v -4.9492736 -8.174133 -3.334714
v -4.9628773 -8.034709 -3.1321995
v -9.227535 -8.038174 -3.3972032
v -9.036071 -8.035461 -3.1786377
v -9.022457 -8.174887 -3.381152
v -4.934464 -8.073874 -11.719685
v -4.94796 -8.208327 -11.512185
v -4.743004 -8.071164 -11.50113
v -9.007652 -8.074629 -11.766113
v -9.226227 -8.07237 -11.574668
v -9.021153 -8.209082 -11.55862
v -1.5477657 -10.031086 -10.734755
v -1.5646607 -8.127683 -10.781158
v -1.3481565 -10.03426 -10.901277
v -1.36504 -8.129546 -10.94768
v -1.3481565 -10.03426 -10.901277
v -1.5646607 -8.127683 -10.781158
v -1.3481565 -10.03426 -10.901277
v -1.5312307 -10.22683 -10.915585
v -1.5477657 -10.031086 -10.734755
v -3.892214 -10.035955 -10.941228
v -3.7256866 -10.032143 -10.741621
v -3.709146 -10.22789 -10.92245
v -1.4526379 -10.086076 -13.164064
v -1.4691843 -10.274838 -12.978771
v -1.2861215 -10.08227 -12.964464
v -3.6305559 -10.087131 -13.170916
v -3.8301685 -10.083962 -13.004406
v -3.6471121 -10.275898 -12.985636
v 5.117057 -6.8729258 -7.9218755
v 5.408873 -6.8729258 -7.623566
v 5.412125 -7.1679983 -7.9186254
v 7.3756113 -6.8729258 -7.8412027
v 7.080553 -7.167996 -7.84444
v 7.077301 -6.8729258 -7.5493865
v 5.546041 -6.872918 -13.388663
v 5.2477503 -6.8729196 -13.096858
v 5.5428085 -7.1679907 -13.093616
v 7.2144785 -6.8729186 -13.314482
v 7.211246 -7.167993 -13.019433
v 7.506285 -6.8729224 -13.016186
v 5.408873 -6.8729258 -7.623566
v 5.117057 -6.8729258 -7.9218755
v 5.409127 -3.6061351 -7.6480308
v 5.1173205 -3.606134 -7.946338
v 5.409127 -3.6061351 -7.6480308
v 5.117057 -6.8729258 -7.9218755
v -4.4643846 -5.2753882 -1.2688423
v -4.2258806 -5.2753887 -0.98000443
v -4.2350307 -5.5704618 -1.2749367
v 1.1747882 -5.275389 -0.92366225
v 0.945451 -5.5704613 -0.9175599
v 0.9545929 -5.275389 -0.6226338
v -4.0802765 -5.275374 -5.4803696
v -4.3004746 -5.275376 -5.1793504
v -4.071123 -5.5704474 -5.185454
v 1.1001965 -5.275376 -5.123
v 1.1093506 -5.570449 -4.828082
v 1.338692 -5.2753778 -4.83417
v 0.9542828 -4.2864957 -0.6471095
v 1.1744678 -4.286496 -0.9481349
v 0.9545929 -5.275389 -0.6226338
v 1.1747882 -5.275389 -0.92366225
v 0.9545929 -5.275389 -0.6226338
v 1.1744678 -4.286496 -0.9481349
v -4.2258806 -5.2753887 -0.98000443
v -4.4643846 -5.2753882 -1.2688423
v -4.2262073 -4.2864957 -1.0044734
v -4.464705 -4.286496 -1.2933137
v -4.2262073 -4.2864957 -1.0044734
v -4.4643846 -5.2753882 -1.2688423
v -4.079848 -4.2864785 -5.4803696
v -4.300045 -4.2864804 -5.179354
v -4.0802765 -5.275374 -5.4803696
v -4.3004746 -5.275376 -5.1793504
v -4.0802765 -5.275374 -5.4803696
v -4.300045 -4.2864804 -5.179354
v 6.1126437 -6.522074 -9.432817
v 6.1127806 -3.136777 -9.449852
v 6.3198996 -6.5220737 -9.63648
v 6.320056 -3.136777 -9.653516
v 6.3198996 -6.5220737 -9.63648
v 6.1127806 -3.136777 -9.449852
v 6.156589 -3.1367722 -12.529192
v 6.1565795 -6.522067 -12.529198
v 6.3602414 -3.1367714 -12.321936
v 6.360232 -6.522067 -12.321939
v 6.3602414 -3.1367714 -12.321936
v 6.1565795 -6.522067 -12.529198
v 6.3198996 -6.5220737 -9.63648
v 6.047292 -6.6612473 -9.771331
v 6.1126437 -6.522074 -9.432817
v 3.7531614 -6.5220737 -9.663573
v 3.9568188 -6.5220737 -9.456306
v 3.9909496 -6.6612473 -9.793738
v 6.1565795 -6.522067 -12.529198
v 6.1547728 -6.6657815 -12.323739
v 6.360232 -6.522067 -12.321939
v 4.000764 -6.522067 -12.552687
v 3.7935033 -6.522067 -12.34903
v 4.033757 -6.661242 -12.34443
v 6.1547728 -6.6657815 -12.323739
v 6.047292 -6.6612473 -9.771331
v 6.360232 -6.522067 -12.321939
v 6.3198996 -6.5220737 -9.63648
v 6.360232 -6.522067 -12.321939
v 6.047292 -6.6612473 -9.771331
v 2.8606153 -10.89547 -5.6202807
v 3.0880272 -10.89547 -5.322632
v 3.090039 -11.190543 -5.6176963
v 6.1045995 -10.89547 -5.5446973
v 5.875195 -11.190541 -5.5472693
v 5.8731833 -10.89547 -5.252209
v 3.1845899 -10.895456 -12.712681
v 2.953164 -10.895456 -12.420203
v 3.1825879 -11.19053 -12.417626
v 5.969746 -10.895456 -12.642258
v 5.967744 -11.19053 -12.347202
v 6.1971483 -10.895459 -12.344619
v 3.0880272 -10.89547 -5.322632
v 2.8606153 -10.89547 -5.6202807
v 3.088623 -8.206196 -5.347097
v 2.8612206 -8.206196 -5.644746
v 3.088623 -8.206196 -5.347097
v 2.8606153 -10.89547 -5.6202807
v -1.8143051 -9.318677 -6.0271945
v -1.5195395 -9.31868 -5.557905
v -1.5195297 -9.585364 -6.027191
v 3.7114856 -9.318677 -6.010941
v 3.4167297 -9.585364 -6.027189
v 3.4167297 -9.31868 -5.5579076
v -1.5195395 -9.318669 -13.602441
v -1.8143051 -9.318673 -13.1331625
v -1.5195395 -9.585358 -13.133165
v 3.4167297 -9.318669 -13.602444
v 3.4167297 -9.585358 -13.13317
v 3.7114856 -9.318673 -13.1331625
v 3.4167297 -7.0437665 -5.5968347
v 3.7114856 -7.043765 -6.0498667
v 3.4167297 -9.31868 -5.5579076
v 3.7114856 -9.318677 -6.010941
v 3.4167297 -9.31868 -5.5579076
v 3.7114856 -7.043765 -6.0498667
v -1.5195395 -9.31868 -5.557905
v -1.8143051 -9.318677 -6.0271945
v -1.5195493 -7.043767 -5.596831
v -1.8143148 -7.043765 -6.0661254
v -1.5195493 -7.043767 -5.596831
v -1.8143051 -9.318677 -6.0271945
v 3.7114856 -7.0437655 -13.133158
v 3.41672 -7.0437655 -13.602435
v 3.7114856 -9.318673 -13.1331625
v 3.4167297 -9.318669 -13.602444
v 3.7114856 -9.318673 -13.1331625
v 3.41672 -7.0437655 -13.602435
v -1.5195493 -7.0437655 -13.602435
v -1.8143051 -7.0437655 -13.13316
v -1.5195395 -9.318669 -13.602441
v -1.8143051 -9.318673 -13.1331625
v -1.5195395 -9.318669 -13.602441
v -1.8143051 -7.0437655 -13.13316
v -9.190978 -9.825777 10.801593
v -8.960641 -9.82578 11.244139
v -8.940491 -10.022082 10.813302
v -3.081473 -9.825776 11.153797
v -3.3312428 -10.022082 11.127173
v -3.3513732 -9.825779 11.558006
v -8.698346 -9.825768 -4.5749125
v -8.968951 -9.82577 -4.1557865
v -8.718481 -10.022073 -4.144086
v -3.0890777 -9.825769 -4.2610464
v -3.109214 -10.022073 -3.8302212
v -2.858751 -9.82577 -3.8185043
v -3.3497043 -5.645397 11.522271
v -3.0798037 -5.645397 11.118062
v -3.3513732 -9.825779 11.558006
v -3.081473 -9.825776 11.153797
v -3.3513732 -9.825779 11.558006
v -3.0798037 -5.645397 11.118062
v -8.960641 -9.82578 11.244139
v -9.190978 -9.825777 10.801593
v -8.9589815 -5.645399 11.208405
v -9.189314 -5.645397 10.765853
v -8.9589815 -5.645399 11.208405
v -9.190978 -9.825777 10.801593
v -2.8587506 -5.6453943 -3.8185003
v -3.089091 -5.6453943 -4.261037
v -2.858751 -9.82577 -3.8185043
v -3.0890777 -9.825769 -4.2610464
v -2.858751 -9.82577 -3.8185043
v -3.089091 -5.6453943 -4.261037
v -8.698349 -5.6453943 -4.574905
v -8.96895 -5.6453934 -4.1557803
v -8.698346 -9.825768 -4.5749125
v -8.968951 -9.82577 -4.1557865
v -8.698346 -9.825768 -4.5749125
v -8.96895 -5.6453934 -4.1557803
v -2.8212938 -11.702342 -0.50381696
v -2.5839844 -11.702342 -0.37259933
v -2.6370215 -11.894087 -0.55686414
v 0.26866698 -11.702338 -1.3469208
v 0.08440918 -11.894086 -1.2938695
v 0.13745117 -11.70234 -1.1096061
v -3.2722216 -11.702325 -3.117546
v -3.4034374 -11.702328 -2.8802407
v -3.2191699 -11.894071 -2.9332912
v -0.55078614 -11.702325 -3.8545516
v -0.49772948 -11.894071 -3.6702962
v -0.31348145 -11.702325 -3.7233407
v -2.5839844 -11.702342 -0.37259933
v -2.8212938 -11.702342 -0.50381696
v -2.5883887 -9.95479 -0.38786757
v -2.8256981 -9.95479 -0.5190855
v -2.5883887 -9.95479 -0.38786757
v -2.8212938 -11.702342 -0.50381696
v 6.8240137 -3.042229 -0.98899394
v 7.1285644 -3.042229 -0.7036937
v 7.118945 -3.3373015 -0.99861556
v 9.083936 -3.042229 -1.0068858
v 8.789023 -3.337299 -0.99725324
v 8.798633 -3.042229 -0.7023387
v 7.0141993 -3.0422213 -10.128964
v 6.7289157 -3.0422225 -9.82443
v 7.0238476 -3.3372934 -9.834058
v 8.684287 -3.0422213 -10.127609
v 8.693926 -3.3372958 -9.8327
v 8.988818 -3.042225 -9.842324
v 7.1285644 -3.042229 -0.7036937
v 6.8240137 -3.042229 -0.98899394
v 7.1277537 1.669497 -0.7281459
v 6.8232126 1.6694982 -1.0134449
v 7.1277537 1.669497 -0.7281459
v 6.8240137 -3.042229 -0.98899394
v 3.4764404 -3.596054 4.7554126
v 3.7456493 -3.5936217 5.0158567
v 3.7067626 -3.8886895 4.7233543
v 8.522793 -3.542435 4.1485143
v 8.298672 -3.8399105 4.179716
v 8.337559 -3.5448434 4.472212
v 3.2189746 -3.5930614 0.87226254
v 3.0337305 -3.595471 1.1959552
v 3.2640429 -3.888106 1.1638921
v 7.8108983 -3.5442839 0.32861647
v 7.855957 -3.8393285 0.620247
v 8.080097 -3.5418537 0.58905834
v 3.7456493 -3.5936217 5.0158567
v 3.4764404 -3.596054 4.7554126
v 3.714497 -0.90449214 4.9955015
v 3.445293 -0.9069256 4.735054
v 3.714497 -0.90449214 4.9955015
v 3.4764404 -3.596054 4.7554126
v -3.009021 -7.826778 -0.6244185
v -2.7441626 -7.8267784 -0.43245193
v -2.8164623 -8.0844555 -0.6797786
v 0.55894864 -7.8267784 -1.5263329
v 0.36640778 -8.084455 -1.4709682
v 0.43869963 -7.826778 -1.2236451
v -3.7103636 -7.826767 -3.9497344
v -3.8306165 -7.8267674 -3.6470532
v -3.6380627 -8.084444 -3.70242
v -0.5275012 -7.826767 -4.7409277
v -0.4552011 -8.084446 -4.493612
v -0.26265165 -7.8267694 -4.5489664
v -2.7441626 -7.8267784 -0.43245193
v -3.009021 -7.826778 -0.6244185
v -2.749795 -5.478322 -0.45306778
v -3.0146496 -5.4783225 -0.64503616
v -2.749795 -5.478322 -0.45306778
v -3.009021 -7.826778 -0.6244185
v -7.6610885 -10.064206 -0.23037429
v -7.494868 -10.064206 -0.045695342
v -7.4856443 -10.23989 -0.22114517
v -3.0881543 -10.064206 -0.0054981993
v -3.263589 -10.23989 -0.014721832
v -3.2728221 -10.064206 0.16072036
v -7.2060056 -10.064194 -3.787988
v -7.3906736 -10.064196 -3.6217732
v -7.2152195 -10.2398815 -3.6125553
v -3.0815485 -10.064194 -3.5461898
v -3.090747 -10.2398815 -3.3707497
v -2.915327 -10.064196 -3.361515
v -7.494868 -10.064206 -0.045695342
v -7.6610885 -10.064206 -0.23037429
v -7.494121 -6.718051 -0.060245514
v -7.6603417 -6.718047 -0.24493149
v -7.494121 -6.718051 -0.060245514
v -7.6610885 -10.064206 -0.23037429
v -2.7183979 -10.958684 -2.251949
v -2.736884 -9.057357 -2.2948046
v -2.5392375 -10.960446 -2.4200325
v -2.557724 -9.059116 -2.4628825
v -2.5392375 -10.960446 -2.4200325
v -2.736884 -9.057357 -2.2948046
v -2.7812207 -9.08772 -5.4126368
v -2.7622705 -10.989212 -5.3841887
v -2.6131299 -9.085608 -5.233486
v -2.5941942 -10.9871 -5.2050395
v -2.6131299 -9.085608 -5.233486
v -2.7622705 -10.989212 -5.3841887
v -2.5392375 -10.960446 -2.4200325
v -2.7127483 -11.067361 -2.4234629
v -2.7183979 -10.958684 -2.251949
v -5.358466 -10.961387 -2.310505
v -5.190385 -10.95927 -2.131346
v -5.1847258 -11.06795 -2.3028574
v -2.7622705 -10.989212 -5.3841887
v -2.7676854 -11.094013 -5.2084665
v -2.5941942 -10.9871 -5.2050395
v -5.234248 -10.989799 -5.2635756
v -5.413413 -10.988039 -5.095503
v -5.2396827 -11.094602 -5.087862
v -8.559167 -8.84031 -8.495083
v -8.379751 -8.84031 -8.323203
v -8.383524 -9.015993 -8.498856
v -3.476251 -8.84031 -8.564688
v -3.6518881 -9.015993 -8.560908
v -3.6481228 -8.84031 -8.385264
v -8.368486 -8.840299 -12.076606
v -8.540354 -8.840301 -11.897187
v -8.364697 -9.015986 -11.900969
v -3.7315586 -8.840299 -12.096162
v -3.727753 -9.015986 -11.92052
v -3.5521333 -8.840301 -11.92429
v -8.379751 -8.84031 -8.323203
v -8.559167 -8.84031 -8.495083
v -8.380075 -7.766775 -8.337766
v -8.5595 -7.76677 -8.50965
v -8.380075 -7.766775 -8.337766
v -8.559167 -8.84031 -8.495083
v -6.3969293 -7.901202 0.16848922
v -6.1689835 -7.901202 0.256483
v -6.238959 -8.073971 0.098505095
v -2.2865083 -7.901201 -1.6690112
v -2.4444723 -8.073967 -1.5990372
v -2.374498 -7.901201 -1.4410778
v -7.580768 -7.9011908 -3.1539514
v -7.668774 -7.9011917 -2.9260097
v -7.5108037 -8.073959 -2.9959946
v -3.8561249 -7.90119 -4.777053
v -3.786126 -8.073958 -4.619102
v -3.6281872 -7.9011917 -4.689052
v -6.1689835 -7.901202 0.256483
v -6.3969293 -7.901202 0.16848922
v -6.1748176 -4.6106143 0.2433998
v -6.4027495 -4.6106105 0.15538651
v -6.1748176 -4.6106143 0.2433998
v -6.3969293 -7.901202 0.16848922
v 4.975032 -10.774177 -6.4088097
v 5.2024436 -10.774177 -6.1111608
v 5.2044554 -11.06925 -6.406225
v 7.943591 -10.774177 -6.333225
v 7.7141967 -11.069249 -6.335797
v 7.712185 -10.774177 -6.040737
v 5.2990065 -10.774162 -13.501207
v 5.06758 -10.774165 -13.20873
v 5.297004 -11.069236 -13.206153
v 7.8087473 -10.774165 -13.430784
v 7.8067355 -11.069238 -13.135729
v 8.03615 -10.774167 -13.133145
v 5.2024436 -10.774177 -6.1111608
v 4.975032 -10.774177 -6.4088097
v 5.2030396 -8.084904 -6.1356225
v 4.975637 -8.084904 -6.4332714
v 5.2030396 -8.084904 -6.1356225
v 4.975032 -10.774177 -6.4088097
v 5.299436 -8.084885 -13.50119
v 5.06802 -8.0848875 -13.2087145
v 5.2990065 -10.774162 -13.501207
v 5.06758 -10.774165 -13.20873
v 5.2990065 -10.774162 -13.501207
v 5.06802 -8.0848875 -13.2087145
v 6.241103 -8.3944435 -10.13092
v 6.2424607 -6.42751 -10.170256
v 6.4361715 -8.396415 -10.29324
v 6.437539 -6.4294806 -10.332573
v 6.4361715 -8.396415 -10.29324
v 6.2424607 -6.42751 -10.170256
v 2.3762255 -6.4602227 -12.862605
v 2.376211 -8.427336 -12.838097
v 2.5713134 -6.4621944 -13.024908
v 2.5713036 -8.429308 -13.000402
v 2.5713134 -6.4621944 -13.024908
v 2.376211 -8.427336 -12.838097
v 6.4361715 -8.396415 -10.29324
v 6.2574606 -8.516213 -10.307431
v 6.241103 -8.3944435 -10.13092
v 2.3135498 -8.3974695 -10.414477
v 2.4758887 -8.3951 -10.219404
v 2.492251 -8.516871 -10.395918
v 6.3365135 -8.428649 -12.911926
v 6.3201365 -8.546077 -12.731059
v 6.498828 -8.426283 -12.7168665
v 2.5713036 -8.429308 -13.000402
v 2.376211 -8.427336 -12.838097
v 2.554912 -8.546737 -12.819543
v 0.2501828 -6.772611 -9.858803
v 0.25094453 -5.5817723 -9.895658
v 0.43073454 -6.774458 -10.013365
v 0.4315146 -5.583618 -10.050215
v 0.43073454 -6.774458 -10.013365
v 0.25094453 -5.5817723 -9.895658
v -2.3446872 -5.6124096 -12.381206
v -2.3443778 -6.8034177 -12.358254
v -2.1641164 -5.6142564 -12.535756
v -2.1638124 -6.805265 -12.512802
v -2.1641164 -5.6142564 -12.535756
v -2.3443778 -6.8034177 -12.358254
v 0.43073454 -6.774458 -10.013365
v 0.26319182 -6.8866577 -10.02432
v 0.2501828 -6.772611 -9.858803
v -2.3713424 -6.7754455 -10.087768
v -2.216777 -6.7732263 -9.907211
v -2.2037532 -6.887274 -10.072729
v 0.3031381 -6.804647 -12.464405
v 0.2901669 -6.9146276 -12.29481
v 0.45769867 -6.8024316 -12.283857
v -2.1638124 -6.805265 -12.512802
v -2.3443778 -6.8034177 -12.358254
v -2.1767874 -6.915244 -12.343218
v -3.6409814 -8.142643 -9.24249
v -3.6405663 -7.1192894 -9.287553
v -3.422412 -8.144901 -9.433946
v -3.4219823 -7.1215453 -9.47901
v -3.422412 -8.144901 -9.433946
v -3.6405663 -7.1192894 -9.287553
v -7.905039 -7.156743 -12.311471
v -7.9043307 -8.180305 -12.283419
v -7.68646 -7.1590014 -12.502916
v -7.6857567 -8.182562 -12.474864
v -7.68646 -7.1590014 -12.502916
v -7.9043307 -8.180305 -12.283419
v -3.6132617 -7.1582456 -12.45648
v -3.6125684 -8.1818075 -12.428436
v -3.4218066 -7.1555347 -12.237924
v -3.4211082 -8.179099 -12.209882
v -3.4218066 -7.1555347 -12.237924
v -3.6125684 -8.1818075 -12.428436
v -3.422412 -8.144901 -9.433946
v -3.6273777 -8.282067 -9.445005
v -3.6409814 -8.142643 -9.24249
v -7.9056396 -8.146109 -9.507493
v -7.7141747 -8.143395 -9.288927
v -7.7005615 -8.282821 -9.491444
v -3.6125684 -8.1818075 -12.428436
v -3.6260643 -8.316261 -12.220936
v -3.4211082 -8.179099 -12.209882
v -7.6857567 -8.182562 -12.474864
v -7.9043307 -8.180305 -12.283419
v -7.699258 -8.317017 -12.267371
v -2.8295965 -10.423728 -9.172969
v -2.8472722 -8.166579 -9.212799
v -2.6639612 -10.425373 -9.331584
v -2.6816258 -8.168221 -9.371412
v -2.6639612 -10.425373 -9.331584
v -2.8472722 -8.166579 -9.212799
v -2.6639612 -10.425373 -9.331584
v -2.8259552 -10.525182 -9.33313
v -2.8295965 -10.423728 -9.172969
v -5.8165684 -10.426252 -9.151977
v -5.6579504 -10.424274 -8.986344
v -5.654309 -10.525731 -9.146499
v -2.9294722 -10.452229 -11.867141
v -2.9328532 -10.550066 -11.703053
v -2.7708642 -10.450256 -11.701513
v -5.757821 -10.452776 -11.6805
v -5.9234557 -10.451133 -11.521896
v -5.761207 -10.550612 -11.516425
v -7.6839542 -8.351379 -4.0214353
v -7.6460834 -8.351379 -3.7962124
v -7.552397 -8.512866 -3.9277546
v -4.247646 -8.351381 -1.591896
v -4.379184 -8.512866 -1.6855655
v -4.472851 -8.351381 -1.5540286
v -5.2738085 -8.35137 -7.236341
v -5.499033 -8.35137 -7.1984825
v -5.3674755 -8.5128565 -7.104807
v -2.1937304 -8.351368 -5.0148387
v -2.2873778 -8.512856 -4.8832803
v -2.155869 -8.35137 -4.7896137
v -7.6460834 -8.351379 -3.7962124
v -7.6839542 -8.351379 -4.0214353
v -7.638344 -7.6410522 -3.807136
v -7.6761956 -7.6410484 -4.032356
v -7.638344 -7.6410522 -3.807136
v -7.6839542 -8.351379 -4.0214353
v 7.324082 3.7787864 0.5768959
v 7.3241014 5.079934 0.55261123
v 7.644443 3.7787864 0.2841591
v 7.644443 5.079934 0.2598744
v 7.644443 3.7787864 0.2841591
v 7.3241014 5.079934 0.55261123
v 7.644443 3.7787864 0.2841591
v 7.324072 3.45843 0.28415877
v 7.324082 3.7787864 0.5768959
v -3.1469066 3.7787864 0.2841591
v -2.8265479 3.7787864 0.5769008
v -2.8265502 3.45843 0.28416365
v 7.3240623 3.778809 -11.405741
v 7.3240623 3.4584477 -11.113017
v 7.6444335 3.778803 -11.113016
v -2.8265624 3.778809 -11.405741
v -3.1469042 3.778803 -11.113011
v -2.8265772 3.4584477 -11.113012
v -2.8265502 3.45843 0.28416365
v -2.8265772 3.4584477 -11.113012
v -3.1469066 3.7787864 0.2841591
v -3.1469042 3.778803 -11.113011
v -3.1469066 3.7787864 0.2841591
v -2.8265772 3.4584477 -11.113012
v 7.122456 -2.335228 5.690117
v 7.1202087 10.602323 5.645109
v 7.32932 -2.3374863 5.486067
v 7.327082 10.600064 5.4410586
v 7.32932 -2.3374863 5.486067
v 7.1202087 10.602323 5.645109
v 6.5681963 10.563351 -2.635243
v 6.5705504 -2.3743694 -2.6072888
v 6.772246 10.566061 -2.4283924
v 6.774598 -2.3716595 -2.4004407
v 6.772246 10.566061 -2.4283924
v 6.5705504 -2.3743694 -2.6072888
v 7.32932 -2.3374863 5.486067
v 7.1240587 -2.4746544 5.4871507
v 7.122456 -2.335228 5.690117
v 0.23361084 -2.3386998 5.779199
v 0.43766662 -2.335985 5.9860597
v 0.43927854 -2.4754088 5.7830954
v 6.5705504 -2.3743694 -2.6072888
v 6.569347 -2.5088227 -2.3993566
v 6.774598 -2.3716595 -2.4004407
v -0.11423828 -2.3751287 -2.3113403
v -0.32110655 -2.3728707 -2.107301
v -0.115448 -2.5095797 -2.1034105
v 5.2141986 5.012926 0.8216894
v 5.213962 7.6372375 0.787879
v 5.3758426 5.0112367 0.6753821
v 5.3756127 7.635548 0.64157027
v 5.3758426 5.0112367 0.6753821
v 5.213962 7.6372375 0.787879
v 5.0434704 7.595736 -4.483276
v 5.0443354 4.9712744 -4.4622464
v 5.1897798 7.597773 -4.321643
v 5.1906443 4.9733057 -4.3006153
v 5.1897798 7.597773 -4.321643
v 5.0443354 4.9712744 -4.4622464
v 5.3758426 5.0112367 0.6753821
v 5.2219315 4.908312 0.6695892
v 5.2141986 5.012926 0.8216894
v 2.1202216 5.0103235 0.67318845
v 2.2665374 5.0123644 0.83482784
v 2.2742736 4.9077406 0.68272644
v 5.0443354 4.9712744 -4.4622464
v 5.036742 4.8703856 -4.306407
v 5.1906443 4.9733057 -4.3006153
v 2.0966723 4.970708 -4.449103
v 1.9350256 4.9723973 -4.3028016
v 2.0890758 4.869824 -4.2932673
v 5.4600797 3.2805212 -9.74132
v 5.460761 4.9379077 -9.756763
v 5.6937776 3.2805235 -9.912318
v 5.69446 4.9379125 -9.927767
v 5.6937776 3.2805235 -9.912318
v 5.460761 4.9379077 -9.756763
v 5.6937776 3.2805235 -9.912318
v 5.468223 3.0810328 -9.927566
v 5.4600797 3.2805212 -9.74132
v 1.9734973 3.2805266 -10.015295
v 2.1907325 3.2805219 -9.810178
v 2.1990318 3.0810332 -10.000049
v 5.5627775 3.2805438 -12.414076
v 5.554603 3.0810504 -12.227844
v 5.780137 3.2805438 -12.212598
v 2.2935655 3.2805438 -12.486569
v 2.0598645 3.2805438 -12.315575
v 2.2853918 3.0810504 -12.300333
v 9.102841 6.0873046 -0.5521428
v 9.106416 11.707105 -0.57145214
v 9.282477 6.0870166 -0.6886894
v 9.286051 11.706987 -0.7080037
v 9.282477 6.0870166 -0.6886894
v 9.106416 11.707105 -0.57145214
v 9.282477 6.0870166 -0.6886894
v 9.138876 5.8752832 -0.7242512
v 9.102841 6.0873046 -0.5521428
v 6.0946965 6.0864844 -1.187823
v 6.202147 6.0868406 -0.979384
v 6.238193 5.8748193 -1.1514863
v 9.433299 6.07942 -3.688006
v 9.397161 5.868042 -3.5151348
v 9.540745 6.0797753 -3.4795752
v 6.5326047 6.078956 -4.1152477
v 6.3529696 6.079244 -3.9787066
v 6.496463 5.867584 -3.9423766
v 7.279243 0.4383374 -0.18970871
v 7.2807713 10.311081 -0.20509109
v 7.5219836 0.43834227 -0.34760666
v 7.5235143 10.311087 -0.36299393
v 7.5219836 0.43834227 -0.34760666
v 7.2807713 10.311081 -0.20509109
v 7.5219836 0.43834227 -0.34760666
v 7.2976084 0.114792176 -0.3752275
v 7.279243 0.4383374 -0.18970871
v 4.5853167 0.43834716 -0.6123707
v 4.7909513 0.4383374 -0.39562422
v 4.809674 0.11479248 -0.58475477
v 7.362158 0.43836913 -10.713768
v 7.343761 0.11481476 -10.528264
v 7.568115 0.43836913 -10.500647
v 4.874202 0.43837035 -10.9233
v 4.6314564 0.43836913 -10.765407
v 4.8558054 0.11481476 -10.737794
v 6.7423186 1.8069775 -2.6400104
v 6.777072 4.1854978 -2.6350336
v 6.996493 1.8056958 -2.8350677
v 7.031248 4.184216 -2.8300934
v 6.996493 1.8056958 -2.8350677
v 6.777072 4.1854978 -2.6350336
v 6.996493 1.8056958 -2.8350677
v 6.743059 1.450299 -2.8485162
v 6.7423186 1.8069775 -2.6400104
v 2.8087475 1.8474096 -2.829456
v 3.0542028 1.8435351 -2.6080694
v 3.0550244 1.4868823 -2.8205876
v 6.7884803 1.8254852 -13.340755
v 6.7805686 1.4662476 -13.136847
v 7.0339804 1.8216504 -13.123398
v 3.1004236 1.8620672 -13.312834
v 2.846245 1.8633521 -13.117782
v 3.0925133 1.5028296 -13.108918
v 5.1204953 0.8659924 -2.0161474
v 5.1103067 -3.6456585 -1.959717
v 4.894786 0.86598754 -2.2945604
v 4.894765 -3.6456585 -2.2722158
v 4.894786 0.86598754 -2.2945604
v 5.1103067 -3.6456585 -1.959717
v 8.85144 -3.6456573 -2.0375028
v 8.851467 0.86598873 -2.0598333
v 9.077685 -3.6456573 -2.2977762
v 9.077712 0.86598873 -2.3201163
v 9.077685 -3.6456573 -2.2977762
v 8.851467 0.86598873 -2.0598333
v 9.077685 -3.6456573 -2.2977762
v 8.8516865 -3.969207 -2.3068435
v 8.85144 -3.6456573 -2.0375028
v 4.894765 -3.6456585 -2.2722158
v 5.1103067 -3.6456585 -1.959717
v 5.1207447 -3.9692132 -2.263146
v 8.745549 -3.6456356 -12.953774
v 8.745274 -3.9691904 -12.684444
v 8.971252 -3.6456356 -12.675378
v 5.0145874 -3.6456404 -12.910085
v 4.788339 -3.6456356 -12.6498165
v 5.0143113 -3.9691904 -12.640753
v 8.8516865 -3.969207 -2.3068435
v 5.1207447 -3.9692132 -2.263146
v 8.85144 -3.6456573 -2.0375028
v 5.1103067 -3.6456585 -1.959717
v 8.85144 -3.6456573 -2.0375028
v 5.1207447 -3.9692132 -2.263146
v 6.0629253 11.280967 -8.658344
v 6.072314 6.7889657 -8.626926
v 5.8286276 11.281699 -8.929569
v 5.8515916 6.7700644 -8.93877
v 5.8286276 11.281699 -8.929569
v 6.072314 6.7889657 -8.626926
v 10.036201 6.790011 -8.834629
v 10.013242 11.3016405 -8.825419
v 10.254199 6.7929554 -9.101831
v 10.231241 11.3045845 -9.092627
v 10.254199 6.7929554 -9.101831
v 10.013242 11.3016405 -8.825419
v 10.254199 6.7929554 -9.101831
v 10.029628 6.468312 -9.106104
v 10.036201 6.790011 -8.834629
v 5.8515916 6.7700644 -8.93877
v 6.072314 6.7889657 -8.626926
v 6.0793405 6.4476233 -8.939021
v 9.804362 6.8640723 -12.1155
v 9.8141 6.5386863 -11.848564
v 10.0386505 6.8633347 -11.844292
v 5.8540545 6.843384 -11.948425
v 5.636052 6.840444 -11.681228
v 5.8637924 6.518003 -11.681484
v 6.4448743 6.41269 -9.88436
v 6.44307 0.80409664 -9.861332
v 6.2345624 6.4126854 -10.189284
v 6.232752 0.8040973 -10.166254
v 6.2345624 6.4126854 -10.189284
v 6.44307 0.80409664 -9.861332
v 8.906873 0.80409664 -9.92271
v 8.908687 6.4126854 -9.945731
v 9.160808 0.8040973 -10.172812
v 9.1626215 6.4126854 -10.195838
v 9.160808 0.8040973 -10.172812
v 8.908687 6.4126854 -9.945731
v 9.160808 0.8040973 -10.172812
v 8.928662 0.46970764 -10.200225
v 8.906873 0.80409664 -9.92271
v 6.232752 0.8040973 -10.166254
v 6.44307 0.80409664 -9.861332
v 6.46488 0.46970275 -10.138841
v 9.046614 0.8041559 -13.608019
v 9.024793 0.46976134 -13.330524
v 9.256921 0.8041559 -13.303109
v 6.4301596 0.80415344 -13.578576
v 6.1762195 0.80415344 -13.328484
v 6.4083385 0.4697589 -13.301075
v 10.034133 3.3480742 9.830968
v 10.033237 11.114877 9.807552
v 10.207542 3.3477373 9.624926
v 10.206645 11.114735 9.601505
v 10.207542 3.3477373 9.624926
v 10.033237 11.114877 9.807552
v 4.09226 11.110918 -1.6741688
v 4.0929008 3.3384619 -1.6681908
v 4.2656713 11.110776 -1.8802009
v 4.280522 3.3381212 -1.8642786
v 4.2656713 11.110776 -1.8802009
v 4.0929008 3.3384619 -1.6681908
v 10.207542 3.3477373 9.624926
v 10.031018 3.0950322 9.621121
v 10.034133 3.3480742 9.830968
v 4.9416337 3.3470976 10.037645
v 5.121338 3.3475275 10.252213
v 5.1182404 3.0944805 10.042372
v 9.220695 3.338668 -2.1321094
v 9.223886 3.0863976 -1.9213532
v 9.400391 3.3390977 -1.9175488
v 4.280522 3.3381212 -1.8642786
v 4.0929008 3.3384619 -1.6681908
v 4.283711 3.0858448 -1.6535225
v 4.4869456 0.30657044 -13.824904
v 4.684773 0.306568 -14.03449
v 4.5026097 2.0090728 -13.8243065
v 4.700444 2.0090728 -14.033898
v 4.5026097 2.0090728 -13.8243065
v 4.684773 0.306568 -14.03449
v 4.684773 0.306568 -14.03449
v 4.4869456 0.30657044 -13.824904
v 4.675825 0.09698303 -13.817722
v 4.52803 0.3065454 -9.957166
v 4.536975 0.29024902 -10.173925
v 4.3480954 0.30654296 -10.18109
v 10.380107 0.32013732 -13.703754
v 10.200175 0.3201422 -13.9276705
v 10.191225 0.13083556 -13.710922
v 10.241255 0.32012695 -10.059943
v 10.052382 0.1308203 -10.067102
v 10.043427 0.3201245 -9.850355
v 10.191225 0.13083556 -13.710922
v 10.200175 0.3201422 -13.9276705
v 4.675825 0.09698303 -13.817722
v 4.684773 0.306568 -14.03449
v 4.675825 0.09698303 -13.817722
v 10.200175 0.3201422 -13.9276705
v 4.536975 0.29024902 -10.173925
v 4.52803 0.3065454 -9.957166
v 10.052382 0.1308203 -10.067102
v 10.043427 0.3201245 -9.850355
v 10.052382 0.1308203 -10.067102
v 4.52803 0.3065454 -9.957166
v 4.675825 0.09698303 -13.817722
v 4.4869456 0.30657044 -13.824904
v 4.536975 0.29024902 -10.173925
v 4.3480954 0.30654296 -10.18109
v 4.536975 0.29024902 -10.173925
v 4.4869456 0.30657044 -13.824904
v -0.5058984 4.9873204 -8.338666
v -0.30115235 4.9873204 -8.510502
v -0.50726867 4.4618053 -8.323054
v -0.30251768 4.4618053 -8.494892
v -0.50726867 4.4618053 -8.323054
v -0.30115235 4.9873204 -8.510502
v -3.2372386 4.4618053 -8.369158
v -3.409071 4.4618053 -8.573906
v -3.235879 4.9260607 -8.384762
v -3.407713 4.9260607 -8.58952
v -3.235879 4.9260607 -8.384762
v -3.409071 4.4618053 -8.573906
v -3.409071 4.4618053 -8.573906
v -3.2372386 4.4618053 -8.369158
v -3.2207708 4.2727966 -8.55745
v -0.30251768 4.4618053 -8.494892
v -0.4908087 4.2727966 -8.51135
v -0.50726867 4.4618053 -8.323054
v -3.0432353 4.461819 -11.691188
v -3.2479815 4.461819 -11.519359
v -3.0596912 4.2728105 -11.502894
v -0.31326354 4.461817 -11.6450815
v -0.32970884 4.272808 -11.456796
v -0.1414331 4.461817 -11.440333
v -0.32970884 4.272808 -11.456796
v -0.31326354 4.461817 -11.6450815
v -3.0596912 4.2728105 -11.502894
v -3.0432353 4.461819 -11.691188
v -3.0596912 4.2728105 -11.502894
v -0.31326354 4.461817 -11.6450815
v 1.4493371 4.4252405 -1.4109769
v 1.4437125 6.082627 -1.4253771
v 1.593887 4.425243 -1.661896
v 1.5882617 6.0826316 -1.6763008
v 1.593887 4.425243 -1.661896
v 1.4437125 6.082627 -1.4253771
v 1.593887 4.425243 -1.661896
v 1.3814435 4.225752 -1.584599
v 1.4493371 4.4252405 -1.4109769
v -1.142681 4.4252453 -0.56403303
v -0.8610389 4.4252405 -0.46432418
v -0.9302556 4.225752 -0.6413237
v 0.46206632 4.4252605 -3.896831
v 0.5299255 4.2257676 -3.7232103
v 0.74235046 4.4252605 -3.8005004
v -1.8496563 4.4252605 -2.953557
v -1.9942111 4.4252605 -2.7026403
v -1.7817944 4.2257676 -2.7799323
v 4.2013445 3.8558698 -0.6602049
v 4.205479 5.584037 -0.67578566
v 4.4774914 3.8558726 -0.7823247
v 4.4816284 5.584043 -0.7979091
v 4.4774914 3.8558726 -0.7823247
v 4.205479 5.584037 -0.67578566
v 4.4774914 3.8558726 -0.7823247
v 4.2511325 3.6478624 -0.84810776
v 4.2013445 3.8558698 -0.6602049
v 0.5062204 3.8558753 -1.7600818
v 0.6818042 3.8558698 -1.502747
v 0.7325589 3.6478624 -1.694306
v 5.662698 3.855891 -5.757899
v 5.612881 3.647879 -5.5700192
v 5.8392205 3.855891 -5.504243
v 2.144104 3.855891 -6.604113
v 1.8679546 3.855891 -6.481999
v 2.0942872 3.647879 -6.4162292
v 4.673953 4.0717125 -9.562941
v 4.96577 4.0717125 -9.264633
v 4.9690213 3.7766392 -9.55969
v 6.932508 4.0717125 -9.482269
v 6.6374493 3.7766418 -9.485507
v 6.634197 4.0717125 -9.190454
v 5.1029377 4.071727 -12.644435
v 4.8046465 4.071725 -12.352629
v 5.099705 3.776654 -12.349387
v 6.771375 4.071726 -12.570253
v 6.7681427 3.7766516 -12.275205
v 7.063181 4.0717225 -12.271957
v 4.9660234 7.3385034 -9.289095
v 6.6344805 7.3385034 -9.214919
v 4.96577 4.0717125 -9.264633
v 6.634197 4.0717125 -9.190454
v 4.96577 4.0717125 -9.264633
v 6.6344805 7.3385034 -9.214919
v 4.96577 4.0717125 -9.264633
v 4.673953 4.0717125 -9.562941
v 4.9660234 7.3385034 -9.289095
v 4.6742167 7.3385043 -9.587402
v 4.9660234 7.3385034 -9.289095
v 4.673953 4.0717125 -9.562941
v 0.1342157 -6.974536 -3.1049871
v 0.32506895 -6.9745903 -2.8875363
v 0.34217224 -7.1754327 -3.0950906
v 3.49133 -6.915595 -2.8532357
v 3.2910602 -7.123727 -2.8699791
v 3.273947 -6.922884 -2.662432
v 0.674881 -6.917715 -5.8865776
v 0.45750913 -6.9250035 -5.6957774
v 0.6654852 -7.125903 -5.685894
v 3.5096424 -6.868822 -5.6217155
v 3.500265 -7.0770116 -5.4210215
v 3.7005072 -6.868878 -5.404271
v 3.2134693 -3.6491842 -2.6244805
v 3.4308324 -3.641897 -2.8152914
v 3.273947 -6.922884 -2.662432
v 3.49133 -6.915595 -2.8532357
v 3.273947 -6.922884 -2.662432
v 3.4308324 -3.641897 -2.8152914
v 0.32506895 -6.9745903 -2.8875363
v 0.1342157 -6.974536 -3.1049871
v 0.26457092 -3.7008903 -2.84959
v 0.07371399 -3.7008288 -3.0670445
v 0.26457092 -3.7008903 -2.84959
v 0.1342157 -6.974536 -3.1049871
v -10.380112 -10.538603 13.179911
v -10.204458 -10.538603 13.409816
v -10.177324 -10.743181 13.207035
v -4.7173834 -10.538603 13.85883
v -4.9201665 -10.743181 13.831716
v -4.947295 -10.538603 14.03449
v -9.241542 -10.538595 5.0373473
v -9.471439 -10.538595 5.213004
v -9.268671 -10.743177 5.240122
v -4.1009564 -10.538593 5.693962
v -4.1280513 -10.743177 5.8967457
v -3.9252973 -10.538595 5.923865
v -10.204458 -10.538603 13.409816
v -10.380112 -10.538603 13.179911
v -10.202216 -5.0434713 13.392992
v -10.377875 -5.0434666 13.163087
v -10.202216 -5.0434713 13.392992
v -10.380112 -10.538603 13.179911
v 8.362939 -6.570256 -0.15032485
v 8.795 -6.138156 -0.14467362
v 8.771445 -6.570252 -10.797827
v 9.203526 -6.1381474 -10.792171
v 2.9197266 -6.5702567 -0.18747452
v 2.9140868 -6.1381555 0.24458663
v 8.362939 -6.570256 -0.15032485
v 8.357285 -6.1381555 0.28173506
v 3.3282616 -6.570252 -10.834983
v 2.8961914 -6.1381474 -10.840622
v 2.9197266 -6.5702567 -0.18747452
v 2.4876757 -6.1381555 -0.19312942
v 8.771445 -6.570252 -10.797827
v 8.777109 -6.1381474 -11.2298975
v 3.3282616 -6.570252 -10.834983
v 3.333916 -6.138152 -11.267048
v -2.937011 -5.051763 -2.6383421
v -3.3009186 -4.686758 -2.6099834
v -1.9978313 -5.051775 11.200933
v -2.3617487 -4.686769 11.229291
v 4.549165 -5.051763 -3.2217174
v 4.520787 -4.6867576 -3.5856175
v -2.937011 -5.051763 -2.6383421
v -2.9653692 -4.6867576 -3.0022411
v 5.488316 -5.051775 10.617563
v 5.852208 -4.686769 10.589193
v 4.549165 -5.051763 -3.2217174
v 4.913043 -4.686758 -3.2500756
v -1.9978313 -5.051775 11.200933
v -1.9694824 -4.6867676 11.564842
v 5.488316 -5.051775 10.617563
v 5.5166745 -4.686768 10.981466
v 8.77666 -2.9537246 -11.194053
v 3.3334324 -2.9537299 -11.231201
v 8.777109 -6.1381474 -11.2298975
v 3.333916 -6.138152 -11.267048
v 2.8957324 -2.9537299 -10.804777
v 2.4876807 -2.9537377 -0.1931282
v 2.8961914 -6.1381474 -10.840622
v 2.4876757 -6.1381555 -0.19312942
v 2.9140918 -2.9537385 0.24458908
v 8.357305 -2.9537385 0.28174362
v 2.9140868 -6.1381555 0.24458663
v 8.357285 -6.1381555 0.28173506
v 8.79501 -2.9537377 -0.14466384
v 9.203066 -2.9537299 -10.756326
v 8.795 -6.138156 -0.14467362
v 9.203526 -6.1381474 -10.792171
v 3.3334324 -2.9537299 -11.231201
v 2.8957324 -2.9537299 -10.804777
v 3.333916 -6.138152 -11.267048
v 2.8961914 -6.1381474 -10.840622
v 8.777109 -6.1381474 -11.2298975
v 9.203526 -6.1381474 -10.792171
v 8.77666 -2.9537246 -11.194053
v 9.203066 -2.9537299 -10.756326
v 8.357305 -2.9537385 0.28174362
v 8.79501 -2.9537377 -0.14466384
v 8.357285 -6.1381555 0.28173506
v 8.795 -6.138156 -0.14467362
v -1.971856 -1.8830498 11.534655
v 5.51433 -1.8830502 10.951278
v -1.9694824 -4.6867676 11.564842
v 5.5166745 -4.686768 10.981466
v 5.8498635 -1.8830502 10.559008
v 4.9130435 -1.8830471 -3.2500634
v 5.852208 -4.686769 10.589193
v 4.913043 -4.686758 -3.2500756
v 4.520778 -1.8830432 -3.5856047
v -2.9653833 -1.8830428 -3.0022326
v 4.520787 -4.6867576 -3.5856175
v -2.9653692 -4.6867576 -3.0022411
v -3.3009179 -1.8830471 -2.609976
v -2.3641129 -1.8830502 11.1991005
v -3.3009186 -4.686758 -2.6099834
v -2.3617487 -4.686769 11.229291
v 5.51433 -1.8830502 10.951278
v 5.8498635 -1.8830502 10.559008
v 5.5166745 -4.686768 10.981466
v 5.852208 -4.686769 10.589193
v 4.9130435 -1.8830471 -3.2500634
v 4.520778 -1.8830432 -3.5856047
v 4.913043 -4.686758 -3.2500756
v 4.520787 -4.6867576 -3.5856175
v -2.9653833 -1.8830428 -3.0022326
v -3.3009179 -1.8830471 -2.609976
v -2.9653692 -4.6867576 -3.0022411
v -3.3009186 -4.686758 -2.6099834
v 4.043761 -7.4888525 -11.439311
v 4.056173 -7.2888403 -11.734128
v -4.8605876 -7.488861 -11.618174
v -4.8481803 -7.2888403 -11.912991
v 3.8008506 -7.488862 -2.7388885
v 4.095665 -7.2888465 -2.7264905
v 4.043761 -7.4888525 -11.439311
v 4.3385754 -7.2888393 -11.426904
v -5.1035075 -7.488878 -2.9177666
v -5.115905 -7.2888575 -2.6229606
v 3.8008506 -7.488862 -2.7388885
v 3.7884436 -7.288848 -2.4440873
v -4.8605876 -7.488861 -11.618174
v -5.155407 -7.2888455 -11.63059
v -5.1035075 -7.488878 -2.9177666
v -5.398312 -7.2888575 -2.9301784
v -5.130949 -4.9354715 -11.629573
v -5.373859 -4.9354725 -2.9291356
v -5.155407 -7.2888455 -11.63059
v -5.398312 -7.2888575 -2.9301784
v -5.091447 -4.935472 -2.6219287
v 3.7884436 -4.9354672 -2.4440901
v -5.115905 -7.2888575 -2.6229606
v 3.7884436 -7.288848 -2.4440873
v 4.095665 -4.9354672 -2.7264934
v 4.3385706 -4.9354663 -11.426916
v 4.095665 -7.2888465 -2.7264905
v 4.3385754 -7.2888393 -11.426904
v 4.056173 -4.9354663 -11.734128
v -4.8237324 -4.935472 -11.911977
v 4.056173 -7.2888403 -11.734128
v -4.8481803 -7.2888403 -11.912991
v 3.7884436 -4.9354672 -2.4440901
v 4.095665 -4.9354672 -2.7264934
v 3.7884436 -7.288848 -2.4440873
v 4.095665 -7.2888465 -2.7264905
v 4.3385706 -4.9354663 -11.426916
v 4.056173 -4.9354663 -11.734128
v 4.3385754 -7.2888393 -11.426904
v 4.056173 -7.2888403 -11.734128
v 8.357361 -5.3208146 0.21570052
v 8.541345 -5.0257406 0.16364487
v 6.7663255 -5.320807 -5.4384985
v 6.9503098 -5.025733 -5.4905553
v 3.8680737 -5.3208146 1.5252478
v 3.9185083 -5.02574 1.703103
v 8.357361 -5.3208146 0.21570052
v 8.407771 -5.0257406 0.39355698
v 2.277063 -5.3208017 -4.128958
v 2.0930834 -5.025733 -4.0769
v 3.8680737 -5.3208146 1.5252478
v 3.684099 -5.0257406 1.577295
v 6.7663255 -5.320807 -5.4384985
v 6.7158957 -5.0257335 -5.616361
v 2.277063 -5.3208017 -4.128958
v 2.2266283 -5.0257325 -4.3068147
v 6.720095 -0.9651846 -5.601607
v 2.230808 -0.96518886 -4.292056
v 6.7158957 -5.0257335 -5.616361
v 2.2266283 -5.0257325 -4.3068147
v 2.097263 -0.96518886 -4.0621443
v 3.684104 -0.96519226 1.5772942
v 2.0930834 -5.025733 -4.0769
v 3.684099 -5.0257406 1.577295
v 3.918513 -0.96519345 1.7031012
v 8.40779 -0.96519256 0.3935588
v 3.9185083 -5.02574 1.703103
v 8.407771 -5.0257406 0.39355698
v 8.541345 -0.96519256 0.1636467
v 6.9545093 -0.9651846 -5.475794
v 8.541345 -5.0257406 0.16364487
v 6.9503098 -5.025733 -5.4905553
v 2.230808 -0.96518886 -4.292056
v 2.097263 -0.96518886 -4.0621443
v 2.2266283 -5.0257325 -4.3068147
v 2.0930834 -5.025733 -4.0769
v 6.7158957 -5.0257335 -5.616361
v 6.9503098 -5.025733 -5.4905553
v 6.720095 -0.9651846 -5.601607
v 6.9545093 -0.9651846 -5.475794
v 8.40779 -0.96519256 0.3935588
v 8.541345 -0.96519256 0.1636467
v 8.407771 -5.0257406 0.39355698
v 8.541345 -5.0257406 0.16364487
v -1.7672509 -9.657174 -4.3193083
v -1.994165 -9.430181 -4.3130817
v -1.803916 -9.657186 -1.4230864
v -2.0308301 -9.430193 -1.4168657
v 2.425913 -9.657174 -4.282401
v 2.4196825 -9.430181 -4.5093055
v -1.7672509 -9.657174 -4.3193083
v -1.7734814 -9.430181 -4.5462084
v 2.3892431 -9.657186 -1.3861797
v 2.6161475 -9.430193 -1.3924077
v 2.425913 -9.657174 -4.282401
v 2.6528125 -9.430181 -4.288623
v -1.803916 -9.657186 -1.4230864
v -1.7977002 -9.430193 -1.1961753
v 2.3892431 -9.657186 -1.3861797
v 2.3954637 -9.430193 -1.1592717
v -1.7982227 -7.3613977 -1.214983
v 2.3949609 -7.3613977 -1.17808
v -1.7977002 -9.430193 -1.1961753
v 2.3954637 -9.430193 -1.1592717
v 2.61563 -7.361397 -1.4112147
v 2.6528075 -7.36139 -4.2886024
v 2.6161475 -9.430193 -1.3924077
v 2.6528125 -9.430181 -4.288623
v 2.4196825 -7.361387 -4.5092835
v -1.7734911 -7.36139 -4.546191
v 2.4196825 -9.430181 -4.5093055
v -1.7734814 -9.430181 -4.5462084
v -1.994165 -7.36139 -4.313067
v -2.0313525 -7.361397 -1.4356734
v -1.994165 -9.430181 -4.3130817
v -2.0308301 -9.430193 -1.4168657
v 2.3949609 -7.3613977 -1.17808
v 2.61563 -7.361397 -1.4112147
v 2.3954637 -9.430193 -1.1592717
v 2.6161475 -9.430193 -1.3924077
v 2.6528075 -7.36139 -4.2886024
v 2.4196825 -7.361387 -4.5092835
v 2.6528125 -9.430181 -4.288623
v 2.4196825 -9.430181 -4.5093055
v -1.7734911 -7.36139 -4.546191
v -1.994165 -7.36139 -4.313067
v -1.7734814 -9.430181 -4.5462084
v -1.994165 -9.430181 -4.3130817
v 0.10711578 -8.125231 -12.049292
v -0.18778777 -7.8301573 -12.0391035
v 0.41109404 -8.125239 -2.246952
v 0.116190486 -7.8301706 -2.2367685
v 8.505173 -8.125231 -11.989114
v 8.494974 -7.8301587 -12.284003
v 0.10711578 -8.125231 -12.049292
v 0.096926875 -7.8301587 -12.344183
v 8.809142 -8.125239 -2.1867702
v 9.104031 -7.8301706 -2.1969662
v 8.505173 -8.125231 -11.989114
v 8.800053 -7.830162 -11.999296
v 0.41109404 -8.125239 -2.246952
v 0.4212683 -7.8301706 -1.9520528
v 8.809142 -8.125239 -2.1867702
v 8.819321 -7.8301706 -1.8918741
v 0.4204248 -5.140894 -1.9764894
v 8.818487 -5.1408935 -1.9163142
v 0.4212683 -7.8301706 -1.9520528
v 8.819321 -7.8301706 -1.8918741
v 9.103187 -5.140895 -2.2214043
v 8.800053 -5.140882 -11.999282
v 9.104031 -7.8301706 -2.1969662
v 8.800053 -7.830162 -11.999296
v 8.494974 -5.140883 -12.283985
v 0.09691742 -5.140883 -12.344169
v 8.494974 -7.8301587 -12.284003
v 0.096926875 -7.8301587 -12.344183
v -0.18778747 -5.140883 -12.039089
v 0.11534149 -5.140895 -2.2612102
v -0.18778777 -7.8301573 -12.0391035
v 0.116190486 -7.8301706 -2.2367685
v 8.818487 -5.1408935 -1.9163142
v 9.103187 -5.140895 -2.2214043
v 8.819321 -7.8301706 -1.8918741
v 9.104031 -7.8301706 -2.1969662
v 8.800053 -5.140882 -11.999282
v 8.494974 -5.140883 -12.283985
v 8.800053 -7.830162 -11.999296
v 8.494974 -7.8301587 -12.284003
v 0.09691742 -5.140883 -12.344169
v -0.18778747 -5.140883 -12.039089
v 0.096926875 -7.8301587 -12.344183
v -0.18778777 -7.8301573 -12.0391035
v 6.134463 -5.1329913 -1.5570828
v 5.976338 -4.972019 -1.5872413
v 5.6385303 -5.1329975 0.7567853
v 5.4803953 -4.9720206 0.7266223
v 7.700371 -5.1329913 -1.2494838
v 7.7305174 -4.972019 -1.4076087
v 6.134463 -5.1329913 -1.5570828
v 6.164629 -4.972019 -1.7152052
v 7.2974024 -5.1329975 1.0443847
v 7.4555273 -4.9720206 1.074541
v 7.700371 -5.1329913 -1.2494838
v 7.858486 -4.9720197 -1.2193239
v 5.6385303 -5.1329975 0.7567853
v 5.6083593 -4.9720206 0.91491085
v 7.2974024 -5.1329975 1.0443847
v 7.267246 -4.9720206 1.2025098
v 5.610854 -0.22063904 0.90179443
v 7.269746 -0.22064392 1.189397
v 5.6083593 -4.9720206 0.91491085
v 7.267246 -4.9720206 1.2025098
v 7.4580274 -0.22063904 1.0614258
v 7.858486 -0.2206308 -1.2193205
v 7.4555273 -4.9720206 1.074541
v 7.858486 -4.9720197 -1.2193239
v 7.7305174 -0.2206308 -1.4076017
v 6.1646094 -0.2206308 -1.7152025
v 7.7305174 -4.972019 -1.4076087
v 6.164629 -4.972019 -1.7152052
v 5.976328 -0.2206308 -1.5872399
v 5.4828954 -0.22063842 0.71350706
v 5.976338 -4.972019 -1.5872413
v 5.4803953 -4.9720206 0.7266223
v 7.269746 -0.22064392 1.189397
v 7.4580274 -0.22063904 1.0614258
v 7.267246 -4.9720206 1.2025098
v 7.4555273 -4.9720206 1.074541
v 7.858486 -0.2206308 -1.2193205
v 7.7305174 -0.2206308 -1.4076017
v 7.858486 -4.9720197 -1.2193239
v 7.7305174 -4.972019 -1.4076087
v 6.1646094 -0.2206308 -1.7152025
v 5.976328 -0.2206308 -1.5872399
v 6.164629 -4.972019 -1.7152052
v 5.976338 -4.972019 -1.5872413
v 7.7305174 -0.2206308 -1.4076017
v 7.858486 -0.2206308 -1.2193205
v 7.7154393 -0.03379974 -1.328543
v 7.7794237 -0.03379974 -1.2344011
v -4.437173 -8.618582 -12.606964
v -4.635005 -8.439596 -12.606961
v -4.437163 -8.618586 -10.878836
v -4.635005 -8.439597 -10.878838
v -1.1241943 -8.618582 -12.606965
v -1.1241943 -8.439594 -12.844633
v -4.437173 -8.618582 -12.606964
v -4.437173 -8.439594 -12.844632
v -1.1241943 -8.618586 -10.878833
v -0.92636716 -8.439597 -10.870605
v -1.1241943 -8.618582 -12.606965
v -0.92636716 -8.439596 -12.606961
v -4.437163 -8.618586 -10.878836
v -4.437173 -8.439599 -10.641162
v -1.1241943 -8.618586 -10.878833
v -1.1241943 -8.439599 -10.641162
v -4.4371824 -6.033382 -10.660879
v -1.1241943 -6.033381 -10.660879
v -4.437173 -8.439599 -10.641162
v -1.1241943 -8.439599 -10.641162
v -0.92636716 -6.033381 -10.890322
v -0.92636716 -6.033382 -12.606959
v -0.92636716 -8.439597 -10.870605
v -0.92636716 -8.439596 -12.606961
v -1.124204 -6.0333824 -12.844628
v -4.4371777 -6.0333824 -12.84463
v -1.1241943 -8.439594 -12.844633
v -4.437173 -8.439594 -12.844632
v -4.635005 -6.033382 -12.606961
v -4.63501 -6.033381 -10.898557
v -4.635005 -8.439596 -12.606961
v -4.635005 -8.439597 -10.878838
v -1.1241943 -6.033381 -10.660879
v -0.92636716 -6.033381 -10.890322
v -1.1241943 -8.439599 -10.641162
v -0.92636716 -8.439597 -10.870605
v -4.4371777 -6.0333824 -12.84463
v -4.635005 -6.033382 -12.606961
v -4.437173 -8.439594 -12.844632
v -4.635005 -8.439596 -12.606961
v -4.8521366 -6.826923 -1.9748782
v -5.0549054 -6.622341 -2.001996
v -6.0415864 -6.826928 8.646703
v -6.244374 -6.6223493 8.619578
v -1.086463 -6.826924 -1.413099
v -1.0593683 -6.6223407 -1.6158829
v -4.8521366 -6.826923 -1.9748782
v -4.825008 -6.622341 -2.1776528
v -2.1593742 -6.8269286 9.176539
v -1.956591 -6.62235 9.203653
v -1.086463 -6.826924 -1.413099
v -0.8837091 -6.622341 -1.3859799
v -6.0415864 -6.826928 8.646703
v -6.0687194 -6.6223493 8.8494835
v -2.1593742 -6.8269286 9.176539
v -2.1865032 -6.62235 9.3793125
v -6.0664787 -3.3013105 8.83266
v -2.1842523 -3.3013105 9.3624935
v -6.0687194 -6.6223493 8.8494835
v -2.1865032 -6.62235 9.3793125
v -1.9543595 -3.3013113 9.186832
v -0.88371396 -3.301306 -1.3859792
v -1.956591 -6.62235 9.203653
v -0.8837091 -6.622341 -1.3859799
v -1.0593683 -3.3013055 -1.6158814
v -4.8250175 -3.3013058 -2.177651
v -1.0593683 -6.6223407 -1.6158829
v -4.825008 -6.622341 -2.1776528
v -5.0549054 -3.3013055 -2.0019953
v -6.2421374 -3.3013058 8.602755
v -5.0549054 -6.622341 -2.001996
v -6.244374 -6.6223493 8.619578
v -2.1842523 -3.3013105 9.3624935
v -1.9543595 -3.3013113 9.186832
v -2.1865032 -6.62235 9.3793125
v -1.956591 -6.62235 9.203653
v -0.88371396 -3.301306 -1.3859792
v -1.0593683 -3.3013055 -1.6158814
v -0.8837091 -6.622341 -1.3859799
v -1.0593683 -6.6223407 -1.6158829
v -4.8250175 -3.3013058 -2.177651
v -5.0549054 -3.3013055 -2.0019953
v -4.825008 -6.622341 -2.1776528
v -5.0549054 -6.622341 -2.001996
v -1.0593683 -3.3013055 -1.6158814
v -0.88371396 -3.301306 -1.3859792
v -1.0729327 -3.1501708 -1.5144899
v -0.9851007 -3.150172 -1.39954
v -2.9712842 -10.9573555 -3.5357733
v -2.7495458 -10.780296 -3.543316
v -2.9285638 -10.957352 -10.823227
v -2.7068207 -10.780289 -10.830767
v -9.23768 -10.9573555 -3.5628033
v -9.233804 -10.780297 -3.1307738
v -2.9712842 -10.9573555 -3.5357733
v -2.967417 -10.780297 -3.1037426
v -9.194946 -10.957352 -10.850268
v -9.416684 -10.780289 -10.842712
v -9.23768 -10.9573555 -3.5628033
v -9.459409 -10.780296 -3.5552666
v -2.9285638 -10.957352 -10.823227
v -2.9324267 -10.780288 -11.255268
v -9.194946 -10.957352 -10.850268
v -9.198813 -10.7802925 -11.2823
v -2.9320946 -7.7999625 -11.219423
v -9.198501 -7.7999673 -11.246449
v -2.9324267 -10.780288 -11.255268
v -9.198813 -10.7802925 -11.2823
v -9.416357 -7.7999682 -10.806863
v -9.459409 -7.799974 -3.5552657
v -9.416684 -10.780289 -10.842712
v -9.459409 -10.780296 -3.5552666
v -9.233804 -7.7999754 -3.1307724
v -2.9674072 -7.799975 -3.1037362
v -9.233804 -10.780297 -3.1307738
v -2.967417 -10.780297 -3.1037426
v -2.7495458 -7.799974 -3.5433078
v -2.7064984 -7.7999682 -10.794917
v -2.7495458 -10.780296 -3.543316
v -2.7068207 -10.780289 -10.830767
v -4.68082 -6.7203417 -2.9166906
v -4.867765 -6.5069613 -2.8598316
v -3.8724566 -6.523217 -0.44142592
v -4.05939 -6.3098426 -0.38458633
v -2.0024843 -6.847611 -3.875251
v -2.0737877 -6.658697 -4.0824614
v -4.68082 -6.7203417 -2.9166906
v -4.7521043 -6.53143 -3.1238992
v -1.1077386 -6.659121 -1.4840866
v -0.9138629 -6.4648743 -1.5756696
v -2.0024843 -6.847611 -3.875251
v -1.8086292 -6.6533594 -3.966815
v -3.8724566 -6.523217 -0.44142592
v -3.794239 -6.304501 -0.2689302
v -1.1077386 -6.659121 -1.4840866
v -1.0295324 -6.440406 -1.3115934
v -3.7449157 -3.0435932 -0.5626161
v -0.98018855 -3.1794977 -1.6052827
v -3.794239 -6.304501 -0.2689302
v -1.0295324 -6.440406 -1.3115934
v -0.86453944 -3.203967 -1.8693568
v -1.7530929 -3.3912191 -4.2447557
v -0.9138629 -6.4648743 -1.5756696
v -1.8086292 -6.6533594 -3.966815
v -2.0182462 -3.3965564 -4.3604
v -4.696577 -3.2692893 -3.4018352
v -2.0737877 -6.658697 -4.0824614
v -4.7521043 -6.53143 -3.1238992
v -4.812228 -3.244821 -3.1377695
v -4.0100718 -3.0489268 -0.67827404
v -4.867765 -6.5069613 -2.8598316
v -4.05939 -6.3098426 -0.38458633
v -0.98018855 -3.1794977 -1.6052827
v -0.86453944 -3.203967 -1.8693568
v -1.0295324 -6.440406 -1.3115934
v -0.9138629 -6.4648743 -1.5756696
v -1.7530929 -3.3912191 -4.2447557
v -2.0182462 -3.3965564 -4.3604
v -1.8086292 -6.6533594 -3.966815
v -2.0737877 -6.658697 -4.0824614
v -4.696577 -3.2692893 -3.4018352
v -4.812228 -3.244821 -3.1377695
v -4.7521043 -6.53143 -3.1238992
v -4.867765 -6.5069613 -2.8598316
v -2.0182462 -3.3965564 -4.3604
v -1.7530929 -3.3912191 -4.2447557
v -1.9768533 -3.1525528 -4.285623
v -1.8442792 -3.1498842 -4.227802
v 6.051836 -10.086567 -12.261168
v 5.84729 -9.881985 -12.264845
v 5.569829 -10.086576 -1.1466312
v 5.3652735 -9.881996 -1.1503215
v 9.419072 -10.086568 -12.053552
v 9.422714 -9.881985 -12.258106
v 6.051836 -10.086567 -12.261168
v 6.055527 -9.881985 -12.4657135
v 9.04917 -10.086574 -0.984113
v 9.253701 -9.881995 -0.9804411
v 9.419072 -10.086568 -12.053552
v 9.623603 -9.881987 -12.049868
v 5.569829 -10.086576 -1.1466312
v 5.566138 -9.881996 -0.9420793
v 9.04917 -10.086574 -0.984113
v 9.045459 -9.881997 -0.77957076
v 5.5664353 -5.6791773 -0.95903516
v 9.045781 -5.679176 -0.79652417
v 5.566138 -9.881996 -0.9420793
v 9.045459 -9.881997 -0.77957076
v 9.254004 -5.679178 -0.99739945
v 9.623603 -5.6791663 -12.049863
v 9.253701 -9.881995 -0.9804411
v 9.623603 -9.881987 -12.049868
v 9.422714 -5.679165 -12.258094
v 6.0555077 -5.6791644 -12.465702
v 9.422714 -9.881985 -12.258106
v 6.055527 -9.881985 -12.4657135
v 5.84729 -5.679165 -12.264837
v 5.3655663 -5.6791706 -1.1672744
v 5.84729 -9.881985 -12.264845
v 5.3652735 -9.881996 -1.1503215
v 9.045781 -5.679176 -0.79652417
v 9.254004 -5.679178 -0.99739945
v 9.045459 -9.881997 -0.77957076
v 9.253701 -9.881995 -0.9804411
v 9.623603 -5.6791663 -12.049863
v 9.422714 -5.679165 -12.258094
v 9.623603 -9.881987 -12.049868
v 9.422714 -9.881985 -12.258106
v 6.0555077 -5.6791644 -12.465702
v 5.84729 -5.679165 -12.264837
v 6.055527 -9.881985 -12.4657135
v 5.84729 -9.881985 -12.264845
v 9.422714 -5.679165 -12.258094
v 9.623603 -5.6791663 -12.049863
v 9.420869 -5.441723 -12.155824
v 9.521318 -5.4417243 -12.051703
v 2.1270604 -11.589296 -4.668079
v 1.9432324 -11.410304 -4.741191
v 0.9247656 -11.589299 -1.4124398
v 0.7409326 -11.410313 -1.4855624
v 4.1763425 -11.589296 -3.8530095
v 4.321675 -11.410305 -4.2184196
v 2.1270604 -11.589296 -4.668079
v 2.2723925 -11.410304 -5.033493
v 2.9740381 -11.5893 -0.5973738
v 3.1528223 -11.410313 -0.51161206
v 4.1763425 -11.589296 -3.8530095
v 4.360161 -11.410305 -3.779892
v 0.9247656 -11.589299 -1.4124398
v 0.77940917 -11.410315 -1.0470347
v 2.9740381 -11.5893 -0.5973738
v 2.8286865 -11.410315 -0.23196365
v 0.7914648 -8.210625 -1.0773518
v 2.840752 -8.210625 -0.262278
v 0.77940917 -11.410315 -1.0470347
v 2.8286865 -11.410315 -0.23196365
v 3.164878 -8.210625 -0.54192394
v 4.360161 -8.21062 -3.779891
v 3.1528223 -11.410313 -0.51161206
v 4.360161 -11.410305 -3.779892
v 4.321665 -8.21062 -4.218416
v 2.2723925 -8.210619 -5.0334845
v 4.321675 -11.410305 -4.2184196
v 2.2723925 -11.410304 -5.033493
v 1.9432324 -8.210619 -4.74119
v 0.7529834 -8.210626 -1.5158823
v 1.9432324 -11.410304 -4.741191
v 0.7409326 -11.410313 -1.4855624
v -3.2096045 -11.072294 -12.3784895
v -3.4172802 -10.864594 -12.382106
v -3.3319385 -11.072302 -4.966179
v -3.5396142 -10.864608 -4.969798
v 3.5547948 -11.072294 -12.331335
v 3.558408 -10.864594 -12.539003
v -3.2096045 -11.072294 -12.3784895
v -3.205991 -10.864594 -12.586156
v 3.5462792 -11.072302 -4.9648733
v 3.753955 -10.864608 -4.9612637
v 3.5547948 -11.072294 -12.331335
v 3.7624512 -10.864594 -12.327718
v -3.3319385 -11.072302 -4.966179
v -3.3355615 -10.864608 -4.75851
v 3.5462792 -11.072302 -4.9648733
v 3.542666 -10.864608 -4.7572083
v -3.3352783 -7.463321 -4.7757263
v 3.5429688 -7.463328 -4.774419
v -3.3355615 -10.864608 -4.75851
v 3.542666 -10.864608 -4.7572083
v 3.7145703 -7.4633203 -4.978478
v 3.7624512 -7.463307 -12.327703
v 3.753955 -10.864608 -4.9612637
v 3.7624512 -10.864594 -12.327718
v 3.5583982 -7.463308 -12.538985
v -3.2060008 -7.463308 -12.586143
v 3.558408 -10.864594 -12.539003
v -3.205991 -10.864594 -12.586156
v -3.4172802 -7.463307 -12.382093
v -3.5393212 -7.4633203 -4.9870143
v -3.4172802 -10.864594 -12.382106
v -3.5396142 -10.864608 -4.969798
v 3.7624512 -7.463307 -12.327703
v 3.5583982 -7.463308 -12.538985
v 3.7624512 -10.864594 -12.327718
v 3.558408 -10.864594 -12.539003
v -3.2060008 -7.463308 -12.586143
v -3.4172802 -7.463307 -12.382093
v -3.205991 -10.864594 -12.586156
v -3.4172802 -10.864594 -12.382106
v 3.5583982 -7.463308 -12.538985
v 3.7624512 -7.463307 -12.327703
v 3.5566015 -7.222249 -12.435154
v 3.658623 -7.222255 -12.329512
v 4.936836 -5.496093 -6.8205857
v 5.0163074 -5.385976 -6.962276
v 1.1089679 -5.496097 -8.870967
v 1.1884396 -5.3859754 -9.01266
v 2.6521423 -5.4960966 -2.6083848
v 2.7938354 -5.3859773 -2.5289216
v 4.936836 -5.496093 -6.8205857
v 5.078525 -5.3859754 -6.741111
v -1.1757343 -5.4961047 -4.658786
v -1.2551898 -5.385982 -4.517096
v 2.6521423 -5.4960966 -2.6083848
v 2.5726745 -5.3859777 -2.4667037
v 1.1089679 -5.496097 -8.870967
v 0.9672744 -5.385978 -8.9504385
v -1.1757343 -5.4961047 -4.658786
v -1.3174157 -5.385982 -4.738253
v 0.9790317 -4.5668616 -8.943852
v -1.3056664 -4.5668626 -4.731655
v 0.9672744 -5.385978 -8.9504385
v -1.3174157 -5.385982 -4.738253
v -1.2434366 -4.5668626 -4.510502
v 2.5726745 -4.5668597 -2.466703
v -1.2551898 -5.385982 -4.517096
v 2.5726745 -5.3859777 -2.4667037
v 2.7938354 -4.5668597 -2.5289247
v 5.078525 -4.566858 -6.741118
v 2.7938354 -5.3859773 -2.5289216
v 5.078525 -5.3859754 -6.741111
v 5.0163074 -4.566858 -6.962275
v 1.200185 -4.5668607 -9.006074
v 5.0163074 -5.385976 -6.962276
v 1.1884396 -5.3859754 -9.01266
v -1.3056664 -4.5668626 -4.731655
v -1.2434366 -4.5668626 -4.510502
v -1.3174157 -5.385982 -4.738253
v -1.2551898 -5.385982 -4.517096
v 2.5726745 -4.5668597 -2.466703
v 2.7938354 -4.5668597 -2.5289247
v 2.5726745 -5.3859777 -2.4667037
v 2.7938354 -5.3859773 -2.5289216
v 5.078525 -4.566858 -6.741118
v 5.0163074 -4.566858 -6.962275
v 5.078525 -5.3859754 -6.741111
v 5.0163074 -5.385976 -6.962276
v -4.962462 -6.8271627 -3.1772628
v -4.9628773 -8.034709 -3.1321995
v -9.03566 -6.827927 -3.2236898
v -9.036071 -8.035461 -3.1786377
v -9.227116 -6.830637 -3.442253
v -9.227535 -8.038174 -3.3972032
v -9.226934 -6.8646173 -11.602719
v -9.226227 -8.07237 -11.574668
v -9.008355 -6.8668747 -11.794165
v -9.007652 -8.074629 -11.766113
v -4.9351573 -6.8661194 -11.747729
v -4.934464 -8.073874 -11.719685
v -4.7437024 -6.863408 -11.529172
v -4.743004 -8.071164 -11.50113
v -4.743878 -6.8294187 -3.368719
v -4.7443075 -8.036966 -3.3236558
v -9.03566 -6.827927 -3.2236898
v -9.036071 -8.035461 -3.1786377
v -9.227116 -6.830637 -3.442253
v -9.227535 -8.038174 -3.3972032
v -9.226934 -6.8646173 -11.602719
v -9.226227 -8.07237 -11.574668
v -9.008355 -6.8668747 -11.794165
v -9.007652 -8.074629 -11.766113
v -4.9351573 -6.8661194 -11.747729
v -4.934464 -8.073874 -11.719685
v -4.7437024 -6.863408 -11.529172
v -4.743004 -8.071164 -11.50113
v -4.94796 -8.208327 -11.512185
v -4.9492736 -8.174133 -3.334714
v -4.743004 -8.071164 -11.50113
v -4.7443075 -8.036966 -3.3236558
v -9.021153 -8.209082 -11.55862
v -4.94796 -8.208327 -11.512185
v -9.007652 -8.074629 -11.766113
v -4.934464 -8.073874 -11.719685
v -9.022457 -8.174887 -3.381152
v -9.021153 -8.209082 -11.55862
v -9.227535 -8.038174 -3.3972032
v -9.226227 -8.07237 -11.574668
v -4.9492736 -8.174133 -3.334714
v -9.022457 -8.174887 -3.381152
v -4.9628773 -8.034709 -3.1321995
v -9.036071 -8.035461 -3.1786377
v -1.5646607 -8.127683 -10.781158
v -1.5477657 -10.031086 -10.734755
v -3.72435 -8.128317 -10.781898
v -3.7256866 -10.032143 -10.741621
v -3.890865 -8.130549 -10.9815035
v -3.892214 -10.035955 -10.941228
v -3.8302062 -8.158575 -13.029522
v -3.8301685 -10.083962 -13.004406
v -3.6305819 -8.160438 -13.196032
v -3.6305559 -10.087131 -13.170916
v -1.4708933 -8.159814 -13.195288
v -1.4526379 -10.086076 -13.164064
v -1.3043704 -8.157579 -12.995688
v -1.2861215 -10.08227 -12.964464
v -1.36504 -8.129546 -10.94768
v -1.3481565 -10.03426 -10.901277
v -3.72435 -8.128317 -10.781898
v -3.7256866 -10.032143 -10.741621
v -3.890865 -8.130549 -10.9815035
v -3.892214 -10.035955 -10.941228
v -3.8302062 -8.158575 -13.029522
v -3.8301685 -10.083962 -13.004406
v -3.6305819 -8.160438 -13.196032
v -3.6305559 -10.087131 -13.170916
v -1.4708933 -8.159814 -13.195288
v -1.4526379 -10.086076 -13.164064
v -1.3043704 -8.157579 -12.995688
v -1.2861215 -10.08227 -12.964464
v -1.4691843 -10.274838 -12.978771
v -1.5312307 -10.22683 -10.915585
v -1.2861215 -10.08227 -12.964464
v -1.3481565 -10.03426 -10.901277
v -3.6471121 -10.275898 -12.985636
v -1.4691843 -10.274838 -12.978771
v -3.6305559 -10.087131 -13.170916
v -1.4526379 -10.086076 -13.164064
v -3.709146 -10.22789 -10.92245
v -3.6471121 -10.275898 -12.985636
v -3.892214 -10.035955 -10.941228
v -3.8301685 -10.083962 -13.004406
v -1.5312307 -10.22683 -10.915585
v -3.709146 -10.22789 -10.92245
v -1.5477657 -10.031086 -10.734755
v -3.7256866 -10.032143 -10.741621
v 5.5428085 -7.1679907 -13.093616
v 5.2477503 -6.8729196 -13.096858
v 5.412125 -7.1679983 -7.9186254
v 5.117057 -6.8729258 -7.9218755
v 7.211246 -7.167993 -13.019433
v 7.2144785 -6.8729186 -13.314482
v 5.5428085 -7.1679907 -13.093616
v 5.546041 -6.872918 -13.388663
v 7.080553 -7.167996 -7.84444
v 7.3756113 -6.8729258 -7.8412027
v 7.211246 -7.167993 -13.019433
v 7.506285 -6.8729224 -13.016186
v 5.412125 -7.1679983 -7.9186254
v 5.408873 -6.8729258 -7.623566
v 7.080553 -7.167996 -7.84444
v 7.077301 -6.8729258 -7.5493865
v 5.409127 -3.6061351 -7.6480308
v 7.0775843 -3.6061351 -7.573855
v 5.408873 -6.8729258 -7.623566
v 7.077301 -6.8729258 -7.5493865
v 7.3758655 -3.606134 -7.865669
v 7.506285 -3.606127 -13.0161705
v 7.3756113 -6.8729258 -7.8412027
v 7.506285 -6.8729224 -13.016186
v 7.2144785 -3.6061215 -13.314465
v 5.5460315 -3.60612 -13.388651
v 7.2144785 -6.8729186 -13.314482
v 5.546041 -6.872918 -13.388663
v 5.2477503 -3.6061232 -13.096846
v 5.1173205 -3.606134 -7.946338
v 5.2477503 -6.8729196 -13.096858
v 5.117057 -6.8729258 -7.9218755
v 7.0775843 -3.6061351 -7.573855
v 7.3758655 -3.606134 -7.865669
v 7.077301 -6.8729258 -7.5493865
v 7.3756113 -6.8729258 -7.8412027
v 7.506285 -3.606127 -13.0161705
v 7.2144785 -3.6061215 -13.314465
v 7.506285 -6.8729224 -13.016186
v 7.2144785 -6.8729186 -13.314482
v 5.5460315 -3.60612 -13.388651
v 5.2477503 -3.6061232 -13.096846
v 5.546041 -6.872918 -13.388663
v 5.2477503 -6.8729196 -13.096858
v -4.071123 -5.5704474 -5.185454
v -4.3004746 -5.275376 -5.1793504
v -4.2350307 -5.5704618 -1.2749367
v -4.4643846 -5.2753882 -1.2688423
v 1.1093506 -5.570449 -4.828082
v 1.1001965 -5.275376 -5.123
v -4.071123 -5.5704474 -5.185454
v -4.0802765 -5.275374 -5.4803696
v 0.945451 -5.5704613 -0.9175599
v 1.1747882 -5.275389 -0.92366225
v 1.1093506 -5.570449 -4.828082
v 1.338692 -5.2753778 -4.83417
v -4.2350307 -5.5704618 -1.2749367
v -4.2258806 -5.2753887 -0.98000443
v 0.945451 -5.5704613 -0.9175599
v 0.9545929 -5.275389 -0.6226338
v -4.2262073 -4.2864957 -1.0044734
v 0.9542828 -4.2864957 -0.6471095
v -4.2258806 -5.2753887 -0.98000443
v 0.9545929 -5.275389 -0.6226338
v 1.1744678 -4.286496 -0.9481349
v 1.3391315 -4.286479 -4.83417
v 1.1747882 -5.275389 -0.92366225
v 1.338692 -5.2753778 -4.83417
v 1.1006243 -4.286476 -5.1229954
v -4.079848 -4.2864785 -5.4803696
v 1.1001965 -5.275376 -5.123
v -4.0802765 -5.275374 -5.4803696
v -4.300045 -4.2864804 -5.179354
v -4.464705 -4.286496 -1.2933137
v -4.3004746 -5.275376 -5.1793504
v -4.4643846 -5.2753882 -1.2688423
v 1.3391315 -4.286479 -4.83417
v 1.1006243 -4.286476 -5.1229954
v 1.338692 -5.2753778 -4.83417
v 1.1001965 -5.275376 -5.123
v 6.1127806 -3.136777 -9.449852
v 6.1126437 -6.522074 -9.432817
v 3.9569604 -3.136777 -9.473343
v 3.9568188 -6.5220737 -9.456306
v 3.7533128 -3.136777 -9.680608
v 3.7531614 -6.5220737 -9.663573
v 3.7934985 -3.1367714 -12.349026
v 3.7935033 -6.522067 -12.34903
v 4.000764 -3.1367717 -12.552683
v 4.000764 -6.522067 -12.552687
v 6.156589 -3.1367722 -12.529192
v 6.1565795 -6.522067 -12.529198
v 6.3602414 -3.1367714 -12.321936
v 6.360232 -6.522067 -12.321939
v 6.320056 -3.136777 -9.653516
v 6.3198996 -6.5220737 -9.63648
v 3.9569604 -3.136777 -9.473343
v 3.9568188 -6.5220737 -9.456306
v 3.7533128 -3.136777 -9.680608
v 3.7531614 -6.5220737 -9.663573
v 3.7934985 -3.1367714 -12.349026
v 3.7935033 -6.522067 -12.34903
v 4.000764 -3.1367717 -12.552683
v 4.000764 -6.522067 -12.552687
v 4.033757 -6.661242 -12.34443
v 6.1547728 -6.6657815 -12.323739
v 4.000764 -6.522067 -12.552687
v 6.1565795 -6.522067 -12.529198
v 3.9909496 -6.6612473 -9.793738
v 4.033757 -6.661242 -12.34443
v 3.7531614 -6.5220737 -9.663573
v 3.7935033 -6.522067 -12.34903
v 6.047292 -6.6612473 -9.771331
v 3.9909496 -6.6612473 -9.793738
v 6.1126437 -6.522074 -9.432817
v 3.9568188 -6.5220737 -9.456306
v 3.1825879 -11.19053 -12.417626
v 2.953164 -10.895456 -12.420203
v 3.090039 -11.190543 -5.6176963
v 2.8606153 -10.89547 -5.6202807
v 5.967744 -11.19053 -12.347202
v 5.969746 -10.895456 -12.642258
v 3.1825879 -11.19053 -12.417626
v 3.1845899 -10.895456 -12.712681
v 5.875195 -11.190541 -5.5472693
v 6.1045995 -10.89547 -5.5446973
v 5.967744 -11.19053 -12.347202
v 6.1971483 -10.895459 -12.344619
v 3.090039 -11.190543 -5.6176963
v 3.0880272 -10.89547 -5.322632
v 5.875195 -11.190541 -5.5472693
v 5.8731833 -10.89547 -5.252209
v 3.088623 -8.206196 -5.347097
v 5.873799 -8.206196 -5.276677
v 3.0880272 -10.89547 -5.322632
v 5.8731833 -10.89547 -5.252209
v 6.105205 -8.206196 -5.5691624
v 6.197588 -8.206181 -12.3446
v 6.1045995 -10.89547 -5.5446973
v 6.1971483 -10.895459 -12.344619
v 5.9701757 -8.206178 -12.642236
v 3.1850195 -8.206178 -12.712664
v 5.969746 -10.895456 -12.642258
v 3.1845899 -10.895456 -12.712681
v 2.9536035 -8.206181 -12.420188
v 2.8612206 -8.206196 -5.644746
v 2.953164 -10.895456 -12.420203
v 2.8606153 -10.89547 -5.6202807
v 5.873799 -8.206196 -5.276677
v 6.105205 -8.206196 -5.5691624
v 5.8731833 -10.89547 -5.252209
v 6.1045995 -10.89547 -5.5446973
v 6.197588 -8.206181 -12.3446
v 5.9701757 -8.206178 -12.642236
v 6.1971483 -10.895459 -12.344619
v 5.969746 -10.895456 -12.642258
v 3.1850195 -8.206178 -12.712664
v 2.9536035 -8.206181 -12.420188
v 3.1845899 -10.895456 -12.712681
v 2.953164 -10.895456 -12.420203
v -1.5195395 -9.585358 -13.133165
v -1.8143051 -9.318673 -13.1331625
v -1.5195297 -9.585364 -6.027191
v -1.8143051 -9.318677 -6.0271945
v 3.4167297 -9.585358 -13.13317
v 3.4167297 -9.318669 -13.602444
v -1.5195395 -9.585358 -13.133165
v -1.5195395 -9.318669 -13.602441
v 3.4167297 -9.585364 -6.027189
v 3.7114856 -9.318677 -6.010941
v 3.4167297 -9.585358 -13.13317
v 3.7114856 -9.318673 -13.1331625
v -1.5195297 -9.585364 -6.027191
v -1.5195395 -9.31868 -5.557905
v 3.4167297 -9.585364 -6.027189
v 3.4167297 -9.31868 -5.5579076
v -1.5195493 -7.043767 -5.596831
v 3.4167297 -7.0437665 -5.5968347
v -1.5195395 -9.31868 -5.557905
v 3.4167297 -9.31868 -5.5579076
v 3.7114856 -7.043765 -6.0498667
v 3.7114856 -7.0437655 -13.133158
v 3.7114856 -9.318677 -6.010941
v 3.7114856 -9.318673 -13.1331625
v 3.41672 -7.0437655 -13.602435
v -1.5195493 -7.0437655 -13.602435
v 3.4167297 -9.318669 -13.602444
v -1.5195395 -9.318669 -13.602441
v -1.8143051 -7.0437655 -13.13316
v -1.8143148 -7.043765 -6.0661254
v -1.8143051 -9.318673 -13.1331625
v -1.8143051 -9.318677 -6.0271945
v -8.718481 -10.022073 -4.144086
v -8.968951 -9.82577 -4.1557865
v -8.940491 -10.022082 10.813302
v -9.190978 -9.825777 10.801593
v -3.109214 -10.022073 -3.8302212
v -3.0890777 -9.825769 -4.2610464
v -8.718481 -10.022073 -4.144086
v -8.698346 -9.825768 -4.5749125
v -3.3312428 -10.022082 11.127173
v -3.081473 -9.825776 11.153797
v -3.109214 -10.022073 -3.8302212
v -2.858751 -9.82577 -3.8185043
v -8.940491 -10.022082 10.813302
v -8.960641 -9.82578 11.244139
v -3.3312428 -10.022082 11.127173
v -3.3513732 -9.825779 11.558006
v -8.9589815 -5.645399 11.208405
v -3.3497043 -5.645397 11.522271
v -8.960641 -9.82578 11.244139
v -3.3513732 -9.825779 11.558006
v -3.0798037 -5.645397 11.118062
v -2.8587506 -5.6453943 -3.8185003
v -3.081473 -9.825776 11.153797
v -2.858751 -9.82577 -3.8185043
v -3.089091 -5.6453943 -4.261037
v -8.698349 -5.6453943 -4.574905
v -3.0890777 -9.825769 -4.2610464
v -8.698346 -9.825768 -4.5749125
v -8.96895 -5.6453934 -4.1557803
v -9.189314 -5.645397 10.765853
v -8.968951 -9.82577 -4.1557865
v -9.190978 -9.825777 10.801593
v -3.2191699 -11.894071 -2.9332912
v -3.4034374 -11.702328 -2.8802407
v -2.6370215 -11.894087 -0.55686414
v -2.8212938 -11.702342 -0.50381696
v -0.49772948 -11.894071 -3.6702962
v -0.55078614 -11.702325 -3.8545516
v -3.2191699 -11.894071 -2.9332912
v -3.2722216 -11.702325 -3.117546
v 0.08440918 -11.894086 -1.2938695
v 0.26866698 -11.702338 -1.3469208
v -0.49772948 -11.894071 -3.6702962
v -0.31348145 -11.702325 -3.7233407
v -2.6370215 -11.894087 -0.55686414
v -2.5839844 -11.702342 -0.37259933
v 0.08440918 -11.894086 -1.2938695
v 0.13745117 -11.70234 -1.1096061
v -2.5883887 -9.95479 -0.38786757
v 0.13307129 -9.954788 -1.1248778
v -2.5839844 -11.702342 -0.37259933
v 0.13745117 -11.70234 -1.1096061
v 0.26426268 -9.954786 -1.362188
v -0.31348145 -9.954778 -3.723319
v 0.26866698 -11.702338 -1.3469208
v -0.31348145 -11.702325 -3.7233407
v -0.55078125 -9.954775 -3.8545287
v -3.2722313 -9.954778 -3.1175237
v -0.55078614 -11.702325 -3.8545516
v -3.2722216 -11.702325 -3.117546
v -3.4034374 -9.95478 -2.8802228
v -2.8256981 -9.95479 -0.5190855
v -3.4034374 -11.702328 -2.8802407
v -2.8212938 -11.702342 -0.50381696
v 0.13307129 -9.954788 -1.1248778
v 0.26426268 -9.954786 -1.362188
v 0.13745117 -11.70234 -1.1096061
v 0.26866698 -11.702338 -1.3469208
v -0.31348145 -9.954778 -3.723319
v -0.55078125 -9.954775 -3.8545287
v -0.31348145 -11.702325 -3.7233407
v -0.55078614 -11.702325 -3.8545516
v -3.2722313 -9.954778 -3.1175237
v -3.4034374 -9.95478 -2.8802228
v -3.2722216 -11.702325 -3.117546
v -3.4034374 -11.702328 -2.8802407
v 7.0238476 -3.3372934 -9.834058
v 6.7289157 -3.0422225 -9.82443
v 7.118945 -3.3373015 -0.99861556
v 6.8240137 -3.042229 -0.98899394
v 8.693926 -3.3372958 -9.8327
v 8.684287 -3.0422213 -10.127609
v 7.0238476 -3.3372934 -9.834058
v 7.0141993 -3.0422213 -10.128964
v 8.789023 -3.337299 -0.99725324
v 9.083936 -3.042229 -1.0068858
v 8.693926 -3.3372958 -9.8327
v 8.988818 -3.042225 -9.842324
v 7.118945 -3.3373015 -0.99861556
v 7.1285644 -3.042229 -0.7036937
v 8.789023 -3.337299 -0.99725324
v 8.798633 -3.042229 -0.7023387
v 7.1277537 1.669497 -0.7281459
v 8.797852 1.669497 -0.7267958
v 7.1285644 -3.042229 -0.7036937
v 8.798633 -3.042229 -0.7023387
v 9.083125 1.6694982 -1.0313393
v 8.988828 1.6695068 -9.842306
v 9.083936 -3.042229 -1.0068858
v 8.988818 -3.042225 -9.842324
v 8.684297 1.6695129 -10.127592
v 7.0141892 1.6695129 -10.128952
v 8.684287 -3.0422213 -10.127609
v 7.0141993 -3.0422213 -10.128964
v 6.7289157 1.6695105 -9.824418
v 6.8232126 1.6694982 -1.0134449
v 6.7289157 -3.0422225 -9.82443
v 6.8240137 -3.042229 -0.98899394
v 8.797852 1.669497 -0.7267958
v 9.083125 1.6694982 -1.0313393
v 8.798633 -3.042229 -0.7023387
v 9.083936 -3.042229 -1.0068858
v 8.988828 1.6695068 -9.842306
v 8.684297 1.6695129 -10.127592
v 8.988818 -3.042225 -9.842324
v 8.684287 -3.0422213 -10.127609
v 7.0141892 1.6695129 -10.128952
v 6.7289157 1.6695105 -9.824418
v 7.0141993 -3.0422213 -10.128964
v 6.7289157 -3.0422225 -9.82443
v 3.2640429 -3.888106 1.1638921
v 3.0337305 -3.595471 1.1959552
v 3.7067626 -3.8886895 4.7233543
v 3.4764404 -3.596054 4.7554126
v 7.855957 -3.8393285 0.620247
v 7.8108983 -3.5442839 0.32861647
v 3.2640429 -3.888106 1.1638921
v 3.2189746 -3.5930614 0.87226254
v 8.298672 -3.8399105 4.179716
v 8.522793 -3.542435 4.1485143
v 7.855957 -3.8393285 0.620247
v 8.080097 -3.5418537 0.58905834
v 3.7067626 -3.8886895 4.7233543
v 3.7456493 -3.5936217 5.0158567
v 8.298672 -3.8399105 4.179716
v 8.337559 -3.5448434 4.472212
v 3.714497 -0.90449214 4.9955015
v 8.306426 -0.8557147 4.451853
v 3.7456493 -3.5936217 5.0158567
v 8.337559 -3.5448434 4.472212
v 8.49164 -0.85330623 4.1281543
v 8.052422 -0.8527185 0.5929347
v 8.522793 -3.542435 4.1485143
v 8.080097 -3.5418537 0.58905834
v 7.7832227 -0.8551489 0.33250135
v 3.1912987 -0.90392697 0.8761401
v 7.8108983 -3.5442839 0.32861647
v 3.2189746 -3.5930614 0.87226254
v 3.0060546 -0.90633786 1.1998291
v 3.445293 -0.9069256 4.735054
v 3.0337305 -3.595471 1.1959552
v 3.4764404 -3.596054 4.7554126
v 8.306426 -0.8557147 4.451853
v 8.49164 -0.85330623 4.1281543
v 8.337559 -3.5448434 4.472212
v 8.522793 -3.542435 4.1485143
v 8.052422 -0.8527185 0.5929347
v 7.7832227 -0.8551489 0.33250135
v 8.080097 -3.5418537 0.58905834
v 7.8108983 -3.5442839 0.32861647
v 3.1912987 -0.90392697 0.8761401
v 3.0060546 -0.90633786 1.1998291
v 3.2189746 -3.5930614 0.87226254
v 3.0337305 -3.595471 1.1959552
v -3.6380627 -8.084444 -3.70242
v -3.8306165 -7.8267674 -3.6470532
v -2.8164623 -8.0844555 -0.6797786
v -3.009021 -7.826778 -0.6244185
v -0.4552011 -8.084446 -4.493612
v -0.5275012 -7.826767 -4.7409277
v -3.6380627 -8.084444 -3.70242
v -3.7103636 -7.826767 -3.9497344
v 0.36640778 -8.084455 -1.4709682
v 0.55894864 -7.8267784 -1.5263329
v -0.4552011 -8.084446 -4.493612
v -0.26265165 -7.8267694 -4.5489664
v -2.8164623 -8.0844555 -0.6797786
v -2.7441626 -7.8267784 -0.43245193
v 0.36640778 -8.084455 -1.4709682
v 0.43869963 -7.826778 -1.2236451
v -2.749795 -5.478322 -0.45306778
v 0.43308043 -5.478322 -1.2442677
v -2.7441626 -7.8267784 -0.43245193
v 0.43869963 -7.826778 -1.2236451
v 0.5533209 -5.478322 -1.5469513
v -0.26228058 -5.478309 -4.5490637
v 0.55894864 -7.8267784 -1.5263329
v -0.26265165 -7.8267694 -4.5489664
v -0.52713895 -5.478307 -4.7410192
v -3.7100012 -5.478307 -3.9498303
v -0.5275012 -7.826767 -4.7409277
v -3.7103636 -7.826767 -3.9497344
v -3.8302538 -5.4783096 -3.6471515
v -3.0146496 -5.4783225 -0.64503616
v -3.8306165 -7.8267674 -3.6470532
v -3.009021 -7.826778 -0.6244185
v 0.43308043 -5.478322 -1.2442677
v 0.5533209 -5.478322 -1.5469513
v 0.43869963 -7.826778 -1.2236451
v 0.55894864 -7.8267784 -1.5263329
v -0.26228058 -5.478309 -4.5490637
v -0.52713895 -5.478307 -4.7410192
v -0.26265165 -7.8267694 -4.5489664
v -0.5275012 -7.826767 -4.7409277
v -3.7100012 -5.478307 -3.9498303
v -3.8302538 -5.4783096 -3.6471515
v -3.7103636 -7.826767 -3.9497344
v -3.8306165 -7.8267674 -3.6470532
v -7.2152195 -10.2398815 -3.6125553
v -7.3906736 -10.064196 -3.6217732
v -7.4856443 -10.23989 -0.22114517
v -7.6610885 -10.064206 -0.23037429
v -3.090747 -10.2398815 -3.3707497
v -3.0815485 -10.064194 -3.5461898
v -7.2152195 -10.2398815 -3.6125553
v -7.2060056 -10.064194 -3.787988
v -3.263589 -10.23989 -0.014721832
v -3.0881543 -10.064206 -0.0054981993
v -3.090747 -10.2398815 -3.3707497
v -2.915327 -10.064196 -3.361515
v -7.4856443 -10.23989 -0.22114517
v -7.494868 -10.064206 -0.045695342
v -3.263589 -10.23989 -0.014721832
v -3.2728221 -10.064206 0.16072036
v -7.494121 -6.718051 -0.060245514
v -3.2720556 -6.7180514 0.14617294
v -7.494868 -10.064206 -0.045695342
v -3.2728221 -10.064206 0.16072036
v -3.0873926 -6.718054 -0.020055084
v -2.915327 -6.718046 -3.3615158
v -3.0881543 -10.064206 -0.0054981993
v -2.915327 -10.064196 -3.361515
v -3.0815434 -6.7180448 -3.5461886
v -7.2060156 -6.7180457 -3.7879903
v -3.0815485 -10.064194 -3.5461898
v -7.2060056 -10.064194 -3.787988
v -7.3906736 -6.7180448 -3.621772
v -7.6603417 -6.718047 -0.24493149
v -7.3906736 -10.064196 -3.6217732
v -7.6610885 -10.064206 -0.23037429
v -3.2720556 -6.7180514 0.14617294
v -3.0873926 -6.718054 -0.020055084
v -3.2728221 -10.064206 0.16072036
v -3.0881543 -10.064206 -0.0054981993
v -2.915327 -6.718046 -3.3615158
v -3.0815434 -6.7180448 -3.5461886
v -2.915327 -10.064196 -3.361515
v -3.0815485 -10.064194 -3.5461898
v -7.2060156 -6.7180457 -3.7879903
v -7.3906736 -6.7180448 -3.621772
v -7.2060056 -10.064194 -3.787988
v -7.3906736 -10.064196 -3.6217732
v -3.0815434 -6.7180448 -3.5461886
v -2.915327 -6.718046 -3.3615158
v -3.0861676 -6.514139 -3.458465
v -3.0030565 -6.5141397 -3.3661287
v -2.736884 -9.057357 -2.2948046
v -2.7183979 -10.958684 -2.251949
v -5.1913323 -9.057955 -2.169421
v -5.190385 -10.95927 -2.131346
v -5.359413 -9.060064 -2.3485787
v -5.358466 -10.961387 -2.310505
v -5.414829 -9.086548 -5.1191893
v -5.413413 -10.988039 -5.095503
v -5.2356544 -9.088308 -5.2872605
v -5.234248 -10.989799 -5.2635756
v -2.7812207 -9.08772 -5.4126368
v -2.7622705 -10.989212 -5.3841887
v -2.6131299 -9.085608 -5.233486
v -2.5941942 -10.9871 -5.2050395
v -2.557724 -9.059116 -2.4628825
v -2.5392375 -10.960446 -2.4200325
v -5.1913323 -9.057955 -2.169421
v -5.190385 -10.95927 -2.131346
v -5.359413 -9.060064 -2.3485787
v -5.358466 -10.961387 -2.310505
v -5.414829 -9.086548 -5.1191893
v -5.413413 -10.988039 -5.095503
v -5.2356544 -9.088308 -5.2872605
v -5.234248 -10.989799 -5.2635756
v -2.7676854 -11.094013 -5.2084665
v -2.7127483 -11.067361 -2.4234629
v -2.5941942 -10.9871 -5.2050395
v -2.5392375 -10.960446 -2.4200325
v -5.2396827 -11.094602 -5.087862
v -2.7676854 -11.094013 -5.2084665
v -5.234248 -10.989799 -5.2635756
v -2.7622705 -10.989212 -5.3841887
v -5.1847258 -11.06795 -2.3028574
v -5.2396827 -11.094602 -5.087862
v -5.358466 -10.961387 -2.310505
v -5.413413 -10.988039 -5.095503
v -2.7127483 -11.067361 -2.4234629
v -5.1847258 -11.06795 -2.3028574
v -2.7183979 -10.958684 -2.251949
v -5.190385 -10.95927 -2.131346
v -8.364697 -9.015986 -11.900969
v -8.540354 -8.840301 -11.897187
v -8.383524 -9.015993 -8.498856
v -8.559167 -8.84031 -8.495083
v -3.727753 -9.015986 -11.92052
v -3.7315586 -8.840299 -12.096162
v -8.364697 -9.015986 -11.900969
v -8.368486 -8.840299 -12.076606
v -3.6518881 -9.015993 -8.560908
v -3.476251 -8.84031 -8.564688
v -3.727753 -9.015986 -11.92052
v -3.5521333 -8.840301 -11.92429
v -8.383524 -9.015993 -8.498856
v -8.379751 -8.84031 -8.323203
v -3.6518881 -9.015993 -8.560908
v -3.6481228 -8.84031 -8.385264
v -8.380075 -7.766775 -8.337766
v -3.6484323 -7.766775 -8.399824
v -8.379751 -8.84031 -8.323203
v -3.6481228 -8.84031 -8.385264
v -3.4765725 -7.766777 -8.579255
v -3.5521333 -7.76677 -11.92429
v -3.476251 -8.84031 -8.564688
v -3.5521333 -8.840301 -11.92429
v -3.7315536 -7.7667685 -12.096162
v -8.368496 -7.76677 -12.0766115
v -3.7315586 -8.840299 -12.096162
v -8.368486 -8.840299 -12.076606
v -8.540354 -7.7667685 -11.89719
v -8.5595 -7.76677 -8.50965
v -8.540354 -8.840301 -11.897187
v -8.559167 -8.84031 -8.495083
v -3.6484323 -7.766775 -8.399824
v -3.4765725 -7.766777 -8.579255
v -3.6481228 -8.84031 -8.385264
v -3.476251 -8.84031 -8.564688
v -3.5521333 -7.76677 -11.92429
v -3.7315536 -7.7667685 -12.096162
v -3.5521333 -8.840301 -11.92429
v -3.7315586 -8.840299 -12.096162
v -8.368496 -7.76677 -12.0766115
v -8.540354 -7.7667685 -11.89719
v -8.368486 -8.840299 -12.076606
v -8.540354 -8.840301 -11.897187
v -3.7315536 -7.7667685 -12.096162
v -3.5521333 -7.76677 -11.92429
v -3.7296748 -7.562864 -12.00834
v -3.6399655 -7.562864 -11.922404
v -7.5108037 -8.073959 -2.9959946
v -7.668774 -7.9011917 -2.9260097
v -6.238959 -8.073971 0.098505095
v -6.3969293 -7.901202 0.16848922
v -3.786126 -8.073958 -4.619102
v -3.8561249 -7.90119 -4.777053
v -7.5108037 -8.073959 -2.9959946
v -7.580768 -7.9011908 -3.1539514
v -2.4444723 -8.073967 -1.5990372
v -2.2865083 -7.901201 -1.6690112
v -3.786126 -8.073958 -4.619102
v -3.6281872 -7.9011917 -4.689052
v -6.238959 -8.073971 0.098505095
v -6.1689835 -7.901202 0.256483
v -2.4444723 -8.073967 -1.5990372
v -2.374498 -7.901201 -1.4410778
v -6.1748176 -4.6106143 0.2433998
v -2.3802917 -4.610615 -1.4541682
v -6.1689835 -7.901202 0.256483
v -2.374498 -7.901201 -1.4410778
v -2.2923152 -4.610616 -1.6821145
v -3.6281872 -4.610605 -4.6890516
v -2.2865083 -7.901201 -1.6690112
v -3.6281872 -7.9011917 -4.689052
v -3.8561175 -4.610604 -4.777057
v -7.580778 -4.6106057 -3.1539545
v -3.8561249 -7.90119 -4.777053
v -7.580768 -7.9011908 -3.1539514
v -7.6687737 -4.6106057 -2.926009
v -6.4027495 -4.6106105 0.15538651
v -7.668774 -7.9011917 -2.9260097
v -6.3969293 -7.901202 0.16848922
v -2.3802917 -4.610615 -1.4541682
v -2.2923152 -4.610616 -1.6821145
v -2.374498 -7.901201 -1.4410778
v -2.2865083 -7.901201 -1.6690112
v -3.6281872 -4.610605 -4.6890516
v -3.8561175 -4.610604 -4.777057
v -3.6281872 -7.9011917 -4.689052
v -3.8561249 -7.90119 -4.777053
v -7.580778 -4.6106057 -3.1539545
v -7.6687737 -4.6106057 -2.926009
v -7.580768 -7.9011908 -3.1539514
v -7.668774 -7.9011917 -2.9260097
v -3.8561175 -4.610604 -4.777057
v -3.6281872 -4.610605 -4.6890516
v -3.8211474 -4.4100847 -4.6980658
v -3.7071812 -4.4100847 -4.654068
v 5.297004 -11.069236 -13.206153
v 5.06758 -10.774165 -13.20873
v 5.2044554 -11.06925 -6.406225
v 4.975032 -10.774177 -6.4088097
v 7.8067355 -11.069238 -13.135729
v 7.8087473 -10.774165 -13.430784
v 5.297004 -11.069236 -13.206153
v 5.2990065 -10.774162 -13.501207
v 7.7141967 -11.069249 -6.335797
v 7.943591 -10.774177 -6.333225
v 7.8067355 -11.069238 -13.135729
v 8.03615 -10.774167 -13.133145
v 5.2044554 -11.06925 -6.406225
v 5.2024436 -10.774177 -6.1111608
v 7.7141967 -11.069249 -6.335797
v 7.712185 -10.774177 -6.040737
v 5.2030396 -8.084904 -6.1356225
v 7.7127905 -8.084904 -6.0652027
v 5.2024436 -10.774177 -6.1111608
v 7.712185 -10.774177 -6.040737
v 7.9441967 -8.084904 -6.357688
v 8.036579 -8.0848875 -13.133126
v 7.943591 -10.774177 -6.333225
v 8.03615 -10.774167 -13.133145
v 7.809177 -8.084885 -13.430762
v 5.299436 -8.084885 -13.50119
v 7.8087473 -10.774165 -13.430784
v 5.2990065 -10.774162 -13.501207
v 5.06802 -8.0848875 -13.2087145
v 4.975637 -8.084904 -6.4332714
v 5.06758 -10.774165 -13.20873
v 4.975032 -10.774177 -6.4088097
v 7.7127905 -8.084904 -6.0652027
v 7.9441967 -8.084904 -6.357688
v 7.712185 -10.774177 -6.040737
v 7.943591 -10.774177 -6.333225
v 8.036579 -8.0848875 -13.133126
v 7.809177 -8.084885 -13.430762
v 8.03615 -10.774167 -13.133145
v 7.8087473 -10.774165 -13.430784
v 6.2424607 -6.42751 -10.170256
v 6.241103 -8.3944435 -10.13092
v 2.477246 -6.428177 -10.258728
v 2.4758887 -8.3951 -10.219404
v 2.3149219 -6.430544 -10.453801
v 2.3135498 -8.3974695 -10.414477
v 2.3762255 -6.4602227 -12.862605
v 2.376211 -8.427336 -12.838097
v 2.5713134 -6.4621944 -13.024908
v 2.5713036 -8.429308 -13.000402
v 6.3365235 -6.461535 -12.936429
v 6.3365135 -8.428649 -12.911926
v 6.4988475 -6.4591665 -12.741365
v 6.498828 -8.426283 -12.7168665
v 6.437539 -6.4294806 -10.332573
v 6.4361715 -8.396415 -10.29324
v 2.477246 -6.428177 -10.258728
v 2.4758887 -8.3951 -10.219404
v 2.3149219 -6.430544 -10.453801
v 2.3135498 -8.3974695 -10.414477
v 6.3365235 -6.461535 -12.936429
v 6.3365135 -8.428649 -12.911926
v 6.4988475 -6.4591665 -12.741365
v 6.498828 -8.426283 -12.7168665
v 6.3201365 -8.546077 -12.731059
v 6.2574606 -8.516213 -10.307431
v 6.498828 -8.426283 -12.7168665
v 6.4361715 -8.396415 -10.29324
v 2.554912 -8.546737 -12.819543
v 6.3201365 -8.546077 -12.731059
v 2.5713036 -8.429308 -13.000402
v 6.3365135 -8.428649 -12.911926
v 2.492251 -8.516871 -10.395918
v 2.554912 -8.546737 -12.819543
v 2.3135498 -8.3974695 -10.414477
v 2.376211 -8.427336 -12.838097
v 6.2574606 -8.516213 -10.307431
v 2.492251 -8.516871 -10.395918
v 6.241103 -8.3944435 -10.13092
v 2.4758887 -8.3951 -10.219404
v 0.25094453 -5.5817723 -9.895658
v 0.2501828 -6.772611 -9.858803
v -2.2160213 -5.5823975 -9.944051
v -2.216777 -6.7732263 -9.907211
v -2.3705819 -5.5846133 -10.12461
v -2.3713424 -6.7754455 -10.087768
v -2.3446872 -5.6124096 -12.381206
v -2.3443778 -6.8034177 -12.358254
v -2.1641164 -5.6142564 -12.535756
v -2.1638124 -6.805265 -12.512802
v 0.30283782 -5.613639 -12.487346
v 0.3031381 -6.804647 -12.464405
v 0.4573935 -5.6114206 -12.306802
v 0.45769867 -6.8024316 -12.283857
v 0.4315146 -5.583618 -10.050215
v 0.43073454 -6.774458 -10.013365
v -2.2160213 -5.5823975 -9.944051
v -2.216777 -6.7732263 -9.907211
v -2.3705819 -5.5846133 -10.12461
v -2.3713424 -6.7754455 -10.087768
v 0.30283782 -5.613639 -12.487346
v 0.3031381 -6.804647 -12.464405
v 0.4573935 -5.6114206 -12.306802
v 0.45769867 -6.8024316 -12.283857
v 0.2901669 -6.9146276 -12.29481
v 0.26319182 -6.8866577 -10.02432
v 0.45769867 -6.8024316 -12.283857
v 0.43073454 -6.774458 -10.013365
v -2.1767874 -6.915244 -12.343218
v 0.2901669 -6.9146276 -12.29481
v -2.1638124 -6.805265 -12.512802
v 0.3031381 -6.804647 -12.464405
v -2.2037532 -6.887274 -10.072729
v -2.1767874 -6.915244 -12.343218
v -2.3713424 -6.7754455 -10.087768
v -2.3443778 -6.8034177 -12.358254
v 0.26319182 -6.8866577 -10.02432
v -2.2037532 -6.887274 -10.072729
v 0.2501828 -6.772611 -9.858803
v -2.216777 -6.7732263 -9.907211
v -3.6405663 -7.1192894 -9.287553
v -3.6409814 -8.142643 -9.24249
v -7.7137647 -7.120054 -9.33398
v -7.7141747 -8.143395 -9.288927
v -7.9052196 -7.1227636 -9.552543
v -7.9056396 -8.146109 -9.507493
v -7.905039 -7.156743 -12.311471
v -7.9043307 -8.180305 -12.283419
v -7.68646 -7.1590014 -12.502916
v -7.6857567 -8.182562 -12.474864
v -3.6132617 -7.1582456 -12.45648
v -3.6125684 -8.1818075 -12.428436
v -3.4218066 -7.1555347 -12.237924
v -3.4211082 -8.179099 -12.209882
v -3.4219823 -7.1215453 -9.47901
v -3.422412 -8.144901 -9.433946
v -7.7137647 -7.120054 -9.33398
v -7.7141747 -8.143395 -9.288927
v -7.9052196 -7.1227636 -9.552543
v -7.9056396 -8.146109 -9.507493
v -3.6260643 -8.316261 -12.220936
v -3.6273777 -8.282067 -9.445005
v -3.4211082 -8.179099 -12.209882
v -3.422412 -8.144901 -9.433946
v -7.699258 -8.317017 -12.267371
v -3.6260643 -8.316261 -12.220936
v -7.6857567 -8.182562 -12.474864
v -3.6125684 -8.1818075 -12.428436
v -7.7005615 -8.282821 -9.491444
v -7.699258 -8.317017 -12.267371
v -7.9056396 -8.146109 -9.507493
v -7.9043307 -8.180305 -12.283419
v -3.6273777 -8.282067 -9.445005
v -7.7005615 -8.282821 -9.491444
v -3.6409814 -8.142643 -9.24249
v -7.7141747 -8.143395 -9.288927
v -2.8472722 -8.166579 -9.212799
v -2.8295965 -10.423728 -9.172969
v -5.6592083 -8.167138 -9.021877
v -5.6579504 -10.424274 -8.986344
v -5.8178163 -8.169107 -9.187511
v -5.8165684 -10.426252 -9.151977
v -5.9250116 -8.193832 -11.544002
v -5.9234557 -10.451133 -11.521896
v -5.7593603 -8.195476 -11.702607
v -5.757821 -10.452776 -11.6805
v -2.9474185 -8.194925 -11.893522
v -2.9294722 -10.452229 -11.867141
v -2.7888107 -8.192954 -11.727893
v -2.7708642 -10.450256 -11.701513
v -2.6816258 -8.168221 -9.371412
v -2.6639612 -10.425373 -9.331584
v -5.6592083 -8.167138 -9.021877
v -5.6579504 -10.424274 -8.986344
v -5.8178163 -8.169107 -9.187511
v -5.8165684 -10.426252 -9.151977
v -5.9250116 -8.193832 -11.544002
v -5.9234557 -10.451133 -11.521896
v -5.7593603 -8.195476 -11.702607
v -5.757821 -10.452776 -11.6805
v -2.9474185 -8.194925 -11.893522
v -2.9294722 -10.452229 -11.867141
v -2.7888107 -8.192954 -11.727893
v -2.7708642 -10.450256 -11.701513
v -2.9328532 -10.550066 -11.703053
v -2.8259552 -10.525182 -9.33313
v -2.7708642 -10.450256 -11.701513
v -2.6639612 -10.425373 -9.331584
v -5.761207 -10.550612 -11.516425
v -2.9328532 -10.550066 -11.703053
v -5.757821 -10.452776 -11.6805
v -2.9294722 -10.452229 -11.867141
v -5.654309 -10.525731 -9.146499
v -5.761207 -10.550612 -11.516425
v -5.8165684 -10.426252 -9.151977
v -5.9234557 -10.451133 -11.521896
v -2.8259552 -10.525182 -9.33313
v -5.654309 -10.525731 -9.146499
v -2.8295965 -10.423728 -9.172969
v -5.6579504 -10.424274 -8.986344
v -5.3674755 -8.5128565 -7.104807
v -5.499033 -8.35137 -7.1984825
v -7.552397 -8.512866 -3.9277546
v -7.6839542 -8.351379 -4.0214353
v -2.2873778 -8.512856 -4.8832803
v -2.1937304 -8.351368 -5.0148387
v -5.3674755 -8.5128565 -7.104807
v -5.2738085 -8.35137 -7.236341
v -4.379184 -8.512866 -1.6855655
v -4.247646 -8.351381 -1.591896
v -2.2873778 -8.512856 -4.8832803
v -2.155869 -8.35137 -4.7896137
v -7.552397 -8.512866 -3.9277546
v -7.6460834 -8.351379 -3.7962124
v -4.379184 -8.512866 -1.6855655
v -4.472851 -8.351381 -1.5540286
v -7.638344 -7.6410522 -3.807136
v -4.465092 -7.641053 -1.5649247
v -7.6460834 -8.351379 -3.7962124
v -4.472851 -8.351381 -1.5540286
v -4.239877 -7.6410546 -1.6028084
v -2.155869 -7.6410437 -4.789613
v -4.247646 -8.351381 -1.591896
v -2.155869 -8.35137 -4.7896137
v -2.1937206 -7.641042 -5.0148277
v -5.2738085 -7.6410437 -7.236346
v -2.1937304 -8.351368 -5.0148387
v -5.2738085 -8.35137 -7.236341
v -5.499033 -7.6410437 -7.198482
v -7.6761956 -7.6410484 -4.032356
v -5.499033 -8.35137 -7.1984825
v -7.6839542 -8.351379 -4.0214353
v -4.465092 -7.641053 -1.5649247
v -4.239877 -7.6410546 -1.6028084
v -4.472851 -8.351381 -1.5540286
v -4.247646 -8.351381 -1.591896
v -2.155869 -7.6410437 -4.789613
v -2.1937206 -7.641042 -5.0148277
v -2.155869 -8.35137 -4.7896137
v -2.1937304 -8.351368 -5.0148387
v -5.2738085 -7.6410437 -7.236346
v -5.499033 -7.6410437 -7.198482
v -5.2738085 -8.35137 -7.236341
v -5.499033 -8.35137 -7.1984825
v -2.1937206 -7.641042 -5.0148277
v -2.155869 -7.6410437 -4.789613
v -2.240576 -7.453618 -4.9490685
v -2.2216454 -7.453618 -4.836461
v 7.3241014 5.079934 0.55261123
v 7.324082 3.7787864 0.5768959
v -2.8265624 5.079934 0.5526137
v -2.8265479 3.7787864 0.5769008
v -3.1469042 5.079934 0.2598744
v -3.1469066 3.7787864 0.2841591
v -3.1469042 5.0799456 -11.113005
v -3.1469042 3.778803 -11.113011
v -2.826555 5.079952 -11.405732
v -2.8265624 3.778809 -11.405741
v 7.324082 5.079952 -11.405736
v 7.3240623 3.778809 -11.405741
v 7.6444335 5.0799456 -11.113007
v 7.6444335 3.778803 -11.113016
v 7.644443 5.079934 0.2598744
v 7.644443 3.7787864 0.2841591
v -2.8265624 5.079934 0.5526137
v -2.8265479 3.7787864 0.5769008
v -3.1469042 5.079934 0.2598744
v -3.1469066 3.7787864 0.2841591
v -3.1469042 5.0799456 -11.113005
v -3.1469042 3.778803 -11.113011
v -2.826555 5.079952 -11.405732
v -2.8265624 3.778809 -11.405741
v 7.324082 5.079952 -11.405736
v 7.3240623 3.778809 -11.405741
v 7.6444335 5.0799456 -11.113007
v 7.6444335 3.778803 -11.113016
v 7.3240623 3.4584477 -11.113017
v 7.324072 3.45843 0.28415877
v 7.6444335 3.778803 -11.113016
v 7.644443 3.7787864 0.2841591
v -2.8265772 3.4584477 -11.113012
v 7.3240623 3.4584477 -11.113017
v -2.8265624 3.778809 -11.405741
v 7.3240623 3.778809 -11.405741
v 7.324072 3.45843 0.28415877
v -2.8265502 3.45843 0.28416365
v 7.324082 3.7787864 0.5768959
v -2.8265479 3.7787864 0.5769008
v 7.1202087 10.602323 5.645109
v 7.122456 -2.335228 5.690117
v 0.43541014 10.601556 5.9410586
v 0.43766662 -2.335985 5.9860597
v 0.23136474 10.598846 5.7342057
v 0.23361084 -2.3386998 5.779199
v -0.3234741 10.564858 -2.1352577
v -0.32110655 -2.3728707 -2.107301
v -0.11659912 10.562597 -2.3392982
v -0.11423828 -2.3751287 -2.3113403
v 6.5681963 10.563351 -2.635243
v 6.5705504 -2.3743694 -2.6072888
v 6.772246 10.566061 -2.4283924
v 6.774598 -2.3716595 -2.4004407
v 7.327082 10.600064 5.4410586
v 7.32932 -2.3374863 5.486067
v 0.43541014 10.601556 5.9410586
v 0.43766662 -2.335985 5.9860597
v 0.23136474 10.598846 5.7342057
v 0.23361084 -2.3386998 5.779199
v -0.3234741 10.564858 -2.1352577
v -0.32110655 -2.3728707 -2.107301
v -0.11659912 10.562597 -2.3392982
v -0.11423828 -2.3751287 -2.3113403
v 6.569347 -2.5088227 -2.3993566
v 7.1240587 -2.4746544 5.4871507
v 6.774598 -2.3716595 -2.4004407
v 7.32932 -2.3374863 5.486067
v -0.115448 -2.5095797 -2.1034105
v 6.569347 -2.5088227 -2.3993566
v -0.11423828 -2.3751287 -2.3113403
v 6.5705504 -2.3743694 -2.6072888
v 0.43927854 -2.4754088 5.7830954
v -0.115448 -2.5095797 -2.1034105
v 0.23361084 -2.3386998 5.779199
v -0.32110655 -2.3728707 -2.107301
v 7.1240587 -2.4746544 5.4871507
v 0.43927854 -2.4754088 5.7830954
v 7.122456 -2.335228 5.690117
v 0.43766662 -2.335985 5.9860597
v 5.213962 7.6372375 0.787879
v 5.2141986 5.012926 0.8216894
v 2.266294 7.6366663 0.8010254
v 2.2665374 5.0123644 0.83482784
v 2.1199846 7.6346297 0.639387
v 2.1202216 5.0103235 0.67318845
v 1.9341534 7.596865 -4.3238373
v 1.9350256 4.9723973 -4.3028016
v 2.0958025 7.5951705 -4.470137
v 2.0966723 4.970708 -4.449103
v 5.0434704 7.595736 -4.483276
v 5.0443354 4.9712744 -4.4622464
v 5.1897798 7.597773 -4.321643
v 5.1906443 4.9733057 -4.3006153
v 5.3756127 7.635548 0.64157027
v 5.3758426 5.0112367 0.6753821
v 2.266294 7.6366663 0.8010254
v 2.2665374 5.0123644 0.83482784
v 2.1199846 7.6346297 0.639387
v 2.1202216 5.0103235 0.67318845
v 1.9341534 7.596865 -4.3238373
v 1.9350256 4.9723973 -4.3028016
v 2.0958025 7.5951705 -4.470137
v 2.0966723 4.970708 -4.449103
v 5.036742 4.8703856 -4.306407
v 5.2219315 4.908312 0.6695892
v 5.1906443 4.9733057 -4.3006153
v 5.3758426 5.0112367 0.6753821
v 2.0890758 4.869824 -4.2932673
v 5.036742 4.8703856 -4.306407
v 2.0966723 4.970708 -4.449103
v 5.0443354 4.9712744 -4.4622464
v 2.2742736 4.9077406 0.68272644
v 2.0890758 4.869824 -4.2932673
v 2.1202216 5.0103235 0.67318845
v 1.9350256 4.9723973 -4.3028016
v 5.2219315 4.908312 0.6695892
v 2.2742736 4.9077406 0.68272644
v 5.2141986 5.012926 0.8216894
v 2.2665374 5.0123644 0.83482784
v 5.460761 4.9379077 -9.756763
v 5.4600797 3.2805212 -9.74132
v 2.1915405 4.937913 -9.829256
v 2.1907325 3.2805219 -9.810178
v 1.9741735 4.937913 -10.030748
v 1.9734973 3.2805266 -10.015295
v 2.0598645 4.9379315 -12.315576
v 2.0598645 3.2805438 -12.315575
v 2.2935655 4.9379315 -12.486565
v 2.2935655 3.2805438 -12.486569
v 5.5627775 4.9379315 -12.414077
v 5.5627775 3.2805438 -12.414076
v 5.780158 4.9379315 -12.212598
v 5.780137 3.2805438 -12.212598
v 5.69446 4.9379125 -9.927767
v 5.6937776 3.2805235 -9.912318
v 2.1915405 4.937913 -9.829256
v 2.1907325 3.2805219 -9.810178
v 1.9741735 4.937913 -10.030748
v 1.9734973 3.2805266 -10.015295
v 2.0598645 4.9379315 -12.315576
v 2.0598645 3.2805438 -12.315575
v 2.2935655 4.9379315 -12.486565
v 2.2935655 3.2805438 -12.486569
v 5.5627775 4.9379315 -12.414077
v 5.5627775 3.2805438 -12.414076
v 5.780158 4.9379315 -12.212598
v 5.780137 3.2805438 -12.212598
v 5.554603 3.0810504 -12.227844
v 5.468223 3.0810328 -9.927566
v 5.780137 3.2805438 -12.212598
v 5.6937776 3.2805235 -9.912318
v 2.2853918 3.0810504 -12.300333
v 5.554603 3.0810504 -12.227844
v 2.2935655 3.2805438 -12.486569
v 5.5627775 3.2805438 -12.414076
v 2.1990318 3.0810332 -10.000049
v 2.2853918 3.0810504 -12.300333
v 1.9734973 3.2805266 -10.015295
v 2.0598645 3.2805438 -12.315575
v 5.468223 3.0810328 -9.927566
v 2.1990318 3.0810332 -10.000049
v 5.4600797 3.2805212 -9.74132
v 2.1907325 3.2805219 -9.810178
v 9.106416 11.707105 -0.57145214
v 9.102841 6.0873046 -0.5521428
v 6.205713 11.706914 -0.99869704
v 6.202147 6.0868406 -0.979384
v 6.0982647 11.706762 -1.207137
v 6.0946965 6.0864844 -1.187823
v 6.353545 11.70378 -3.983712
v 6.3529696 6.079244 -3.9787066
v 6.5331798 11.703663 -4.1202507
v 6.5326047 6.078956 -4.1152477
v 9.433877 11.703858 -3.69301
v 9.433299 6.07942 -3.688006
v 9.541335 11.703999 -3.484582
v 9.540745 6.0797753 -3.4795752
v 9.286051 11.706987 -0.7080037
v 9.282477 6.0870166 -0.6886894
v 6.205713 11.706914 -0.99869704
v 6.202147 6.0868406 -0.979384
v 6.0982647 11.706762 -1.207137
v 6.0946965 6.0864844 -1.187823
v 6.353545 11.70378 -3.983712
v 6.3529696 6.079244 -3.9787066
v 6.5331798 11.703663 -4.1202507
v 6.5326047 6.078956 -4.1152477
v 9.433877 11.703858 -3.69301
v 9.433299 6.07942 -3.688006
v 9.541335 11.703999 -3.484582
v 9.540745 6.0797753 -3.4795752
v 9.397161 5.868042 -3.5151348
v 9.138876 5.8752832 -0.7242512
v 9.540745 6.0797753 -3.4795752
v 9.282477 6.0870166 -0.6886894
v 6.496463 5.867584 -3.9423766
v 9.397161 5.868042 -3.5151348
v 6.5326047 6.078956 -4.1152477
v 9.433299 6.07942 -3.688006
v 6.238193 5.8748193 -1.1514863
v 6.496463 5.867584 -3.9423766
v 6.0946965 6.0864844 -1.187823
v 6.3529696 6.079244 -3.9787066
v 9.138876 5.8752832 -0.7242512
v 6.238193 5.8748193 -1.1514863
v 9.102841 6.0873046 -0.5521428
v 6.202147 6.0868406 -0.979384
v 7.2807713 10.311081 -0.20509109
v 7.279243 0.4383374 -0.18970871
v 4.7928076 10.311087 -0.41462478
v 4.7909513 0.4383374 -0.39562422
v 4.586841 10.311087 -0.62776107
v 4.5853167 0.43834716 -0.6123707
v 4.631457 10.311102 -10.765407
v 4.6314564 0.43836913 -10.765407
v 4.874202 10.311102 -10.923297
v 4.874202 0.43837035 -10.9233
v 7.362157 10.311102 -10.713768
v 7.362158 0.43836913 -10.713768
v 7.568137 10.311102 -10.500649
v 7.568115 0.43836913 -10.500647
v 7.5235143 10.311087 -0.36299393
v 7.5219836 0.43834227 -0.34760666
v 4.7928076 10.311087 -0.41462478
v 4.7909513 0.4383374 -0.39562422
v 4.586841 10.311087 -0.62776107
v 4.5853167 0.43834716 -0.6123707
v 4.631457 10.311102 -10.765407
v 4.6314564 0.43836913 -10.765407
v 4.874202 10.311102 -10.923297
v 4.874202 0.43837035 -10.9233
v 7.362157 10.311102 -10.713768
v 7.362158 0.43836913 -10.713768
v 7.568137 10.311102 -10.500649
v 7.568115 0.43836913 -10.500647
v 7.343761 0.11481476 -10.528264
v 7.2976084 0.114792176 -0.3752275
v 7.568115 0.43836913 -10.500647
v 7.5219836 0.43834227 -0.34760666
v 4.8558054 0.11481476 -10.737794
v 7.343761 0.11481476 -10.528264
v 4.874202 0.43837035 -10.9233
v 7.362158 0.43836913 -10.713768
v 4.809674 0.11479248 -0.58475477
v 4.8558054 0.11481476 -10.737794
v 4.5853167 0.43834716 -0.6123707
v 4.6314564 0.43836913 -10.765407
v 7.2976084 0.114792176 -0.3752275
v 4.809674 0.11479248 -0.58475477
v 7.279243 0.4383374 -0.18970871
v 4.7909513 0.4383374 -0.39562422
v 6.777072 4.1854978 -2.6350336
v 6.7423186 1.8069775 -2.6400104
v 3.089005 4.2220874 -2.6071112
v 3.0542028 1.8435351 -2.6080694
v 2.843495 4.225928 -2.8244817
v 2.8087475 1.8474096 -2.829456
v 2.8806336 4.241758 -13.095707
v 2.846245 1.8633521 -13.117782
v 3.1348126 4.2404737 -13.290752
v 3.1004236 1.8620672 -13.312834
v 6.8228693 4.2038913 -13.318679
v 6.7884803 1.8254852 -13.340755
v 7.068393 4.2000513 -13.101322
v 7.0339804 1.8216504 -13.123398
v 7.031248 4.184216 -2.8300934
v 6.996493 1.8056958 -2.8350677
v 3.089005 4.2220874 -2.6071112
v 3.0542028 1.8435351 -2.6080694
v 2.843495 4.225928 -2.8244817
v 2.8087475 1.8474096 -2.829456
v 2.8806336 4.241758 -13.095707
v 2.846245 1.8633521 -13.117782
v 3.1348126 4.2404737 -13.290752
v 3.1004236 1.8620672 -13.312834
v 6.8228693 4.2038913 -13.318679
v 6.7884803 1.8254852 -13.340755
v 7.068393 4.2000513 -13.101322
v 7.0339804 1.8216504 -13.123398
v 6.7805686 1.4662476 -13.136847
v 6.743059 1.450299 -2.8485162
v 7.0339804 1.8216504 -13.123398
v 6.996493 1.8056958 -2.8350677
v 3.0925133 1.5028296 -13.108918
v 6.7805686 1.4662476 -13.136847
v 3.1004236 1.8620672 -13.312834
v 6.7884803 1.8254852 -13.340755
v 3.0550244 1.4868823 -2.8205876
v 3.0925133 1.5028296 -13.108918
v 2.8087475 1.8474096 -2.829456
v 2.846245 1.8633521 -13.117782
v 6.743059 1.450299 -2.8485162
v 3.0550244 1.4868823 -2.8205876
v 6.7423186 1.8069775 -2.6400104
v 3.0542028 1.8435351 -2.6080694
v 8.851467 0.86598873 -2.0598333
v 8.85144 -3.6456573 -2.0375028
v 5.1204953 0.8659924 -2.0161474
v 5.1103067 -3.6456585 -1.959717
v 4.894786 0.86598754 -2.2945604
v 4.894765 -3.6456585 -2.2722158
v 4.7883387 0.86599547 -12.6498165
v 4.788339 -3.6456356 -12.6498165
v 5.0145884 0.86599547 -12.91008
v 5.0145874 -3.6456404 -12.910085
v 8.745549 0.86600035 -12.953776
v 8.745549 -3.6456356 -12.953774
v 8.9712715 0.86600035 -12.675378
v 8.971252 -3.6456356 -12.675378
v 9.077712 0.86598873 -2.3201163
v 9.077685 -3.6456573 -2.2977762
v 4.7883387 0.86599547 -12.6498165
v 4.788339 -3.6456356 -12.6498165
v 5.0145884 0.86599547 -12.91008
v 5.0145874 -3.6456404 -12.910085
v 8.745549 0.86600035 -12.953776
v 8.745549 -3.6456356 -12.953774
v 8.9712715 0.86600035 -12.675378
v 8.971252 -3.6456356 -12.675378
v 8.745274 -3.9691904 -12.684444
v 8.8516865 -3.969207 -2.3068435
v 8.971252 -3.6456356 -12.675378
v 9.077685 -3.6456573 -2.2977762
v 5.0143113 -3.9691904 -12.640753
v 8.745274 -3.9691904 -12.684444
v 5.0145874 -3.6456404 -12.910085
v 8.745549 -3.6456356 -12.953774
v 5.1207447 -3.9692132 -2.263146
v 5.0143113 -3.9691904 -12.640753
v 4.894765 -3.6456585 -2.2722158
v 4.788339 -3.6456356 -12.6498165
v 10.013242 11.3016405 -8.825419
v 10.036201 6.790011 -8.834629
v 6.0629253 11.280967 -8.658344
v 6.072314 6.7889657 -8.626926
v 5.8286276 11.281699 -8.929569
v 5.8515916 6.7700644 -8.93877
v 5.6137657 11.351909 -11.649693
v 5.636052 6.840444 -11.681228
v 5.8317685 11.354854 -11.9168825
v 5.8540545 6.843384 -11.948425
v 9.782075 11.375542 -12.083966
v 9.804362 6.8640723 -12.1155
v 10.016386 11.3748045 -11.812757
v 10.0386505 6.8633347 -11.844292
v 10.231241 11.3045845 -9.092627
v 10.254199 6.7929554 -9.101831
v 5.6137657 11.351909 -11.649693
v 5.636052 6.840444 -11.681228
v 5.8317685 11.354854 -11.9168825
v 5.8540545 6.843384 -11.948425
v 9.782075 11.375542 -12.083966
v 9.804362 6.8640723 -12.1155
v 10.016386 11.3748045 -11.812757
v 10.0386505 6.8633347 -11.844292
v 9.8141 6.5386863 -11.848564
v 10.029628 6.468312 -9.106104
v 10.0386505 6.8633347 -11.844292
v 10.254199 6.7929554 -9.101831
v 5.8637924 6.518003 -11.681484
v 9.8141 6.5386863 -11.848564
v 5.8540545 6.843384 -11.948425
v 9.804362 6.8640723 -12.1155
v 6.0793405 6.4476233 -8.939021
v 5.8637924 6.518003 -11.681484
v 5.8515916 6.7700644 -8.93877
v 5.636052 6.840444 -11.681228
v 10.029628 6.468312 -9.106104
v 6.0793405 6.4476233 -8.939021
v 10.036201 6.790011 -8.834629
v 6.072314 6.7889657 -8.626926
v 8.908687 6.4126854 -9.945731
v 8.906873 0.80409664 -9.92271
v 6.4448743 6.41269 -9.88436
v 6.44307 0.80409664 -9.861332
v 6.2345624 6.4126854 -10.189284
v 6.232752 0.8040973 -10.166254
v 6.1762185 6.4127073 -13.328484
v 6.1762195 0.80415344 -13.328484
v 6.430159 6.4127073 -13.578574
v 6.4301596 0.80415344 -13.578576
v 9.046614 6.4127097 -13.608022
v 9.046614 0.8041559 -13.608019
v 9.256938 6.4127097 -13.303112
v 9.256921 0.8041559 -13.303109
v 9.1626215 6.4126854 -10.195838
v 9.160808 0.8040973 -10.172812
v 6.1762185 6.4127073 -13.328484
v 6.1762195 0.80415344 -13.328484
v 6.430159 6.4127073 -13.578574
v 6.4301596 0.80415344 -13.578576
v 9.046614 6.4127097 -13.608022
v 9.046614 0.8041559 -13.608019
v 9.256938 6.4127097 -13.303112
v 9.256921 0.8041559 -13.303109
v 9.024793 0.46976134 -13.330524
v 8.928662 0.46970764 -10.200225
v 9.256921 0.8041559 -13.303109
v 9.160808 0.8040973 -10.172812
v 6.4083385 0.4697589 -13.301075
v 9.024793 0.46976134 -13.330524
v 6.4301596 0.80415344 -13.578576
v 9.046614 0.8041559 -13.608019
v 6.46488 0.46970275 -10.138841
v 6.4083385 0.4697589 -13.301075
v 6.232752 0.8040973 -10.166254
v 6.1762195 0.80415344 -13.328484
v 8.928662 0.46970764 -10.200225
v 6.46488 0.46970275 -10.138841
v 8.906873 0.80409664 -9.92271
v 6.44307 0.80409664 -9.861332
v 10.033237 11.114877 9.807552
v 10.034133 3.3480742 9.830968
v 5.120433 11.114651 10.228792
v 5.121338 3.3475275 10.252213
v 4.94073 11.114471 10.014219
v 4.9416337 3.3470976 10.037645
v 4.09226 11.110918 -1.6741688
v 4.0929008 3.3384619 -1.6681908
v 4.2656713 11.110776 -1.8802009
v 4.280522 3.3381212 -1.8642786
v 9.220056 11.111001 -2.138083
v 9.220695 3.338668 -2.1321094
v 9.399768 11.1111765 -1.923528
v 9.400391 3.3390977 -1.9175488
v 10.206645 11.114735 9.601505
v 10.207542 3.3477373 9.624926
v 5.120433 11.114651 10.228792
v 5.121338 3.3475275 10.252213
v 4.94073 11.114471 10.014219
v 4.9416337 3.3470976 10.037645
v 9.220056 11.111001 -2.138083
v 9.220695 3.338668 -2.1321094
v 9.399768 11.1111765 -1.923528
v 9.400391 3.3390977 -1.9175488
v 9.223886 3.0863976 -1.9213532
v 10.031018 3.0950322 9.621121
v 9.400391 3.3390977 -1.9175488
v 10.207542 3.3477373 9.624926
v 4.283711 3.0858448 -1.6535225
v 9.223886 3.0863976 -1.9213532
v 4.280522 3.3381212 -1.8642786
v 9.220695 3.338668 -2.1321094
v 5.1182404 3.0944805 10.042372
v 4.283711 3.0858448 -1.6535225
v 4.9416337 3.3470976 10.037645
v 4.0929008 3.3384619 -1.6681908
v 10.031018 3.0950322 9.621121
v 5.1182404 3.0944805 10.042372
v 10.034133 3.3480742 9.830968
v 5.121338 3.3475275 10.252213
v 4.5026097 2.0090728 -13.8243065
v 4.363762 2.0090477 -10.180492
v 4.4869456 0.30657044 -13.824904
v 4.3480954 0.30654296 -10.18109
v 4.5436964 2.0090477 -9.956572
v 10.043427 2.0090575 -9.850353
v 4.52803 0.3065454 -9.957166
v 10.043427 0.3201245 -9.850355
v 10.24126 2.0090575 -10.059947
v 10.380097 2.0090728 -13.703754
v 10.241255 0.32012695 -10.059943
v 10.380107 0.32013732 -13.703754
v 10.200186 2.0090752 -13.927678
v 4.700444 2.0090728 -14.033898
v 10.200175 0.3201422 -13.9276705
v 4.684773 0.306568 -14.03449
v 4.363762 2.0090477 -10.180492
v 4.5436964 2.0090477 -9.956572
v 4.3480954 0.30654296 -10.18109
v 4.52803 0.3065454 -9.957166
v 10.043427 2.0090575 -9.850353
v 10.24126 2.0090575 -10.059947
v 10.043427 0.3201245 -9.850355
v 10.241255 0.32012695 -10.059943
v 10.380097 2.0090728 -13.703754
v 10.200186 2.0090752 -13.927678
v 10.380107 0.32013732 -13.703754
v 10.200175 0.3201422 -13.9276705
v 10.052382 0.1308203 -10.067102
v 10.241255 0.32012695 -10.059943
v 10.191225 0.13083556 -13.710922
v 10.380107 0.32013732 -13.703754
v -3.235879 4.9260607 -8.384762
v -0.5058984 4.9873204 -8.338666
v -3.2372386 4.4618053 -8.369158
v -0.50726867 4.4618053 -8.323054
v -0.30115235 4.9873204 -8.510502
v -0.14143372 4.9260745 -11.440327
v -0.30251768 4.4618053 -8.494892
v -0.1414331 4.461817 -11.440333
v -0.31326598 4.9260745 -11.645078
v -3.0432427 4.9260774 -11.691176
v -0.31326354 4.461817 -11.6450815
v -3.0432353 4.461819 -11.691188
v -3.2479918 4.9260774 -11.519345
v -3.407713 4.9260607 -8.58952
v -3.2479815 4.461819 -11.519359
v -3.409071 4.4618053 -8.573906
v -0.14143372 4.9260745 -11.440327
v -0.31326598 4.9260745 -11.645078
v -0.1414331 4.461817 -11.440333
v -0.31326354 4.461817 -11.6450815
v -3.0432427 4.9260774 -11.691176
v -3.2479918 4.9260774 -11.519345
v -3.0432353 4.461819 -11.691188
v -3.2479815 4.461819 -11.519359
v -3.0596912 4.2728105 -11.502894
v -3.2479815 4.461819 -11.519359
v -3.2207708 4.2727966 -8.55745
v -3.409071 4.4618053 -8.573906
v -0.4908087 4.2727966 -8.51135
v -0.30251768 4.4618053 -8.494892
v -0.32970884 4.272808 -11.456796
v -0.1414331 4.461817 -11.440333
v -3.2207708 4.2727966 -8.55745
v -3.2372386 4.4618053 -8.369158
v -0.4908087 4.2727966 -8.51135
v -0.50726867 4.4618053 -8.323054
v 1.4437125 6.082627 -1.4253771
v 1.4493371 4.4252405 -1.4109769
v -0.86801744 6.0826316 -0.48209852
v -0.8610389 4.4252405 -0.46432418
v -1.1483135 6.0826316 -0.5784382
v -1.142681 4.4252453 -0.56403303
v -1.9942116 6.082648 -2.7026412
v -1.9942111 4.4252605 -2.7026403
v -1.8496542 6.082648 -2.9535527
v -1.8496563 4.4252605 -2.953557
v 0.46206573 6.082648 -3.8968322
v 0.46206632 4.4252605 -3.896831
v 0.74236935 6.082648 -3.800509
v 0.74235046 4.4252605 -3.8005004
v 1.5882617 6.0826316 -1.6763008
v 1.593887 4.425243 -1.661896
v -0.86801744 6.0826316 -0.48209852
v -0.8610389 4.4252405 -0.46432418
v -1.1483135 6.0826316 -0.5784382
v -1.142681 4.4252453 -0.56403303
v -1.9942116 6.082648 -2.7026412
v -1.9942111 4.4252605 -2.7026403
v -1.8496542 6.082648 -2.9535527
v -1.8496563 4.4252605 -2.953557
v 0.46206573 6.082648 -3.8968322
v 0.46206632 4.4252605 -3.896831
v 0.74236935 6.082648 -3.800509
v 0.74235046 4.4252605 -3.8005004
v 0.5299255 4.2257676 -3.7232103
v 1.3814435 4.225752 -1.584599
v 0.74235046 4.4252605 -3.8005004
v 1.593887 4.425243 -1.661896
v -1.7817944 4.2257676 -2.7799323
v 0.5299255 4.2257676 -3.7232103
v -1.8496563 4.4252605 -2.953557
v 0.46206632 4.4252605 -3.896831
v -0.9302556 4.225752 -0.6413237
v -1.7817944 4.2257676 -2.7799323
v -1.142681 4.4252453 -0.56403303
v -1.9942111 4.4252605 -2.7026403
v 1.3814435 4.225752 -1.584599
v -0.9302556 4.225752 -0.6413237
v 1.4493371 4.4252405 -1.4109769
v -0.8610389 4.4252405 -0.46432418
v 4.205479 5.584037 -0.67578566
v 4.2013445 3.8558698 -0.6602049
v 0.6868762 5.584043 -1.5220001
v 0.6818042 3.8558698 -1.502747
v 0.51035064 5.584043 -1.7756714
v 0.5062204 3.8558753 -1.7600818
v 1.8679544 5.5840573 -6.4819994
v 1.8679546 3.855891 -6.481999
v 2.1441033 5.5840573 -6.6041074
v 2.144104 3.855891 -6.604113
v 5.6626983 5.5840573 -5.7578998
v 5.662698 3.855891 -5.757899
v 5.839241 5.5840573 -5.504237
v 5.8392205 3.855891 -5.504243
v 4.4816284 5.584043 -0.7979091
v 4.4774914 3.8558726 -0.7823247
v 0.6868762 5.584043 -1.5220001
v 0.6818042 3.8558698 -1.502747
v 0.51035064 5.584043 -1.7756714
v 0.5062204 3.8558753 -1.7600818
v 1.8679544 5.5840573 -6.4819994
v 1.8679546 3.855891 -6.481999
v 2.1441033 5.5840573 -6.6041074
v 2.144104 3.855891 -6.604113
v 5.6626983 5.5840573 -5.7578998
v 5.662698 3.855891 -5.757899
v 5.839241 5.5840573 -5.504237
v 5.8392205 3.855891 -5.504243
v 5.612881 3.647879 -5.5700192
v 4.2511325 3.6478624 -0.84810776
v 5.8392205 3.855891 -5.504243
v 4.4774914 3.8558726 -0.7823247
v 2.0942872 3.647879 -6.4162292
v 5.612881 3.647879 -5.5700192
v 2.144104 3.855891 -6.604113
v 5.662698 3.855891 -5.757899
v 0.7325589 3.6478624 -1.694306
v 2.0942872 3.647879 -6.4162292
v 0.5062204 3.8558753 -1.7600818
v 1.8679546 3.855891 -6.481999
v 4.2511325 3.6478624 -0.84810776
v 0.7325589 3.6478624 -1.694306
v 4.2013445 3.8558698 -0.6602049
v 0.6818042 3.8558698 -1.502747
v 5.099705 3.776654 -12.349387
v 4.8046465 4.071725 -12.352629
v 4.9690213 3.7766392 -9.55969
v 4.673953 4.0717125 -9.562941
v 6.7681427 3.7766516 -12.275205
v 6.771375 4.071726 -12.570253
v 5.099705 3.776654 -12.349387
v 5.1029377 4.071727 -12.644435
v 6.6374493 3.7766418 -9.485507
v 6.932508 4.0717125 -9.482269
v 6.7681427 3.7766516 -12.275205
v 7.063181 4.0717225 -12.271957
v 4.9690213 3.7766392 -9.55969
v 4.96577 4.0717125 -9.264633
v 6.6374493 3.7766418 -9.485507
v 6.634197 4.0717125 -9.190454
v 6.9327617 7.3385043 -9.506733
v 7.063181 7.338512 -12.271942
v 6.932508 4.0717125 -9.482269
v 7.063181 4.0717225 -12.271957
v 6.771375 7.3385167 -12.570236
v 5.1029277 7.3385177 -12.644423
v 6.771375 4.071726 -12.570253
v 5.1029377 4.071727 -12.644435
v 4.8046465 7.3385153 -12.352617
v 4.6742167 7.3385043 -9.587402
v 4.8046465 4.071725 -12.352629
v 4.673953 4.0717125 -9.562941
v 6.6344805 7.3385034 -9.214919
v 6.9327617 7.3385043 -9.506733
v 6.634197 4.0717125 -9.190454
v 6.932508 4.0717125 -9.482269
v 7.063181 7.338512 -12.271942
v 6.771375 7.3385167 -12.570236
v 7.063181 4.0717225 -12.271957
v 6.771375 4.071726 -12.570253
v 5.1029277 7.3385177 -12.644423
v 4.8046465 7.3385153 -12.352617
v 5.1029377 4.071727 -12.644435
v 4.8046465 4.071725 -12.352629
v 0.6654852 -7.125903 -5.685894
v 0.45750913 -6.9250035 -5.6957774
v 0.34217224 -7.1754327 -3.0950906
v 0.1342157 -6.974536 -3.1049871
v 3.500265 -7.0770116 -5.4210215
v 3.5096424 -6.868822 -5.6217155
v 0.6654852 -7.125903 -5.685894
v 0.674881 -6.917715 -5.8865776
v 3.2910602 -7.123727 -2.8699791
v 3.49133 -6.915595 -2.8532357
v 3.500265 -7.0770116 -5.4210215
v 3.7005072 -6.868878 -5.404271
v 0.34217224 -7.1754327 -3.0950906
v 0.32506895 -6.9745903 -2.8875363
v 3.2910602 -7.123727 -2.8699791
v 3.273947 -6.922884 -2.662432
v 0.26457092 -3.7008903 -2.84959
v 3.2134693 -3.6491842 -2.6244805
v 0.32506895 -6.9745903 -2.8875363
v 3.273947 -6.922884 -2.662432
v 3.4308324 -3.641897 -2.8152914
v 3.6389227 -3.5954876 -5.34939
v 3.49133 -6.915595 -2.8532357
v 3.7005072 -6.868878 -5.404271
v 3.4480627 -3.5954309 -5.566831
v 0.61328614 -3.6443245 -5.8316975
v 3.5096424 -6.868822 -5.6217155
v 0.674881 -6.917715 -5.8865776
v 0.3959247 -3.6516125 -5.6408954
v 0.07371399 -3.7008288 -3.0670445
v 0.45750913 -6.9250035 -5.6957774
v 0.1342157 -6.974536 -3.1049871
v 3.6389227 -3.5954876 -5.34939
v 3.4480627 -3.5954309 -5.566831
v 3.7005072 -6.868878 -5.404271
v 3.5096424 -6.868822 -5.6217155
v 0.61328614 -3.6443245 -5.8316975
v 0.3959247 -3.6516125 -5.6408954
v 0.674881 -6.917715 -5.8865776
v 0.45750913 -6.9250035 -5.6957774
v 3.4480627 -3.5954309 -5.566831
v 3.6389227 -3.5954876 -5.34939
v 3.4369597 -3.3598998 -5.460791
v 3.5323882 -3.359928 -5.352073
v -9.268671 -10.743177 5.240122
v -9.471439 -10.538595 5.213004
v -10.177324 -10.743181 13.207035
v -10.380112 -10.538603 13.179911
v -4.1280513 -10.743177 5.8967457
v -4.1009564 -10.538593 5.693962
v -9.268671 -10.743177 5.240122
v -9.241542 -10.538595 5.0373473
v -4.9201665 -10.743181 13.831716
v -4.7173834 -10.538603 13.85883
v -4.1280513 -10.743177 5.8967457
v -3.9252973 -10.538595 5.923865
v -10.177324 -10.743181 13.207035
v -10.204458 -10.538603 13.409816
v -4.9201665 -10.743181 13.831716
v -4.947295 -10.538603 14.03449
v -10.202216 -5.0434713 13.392992
v -4.9450445 -5.043471 14.017671
v -10.204458 -10.538603 13.409816
v -4.947295 -10.538603 14.03449
v -4.715152 -5.0434713 13.842009
v -3.925302 -5.0434666 5.923866
v -4.7173834 -10.538603 13.85883
v -3.9252973 -10.538595 5.923865
v -4.1009564 -5.0434656 5.6939635
v -9.241552 -5.0434666 5.037349
v -4.1009564 -10.538593 5.693962
v -9.241542 -10.538595 5.0373473
v -9.471439 -5.0434666 5.213004
v -10.377875 -5.0434666 13.163087
v -9.471439 -10.538595 5.213004
v -10.380112 -10.538603 13.179911
v -4.9450445 -5.043471 14.017671
v -4.715152 -5.0434713 13.842009
v -4.947295 -10.538603 14.03449
v -4.7173834 -10.538603 13.85883
v -3.925302 -5.0434666 5.923866
v -4.1009564 -5.0434656 5.6939635
v -3.9252973 -10.538595 5.923865
v -4.1009564 -10.538593 5.693962
v -9.241552 -5.0434666 5.037349
v -9.471439 -5.0434666 5.213004
v -9.241542 -10.538595 5.0373473
v -9.471439 -10.538595 5.213004
v -4.1009564 -5.0434656 5.6939635
v -3.925302 -5.0434666 5.923866
v -4.1145205 -4.8923316 5.7953553
v -4.0266886 -4.8923326 5.910305
v 4.536975 0.29024902 -10.173925
v 10.052382 0.1308203 -10.067102
v 4.675825 0.09698303 -13.817722
v 10.191225 0.13083556 -13.710922
v 4.675825 0.09698303 -13.817722
v 10.052382 0.1308203 -10.067102
v 3.3282616 -6.570252 -10.834983
v 2.9197266 -6.5702567 -0.18747452
v 8.771445 -6.570252 -10.797827
v 8.362939 -6.570256 -0.15032485
v 5.488316 -5.051775 10.617563
v 4.549165 -5.051763 -3.2217174
v -1.9978313 -5.051775 11.200933
v -2.937011 -5.051763 -2.6383421
v -5.1035075 -7.488878 -2.9177666
v 3.8008506 -7.488862 -2.7388885
v -4.8605876 -7.488861 -11.618174
v 4.043761 -7.4888525 -11.439311
v 2.277063 -5.3208017 -4.128958
v 3.8680737 -5.3208146 1.5252478
v 6.7663255 -5.320807 -5.4384985
v 8.357361 -5.3208146 0.21570052
v 2.3892431 -9.657186 -1.3861797
v 2.425913 -9.657174 -4.282401
v -1.803916 -9.657186 -1.4230864
v -1.7672509 -9.657174 -4.3193083
v 8.809142 -8.125239 -2.1867702
v 8.505173 -8.125231 -11.989114
v 0.41109404 -8.125239 -2.246952
v 0.10711578 -8.125231 -12.049292
v 7.2974024 -5.1329975 1.0443847
v 7.700371 -5.1329913 -1.2494838
v 5.6385303 -5.1329975 0.7567853
v 6.134463 -5.1329913 -1.5570828
v -1.1241943 -8.618586 -10.878833
v -1.1241943 -8.618582 -12.606965
v -4.437163 -8.618586 -10.878836
v -4.437173 -8.618582 -12.606964
v -2.1593742 -6.8269286 9.176539
v -1.086463 -6.826924 -1.413099
v -6.0415864 -6.826928 8.646703
v -4.8521366 -6.826923 -1.9748782
v -9.194946 -10.957352 -10.850268
v -9.23768 -10.9573555 -3.5628033
v -2.9285638 -10.957352 -10.823227
v -2.9712842 -10.9573555 -3.5357733
v -1.1077386 -6.659121 -1.4840866
v -2.0024843 -6.847611 -3.875251
v -3.8724566 -6.523217 -0.44142592
v -4.68082 -6.7203417 -2.9166906
v 9.04917 -10.086574 -0.984113
v 9.419072 -10.086568 -12.053552
v 5.569829 -10.086576 -1.1466312
v 6.051836 -10.086567 -12.261168
v 2.9740381 -11.5893 -0.5973738
v 4.1763425 -11.589296 -3.8530095
v 0.9247656 -11.589299 -1.4124398
v 2.1270604 -11.589296 -4.668079
v 3.5462792 -11.072302 -4.9648733
v 3.5547948 -11.072294 -12.331335
v -3.3319385 -11.072302 -4.966179
v -3.2096045 -11.072294 -12.3784895
v -1.1757343 -5.4961047 -4.658786
v 2.6521423 -5.4960966 -2.6083848
v 1.1089679 -5.496097 -8.870967
v 4.936836 -5.496093 -6.8205857
v -9.022457 -8.174887 -3.381152
v -4.9492736 -8.174133 -3.334714
v -9.021153 -8.209082 -11.55862
v -4.94796 -8.208327 -11.512185
v -3.709146 -10.22789 -10.92245
v -1.5312307 -10.22683 -10.915585
v -3.6471121 -10.275898 -12.985636
v -1.4691843 -10.274838 -12.978771
v 7.080553 -7.167996 -7.84444
v 7.211246 -7.167993 -13.019433
v 5.412125 -7.1679983 -7.9186254
v 5.5428085 -7.1679907 -13.093616
v 0.945451 -5.5704613 -0.9175599
v 1.1093506 -5.570449 -4.828082
v -4.2350307 -5.5704618 -1.2749367
v -4.071123 -5.5704474 -5.185454
v 3.9909496 -6.6612473 -9.793738
v 6.047292 -6.6612473 -9.771331
v 4.033757 -6.661242 -12.34443
v 6.1547728 -6.6657815 -12.323739
v 5.875195 -11.190541 -5.5472693
v 5.967744 -11.19053 -12.347202
v 3.090039 -11.190543 -5.6176963
v 3.1825879 -11.19053 -12.417626
v 3.4167297 -9.585364 -6.027189
v 3.4167297 -9.585358 -13.13317
v -1.5195297 -9.585364 -6.027191
v -1.5195395 -9.585358 -13.133165
v -3.3312428 -10.022082 11.127173
v -3.109214 -10.022073 -3.8302212
v -8.940491 -10.022082 10.813302
v -8.718481 -10.022073 -4.144086
v 0.08440918 -11.894086 -1.2938695
v -0.49772948 -11.894071 -3.6702962
v -2.6370215 -11.894087 -0.55686414
v -3.2191699 -11.894071 -2.9332912
v 8.789023 -3.337299 -0.99725324
v 8.693926 -3.3372958 -9.8327
v 7.118945 -3.3373015 -0.99861556
v 7.0238476 -3.3372934 -9.834058
v 8.298672 -3.8399105 4.179716
v 7.855957 -3.8393285 0.620247
v 3.7067626 -3.8886895 4.7233543
v 3.2640429 -3.888106 1.1638921
v 0.36640778 -8.084455 -1.4709682
v -0.4552011 -8.084446 -4.493612
v -2.8164623 -8.0844555 -0.6797786
v -3.6380627 -8.084444 -3.70242
v -3.263589 -10.23989 -0.014721832
v -3.090747 -10.2398815 -3.3707497
v -7.4856443 -10.23989 -0.22114517
v -7.2152195 -10.2398815 -3.6125553
v -5.1847258 -11.06795 -2.3028574
v -2.7127483 -11.067361 -2.4234629
v -5.2396827 -11.094602 -5.087862
v -2.7676854 -11.094013 -5.2084665
v -3.6518881 -9.015993 -8.560908
v -3.727753 -9.015986 -11.92052
v -8.383524 -9.015993 -8.498856
v -8.364697 -9.015986 -11.900969
v -2.4444723 -8.073967 -1.5990372
v -3.786126 -8.073958 -4.619102
v -6.238959 -8.073971 0.098505095
v -7.5108037 -8.073959 -2.9959946
v 7.7141967 -11.069249 -6.335797
v 7.8067355 -11.069238 -13.135729
v 5.2044554 -11.06925 -6.406225
v 5.297004 -11.069236 -13.206153
v 2.492251 -8.516871 -10.395918
v 6.2574606 -8.516213 -10.307431
v 2.554912 -8.546737 -12.819543
v 6.3201365 -8.546077 -12.731059
v -2.2037532 -6.887274 -10.072729
v 0.26319182 -6.8866577 -10.02432
v -2.1767874 -6.915244 -12.343218
v 0.2901669 -6.9146276 -12.29481
v -7.7005615 -8.282821 -9.491444
v -3.6273777 -8.282067 -9.445005
v -7.699258 -8.317017 -12.267371
v -3.6260643 -8.316261 -12.220936
v -5.654309 -10.525731 -9.146499
v -2.8259552 -10.525182 -9.33313
v -5.761207 -10.550612 -11.516425
v -2.9328532 -10.550066 -11.703053
v -4.379184 -8.512866 -1.6855655
v -2.2873778 -8.512856 -4.8832803
v -7.552397 -8.512866 -3.9277546
v -5.3674755 -8.5128565 -7.104807
v -2.8265502 3.45843 0.28416365
v 7.324072 3.45843 0.28415877
v -2.8265772 3.4584477 -11.113012
v 7.3240623 3.4584477 -11.113017
v 0.43927854 -2.4754088 5.7830954
v 7.1240587 -2.4746544 5.4871507
v -0.115448 -2.5095797 -2.1034105
v 6.569347 -2.5088227 -2.3993566
v 2.2742736 4.9077406 0.68272644
v 5.2219315 4.908312 0.6695892
v 2.0890758 4.869824 -4.2932673
v 5.036742 4.8703856 -4.306407
v 2.1990318 3.0810332 -10.000049
v 5.468223 3.0810328 -9.927566
v 2.2853918 3.0810504 -12.300333
v 5.554603 3.0810504 -12.227844
v 6.238193 5.8748193 -1.1514863
v 9.138876 5.8752832 -0.7242512
v 6.496463 5.867584 -3.9423766
v 9.397161 5.868042 -3.5151348
v 4.809674 0.11479248 -0.58475477
v 7.2976084 0.114792176 -0.3752275
v 4.8558054 0.11481476 -10.737794
v 7.343761 0.11481476 -10.528264
v 3.0550244 1.4868823 -2.8205876
v 6.743059 1.450299 -2.8485162
v 3.0925133 1.5028296 -13.108918
v 6.7805686 1.4662476 -13.136847
v 5.1207447 -3.9692132 -2.263146
v 8.8516865 -3.969207 -2.3068435
v 5.0143113 -3.9691904 -12.640753
v 8.745274 -3.9691904 -12.684444
v 6.0793405 6.4476233 -8.939021
v 10.029628 6.468312 -9.106104
v 5.8637924 6.518003 -11.681484
v 9.8141 6.5386863 -11.848564
v 6.46488 0.46970275 -10.138841
v 8.928662 0.46970764 -10.200225
v 6.4083385 0.4697589 -13.301075
v 9.024793 0.46976134 -13.330524
v 5.1182404 3.0944805 10.042372
v 10.031018 3.0950322 9.621121
v 4.283711 3.0858448 -1.6535225
v 9.223886 3.0863976 -1.9213532
v -0.4908087 4.2727966 -8.51135
v -0.32970884 4.272808 -11.456796
v -3.2207708 4.2727966 -8.55745
v -3.0596912 4.2728105 -11.502894
v -0.9302556 4.225752 -0.6413237
v 1.3814435 4.225752 -1.584599
v -1.7817944 4.2257676 -2.7799323
v 0.5299255 4.2257676 -3.7232103
v 0.7325589 3.6478624 -1.694306
v 4.2511325 3.6478624 -0.84810776
v 2.0942872 3.647879 -6.4162292
v 5.612881 3.647879 -5.5700192
v 6.6374493 3.7766418 -9.485507
v 6.7681427 3.7766516 -12.275205
v 4.9690213 3.7766392 -9.55969
v 5.099705 3.776654 -12.349387
v 3.2910602 -7.123727 -2.8699791
v 3.500265 -7.0770116 -5.4210215
v 0.34217224 -7.1754327 -3.0950906
v 0.6654852 -7.125903 -5.685894
v -4.9201665 -10.743181 13.831716
v -4.1280513 -10.743177 5.8967457
v -10.177324 -10.743181 13.207035
v -9.268671 -10.743177 5.240122
v -2.9370105 -1.5180377 -2.6383338
v 4.5491657 -1.5180374 -3.221709
v -2.0002053 -1.5180506 11.170746
v 5.485962 -1.5180511 10.587376
v 8.362949 -2.5216331 -0.15031753
v 2.9197266 -2.5216331 -0.18747085
v 8.771006 -2.5216296 -10.76197
v 3.327793 -2.5216296 -10.799129
v 4.043756 -4.553062 -11.439309
v 3.8008556 -4.553065 -2.7388842
v -4.836139 -4.5530686 -11.617163
v -5.079045 -4.5530686 -2.916737
v 8.357361 -0.6701242 0.21570083
v 3.8680687 -0.6701251 1.5252459
v 6.770525 -0.67011625 -5.423741
v 2.2812426 -0.67012054 -4.1141963
v -1.7672558 -7.1343985 -4.319287
v 2.4259179 -7.1343985 -4.28238
v -1.8044434 -7.1344085 -1.4418929
v 2.3887305 -7.1344085 -1.404986
v 0.1071112 -4.84581 -12.049279
v 8.505173 -4.845809 -11.989097
v 0.4102307 -4.845821 -2.2713923
v 8.808289 -4.8458204 -2.2112122
v 6.134453 0.07399322 -1.5570793
v 7.700371 0.07399322 -1.2494804
v 5.6410203 0.07399048 0.7436676
v 7.299912 0.07398498 1.0312701
v -4.437173 -5.8543963 -12.606961
v -1.1241943 -5.8543954 -12.606961
v -4.4371777 -5.854395 -10.898555
v -1.1241943 -5.854395 -10.898552
v -4.852132 -3.06297 -1.9748743
v -1.0864776 -3.06297 -1.413103
v -6.039355 -3.0629735 8.629884
v -2.1571233 -3.0629752 9.15972
v -2.9712842 -7.5232873 -3.5357661
v -9.23768 -7.5232873 -3.5628002
v -2.928227 -7.523284 -10.787373
v -9.194624 -7.523285 -10.814411
v -4.6154656 -2.8813472 -3.2437668
v -1.9371414 -3.008617 -4.202335
v -3.8133163 -2.6854577 -0.7842561
v -1.0485848 -2.8213634 -1.8269192
v 6.051836 -5.304723 -12.261153
v 9.419052 -5.3047233 -12.053547
v 5.570122 -5.3047285 -1.16359
v 9.049473 -5.304731 -1.001077
v 2.1270604 -8.031633 -4.668073
v 4.176333 -8.031633 -3.8530025
v 0.9368066 -8.031637 -1.4427639
v 2.986084 -8.031637 -0.6276881
v -3.2096143 -7.083169 -12.378477
v 3.5547948 -7.083169 -12.331323
v -3.3316455 -7.083181 -4.983397
v 3.546582 -7.083181 -4.982087
v 4.936832 -4.3563247 -6.8205814
v 2.6521423 -4.356327 -2.6083844
v 1.1207174 -4.3563275 -8.864388
v -1.1639727 -4.356329 -4.6521873
v -4.9889073 -6.536411 -11.404799
v -4.987008 -6.5039954 -3.5263193
v -8.983941 -6.5371346 -11.450102
v -8.982032 -6.504725 -3.5716085
v -1.5263647 -7.909232 -12.889736
v -1.5790823 -7.9294105 -11.093873
v -3.6161668 -7.909362 -12.887782
v -3.6688864 -7.903629 -11.091909
v 5.542799 -3.3110495 -13.093598
v 7.211246 -3.311053 -13.019416
v 5.4123693 -3.3110626 -7.9430943
v 7.0808163 -3.3110626 -7.868911
v -4.070696 -3.9914064 -5.185449
v 1.1097974 -3.991406 -4.8280735
v -4.235356 -3.9914238 -1.2994081
v 0.94512695 -3.9914238 -0.9420338
v 6.154783 -2.895399 -12.323735
v 6.0474486 -2.8791764 -9.788108
v 4.033762 -2.8888202 -12.327438
v 3.991096 -2.8791764 -9.810512
v 3.1830175 -7.911107 -12.417606
v 5.9681835 -7.911107 -12.347181
v 3.0906346 -7.911124 -5.6421623
v 5.8758006 -7.911124 -5.571738
v -1.5195395 -6.777081 -13.13316
v 3.4167297 -6.7770805 -13.13316
v -1.5195493 -6.777079 -6.066124
v 3.4167297 -6.777079 -6.066117
v -8.718485 -5.449091 -4.1440763
v -3.109222 -5.4490905 -3.8302062
v -8.938838 -5.449095 10.777564
v -3.3295739 -5.4490943 11.091436
v -3.2191699 -9.763035 -2.9332669
v -0.4977246 -9.763035 -3.6702743
v -2.6414354 -9.763048 -0.5721327
v 0.080019526 -9.763045 -1.3091362
v 7.0238376 1.9645838 -9.83404
v 8.693926 1.96458 -9.832683
v 7.118115 1.9645691 -1.0230699
v 8.788222 1.9645691 -1.0217124
v 3.230205 -0.60886043 1.168634
v 7.822109 -0.5600824 0.6249916
v 3.6694384 -0.60944885 4.70386
v 8.261348 -0.5606708 4.160216
v -3.6377 -5.2206316 -3.702512
v -0.45482147 -5.220631 -4.4937057
v -2.8220959 -5.2206454 -0.70039654
v 0.36077514 -5.2206445 -1.4915878
v -7.2152195 -6.396489 -3.61254
v -3.0907567 -6.3964896 -3.3707466
v -7.4849024 -6.3964953 -0.2356935
v -3.262837 -6.3964963 -0.02926773
v -2.8167381 -8.85091 -5.121316
v -2.7676947 -8.869982 -2.589035
v -5.2051024 -8.851032 -4.9972396
v -5.156054 -8.845617 -2.4649487
v -8.364699 -7.4452133 -11.900962
v -3.7277632 -7.4452133 -11.920522
v -8.383859 -7.4452186 -8.513416
v -3.6522176 -7.4452195 -8.575469
v -7.5107827 -4.2943892 -2.9959886
v -3.786142 -4.2943883 -4.619096
v -6.244777 -4.2943974 0.085427396
v -2.450284 -4.294399 -1.6121248
v 5.297434 -7.7898145 -13.206133
v 7.8071847 -7.7898145 -13.135708
v 5.205051 -7.789831 -6.4306884
v 7.7148023 -7.789831 -6.360265
v 6.2820115 -6.1735754 -12.638207
v 6.2287693 -6.1452622 -10.475561
v 2.5850098 -6.1742077 -12.723969
v 2.5317724 -6.1459002 -10.561308
v 0.25566986 -5.343944 -12.207356
v 0.23411956 -5.317427 -10.181386
v -2.1473649 -5.344536 -12.254108
v -2.1689065 -5.3180246 -10.228127
v -3.6670117 -6.828538 -12.113549
v -3.6651123 -6.7961216 -9.636609
v -7.662046 -6.829262 -12.158854
v -7.6601367 -6.7968516 -9.681898
v -2.9778016 -7.973856 -11.621243
v -2.8788335 -7.9916577 -9.487164
v -5.7280693 -7.973971 -11.43217
v -5.6291013 -7.9689136 -9.29808
v -5.3674755 -7.3454766 -7.104787
v -2.2873974 -7.3454757 -4.8832874
v -7.5446525 -7.3454843 -3.9386673
v -4.37143 -7.345487 -1.6964805
v 7.324072 5.497064 -11.113007
v 7.3240914 5.497053 0.25987685
v -2.8265772 5.497069 -11.112999
v -2.826555 5.497053 0.25988418
v 6.5348225 10.893058 -2.2897377
v 7.075061 10.925489 5.2981143
v -0.07187988 10.892339 -1.9972864
v 0.46836668 10.924759 5.5905805
v 5.0073333 7.8431334 -4.2253385
v 5.191284 7.879728 0.5263011
v 2.1183221 7.8425927 -4.212304
v 2.3022766 7.8791757 0.5393443
v 5.518742 5.1755586 -12.137143
v 5.4263487 5.1755395 -10.044203
v 2.3279467 5.1755586 -12.199138
v 2.23557 5.17554 -10.10619
v 9.397877 11.891098 -3.521353
v 9.142593 11.894087 -0.74477494
v 6.4971795 11.890914 -3.9485974
v 6.241903 11.893896 -1.1720088
v 7.30297 10.548729 -10.439675
v 7.262207 10.548713 -0.4939903
v 4.8927355 10.548729 -10.6344185
v 4.8519897 10.548713 -0.6887254
v 6.7837706 4.4652343 -13.009565
v 6.7343783 4.4508815 -2.9504209
v 3.1827135 4.50089 -12.972017
v 3.1333385 4.486531 -2.9128618
v 8.713286 1.1036273 -12.551448
v 8.804907 1.1036156 -2.4728289
v 5.0611167 1.1036224 -12.497107
v 5.1527524 1.1036144 -2.4184732
v 9.761228 11.610244 -11.679175
v 9.952627 11.5418415 -9.235087
v 5.8900056 11.589892 -11.503911
v 6.0814195 11.521494 -9.059809
v 8.9347315 6.8732495 -13.185979
v 8.847265 6.8732176 -10.364946
v 6.491551 6.873247 -13.159369
v 6.55675 6.8732176 -10.306394
v 9.223093 11.334482 -1.9287752
v 10.029973 11.33804 9.596258
v 4.268707 11.334257 -1.670896
v 5.1171837 11.337811 10.0175085
v 10.191225 2.3560016 -13.710912
v 10.052382 2.3559864 -10.067104
v 4.691494 2.3560016 -13.817125
v 4.552639 2.3559813 -10.173328
v -3.0596917 5.253963 -11.502886
v -0.3297113 5.2539606 -11.456789
v -3.2166119 5.2539563 -8.60112
v -0.48944274 5.2447715 -8.526955
v 0.53381985 6.3202744 -3.6257553
v 1.2959659 6.3202586 -1.6743275
v -1.7019411 6.3202744 -2.7046008
v -0.9397771 6.3202586 -0.75317276
v 5.556144 5.831832 -5.485617
v 4.234464 5.831816 -0.9762446
v 2.1150892 5.8318334 -6.303667
v 0.79342407 5.8318176 -1.7942822
v 5.099695 7.633589 -12.34937
v 6.7681427 7.633585 -12.2751875
v 4.9692655 7.6335754 -9.584159
v 6.637713 7.6335754 -9.509975
v 0.5930029 -3.2736702 -5.621299
v 3.4277747 -3.224779 -5.3564386
v 0.2707788 -3.3228934 -3.0474374
v 3.2196789 -3.2711883 -2.8223236
v -9.268666 -4.8051305 5.2401257
v -4.1280656 -4.8051305 5.896742
v -10.175093 -4.8051343 13.190216
v -4.9179153 -4.8051357 13.814898
v -2.0002053 -1.5180506 11.170746
v -1.9860241 -1.6176836 11.35269
v -2.1821542 -1.6176797 11.184923
v 5.485962 -1.5180511 10.587376
v 5.667925 -1.6176846 10.573195
v 5.5001426 -1.617684 10.76932
v -2.9370105 -1.5180377 -2.6383338
v -3.1189795 -1.617676 -2.6241546
v -2.9512072 -1.6176705 -2.8202837
v 4.5491657 -1.5180374 -3.221709
v 4.5349646 -1.6176705 -3.4036565
v 4.7311053 -1.617676 -3.235885
v 8.771006 -2.5216296 -10.76197
v 8.773828 -2.6395793 -10.978001
v 8.9870405 -2.6395738 -10.759146
v 3.327793 -2.5216296 -10.799129
v 3.1117527 -2.6395788 -10.80196
v 3.33062 -2.6395793 -11.015156
v 8.362949 -2.5216331 -0.15031753
v 8.578994 -2.6395874 -0.14749038
v 8.360137 -2.6395824 0.06571518
v 2.9197266 -2.5216331 -0.18747085
v 2.916914 -2.6395824 0.028560638
v 2.703706 -2.6395874 -0.19029982
v 5.51433 -1.8830502 10.951278
v -1.971856 -1.8830498 11.534655
v 5.5001426 -1.617684 10.76932
v -1.9860241 -1.6176836 11.35269
v 5.5001426 -1.617684 10.76932
v -1.971856 -1.8830498 11.534655
v -4.836139 -4.5530686 -11.617163
v -4.9835367 -4.665178 -11.623366
v -4.829933 -4.6651783 -11.764563
v -5.079045 -4.5530686 -2.916737
v -5.085251 -4.6651845 -2.7693274
v -5.226452 -4.665184 -2.9229405
v 4.043756 -4.553062 -11.439309
v 4.049967 -4.665173 -11.586726
v 4.1911683 -4.6651716 -11.433118
v 3.8008556 -4.553065 -2.7388842
v 3.9482532 -4.6651692 -2.7326941
v 3.7946446 -4.6651735 -2.591488
v 6.770525 -0.67011625 -5.423741
v 6.74531 -0.7506631 -5.5126715
v 6.862517 -0.7506583 -5.449766
v 2.2812426 -0.67012054 -4.1141963
v 2.1892455 -0.7506625 -4.088168
v 2.2560327 -0.7506625 -4.203127
v 8.357361 -0.6701242 0.21570083
v 8.449353 -0.7506711 0.18967056
v 8.382575 -0.7506668 0.3046266
v 3.8680687 -0.6701251 1.5252459
v 3.8932934 -0.7506671 1.6141741
v 3.7760913 -0.75067073 1.5512713
v -1.8044434 -7.1344085 -1.4418929
v -1.8013378 -7.1963673 -1.3284425
v -1.9178954 -7.1963634 -1.438783
v 2.3887305 -7.1344085 -1.404986
v 2.5021875 -7.1963673 -1.408097
v 2.3918407 -7.1963673 -1.2915345
v -1.7672558 -7.1343985 -4.319287
v -1.8807129 -7.196361 -4.316176
v -1.7703711 -7.196357 -4.432741
v 2.4259179 -7.1343985 -4.28238
v 2.4227881 -7.196357 -4.3958325
v 2.5393653 -7.196361 -4.2854905
v 0.4102307 -4.845821 -2.2713923
v 0.41532987 -4.9263673 -2.1239498
v 0.26279572 -4.926363 -2.2663033
v 8.808289 -4.8458204 -2.2112122
v 8.955742 -4.9263673 -2.216307
v 8.813397 -4.9263673 -2.0637684
v 0.1071112 -4.84581 -12.049279
v -0.040333252 -4.926357 -12.044182
v 0.10200683 -4.926351 -12.196725
v 8.505173 -4.845809 -11.989097
v 8.500065 -4.926351 -12.136539
v 8.652609 -4.9263563 -11.994186
v 5.6410203 0.07399048 0.7436676
v 5.625942 -0.03380798 0.8227289
v 5.561958 -0.03380737 0.72858703
v 7.299912 0.07398498 1.0312701
v 7.3789744 -0.033812866 1.0463519
v 7.284824 -0.033812866 1.1103302
v 6.134453 0.07399322 -1.5570793
v 6.0553904 -0.033804625 -1.5721611
v 6.149531 -0.03379974 -1.6361418
v 7.700371 0.07399322 -1.2494804
v 7.7154393 -0.03379974 -1.328543
v 7.7794237 -0.03379974 -1.2344011
v -4.4371777 -5.854395 -10.898555
v -4.4371777 -5.903257 -10.779721
v -4.536089 -5.903251 -10.898555
v -1.1241943 -5.854395 -10.898552
v -1.0252832 -5.903257 -10.890315
v -1.1241943 -5.903257 -10.779719
v -4.437173 -5.8543963 -12.606961
v -4.5360937 -5.9032526 -12.606961
v -4.4371777 -5.9032526 -12.725796
v -1.1241943 -5.8543954 -12.606961
v -1.1241992 -5.9032526 -12.725795
v -1.0252832 -5.9032526 -12.606959
v -1.1241943 -6.033381 -10.660879
v -4.4371824 -6.033382 -10.660879
v -1.1241943 -5.903257 -10.779719
v -4.4371777 -5.903257 -10.779721
v -1.1241943 -5.903257 -10.779719
v -4.4371824 -6.033382 -10.660879
v -6.039355 -3.0629735 8.629884
v -6.0529094 -3.1501758 8.731271
v -6.140741 -3.1501715 8.616318
v -2.1571233 -3.0629752 9.15972
v -2.0557268 -3.1501765 9.173289
v -2.170683 -3.1501765 9.261105
v -4.852132 -3.06297 -1.9748743
v -4.9535284 -3.150172 -1.9884363
v -4.8385725 -3.1501715 -2.0762563
v -1.0864776 -3.06297 -1.413103
v -1.0729327 -3.1501708 -1.5144899
v -0.9851007 -3.150172 -1.39954
v -2.928227 -7.523284 -10.787373
v -2.9301605 -7.641234 -11.003388
v -2.8173676 -7.641229 -10.791144
v -9.194624 -7.523285 -10.814411
v -9.305498 -7.641234 -10.810644
v -9.196557 -7.641234 -11.030424
v -2.9712842 -7.5232873 -3.5357661
v -2.86041 -7.641241 -3.5395381
v -2.9693408 -7.6412363 -3.3197505
v -9.23768 -7.5232873 -3.5628002
v -9.235737 -7.6412363 -3.3467867
v -9.34854 -7.641241 -3.5590353
v -3.8133163 -2.6854577 -0.7842561
v -3.7782512 -2.8144927 -0.6777101
v -3.9108386 -2.8171551 -0.735522
v -1.0485848 -2.8213634 -1.8269192
v -0.9556976 -2.9626317 -1.85239
v -1.0135382 -2.9503968 -1.7203616
v -4.6154656 -2.8813472 -3.2437668
v -4.7130113 -3.0130508 -3.1950283
v -4.655173 -3.0252833 -3.3270562
v -1.9371414 -3.008617 -4.202335
v -1.9768533 -3.1525528 -4.285623
v -1.8442792 -3.1498842 -4.227802
v 5.570122 -5.3047285 -1.16359
v 5.568281 -5.4417295 -1.0613179
v 5.4678516 -5.441723 -1.165431
v 9.049473 -5.304731 -1.001077
v 9.151757 -5.44173 -0.9992305
v 9.047637 -5.44173 -0.89880323
v 6.051836 -5.304723 -12.261153
v 5.9495506 -5.4417243 -12.262997
v 6.053672 -5.4417233 -12.363425
v 9.419052 -5.3047233 -12.053547
v 9.420869 -5.441723 -12.155824
v 9.521318 -5.4417243 -12.051703
v 0.9368066 -8.031637 -1.4427639
v 0.8641406 -8.080501 -1.2600685
v 0.84489745 -8.080495 -1.4793216
v 2.986084 -8.031637 -0.6276881
v 3.072959 -8.080501 -0.57847184
v 2.9134228 -8.080502 -0.4449855
v 2.1270604 -8.031633 -4.668073
v 2.0351367 -8.080489 -4.704631
v 2.1997216 -8.08049 -4.8507786
v 4.176333 -8.031633 -3.8530025
v 4.249004 -8.08049 -4.035705
v 4.268242 -8.08049 -3.8164425
v 2.9134228 -8.080502 -0.4449855
v 0.8641406 -8.080501 -1.2600685
v 2.986084 -8.031637 -0.6276881
v 0.9368066 -8.031637 -1.4427639
v 2.986084 -8.031637 -0.6276881
v 0.8641406 -8.080501 -1.2600685
v 2.840752 -8.210625 -0.262278
v 0.7914648 -8.210625 -1.0773518
v 2.9134228 -8.080502 -0.4449855
v 0.8641406 -8.080501 -1.2600685
v 2.9134228 -8.080502 -0.4449855
v 0.7914648 -8.210625 -1.0773518
v -3.3316455 -7.083181 -4.983397
v -3.3334618 -7.222262 -4.8795667
v -3.4354832 -7.2222614 -4.985206
v 3.546582 -7.083181 -4.982087
v 3.65042 -7.222267 -4.9802756
v 3.5447752 -7.222267 -4.8782554
v -3.2096143 -7.083169 -12.378477
v -3.313452 -7.222255 -12.380285
v -3.2078075 -7.222249 -12.482308
v 3.5547948 -7.083169 -12.331323
v 3.5566015 -7.222249 -12.435154
v 3.658623 -7.222255 -12.329512
v 3.7145703 -7.4633203 -4.978478
v 3.5429688 -7.463328 -4.774419
v 3.65042 -7.222267 -4.9802756
v 3.5447752 -7.222267 -4.8782554
v 3.65042 -7.222267 -4.9802756
v 3.5429688 -7.463328 -4.774419
v 3.7624512 -7.463307 -12.327703
v 3.7145703 -7.4633203 -4.978478
v 3.658623 -7.222255 -12.329512
v 3.65042 -7.222267 -4.9802756
v 3.658623 -7.222255 -12.329512
v 3.7145703 -7.4633203 -4.978478
v 1.1207174 -4.3563275 -8.864388
v 1.0498804 -4.4180503 -8.904119
v 1.160455 -4.4180503 -8.935229
v -1.1639727 -4.356329 -4.6521873
v -1.2037106 -4.4180546 -4.5813427
v -1.2348175 -4.4180546 -4.691921
v 4.936832 -4.3563247 -6.8205814
v 4.9765697 -4.4180474 -6.8914304
v 5.0076857 -4.418047 -6.780852
v 2.6521423 -4.356327 -2.6083844
v 2.7229826 -4.418046 -2.5686626
v 2.612404 -4.4180484 -2.5375476
v -4.987008 -6.5039954 -3.5263193
v -4.8464417 -6.6082296 -3.3773055
v -4.955719 -6.6071033 -3.2815769
v -8.982032 -6.504725 -3.5716085
v -9.028922 -6.620223 -3.3280087
v -9.124655 -6.6215796 -3.4372847
v -4.9889073 -6.536411 -11.404799
v -4.9419885 -6.6559305 -11.647038
v -4.8462462 -6.654578 -11.5377655
v -8.983941 -6.5371346 -11.450102
v -9.124464 -6.655558 -11.597749
v -9.015182 -6.6566863 -11.693474
v -1.5790823 -7.9294105 -11.093873
v -1.4565798 -7.9540243 -10.957571
v -1.5563815 -7.9417396 -10.874309
v -3.6688864 -7.903629 -11.091909
v -3.7160764 -7.946206 -10.8750515
v -3.799335 -7.9697337 -10.974851
v -1.5263647 -7.909232 -12.889736
v -1.4791753 -7.986711 -13.105379
v -1.3958987 -7.9631834 -13.005577
v -3.6161668 -7.909362 -12.887782
v -3.7386642 -7.9745336 -13.022864
v -3.6388566 -7.986819 -13.106124
v -1.5646607 -8.127683 -10.781158
v -1.5563815 -7.9417396 -10.874309
v -1.36504 -8.129546 -10.94768
v -1.4565798 -7.9540243 -10.957571
v -1.36504 -8.129546 -10.94768
v -1.5563815 -7.9417396 -10.874309
v -3.890865 -8.130549 -10.9815035
v -3.799335 -7.9697337 -10.974851
v -3.72435 -8.128317 -10.781898
v -3.7160764 -7.946206 -10.8750515
v -3.72435 -8.128317 -10.781898
v -3.799335 -7.9697337 -10.974851
v -1.3043704 -8.157579 -12.995688
v -1.3958987 -7.9631834 -13.005577
v -1.4708933 -8.159814 -13.195288
v -1.4791753 -7.986711 -13.105379
v -1.4708933 -8.159814 -13.195288
v -1.3958987 -7.9631834 -13.005577
v -3.6305819 -8.160438 -13.196032
v -3.6388566 -7.986819 -13.106124
v -3.8302062 -8.158575 -13.029522
v -3.7386642 -7.9745336 -13.022864
v -3.8302062 -8.158575 -13.029522
v -3.6388566 -7.986819 -13.106124
v -3.7160764 -7.946206 -10.8750515
v -3.6688864 -7.903629 -11.091909
v -1.5563815 -7.9417396 -10.874309
v -1.5790823 -7.9294105 -11.093873
v -1.5563815 -7.9417396 -10.874309
v -3.6688864 -7.903629 -11.091909
v -1.4565798 -7.9540243 -10.957571
v -1.5790823 -7.9294105 -11.093873
v -1.5263647 -7.909232 -12.889736
v -3.8302062 -8.158575 -13.029522
v -3.7386642 -7.9745336 -13.022864
v -3.890865 -8.130549 -10.9815035
v -3.799335 -7.9697337 -10.974851
v -3.890865 -8.130549 -10.9815035
v -3.7386642 -7.9745336 -13.022864
v -1.4565798 -7.9540243 -10.957571
v -1.5263647 -7.909232 -12.889736
v -1.3958987 -7.9631834 -13.005577
v 5.4123693 -3.3110626 -7.9430943
v 5.410748 -3.3916087 -7.7955675
v 5.2648597 -3.391604 -7.944715
v 7.0808163 -3.3110626 -7.868911
v 7.2283554 -3.3916075 -7.8672876
v 7.0791955 -3.3916075 -7.721384
v 5.542799 -3.3110495 -13.093598
v 5.39526 -3.3915963 -13.0952215
v 5.54441 -3.3915951 -13.241128
v 7.211246 -3.311053 -13.019416
v 7.2128577 -3.3915951 -13.166942
v 7.3587656 -3.3916 -13.017793
v -4.235356 -3.9914238 -1.2994081
v -4.230785 -4.0719695 -1.1519489
v -4.350031 -4.0719657 -1.2963594
v 0.94512695 -3.9914238 -0.9420338
v 1.0598016 -4.0719695 -0.9450819
v 0.94970214 -4.0719676 -0.7945729
v -4.070696 -3.9914064 -5.185449
v -4.185361 -4.071954 -5.1823974
v -4.0752764 -4.0719485 -5.33291
v 1.1097974 -3.991406 -4.8280735
v 1.1052057 -4.071947 -4.975537
v 1.2244568 -4.071953 -4.8311205
v 6.0474486 -2.8791764 -9.788108
v 6.217322 -2.9932094 -9.654415
v 6.1136985 -2.993212 -9.5525875
v 3.991096 -2.8791764 -9.810512
v 3.9578686 -2.993212 -9.576074
v 3.8560376 -2.9932113 -9.679701
v 6.154783 -2.895399 -12.323735
v 6.155681 -2.993201 -12.426465
v 6.257517 -2.9932039 -12.322839
v 4.033762 -2.8888202 -12.327438
v 3.8962278 -2.9932027 -12.348123
v 3.9998608 -2.9932005 -12.449953
v 3.8962278 -2.9932027 -12.348123
v 4.033762 -2.8888202 -12.327438
v 3.8560376 -2.9932113 -9.679701
v 3.991096 -2.8791764 -9.810512
v 3.8560376 -2.9932113 -9.679701
v 4.033762 -2.8888202 -12.327438
v 6.155681 -2.993201 -12.426465
v 6.154783 -2.895399 -12.323735
v 3.9998608 -2.9932005 -12.449953
v 4.033762 -2.8888202 -12.327438
v 3.9998608 -2.9932005 -12.449953
v 6.154783 -2.895399 -12.323735
v 6.217322 -2.9932094 -9.654415
v 6.0474486 -2.8791764 -9.788108
v 6.257517 -2.9932039 -12.322839
v 6.154783 -2.895399 -12.323735
v 6.257517 -2.9932039 -12.322839
v 6.0474486 -2.8791764 -9.788108
v 3.0906346 -7.911124 -5.6421623
v 3.089629 -7.991669 -5.4946356
v 2.9759276 -7.9916663 -5.643454
v 5.8758006 -7.911124 -5.571738
v 5.9905076 -7.991669 -5.570446
v 5.874795 -7.9916687 -5.424208
v 3.1830175 -7.911107 -12.417606
v 3.0683105 -7.991654 -12.418897
v 3.1840136 -7.991649 -12.565138
v 5.9681835 -7.911107 -12.347181
v 5.9691796 -7.991649 -12.49471
v 6.0828805 -7.991654 -12.34589
v -1.5195493 -6.777079 -6.066124
v -1.5195493 -6.849883 -5.8314905
v -1.6669222 -6.8498735 -6.066124
v 3.4167297 -6.777079 -6.066117
v 3.5641026 -6.849882 -6.0498533
v 3.4167297 -6.849883 -5.831483
v -1.5195395 -6.777081 -13.13316
v -1.666932 -6.849876 -13.13316
v -1.5195493 -6.8498764 -13.367802
v 3.4167297 -6.7770805 -13.13316
v 3.41672 -6.8498764 -13.3678
v 3.5641026 -6.849876 -13.133159
v 3.4167297 -6.849883 -5.831483
v -1.5195493 -6.849883 -5.8314905
v 3.4167297 -6.777079 -6.066117
v -1.5195493 -6.777079 -6.066124
v 3.4167297 -6.777079 -6.066117
v -1.5195493 -6.849883 -5.8314905
v 3.4167297 -7.0437665 -5.5968347
v -1.5195493 -7.043767 -5.596831
v 3.4167297 -6.849883 -5.831483
v -1.5195493 -6.849883 -5.8314905
v 3.4167297 -6.849883 -5.831483
v -1.5195493 -7.043767 -5.596831
v -8.938838 -5.449095 10.777564
v -8.948906 -5.502684 10.992972
v -9.064073 -5.502678 10.771712
v -3.3295739 -5.4490943 11.091436
v -3.2050333 -5.5026836 11.112218
v -3.3396425 -5.5026836 11.306847
v -8.718485 -5.449091 -4.1440763
v -8.84373 -5.5026736 -4.149926
v -8.708417 -5.5026736 -4.359488
v -3.109222 -5.4490905 -3.8302062
v -3.0991442 -5.5026736 -4.0456214
v -2.983981 -5.5026746 -3.8243499
v -3.3497043 -5.645397 11.522271
v -8.9589815 -5.645399 11.208405
v -3.3396425 -5.5026836 11.306847
v -8.948906 -5.502684 10.992972
v -3.3396425 -5.5026836 11.306847
v -8.9589815 -5.645399 11.208405
v -2.6414354 -9.763048 -0.5721327
v -2.614917 -9.815386 -0.48000228
v -2.7335644 -9.815382 -0.5456099
v 0.080019526 -9.763045 -1.3091362
v 0.17214355 -9.815383 -1.335662
v 0.1065332 -9.815383 -1.2170091
v -3.2191699 -9.763035 -2.9332669
v -3.3113086 -9.815375 -2.906745
v -3.245703 -9.815372 -3.0253997
v -0.4977246 -9.763035 -3.6702743
v -0.52426755 -9.815371 -3.7624016
v -0.40560547 -9.815374 -3.6967986
v 7.118115 1.9645691 -1.0230699
v 7.1229296 1.8840234 -0.8756126
v 6.9706836 1.8840283 -1.0182567
v 8.788222 1.9645691 -1.0217124
v 8.935683 1.8840246 -1.0265244
v 8.793027 1.8840246 -0.874254
v 7.0238376 1.9645838 -9.83404
v 6.876367 1.8840368 -9.829227
v 7.019004 1.8840393 -9.981498
v 8.693926 1.96458 -9.832683
v 8.689101 1.8840381 -9.980139
v 8.841376 1.8840332 -9.837494
v 3.6694384 -0.60944885 4.70386
v 3.6912646 -0.68998414 4.8497705
v 3.5566602 -0.69119686 4.7195573
v 8.261348 -0.5606708 4.160216
v 8.37582 -0.64000183 4.144288
v 8.283203 -0.64120483 4.3061295
v 3.230205 -0.60886043 1.168634
v 3.1174364 -0.6906128 1.184331
v 3.210044 -0.6894043 1.0224854
v 7.822109 -0.5600824 0.6249916
v 7.8019724 -0.6406262 0.47884047
v 7.9365625 -0.63941467 0.6090626
v -2.8220959 -5.2206454 -0.70039654
v -2.7859497 -5.290983 -0.5767372
v -2.9183726 -5.2909803 -0.67271465
v 0.36077514 -5.2206445 -1.4915878
v 0.4570526 -5.2909827 -1.5192682
v 0.39692503 -5.290982 -1.367928
v -3.6377 -5.2206316 -3.702512
v -3.7339685 -5.290971 -3.674832
v -3.6738548 -5.290966 -3.8261712
v -0.45482147 -5.220631 -4.4937057
v -0.4909845 -5.290966 -4.617363
v -0.35855743 -5.2909703 -4.521382
v -7.4849024 -6.3964953 -0.2356935
v -7.4894967 -6.514144 -0.14797561
v -7.572622 -6.5141406 -0.2403041
v -3.262837 -6.3964963 -0.02926773
v -3.1751025 -6.514147 -0.024646148
v -3.2674463 -6.514147 0.05845688
v -7.2152195 -6.396489 -3.61254
v -7.3029637 -6.514139 -3.6171608
v -7.21062 -6.5141387 -3.7002609
v -3.0907567 -6.3964896 -3.3707466
v -3.0861676 -6.514139 -3.458465
v -3.0030565 -6.5141397 -3.3661287
v -2.7676947 -8.869982 -2.589035
v -2.6446233 -8.893243 -2.4671795
v -2.7342033 -8.881633 -2.3831394
v -5.156054 -8.845617 -2.4649487
v -5.1886563 -8.885854 -2.257761
v -5.27269 -8.90809 -2.347335
v -2.8167381 -8.85091 -5.121316
v -2.784082 -8.92413 -5.3273582
v -2.7000244 -8.9018955 -5.237783
v -5.2051024 -8.851032 -4.9972396
v -5.3281007 -8.9126215 -5.117944
v -5.2385206 -8.9242325 -5.2019825
v -2.736884 -9.057357 -2.2948046
v -2.7342033 -8.881633 -2.3831394
v -2.557724 -9.059116 -2.4628825
v -2.6446233 -8.893243 -2.4671795
v -2.557724 -9.059116 -2.4628825
v -2.7342033 -8.881633 -2.3831394
v -5.359413 -9.060064 -2.3485787
v -5.27269 -8.90809 -2.347335
v -5.1913323 -9.057955 -2.169421
v -5.1886563 -8.885854 -2.257761
v -5.1913323 -9.057955 -2.169421
v -5.27269 -8.90809 -2.347335
v -2.6131299 -9.085608 -5.233486
v -2.7000244 -8.9018955 -5.237783
v -2.7812207 -9.08772 -5.4126368
v -2.784082 -8.92413 -5.3273582
v -2.7812207 -9.08772 -5.4126368
v -2.7000244 -8.9018955 -5.237783
v -5.2356544 -9.088308 -5.2872605
v -5.2385206 -8.9242325 -5.2019825
v -5.414829 -9.086548 -5.1191893
v -5.3281007 -8.9126215 -5.117944
v -5.414829 -9.086548 -5.1191893
v -5.2385206 -8.9242325 -5.2019825
v -5.1886563 -8.885854 -2.257761
v -5.156054 -8.845617 -2.4649487
v -2.7342033 -8.881633 -2.3831394
v -2.7676947 -8.869982 -2.589035
v -2.7342033 -8.881633 -2.3831394
v -5.156054 -8.845617 -2.4649487
v -2.6446233 -8.893243 -2.4671795
v -2.7676947 -8.869982 -2.589035
v -2.8167381 -8.85091 -5.121316
v -5.414829 -9.086548 -5.1191893
v -5.3281007 -8.9126215 -5.117944
v -5.359413 -9.060064 -2.3485787
v -5.27269 -8.90809 -2.347335
v -5.359413 -9.060064 -2.3485787
v -5.3281007 -8.9126215 -5.117944
v -2.6446233 -8.893243 -2.4671795
v -2.8167381 -8.85091 -5.121316
v -2.7000244 -8.9018955 -5.237783
v -8.383859 -7.4452186 -8.513416
v -8.381951 -7.562867 -8.425599
v -8.47168 -7.562864 -8.511524
v -3.6522176 -7.4452195 -8.575469
v -3.5643837 -7.562871 -8.577349
v -3.6503243 -7.5628695 -8.487644
v -8.364699 -7.4452133 -11.900962
v -8.452538 -7.562864 -11.899079
v -8.366601 -7.5628624 -11.988782
v -3.7277632 -7.4452133 -11.920522
v -3.7296748 -7.562864 -12.00834
v -3.6399655 -7.562864 -11.922404
v -6.244777 -4.2943974 0.085427396
v -6.209777 -4.410094 0.1643959
v -6.3237634 -4.4100895 0.120421596
v -2.450284 -4.294399 -1.6121248
v -2.3712845 -4.4100947 -1.6471076
v -2.4152856 -4.410095 -1.5331461
v -7.5107827 -4.2943892 -2.9959886
v -7.5897894 -4.410086 -2.9609966
v -7.54579 -4.4100842 -3.0749521
v -3.786142 -4.2943883 -4.619096
v -3.8211474 -4.4100847 -4.6980658
v -3.7071812 -4.4100847 -4.654068
v 5.205051 -7.789831 -6.4306884
v 5.2040453 -7.8703775 -6.2831626
v 5.090344 -7.870374 -6.4319797
v 7.7148023 -7.789831 -6.360265
v 7.8295093 -7.8703775 -6.358973
v 7.7137866 -7.8703756 -6.2127357
v 5.297434 -7.7898145 -13.206133
v 5.182727 -7.8703613 -13.207423
v 5.29843 -7.870356 -13.353664
v 7.8071847 -7.7898145 -13.135708
v 7.808181 -7.870356 -13.283237
v 7.9218726 -7.8703613 -13.134417
v 6.2287693 -6.1452622 -10.475561
v 6.348193 -6.2362986 -10.342343
v 6.2506638 -6.235315 -10.261187
v 2.5317724 -6.1459002 -10.561308
v 2.4854345 -6.246773 -10.349661
v 2.4042675 -6.247958 -10.447187
v 6.2820115 -6.1735754 -12.638207
v 6.3283396 -6.2779603 -12.848667
v 6.409502 -6.276779 -12.751142
v 2.5850098 -6.1742077 -12.723969
v 2.465586 -6.2776356 -12.855994
v 2.5631201 -6.27862 -12.937149
v 0.23411956 -5.317427 -10.181386
v 0.347706 -5.402689 -10.058195
v 0.25742522 -5.4017673 -9.980915
v -2.1689065 -5.3180246 -10.228127
v -2.2095394 -5.4124994 -10.029314
v -2.2868247 -5.413609 -10.119588
v 0.25566986 -5.343944 -12.207356
v 0.2963095 -5.441708 -12.405055
v 0.37360075 -5.440602 -12.314784
v -2.1473649 -5.344536 -12.254108
v -2.26092 -5.441404 -12.376186
v -2.1706448 -5.442326 -12.453459
v -3.6651123 -6.7961216 -9.636609
v -3.524546 -6.9003563 -9.487596
v -3.6338232 -6.8992295 -9.391867
v -7.6601367 -6.7968516 -9.681898
v -7.707026 -6.9123497 -9.438299
v -7.8027587 -6.913706 -9.547575
v -3.6670117 -6.828538 -12.113549
v -3.6200926 -6.948057 -12.355789
v -3.5243504 -6.9467044 -12.246517
v -7.662046 -6.829262 -12.158854
v -7.802568 -6.947685 -12.3065
v -7.693286 -6.948812 -12.4022255
v -2.8788335 -7.9916577 -9.487164
v -2.762785 -8.013372 -9.374589
v -2.8456054 -8.002535 -9.295282
v -5.6291013 -7.9689136 -9.29808
v -5.657547 -8.006475 -9.104365
v -5.736853 -8.027232 -9.18718
v -2.9778016 -7.973856 -11.621243
v -2.9492815 -8.04221 -11.813891
v -2.8699646 -8.021453 -11.731076
v -5.7280693 -7.973971 -11.43217
v -5.844038 -8.031466 -11.543669
v -5.7612176 -8.042304 -11.622973
v -2.8472722 -8.166579 -9.212799
v -2.8456054 -8.002535 -9.295282
v -2.6816258 -8.168221 -9.371412
v -2.762785 -8.013372 -9.374589
v -2.6816258 -8.168221 -9.371412
v -2.8456054 -8.002535 -9.295282
v -5.8178163 -8.169107 -9.187511
v -5.736853 -8.027232 -9.18718
v -5.6592083 -8.167138 -9.021877
v -5.657547 -8.006475 -9.104365
v -5.6592083 -8.167138 -9.021877
v -5.736853 -8.027232 -9.18718
v -2.7888107 -8.192954 -11.727893
v -2.8699646 -8.021453 -11.731076
v -2.9474185 -8.194925 -11.893522
v -2.9492815 -8.04221 -11.813891
v -2.9474185 -8.194925 -11.893522
v -2.8699646 -8.021453 -11.731076
v -5.7593603 -8.195476 -11.702607
v -5.7612176 -8.042304 -11.622973
v -5.9250116 -8.193832 -11.544002
v -5.844038 -8.031466 -11.543669
v -5.9250116 -8.193832 -11.544002
v -5.7612176 -8.042304 -11.622973
v -5.657547 -8.006475 -9.104365
v -5.6291013 -7.9689136 -9.29808
v -2.8456054 -8.002535 -9.295282
v -2.8788335 -7.9916577 -9.487164
v -2.8456054 -8.002535 -9.295282
v -5.6291013 -7.9689136 -9.29808
v -2.762785 -8.013372 -9.374589
v -2.8788335 -7.9916577 -9.487164
v -2.9778016 -7.973856 -11.621243
v -5.9250116 -8.193832 -11.544002
v -5.844038 -8.031466 -11.543669
v -5.8178163 -8.169107 -9.187511
v -5.736853 -8.027232 -9.18718
v -5.8178163 -8.169107 -9.187511
v -5.844038 -8.031466 -11.543669
v -2.762785 -8.013372 -9.374589
v -2.9778016 -7.973856 -11.621243
v -2.8699646 -8.021453 -11.731076
v -7.5446525 -7.3454843 -3.9386673
v -7.591479 -7.453625 -3.8728948
v -7.6104336 -7.453622 -3.9855077
v -4.37143 -7.345487 -1.6964805
v -4.3056583 -7.4536276 -1.6496245
v -4.418261 -7.4536276 -1.630703
v -5.3674755 -7.3454766 -7.104787
v -5.4332566 -7.453618 -7.151636
v -5.320659 -7.4536166 -7.170568
v -2.2873974 -7.3454757 -4.8832874
v -2.240576 -7.453618 -4.9490685
v -2.2216454 -7.453618 -4.836461
v 7.3240914 5.497053 0.25987685
v 7.4842577 5.366194 0.25987685
v 7.3240914 5.366189 0.40623915
v -2.826555 5.497053 0.25988418
v -2.826555 5.366189 0.4062416
v -2.9867308 5.366189 0.25988173
v 7.324072 5.497064 -11.113007
v 7.324082 5.3662066 -11.259374
v 7.4842577 5.3662004 -11.113008
v -2.8265772 5.497069 -11.112999
v -2.9867334 5.3662004 -11.113
v -2.826555 5.3662066 -11.259369
v 7.075061 10.925489 5.2981143
v 7.224193 10.986173 5.438554
v 7.1207666 10.987301 5.5405803
v 0.46836668 10.924759 5.5905805
v 0.435968 10.809261 5.83653
v 0.33393797 10.807904 5.7331047
v 6.5348225 10.893058 -2.2897377
v 6.5673327 10.773541 -2.53433
v 6.6693687 10.774894 -2.430907
v -0.07187988 10.892339 -1.9972864
v -0.2208911 10.773916 -2.1363661
v -0.11745727 10.772788 -2.2383852
v 0.435968 10.809261 5.83653
v 0.46836668 10.924759 5.5905805
v 7.1207666 10.987301 5.5405803
v 7.075061 10.925489 5.2981143
v 7.1207666 10.987301 5.5405803
v 0.46836668 10.924759 5.5905805
v 7.224193 10.986173 5.438554
v 7.075061 10.925489 5.2981143
v 6.6693687 10.774894 -2.430907
v 6.5348225 10.893058 -2.2897377
v 6.6693687 10.774894 -2.430907
v 7.075061 10.925489 5.2981143
v 0.43541014 10.601556 5.9410586
v 0.435968 10.809261 5.83653
v 7.1202087 10.602323 5.645109
v 7.1207666 10.987301 5.5405803
v 7.1202087 10.602323 5.645109
v 0.435968 10.809261 5.83653
v 7.327082 10.600064 5.4410586
v 7.224193 10.986173 5.438554
v 6.772246 10.566061 -2.4283924
v 6.6693687 10.774894 -2.430907
v 6.772246 10.566061 -2.4283924
v 7.224193 10.986173 5.438554
v 5.191284 7.879728 0.5263011
v 5.298562 7.92526 0.63637924
v 5.217745 7.9261045 0.7095349
v 2.3022766 7.8791757 0.5393443
v 2.270074 7.792511 0.722677
v 2.1969163 7.7914953 0.64186263
v 5.0073333 7.8431334 -4.2253385
v 5.039577 7.753452 -4.4076495
v 5.1127386 7.7544675 -4.3268385
v 2.1183221 7.8425927 -4.212304
v 2.01109 7.7537303 -4.3213596
v 2.0919116 7.7528853 -4.394511
v 2.270074 7.792511 0.722677
v 2.3022766 7.8791757 0.5393443
v 5.217745 7.9261045 0.7095349
v 5.191284 7.879728 0.5263011
v 5.217745 7.9261045 0.7095349
v 2.3022766 7.8791757 0.5393443
v 5.298562 7.92526 0.63637924
v 5.191284 7.879728 0.5263011
v 5.1127386 7.7544675 -4.3268385
v 5.0073333 7.8431334 -4.2253385
v 5.1127386 7.7544675 -4.3268385
v 5.191284 7.879728 0.5263011
v 2.266294 7.6366663 0.8010254
v 2.270074 7.792511 0.722677
v 5.213962 7.6372375 0.787879
v 5.217745 7.9261045 0.7095349
v 5.213962 7.6372375 0.787879
v 2.270074 7.792511 0.722677
v 5.3756127 7.635548 0.64157027
v 5.298562 7.92526 0.63637924
v 5.1897798 7.597773 -4.321643
v 5.1127386 7.7544675 -4.3268385
v 5.1897798 7.597773 -4.321643
v 5.298562 7.92526 0.63637924
v 5.4263487 5.1755395 -10.044203
v 5.581687 5.059939 -9.935388
v 5.4648423 5.059939 -9.849895
v 2.23557 5.17554 -10.10619
v 2.1956275 5.0599394 -9.922379
v 2.0869384 5.0599394 -10.023121
v 5.518742 5.1755586 -12.137143
v 5.5586944 5.059958 -12.320955
v 5.6673846 5.0599527 -12.22022
v 2.3279467 5.1755586 -12.199138
v 2.1726305 5.059958 -12.307949
v 2.2894897 5.059958 -12.393448
v 9.142593 11.894087 -0.74477494
v 9.214335 11.824199 -0.72649366
v 9.124521 11.824258 -0.65822464
v 6.241903 11.893896 -1.1720088
v 6.223822 11.824072 -1.0854609
v 6.170094 11.823998 -1.1896784
v 9.397877 11.891098 -3.521353
v 9.41589 11.821147 -3.6072845
v 9.469622 11.82122 -3.5030694
v 6.4971795 11.890914 -3.9485974
v 6.4253736 11.821016 -3.9662535
v 6.5151978 11.820953 -4.034523
v 7.262207 10.548713 -0.4939903
v 7.4113317 10.433112 -0.37679884
v 7.289964 10.433112 -0.2978572
v 4.8519897 10.548713 -0.6887254
v 4.8020053 10.433112 -0.5073863
v 4.699017 10.433112 -0.6139488
v 7.30297 10.548729 -10.439675
v 7.3529625 10.433124 -10.621016
v 7.455953 10.433124 -10.514458
v 4.8927355 10.548729 -10.6344185
v 4.743633 10.433124 -10.7515955
v 4.865014 10.433124 -10.830543
v 6.7343783 4.4508815 -2.9504209
v 6.9076657 4.3205004 -2.8348076
v 6.7805834 4.32114 -2.737287
v 3.1333385 4.486531 -2.9128618
v 3.092522 4.3577223 -2.7093537
v 2.9697607 4.3596435 -2.8180363
v 6.7837706 4.4652343 -13.009565
v 6.8220487 4.3382545 -13.214713
v 6.944811 4.336328 -13.106036
v 3.1827135 4.50089 -12.972017
v 3.0069 4.375482 -13.089264
v 3.1339984 4.3748374 -13.18679
v 8.804907 1.1036156 -2.4728289
v 8.964719 0.9880151 -2.3246465
v 8.851599 0.9880151 -2.1945207
v 5.1527524 1.1036144 -2.4184732
v 5.1206336 0.9880139 -2.15082
v 5.0077734 0.9880139 -2.2900205
v 8.713286 1.1036273 -12.551448
v 8.745415 0.98802674 -12.819103
v 8.858278 0.98802674 -12.679912
v 5.0611167 1.1036224 -12.497107
v 4.9013267 0.98802185 -12.645277
v 5.0144596 0.98802185 -12.7754135
v 9.952627 11.5418415 -9.235087
v 10.1175585 11.426054 -9.092775
v 10.008563 11.424584 -8.959187
v 6.0814195 11.521494 -9.059809
v 6.058252 11.403901 -8.792099
v 5.9410987 11.404272 -8.927707
v 9.761228 11.610244 -11.679175
v 9.785546 11.49664 -11.948505
v 9.902702 11.496274 -11.812906
v 5.8900056 11.589892 -11.503911
v 5.7262363 11.474483 -11.647829
v 5.8352466 11.475957 -11.781431
v 8.847265 6.8732176 -10.364946
v 9.046555 6.6558056 -10.2095375
v 8.91959 6.655801 -10.084497
v 6.55675 6.8732176 -10.306394
v 6.4557834 6.655801 -10.02311
v 6.3506236 6.655801 -10.1755705
v 8.9347315 6.8732495 -13.185979
v 9.035706 6.6558347 -13.46927
v 9.140869 6.655825 -13.316813
v 6.491551 6.873247 -13.159369
v 6.292282 6.6558275 -13.314768
v 6.4192605 6.6558323 -13.439821
v 10.029973 11.33804 9.596258
v 10.118296 11.254637 9.598759
v 10.031594 11.254705 9.701769
v 5.1171837 11.337811 10.0175085
v 5.1187963 11.254475 10.123021
v 5.0289416 11.254388 10.0157385
v 9.223093 11.334482 -1.9287752
v 9.221562 11.250986 -2.0335524
v 9.3114195 11.251074 -1.9262745
v 4.268707 11.334257 -1.670896
v 4.180471 11.250834 -1.6726502
v 4.267184 11.250761 -1.7756691
v 4.691494 2.3560016 -13.817125
v 4.597058 2.2193854 -13.820716
v 4.6959667 2.2193902 -13.925504
v 4.552639 2.3559813 -10.173328
v 4.548164 2.2193651 -10.064942
v 4.4582005 2.2193651 -10.176915
v 10.191225 2.3560016 -13.710912
v 10.195703 2.2193854 -13.81929
v 10.285664 2.2193902 -13.7073345
v 10.052382 2.3559864 -10.067104
v 10.146816 2.219375 -10.063526
v 10.0479 2.2193701 -9.958729
v -3.2166119 5.2539563 -8.60112
v -3.2562714 5.1536045 -8.436032
v -3.3387158 5.153607 -8.591805
v -0.48944274 5.2447715 -8.526955
v -0.37524474 5.1536045 -8.51374
v -0.4823065 5.1536045 -8.350446
v -3.0596917 5.253963 -11.502886
v -3.1785216 5.153619 -11.518312
v -3.068859 5.1536236 -11.659125
v -0.3297113 5.2539606 -11.456789
v -0.2893463 5.1536236 -11.62914
v -0.20176819 5.153619 -11.524787
v -3.235879 4.9260607 -8.384762
v -3.407713 4.9260607 -8.58952
v -3.2562714 5.1536045 -8.436032
v -3.3387158 5.153607 -8.591805
v -3.2562714 5.1536045 -8.436032
v -3.407713 4.9260607 -8.58952
v -0.30115235 4.9873204 -8.510502
v -0.5058984 4.9873204 -8.338666
v -0.37524474 5.1536045 -8.51374
v -0.4823065 5.1536045 -8.350446
v -0.37524474 5.1536045 -8.51374
v -0.5058984 4.9873204 -8.338666
v -3.2479918 4.9260774 -11.519345
v -3.0432427 4.9260774 -11.691176
v -3.1785216 5.153619 -11.518312
v -3.068859 5.1536236 -11.659125
v -3.1785216 5.153619 -11.518312
v -3.0432427 4.9260774 -11.691176
v -0.4823065 5.1536045 -8.350446
v -3.2562714 5.1536045 -8.436032
v -0.48944274 5.2447715 -8.526955
v -3.2166119 5.2539563 -8.60112
v -0.48944274 5.2447715 -8.526955
v -3.2562714 5.1536045 -8.436032
v -0.5058984 4.9873204 -8.338666
v -3.235879 4.9260607 -8.384762
v -0.4823065 5.1536045 -8.350446
v -3.2562714 5.1536045 -8.436032
v -0.4823065 5.1536045 -8.350446
v -3.235879 4.9260607 -8.384762
v -0.14143372 4.9260745 -11.440327
v -0.30115235 4.9873204 -8.510502
v -0.20176819 5.153619 -11.524787
v -0.37524474 5.1536045 -8.51374
v -0.20176819 5.153619 -11.524787
v -0.30115235 4.9873204 -8.510502
v -3.0432427 4.9260774 -11.691176
v -0.31326598 4.9260745 -11.645078
v -3.068859 5.1536236 -11.659125
v -0.2893463 5.1536236 -11.62914
v -3.068859 5.1536236 -11.659125
v -0.31326598 4.9260745 -11.645078
v 1.2959659 6.3202586 -1.6743275
v 1.4820449 6.204658 -1.637651
v 1.4097714 6.204658 -1.512199
v -0.9397771 6.3202586 -0.75317276
v -0.9019499 6.204658 -0.56891495
v -1.0421016 6.204658 -0.617079
v 0.53381985 6.3202744 -3.6257553
v 0.49600127 6.204674 -3.8100183
v 0.63615143 6.204669 -3.7618604
v -1.7019411 6.3202744 -2.7046008
v -1.8879986 6.204674 -2.7412827
v -1.8157141 6.204674 -2.8667464
v 4.234464 5.831816 -0.9762446
v 4.3684535 5.7112794 -0.8307954
v 4.230386 5.7112794 -0.76974106
v 0.79342407 5.8318176 -1.7942822
v 0.7117868 5.7112803 -1.615946
v 0.62351716 5.7112803 -1.7427795
v 5.556144 5.831832 -5.485617
v 5.637792 5.7112937 -5.663954
v 5.7260637 5.711289 -5.5371265
v 2.1150892 5.8318334 -6.303667
v 1.9811221 5.7112937 -6.4491076
v 2.119206 5.7112937 -6.5101643
v 1.9811221 5.7112937 -6.4491076
v 0.79342407 5.8318176 -1.7942822
v 0.62351716 5.7112803 -1.7427795
v 4.3684535 5.7112794 -0.8307954
v 4.234464 5.831816 -0.9762446
v 5.7260637 5.711289 -5.5371265
v 5.556144 5.831832 -5.485617
v 5.7260637 5.711289 -5.5371265
v 4.234464 5.831816 -0.9762446
v 1.9811221 5.7112937 -6.4491076
v 2.1150892 5.8318334 -6.303667
v 0.79342407 5.8318176 -1.7942822
v 4.9692655 7.6335754 -9.584159
v 4.9676447 7.5530295 -9.436632
v 4.821756 7.5530343 -9.585779
v 6.637713 7.6335754 -9.509975
v 6.785252 7.553031 -9.508352
v 6.6360917 7.553031 -9.362449
v 5.099695 7.633589 -12.34937
v 4.952156 7.553042 -12.350993
v 5.1013064 7.553043 -12.4969
v 6.7681427 7.633585 -12.2751875
v 6.769754 7.553043 -12.422713
v 6.9156623 7.553038 -12.273564
v 0.2707788 -3.3228934 -3.0474374
v 0.26674682 -3.4616854 -2.9476764
v 0.17130126 -3.4616525 -3.0563922
v 3.2196789 -3.2711883 -2.8223236
v 3.324317 -3.4063375 -2.8179507
v 3.2156243 -3.4099808 -2.7225595
v 0.5930029 -3.2736702 -5.621299
v 0.49350342 -3.4124365 -5.630259
v 0.602193 -3.4087908 -5.7256503
v 3.4277747 -3.224779 -5.3564386
v 3.4369597 -3.3598998 -5.460791
v 3.5323882 -3.359928 -5.352073
v -10.175093 -4.8051343 13.190216
v -10.188647 -4.8923364 13.291602
v -10.27648 -4.892332 13.176651
v -4.9179153 -4.8051357 13.814898
v -4.8165193 -4.8923373 13.828466
v -4.931475 -4.8923373 13.916282
v -9.268666 -4.8051305 5.2401257
v -9.370063 -4.8923326 5.2265635
v -9.255107 -4.8923316 5.138744
v -4.1280656 -4.8051305 5.896742
v -4.1145205 -4.8923316 5.7953553
v -4.0266886 -4.8923326 5.910305
v 5.5001426 -1.617684 10.76932
v -1.9860241 -1.6176836 11.35269
v 5.485962 -1.5180511 10.587376
v -2.0002053 -1.5180506 11.170746
v 4.7311053 -1.617676 -3.235885
v 5.667925 -1.6176846 10.573195
v 4.5491657 -1.5180374 -3.221709
v 5.485962 -1.5180511 10.587376
v -2.9512072 -1.6176705 -2.8202837
v 4.5349646 -1.6176705 -3.4036565
v -2.9370105 -1.5180377 -2.6383338
v 4.5491657 -1.5180374 -3.221709
v -2.1821542 -1.6176797 11.184923
v -3.1189795 -1.617676 -2.6241546
v -2.0002053 -1.5180506 11.170746
v -2.9370105 -1.5180377 -2.6383338
v 3.33062 -2.6395793 -11.015156
v 8.773828 -2.6395793 -10.978001
v 3.327793 -2.5216296 -10.799129
v 8.771006 -2.5216296 -10.76197
v 2.703706 -2.6395874 -0.19029982
v 3.1117527 -2.6395788 -10.80196
v 2.9197266 -2.5216331 -0.18747085
v 3.327793 -2.5216296 -10.799129
v 8.360137 -2.6395824 0.06571518
v 2.916914 -2.6395824 0.028560638
v 8.362949 -2.5216331 -0.15031753
v 2.9197266 -2.5216331 -0.18747085
v 8.9870405 -2.6395738 -10.759146
v 8.578994 -2.6395874 -0.14749038
v 8.771006 -2.5216296 -10.76197
v 8.362949 -2.5216331 -0.15031753
v -1.971856 -1.8830498 11.534655
v -2.3641129 -1.8830502 11.1991005
v -1.9860241 -1.6176836 11.35269
v -2.1821542 -1.6176797 11.184923
v 5.8498635 -1.8830502 10.559008
v 5.51433 -1.8830502 10.951278
v 5.667925 -1.6176846 10.573195
v 5.5001426 -1.617684 10.76932
v -3.3009179 -1.8830471 -2.609976
v -2.9653833 -1.8830428 -3.0022326
v -3.1189795 -1.617676 -2.6241546
v -2.9512072 -1.6176705 -2.8202837
v 4.520778 -1.8830432 -3.5856047
v 4.9130435 -1.8830471 -3.2500634
v 4.5349646 -1.6176705 -3.4036565
v 4.7311053 -1.617676 -3.235885
v 4.9130435 -1.8830471 -3.2500634
v 5.8498635 -1.8830502 10.559008
v 4.7311053 -1.617676 -3.235885
v 5.667925 -1.6176846 10.573195
v -2.9653833 -1.8830428 -3.0022326
v 4.520778 -1.8830432 -3.5856047
v -2.9512072 -1.6176705 -2.8202837
v 4.5349646 -1.6176705 -3.4036565
v -2.3641129 -1.8830502 11.1991005
v -3.3009179 -1.8830471 -2.609976
v -2.1821542 -1.6176797 11.184923
v -3.1189795 -1.617676 -2.6241546
v 8.77666 -2.9537246 -11.194053
v 9.203066 -2.9537299 -10.756326
v 8.773828 -2.6395793 -10.978001
v 8.9870405 -2.6395738 -10.759146
v 2.8957324 -2.9537299 -10.804777
v 3.3334324 -2.9537299 -11.231201
v 3.1117527 -2.6395788 -10.80196
v 3.33062 -2.6395793 -11.015156
v 8.79501 -2.9537377 -0.14466384
v 8.357305 -2.9537385 0.28174362
v 8.578994 -2.6395874 -0.14749038
v 8.360137 -2.6395824 0.06571518
v 2.9140918 -2.9537385 0.24458908
v 2.4876807 -2.9537377 -0.1931282
v 2.916914 -2.6395824 0.028560638
v 2.703706 -2.6395874 -0.19029982
v 3.3334324 -2.9537299 -11.231201
v 8.77666 -2.9537246 -11.194053
v 3.33062 -2.6395793 -11.015156
v 8.773828 -2.6395793 -10.978001
v 2.4876807 -2.9537377 -0.1931282
v 2.8957324 -2.9537299 -10.804777
v 2.703706 -2.6395874 -0.19029982
v 3.1117527 -2.6395788 -10.80196
v 8.357305 -2.9537385 0.28174362
v 2.9140918 -2.9537385 0.24458908
v 8.360137 -2.6395824 0.06571518
v 2.916914 -2.6395824 0.028560638
v 9.203066 -2.9537299 -10.756326
v 8.79501 -2.9537377 -0.14466384
v 8.9870405 -2.6395738 -10.759146
v 8.578994 -2.6395874 -0.14749038
v -5.226452 -4.665184 -2.9229405
v -4.9835367 -4.665178 -11.623366
v -5.079045 -4.5530686 -2.916737
v -4.836139 -4.5530686 -11.617163
v 3.7946446 -4.6651735 -2.591488
v -5.085251 -4.6651845 -2.7693274
v 3.8008556 -4.553065 -2.7388842
v -5.079045 -4.5530686 -2.916737
v 4.1911683 -4.6651716 -11.433118
v 3.9482532 -4.6651692 -2.7326941
v 4.043756 -4.553062 -11.439309
v 3.8008556 -4.553065 -2.7388842
v -4.829933 -4.6651783 -11.764563
v 4.049967 -4.665173 -11.586726
v -4.836139 -4.5530686 -11.617163
v 4.043756 -4.553062 -11.439309
v -5.130949 -4.9354715 -11.629573
v -4.8237324 -4.935472 -11.911977
v -4.9835367 -4.665178 -11.623366
v -4.829933 -4.6651783 -11.764563
v -5.091447 -4.935472 -2.6219287
v -5.373859 -4.9354725 -2.9291356
v -5.085251 -4.6651845 -2.7693274
v -5.226452 -4.665184 -2.9229405
v 4.056173 -4.9354663 -11.734128
v 4.3385706 -4.9354663 -11.426916
v 4.049967 -4.665173 -11.586726
v 4.1911683 -4.6651716 -11.433118
v 4.095665 -4.9354672 -2.7264934
v 3.7884436 -4.9354672 -2.4440901
v 3.9482532 -4.6651692 -2.7326941
v 3.7946446 -4.6651735 -2.591488
v -5.373859 -4.9354725 -2.9291356
v -5.130949 -4.9354715 -11.629573
v -5.226452 -4.665184 -2.9229405
v -4.9835367 -4.665178 -11.623366
v 3.7884436 -4.9354672 -2.4440901
v -5.091447 -4.935472 -2.6219287
v 3.7946446 -4.6651735 -2.591488
v -5.085251 -4.6651845 -2.7693274
v 4.3385706 -4.9354663 -11.426916
v 4.095665 -4.9354672 -2.7264934
v 4.1911683 -4.6651716 -11.433118
v 3.9482532 -4.6651692 -2.7326941
v -4.8237324 -4.935472 -11.911977
v 4.056173 -4.9354663 -11.734128
v -4.829933 -4.6651783 -11.764563
v 4.049967 -4.665173 -11.586726
v 2.2560327 -0.7506625 -4.203127
v 6.74531 -0.7506631 -5.5126715
v 2.2812426 -0.67012054 -4.1141963
v 6.770525 -0.67011625 -5.423741
v 3.7760913 -0.75067073 1.5512713
v 2.1892455 -0.7506625 -4.088168
v 3.8680687 -0.6701251 1.5252459
v 2.2812426 -0.67012054 -4.1141963
v 8.382575 -0.7506668 0.3046266
v 3.8932934 -0.7506671 1.6141741
v 8.357361 -0.6701242 0.21570083
v 3.8680687 -0.6701251 1.5252459
v 6.862517 -0.7506583 -5.449766
v 8.449353 -0.7506711 0.18967056
v 6.770525 -0.67011625 -5.423741
v 8.357361 -0.6701242 0.21570083
v 6.720095 -0.9651846 -5.601607
v 6.9545093 -0.9651846 -5.475794
v 6.74531 -0.7506631 -5.5126715
v 6.862517 -0.7506583 -5.449766
v 2.097263 -0.96518886 -4.0621443
v 2.230808 -0.96518886 -4.292056
v 2.1892455 -0.7506625 -4.088168
v 2.2560327 -0.7506625 -4.203127
v 8.541345 -0.96519256 0.1636467
v 8.40779 -0.96519256 0.3935588
v 8.449353 -0.7506711 0.18967056
v 8.382575 -0.7506668 0.3046266
v 3.918513 -0.96519345 1.7031012
v 3.684104 -0.96519226 1.5772942
v 3.8932934 -0.7506671 1.6141741
v 3.7760913 -0.75067073 1.5512713
v 2.230808 -0.96518886 -4.292056
v 6.720095 -0.9651846 -5.601607
v 2.2560327 -0.7506625 -4.203127
v 6.74531 -0.7506631 -5.5126715
v 3.684104 -0.96519226 1.5772942
v 2.097263 -0.96518886 -4.0621443
v 3.7760913 -0.75067073 1.5512713
v 2.1892455 -0.7506625 -4.088168
v 8.40779 -0.96519256 0.3935588
v 3.918513 -0.96519345 1.7031012
v 8.382575 -0.7506668 0.3046266
v 3.8932934 -0.7506671 1.6141741
v 6.9545093 -0.9651846 -5.475794
v 8.541345 -0.96519256 0.1636467
v 6.862517 -0.7506583 -5.449766
v 8.449353 -0.7506711 0.18967056
v 2.3918407 -7.1963673 -1.2915345
v -1.8013378 -7.1963673 -1.3284425
v 2.3887305 -7.1344085 -1.404986
v -1.8044434 -7.1344085 -1.4418929
v 2.5393653 -7.196361 -4.2854905
v 2.5021875 -7.1963673 -1.408097
v 2.4259179 -7.1343985 -4.28238
v 2.3887305 -7.1344085 -1.404986
v -1.7703711 -7.196357 -4.432741
v 2.4227881 -7.196357 -4.3958325
v -1.7672558 -7.1343985 -4.319287
v 2.4259179 -7.1343985 -4.28238
v -1.9178954 -7.1963634 -1.438783
v -1.8807129 -7.196361 -4.316176
v -1.8044434 -7.1344085 -1.4418929
v -1.7672558 -7.1343985 -4.319287
v -1.7982227 -7.3613977 -1.214983
v -2.0313525 -7.361397 -1.4356734
v -1.8013378 -7.1963673 -1.3284425
v -1.9178954 -7.1963634 -1.438783
v 2.61563 -7.361397 -1.4112147
v 2.3949609 -7.3613977 -1.17808
v 2.5021875 -7.1963673 -1.408097
v 2.3918407 -7.1963673 -1.2915345
v -1.994165 -7.36139 -4.313067
v -1.7734911 -7.36139 -4.546191
v -1.8807129 -7.196361 -4.316176
v -1.7703711 -7.196357 -4.432741
v 2.4196825 -7.361387 -4.5092835
v 2.6528075 -7.36139 -4.2886024
v 2.4227881 -7.196357 -4.3958325
v 2.5393653 -7.196361 -4.2854905
v 2.3949609 -7.3613977 -1.17808
v -1.7982227 -7.3613977 -1.214983
v 2.3918407 -7.1963673 -1.2915345
v -1.8013378 -7.1963673 -1.3284425
v 2.6528075 -7.36139 -4.2886024
v 2.61563 -7.361397 -1.4112147
v 2.5393653 -7.196361 -4.2854905
v 2.5021875 -7.1963673 -1.408097
v -1.7734911 -7.36139 -4.546191
v 2.4196825 -7.361387 -4.5092835
v -1.7703711 -7.196357 -4.432741
v 2.4227881 -7.196357 -4.3958325
v -2.0313525 -7.361397 -1.4356734
v -1.994165 -7.36139 -4.313067
v -1.9178954 -7.1963634 -1.438783
v -1.8807129 -7.196361 -4.316176
v 8.813397 -4.9263673 -2.0637684
v 0.41532987 -4.9263673 -2.1239498
v 8.808289 -4.8458204 -2.2112122
v 0.4102307 -4.845821 -2.2713923
v 8.652609 -4.9263563 -11.994186
v 8.955742 -4.9263673 -2.216307
v 8.505173 -4.845809 -11.989097
v 8.808289 -4.8458204 -2.2112122
v 0.10200683 -4.926351 -12.196725
v 8.500065 -4.926351 -12.136539
v 0.1071112 -4.84581 -12.049279
v 8.505173 -4.845809 -11.989097
v 0.26279572 -4.926363 -2.2663033
v -0.040333252 -4.926357 -12.044182
v 0.4102307 -4.845821 -2.2713923
v 0.1071112 -4.84581 -12.049279
v 0.4204248 -5.140894 -1.9764894
v 0.11534149 -5.140895 -2.2612102
v 0.41532987 -4.9263673 -2.1239498
v 0.26279572 -4.926363 -2.2663033
v 9.103187 -5.140895 -2.2214043
v 8.818487 -5.1408935 -1.9163142
v 8.955742 -4.9263673 -2.216307
v 8.813397 -4.9263673 -2.0637684
v -0.18778747 -5.140883 -12.039089
v 0.09691742 -5.140883 -12.344169
v -0.040333252 -4.926357 -12.044182
v 0.10200683 -4.926351 -12.196725
v 8.494974 -5.140883 -12.283985
v 8.800053 -5.140882 -11.999282
v 8.500065 -4.926351 -12.136539
v 8.652609 -4.9263563 -11.994186
v 8.818487 -5.1408935 -1.9163142
v 0.4204248 -5.140894 -1.9764894
v 8.813397 -4.9263673 -2.0637684
v 0.41532987 -4.9263673 -2.1239498
v 8.800053 -5.140882 -11.999282
v 9.103187 -5.140895 -2.2214043
v 8.652609 -4.9263563 -11.994186
v 8.955742 -4.9263673 -2.216307
v 0.09691742 -5.140883 -12.344169
v 8.494974 -5.140883 -12.283985
v 0.10200683 -4.926351 -12.196725
v 8.500065 -4.926351 -12.136539
v 0.11534149 -5.140895 -2.2612102
v -0.18778747 -5.140883 -12.039089
v 0.26279572 -4.926363 -2.2663033
v -0.040333252 -4.926357 -12.044182
v 7.284824 -0.033812866 1.1103302
v 5.625942 -0.03380798 0.8227289
v 7.299912 0.07398498 1.0312701
v 5.6410203 0.07399048 0.7436676
v 7.7794237 -0.03379974 -1.2344011
v 7.3789744 -0.033812866 1.0463519
v 7.700371 0.07399322 -1.2494804
v 7.299912 0.07398498 1.0312701
v 6.149531 -0.03379974 -1.6361418
v 7.7154393 -0.03379974 -1.328543
v 6.134453 0.07399322 -1.5570793
v 7.700371 0.07399322 -1.2494804
v 5.561958 -0.03380737 0.72858703
v 6.0553904 -0.033804625 -1.5721611
v 5.6410203 0.07399048 0.7436676
v 6.134453 0.07399322 -1.5570793
v 5.610854 -0.22063904 0.90179443
v 5.4828954 -0.22063842 0.71350706
v 5.625942 -0.03380798 0.8227289
v 5.561958 -0.03380737 0.72858703
v 7.4580274 -0.22063904 1.0614258
v 7.269746 -0.22064392 1.189397
v 7.3789744 -0.033812866 1.0463519
v 7.284824 -0.033812866 1.1103302
v 5.976328 -0.2206308 -1.5872399
v 6.1646094 -0.2206308 -1.7152025
v 6.0553904 -0.033804625 -1.5721611
v 6.149531 -0.03379974 -1.6361418
v 7.269746 -0.22064392 1.189397
v 5.610854 -0.22063904 0.90179443
v 7.284824 -0.033812866 1.1103302
v 5.625942 -0.03380798 0.8227289
v 7.858486 -0.2206308 -1.2193205
v 7.4580274 -0.22063904 1.0614258
v 7.7794237 -0.03379974 -1.2344011
v 7.3789744 -0.033812866 1.0463519
v 6.1646094 -0.2206308 -1.7152025
v 7.7305174 -0.2206308 -1.4076017
v 6.149531 -0.03379974 -1.6361418
v 7.7154393 -0.03379974 -1.328543
v 5.4828954 -0.22063842 0.71350706
v 5.976328 -0.2206308 -1.5872399
v 5.561958 -0.03380737 0.72858703
v 6.0553904 -0.033804625 -1.5721611
v -1.1241943 -5.903257 -10.779719
v -4.4371777 -5.903257 -10.779721
v -1.1241943 -5.854395 -10.898552
v -4.4371777 -5.854395 -10.898555
v -1.0252832 -5.9032526 -12.606959
v -1.0252832 -5.903257 -10.890315
v -1.1241943 -5.8543954 -12.606961
v -1.1241943 -5.854395 -10.898552
v -4.4371777 -5.9032526 -12.725796
v -1.1241992 -5.9032526 -12.725795
v -4.437173 -5.8543963 -12.606961
v -1.1241943 -5.8543954 -12.606961
v -4.536089 -5.903251 -10.898555
v -4.5360937 -5.9032526 -12.606961
v -4.4371777 -5.854395 -10.898555
v -4.437173 -5.8543963 -12.606961
v -4.4371824 -6.033382 -10.660879
v -4.63501 -6.033381 -10.898557
v -4.4371777 -5.903257 -10.779721
v -4.536089 -5.903251 -10.898555
v -0.92636716 -6.033381 -10.890322
v -1.1241943 -6.033381 -10.660879
v -1.0252832 -5.903257 -10.890315
v -1.1241943 -5.903257 -10.779719
v -4.635005 -6.033382 -12.606961
v -4.4371777 -6.0333824 -12.84463
v -4.5360937 -5.9032526 -12.606961
v -4.4371777 -5.9032526 -12.725796
v -1.124204 -6.0333824 -12.844628
v -0.92636716 -6.033382 -12.606959
v -1.1241992 -5.9032526 -12.725795
v -1.0252832 -5.9032526 -12.606959
v -0.92636716 -6.033382 -12.606959
v -0.92636716 -6.033381 -10.890322
v -1.0252832 -5.9032526 -12.606959
v -1.0252832 -5.903257 -10.890315
v -4.4371777 -6.0333824 -12.84463
v -1.124204 -6.0333824 -12.844628
v -4.4371777 -5.9032526 -12.725796
v -1.1241992 -5.9032526 -12.725795
v -4.63501 -6.033381 -10.898557
v -4.635005 -6.033382 -12.606961
v -4.536089 -5.903251 -10.898555
v -4.5360937 -5.9032526 -12.606961
v -2.170683 -3.1501765 9.261105
v -6.0529094 -3.1501758 8.731271
v -2.1571233 -3.0629752 9.15972
v -6.039355 -3.0629735 8.629884
v -0.9851007 -3.150172 -1.39954
v -2.0557268 -3.1501765 9.173289
v -1.0864776 -3.06297 -1.413103
v -2.1571233 -3.0629752 9.15972
v -4.8385725 -3.1501715 -2.0762563
v -1.0729327 -3.1501708 -1.5144899
v -4.852132 -3.06297 -1.9748743
v -1.0864776 -3.06297 -1.413103
v -6.140741 -3.1501715 8.616318
v -4.9535284 -3.150172 -1.9884363
v -6.039355 -3.0629735 8.629884
v -4.852132 -3.06297 -1.9748743
v -6.0664787 -3.3013105 8.83266
v -6.2421374 -3.3013058 8.602755
v -6.0529094 -3.1501758 8.731271
v -6.140741 -3.1501715 8.616318
v -1.9543595 -3.3013113 9.186832
v -2.1842523 -3.3013105 9.3624935
v -2.0557268 -3.1501765 9.173289
v -2.170683 -3.1501765 9.261105
v -5.0549054 -3.3013055 -2.0019953
v -4.8250175 -3.3013058 -2.177651
v -4.9535284 -3.150172 -1.9884363
v -4.8385725 -3.1501715 -2.0762563
v -2.1842523 -3.3013105 9.3624935
v -6.0664787 -3.3013105 8.83266
v -2.170683 -3.1501765 9.261105
v -6.0529094 -3.1501758 8.731271
v -0.88371396 -3.301306 -1.3859792
v -1.9543595 -3.3013113 9.186832
v -0.9851007 -3.150172 -1.39954
v -2.0557268 -3.1501765 9.173289
v -4.8250175 -3.3013058 -2.177651
v -1.0593683 -3.3013055 -1.6158814
v -4.8385725 -3.1501715 -2.0762563
v -1.0729327 -3.1501708 -1.5144899
v -6.2421374 -3.3013058 8.602755
v -5.0549054 -3.3013055 -2.0019953
v -6.140741 -3.1501715 8.616318
v -4.9535284 -3.150172 -1.9884363
v -9.196557 -7.641234 -11.030424
v -2.9301605 -7.641234 -11.003388
v -9.194624 -7.523285 -10.814411
v -2.928227 -7.523284 -10.787373
v -9.34854 -7.641241 -3.5590353
v -9.305498 -7.641234 -10.810644
v -9.23768 -7.5232873 -3.5628002
v -9.194624 -7.523285 -10.814411
v -2.9693408 -7.6412363 -3.3197505
v -9.235737 -7.6412363 -3.3467867
v -2.9712842 -7.5232873 -3.5357661
v -9.23768 -7.5232873 -3.5628002
v -2.8173676 -7.641229 -10.791144
v -2.86041 -7.641241 -3.5395381
v -2.928227 -7.523284 -10.787373
v -2.9712842 -7.5232873 -3.5357661
v -2.9320946 -7.7999625 -11.219423
v -2.7064984 -7.7999682 -10.794917
v -2.9301605 -7.641234 -11.003388
v -2.8173676 -7.641229 -10.791144
v -9.416357 -7.7999682 -10.806863
v -9.198501 -7.7999673 -11.246449
v -9.305498 -7.641234 -10.810644
v -9.196557 -7.641234 -11.030424
v -2.7495458 -7.799974 -3.5433078
v -2.9674072 -7.799975 -3.1037362
v -2.86041 -7.641241 -3.5395381
v -2.9693408 -7.6412363 -3.3197505
v -9.233804 -7.7999754 -3.1307724
v -9.459409 -7.799974 -3.5552657
v -9.235737 -7.6412363 -3.3467867
v -9.34854 -7.641241 -3.5590353
v -9.198501 -7.7999673 -11.246449
v -2.9320946 -7.7999625 -11.219423
v -9.196557 -7.641234 -11.030424
v -2.9301605 -7.641234 -11.003388
v -9.459409 -7.799974 -3.5552657
v -9.416357 -7.7999682 -10.806863
v -9.34854 -7.641241 -3.5590353
v -9.305498 -7.641234 -10.810644
v -2.9674072 -7.799975 -3.1037362
v -9.233804 -7.7999754 -3.1307724
v -2.9693408 -7.6412363 -3.3197505
v -9.235737 -7.6412363 -3.3467867
v -2.7064984 -7.7999682 -10.794917
v -2.7495458 -7.799974 -3.5433078
v -2.8173676 -7.641229 -10.791144
v -2.86041 -7.641241 -3.5395381
v -1.0135382 -2.9503968 -1.7203616
v -3.7782512 -2.8144927 -0.6777101
v -1.0485848 -2.8213634 -1.8269192
v -3.8133163 -2.6854577 -0.7842561
v -1.8442792 -3.1498842 -4.227802
v -0.9556976 -2.9626317 -1.85239
v -1.9371414 -3.008617 -4.202335
v -1.0485848 -2.8213634 -1.8269192
v -4.655173 -3.0252833 -3.3270562
v -1.9768533 -3.1525528 -4.285623
v -4.6154656 -2.8813472 -3.2437668
v -1.9371414 -3.008617 -4.202335
v -3.9108386 -2.8171551 -0.735522
v -4.7130113 -3.0130508 -3.1950283
v -3.8133163 -2.6854577 -0.7842561
v -4.6154656 -2.8813472 -3.2437668
v -3.7449157 -3.0435932 -0.5626161
v -4.0100718 -3.0489268 -0.67827404
v -3.7782512 -2.8144927 -0.6777101
v -3.9108386 -2.8171551 -0.735522
v -0.86453944 -3.203967 -1.8693568
v -0.98018855 -3.1794977 -1.6052827
v -0.9556976 -2.9626317 -1.85239
v -1.0135382 -2.9503968 -1.7203616
v -4.812228 -3.244821 -3.1377695
v -4.696577 -3.2692893 -3.4018352
v -4.7130113 -3.0130508 -3.1950283
v -4.655173 -3.0252833 -3.3270562
v -0.98018855 -3.1794977 -1.6052827
v -3.7449157 -3.0435932 -0.5626161
v -1.0135382 -2.9503968 -1.7203616
v -3.7782512 -2.8144927 -0.6777101
v -1.7530929 -3.3912191 -4.2447557
v -0.86453944 -3.203967 -1.8693568
v -1.8442792 -3.1498842 -4.227802
v -0.9556976 -2.9626317 -1.85239
v -4.696577 -3.2692893 -3.4018352
v -2.0182462 -3.3965564 -4.3604
v -4.655173 -3.0252833 -3.3270562
v -1.9768533 -3.1525528 -4.285623
v -4.0100718 -3.0489268 -0.67827404
v -4.812228 -3.244821 -3.1377695
v -3.9108386 -2.8171551 -0.735522
v -4.7130113 -3.0130508 -3.1950283
v 9.047637 -5.44173 -0.89880323
v 5.568281 -5.4417295 -1.0613179
v 9.049473 -5.304731 -1.001077
v 5.570122 -5.3047285 -1.16359
v 9.521318 -5.4417243 -12.051703
v 9.151757 -5.44173 -0.9992305
v 9.419052 -5.3047233 -12.053547
v 9.049473 -5.304731 -1.001077
v 6.053672 -5.4417233 -12.363425
v 9.420869 -5.441723 -12.155824
v 6.051836 -5.304723 -12.261153
v 9.419052 -5.3047233 -12.053547
v 5.4678516 -5.441723 -1.165431
v 5.9495506 -5.4417243 -12.262997
v 5.570122 -5.3047285 -1.16359
v 6.051836 -5.304723 -12.261153
v 5.5664353 -5.6791773 -0.95903516
v 5.3655663 -5.6791706 -1.1672744
v 5.568281 -5.4417295 -1.0613179
v 5.4678516 -5.441723 -1.165431
v 9.254004 -5.679178 -0.99739945
v 9.045781 -5.679176 -0.79652417
v 9.151757 -5.44173 -0.9992305
v 9.047637 -5.44173 -0.89880323
v 5.84729 -5.679165 -12.264837
v 6.0555077 -5.6791644 -12.465702
v 5.9495506 -5.4417243 -12.262997
v 6.053672 -5.4417233 -12.363425
v 9.045781 -5.679176 -0.79652417
v 5.5664353 -5.6791773 -0.95903516
v 9.047637 -5.44173 -0.89880323
v 5.568281 -5.4417295 -1.0613179
v 9.623603 -5.6791663 -12.049863
v 9.254004 -5.679178 -0.99739945
v 9.521318 -5.4417243 -12.051703
v 9.151757 -5.44173 -0.9992305
v 6.0555077 -5.6791644 -12.465702
v 9.422714 -5.679165 -12.258094
v 6.053672 -5.4417233 -12.363425
v 9.420869 -5.441723 -12.155824
v 5.3655663 -5.6791706 -1.1672744
v 5.84729 -5.679165 -12.264837
v 5.4678516 -5.441723 -1.165431
v 5.9495506 -5.4417243 -12.262997
v 4.268242 -8.08049 -3.8164425
v 3.072959 -8.080501 -0.57847184
v 4.176333 -8.031633 -3.8530025
v 2.986084 -8.031637 -0.6276881
v 2.1997216 -8.08049 -4.8507786
v 4.249004 -8.08049 -4.035705
v 2.1270604 -8.031633 -4.668073
v 4.176333 -8.031633 -3.8530025
v 0.84489745 -8.080495 -1.4793216
v 2.0351367 -8.080489 -4.704631
v 0.9368066 -8.031637 -1.4427639
v 2.1270604 -8.031633 -4.668073
v 0.7914648 -8.210625 -1.0773518
v 0.7529834 -8.210626 -1.5158823
v 0.8641406 -8.080501 -1.2600685
v 0.84489745 -8.080495 -1.4793216
v 3.164878 -8.210625 -0.54192394
v 2.840752 -8.210625 -0.262278
v 3.072959 -8.080501 -0.57847184
v 2.9134228 -8.080502 -0.4449855
v 1.9432324 -8.210619 -4.74119
v 2.2723925 -8.210619 -5.0334845
v 2.0351367 -8.080489 -4.704631
v 2.1997216 -8.08049 -4.8507786
v 4.321665 -8.21062 -4.218416
v 4.360161 -8.21062 -3.779891
v 4.249004 -8.08049 -4.035705
v 4.268242 -8.08049 -3.8164425
v 4.360161 -8.21062 -3.779891
v 3.164878 -8.210625 -0.54192394
v 4.268242 -8.08049 -3.8164425
v 3.072959 -8.080501 -0.57847184
v 2.2723925 -8.210619 -5.0334845
v 4.321665 -8.21062 -4.218416
v 2.1997216 -8.08049 -4.8507786
v 4.249004 -8.08049 -4.035705
v 0.7529834 -8.210626 -1.5158823
v 1.9432324 -8.210619 -4.74119
v 0.84489745 -8.080495 -1.4793216
v 2.0351367 -8.080489 -4.704631
v 3.5447752 -7.222267 -4.8782554
v -3.3334618 -7.222262 -4.8795667
v 3.546582 -7.083181 -4.982087
v -3.3316455 -7.083181 -4.983397
v 3.658623 -7.222255 -12.329512
v 3.65042 -7.222267 -4.9802756
v 3.5547948 -7.083169 -12.331323
v 3.546582 -7.083181 -4.982087
v -3.2078075 -7.222249 -12.482308
v 3.5566015 -7.222249 -12.435154
v -3.2096143 -7.083169 -12.378477
v 3.5547948 -7.083169 -12.331323
v -3.4354832 -7.2222614 -4.985206
v -3.313452 -7.222255 -12.380285
v -3.3316455 -7.083181 -4.983397
v -3.2096143 -7.083169 -12.378477
v -3.3352783 -7.463321 -4.7757263
v -3.5393212 -7.4633203 -4.9870143
v -3.3334618 -7.222262 -4.8795667
v -3.4354832 -7.2222614 -4.985206
v -3.4172802 -7.463307 -12.382093
v -3.2060008 -7.463308 -12.586143
v -3.313452 -7.222255 -12.380285
v -3.2078075 -7.222249 -12.482308
v 3.5429688 -7.463328 -4.774419
v -3.3352783 -7.463321 -4.7757263
v 3.5447752 -7.222267 -4.8782554
v -3.3334618 -7.222262 -4.8795667
v -3.2060008 -7.463308 -12.586143
v 3.5583982 -7.463308 -12.538985
v -3.2078075 -7.222249 -12.482308
v 3.5566015 -7.222249 -12.435154
v -3.5393212 -7.4633203 -4.9870143
v -3.4172802 -7.463307 -12.382093
v -3.4354832 -7.2222614 -4.985206
v -3.313452 -7.222255 -12.380285
v -1.2348175 -4.4180546 -4.691921
v 1.0498804 -4.4180503 -8.904119
v -1.1639727 -4.356329 -4.6521873
v 1.1207174 -4.3563275 -8.864388
v 2.612404 -4.4180484 -2.5375476
v -1.2037106 -4.4180546 -4.5813427
v 2.6521423 -4.356327 -2.6083844
v -1.1639727 -4.356329 -4.6521873
v 5.0076857 -4.418047 -6.780852
v 2.7229826 -4.418046 -2.5686626
v 4.936832 -4.3563247 -6.8205814
v 2.6521423 -4.356327 -2.6083844
v 1.160455 -4.4180503 -8.935229
v 4.9765697 -4.4180474 -6.8914304
v 1.1207174 -4.3563275 -8.864388
v 4.936832 -4.3563247 -6.8205814
v 0.9790317 -4.5668616 -8.943852
v 1.200185 -4.5668607 -9.006074
v 1.0498804 -4.4180503 -8.904119
v 1.160455 -4.4180503 -8.935229
v -1.2434366 -4.5668626 -4.510502
v -1.3056664 -4.5668626 -4.731655
v -1.2037106 -4.4180546 -4.5813427
v -1.2348175 -4.4180546 -4.691921
v 5.0163074 -4.566858 -6.962275
v 5.078525 -4.566858 -6.741118
v 4.9765697 -4.4180474 -6.8914304
v 5.0076857 -4.418047 -6.780852
v 2.7938354 -4.5668597 -2.5289247
v 2.5726745 -4.5668597 -2.466703
v 2.7229826 -4.418046 -2.5686626
v 2.612404 -4.4180484 -2.5375476
v -1.3056664 -4.5668626 -4.731655
v 0.9790317 -4.5668616 -8.943852
v -1.2348175 -4.4180546 -4.691921
v 1.0498804 -4.4180503 -8.904119
v 2.5726745 -4.5668597 -2.466703
v -1.2434366 -4.5668626 -4.510502
v 2.612404 -4.4180484 -2.5375476
v -1.2037106 -4.4180546 -4.5813427
v 5.078525 -4.566858 -6.741118
v 2.7938354 -4.5668597 -2.5289247
v 5.0076857 -4.418047 -6.780852
v 2.7229826 -4.418046 -2.5686626
v 1.200185 -4.5668607 -9.006074
v 5.0163074 -4.566858 -6.962275
v 1.160455 -4.4180503 -8.935229
v 4.9765697 -4.4180474 -6.8914304
v -4.962462 -6.8271627 -3.1772628
v -4.955719 -6.6071033 -3.2815769
v -4.743878 -6.8294187 -3.368719
v -4.8464417 -6.6082296 -3.3773055
v -9.227116 -6.830637 -3.442253
v -9.124655 -6.6215796 -3.4372847
v -9.03566 -6.827927 -3.2236898
v -9.028922 -6.620223 -3.3280087
v -4.7437024 -6.863408 -11.529172
v -4.8462462 -6.654578 -11.5377655
v -4.9351573 -6.8661194 -11.747729
v -4.9419885 -6.6559305 -11.647038
v -9.008355 -6.8668747 -11.794165
v -9.015182 -6.6566863 -11.693474
v -9.226934 -6.8646173 -11.602719
v -9.124464 -6.655558 -11.597749
v -9.028922 -6.620223 -3.3280087
v -8.982032 -6.504725 -3.5716085
v -4.955719 -6.6071033 -3.2815769
v -4.987008 -6.5039954 -3.5263193
v -9.124464 -6.655558 -11.597749
v -8.983941 -6.5371346 -11.450102
v -9.124655 -6.6215796 -3.4372847
v -8.982032 -6.504725 -3.5716085
v -4.9419885 -6.6559305 -11.647038
v -4.9889073 -6.536411 -11.404799
v -9.015182 -6.6566863 -11.693474
v -8.983941 -6.5371346 -11.450102
v -4.8464417 -6.6082296 -3.3773055
v -4.987008 -6.5039954 -3.5263193
v -4.8462462 -6.654578 -11.5377655
v -4.9889073 -6.536411 -11.404799
v -9.03566 -6.827927 -3.2236898
v -9.028922 -6.620223 -3.3280087
v -4.962462 -6.8271627 -3.1772628
v -4.955719 -6.6071033 -3.2815769
v -9.226934 -6.8646173 -11.602719
v -9.124464 -6.655558 -11.597749
v -9.227116 -6.830637 -3.442253
v -9.124655 -6.6215796 -3.4372847
v -4.9351573 -6.8661194 -11.747729
v -4.9419885 -6.6559305 -11.647038
v -9.008355 -6.8668747 -11.794165
v -9.015182 -6.6566863 -11.693474
v -4.743878 -6.8294187 -3.368719
v -4.8464417 -6.6082296 -3.3773055
v -4.7437024 -6.863408 -11.529172
v -4.8462462 -6.654578 -11.5377655
v -3.7386642 -7.9745336 -13.022864
v -3.6161668 -7.909362 -12.887782
v -3.799335 -7.9697337 -10.974851
v -3.6688864 -7.903629 -11.091909
v -1.4791753 -7.986711 -13.105379
v -1.5263647 -7.909232 -12.889736
v -3.6388566 -7.986819 -13.106124
v -3.6161668 -7.909362 -12.887782
v -3.72435 -8.128317 -10.781898
v -3.7160764 -7.946206 -10.8750515
v -1.5646607 -8.127683 -10.781158
v -1.5563815 -7.9417396 -10.874309
v -1.4708933 -8.159814 -13.195288
v -1.4791753 -7.986711 -13.105379
v -3.6305819 -8.160438 -13.196032
v -3.6388566 -7.986819 -13.106124
v -1.36504 -8.129546 -10.94768
v -1.4565798 -7.9540243 -10.957571
v -1.3043704 -8.157579 -12.995688
v -1.3958987 -7.9631834 -13.005577
v 7.0791955 -3.3916075 -7.721384
v 5.410748 -3.3916087 -7.7955675
v 7.0808163 -3.3110626 -7.868911
v 5.4123693 -3.3110626 -7.9430943
v 7.3587656 -3.3916 -13.017793
v 7.2283554 -3.3916075 -7.8672876
v 7.211246 -3.311053 -13.019416
v 7.0808163 -3.3110626 -7.868911
v 5.54441 -3.3915951 -13.241128
v 7.2128577 -3.3915951 -13.166942
v 5.542799 -3.3110495 -13.093598
v 7.211246 -3.311053 -13.019416
v 5.2648597 -3.391604 -7.944715
v 5.39526 -3.3915963 -13.0952215
v 5.4123693 -3.3110626 -7.9430943
v 5.542799 -3.3110495 -13.093598
v 5.409127 -3.6061351 -7.6480308
v 5.1173205 -3.606134 -7.946338
v 5.410748 -3.3916087 -7.7955675
v 5.2648597 -3.391604 -7.944715
v 7.3758655 -3.606134 -7.865669
v 7.0775843 -3.6061351 -7.573855
v 7.2283554 -3.3916075 -7.8672876
v 7.0791955 -3.3916075 -7.721384
v 5.2477503 -3.6061232 -13.096846
v 5.5460315 -3.60612 -13.388651
v 5.39526 -3.3915963 -13.0952215
v 5.54441 -3.3915951 -13.241128
v 7.2144785 -3.6061215 -13.314465
v 7.506285 -3.606127 -13.0161705
v 7.2128577 -3.3915951 -13.166942
v 7.3587656 -3.3916 -13.017793
v 7.0775843 -3.6061351 -7.573855
v 5.409127 -3.6061351 -7.6480308
v 7.0791955 -3.3916075 -7.721384
v 5.410748 -3.3916087 -7.7955675
v 7.506285 -3.606127 -13.0161705
v 7.3758655 -3.606134 -7.865669
v 7.3587656 -3.3916 -13.017793
v 7.2283554 -3.3916075 -7.8672876
v 5.5460315 -3.60612 -13.388651
v 7.2144785 -3.6061215 -13.314465
v 5.54441 -3.3915951 -13.241128
v 7.2128577 -3.3915951 -13.166942
v 5.1173205 -3.606134 -7.946338
v 5.2477503 -3.6061232 -13.096846
v 5.2648597 -3.391604 -7.944715
v 5.39526 -3.3915963 -13.0952215
v 0.94970214 -4.0719676 -0.7945729
v -4.230785 -4.0719695 -1.1519489
v 0.94512695 -3.9914238 -0.9420338
v -4.235356 -3.9914238 -1.2994081
v 1.2244568 -4.071953 -4.8311205
v 1.0598016 -4.0719695 -0.9450819
v 1.1097974 -3.991406 -4.8280735
v 0.94512695 -3.9914238 -0.9420338
v -4.0752764 -4.0719485 -5.33291
v 1.1052057 -4.071947 -4.975537
v -4.070696 -3.9914064 -5.185449
v 1.1097974 -3.991406 -4.8280735
v -4.350031 -4.0719657 -1.2963594
v -4.185361 -4.071954 -5.1823974
v -4.235356 -3.9914238 -1.2994081
v -4.070696 -3.9914064 -5.185449
v -4.2262073 -4.2864957 -1.0044734
v -4.464705 -4.286496 -1.2933137
v -4.230785 -4.0719695 -1.1519489
v -4.350031 -4.0719657 -1.2963594
v 1.1744678 -4.286496 -0.9481349
v 0.9542828 -4.2864957 -0.6471095
v 1.0598016 -4.0719695 -0.9450819
v 0.94970214 -4.0719676 -0.7945729
v -4.300045 -4.2864804 -5.179354
v -4.079848 -4.2864785 -5.4803696
v -4.185361 -4.071954 -5.1823974
v -4.0752764 -4.0719485 -5.33291
v 1.1006243 -4.286476 -5.1229954
v 1.3391315 -4.286479 -4.83417
v 1.1052057 -4.071947 -4.975537
v 1.2244568 -4.071953 -4.8311205
v 0.9542828 -4.2864957 -0.6471095
v -4.2262073 -4.2864957 -1.0044734
v 0.94970214 -4.0719676 -0.7945729
v -4.230785 -4.0719695 -1.1519489
v 1.3391315 -4.286479 -4.83417
v 1.1744678 -4.286496 -0.9481349
v 1.2244568 -4.071953 -4.8311205
v 1.0598016 -4.0719695 -0.9450819
v -4.079848 -4.2864785 -5.4803696
v 1.1006243 -4.286476 -5.1229954
v -4.0752764 -4.0719485 -5.33291
v 1.1052057 -4.071947 -4.975537
v -4.464705 -4.286496 -1.2933137
v -4.300045 -4.2864804 -5.179354
v -4.350031 -4.0719657 -1.2963594
v -4.185361 -4.071954 -5.1823974
v 6.1127806 -3.136777 -9.449852
v 6.1136985 -2.993212 -9.5525875
v 6.320056 -3.136777 -9.653516
v 6.217322 -2.9932094 -9.654415
v 3.7533128 -3.136777 -9.680608
v 3.8560376 -2.9932113 -9.679701
v 3.9569604 -3.136777 -9.473343
v 3.9578686 -2.993212 -9.576074
v 6.3602414 -3.1367714 -12.321936
v 6.257517 -2.9932039 -12.322839
v 6.156589 -3.1367722 -12.529192
v 6.155681 -2.993201 -12.426465
v 4.000764 -3.1367717 -12.552683
v 3.9998608 -2.9932005 -12.449953
v 3.7934985 -3.1367714 -12.349026
v 3.8962278 -2.9932027 -12.348123
v 3.9578686 -2.993212 -9.576074
v 3.991096 -2.8791764 -9.810512
v 6.1136985 -2.993212 -9.5525875
v 6.0474486 -2.8791764 -9.788108
v 3.9569604 -3.136777 -9.473343
v 3.9578686 -2.993212 -9.576074
v 6.1127806 -3.136777 -9.449852
v 6.1136985 -2.993212 -9.5525875
v 3.7934985 -3.1367714 -12.349026
v 3.8962278 -2.9932027 -12.348123
v 3.7533128 -3.136777 -9.680608
v 3.8560376 -2.9932113 -9.679701
v 6.156589 -3.1367722 -12.529192
v 6.155681 -2.993201 -12.426465
v 4.000764 -3.1367717 -12.552683
v 3.9998608 -2.9932005 -12.449953
v 6.320056 -3.136777 -9.653516
v 6.217322 -2.9932094 -9.654415
v 6.3602414 -3.1367714 -12.321936
v 6.257517 -2.9932039 -12.322839
v 5.874795 -7.9916687 -5.424208
v 3.089629 -7.991669 -5.4946356
v 5.8758006 -7.911124 -5.571738
v 3.0906346 -7.911124 -5.6421623
v 6.0828805 -7.991654 -12.34589
v 5.9905076 -7.991669 -5.570446
v 5.9681835 -7.911107 -12.347181
v 5.8758006 -7.911124 -5.571738
v 3.1840136 -7.991649 -12.565138
v 5.9691796 -7.991649 -12.49471
v 3.1830175 -7.911107 -12.417606
v 5.9681835 -7.911107 -12.347181
v 2.9759276 -7.9916663 -5.643454
v 3.0683105 -7.991654 -12.418897
v 3.0906346 -7.911124 -5.6421623
v 3.1830175 -7.911107 -12.417606
v 3.088623 -8.206196 -5.347097
v 2.8612206 -8.206196 -5.644746
v 3.089629 -7.991669 -5.4946356
v 2.9759276 -7.9916663 -5.643454
v 6.105205 -8.206196 -5.5691624
v 5.873799 -8.206196 -5.276677
v 5.9905076 -7.991669 -5.570446
v 5.874795 -7.9916687 -5.424208
v 2.9536035 -8.206181 -12.420188
v 3.1850195 -8.206178 -12.712664
v 3.0683105 -7.991654 -12.418897
v 3.1840136 -7.991649 -12.565138
v 5.9701757 -8.206178 -12.642236
v 6.197588 -8.206181 -12.3446
v 5.9691796 -7.991649 -12.49471
v 6.0828805 -7.991654 -12.34589
v 5.873799 -8.206196 -5.276677
v 3.088623 -8.206196 -5.347097
v 5.874795 -7.9916687 -5.424208
v 3.089629 -7.991669 -5.4946356
v 6.197588 -8.206181 -12.3446
v 6.105205 -8.206196 -5.5691624
v 6.0828805 -7.991654 -12.34589
v 5.9905076 -7.991669 -5.570446
v 3.1850195 -8.206178 -12.712664
v 5.9701757 -8.206178 -12.642236
v 3.1840136 -7.991649 -12.565138
v 5.9691796 -7.991649 -12.49471
v 2.8612206 -8.206196 -5.644746
v 2.9536035 -8.206181 -12.420188
v 2.9759276 -7.9916663 -5.643454
v 3.0683105 -7.991654 -12.418897
v 3.5641026 -6.849876 -13.133159
v 3.5641026 -6.849882 -6.0498533
v 3.4167297 -6.7770805 -13.13316
v 3.4167297 -6.777079 -6.066117
v -1.5195493 -6.8498764 -13.367802
v 3.41672 -6.8498764 -13.3678
v -1.5195395 -6.777081 -13.13316
v 3.4167297 -6.7770805 -13.13316
v -1.6669222 -6.8498735 -6.066124
v -1.666932 -6.849876 -13.13316
v -1.5195493 -6.777079 -6.066124
v -1.5195395 -6.777081 -13.13316
v -1.5195493 -7.043767 -5.596831
v -1.8143148 -7.043765 -6.0661254
v -1.5195493 -6.849883 -5.8314905
v -1.6669222 -6.8498735 -6.066124
v 3.7114856 -7.043765 -6.0498667
v 3.4167297 -7.0437665 -5.5968347
v 3.5641026 -6.849882 -6.0498533
v 3.4167297 -6.849883 -5.831483
v -1.8143051 -7.0437655 -13.13316
v -1.5195493 -7.0437655 -13.602435
v -1.666932 -6.849876 -13.13316
v -1.5195493 -6.8498764 -13.367802
v 3.41672 -7.0437655 -13.602435
v 3.7114856 -7.0437655 -13.133158
v 3.41672 -6.8498764 -13.3678
v 3.5641026 -6.849876 -13.133159
v 3.7114856 -7.0437655 -13.133158
v 3.7114856 -7.043765 -6.0498667
v 3.5641026 -6.849876 -13.133159
v 3.5641026 -6.849882 -6.0498533
v -1.5195493 -7.0437655 -13.602435
v 3.41672 -7.0437655 -13.602435
v -1.5195493 -6.8498764 -13.367802
v 3.41672 -6.8498764 -13.3678
v -1.8143148 -7.043765 -6.0661254
v -1.8143051 -7.0437655 -13.13316
v -1.6669222 -6.8498735 -6.066124
v -1.666932 -6.849876 -13.13316
v -3.3396425 -5.5026836 11.306847
v -8.948906 -5.502684 10.992972
v -3.3295739 -5.4490943 11.091436
v -8.938838 -5.449095 10.777564
v -2.983981 -5.5026746 -3.8243499
v -3.2050333 -5.5026836 11.112218
v -3.109222 -5.4490905 -3.8302062
v -3.3295739 -5.4490943 11.091436
v -8.708417 -5.5026736 -4.359488
v -3.0991442 -5.5026736 -4.0456214
v -8.718485 -5.449091 -4.1440763
v -3.109222 -5.4490905 -3.8302062
v -9.064073 -5.502678 10.771712
v -8.84373 -5.5026736 -4.149926
v -8.938838 -5.449095 10.777564
v -8.718485 -5.449091 -4.1440763
v -8.9589815 -5.645399 11.208405
v -9.189314 -5.645397 10.765853
v -8.948906 -5.502684 10.992972
v -9.064073 -5.502678 10.771712
v -3.0798037 -5.645397 11.118062
v -3.3497043 -5.645397 11.522271
v -3.2050333 -5.5026836 11.112218
v -3.3396425 -5.5026836 11.306847
v -8.96895 -5.6453934 -4.1557803
v -8.698349 -5.6453943 -4.574905
v -8.84373 -5.5026736 -4.149926
v -8.708417 -5.5026736 -4.359488
v -3.089091 -5.6453943 -4.261037
v -2.8587506 -5.6453943 -3.8185003
v -3.0991442 -5.5026736 -4.0456214
v -2.983981 -5.5026746 -3.8243499
v -2.8587506 -5.6453943 -3.8185003
v -3.0798037 -5.645397 11.118062
v -2.983981 -5.5026746 -3.8243499
v -3.2050333 -5.5026836 11.112218
v -8.698349 -5.6453943 -4.574905
v -3.089091 -5.6453943 -4.261037
v -8.708417 -5.5026736 -4.359488
v -3.0991442 -5.5026736 -4.0456214
v -9.189314 -5.645397 10.765853
v -8.96895 -5.6453934 -4.1557803
v -9.064073 -5.502678 10.771712
v -8.84373 -5.5026736 -4.149926
v 0.1065332 -9.815383 -1.2170091
v -2.614917 -9.815386 -0.48000228
v 0.080019526 -9.763045 -1.3091362
v -2.6414354 -9.763048 -0.5721327
v -0.40560547 -9.815374 -3.6967986
v 0.17214355 -9.815383 -1.335662
v -0.4977246 -9.763035 -3.6702743
v 0.080019526 -9.763045 -1.3091362
v -3.245703 -9.815372 -3.0253997
v -0.52426755 -9.815371 -3.7624016
v -3.2191699 -9.763035 -2.9332669
v -0.4977246 -9.763035 -3.6702743
v -2.7335644 -9.815382 -0.5456099
v -3.3113086 -9.815375 -2.906745
v -2.6414354 -9.763048 -0.5721327
v -3.2191699 -9.763035 -2.9332669
v -2.5883887 -9.95479 -0.38786757
v -2.8256981 -9.95479 -0.5190855
v -2.614917 -9.815386 -0.48000228
v -2.7335644 -9.815382 -0.5456099
v 0.26426268 -9.954786 -1.362188
v 0.13307129 -9.954788 -1.1248778
v 0.17214355 -9.815383 -1.335662
v 0.1065332 -9.815383 -1.2170091
v -3.4034374 -9.95478 -2.8802228
v -3.2722313 -9.954778 -3.1175237
v -3.3113086 -9.815375 -2.906745
v -3.245703 -9.815372 -3.0253997
v -0.55078125 -9.954775 -3.8545287
v -0.31348145 -9.954778 -3.723319
v -0.52426755 -9.815371 -3.7624016
v -0.40560547 -9.815374 -3.6967986
v 0.13307129 -9.954788 -1.1248778
v -2.5883887 -9.95479 -0.38786757
v 0.1065332 -9.815383 -1.2170091
v -2.614917 -9.815386 -0.48000228
v -0.31348145 -9.954778 -3.723319
v 0.26426268 -9.954786 -1.362188
v -0.40560547 -9.815374 -3.6967986
v 0.17214355 -9.815383 -1.335662
v -3.2722313 -9.954778 -3.1175237
v -0.55078125 -9.954775 -3.8545287
v -3.245703 -9.815372 -3.0253997
v -0.52426755 -9.815371 -3.7624016
v -2.8256981 -9.95479 -0.5190855
v -3.4034374 -9.95478 -2.8802228
v -2.7335644 -9.815382 -0.5456099
v -3.3113086 -9.815375 -2.906745
v 8.793027 1.8840246 -0.874254
v 7.1229296 1.8840234 -0.8756126
v 8.788222 1.9645691 -1.0217124
v 7.118115 1.9645691 -1.0230699
v 8.841376 1.8840332 -9.837494
v 8.935683 1.8840246 -1.0265244
v 8.693926 1.96458 -9.832683
v 8.788222 1.9645691 -1.0217124
v 7.019004 1.8840393 -9.981498
v 8.689101 1.8840381 -9.980139
v 7.0238376 1.9645838 -9.83404
v 8.693926 1.96458 -9.832683
v 6.9706836 1.8840283 -1.0182567
v 6.876367 1.8840368 -9.829227
v 7.118115 1.9645691 -1.0230699
v 7.0238376 1.9645838 -9.83404
v 7.1277537 1.669497 -0.7281459
v 6.8232126 1.6694982 -1.0134449
v 7.1229296 1.8840234 -0.8756126
v 6.9706836 1.8840283 -1.0182567
v 9.083125 1.6694982 -1.0313393
v 8.797852 1.669497 -0.7267958
v 8.935683 1.8840246 -1.0265244
v 8.793027 1.8840246 -0.874254
v 6.7289157 1.6695105 -9.824418
v 7.0141892 1.6695129 -10.128952
v 6.876367 1.8840368 -9.829227
v 7.019004 1.8840393 -9.981498
v 8.684297 1.6695129 -10.127592
v 8.988828 1.6695068 -9.842306
v 8.689101 1.8840381 -9.980139
v 8.841376 1.8840332 -9.837494
v 8.797852 1.669497 -0.7267958
v 7.1277537 1.669497 -0.7281459
v 8.793027 1.8840246 -0.874254
v 7.1229296 1.8840234 -0.8756126
v 8.988828 1.6695068 -9.842306
v 9.083125 1.6694982 -1.0313393
v 8.841376 1.8840332 -9.837494
v 8.935683 1.8840246 -1.0265244
v 7.0141892 1.6695129 -10.128952
v 8.684297 1.6695129 -10.127592
v 7.019004 1.8840393 -9.981498
v 8.689101 1.8840381 -9.980139
v 6.8232126 1.6694982 -1.0134449
v 6.7289157 1.6695105 -9.824418
v 6.9706836 1.8840283 -1.0182567
v 6.876367 1.8840368 -9.829227
v 8.283203 -0.64120483 4.3061295
v 3.6912646 -0.68998414 4.8497705
v 8.261348 -0.5606708 4.160216
v 3.6694384 -0.60944885 4.70386
v 7.9365625 -0.63941467 0.6090626
v 8.37582 -0.64000183 4.144288
v 7.822109 -0.5600824 0.6249916
v 8.261348 -0.5606708 4.160216
v 3.210044 -0.6894043 1.0224854
v 7.8019724 -0.6406262 0.47884047
v 3.230205 -0.60886043 1.168634
v 7.822109 -0.5600824 0.6249916
v 3.5566602 -0.69119686 4.7195573
v 3.1174364 -0.6906128 1.184331
v 3.6694384 -0.60944885 4.70386
v 3.230205 -0.60886043 1.168634
v 3.714497 -0.90449214 4.9955015
v 3.445293 -0.9069256 4.735054
v 3.6912646 -0.68998414 4.8497705
v 3.5566602 -0.69119686 4.7195573
v 8.49164 -0.85330623 4.1281543
v 8.306426 -0.8557147 4.451853
v 8.37582 -0.64000183 4.144288
v 8.283203 -0.64120483 4.3061295
v 3.0060546 -0.90633786 1.1998291
v 3.1912987 -0.90392697 0.8761401
v 3.1174364 -0.6906128 1.184331
v 3.210044 -0.6894043 1.0224854
v 7.7832227 -0.8551489 0.33250135
v 8.052422 -0.8527185 0.5929347
v 7.8019724 -0.6406262 0.47884047
v 7.9365625 -0.63941467 0.6090626
v 8.306426 -0.8557147 4.451853
v 3.714497 -0.90449214 4.9955015
v 8.283203 -0.64120483 4.3061295
v 3.6912646 -0.68998414 4.8497705
v 8.052422 -0.8527185 0.5929347
v 8.49164 -0.85330623 4.1281543
v 7.9365625 -0.63941467 0.6090626
v 8.37582 -0.64000183 4.144288
v 3.1912987 -0.90392697 0.8761401
v 7.7832227 -0.8551489 0.33250135
v 3.210044 -0.6894043 1.0224854
v 7.8019724 -0.6406262 0.47884047
v 3.445293 -0.9069256 4.735054
v 3.0060546 -0.90633786 1.1998291
v 3.5566602 -0.69119686 4.7195573
v 3.1174364 -0.6906128 1.184331
v 0.39692503 -5.290982 -1.367928
v -2.7859497 -5.290983 -0.5767372
v 0.36077514 -5.2206445 -1.4915878
v -2.8220959 -5.2206454 -0.70039654
v -0.35855743 -5.2909703 -4.521382
v 0.4570526 -5.2909827 -1.5192682
v -0.45482147 -5.220631 -4.4937057
v 0.36077514 -5.2206445 -1.4915878
v -3.6738548 -5.290966 -3.8261712
v -0.4909845 -5.290966 -4.617363
v -3.6377 -5.2206316 -3.702512
v -0.45482147 -5.220631 -4.4937057
v -2.9183726 -5.2909803 -0.67271465
v -3.7339685 -5.290971 -3.674832
v -2.8220959 -5.2206454 -0.70039654
v -3.6377 -5.2206316 -3.702512
v -2.749795 -5.478322 -0.45306778
v -3.0146496 -5.4783225 -0.64503616
v -2.7859497 -5.290983 -0.5767372
v -2.9183726 -5.2909803 -0.67271465
v 0.5533209 -5.478322 -1.5469513
v 0.43308043 -5.478322 -1.2442677
v 0.4570526 -5.2909827 -1.5192682
v 0.39692503 -5.290982 -1.367928
v -3.8302538 -5.4783096 -3.6471515
v -3.7100012 -5.478307 -3.9498303
v -3.7339685 -5.290971 -3.674832
v -3.6738548 -5.290966 -3.8261712
v -0.52713895 -5.478307 -4.7410192
v -0.26228058 -5.478309 -4.5490637
v -0.4909845 -5.290966 -4.617363
v -0.35855743 -5.2909703 -4.521382
v 0.43308043 -5.478322 -1.2442677
v -2.749795 -5.478322 -0.45306778
v 0.39692503 -5.290982 -1.367928
v -2.7859497 -5.290983 -0.5767372
v -0.26228058 -5.478309 -4.5490637
v 0.5533209 -5.478322 -1.5469513
v -0.35855743 -5.2909703 -4.521382
v 0.4570526 -5.2909827 -1.5192682
v -3.7100012 -5.478307 -3.9498303
v -0.52713895 -5.478307 -4.7410192
v -3.6738548 -5.290966 -3.8261712
v -0.4909845 -5.290966 -4.617363
v -3.0146496 -5.4783225 -0.64503616
v -3.8302538 -5.4783096 -3.6471515
v -2.9183726 -5.2909803 -0.67271465
v -3.7339685 -5.290971 -3.674832
v -3.2674463 -6.514147 0.05845688
v -7.4894967 -6.514144 -0.14797561
v -3.262837 -6.3964963 -0.02926773
v -7.4849024 -6.3964953 -0.2356935
v -3.0030565 -6.5141397 -3.3661287
v -3.1751025 -6.514147 -0.024646148
v -3.0907567 -6.3964896 -3.3707466
v -3.262837 -6.3964963 -0.02926773
v -7.21062 -6.5141387 -3.7002609
v -3.0861676 -6.514139 -3.458465
v -7.2152195 -6.396489 -3.61254
v -3.0907567 -6.3964896 -3.3707466
v -7.572622 -6.5141406 -0.2403041
v -7.3029637 -6.514139 -3.6171608
v -7.4849024 -6.3964953 -0.2356935
v -7.2152195 -6.396489 -3.61254
v -7.494121 -6.718051 -0.060245514
v -7.6603417 -6.718047 -0.24493149
v -7.4894967 -6.514144 -0.14797561
v -7.572622 -6.5141406 -0.2403041
v -3.0873926 -6.718054 -0.020055084
v -3.2720556 -6.7180514 0.14617294
v -3.1751025 -6.514147 -0.024646148
v -3.2674463 -6.514147 0.05845688
v -7.3906736 -6.7180448 -3.621772
v -7.2060156 -6.7180457 -3.7879903
v -7.3029637 -6.514139 -3.6171608
v -7.21062 -6.5141387 -3.7002609
v -3.2720556 -6.7180514 0.14617294
v -7.494121 -6.718051 -0.060245514
v -3.2674463 -6.514147 0.05845688
v -7.4894967 -6.514144 -0.14797561
v -2.915327 -6.718046 -3.3615158
v -3.0873926 -6.718054 -0.020055084
v -3.0030565 -6.5141397 -3.3661287
v -3.1751025 -6.514147 -0.024646148
v -7.2060156 -6.7180457 -3.7879903
v -3.0815434 -6.7180448 -3.5461886
v -7.21062 -6.5141387 -3.7002609
v -3.0861676 -6.514139 -3.458465
v -7.6603417 -6.718047 -0.24493149
v -7.3906736 -6.7180448 -3.621772
v -7.572622 -6.5141406 -0.2403041
v -7.3029637 -6.514139 -3.6171608
v -5.3281007 -8.9126215 -5.117944
v -5.2051024 -8.851032 -4.9972396
v -5.27269 -8.90809 -2.347335
v -5.156054 -8.845617 -2.4649487
v -2.784082 -8.92413 -5.3273582
v -2.8167381 -8.85091 -5.121316
v -5.2385206 -8.9242325 -5.2019825
v -5.2051024 -8.851032 -4.9972396
v -5.1913323 -9.057955 -2.169421
v -5.1886563 -8.885854 -2.257761
v -2.736884 -9.057357 -2.2948046
v -2.7342033 -8.881633 -2.3831394
v -2.7812207 -9.08772 -5.4126368
v -2.784082 -8.92413 -5.3273582
v -5.2356544 -9.088308 -5.2872605
v -5.2385206 -8.9242325 -5.2019825
v -2.557724 -9.059116 -2.4628825
v -2.6446233 -8.893243 -2.4671795
v -2.6131299 -9.085608 -5.233486
v -2.7000244 -8.9018955 -5.237783
v -3.6503243 -7.5628695 -8.487644
v -8.381951 -7.562867 -8.425599
v -3.6522176 -7.4452195 -8.575469
v -8.383859 -7.4452186 -8.513416
v -3.6399655 -7.562864 -11.922404
v -3.5643837 -7.562871 -8.577349
v -3.7277632 -7.4452133 -11.920522
v -3.6522176 -7.4452195 -8.575469
v -8.366601 -7.5628624 -11.988782
v -3.7296748 -7.562864 -12.00834
v -8.364699 -7.4452133 -11.900962
v -3.7277632 -7.4452133 -11.920522
v -8.47168 -7.562864 -8.511524
v -8.452538 -7.562864 -11.899079
v -8.383859 -7.4452186 -8.513416
v -8.364699 -7.4452133 -11.900962
v -8.380075 -7.766775 -8.337766
v -8.5595 -7.76677 -8.50965
v -8.381951 -7.562867 -8.425599
v -8.47168 -7.562864 -8.511524
v -3.4765725 -7.766777 -8.579255
v -3.6484323 -7.766775 -8.399824
v -3.5643837 -7.562871 -8.577349
v -3.6503243 -7.5628695 -8.487644
v -8.540354 -7.7667685 -11.89719
v -8.368496 -7.76677 -12.0766115
v -8.452538 -7.562864 -11.899079
v -8.366601 -7.5628624 -11.988782
v -3.6484323 -7.766775 -8.399824
v -8.380075 -7.766775 -8.337766
v -3.6503243 -7.5628695 -8.487644
v -8.381951 -7.562867 -8.425599
v -3.5521333 -7.76677 -11.92429
v -3.4765725 -7.766777 -8.579255
v -3.6399655 -7.562864 -11.922404
v -3.5643837 -7.562871 -8.577349
v -8.368496 -7.76677 -12.0766115
v -3.7315536 -7.7667685 -12.096162
v -8.366601 -7.5628624 -11.988782
v -3.7296748 -7.562864 -12.00834
v -8.5595 -7.76677 -8.50965
v -8.540354 -7.7667685 -11.89719
v -8.47168 -7.562864 -8.511524
v -8.452538 -7.562864 -11.899079
v -2.4152856 -4.410095 -1.5331461
v -6.209777 -4.410094 0.1643959
v -2.450284 -4.294399 -1.6121248
v -6.244777 -4.2943974 0.085427396
v -3.7071812 -4.4100847 -4.654068
v -2.3712845 -4.4100947 -1.6471076
v -3.786142 -4.2943883 -4.619096
v -2.450284 -4.294399 -1.6121248
v -7.54579 -4.4100842 -3.0749521
v -3.8211474 -4.4100847 -4.6980658
v -7.5107827 -4.2943892 -2.9959886
v -3.786142 -4.2943883 -4.619096
v -6.3237634 -4.4100895 0.120421596
v -7.5897894 -4.410086 -2.9609966
v -6.244777 -4.2943974 0.085427396
v -7.5107827 -4.2943892 -2.9959886
v -6.1748176 -4.6106143 0.2433998
v -6.4027495 -4.6106105 0.15538651
v -6.209777 -4.410094 0.1643959
v -6.3237634 -4.4100895 0.120421596
v -2.2923152 -4.610616 -1.6821145
v -2.3802917 -4.610615 -1.4541682
v -2.3712845 -4.4100947 -1.6471076
v -2.4152856 -4.410095 -1.5331461
v -7.6687737 -4.6106057 -2.926009
v -7.580778 -4.6106057 -3.1539545
v -7.5897894 -4.410086 -2.9609966
v -7.54579 -4.4100842 -3.0749521
v -2.3802917 -4.610615 -1.4541682
v -6.1748176 -4.6106143 0.2433998
v -2.4152856 -4.410095 -1.5331461
v -6.209777 -4.410094 0.1643959
v -3.6281872 -4.610605 -4.6890516
v -2.2923152 -4.610616 -1.6821145
v -3.7071812 -4.4100847 -4.654068
v -2.3712845 -4.4100947 -1.6471076
v -7.580778 -4.6106057 -3.1539545
v -3.8561175 -4.610604 -4.777057
v -7.54579 -4.4100842 -3.0749521
v -3.8211474 -4.4100847 -4.6980658
v -6.4027495 -4.6106105 0.15538651
v -7.6687737 -4.6106057 -2.926009
v -6.3237634 -4.4100895 0.120421596
v -7.5897894 -4.410086 -2.9609966
v 7.7137866 -7.8703756 -6.2127357
v 5.2040453 -7.8703775 -6.2831626
v 7.7148023 -7.789831 -6.360265
v 5.205051 -7.789831 -6.4306884
v 7.9218726 -7.8703613 -13.134417
v 7.8295093 -7.8703775 -6.358973
v 7.8071847 -7.7898145 -13.135708
v 7.7148023 -7.789831 -6.360265
v 5.29843 -7.870356 -13.353664
v 7.808181 -7.870356 -13.283237
v 5.297434 -7.7898145 -13.206133
v 7.8071847 -7.7898145 -13.135708
v 5.090344 -7.870374 -6.4319797
v 5.182727 -7.8703613 -13.207423
v 5.205051 -7.789831 -6.4306884
v 5.297434 -7.7898145 -13.206133
v 5.2030396 -8.084904 -6.1356225
v 4.975637 -8.084904 -6.4332714
v 5.2040453 -7.8703775 -6.2831626
v 5.090344 -7.870374 -6.4319797
v 7.9441967 -8.084904 -6.357688
v 7.7127905 -8.084904 -6.0652027
v 7.8295093 -7.8703775 -6.358973
v 7.7137866 -7.8703756 -6.2127357
v 5.06802 -8.0848875 -13.2087145
v 5.299436 -8.084885 -13.50119
v 5.182727 -7.8703613 -13.207423
v 5.29843 -7.870356 -13.353664
v 7.809177 -8.084885 -13.430762
v 8.036579 -8.0848875 -13.133126
v 7.808181 -7.870356 -13.283237
v 7.9218726 -7.8703613 -13.134417
v 7.7127905 -8.084904 -6.0652027
v 5.2030396 -8.084904 -6.1356225
v 7.7137866 -7.8703756 -6.2127357
v 5.2040453 -7.8703775 -6.2831626
v 8.036579 -8.0848875 -13.133126
v 7.9441967 -8.084904 -6.357688
v 7.9218726 -7.8703613 -13.134417
v 7.8295093 -7.8703775 -6.358973
v 5.299436 -8.084885 -13.50119
v 7.809177 -8.084885 -13.430762
v 5.29843 -7.870356 -13.353664
v 7.808181 -7.870356 -13.283237
v 4.975637 -8.084904 -6.4332714
v 5.06802 -8.0848875 -13.2087145
v 5.090344 -7.870374 -6.4319797
v 5.182727 -7.8703613 -13.207423
v 6.2424607 -6.42751 -10.170256
v 6.2506638 -6.235315 -10.261187
v 6.437539 -6.4294806 -10.332573
v 6.348193 -6.2362986 -10.342343
v 2.3149219 -6.430544 -10.453801
v 2.4042675 -6.247958 -10.447187
v 2.477246 -6.428177 -10.258728
v 2.4854345 -6.246773 -10.349661
v 6.4988475 -6.4591665 -12.741365
v 6.409502 -6.276779 -12.751142
v 6.3365235 -6.461535 -12.936429
v 6.3283396 -6.2779603 -12.848667
v 2.5713134 -6.4621944 -13.024908
v 2.5631201 -6.27862 -12.937149
v 2.3762255 -6.4602227 -12.862605
v 2.465586 -6.2776356 -12.855994
v 2.4854345 -6.246773 -10.349661
v 2.5317724 -6.1459002 -10.561308
v 6.2506638 -6.235315 -10.261187
v 6.2287693 -6.1452622 -10.475561
v 2.465586 -6.2776356 -12.855994
v 2.5850098 -6.1742077 -12.723969
v 2.4042675 -6.247958 -10.447187
v 2.5317724 -6.1459002 -10.561308
v 6.3283396 -6.2779603 -12.848667
v 6.2820115 -6.1735754 -12.638207
v 2.5631201 -6.27862 -12.937149
v 2.5850098 -6.1742077 -12.723969
v 6.348193 -6.2362986 -10.342343
v 6.2287693 -6.1452622 -10.475561
v 6.409502 -6.276779 -12.751142
v 6.2820115 -6.1735754 -12.638207
v 2.477246 -6.428177 -10.258728
v 2.4854345 -6.246773 -10.349661
v 6.2424607 -6.42751 -10.170256
v 6.2506638 -6.235315 -10.261187
v 2.3762255 -6.4602227 -12.862605
v 2.465586 -6.2776356 -12.855994
v 2.3149219 -6.430544 -10.453801
v 2.4042675 -6.247958 -10.447187
v 6.3365235 -6.461535 -12.936429
v 6.3283396 -6.2779603 -12.848667
v 2.5713134 -6.4621944 -13.024908
v 2.5631201 -6.27862 -12.937149
v 6.437539 -6.4294806 -10.332573
v 6.348193 -6.2362986 -10.342343
v 6.4988475 -6.4591665 -12.741365
v 6.409502 -6.276779 -12.751142
v 0.25094453 -5.5817723 -9.895658
v 0.25742522 -5.4017673 -9.980915
v 0.4315146 -5.583618 -10.050215
v 0.347706 -5.402689 -10.058195
v -2.3705819 -5.5846133 -10.12461
v -2.2868247 -5.413609 -10.119588
v -2.2160213 -5.5823975 -9.944051
v -2.2095394 -5.4124994 -10.029314
v 0.4573935 -5.6114206 -12.306802
v 0.37360075 -5.440602 -12.314784
v 0.30283782 -5.613639 -12.487346
v 0.2963095 -5.441708 -12.405055
v -2.1641164 -5.6142564 -12.535756
v -2.1706448 -5.442326 -12.453459
v -2.3446872 -5.6124096 -12.381206
v -2.26092 -5.441404 -12.376186
v -2.2095394 -5.4124994 -10.029314
v -2.1689065 -5.3180246 -10.228127
v 0.25742522 -5.4017673 -9.980915
v 0.23411956 -5.317427 -10.181386
v -2.26092 -5.441404 -12.376186
v -2.1473649 -5.344536 -12.254108
v -2.2868247 -5.413609 -10.119588
v -2.1689065 -5.3180246 -10.228127
v 0.2963095 -5.441708 -12.405055
v 0.25566986 -5.343944 -12.207356
v -2.1706448 -5.442326 -12.453459
v -2.1473649 -5.344536 -12.254108
v 0.347706 -5.402689 -10.058195
v 0.23411956 -5.317427 -10.181386
v 0.37360075 -5.440602 -12.314784
v 0.25566986 -5.343944 -12.207356
v -2.2160213 -5.5823975 -9.944051
v -2.2095394 -5.4124994 -10.029314
v 0.25094453 -5.5817723 -9.895658
v 0.25742522 -5.4017673 -9.980915
v -2.3446872 -5.6124096 -12.381206
v -2.26092 -5.441404 -12.376186
v -2.3705819 -5.5846133 -10.12461
v -2.2868247 -5.413609 -10.119588
v 0.30283782 -5.613639 -12.487346
v 0.2963095 -5.441708 -12.405055
v -2.1641164 -5.6142564 -12.535756
v -2.1706448 -5.442326 -12.453459
v 0.4315146 -5.583618 -10.050215
v 0.347706 -5.402689 -10.058195
v 0.4573935 -5.6114206 -12.306802
v 0.37360075 -5.440602 -12.314784
v -3.6405663 -7.1192894 -9.287553
v -3.6338232 -6.8992295 -9.391867
v -3.4219823 -7.1215453 -9.47901
v -3.524546 -6.9003563 -9.487596
v -7.9052196 -7.1227636 -9.552543
v -7.8027587 -6.913706 -9.547575
v -7.7137647 -7.120054 -9.33398
v -7.707026 -6.9123497 -9.438299
v -3.4218066 -7.1555347 -12.237924
v -3.5243504 -6.9467044 -12.246517
v -3.6132617 -7.1582456 -12.45648
v -3.6200926 -6.948057 -12.355789
v -7.68646 -7.1590014 -12.502916
v -7.693286 -6.948812 -12.4022255
v -7.905039 -7.156743 -12.311471
v -7.802568 -6.947685 -12.3065
v -7.707026 -6.9123497 -9.438299
v -7.6601367 -6.7968516 -9.681898
v -3.6338232 -6.8992295 -9.391867
v -3.6651123 -6.7961216 -9.636609
v -7.802568 -6.947685 -12.3065
v -7.662046 -6.829262 -12.158854
v -7.8027587 -6.913706 -9.547575
v -7.6601367 -6.7968516 -9.681898
v -3.6200926 -6.948057 -12.355789
v -3.6670117 -6.828538 -12.113549
v -7.693286 -6.948812 -12.4022255
v -7.662046 -6.829262 -12.158854
v -3.524546 -6.9003563 -9.487596
v -3.6651123 -6.7961216 -9.636609
v -3.5243504 -6.9467044 -12.246517
v -3.6670117 -6.828538 -12.113549
v -7.7137647 -7.120054 -9.33398
v -7.707026 -6.9123497 -9.438299
v -3.6405663 -7.1192894 -9.287553
v -3.6338232 -6.8992295 -9.391867
v -7.905039 -7.156743 -12.311471
v -7.802568 -6.947685 -12.3065
v -7.9052196 -7.1227636 -9.552543
v -7.8027587 -6.913706 -9.547575
v -3.6132617 -7.1582456 -12.45648
v -3.6200926 -6.948057 -12.355789
v -7.68646 -7.1590014 -12.502916
v -7.693286 -6.948812 -12.4022255
v -3.4219823 -7.1215453 -9.47901
v -3.524546 -6.9003563 -9.487596
v -3.4218066 -7.1555347 -12.237924
v -3.5243504 -6.9467044 -12.246517
v -5.844038 -8.031466 -11.543669
v -5.7280693 -7.973971 -11.43217
v -5.736853 -8.027232 -9.18718
v -5.6291013 -7.9689136 -9.29808
v -2.9492815 -8.04221 -11.813891
v -2.9778016 -7.973856 -11.621243
v -5.7612176 -8.042304 -11.622973
v -5.7280693 -7.973971 -11.43217
v -5.6592083 -8.167138 -9.021877
v -5.657547 -8.006475 -9.104365
v -2.8472722 -8.166579 -9.212799
v -2.8456054 -8.002535 -9.295282
v -2.9474185 -8.194925 -11.893522
v -2.9492815 -8.04221 -11.813891
v -5.7593603 -8.195476 -11.702607
v -5.7612176 -8.042304 -11.622973
v -2.6816258 -8.168221 -9.371412
v -2.762785 -8.013372 -9.374589
v -2.7888107 -8.192954 -11.727893
v -2.8699646 -8.021453 -11.731076
v -4.418261 -7.4536276 -1.630703
v -7.591479 -7.453625 -3.8728948
v -4.37143 -7.345487 -1.6964805
v -7.5446525 -7.3454843 -3.9386673
v -2.2216454 -7.453618 -4.836461
v -4.3056583 -7.4536276 -1.6496245
v -2.2873974 -7.3454757 -4.8832874
v -4.37143 -7.345487 -1.6964805
v -5.320659 -7.4536166 -7.170568
v -2.240576 -7.453618 -4.9490685
v -5.3674755 -7.3454766 -7.104787
v -2.2873974 -7.3454757 -4.8832874
v -7.6104336 -7.453622 -3.9855077
v -5.4332566 -7.453618 -7.151636
v -7.5446525 -7.3454843 -3.9386673
v -5.3674755 -7.3454766 -7.104787
v -7.638344 -7.6410522 -3.807136
v -7.6761956 -7.6410484 -4.032356
v -7.591479 -7.453625 -3.8728948
v -7.6104336 -7.453622 -3.9855077
v -4.239877 -7.6410546 -1.6028084
v -4.465092 -7.641053 -1.5649247
v -4.3056583 -7.4536276 -1.6496245
v -4.418261 -7.4536276 -1.630703
v -5.499033 -7.6410437 -7.198482
v -5.2738085 -7.6410437 -7.236346
v -5.4332566 -7.453618 -7.151636
v -5.320659 -7.4536166 -7.170568
v -4.465092 -7.641053 -1.5649247
v -7.638344 -7.6410522 -3.807136
v -4.418261 -7.4536276 -1.630703
v -7.591479 -7.453625 -3.8728948
v -2.155869 -7.6410437 -4.789613
v -4.239877 -7.6410546 -1.6028084
v -2.2216454 -7.453618 -4.836461
v -4.3056583 -7.4536276 -1.6496245
v -5.2738085 -7.6410437 -7.236346
v -2.1937206 -7.641042 -5.0148277
v -5.320659 -7.4536166 -7.170568
v -2.240576 -7.453618 -4.9490685
v -7.6761956 -7.6410484 -4.032356
v -5.499033 -7.6410437 -7.198482
v -7.6104336 -7.453622 -3.9855077
v -5.4332566 -7.453618 -7.151636
v 7.3241014 5.079934 0.55261123
v 7.3240914 5.366189 0.40623915
v 7.644443 5.079934 0.2598744
v 7.4842577 5.366194 0.25987685
v -3.1469042 5.079934 0.2598744
v -2.9867308 5.366189 0.25988173
v -2.8265624 5.079934 0.5526137
v -2.826555 5.366189 0.4062416
v 7.6444335 5.0799456 -11.113007
v 7.4842577 5.3662004 -11.113008
v 7.324082 5.079952 -11.405736
v 7.324082 5.3662066 -11.259374
v -2.826555 5.079952 -11.405732
v -2.826555 5.3662066 -11.259369
v -3.1469042 5.0799456 -11.113005
v -2.9867334 5.3662004 -11.113
v -2.826555 5.366189 0.4062416
v -2.826555 5.497053 0.25988418
v 7.3240914 5.366189 0.40623915
v 7.3240914 5.497053 0.25987685
v -2.9867334 5.3662004 -11.113
v -2.8265772 5.497069 -11.112999
v -2.9867308 5.366189 0.25988173
v -2.826555 5.497053 0.25988418
v 7.324082 5.3662066 -11.259374
v 7.324072 5.497064 -11.113007
v -2.826555 5.3662066 -11.259369
v -2.8265772 5.497069 -11.112999
v 7.4842577 5.366194 0.25987685
v 7.3240914 5.497053 0.25987685
v 7.4842577 5.3662004 -11.113008
v 7.324072 5.497064 -11.113007
v -2.8265624 5.079934 0.5526137
v -2.826555 5.366189 0.4062416
v 7.3241014 5.079934 0.55261123
v 7.3240914 5.366189 0.40623915
v -3.1469042 5.0799456 -11.113005
v -2.9867334 5.3662004 -11.113
v -3.1469042 5.079934 0.2598744
v -2.9867308 5.366189 0.25988173
v 7.324082 5.079952 -11.405736
v 7.324082 5.3662066 -11.259374
v -2.826555 5.079952 -11.405732
v -2.826555 5.3662066 -11.259369
v 7.644443 5.079934 0.2598744
v 7.4842577 5.366194 0.25987685
v 7.6444335 5.0799456 -11.113007
v 7.4842577 5.3662004 -11.113008
v 7.1202087 10.602323 5.645109
v 7.1207666 10.987301 5.5405803
v 7.327082 10.600064 5.4410586
v 7.224193 10.986173 5.438554
v 0.23136474 10.598846 5.7342057
v 0.33393797 10.807904 5.7331047
v 0.43541014 10.601556 5.9410586
v 0.435968 10.809261 5.83653
v 6.772246 10.566061 -2.4283924
v 6.6693687 10.774894 -2.430907
v 6.5681963 10.563351 -2.635243
v 6.5673327 10.773541 -2.53433
v -0.11659912 10.562597 -2.3392982
v -0.11745727 10.772788 -2.2383852
v -0.3234741 10.564858 -2.1352577
v -0.2208911 10.773916 -2.1363661
v -0.2208911 10.773916 -2.1363661
v -0.07187988 10.892339 -1.9972864
v 0.33393797 10.807904 5.7331047
v 0.46836668 10.924759 5.5905805
v 6.5673327 10.773541 -2.53433
v 6.5348225 10.893058 -2.2897377
v -0.11745727 10.772788 -2.2383852
v -0.07187988 10.892339 -1.9972864
v -0.3234741 10.564858 -2.1352577
v -0.2208911 10.773916 -2.1363661
v 0.23136474 10.598846 5.7342057
v 0.33393797 10.807904 5.7331047
v 6.5681963 10.563351 -2.635243
v 6.5673327 10.773541 -2.53433
v -0.11659912 10.562597 -2.3392982
v -0.11745727 10.772788 -2.2383852
v 5.213962 7.6372375 0.787879
v 5.217745 7.9261045 0.7095349
v 5.3756127 7.635548 0.64157027
v 5.298562 7.92526 0.63637924
v 2.1199846 7.6346297 0.639387
v 2.1969163 7.7914953 0.64186263
v 2.266294 7.6366663 0.8010254
v 2.270074 7.792511 0.722677
v 5.1897798 7.597773 -4.321643
v 5.1127386 7.7544675 -4.3268385
v 5.0434704 7.595736 -4.483276
v 5.039577 7.753452 -4.4076495
v 2.0958025 7.5951705 -4.470137
v 2.0919116 7.7528853 -4.394511
v 1.9341534 7.596865 -4.3238373
v 2.01109 7.7537303 -4.3213596
v 2.01109 7.7537303 -4.3213596
v 2.1183221 7.8425927 -4.212304
v 2.1969163 7.7914953 0.64186263
v 2.3022766 7.8791757 0.5393443
v 5.039577 7.753452 -4.4076495
v 5.0073333 7.8431334 -4.2253385
v 2.0919116 7.7528853 -4.394511
v 2.1183221 7.8425927 -4.212304
v 1.9341534 7.596865 -4.3238373
v 2.01109 7.7537303 -4.3213596
v 2.1199846 7.6346297 0.639387
v 2.1969163 7.7914953 0.64186263
v 5.0434704 7.595736 -4.483276
v 5.039577 7.753452 -4.4076495
v 2.0958025 7.5951705 -4.470137
v 2.0919116 7.7528853 -4.394511
v 5.460761 4.9379077 -9.756763
v 5.4648423 5.059939 -9.849895
v 5.69446 4.9379125 -9.927767
v 5.581687 5.059939 -9.935388
v 1.9741735 4.937913 -10.030748
v 2.0869384 5.0599394 -10.023121
v 2.1915405 4.937913 -9.829256
v 2.1956275 5.0599394 -9.922379
v 5.780158 4.9379315 -12.212598
v 5.6673846 5.0599527 -12.22022
v 5.5627775 4.9379315 -12.414077
v 5.5586944 5.059958 -12.320955
v 2.2935655 4.9379315 -12.486565
v 2.2894897 5.059958 -12.393448
v 2.0598645 4.9379315 -12.315576
v 2.1726305 5.059958 -12.307949
v 2.1956275 5.0599394 -9.922379
v 2.23557 5.17554 -10.10619
v 5.4648423 5.059939 -9.849895
v 5.4263487 5.1755395 -10.044203
v 2.1726305 5.059958 -12.307949
v 2.23557 5.17554 -10.10619
v 2.0869384 5.0599394 -10.023121
v 2.3279467 5.1755586 -12.199138
v 5.5586944 5.059958 -12.320955
v 5.518742 5.1755586 -12.137143
v 2.2894897 5.059958 -12.393448
v 2.3279467 5.1755586 -12.199138
v 5.581687 5.059939 -9.935388
v 5.4263487 5.1755395 -10.044203
v 5.6673846 5.0599527 -12.22022
v 5.518742 5.1755586 -12.137143
v 2.1915405 4.937913 -9.829256
v 2.1956275 5.0599394 -9.922379
v 5.460761 4.9379077 -9.756763
v 5.4648423 5.059939 -9.849895
v 2.0598645 4.9379315 -12.315576
v 2.1726305 5.059958 -12.307949
v 1.9741735 4.937913 -10.030748
v 2.0869384 5.0599394 -10.023121
v 5.5627775 4.9379315 -12.414077
v 5.5586944 5.059958 -12.320955
v 2.2935655 4.9379315 -12.486565
v 2.2894897 5.059958 -12.393448
v 5.69446 4.9379125 -9.927767
v 5.581687 5.059939 -9.935388
v 5.780158 4.9379315 -12.212598
v 5.6673846 5.0599527 -12.22022
v 9.106416 11.707105 -0.57145214
v 9.124521 11.824258 -0.65822464
v 9.286051 11.706987 -0.7080037
v 9.214335 11.824199 -0.72649366
v 6.0982647 11.706762 -1.207137
v 6.170094 11.823998 -1.1896784
v 6.205713 11.706914 -0.99869704
v 6.223822 11.824072 -1.0854609
v 9.541335 11.703999 -3.484582
v 9.469622 11.82122 -3.5030694
v 9.433877 11.703858 -3.69301
v 9.41589 11.821147 -3.6072845
v 6.5331798 11.703663 -4.1202507
v 6.5151978 11.820953 -4.034523
v 6.353545 11.70378 -3.983712
v 6.4253736 11.821016 -3.9662535
v 6.223822 11.824072 -1.0854609
v 6.241903 11.893896 -1.1720088
v 9.124521 11.824258 -0.65822464
v 9.142593 11.894087 -0.74477494
v 6.4253736 11.821016 -3.9662535
v 6.4971795 11.890914 -3.9485974
v 6.170094 11.823998 -1.1896784
v 6.241903 11.893896 -1.1720088
v 9.41589 11.821147 -3.6072845
v 9.397877 11.891098 -3.521353
v 6.5151978 11.820953 -4.034523
v 6.4971795 11.890914 -3.9485974
v 9.214335 11.824199 -0.72649366
v 9.142593 11.894087 -0.74477494
v 9.469622 11.82122 -3.5030694
v 9.397877 11.891098 -3.521353
v 6.205713 11.706914 -0.99869704
v 6.223822 11.824072 -1.0854609
v 9.106416 11.707105 -0.57145214
v 9.124521 11.824258 -0.65822464
v 6.353545 11.70378 -3.983712
v 6.4253736 11.821016 -3.9662535
v 6.0982647 11.706762 -1.207137
v 6.170094 11.823998 -1.1896784
v 9.433877 11.703858 -3.69301
v 9.41589 11.821147 -3.6072845
v 6.5331798 11.703663 -4.1202507
v 6.5151978 11.820953 -4.034523
v 9.286051 11.706987 -0.7080037
v 9.214335 11.824199 -0.72649366
v 9.541335 11.703999 -3.484582
v 9.469622 11.82122 -3.5030694
v 7.2807713 10.311081 -0.20509109
v 7.289964 10.433112 -0.2978572
v 7.5235143 10.311087 -0.36299393
v 7.4113317 10.433112 -0.37679884
v 4.586841 10.311087 -0.62776107
v 4.699017 10.433112 -0.6139488
v 4.7928076 10.311087 -0.41462478
v 4.8020053 10.433112 -0.5073863
v 7.568137 10.311102 -10.500649
v 7.455953 10.433124 -10.514458
v 7.362157 10.311102 -10.713768
v 7.3529625 10.433124 -10.621016
v 4.874202 10.311102 -10.923297
v 4.865014 10.433124 -10.830543
v 4.631457 10.311102 -10.765407
v 4.743633 10.433124 -10.7515955
v 4.8020053 10.433112 -0.5073863
v 4.8519897 10.548713 -0.6887254
v 7.289964 10.433112 -0.2978572
v 7.262207 10.548713 -0.4939903
v 4.743633 10.433124 -10.7515955
v 4.8519897 10.548713 -0.6887254
v 4.699017 10.433112 -0.6139488
v 4.8927355 10.548729 -10.6344185
v 7.3529625 10.433124 -10.621016
v 7.30297 10.548729 -10.439675
v 4.865014 10.433124 -10.830543
v 4.8927355 10.548729 -10.6344185
v 7.4113317 10.433112 -0.37679884
v 7.262207 10.548713 -0.4939903
v 7.455953 10.433124 -10.514458
v 7.30297 10.548729 -10.439675
v 4.7928076 10.311087 -0.41462478
v 4.8020053 10.433112 -0.5073863
v 7.2807713 10.311081 -0.20509109
v 7.289964 10.433112 -0.2978572
v 4.631457 10.311102 -10.765407
v 4.743633 10.433124 -10.7515955
v 4.586841 10.311087 -0.62776107
v 4.699017 10.433112 -0.6139488
v 7.362157 10.311102 -10.713768
v 7.3529625 10.433124 -10.621016
v 4.874202 10.311102 -10.923297
v 4.865014 10.433124 -10.830543
v 7.5235143 10.311087 -0.36299393
v 7.4113317 10.433112 -0.37679884
v 7.568137 10.311102 -10.500649
v 7.455953 10.433124 -10.514458
v 6.777072 4.1854978 -2.6350336
v 6.7805834 4.32114 -2.737287
v 7.031248 4.184216 -2.8300934
v 6.9076657 4.3205004 -2.8348076
v 2.843495 4.225928 -2.8244817
v 2.9697607 4.3596435 -2.8180363
v 3.089005 4.2220874 -2.6071112
v 3.092522 4.3577223 -2.7093537
v 7.068393 4.2000513 -13.101322
v 6.944811 4.336328 -13.106036
v 6.8228693 4.2038913 -13.318679
v 6.8220487 4.3382545 -13.214713
v 3.1348126 4.2404737 -13.290752
v 3.1339984 4.3748374 -13.18679
v 2.8806336 4.241758 -13.095707
v 3.0069 4.375482 -13.089264
v 3.092522 4.3577223 -2.7093537
v 3.1333385 4.486531 -2.9128618
v 6.7805834 4.32114 -2.737287
v 6.7343783 4.4508815 -2.9504209
v 3.0069 4.375482 -13.089264
v 3.1333385 4.486531 -2.9128618
v 2.9697607 4.3596435 -2.8180363
v 3.1827135 4.50089 -12.972017
v 6.8220487 4.3382545 -13.214713
v 6.7837706 4.4652343 -13.009565
v 3.1339984 4.3748374 -13.18679
v 3.1827135 4.50089 -12.972017
v 6.9076657 4.3205004 -2.8348076
v 6.7343783 4.4508815 -2.9504209
v 6.944811 4.336328 -13.106036
v 6.7837706 4.4652343 -13.009565
v 3.089005 4.2220874 -2.6071112
v 3.092522 4.3577223 -2.7093537
v 6.777072 4.1854978 -2.6350336
v 6.7805834 4.32114 -2.737287
v 2.8806336 4.241758 -13.095707
v 3.0069 4.375482 -13.089264
v 2.843495 4.225928 -2.8244817
v 2.9697607 4.3596435 -2.8180363
v 6.8228693 4.2038913 -13.318679
v 6.8220487 4.3382545 -13.214713
v 3.1348126 4.2404737 -13.290752
v 3.1339984 4.3748374 -13.18679
v 7.031248 4.184216 -2.8300934
v 6.9076657 4.3205004 -2.8348076
v 7.068393 4.2000513 -13.101322
v 6.944811 4.336328 -13.106036
v 8.851467 0.86598873 -2.0598333
v 8.851599 0.9880151 -2.1945207
v 9.077712 0.86598873 -2.3201163
v 8.964719 0.9880151 -2.3246465
v 4.894786 0.86598754 -2.2945604
v 5.0077734 0.9880139 -2.2900205
v 5.1204953 0.8659924 -2.0161474
v 5.1206336 0.9880139 -2.15082
v 8.9712715 0.86600035 -12.675378
v 8.858278 0.98802674 -12.679912
v 8.745549 0.86600035 -12.953776
v 8.745415 0.98802674 -12.819103
v 5.0145884 0.86599547 -12.91008
v 5.0144596 0.98802185 -12.7754135
v 4.7883387 0.86599547 -12.6498165
v 4.9013267 0.98802185 -12.645277
v 5.1206336 0.9880139 -2.15082
v 5.1527524 1.1036144 -2.4184732
v 8.851599 0.9880151 -2.1945207
v 8.804907 1.1036156 -2.4728289
v 4.9013267 0.98802185 -12.645277
v 5.1527524 1.1036144 -2.4184732
v 5.0077734 0.9880139 -2.2900205
v 5.0611167 1.1036224 -12.497107
v 8.745415 0.98802674 -12.819103
v 8.713286 1.1036273 -12.551448
v 5.0144596 0.98802185 -12.7754135
v 5.0611167 1.1036224 -12.497107
v 8.964719 0.9880151 -2.3246465
v 8.804907 1.1036156 -2.4728289
v 8.858278 0.98802674 -12.679912
v 8.713286 1.1036273 -12.551448
v 5.1204953 0.8659924 -2.0161474
v 5.1206336 0.9880139 -2.15082
v 8.851467 0.86598873 -2.0598333
v 8.851599 0.9880151 -2.1945207
v 4.7883387 0.86599547 -12.6498165
v 4.9013267 0.98802185 -12.645277
v 4.894786 0.86598754 -2.2945604
v 5.0077734 0.9880139 -2.2900205
v 8.745549 0.86600035 -12.953776
v 8.745415 0.98802674 -12.819103
v 5.0145884 0.86599547 -12.91008
v 5.0144596 0.98802185 -12.7754135
v 9.077712 0.86598873 -2.3201163
v 8.964719 0.9880151 -2.3246465
v 8.9712715 0.86600035 -12.675378
v 8.858278 0.98802674 -12.679912
v 10.013242 11.3016405 -8.825419
v 10.008563 11.424584 -8.959187
v 10.231241 11.3045845 -9.092627
v 10.1175585 11.426054 -9.092775
v 5.8286276 11.281699 -8.929569
v 5.9410987 11.404272 -8.927707
v 6.0629253 11.280967 -8.658344
v 6.058252 11.403901 -8.792099
v 10.016386 11.3748045 -11.812757
v 9.902702 11.496274 -11.812906
v 9.782075 11.375542 -12.083966
v 9.785546 11.49664 -11.948505
v 5.8317685 11.354854 -11.9168825
v 5.8352466 11.475957 -11.781431
v 5.6137657 11.351909 -11.649693
v 5.7262363 11.474483 -11.647829
v 6.058252 11.403901 -8.792099
v 6.0814195 11.521494 -9.059809
v 10.008563 11.424584 -8.959187
v 9.952627 11.5418415 -9.235087
v 5.7262363 11.474483 -11.647829
v 6.0814195 11.521494 -9.059809
v 5.9410987 11.404272 -8.927707
v 5.8900056 11.589892 -11.503911
v 9.785546 11.49664 -11.948505
v 9.761228 11.610244 -11.679175
v 5.8352466 11.475957 -11.781431
v 5.8900056 11.589892 -11.503911
v 10.1175585 11.426054 -9.092775
v 9.952627 11.5418415 -9.235087
v 9.902702 11.496274 -11.812906
v 9.761228 11.610244 -11.679175
v 6.0629253 11.280967 -8.658344
v 6.058252 11.403901 -8.792099
v 10.013242 11.3016405 -8.825419
v 10.008563 11.424584 -8.959187
v 5.6137657 11.351909 -11.649693
v 5.7262363 11.474483 -11.647829
v 5.8286276 11.281699 -8.929569
v 5.9410987 11.404272 -8.927707
v 9.782075 11.375542 -12.083966
v 9.785546 11.49664 -11.948505
v 5.8317685 11.354854 -11.9168825
v 5.8352466 11.475957 -11.781431
v 10.231241 11.3045845 -9.092627
v 10.1175585 11.426054 -9.092775
v 10.016386 11.3748045 -11.812757
v 9.902702 11.496274 -11.812906
v 8.908687 6.4126854 -9.945731
v 8.91959 6.655801 -10.084497
v 9.1626215 6.4126854 -10.195838
v 9.046555 6.6558056 -10.2095375
v 6.2345624 6.4126854 -10.189284
v 6.3506236 6.655801 -10.1755705
v 6.4448743 6.41269 -9.88436
v 6.4557834 6.655801 -10.02311
v 9.256938 6.4127097 -13.303112
v 9.140869 6.655825 -13.316813
v 9.046614 6.4127097 -13.608022
v 9.035706 6.6558347 -13.46927
v 6.430159 6.4127073 -13.578574
v 6.4192605 6.6558323 -13.439821
v 6.1762185 6.4127073 -13.328484
v 6.292282 6.6558275 -13.314768
v 6.4557834 6.655801 -10.02311
v 6.55675 6.8732176 -10.306394
v 8.91959 6.655801 -10.084497
v 8.847265 6.8732176 -10.364946
v 6.292282 6.6558275 -13.314768
v 6.491551 6.873247 -13.159369
v 6.3506236 6.655801 -10.1755705
v 6.55675 6.8732176 -10.306394
v 9.035706 6.6558347 -13.46927
v 8.9347315 6.8732495 -13.185979
v 6.4192605 6.6558323 -13.439821
v 6.491551 6.873247 -13.159369
v 9.046555 6.6558056 -10.2095375
v 8.847265 6.8732176 -10.364946
v 9.140869 6.655825 -13.316813
v 8.9347315 6.8732495 -13.185979
v 6.4448743 6.41269 -9.88436
v 6.4557834 6.655801 -10.02311
v 8.908687 6.4126854 -9.945731
v 8.91959 6.655801 -10.084497
v 6.1762185 6.4127073 -13.328484
v 6.292282 6.6558275 -13.314768
v 6.2345624 6.4126854 -10.189284
v 6.3506236 6.655801 -10.1755705
v 9.046614 6.4127097 -13.608022
v 9.035706 6.6558347 -13.46927
v 6.430159 6.4127073 -13.578574
v 6.4192605 6.6558323 -13.439821
v 9.1626215 6.4126854 -10.195838
v 9.046555 6.6558056 -10.2095375
v 9.256938 6.4127097 -13.303112
v 9.140869 6.655825 -13.316813
v 10.033237 11.114877 9.807552
v 10.031594 11.254705 9.701769
v 10.206645 11.114735 9.601505
v 10.118296 11.254637 9.598759
v 4.94073 11.114471 10.014219
v 5.0289416 11.254388 10.0157385
v 5.120433 11.114651 10.228792
v 5.1187963 11.254475 10.123021
v 9.399768 11.1111765 -1.923528
v 9.3114195 11.251074 -1.9262745
v 9.220056 11.111001 -2.138083
v 9.221562 11.250986 -2.0335524
v 4.2656713 11.110776 -1.8802009
v 4.267184 11.250761 -1.7756691
v 4.09226 11.110918 -1.6741688
v 4.180471 11.250834 -1.6726502
v 5.1187963 11.254475 10.123021
v 5.1171837 11.337811 10.0175085
v 10.031594 11.254705 9.701769
v 10.029973 11.33804 9.596258
v 4.180471 11.250834 -1.6726502
v 4.268707 11.334257 -1.670896
v 5.0289416 11.254388 10.0157385
v 5.1171837 11.337811 10.0175085
v 9.221562 11.250986 -2.0335524
v 9.223093 11.334482 -1.9287752
v 4.267184 11.250761 -1.7756691
v 4.268707 11.334257 -1.670896
v 10.118296 11.254637 9.598759
v 10.029973 11.33804 9.596258
v 9.3114195 11.251074 -1.9262745
v 9.223093 11.334482 -1.9287752
v 5.120433 11.114651 10.228792
v 5.1187963 11.254475 10.123021
v 10.033237 11.114877 9.807552
v 10.031594 11.254705 9.701769
v 4.09226 11.110918 -1.6741688
v 4.180471 11.250834 -1.6726502
v 4.94073 11.114471 10.014219
v 5.0289416 11.254388 10.0157385
v 9.220056 11.111001 -2.138083
v 9.221562 11.250986 -2.0335524
v 4.2656713 11.110776 -1.8802009
v 4.267184 11.250761 -1.7756691
v 10.206645 11.114735 9.601505
v 10.118296 11.254637 9.598759
v 9.399768 11.1111765 -1.923528
v 9.3114195 11.251074 -1.9262745
v 4.5026097 2.0090728 -13.8243065
v 4.700444 2.0090728 -14.033898
v 4.597058 2.2193854 -13.820716
v 4.6959667 2.2193902 -13.925504
v 4.5436964 2.0090477 -9.956572
v 4.363762 2.0090477 -10.180492
v 4.548164 2.2193651 -10.064942
v 4.4582005 2.2193651 -10.176915
v 10.200186 2.0090752 -13.927678
v 10.380097 2.0090728 -13.703754
v 10.195703 2.2193854 -13.81929
v 10.285664 2.2193902 -13.7073345
v 10.24126 2.0090575 -10.059947
v 10.043427 2.0090575 -9.850353
v 10.146816 2.219375 -10.063526
v 10.0479 2.2193701 -9.958729
v 4.4582005 2.2193651 -10.176915
v 4.597058 2.2193854 -13.820716
v 4.552639 2.3559813 -10.173328
v 4.691494 2.3560016 -13.817125
v 10.0479 2.2193701 -9.958729
v 4.548164 2.2193651 -10.064942
v 10.052382 2.3559864 -10.067104
v 4.552639 2.3559813 -10.173328
v 10.285664 2.2193902 -13.7073345
v 10.146816 2.219375 -10.063526
v 10.191225 2.3560016 -13.710912
v 10.052382 2.3559864 -10.067104
v 4.6959667 2.2193902 -13.925504
v 10.195703 2.2193854 -13.81929
v 4.691494 2.3560016 -13.817125
v 10.191225 2.3560016 -13.710912
v 4.363762 2.0090477 -10.180492
v 4.5026097 2.0090728 -13.8243065
v 4.4582005 2.2193651 -10.176915
v 4.597058 2.2193854 -13.820716
v 10.043427 2.0090575 -9.850353
v 4.5436964 2.0090477 -9.956572
v 10.0479 2.2193701 -9.958729
v 4.548164 2.2193651 -10.064942
v 10.380097 2.0090728 -13.703754
v 10.24126 2.0090575 -10.059947
v 10.285664 2.2193902 -13.7073345
v 10.146816 2.219375 -10.063526
v 4.700444 2.0090728 -14.033898
v 10.200186 2.0090752 -13.927678
v 4.6959667 2.2193902 -13.925504
v 10.195703 2.2193854 -13.81929
v -0.31326598 4.9260745 -11.645078
v -0.14143372 4.9260745 -11.440327
v -0.2893463 5.1536236 -11.62914
v -0.20176819 5.153619 -11.524787
v -0.20176819 5.153619 -11.524787
v -0.37524474 5.1536045 -8.51374
v -0.3297113 5.2539606 -11.456789
v -0.48944274 5.2447715 -8.526955
v -3.068859 5.1536236 -11.659125
v -0.2893463 5.1536236 -11.62914
v -3.0596917 5.253963 -11.502886
v -0.3297113 5.2539606 -11.456789
v -3.3387158 5.153607 -8.591805
v -3.1785216 5.153619 -11.518312
v -3.2166119 5.2539563 -8.60112
v -3.0596917 5.253963 -11.502886
v -3.407713 4.9260607 -8.58952
v -3.2479918 4.9260774 -11.519345
v -3.3387158 5.153607 -8.591805
v -3.1785216 5.153619 -11.518312
v 1.4437125 6.082627 -1.4253771
v 1.4097714 6.204658 -1.512199
v 1.5882617 6.0826316 -1.6763008
v 1.4820449 6.204658 -1.637651
v -1.1483135 6.0826316 -0.5784382
v -1.0421016 6.204658 -0.617079
v -0.86801744 6.0826316 -0.48209852
v -0.9019499 6.204658 -0.56891495
v 0.74236935 6.082648 -3.800509
v 0.63615143 6.204669 -3.7618604
v 0.46206573 6.082648 -3.8968322
v 0.49600127 6.204674 -3.8100183
v -1.8496542 6.082648 -2.9535527
v -1.8157141 6.204674 -2.8667464
v -1.9942116 6.082648 -2.7026412
v -1.8879986 6.204674 -2.7412827
v -0.9019499 6.204658 -0.56891495
v -0.9397771 6.3202586 -0.75317276
v 1.4097714 6.204658 -1.512199
v 1.2959659 6.3202586 -1.6743275
v -1.8879986 6.204674 -2.7412827
v -0.9397771 6.3202586 -0.75317276
v -1.0421016 6.204658 -0.617079
v -1.7019411 6.3202744 -2.7046008
v 0.49600127 6.204674 -3.8100183
v 0.53381985 6.3202744 -3.6257553
v -1.8157141 6.204674 -2.8667464
v -1.7019411 6.3202744 -2.7046008
v 1.4820449 6.204658 -1.637651
v 1.2959659 6.3202586 -1.6743275
v 0.63615143 6.204669 -3.7618604
v 0.53381985 6.3202744 -3.6257553
v -0.86801744 6.0826316 -0.48209852
v -0.9019499 6.204658 -0.56891495
v 1.4437125 6.082627 -1.4253771
v 1.4097714 6.204658 -1.512199
v -1.9942116 6.082648 -2.7026412
v -1.8879986 6.204674 -2.7412827
v -1.1483135 6.0826316 -0.5784382
v -1.0421016 6.204658 -0.617079
v 0.46206573 6.082648 -3.8968322
v 0.49600127 6.204674 -3.8100183
v -1.8496542 6.082648 -2.9535527
v -1.8157141 6.204674 -2.8667464
v 1.5882617 6.0826316 -1.6763008
v 1.4820449 6.204658 -1.637651
v 0.74236935 6.082648 -3.800509
v 0.63615143 6.204669 -3.7618604
v 4.205479 5.584037 -0.67578566
v 4.230386 5.7112794 -0.76974106
v 4.4816284 5.584043 -0.7979091
v 4.3684535 5.7112794 -0.8307954
v 0.51035064 5.584043 -1.7756714
v 0.62351716 5.7112803 -1.7427795
v 0.6868762 5.584043 -1.5220001
v 0.7117868 5.7112803 -1.615946
v 5.839241 5.5840573 -5.504237
v 5.7260637 5.711289 -5.5371265
v 5.6626983 5.5840573 -5.7578998
v 5.637792 5.7112937 -5.663954
v 2.1441033 5.5840573 -6.6041074
v 2.119206 5.7112937 -6.5101643
v 1.8679544 5.5840573 -6.4819994
v 1.9811221 5.7112937 -6.4491076
v 0.7117868 5.7112803 -1.615946
v 0.79342407 5.8318176 -1.7942822
v 4.230386 5.7112794 -0.76974106
v 4.234464 5.831816 -0.9762446
v 5.637792 5.7112937 -5.663954
v 5.556144 5.831832 -5.485617
v 2.119206 5.7112937 -6.5101643
v 2.1150892 5.8318334 -6.303667
v 0.6868762 5.584043 -1.5220001
v 0.7117868 5.7112803 -1.615946
v 4.205479 5.584037 -0.67578566
v 4.230386 5.7112794 -0.76974106
v 1.8679544 5.5840573 -6.4819994
v 1.9811221 5.7112937 -6.4491076
v 0.51035064 5.584043 -1.7756714
v 0.62351716 5.7112803 -1.7427795
v 5.6626983 5.5840573 -5.7578998
v 5.637792 5.7112937 -5.663954
v 2.1441033 5.5840573 -6.6041074
v 2.119206 5.7112937 -6.5101643
v 4.4816284 5.584043 -0.7979091
v 4.3684535 5.7112794 -0.8307954
v 5.839241 5.5840573 -5.504237
v 5.7260637 5.711289 -5.5371265
v 6.6360917 7.553031 -9.362449
v 4.9676447 7.5530295 -9.436632
v 6.637713 7.6335754 -9.509975
v 4.9692655 7.6335754 -9.584159
v 6.9156623 7.553038 -12.273564
v 6.785252 7.553031 -9.508352
v 6.7681427 7.633585 -12.2751875
v 6.637713 7.6335754 -9.509975
v 5.1013064 7.553043 -12.4969
v 6.769754 7.553043 -12.422713
v 5.099695 7.633589 -12.34937
v 6.7681427 7.633585 -12.2751875
v 4.821756 7.5530343 -9.585779
v 4.952156 7.553042 -12.350993
v 4.9692655 7.6335754 -9.584159
v 5.099695 7.633589 -12.34937
v 4.9660234 7.3385034 -9.289095
v 4.6742167 7.3385043 -9.587402
v 4.9676447 7.5530295 -9.436632
v 4.821756 7.5530343 -9.585779
v 6.9327617 7.3385043 -9.506733
v 6.6344805 7.3385034 -9.214919
v 6.785252 7.553031 -9.508352
v 6.6360917 7.553031 -9.362449
v 4.8046465 7.3385153 -12.352617
v 5.1029277 7.3385177 -12.644423
v 4.952156 7.553042 -12.350993
v 5.1013064 7.553043 -12.4969
v 6.771375 7.3385167 -12.570236
v 7.063181 7.338512 -12.271942
v 6.769754 7.553043 -12.422713
v 6.9156623 7.553038 -12.273564
v 6.6344805 7.3385034 -9.214919
v 4.9660234 7.3385034 -9.289095
v 6.6360917 7.553031 -9.362449
v 4.9676447 7.5530295 -9.436632
v 7.063181 7.338512 -12.271942
v 6.9327617 7.3385043 -9.506733
v 6.9156623 7.553038 -12.273564
v 6.785252 7.553031 -9.508352
v 5.1029277 7.3385177 -12.644423
v 6.771375 7.3385167 -12.570236
v 5.1013064 7.553043 -12.4969
v 6.769754 7.553043 -12.422713
v 4.6742167 7.3385043 -9.587402
v 4.8046465 7.3385153 -12.352617
v 4.821756 7.5530343 -9.585779
v 4.952156 7.553042 -12.350993
v 3.2156243 -3.4099808 -2.7225595
v 0.26674682 -3.4616854 -2.9476764
v 3.2196789 -3.2711883 -2.8223236
v 0.2707788 -3.3228934 -3.0474374
v 3.5323882 -3.359928 -5.352073
v 3.324317 -3.4063375 -2.8179507
v 3.4277747 -3.224779 -5.3564386
v 3.2196789 -3.2711883 -2.8223236
v 0.602193 -3.4087908 -5.7256503
v 3.4369597 -3.3598998 -5.460791
v 0.5930029 -3.2736702 -5.621299
v 3.4277747 -3.224779 -5.3564386
v 0.17130126 -3.4616525 -3.0563922
v 0.49350342 -3.4124365 -5.630259
v 0.2707788 -3.3228934 -3.0474374
v 0.5930029 -3.2736702 -5.621299
v 0.26457092 -3.7008903 -2.84959
v 0.07371399 -3.7008288 -3.0670445
v 0.26674682 -3.4616854 -2.9476764
v 0.17130126 -3.4616525 -3.0563922
v 3.4308324 -3.641897 -2.8152914
v 3.2134693 -3.6491842 -2.6244805
v 3.324317 -3.4063375 -2.8179507
v 3.2156243 -3.4099808 -2.7225595
v 0.3959247 -3.6516125 -5.6408954
v 0.61328614 -3.6443245 -5.8316975
v 0.49350342 -3.4124365 -5.630259
v 0.602193 -3.4087908 -5.7256503
v 3.2134693 -3.6491842 -2.6244805
v 0.26457092 -3.7008903 -2.84959
v 3.2156243 -3.4099808 -2.7225595
v 0.26674682 -3.4616854 -2.9476764
v 3.6389227 -3.5954876 -5.34939
v 3.4308324 -3.641897 -2.8152914
v 3.5323882 -3.359928 -5.352073
v 3.324317 -3.4063375 -2.8179507
v 0.61328614 -3.6443245 -5.8316975
v 3.4480627 -3.5954309 -5.566831
v 0.602193 -3.4087908 -5.7256503
v 3.4369597 -3.3598998 -5.460791
v 0.07371399 -3.7008288 -3.0670445
v 0.3959247 -3.6516125 -5.6408954
v 0.17130126 -3.4616525 -3.0563922
v 0.49350342 -3.4124365 -5.630259
v -4.931475 -4.8923373 13.916282
v -10.188647 -4.8923364 13.291602
v -4.9179153 -4.8051357 13.814898
v -10.175093 -4.8051343 13.190216
v -4.0266886 -4.8923326 5.910305
v -4.8165193 -4.8923373 13.828466
v -4.1280656 -4.8051305 5.896742
v -4.9179153 -4.8051357 13.814898
v -9.255107 -4.8923316 5.138744
v -4.1145205 -4.8923316 5.7953553
v -9.268666 -4.8051305 5.2401257
v -4.1280656 -4.8051305 5.896742
v -10.27648 -4.892332 13.176651
v -9.370063 -4.8923326 5.2265635
v -10.175093 -4.8051343 13.190216
v -9.268666 -4.8051305 5.2401257
v -10.202216 -5.0434713 13.392992
v -10.377875 -5.0434666 13.163087
v -10.188647 -4.8923364 13.291602
v -10.27648 -4.892332 13.176651
v -4.715152 -5.0434713 13.842009
v -4.9450445 -5.043471 14.017671
v -4.8165193 -4.8923373 13.828466
v -4.931475 -4.8923373 13.916282
v -9.471439 -5.0434666 5.213004
v -9.241552 -5.0434666 5.037349
v -9.370063 -4.8923326 5.2265635
v -9.255107 -4.8923316 5.138744
v -4.9450445 -5.043471 14.017671
v -10.202216 -5.0434713 13.392992
v -4.931475 -4.8923373 13.916282
v -10.188647 -4.8923364 13.291602
v -3.925302 -5.0434666 5.923866
v -4.715152 -5.0434713 13.842009
v -4.0266886 -4.8923326 5.910305
v -4.8165193 -4.8923373 13.828466
v -9.241552 -5.0434666 5.037349
v -4.1009564 -5.0434656 5.6939635
v -9.255107 -4.8923316 5.138744
v -4.1145205 -4.8923316 5.7953553
v -10.377875 -5.0434666 13.163087
v -9.471439 -5.0434666 5.213004
v -10.27648 -4.892332 13.176651
v -9.370063 -4.8923326 5.2265635
vt -5.6953125 -5.7617188
vt -5.6523438 -5.765625
vt -5.6757812 -5.8242188
vt -5.0351562 -5.765625
vt -5.0625 -5.8242188
vt -5.0820312 -5.7617188
vt -6.875 -5.7617188
vt -6.8242188 -5.7617188
vt -6.8515625 -5.8242188
vt -3.8378906 -5.7734375
vt -3.8964844 -5.8242188
vt -3.8984375 -5.7617188
vt -2.90625 -9.2265625
vt -2.8574219 -9.234375
vt -2.9042969 -9.28125
vt -6.6953125 -9.2265625
vt -6.71875 -9.2734375
vt -6.7382812 -9.2265625
vt -4.40625 -9.2265625
vt -4.3671875 -9.2265625
vt -4.3945312 -9.28125
vt -5.1914062 -9.2265625
vt -5.21875 -9.2734375
vt -5.234375 -9.2265625
vt -3.9003906 -5.421875
vt -3.8320312 -5.421875
vt -3.8984375 -5.7617188
vt -3.8378906 -5.7734375
vt -3.8984375 -5.7617188
vt -3.8320312 -5.421875
vt -2.8574219 -9.234375
vt -2.90625 -9.2265625
vt -2.8496094 -8.9296875
vt -2.90625 -8.9296875
vt -2.8496094 -8.9296875
vt -2.90625 -9.2265625
vt -3.6503906 -10.5390625
vt -3.6113281 -10.5546875
vt -3.6484375 -10.578125
vt -6.5195312 -10.546875
vt -6.5351562 -10.5859375
vt -6.5507812 -10.546875
vt -4.6289062 -10.5390625
vt -4.59375 -10.5390625
vt -4.6171875 -10.578125
vt -5.546875 -10.5390625
vt -5.5664062 -10.5703125
vt -5.578125 -10.5390625
vt -6.546875 -10.296875
vt -6.5078125 -10.296875
vt -6.5507812 -10.546875
vt -6.5195312 -10.546875
vt -6.5507812 -10.546875
vt -6.5078125 -10.296875
vt -3.6113281 -10.5546875
vt -3.6503906 -10.5390625
vt -3.5996094 -10.296875
vt -3.6464844 -10.296875
vt -3.5996094 -10.296875
vt -3.6503906 -10.5390625
vt -6.5039062 -2.3886719
vt -6.484375 -2.3886719
vt -6.4960938 -2.4257812
vt -5.9726562 -2.390625
vt -5.984375 -2.4257812
vt -5.9921875 -2.390625
vt -7.1445312 -2.390625
vt -7.1210938 -2.3886719
vt -7.1328125 -2.4257812
vt -5.3242188 -2.3945312
vt -5.3515625 -2.4257812
vt -5.3515625 -2.390625
vt -5.3515625 -1.9580078
vt -5.3203125 -1.9580078
vt -5.3515625 -2.390625
vt -5.3242188 -2.3945312
vt -5.3515625 -2.390625
vt -5.3203125 -1.9580078
vt -10.140625 -10.890625
vt -10.109375 -10.8984375
vt -10.1328125 -10.9296875
vt -11.234375 -10.890625
vt -11.25 -10.921875
vt -11.265625 -10.890625
vt -10.46875 -10.890625
vt -10.4375 -10.890625
vt -10.4609375 -10.9296875
vt -10.90625 -10.890625
vt -10.921875 -10.921875
vt -10.9296875 -10.890625
vt -10.109375 -10.8984375
vt -10.140625 -10.890625
vt -10.1015625 -10.671875
vt -10.1328125 -10.671875
vt -10.1015625 -10.671875
vt -10.140625 -10.890625
vt -3.6132812 -8.46875
vt -3.5722656 -8.4765625
vt -3.6113281 -8.5078125
vt -6.6367188 -8.46875
vt -6.65625 -8.5078125
vt -6.671875 -8.46875
vt -4.6835938 -8.46875
vt -4.6523438 -8.46875
vt -4.671875 -8.5078125
vt -5.5703125 -8.46875
vt -5.5859375 -8.5078125
vt -5.6015625 -8.46875
vt -3.5722656 -8.4765625
vt -3.6132812 -8.46875
vt -3.5683594 -8.1796875
vt -3.6152344 -8.1796875
vt -3.5683594 -8.1796875
vt -3.6132812 -8.46875
vt -3.7324219 5.3164062
vt -3.7089844 5.3125
vt -3.7304688 5.2929688
vt -4.4257812 5.3164062
vt -4.4335938 5.2929688
vt -4.4453125 5.3164062
vt -4 5.3164062
vt -3.9824219 5.3164062
vt -3.9921875 5.2929688
vt -4.1640625 5.3164062
vt -4.1757812 5.2929688
vt -4.1835938 5.3164062
vt -3.7089844 5.3125
vt -3.7324219 5.3164062
vt -3.7089844 5.8242188
vt -3.7324219 5.8242188
vt -3.7089844 5.8242188
vt -3.7324219 5.3164062
vt -10.53125 -10.3359375
vt -10.5 -10.34375
vt -10.53125 -10.3671875
vt -11.3046875 -10.3359375
vt -11.3125 -10.3671875
vt -11.328125 -10.3359375
vt -10.7421875 -10.3359375
vt -10.71875 -10.3359375
vt -10.734375 -10.3671875
vt -11.09375 -10.3359375
vt -11.109375 -10.3671875
vt -11.1171875 -10.3359375
vt -10.5 -10.34375
vt -10.53125 -10.3359375
vt -10.484375 -10.078125
vt -10.5234375 -10.078125
vt -10.484375 -10.078125
vt -10.53125 -10.3359375
vt -11.1171875 -10.078125
vt -11.0859375 -10.078125
vt -11.1171875 -10.3359375
vt -11.09375 -10.3359375
vt -11.1171875 -10.3359375
vt -11.0859375 -10.078125
vt -4.6835938 -14.28125
vt -4.65625 -14.28125
vt -4.6835938 -14.3046875
vt -7.3710938 -14.2734375
vt -7.3828125 -14.3046875
vt -7.3945312 -14.2734375
vt -5.8359375 -14.2734375
vt -5.8125 -14.2734375
vt -5.828125 -14.3046875
vt -6.2304688 -14.2734375
vt -6.2460938 -14.3046875
vt -6.2539062 -14.2734375
vt -4.65625 -14.28125
vt -4.6835938 -14.28125
vt -4.65625 -13.9296875
vt -4.6835938 -13.9296875
vt -4.65625 -13.9296875
vt -4.6835938 -14.28125
vt -6.0664062 -7.6914062
vt -6.03125 -7.6835938
vt -6.0546875 -7.7226562
vt -5.3398438 -7.6914062
vt -5.359375 -7.7265625
vt -5.3789062 -7.6875
vt -6.8789062 -7.6875
vt -6.8359375 -7.6914062
vt -6.8554688 -7.7226562
vt -4.5195312 -7.6953125
vt -4.5664062 -7.71875
vt -4.5703125 -7.6914062
vt -5.3710938 -7.3710938
vt -5.328125 -7.3710938
vt -5.3789062 -7.6875
vt -5.3398438 -7.6914062
vt -5.3789062 -7.6875
vt -5.328125 -7.3710938
vt -6.03125 -7.6835938
vt -6.0664062 -7.6914062
vt -6.0234375 -7.3710938
vt -6.0664062 -7.3710938
vt -6.0234375 -7.3710938
vt -6.0664062 -7.6914062
vt -4.5664062 -7.3710938
vt -4.5195312 -7.3710938
vt -4.5703125 -7.6914062
vt -4.5195312 -7.6953125
vt -4.5703125 -7.6914062
vt -4.5195312 -7.3710938
vt -6.8789062 -7.3710938
vt -6.828125 -7.3710938
vt -6.8789062 -7.6875
vt -6.8359375 -7.6914062
vt -6.8789062 -7.6875
vt -6.828125 -7.3710938
vt -6.3632812 -0.28442383
vt -6.3359375 -0.28979492
vt -6.3632812 -0.3149414
vt -7.2773438 -0.28466797
vt -7.2890625 -0.31347656
vt -7.3007812 -0.2841797
vt -6.671875 -0.28295898
vt -6.6484375 -0.28198242
vt -6.6640625 -0.31225586
vt -6.9765625 -0.28344727
vt -6.9921875 -0.31323242
vt -7 -0.28344727
vt -6.3359375 -0.28979492
vt -6.3632812 -0.28442383
vt -6.3242188 0.07409668
vt -6.3554688 0.07409668
vt -6.3242188 0.07409668
vt -6.3632812 -0.28442383
vt -4.3828125 -6.6679688
vt -4.3554688 -6.671875
vt -4.3828125 -6.6953125
vt -7.1210938 -6.6679688
vt -7.1367188 -6.6953125
vt -7.1445312 -6.6679688
vt -5.5820312 -6.6679688
vt -5.5585938 -6.6679688
vt -5.5742188 -6.6953125
vt -5.9335938 -6.6679688
vt -5.9453125 -6.6953125
vt -5.9570312 -6.6679688
vt -4.3554688 -6.671875
vt -4.3828125 -6.6679688
vt -4.3554688 -6.2226562
vt -4.3828125 -6.2226562
vt -4.3554688 -6.2226562
vt -4.3828125 -6.6679688
vt -3.3671875 6.1757812
vt -3.3222656 6.171875
vt -3.3691406 6.1484375
vt -4.4023438 6.1835938
vt -4.4140625 6.1523438
vt -4.4375 6.1875
vt -3.7753906 6.1875
vt -3.7402344 6.1796875
vt -3.7597656 6.1484375
vt -4.0039062 6.1914062
vt -4.0234375 6.1523438
vt -4.0351562 6.1835938
vt -4.4453125 6.53125
vt -4.4023438 6.53125
vt -4.4375 6.1875
vt -4.4023438 6.1835938
vt -4.4375 6.1875
vt -4.4023438 6.53125
vt -3.3222656 6.171875
vt -3.3671875 6.1757812
vt -3.3222656 6.5195312
vt -3.3671875 6.5195312
vt -3.3222656 6.5195312
vt -3.3671875 6.1757812
vt -4.0351562 6.53125
vt -3.9941406 6.53125
vt -4.0351562 6.1835938
vt -4.0039062 6.1914062
vt -4.0351562 6.1835938
vt -3.9941406 6.53125
vt -3.7636719 6.53125
vt -3.7265625 6.5273438
vt -3.7753906 6.1875
vt -3.7402344 6.1796875
vt -3.7753906 6.1875
vt -3.7265625 6.5273438
vt -4.4765625 -4.796875
vt -4.4492188 -4.8046875
vt -4.4765625 -4.828125
vt -6.7851562 -4.7890625
vt -6.796875 -4.8164062
vt -6.8125 -4.7890625
vt -5.28125 -4.796875
vt -5.2578125 -4.796875
vt -5.2734375 -4.828125
vt -5.9921875 -4.7890625
vt -6.0039062 -4.8164062
vt -6.015625 -4.7890625
vt -6.8125 -4.4296875
vt -6.7851562 -4.4296875
vt -6.8125 -4.7890625
vt -6.7851562 -4.7890625
vt -6.8125 -4.7890625
vt -6.7851562 -4.4296875
vt -4.4492188 -4.8046875
vt -4.4765625 -4.796875
vt -4.4453125 -4.4414062
vt -4.4765625 -4.4375
vt -4.4453125 -4.4414062
vt -4.4765625 -4.796875
vt -5.5117188 -10.890625
vt -5.4921875 -10.8984375
vt -5.5117188 -10.9140625
vt -6.96875 -10.890625
vt -6.9804688 -10.9140625
vt -6.9882812 -10.890625
vt -5.9921875 -10.890625
vt -5.9726562 -10.890625
vt -5.984375 -10.9140625
vt -6.4960938 -10.890625
vt -6.5078125 -10.9140625
vt -6.515625 -10.890625
vt -5.4921875 -10.8984375
vt -5.5117188 -10.890625
vt -5.484375 -10.8046875
vt -5.5117188 -10.8046875
vt -5.484375 -10.8046875
vt -5.5117188 -10.890625
vt -12.328125 -2.1015625
vt -12.328125 -1.96875
vt -12.3046875 -2.0957031
vt -12.296875 -1.96875
vt -12.3046875 -2.0957031
vt -12.328125 -1.96875
vt -12.3046875 -2.0957031
vt -12.3046875 -2.1210938
vt -12.328125 -2.1015625
vt -10.109375 -2.0957031
vt -10.0859375 -2.0976562
vt -10.09375 -2.1210938
vt -11.4140625 -2.0976562
vt -11.421875 -2.125
vt -11.4375 -2.0996094
vt -10.9921875 -2.09375
vt -10.96875 -2.0957031
vt -10.9765625 -2.1191406
vt -11.6875 -9.3046875
vt -11.6875 -9.09375
vt -11.65625 -9.3046875
vt -11.6640625 -9.09375
vt -11.65625 -9.3046875
vt -11.6875 -9.09375
vt -11.65625 -9.3046875
vt -11.65625 -9.328125
vt -11.6875 -9.3046875
vt -10.9375 -9.3046875
vt -10.9140625 -9.3046875
vt -10.921875 -9.328125
vt -11.4140625 -9.3046875
vt -11.421875 -9.328125
vt -11.4375 -9.3046875
vt -11.1796875 -9.3046875
vt -11.15625 -9.3046875
vt -11.1640625 -9.328125
vt -3.2734375 7.8671875
vt -3.2304688 7.859375
vt -3.2734375 7.8242188
vt -4.6132812 7.875
vt -4.6289062 7.8320312
vt -4.6445312 7.8710938
vt -3.8613281 7.8710938
vt -3.828125 7.8710938
vt -3.8496094 7.828125
vt -4.03125 7.8710938
vt -4.0507812 7.8320312
vt -4.0664062 7.875
vt -3.2304688 7.859375
vt -3.2734375 7.8671875
vt -3.2304688 8.21875
vt -3.2714844 8.21875
vt -3.2304688 8.21875
vt -3.2734375 7.8671875
vt -2.4980469 3.4863281
vt -2.4609375 3.4804688
vt -2.4980469 3.4472656
vt -3.9335938 3.4863281
vt -3.9492188 3.4472656
vt -3.9628906 3.4882812
vt -2.9433594 3.4882812
vt -2.9160156 3.4863281
vt -2.9335938 3.4453125
vt -3.4902344 3.4863281
vt -3.5097656 3.4472656
vt -3.5195312 3.4863281
vt -3.9648438 3.5917969
vt -3.9238281 3.5917969
vt -3.9628906 3.4882812
vt -3.9335938 3.4863281
vt -3.9628906 3.4882812
vt -3.9238281 3.5917969
vt -2.4609375 3.4804688
vt -2.4980469 3.4863281
vt -2.4609375 3.5917969
vt -2.5019531 3.5917969
vt -2.4609375 3.5917969
vt -2.4980469 3.4863281
vt -2.9355469 3.5917969
vt -2.90625 3.5917969
vt -2.9433594 3.4882812
vt -2.9160156 3.4863281
vt -2.9433594 3.4882812
vt -2.90625 3.5917969
vt -11.8046875 -7.2304688
vt -11.828125 -6.859375
vt -11.78125 -7.2265625
vt -11.796875 -6.859375
vt -11.78125 -7.2265625
vt -11.828125 -6.859375
vt -11.4765625 -6.859375
vt -11.46875 -7.2226562
vt -11.5078125 -6.859375
vt -11.4921875 -7.2226562
vt -11.5078125 -6.859375
vt -11.46875 -7.2226562
vt -11.78125 -7.2265625
vt -11.765625 -7.2578125
vt -11.8046875 -7.2304688
vt -10.9296875 -7.2265625
vt -10.9140625 -7.2226562
vt -10.9296875 -7.2578125
vt -11.46875 -7.2226562
vt -11.4765625 -7.25
vt -11.4921875 -7.2226562
vt -11.2421875 -7.2226562
vt -11.21875 -7.2226562
vt -11.2265625 -7.25
vt -11.4765625 -7.25
vt -11.765625 -7.2578125
vt -11.4921875 -7.2226562
vt -11.78125 -7.2265625
vt -11.4921875 -7.2226562
vt -11.765625 -7.2578125
vt -2.4003906 2.2207031
vt -2.3632812 2.2167969
vt -2.3984375 2.1816406
vt -4.1835938 2.2207031
vt -4.1992188 2.1835938
vt -4.2109375 2.2226562
vt -3.1484375 2.2226562
vt -3.1210938 2.2207031
vt -3.1386719 2.1816406
vt -3.4375 2.2226562
vt -3.4550781 2.1816406
vt -3.4667969 2.2207031
vt -2.3632812 2.2167969
vt -2.4003906 2.2207031
vt -2.3652344 2.5078125
vt -2.4023438 2.5078125
vt -2.3652344 2.5078125
vt -2.4003906 2.2207031
vt -4.9140625 -2.96875
vt -4.8554688 -2.9746094
vt -4.9140625 -3.0117188
vt -7.0273438 -2.9707031
vt -7.046875 -3.0136719
vt -7.0703125 -2.9667969
vt -5.7148438 -2.9667969
vt -5.671875 -2.9726562
vt -5.6953125 -3.015625
vt -6.2304688 -2.9628906
vt -6.2578125 -3.0136719
vt -6.2734375 -2.9707031
vt -7.0742188 -2.7246094
vt -7.0117188 -2.7246094
vt -7.0703125 -2.9667969
vt -7.0273438 -2.9707031
vt -7.0703125 -2.9667969
vt -7.0117188 -2.7246094
vt -4.8554688 -2.9746094
vt -4.9140625 -2.96875
vt -4.859375 -2.7246094
vt -4.9179688 -2.7246094
vt -4.859375 -2.7246094
vt -4.9140625 -2.96875
vt -6.265625 -2.7246094
vt -6.21875 -2.7246094
vt -6.2734375 -2.9707031
vt -6.2304688 -2.9628906
vt -6.2734375 -2.9707031
vt -6.21875 -2.7246094
vt -5.703125 -2.7246094
vt -5.65625 -2.7246094
vt -5.7148438 -2.9667969
vt -5.671875 -2.9726562
vt -5.7148438 -2.9667969
vt -5.65625 -2.7246094
vt -3.1992188 -12.3515625
vt -3.1503906 -12.359375
vt -3.2011719 -12.3828125
vt -7.0273438 -12.3515625
vt -7.046875 -12.390625
vt -7.0664062 -12.3515625
vt -4.828125 -12.3515625
vt -4.7851562 -12.359375
vt -4.8085938 -12.390625
vt -5.4101562 -12.34375
vt -5.4335938 -12.390625
vt -5.4453125 -12.3515625
vt -7.0625 -11.90625
vt -7.015625 -11.90625
vt -7.0664062 -12.3515625
vt -7.0273438 -12.3515625
vt -7.0664062 -12.3515625
vt -7.015625 -11.90625
vt -3.1503906 -12.359375
vt -3.1992188 -12.3515625
vt -3.1464844 -11.90625
vt -3.2011719 -11.90625
vt -3.1464844 -11.90625
vt -3.1992188 -12.3515625
vt -5.4414062 -11.90625
vt -5.3984375 -11.90625
vt -5.4453125 -12.3515625
vt -5.4101562 -12.34375
vt -5.4453125 -12.3515625
vt -5.3984375 -11.90625
vt -4.8164062 -11.90625
vt -4.7695312 -11.90625
vt -4.828125 -12.3515625
vt -4.7851562 -12.359375
vt -4.828125 -12.3515625
vt -4.7695312 -11.90625
vt -10.5859375 -7.7304688
vt -10.5625 -7.7382812
vt -10.5859375 -7.7617188
vt -11.453125 -7.7304688
vt -11.4609375 -7.7578125
vt -11.4765625 -7.7304688
vt -10.8671875 -7.7304688
vt -10.84375 -7.7304688
vt -10.859375 -7.7578125
vt -11.171875 -7.7304688
vt -11.1796875 -7.7578125
vt -11.1953125 -7.7304688
vt -10.5625 -7.7382812
vt -10.5859375 -7.7304688
vt -10.546875 -7.5429688
vt -10.578125 -7.5429688
vt -10.546875 -7.5429688
vt -10.5859375 -7.7304688
vt -2.4785156 6.9296875
vt -2.4375 6.921875
vt -2.4765625 6.8867188
vt -4.6054688 6.9335938
vt -4.6171875 6.890625
vt -4.6367188 6.9296875
vt -3.4589844 6.9296875
vt -3.4257812 6.9296875
vt -3.4472656 6.8867188
vt -3.6289062 6.9296875
vt -3.6484375 6.890625
vt -3.6621094 6.9296875
vt -2.4375 6.921875
vt -2.4785156 6.9296875
vt -2.4296875 7.4335938
vt -2.4746094 7.4375
vt -2.4296875 7.4335938
vt -2.4785156 6.9296875
vt -2.7949219 3.9726562
vt -2.7578125 3.9667969
vt -2.7949219 3.9335938
vt -4.0976562 3.9726562
vt -4.1132812 3.9335938
vt -4.1289062 3.9746094
vt -3.2050781 3.9746094
vt -3.1757812 3.9726562
vt -3.1933594 3.9316406
vt -3.6914062 3.9746094
vt -3.7089844 3.9335938
vt -3.7207031 3.9726562
vt -2.7578125 3.9667969
vt -2.7949219 3.9726562
vt -2.7558594 4.2617188
vt -2.796875 4.2617188
vt -2.7558594 4.2617188
vt -2.7949219 3.9726562
vt -3.2011719 4.5742188
vt -3.1679688 4.5703125
vt -3.2011719 4.5390625
vt -4.2578125 4.5742188
vt -4.2734375 4.5390625
vt -4.2851562 4.5742188
vt -3.5585938 4.5742188
vt -3.5351562 4.5742188
vt -3.5488281 4.5390625
vt -3.9042969 4.5742188
vt -3.9199219 4.5390625
vt -3.9296875 4.5742188
vt -3.1679688 4.5703125
vt -3.2011719 4.5742188
vt -3.1679688 4.8242188
vt -3.203125 4.8242188
vt -3.1679688 4.8242188
vt -3.2011719 4.5742188
vt -5.9765625 -1.5605469
vt -5.953125 -1.5644531
vt -5.9765625 -1.5859375
vt -7.1640625 -1.5605469
vt -7.171875 -1.5849609
vt -7.1835938 -1.5605469
vt -6.3554688 -1.5605469
vt -6.3359375 -1.5605469
vt -6.3476562 -1.5849609
vt -6.7890625 -1.5595703
vt -6.8007812 -1.5849609
vt -6.8085938 -1.5595703
vt -5.953125 -1.5644531
vt -5.9765625 -1.5605469
vt -5.953125 -1.2041016
vt -5.9765625 -1.2041016
vt -5.953125 -1.2041016
vt -5.9765625 -1.5605469
vt -11.6796875 -8.2109375
vt -11.6796875 -8
vt -11.65625 -8.203125
vt -11.65625 -8
vt -11.65625 -8.203125
vt -11.6796875 -8
vt -11.3515625 -8
vt -11.34375 -8.203125
vt -11.3671875 -8
vt -11.3671875 -8.203125
vt -11.3671875 -8
vt -11.34375 -8.203125
vt -11.65625 -8.203125
vt -11.65625 -8.2265625
vt -11.6796875 -8.2109375
vt -10.7734375 -8.203125
vt -10.7578125 -8.203125
vt -10.765625 -8.21875
vt -11.34375 -8.203125
vt -11.3515625 -8.2265625
vt -11.3671875 -8.203125
vt -11.0859375 -8.203125
vt -11.0703125 -8.203125
vt -11.078125 -8.21875
vt -9.9921875 -9.84375
vt -9.96875 -9.8515625
vt -9.9921875 -9.8671875
vt -11.2109375 -9.84375
vt -11.21875 -9.8671875
vt -11.2265625 -9.84375
vt -10.3671875 -9.84375
vt -10.34375 -9.84375
vt -10.359375 -9.8671875
vt -10.84375 -9.84375
vt -10.8515625 -9.8671875
vt -10.859375 -9.84375
vt -9.96875 -9.8515625
vt -9.9921875 -9.84375
vt -9.96875 -9.734375
vt -9.9921875 -9.734375
vt -9.96875 -9.734375
vt -9.9921875 -9.84375
vt -5.9570312 0.5463867
vt -5.9296875 0.5419922
vt -5.953125 0.5214844
vt -7.1210938 0.5463867
vt -7.1328125 0.52197266
vt -7.1445312 0.5463867
vt -6.328125 0.54589844
vt -6.3085938 0.54589844
vt -6.3203125 0.5214844
vt -6.7578125 0.546875
vt -6.765625 0.52197266
vt -6.7734375 0.5463867
vt -5.9296875 0.5419922
vt -5.9570312 0.5463867
vt -5.9296875 0.8964844
vt -5.9570312 0.8964844
vt -5.9296875 0.8964844
vt -5.9570312 0.5463867
vt -2.4609375 2.828125
vt -2.421875 2.8242188
vt -2.4570312 2.7890625
vt -4.21875 2.828125
vt -4.234375 2.7890625
vt -4.25 2.8300781
vt -3.2109375 2.828125
vt -3.1835938 2.828125
vt -3.1992188 2.7871094
vt -3.4707031 2.8300781
vt -3.4882812 2.7890625
vt -3.4980469 2.828125
vt -2.421875 2.8242188
vt -2.4609375 2.828125
vt -2.4238281 3.1152344
vt -2.4628906 3.1152344
vt -2.4238281 3.1152344
vt -2.4609375 2.828125
vt -3.203125 3.1152344
vt -3.1738281 3.1152344
vt -3.2109375 2.828125
vt -3.1835938 2.828125
vt -3.2109375 2.828125
vt -3.1738281 3.1152344
vt -11.90625 -5.5859375
vt -11.9140625 -5.3671875
vt -11.8828125 -5.578125
vt -11.890625 -5.3671875
vt -11.8828125 -5.578125
vt -11.9140625 -5.3671875
vt -11.1875 -5.3671875
vt -11.1796875 -5.578125
vt -11.2109375 -5.3671875
vt -11.203125 -5.5742188
vt -11.2109375 -5.3671875
vt -11.1796875 -5.578125
vt -11.8828125 -5.578125
vt -11.8828125 -5.6015625
vt -11.90625 -5.5859375
vt -10.921875 -5.578125
vt -10.8984375 -5.578125
vt -10.9140625 -5.5976562
vt -11.6015625 -5.5820312
vt -11.609375 -5.6054688
vt -11.625 -5.578125
vt -11.203125 -5.5742188
vt -11.1796875 -5.578125
vt -11.1875 -5.5976562
vt -11.8671875 -6.3515625
vt -11.8671875 -6.21875
vt -11.84375 -6.3476562
vt -11.84375 -6.21875
vt -11.84375 -6.3476562
vt -11.8671875 -6.21875
vt -11.296875 -6.21875
vt -11.296875 -6.3476562
vt -11.3203125 -6.21875
vt -11.3125 -6.3476562
vt -11.3203125 -6.21875
vt -11.296875 -6.3476562
vt -11.84375 -6.3476562
vt -11.84375 -6.3671875
vt -11.8671875 -6.3515625
vt -11.0546875 -6.3476562
vt -11.03125 -6.3476562
vt -11.046875 -6.3671875
vt -11.578125 -6.3476562
vt -11.5859375 -6.3710938
vt -11.59375 -6.3515625
vt -11.3125 -6.3476562
vt -11.296875 -6.3476562
vt -11.3046875 -6.3671875
vt -11.890625 -6.0039062
vt -11.8984375 -5.8789062
vt -11.8671875 -5.9960938
vt -11.8671875 -5.8789062
vt -11.8671875 -5.9960938
vt -11.8984375 -5.8789062
vt -11.109375 -5.8789062
vt -11.1015625 -5.9882812
vt -11.1328125 -5.8789062
vt -11.125 -5.9882812
vt -11.1328125 -5.8789062
vt -11.1015625 -5.9882812
vt -11.5546875 -5.8789062
vt -11.546875 -5.9960938
vt -11.578125 -5.8789062
vt -11.5703125 -5.9960938
vt -11.578125 -5.8789062
vt -11.546875 -5.9960938
vt -11.8671875 -5.9960938
vt -11.8671875 -6.0195312
vt -11.890625 -6.0039062
vt -10.8125 -5.984375
vt -10.7890625 -5.984375
vt -10.796875 -6.0078125
vt -11.546875 -5.9960938
vt -11.5546875 -6.0195312
vt -11.5703125 -5.9960938
vt -11.125 -5.9882812
vt -11.1015625 -5.9882812
vt -11.109375 -6.0117188
vt -11.71875 -8.71875
vt -11.7265625 -8.46875
vt -11.6953125 -8.71875
vt -11.703125 -8.46875
vt -11.6953125 -8.71875
vt -11.7265625 -8.46875
vt -11.6953125 -8.71875
vt -11.6953125 -8.734375
vt -11.71875 -8.71875
vt -10.8515625 -8.71875
vt -10.8359375 -8.71875
vt -10.84375 -8.734375
vt -11.421875 -8.7109375
vt -11.4296875 -8.734375
vt -11.4453125 -8.7109375
vt -11.125 -8.7109375
vt -11.1015625 -8.71875
vt -11.109375 -8.734375
vt -10.0078125 -11.3515625
vt -9.984375 -11.3515625
vt -10 -11.375
vt -11.2578125 -11.3515625
vt -11.265625 -11.3671875
vt -11.28125 -11.3515625
vt -10.4375 -11.3515625
vt -10.4140625 -11.3515625
vt -10.4296875 -11.375
vt -10.8359375 -11.3515625
vt -10.84375 -11.375
vt -10.8515625 -11.3515625
vt -9.984375 -11.3515625
vt -10.0078125 -11.3515625
vt -9.984375 -11.2734375
vt -10.0078125 -11.2734375
vt -9.984375 -11.2734375
vt -10.0078125 -11.3515625
vt -7.5390625 -9.90625
vt -7.5429688 -9.7578125
vt -7.4960938 -9.8984375
vt -7.4921875 -9.7578125
vt -7.4960938 -9.8984375
vt -7.5429688 -9.7578125
vt -7.4960938 -9.8984375
vt -7.5 -9.9453125
vt -7.5390625 -9.90625
vt -3.9433594 -9.8984375
vt -3.9082031 -9.8984375
vt -3.9257812 -9.9453125
vt -6.2539062 -9.8984375
vt -6.265625 -9.9453125
vt -6.2851562 -9.8984375
vt -5.1835938 -9.8984375
vt -5.1484375 -9.8984375
vt -5.1640625 -9.9453125
vt -3.9257812 -9.9453125
vt -5.1640625 -9.9453125
vt -3.9433594 -9.8984375
vt -5.1484375 -9.8984375
vt -3.9433594 -9.8984375
vt -5.1640625 -9.9453125
vt -7.8085938 -16.09375
vt -7.8085938 -14.7109375
vt -7.78125 -16.078125
vt -7.7773438 -14.7109375
vt -7.78125 -16.078125
vt -7.8085938 -14.7109375
vt -6.9257812 -14.7109375
vt -6.921875 -16.078125
vt -6.9492188 -14.7109375
vt -6.9453125 -16.09375
vt -6.9492188 -14.7109375
vt -6.921875 -16.078125
vt -7.78125 -16.078125
vt -7.78125 -16.109375
vt -7.8085938 -16.09375
vt -5.3632812 -16.078125
vt -5.34375 -16.078125
vt -5.3515625 -16.109375
vt -6.921875 -16.078125
vt -6.9296875 -16.109375
vt -6.9453125 -16.09375
vt -6.21875 -16.078125
vt -6.1953125 -16.078125
vt -6.2070312 -16.109375
vt -4.4179688 1.5097656
vt -4.4179688 1.7949219
vt -4.3984375 1.5146484
vt -4.3945312 1.7949219
vt -4.3984375 1.5146484
vt -4.4179688 1.7949219
vt -3.8496094 1.7949219
vt -3.8476562 1.5136719
vt -3.8730469 1.7949219
vt -3.8652344 1.5117188
vt -3.8730469 1.7949219
vt -3.8476562 1.5136719
vt -4.3984375 1.5146484
vt -4.3984375 1.4960938
vt -4.4179688 1.5097656
vt -2.9882812 1.515625
vt -2.9707031 1.5146484
vt -2.9785156 1.4970703
vt -3.8476562 1.5136719
vt -3.8535156 1.4951172
vt -3.8652344 1.5117188
vt -3.5351562 1.5136719
vt -3.5175781 1.5136719
vt -3.5234375 1.4951172
vt -12.1953125 -2.9472656
vt -12.203125 -2.7636719
vt -12.171875 -2.9414062
vt -12.171875 -2.7636719
vt -12.171875 -2.9414062
vt -12.203125 -2.7636719
vt -12.171875 -2.9414062
vt -12.171875 -2.9726562
vt -12.1953125 -2.9472656
vt -11.2890625 -2.9414062
vt -11.265625 -2.9414062
vt -11.28125 -2.9707031
vt -11.90625 -2.9414062
vt -11.9140625 -2.96875
vt -11.9296875 -2.9414062
vt -11.5546875 -2.9414062
vt -11.53125 -2.9414062
vt -11.5390625 -2.9707031
vt -7.59375 1.1357422
vt -7.59375 1.7382812
vt -7.5703125 1.1386719
vt -7.5703125 1.7382812
vt -7.5703125 1.1386719
vt -7.59375 1.7382812
vt -7.5703125 1.1386719
vt -7.5703125 1.1123047
vt -7.59375 1.1357422
vt -6.640625 1.1386719
vt -6.6210938 1.1396484
vt -6.6289062 1.1123047
vt -7.2578125 1.1386719
vt -7.2617188 1.1113281
vt -7.2734375 1.1376953
vt -6.9492188 1.1386719
vt -6.9335938 1.1386719
vt -6.9375 1.1113281
vt -7.8398438 -19.25
vt -7.84375 -18.203125
vt -7.8125 -19.25
vt -7.8125 -18.203125
vt -7.8125 -19.25
vt -7.84375 -18.203125
vt -7.8125 -19.25
vt -7.8125 -19.296875
vt -7.8398438 -19.25
vt -5.3632812 -19.25
vt -5.3398438 -19.25
vt -5.3515625 -19.296875
vt -6.7148438 -19.25
vt -6.7226562 -19.296875
vt -6.7382812 -19.25
vt -6.4570312 -19.25
vt -6.4335938 -19.25
vt -6.4414062 -19.296875
vt -12.40625 -1.7421875
vt -12.4140625 -1.484375
vt -12.375 -1.7363281
vt -12.3828125 -1.484375
vt -12.375 -1.7363281
vt -12.4140625 -1.484375
vt -12.375 -1.7363281
vt -12.375 -1.7822266
vt -12.40625 -1.7421875
vt -9.765625 -1.7373047
vt -9.7421875 -1.7373047
vt -9.75 -1.7802734
vt -11.2578125 -1.7363281
vt -11.2734375 -1.7802734
vt -11.2890625 -1.7353516
vt -10.875 -1.7373047
vt -10.8515625 -1.7363281
vt -10.859375 -1.7802734
vt -4.8554688 -3.4394531
vt -4.8671875 -3.9140625
vt -4.8945312 -3.4375
vt -4.8945312 -3.9160156
vt -4.8945312 -3.4375
vt -4.8671875 -3.9140625
vt -7.5585938 -3.9257812
vt -7.5585938 -3.4453125
vt -7.5234375 -3.921875
vt -7.5234375 -3.4433594
vt -7.5234375 -3.921875
vt -7.5585938 -3.4453125
vt -7.5234375 -3.921875
vt -7.5234375 -3.9609375
vt -7.5585938 -3.9257812
vt -4.8945312 -3.9160156
vt -4.8671875 -3.9140625
vt -4.8828125 -3.9570312
vt -6.4023438 -3.9179688
vt -6.4101562 -3.9609375
vt -6.4296875 -3.921875
vt -6.0117188 -3.9160156
vt -5.984375 -3.9160156
vt -5.9960938 -3.9570312
vt -4.484375 -3.9765625
vt -4.8828125 -3.9570312
vt -4.4804688 -3.9316406
vt -4.8671875 -3.9140625
vt -4.4804688 -3.9316406
vt -4.8828125 -3.9570312
vt -10.9140625 -4.5625
vt -10.9296875 -5.046875
vt -10.953125 -4.5625
vt -10.9609375 -5.0507812
vt -10.953125 -4.5625
vt -10.9296875 -5.046875
vt -12.0546875 -5.0546875
vt -12.0625 -4.5625
vt -12.0234375 -5.0507812
vt -12.0234375 -4.5625
vt -12.0234375 -5.0507812
vt -12.0625 -4.5625
vt -12.0234375 -5.0507812
vt -12.0234375 -5.09375
vt -12.0546875 -5.0546875
vt -10.9609375 -5.0507812
vt -10.9296875 -5.046875
vt -10.9453125 -5.09375
vt -11.703125 -5.046875
vt -11.7109375 -5.0859375
vt -11.7265625 -5.0429688
vt -11.28125 -5.046875
vt -11.25 -5.046875
vt -11.2578125 -5.0859375
vt -11.109375 -0.60839844
vt -11.1328125 -1.2089844
vt -11.1484375 -0.60839844
vt -11.1640625 -1.2109375
vt -11.1484375 -0.60839844
vt -11.1328125 -1.2089844
vt -12.1953125 -1.2148438
vt -12.1953125 -0.60839844
vt -12.1640625 -1.2099609
vt -12.15625 -0.60839844
vt -12.1640625 -1.2099609
vt -12.1953125 -0.60839844
vt -12.1640625 -1.2099609
vt -12.15625 -1.2529297
vt -12.1953125 -1.2148438
vt -11.1640625 -1.2109375
vt -11.1328125 -1.2089844
vt -11.1484375 -1.2519531
vt -11.796875 -1.2089844
vt -11.8046875 -1.2529297
vt -11.828125 -1.2109375
vt -11.5234375 -1.2099609
vt -11.4921875 -1.2099609
vt -11.5078125 -1.2529297
vt -7.84375 -17.21875
vt -7.84375 -16.390625
vt -7.8164062 -17.21875
vt -7.8164062 -16.390625
vt -7.8164062 -17.21875
vt -7.84375 -16.390625
vt -6.0390625 -16.390625
vt -6.0351562 -17.21875
vt -6.0585938 -16.390625
vt -6.0546875 -17.21875
vt -6.0585938 -16.390625
vt -6.0351562 -17.21875
vt -7.8164062 -17.21875
vt -7.8164062 -17.25
vt -7.84375 -17.21875
vt -4.796875 -17.21875
vt -4.7773438 -17.21875
vt -4.7851562 -17.25
vt -6.5742188 -17.21875
vt -6.5820312 -17.25
vt -6.5976562 -17.21875
vt -6.0546875 -17.21875
vt -6.0351562 -17.21875
vt -6.0390625 -17.25
vt -10.0625 -4.2617188
vt -10.09375 -4.2578125
vt -10.0546875 -4.0742188
vt -10.09375 -4.0742188
vt -10.0546875 -4.0742188
vt -10.09375 -4.2578125
vt -10.09375 -4.2578125
vt -10.0625 -4.2617188
vt -10.09375 -4.2851562
vt -11.6953125 -4.2617188
vt -11.7109375 -4.28125
vt -11.7265625 -4.2578125
vt -10.703125 -4.2539062
vt -10.6796875 -4.2539062
vt -10.6953125 -4.28125
vt -11.09375 -4.2539062
vt -11.1015625 -4.2773438
vt -11.1171875 -4.2539062
vt -10.6953125 -4.28125
vt -10.6796875 -4.2539062
vt -10.09375 -4.2851562
vt -10.09375 -4.2578125
vt -10.09375 -4.2851562
vt -10.6796875 -4.2539062
vt -11.7109375 -4.28125
vt -11.6953125 -4.2617188
vt -11.1015625 -4.2773438
vt -11.1171875 -4.2539062
vt -11.1015625 -4.2773438
vt -11.6953125 -4.2617188
vt -12.109375 -4.2890625
vt -12.109375 -4.2578125
vt -11.7109375 -4.28125
vt -11.7265625 -4.2578125
vt -11.7109375 -4.28125
vt -12.109375 -4.2578125
vt -11.84375 -3.1972656
vt -11.8203125 -3.1972656
vt -11.8515625 -3.2519531
vt -11.828125 -3.2519531
vt -11.8515625 -3.2519531
vt -11.8203125 -3.1972656
vt -10.84375 -3.2519531
vt -10.8671875 -3.2460938
vt -10.8359375 -3.1972656
vt -10.8671875 -3.1972656
vt -10.8359375 -3.1972656
vt -10.8671875 -3.2460938
vt -10.8671875 -3.2460938
vt -10.84375 -3.2519531
vt -10.8671875 -3.2753906
vt -11.828125 -3.2519531
vt -11.8359375 -3.2792969
vt -11.8515625 -3.2519531
vt -11.203125 -3.2460938
vt -11.1796875 -3.2480469
vt -11.1953125 -3.2753906
vt -11.4921875 -3.2480469
vt -11.5078125 -3.2753906
vt -11.515625 -3.2480469
vt -11.5078125 -3.2753906
vt -11.4921875 -3.2480469
vt -11.1953125 -3.2753906
vt -11.203125 -3.2460938
vt -11.1953125 -3.2753906
vt -11.4921875 -3.2480469
vt -12.1328125 -3.8046875
vt -12.1328125 -3.6152344
vt -12.1015625 -3.7988281
vt -12.1015625 -3.6152344
vt -12.1015625 -3.7988281
vt -12.1328125 -3.6152344
vt -12.1015625 -3.7988281
vt -12.1015625 -3.8300781
vt -12.1328125 -3.8046875
vt -11.2890625 -3.7988281
vt -11.2578125 -3.7988281
vt -11.2734375 -3.828125
vt -11.828125 -3.796875
vt -11.8359375 -3.8261719
vt -11.8515625 -3.796875
vt -11.5546875 -3.7988281
vt -11.53125 -3.796875
vt -11.546875 -3.828125
vt -12.25 -2.4902344
vt -12.25 -2.2988281
vt -12.21875 -2.4863281
vt -12.21875 -2.2988281
vt -12.21875 -2.4863281
vt -12.25 -2.2988281
vt -12.21875 -2.4863281
vt -12.2265625 -2.5175781
vt -12.25 -2.4902344
vt -10.734375 -2.484375
vt -10.7109375 -2.4863281
vt -10.71875 -2.515625
vt -11.671875 -2.4863281
vt -11.6796875 -2.515625
vt -11.6953125 -2.4863281
vt -11.28125 -2.484375
vt -11.2578125 -2.484375
vt -11.2734375 -2.515625
vt -3.6953125 8.578125
vt -3.6503906 8.5703125
vt -3.6933594 8.53125
vt -4.6015625 8.5859375
vt -4.6171875 8.5390625
vt -4.6367188 8.578125
vt -4.0546875 8.5859375
vt -4.0195312 8.5859375
vt -4.0429688 8.5390625
vt -4.2421875 8.5859375
vt -4.265625 8.5390625
vt -4.28125 8.5859375
vt -4.8398438 8.96875
vt -4.6484375 8.96875
vt -4.828125 8.5703125
vt -4.6367188 8.578125
vt -4.828125 8.5703125
vt -4.6484375 8.96875
vt -3.6503906 8.5703125
vt -3.6953125 8.578125
vt -3.6367188 8.96875
vt -3.6835938 8.96875
vt -3.6367188 8.96875
vt -3.6953125 8.578125
vt -6.3554688 -0.88623047
vt -6.3242188 -0.89160156
vt -6.3554688 -0.9169922
vt -7.2578125 -0.88916016
vt -7.2734375 -0.91748047
vt -7.2851562 -0.88720703
vt -6.6601562 -0.8847656
vt -6.6367188 -0.88378906
vt -6.6523438 -0.9140625
vt -6.9648438 -0.8847656
vt -6.9765625 -0.9135742
vt -6.9882812 -0.8847656
vt -7.2890625 -0.5292969
vt -7.2578125 -0.5292969
vt -7.2851562 -0.88720703
vt -7.2578125 -0.88916016
vt -7.2851562 -0.88720703
vt -7.2578125 -0.5292969
vt -6.3242188 -0.89160156
vt -6.3554688 -0.88623047
vt -6.3164062 -0.5292969
vt -6.3476562 -0.5292969
vt -6.3164062 -0.5292969
vt -6.3554688 -0.88623047
vt -4.875 -13.5625
vt -4.8476562 -13.5625
vt -4.875 -13.5859375
vt -7.2070312 -13.5625
vt -7.2148438 -13.5859375
vt -7.2304688 -13.5625
vt -5.765625 -13.5625
vt -5.7421875 -13.5625
vt -5.7578125 -13.5859375
vt -6.3242188 -13.5625
vt -6.3398438 -13.5859375
vt -6.3515625 -13.5625
vt -4.8476562 -13.5625
vt -4.875 -13.5625
vt -4.84375 -12.96875
vt -4.8789062 -12.96875
vt -4.84375 -12.96875
vt -4.875 -13.5625
vt -6.8515625 -5.8242188
vt -6.8242188 -5.7617188
vt -5.6757812 -5.8242188
vt -5.6953125 -5.7617188
vt -7.4414062 -5.8398438
vt -7.453125 -5.7734375
vt -6.8515625 -5.8242188
vt -6.875 -5.7617188
vt -5.0625 -5.8242188
vt -5.0351562 -5.765625
vt -3.8964844 -5.8242188
vt -3.8984375 -5.7617188
vt -5.6757812 -5.8242188
vt -5.6523438 -5.765625
vt -5.0625 -5.8242188
vt -5.0820312 -5.7617188
vt -4.3945312 -9.28125
vt -4.3671875 -9.2265625
vt -2.9042969 -9.28125
vt -2.90625 -9.2265625
vt -5.21875 -9.2734375
vt -5.1914062 -9.2265625
vt -4.3945312 -9.28125
vt -4.40625 -9.2265625
vt -6.71875 -9.2734375
vt -6.6953125 -9.2265625
vt -5.21875 -9.2734375
vt -5.234375 -9.2265625
vt -7.5195312 -9.2890625
vt -7.5273438 -9.234375
vt -6.71875 -9.2734375
vt -6.7382812 -9.2265625
vt -5.6367188 -5.421875
vt -5.0703125 -5.421875
vt -5.6523438 -5.765625
vt -5.0820312 -5.7617188
vt -5.015625 -5.421875
vt -3.9003906 -5.421875
vt -5.0351562 -5.765625
vt -3.8984375 -5.7617188
vt -7.453125 -5.421875
vt -6.8789062 -5.421875
vt -7.453125 -5.7734375
vt -6.875 -5.7617188
vt -6.8125 -5.421875
vt -5.6914062 -5.421875
vt -6.8242188 -5.7617188
vt -5.6953125 -5.7617188
vt -5.0703125 -5.421875
vt -5.015625 -5.421875
vt -5.0820312 -5.7617188
vt -5.0351562 -5.765625
vt -5.6523438 -5.765625
vt -5.6953125 -5.7617188
vt -5.6367188 -5.421875
vt -5.6914062 -5.421875
vt -6.8789062 -5.421875
vt -6.8125 -5.421875
vt -6.875 -5.7617188
vt -6.8242188 -5.7617188
vt -7.5351562 -8.9296875
vt -6.7460938 -8.9296875
vt -7.5273438 -9.234375
vt -6.7382812 -9.2265625
vt -6.6875 -8.9296875
vt -5.2304688 -8.9296875
vt -6.6953125 -9.2265625
vt -5.234375 -9.2265625
vt -5.1757812 -8.9296875
vt -4.390625 -8.9296875
vt -5.1914062 -9.2265625
vt -4.40625 -9.2265625
vt -4.3554688 -8.9296875
vt -2.90625 -8.9296875
vt -4.3671875 -9.2265625
vt -2.90625 -9.2265625
vt -6.7460938 -8.9296875
vt -6.6875 -8.9296875
vt -6.7382812 -9.2265625
vt -6.6953125 -9.2265625
vt -5.2304688 -8.9296875
vt -5.1757812 -8.9296875
vt -5.234375 -9.2265625
vt -5.1914062 -9.2265625
vt -4.390625 -8.9296875
vt -4.3554688 -8.9296875
vt -4.40625 -9.2265625
vt -4.3671875 -9.2265625
vt -4.6171875 -10.578125
vt -4.59375 -10.5390625
vt -3.6484375 -10.578125
vt -3.6503906 -10.5390625
vt -5.5664062 -10.5703125
vt -5.546875 -10.5390625
vt -4.6171875 -10.578125
vt -4.6289062 -10.5390625
vt -6.5351562 -10.5859375
vt -6.5195312 -10.546875
vt -5.5664062 -10.5703125
vt -5.578125 -10.5390625
vt -7.4648438 -10.5859375
vt -7.46875 -10.546875
vt -6.5351562 -10.5859375
vt -6.5507812 -10.546875
vt -7.4648438 -10.296875
vt -6.546875 -10.296875
vt -7.46875 -10.546875
vt -6.5507812 -10.546875
vt -6.5078125 -10.296875
vt -5.578125 -10.296875
vt -6.5195312 -10.546875
vt -5.578125 -10.5390625
vt -5.5429688 -10.296875
vt -4.625 -10.296875
vt -5.546875 -10.5390625
vt -4.6289062 -10.5390625
vt -4.5820312 -10.296875
vt -3.6464844 -10.296875
vt -4.59375 -10.5390625
vt -3.6503906 -10.5390625
vt -5.578125 -10.296875
vt -5.5429688 -10.296875
vt -5.578125 -10.5390625
vt -5.546875 -10.5390625
vt -4.625 -10.296875
vt -4.5820312 -10.296875
vt -4.6289062 -10.5390625
vt -4.59375 -10.5390625
vt -7.1328125 -2.4257812
vt -7.1210938 -2.3886719
vt -6.4960938 -2.4257812
vt -6.5039062 -2.3886719
vt -7.6328125 -2.4296875
vt -7.6367188 -2.3925781
vt -7.1328125 -2.4257812
vt -7.1445312 -2.390625
vt -5.984375 -2.4257812
vt -5.9726562 -2.390625
vt -5.3515625 -2.4257812
vt -5.3515625 -2.390625
vt -6.4960938 -2.4257812
vt -6.484375 -2.3886719
vt -5.984375 -2.4257812
vt -5.9921875 -2.390625
vt -6.4765625 -1.9580078
vt -5.9882812 -1.9580078
vt -6.484375 -2.3886719
vt -5.9921875 -2.390625
vt -5.9648438 -1.9580078
vt -5.3515625 -1.9580078
vt -5.9726562 -2.390625
vt -5.3515625 -2.390625
vt -7.6367188 -1.9580078
vt -7.1445312 -1.9580078
vt -7.6367188 -2.3925781
vt -7.1445312 -2.390625
vt -7.1171875 -1.9580078
vt -6.5039062 -1.9580078
vt -7.1210938 -2.3886719
vt -6.5039062 -2.3886719
vt -5.9882812 -1.9580078
vt -5.9648438 -1.9580078
vt -5.9921875 -2.390625
vt -5.9726562 -2.390625
vt -6.484375 -2.3886719
vt -6.5039062 -2.3886719
vt -6.4765625 -1.9580078
vt -6.5039062 -1.9580078
vt -7.1445312 -1.9580078
vt -7.1171875 -1.9580078
vt -7.1445312 -2.390625
vt -7.1210938 -2.3886719
vt -10.4609375 -10.9296875
vt -10.4375 -10.890625
vt -10.1328125 -10.9296875
vt -10.140625 -10.890625
vt -10.921875 -10.921875
vt -10.90625 -10.890625
vt -10.4609375 -10.9296875
vt -10.46875 -10.890625
vt -11.25 -10.921875
vt -11.234375 -10.890625
vt -10.921875 -10.921875
vt -10.9296875 -10.890625
vt -11.6953125 -10.9375
vt -11.703125 -10.8984375
vt -11.25 -10.921875
vt -11.265625 -10.890625
vt -11.7109375 -10.671875
vt -11.265625 -10.671875
vt -11.703125 -10.8984375
vt -11.265625 -10.890625
vt -11.234375 -10.671875
vt -10.9296875 -10.671875
vt -11.234375 -10.890625
vt -10.9296875 -10.890625
vt -10.8984375 -10.671875
vt -10.4609375 -10.671875
vt -10.90625 -10.890625
vt -10.46875 -10.890625
vt -10.4375 -10.671875
vt -10.1328125 -10.671875
vt -10.4375 -10.890625
vt -10.140625 -10.890625
vt -11.265625 -10.671875
vt -11.234375 -10.671875
vt -11.265625 -10.890625
vt -11.234375 -10.890625
vt -10.9296875 -10.671875
vt -10.8984375 -10.671875
vt -10.9296875 -10.890625
vt -10.90625 -10.890625
vt -10.4609375 -10.671875
vt -10.4375 -10.671875
vt -10.46875 -10.890625
vt -10.4375 -10.890625
vt -4.671875 -8.5078125
vt -4.6523438 -8.46875
vt -3.6113281 -8.5078125
vt -3.6132812 -8.46875
vt -5.5859375 -8.5078125
vt -5.5703125 -8.46875
vt -4.671875 -8.5078125
vt -4.6835938 -8.46875
vt -6.65625 -8.5078125
vt -6.6367188 -8.46875
vt -5.5859375 -8.5078125
vt -5.6015625 -8.46875
vt -7.5546875 -8.515625
vt -7.5585938 -8.46875
vt -6.65625 -8.5078125
vt -6.671875 -8.46875
vt -7.5585938 -8.1796875
vt -6.671875 -8.1796875
vt -7.5585938 -8.46875
vt -6.671875 -8.46875
vt -6.6289062 -8.1796875
vt -5.59375 -8.1796875
vt -6.6367188 -8.46875
vt -5.6015625 -8.46875
vt -5.5585938 -8.1796875
vt -4.6796875 -8.1796875
vt -5.5703125 -8.46875
vt -4.6835938 -8.46875
vt -4.6445312 -8.1796875
vt -3.6152344 -8.1796875
vt -4.6523438 -8.46875
vt -3.6132812 -8.46875
vt -6.671875 -8.1796875
vt -6.6289062 -8.1796875
vt -6.671875 -8.46875
vt -6.6367188 -8.46875
vt -5.59375 -8.1796875
vt -5.5585938 -8.1796875
vt -5.6015625 -8.46875
vt -5.5703125 -8.46875
vt -4.6796875 -8.1796875
vt -4.6445312 -8.1796875
vt -4.6835938 -8.46875
vt -4.6523438 -8.46875
vt -3.9921875 5.2929688
vt -3.9824219 5.3164062
vt -3.7304688 5.2929688
vt -3.7324219 5.3164062
vt -4.1757812 5.2929688
vt -4.1640625 5.3164062
vt -3.9921875 5.2929688
vt -4 5.3164062
vt -4.4335938 5.2929688
vt -4.4257812 5.3164062
vt -4.1757812 5.2929688
vt -4.1835938 5.3164062
vt -4.6171875 5.2890625
vt -4.6210938 5.3125
vt -4.4335938 5.2929688
vt -4.4453125 5.3164062
vt -4.6289062 5.8242188
vt -4.4492188 5.8242188
vt -4.6210938 5.3125
vt -4.4453125 5.3164062
vt -4.4257812 5.8242188
vt -4.1796875 5.8242188
vt -4.4257812 5.3164062
vt -4.1835938 5.3164062
vt -4.1601562 5.8242188
vt -3.9960938 5.8242188
vt -4.1640625 5.3164062
vt -4 5.3164062
vt -3.9765625 5.8242188
vt -3.7324219 5.8242188
vt -3.9824219 5.3164062
vt -3.7324219 5.3164062
vt -4.4492188 5.8242188
vt -4.4257812 5.8242188
vt -4.4453125 5.3164062
vt -4.4257812 5.3164062
vt -4.1796875 5.8242188
vt -4.1601562 5.8242188
vt -4.1835938 5.3164062
vt -4.1640625 5.3164062
vt -3.9960938 5.8242188
vt -3.9765625 5.8242188
vt -4 5.3164062
vt -3.9824219 5.3164062
vt 0.02482605 0.009925842
vt 0.0826416 0.009925842
vt 0.043548584 0.5097656
vt 0.07946777 0.5097656
vt -10.734375 -10.3671875
vt -10.71875 -10.3359375
vt -10.53125 -10.3671875
vt -10.53125 -10.3359375
vt -11.109375 -10.3671875
vt -11.09375 -10.3359375
vt -10.734375 -10.3671875
vt -10.7421875 -10.3359375
vt -11.3125 -10.3671875
vt -11.3046875 -10.3359375
vt -11.109375 -10.3671875
vt -11.1171875 -10.3359375
vt -11.6796875 -10.375
vt -11.6796875 -10.34375
vt -11.3125 -10.3671875
vt -11.328125 -10.3359375
vt -11.6796875 -10.078125
vt -11.328125 -10.078125
vt -11.6796875 -10.34375
vt -11.328125 -10.3359375
vt -11.296875 -10.078125
vt -11.1171875 -10.078125
vt -11.3046875 -10.3359375
vt -11.1171875 -10.3359375
vt -11.0859375 -10.078125
vt -10.7421875 -10.078125
vt -11.09375 -10.3359375
vt -10.7421875 -10.3359375
vt -10.703125 -10.078125
vt -10.5234375 -10.078125
vt -10.71875 -10.3359375
vt -10.53125 -10.3359375
vt -11.328125 -10.078125
vt -11.296875 -10.078125
vt -11.328125 -10.3359375
vt -11.3046875 -10.3359375
vt -10.7421875 -10.078125
vt -10.703125 -10.078125
vt -10.7421875 -10.3359375
vt -10.71875 -10.3359375
vt -5.828125 -14.3046875
vt -5.8125 -14.2734375
vt -4.6835938 -14.3046875
vt -4.6835938 -14.28125
vt -6.2460938 -14.3046875
vt -6.2304688 -14.2734375
vt -5.828125 -14.3046875
vt -5.8359375 -14.2734375
vt -7.3828125 -14.3046875
vt -7.3710938 -14.2734375
vt -6.2460938 -14.3046875
vt -6.2539062 -14.2734375
vt -7.8007812 -14.3203125
vt -7.8046875 -14.2890625
vt -7.3828125 -14.3046875
vt -7.3945312 -14.2734375
vt -7.8164062 -13.9375
vt -7.4023438 -13.921875
vt -7.8046875 -14.2890625
vt -7.3945312 -14.2734375
vt -7.3710938 -13.921875
vt -6.2539062 -13.921875
vt -7.3710938 -14.2734375
vt -6.2539062 -14.2734375
vt -6.2265625 -13.921875
vt -5.828125 -13.9296875
vt -6.2304688 -14.2734375
vt -5.8359375 -14.2734375
vt -5.8046875 -13.9296875
vt -4.6835938 -13.9296875
vt -5.8125 -14.2734375
vt -4.6835938 -14.28125
vt -7.4023438 -13.921875
vt -7.3710938 -13.921875
vt -7.3945312 -14.2734375
vt -7.3710938 -14.2734375
vt -6.2539062 -13.921875
vt -6.2265625 -13.921875
vt -6.2539062 -14.2734375
vt -6.2304688 -14.2734375
vt -5.828125 -13.9296875
vt -5.8046875 -13.9296875
vt -5.8359375 -14.2734375
vt -5.8125 -14.2734375
vt 0.02482605 0.009925842
vt 0.0826416 0.009925842
vt 0.043548584 0.5097656
vt 0.07946777 0.5097656
vt -6.8554688 -7.7226562
vt -6.8359375 -7.6914062
vt -6.0546875 -7.7226562
vt -6.0664062 -7.6914062
vt -7.53125 -7.7460938
vt -7.5390625 -7.6953125
vt -6.8554688 -7.7226562
vt -6.8789062 -7.6875
vt -5.359375 -7.7265625
vt -5.3398438 -7.6914062
vt -4.5664062 -7.71875
vt -4.5703125 -7.6914062
vt -6.0546875 -7.7226562
vt -6.03125 -7.6835938
vt -5.359375 -7.7265625
vt -5.3789062 -7.6875
vt -6.0234375 -7.3710938
vt -5.3710938 -7.3710938
vt -6.03125 -7.6835938
vt -5.3789062 -7.6875
vt -5.328125 -7.3710938
vt -4.5664062 -7.3710938
vt -5.3398438 -7.6914062
vt -4.5703125 -7.6914062
vt -7.5390625 -7.3710938
vt -6.8789062 -7.3710938
vt -7.5390625 -7.6953125
vt -6.8789062 -7.6875
vt -6.828125 -7.3710938
vt -6.0664062 -7.3710938
vt -6.8359375 -7.6914062
vt -6.0664062 -7.6914062
vt -6.6640625 -0.31225586
vt -6.6484375 -0.28198242
vt -6.3632812 -0.3149414
vt -6.3632812 -0.28442383
vt -6.9921875 -0.31323242
vt -6.9765625 -0.28344727
vt -6.6640625 -0.31225586
vt -6.671875 -0.28295898
vt -7.2890625 -0.31347656
vt -7.2773438 -0.28466797
vt -6.9921875 -0.31323242
vt -7 -0.28344727
vt -7.6132812 -0.32055664
vt -7.6171875 -0.28833008
vt -7.2890625 -0.31347656
vt -7.3007812 -0.2841797
vt -7.6132812 0.07409668
vt -7.3046875 0.07409668
vt -7.6171875 -0.28833008
vt -7.3007812 -0.2841797
vt -7.2734375 0.07409668
vt -7 0.07409668
vt -7.2773438 -0.28466797
vt -7 -0.28344727
vt -6.96875 0.07409668
vt -6.6640625 0.07409668
vt -6.9765625 -0.28344727
vt -6.671875 -0.28295898
vt -6.6328125 0.07409668
vt -6.3554688 0.07409668
vt -6.6484375 -0.28198242
vt -6.3632812 -0.28442383
vt -7.3046875 0.07409668
vt -7.2734375 0.07409668
vt -7.3007812 -0.2841797
vt -7.2773438 -0.28466797
vt -7 0.07409668
vt -6.96875 0.07409668
vt -7 -0.28344727
vt -6.9765625 -0.28344727
vt -6.6640625 0.07409668
vt -6.6328125 0.07409668
vt -6.671875 -0.28295898
vt -6.6484375 -0.28198242
vt 0.02482605 0.009925842
vt 0.0826416 0.009925842
vt 0.043548584 0.5097656
vt 0.07946777 0.5097656
vt -5.5742188 -6.6953125
vt -5.5585938 -6.6679688
vt -4.3828125 -6.6953125
vt -4.3828125 -6.6679688
vt -5.9453125 -6.6953125
vt -5.9335938 -6.6679688
vt -5.5742188 -6.6953125
vt -5.5820312 -6.6679688
vt -7.1367188 -6.6953125
vt -7.1210938 -6.6679688
vt -5.9453125 -6.6953125
vt -5.9570312 -6.6679688
vt -7.5078125 -6.7070312
vt -7.5117188 -6.6757812
vt -7.1367188 -6.6953125
vt -7.1445312 -6.6679688
vt -7.5234375 -6.2226562
vt -7.15625 -6.2226562
vt -7.5117188 -6.6757812
vt -7.1445312 -6.6679688
vt -7.1210938 -6.2226562
vt -5.953125 -6.2226562
vt -7.1210938 -6.6679688
vt -5.9570312 -6.6679688
vt -5.9257812 -6.2226562
vt -5.5742188 -6.2226562
vt -5.9335938 -6.6679688
vt -5.5820312 -6.6679688
vt -5.5507812 -6.2226562
vt -4.3828125 -6.2226562
vt -5.5585938 -6.6679688
vt -4.3828125 -6.6679688
vt -7.15625 -6.2226562
vt -7.1210938 -6.2226562
vt -7.1445312 -6.6679688
vt -7.1210938 -6.6679688
vt -5.953125 -6.2226562
vt -5.9257812 -6.2226562
vt -5.9570312 -6.6679688
vt -5.9335938 -6.6679688
vt -5.5742188 -6.2226562
vt -5.5507812 -6.2226562
vt -5.5820312 -6.6679688
vt -5.5585938 -6.6679688
vt 0.02482605 0.009925842
vt 0.0826416 0.009925842
vt 0.043548584 0.5097656
vt 0.07946777 0.5097656
vt -3.7597656 6.1484375
vt -3.7402344 6.1796875
vt -3.3691406 6.1484375
vt -3.3671875 6.1757812
vt -4.0234375 6.1523438
vt -4.0039062 6.1914062
vt -3.7597656 6.1484375
vt -3.7753906 6.1875
vt -4.4140625 6.1523438
vt -4.4023438 6.1835938
vt -4.0234375 6.1523438
vt -4.0351562 6.1835938
vt -4.65625 6.125
vt -4.6640625 6.171875
vt -4.4140625 6.1523438
vt -4.4375 6.1875
vt -4.6835938 6.515625
vt -4.4453125 6.53125
vt -4.6640625 6.171875
vt -4.4375 6.1875
vt -4.4023438 6.53125
vt -4.0351562 6.53125
vt -4.4023438 6.1835938
vt -4.0351562 6.1835938
vt -3.9941406 6.53125
vt -3.7636719 6.53125
vt -4.0039062 6.1914062
vt -3.7753906 6.1875
vt -3.7265625 6.5273438
vt -3.3671875 6.5195312
vt -3.7402344 6.1796875
vt -3.3671875 6.1757812
vt -5.2734375 -4.828125
vt -5.2578125 -4.796875
vt -4.4765625 -4.828125
vt -4.4765625 -4.796875
vt -6.0039062 -4.8164062
vt -5.9921875 -4.7890625
vt -5.2734375 -4.828125
vt -5.28125 -4.796875
vt -6.796875 -4.8164062
vt -6.7851562 -4.7890625
vt -6.0039062 -4.8164062
vt -6.015625 -4.7890625
vt -7.5273438 -4.828125
vt -7.53125 -4.796875
vt -6.796875 -4.8164062
vt -6.8125 -4.7890625
vt -7.5390625 -4.4375
vt -6.8125 -4.4296875
vt -7.53125 -4.796875
vt -6.8125 -4.7890625
vt -6.7851562 -4.4296875
vt -6.0117188 -4.4296875
vt -6.7851562 -4.7890625
vt -6.015625 -4.7890625
vt -5.984375 -4.4296875
vt -5.2773438 -4.4375
vt -5.9921875 -4.7890625
vt -5.28125 -4.796875
vt -5.25 -4.4375
vt -4.4765625 -4.4375
vt -5.2578125 -4.796875
vt -4.4765625 -4.796875
vt -6.0117188 -4.4296875
vt -5.984375 -4.4296875
vt -6.015625 -4.7890625
vt -5.9921875 -4.7890625
vt -5.2773438 -4.4375
vt -5.25 -4.4375
vt -5.28125 -4.796875
vt -5.2578125 -4.796875
vt 0.02482605 0.009925842
vt 0.0826416 0.009925842
vt 0.043548584 0.5097656
vt 0.07946777 0.5097656
vt -5.984375 -10.9140625
vt -5.9726562 -10.890625
vt -5.5117188 -10.9140625
vt -5.5117188 -10.890625
vt -6.5078125 -10.9140625
vt -6.4960938 -10.890625
vt -5.984375 -10.9140625
vt -5.9921875 -10.890625
vt -6.9804688 -10.9140625
vt -6.96875 -10.890625
vt -6.5078125 -10.9140625
vt -6.515625 -10.890625
vt -7.4921875 -10.9140625
vt -7.4921875 -10.890625
vt -6.9804688 -10.9140625
vt -6.9882812 -10.890625
vt -7.4921875 -10.8046875
vt -6.984375 -10.8046875
vt -7.4921875 -10.890625
vt -6.9882812 -10.890625
vt -6.9648438 -10.8046875
vt -6.5117188 -10.8046875
vt -6.96875 -10.890625
vt -6.515625 -10.890625
vt -6.4921875 -10.8046875
vt -5.9882812 -10.8046875
vt -6.4960938 -10.890625
vt -5.9921875 -10.890625
vt -5.9648438 -10.8046875
vt -5.5117188 -10.8046875
vt -5.9726562 -10.890625
vt -5.5117188 -10.890625
vt -6.984375 -10.8046875
vt -6.9648438 -10.8046875
vt -6.9882812 -10.890625
vt -6.96875 -10.890625
vt -6.5117188 -10.8046875
vt -6.4921875 -10.8046875
vt -6.515625 -10.890625
vt -6.4960938 -10.890625
vt -5.9882812 -10.8046875
vt -5.9648438 -10.8046875
vt -5.9921875 -10.890625
vt -5.9726562 -10.890625
vt -9.65625 -1.96875
vt -9.65625 -2.0917969
vt -10.0859375 -1.96875
vt -10.0859375 -2.0976562
vt -10.1171875 -1.96875
vt -10.109375 -2.0957031
vt -10.9765625 -1.96875
vt -10.96875 -2.0957031
vt -11.0078125 -1.96875
vt -10.9921875 -2.09375
vt -11.421875 -1.96875
vt -11.4140625 -2.0976562
vt -11.4453125 -1.96875
vt -11.4375 -2.0996094
vt -12.296875 -1.96875
vt -12.3046875 -2.0957031
vt -10.0859375 -1.96875
vt -10.0859375 -2.0976562
vt -10.1171875 -1.96875
vt -10.109375 -2.0957031
vt -10.9765625 -1.96875
vt -10.96875 -2.0957031
vt -11.0078125 -1.96875
vt -10.9921875 -2.09375
vt -11.421875 -1.96875
vt -11.4140625 -2.0976562
vt -11.4453125 -1.96875
vt -11.4375 -2.0996094
vt -11.421875 -2.125
vt -12.3046875 -2.1210938
vt -11.4375 -2.0996094
vt -12.3046875 -2.0957031
vt -10.9765625 -2.1191406
vt -11.421875 -2.125
vt -10.9921875 -2.09375
vt -11.4140625 -2.0976562
vt -10.09375 -2.1210938
vt -10.9765625 -2.1191406
vt -10.109375 -2.0957031
vt -10.96875 -2.0957031
vt -9.65625 -2.1171875
vt -10.09375 -2.1210938
vt -9.65625 -2.0917969
vt -10.0859375 -2.0976562
vt -10.6875 -9.09375
vt -10.6796875 -9.3046875
vt -10.9140625 -9.09375
vt -10.9140625 -9.3046875
vt -10.9453125 -9.09375
vt -10.9375 -9.3046875
vt -11.1640625 -9.09375
vt -11.15625 -9.3046875
vt -11.1875 -9.09375
vt -11.1796875 -9.3046875
vt -11.421875 -9.09375
vt -11.4140625 -9.3046875
vt -11.4453125 -9.09375
vt -11.4375 -9.3046875
vt -11.6640625 -9.09375
vt -11.65625 -9.3046875
vt -10.9140625 -9.09375
vt -10.9140625 -9.3046875
vt -10.9453125 -9.09375
vt -10.9375 -9.3046875
vt -11.1640625 -9.09375
vt -11.15625 -9.3046875
vt -11.1875 -9.09375
vt -11.1796875 -9.3046875
vt -11.421875 -9.09375
vt -11.4140625 -9.3046875
vt -11.4453125 -9.09375
vt -11.4375 -9.3046875
vt -11.421875 -9.328125
vt -11.65625 -9.328125
vt -11.4375 -9.3046875
vt -11.65625 -9.3046875
vt -11.1640625 -9.328125
vt -11.421875 -9.328125
vt -11.1796875 -9.3046875
vt -11.4140625 -9.3046875
vt -10.921875 -9.328125
vt -11.1640625 -9.328125
vt -10.9375 -9.3046875
vt -11.15625 -9.3046875
vt -10.6796875 -9.3359375
vt -10.921875 -9.328125
vt -10.6796875 -9.3046875
vt -10.9140625 -9.3046875
vt -3.8496094 7.828125
vt -3.828125 7.8710938
vt -3.2734375 7.8242188
vt -3.2734375 7.8671875
vt -4.0507812 7.8320312
vt -4.03125 7.8710938
vt -3.8496094 7.828125
vt -3.8613281 7.8710938
vt -4.6289062 7.8320312
vt -4.6132812 7.875
vt -4.0507812 7.8320312
vt -4.0664062 7.875
vt -4.8085938 7.8125
vt -4.8164062 7.859375
vt -4.6289062 7.8320312
vt -4.6445312 7.8710938
vt -4.8398438 8.2109375
vt -4.6601562 8.21875
vt -4.8164062 7.859375
vt -4.6445312 7.8710938
vt -4.6132812 8.2265625
vt -4.0625 8.2265625
vt -4.6132812 7.875
vt -4.0664062 7.875
vt -4.0234375 8.2265625
vt -3.8535156 8.2265625
vt -4.03125 7.8710938
vt -3.8613281 7.8710938
vt -3.8183594 8.21875
vt -3.2714844 8.21875
vt -3.828125 7.8710938
vt -3.2734375 7.8671875
vt -4.6601562 8.21875
vt -4.6132812 8.2265625
vt -4.6445312 7.8710938
vt -4.6132812 7.875
vt -4.0625 8.2265625
vt -4.0234375 8.2265625
vt -4.0664062 7.875
vt -4.03125 7.8710938
vt -3.8535156 8.2265625
vt -3.8183594 8.21875
vt -3.8613281 7.8710938
vt -3.828125 7.8710938
vt -2.9335938 3.4453125
vt -2.9160156 3.4863281
vt -2.4980469 3.4472656
vt -2.4980469 3.4863281
vt -3.5097656 3.4472656
vt -3.4902344 3.4863281
vt -2.9335938 3.4453125
vt -2.9433594 3.4882812
vt -3.9492188 3.4472656
vt -3.9335938 3.4863281
vt -3.5097656 3.4472656
vt -3.5195312 3.4863281
vt -4.515625 3.4355469
vt -4.515625 3.4824219
vt -3.9492188 3.4472656
vt -3.9628906 3.4882812
vt -4.5039062 3.5917969
vt -3.9648438 3.5917969
vt -4.515625 3.4824219
vt -3.9628906 3.4882812
vt -3.9238281 3.5917969
vt -3.5136719 3.5917969
vt -3.9335938 3.4863281
vt -3.5195312 3.4863281
vt -3.4765625 3.5917969
vt -2.9355469 3.5917969
vt -3.4902344 3.4863281
vt -2.9433594 3.4882812
vt -2.90625 3.5917969
vt -2.5019531 3.5917969
vt -2.9160156 3.4863281
vt -2.4980469 3.4863281
vt -3.5136719 3.5917969
vt -3.4765625 3.5917969
vt -3.5195312 3.4863281
vt -3.4902344 3.4863281
vt -10.6796875 -6.859375
vt -10.6875 -7.2304688
vt -10.90625 -6.859375
vt -10.9140625 -7.2226562
vt -10.9375 -6.859375
vt -10.9296875 -7.2265625
vt -11.21875 -6.859375
vt -11.21875 -7.2226562
vt -11.25 -6.859375
vt -11.2421875 -7.2226562
vt -11.4765625 -6.859375
vt -11.46875 -7.2226562
vt -11.5078125 -6.859375
vt -11.4921875 -7.2226562
vt -11.796875 -6.859375
vt -11.78125 -7.2265625
vt -10.90625 -6.859375
vt -10.9140625 -7.2226562
vt -10.9375 -6.859375
vt -10.9296875 -7.2265625
vt -11.21875 -6.859375
vt -11.21875 -7.2226562
vt -11.25 -6.859375
vt -11.2421875 -7.2226562
vt -11.2265625 -7.25
vt -11.4765625 -7.25
vt -11.2421875 -7.2226562
vt -11.46875 -7.2226562
vt -10.9296875 -7.2578125
vt -11.2265625 -7.25
vt -10.9296875 -7.2265625
vt -11.21875 -7.2226562
vt -10.703125 -7.2734375
vt -10.9296875 -7.2578125
vt -10.6875 -7.2304688
vt -10.9140625 -7.2226562
vt -3.1386719 2.1816406
vt -3.1210938 2.2207031
vt -2.3984375 2.1816406
vt -2.4003906 2.2207031
vt -3.4550781 2.1816406
vt -3.4375 2.2226562
vt -3.1386719 2.1816406
vt -3.1484375 2.2226562
vt -4.1992188 2.1835938
vt -4.1835938 2.2207031
vt -3.4550781 2.1816406
vt -3.4667969 2.2207031
vt -4.5 2.171875
vt -4.5039062 2.21875
vt -4.1992188 2.1835938
vt -4.2109375 2.2226562
vt -4.5039062 2.5078125
vt -4.2109375 2.5078125
vt -4.5039062 2.21875
vt -4.2109375 2.2226562
vt -4.171875 2.5078125
vt -3.4628906 2.5078125
vt -4.1835938 2.2207031
vt -3.4667969 2.2207031
vt -3.4296875 2.5078125
vt -3.1425781 2.5078125
vt -3.4375 2.2226562
vt -3.1484375 2.2226562
vt -3.1132812 2.5078125
vt -2.4023438 2.5078125
vt -3.1210938 2.2207031
vt -2.4003906 2.2207031
vt -4.2109375 2.5078125
vt -4.171875 2.5078125
vt -4.2109375 2.2226562
vt -4.1835938 2.2207031
vt -3.4628906 2.5078125
vt -3.4296875 2.5078125
vt -3.4667969 2.2207031
vt -3.4375 2.2226562
vt -3.1425781 2.5078125
vt -3.1132812 2.5078125
vt -3.1484375 2.2226562
vt -3.1210938 2.2207031
vt -5.6953125 -3.015625
vt -5.671875 -2.9726562
vt -4.9140625 -3.0117188
vt -4.9140625 -2.96875
vt -6.2578125 -3.0136719
vt -6.2304688 -2.9628906
vt -5.6953125 -3.015625
vt -5.7148438 -2.9667969
vt -7.046875 -3.0136719
vt -7.0273438 -2.9707031
vt -6.2578125 -3.0136719
vt -6.2734375 -2.9707031
vt -7.5820312 -3.0351562
vt -7.59375 -2.9746094
vt -7.046875 -3.0136719
vt -7.0703125 -2.9667969
vt -7.5898438 -2.7246094
vt -7.0742188 -2.7246094
vt -7.59375 -2.9746094
vt -7.0703125 -2.9667969
vt -7.0117188 -2.7246094
vt -6.265625 -2.7246094
vt -7.0273438 -2.9707031
vt -6.2734375 -2.9707031
vt -6.21875 -2.7246094
vt -5.703125 -2.7246094
vt -6.2304688 -2.9628906
vt -5.7148438 -2.9667969
vt -5.65625 -2.7246094
vt -4.9179688 -2.7246094
vt -5.671875 -2.9726562
vt -4.9140625 -2.96875
vt -4.8085938 -12.390625
vt -4.7851562 -12.359375
vt -3.2011719 -12.3828125
vt -3.1992188 -12.3515625
vt -5.4335938 -12.390625
vt -5.4101562 -12.34375
vt -4.8085938 -12.390625
vt -4.828125 -12.3515625
vt -7.046875 -12.390625
vt -7.0273438 -12.3515625
vt -5.4335938 -12.390625
vt -5.4453125 -12.3515625
vt -7.6484375 -12.40625
vt -7.65625 -12.3515625
vt -7.046875 -12.390625
vt -7.0664062 -12.3515625
vt -7.65625 -11.90625
vt -7.0625 -11.90625
vt -7.65625 -12.3515625
vt -7.0664062 -12.3515625
vt -7.015625 -11.90625
vt -5.4414062 -11.90625
vt -7.0273438 -12.3515625
vt -5.4453125 -12.3515625
vt -5.3984375 -11.90625
vt -4.8164062 -11.90625
vt -5.4101562 -12.34375
vt -4.828125 -12.3515625
vt -4.7695312 -11.90625
vt -3.2011719 -11.90625
vt -4.7851562 -12.359375
vt -3.1992188 -12.3515625
vt -10.859375 -7.7578125
vt -10.84375 -7.7304688
vt -10.5859375 -7.7617188
vt -10.5859375 -7.7304688
vt -11.1796875 -7.7578125
vt -11.171875 -7.7304688
vt -10.859375 -7.7578125
vt -10.8671875 -7.7304688
vt -11.4609375 -7.7578125
vt -11.453125 -7.7304688
vt -11.1796875 -7.7578125
vt -11.1953125 -7.7304688
vt -11.7734375 -7.765625
vt -11.7734375 -7.7382812
vt -11.4609375 -7.7578125
vt -11.4765625 -7.7304688
vt -11.7734375 -7.5429688
vt -11.4765625 -7.5429688
vt -11.7734375 -7.7382812
vt -11.4765625 -7.7304688
vt -11.4453125 -7.5429688
vt -11.1875 -7.5429688
vt -11.453125 -7.7304688
vt -11.1953125 -7.7304688
vt -11.1640625 -7.5429688
vt -10.8671875 -7.5429688
vt -11.171875 -7.7304688
vt -10.8671875 -7.7304688
vt -10.8359375 -7.5429688
vt -10.578125 -7.5429688
vt -10.84375 -7.7304688
vt -10.5859375 -7.7304688
vt -11.4765625 -7.5429688
vt -11.4453125 -7.5429688
vt -11.4765625 -7.7304688
vt -11.453125 -7.7304688
vt -11.1875 -7.5429688
vt -11.1640625 -7.5429688
vt -11.1953125 -7.7304688
vt -11.171875 -7.7304688
vt -10.8671875 -7.5429688
vt -10.8359375 -7.5429688
vt -10.8671875 -7.7304688
vt -10.84375 -7.7304688
vt -3.4472656 6.8867188
vt -3.4257812 6.9296875
vt -2.4765625 6.8867188
vt -2.4785156 6.9296875
vt -3.6484375 6.890625
vt -3.6289062 6.9296875
vt -3.4472656 6.8867188
vt -3.4589844 6.9296875
vt -4.6171875 6.890625
vt -4.6054688 6.9335938
vt -3.6484375 6.890625
vt -3.6621094 6.9296875
vt -4.8007812 6.875
vt -4.8085938 6.9179688
vt -4.6171875 6.890625
vt -4.6367188 6.9296875
vt -4.8242188 7.4296875
vt -4.6445312 7.4375
vt -4.8085938 6.9179688
vt -4.6367188 6.9296875
vt -4.6015625 7.4375
vt -3.65625 7.4414062
vt -4.6054688 6.9335938
vt -3.6621094 6.9296875
vt -3.6210938 7.4375
vt -3.4511719 7.4375
vt -3.6289062 6.9296875
vt -3.4589844 6.9296875
vt -3.4179688 7.4375
vt -2.4746094 7.4375
vt -3.4257812 6.9296875
vt -2.4785156 6.9296875
vt -4.6445312 7.4375
vt -4.6015625 7.4375
vt -4.6367188 6.9296875
vt -4.6054688 6.9335938
vt -3.65625 7.4414062
vt -3.6210938 7.4375
vt -3.6621094 6.9296875
vt -3.6289062 6.9296875
vt -3.4511719 7.4375
vt -3.4179688 7.4375
vt -3.4589844 6.9296875
vt -3.4257812 6.9296875
vt -3.1933594 3.9316406
vt -3.1757812 3.9726562
vt -2.7949219 3.9335938
vt -2.7949219 3.9726562
vt -3.7089844 3.9335938
vt -3.6914062 3.9746094
vt -3.1933594 3.9316406
vt -3.2050781 3.9746094
vt -4.1132812 3.9335938
vt -4.0976562 3.9726562
vt -3.7089844 3.9335938
vt -3.7207031 3.9726562
vt -4.6132812 3.921875
vt -4.6171875 3.9667969
vt -4.1132812 3.9335938
vt -4.1289062 3.9746094
vt -4.6171875 4.2617188
vt -4.1328125 4.2617188
vt -4.6171875 3.9667969
vt -4.1289062 3.9746094
vt -4.0898438 4.2617188
vt -3.7148438 4.2617188
vt -4.0976562 3.9726562
vt -3.7207031 3.9726562
vt -3.6796875 4.2617188
vt -3.1972656 4.2617188
vt -3.6914062 3.9746094
vt -3.2050781 3.9746094
vt -3.1679688 4.2617188
vt -2.796875 4.2617188
vt -3.1757812 3.9726562
vt -2.7949219 3.9726562
vt -4.1328125 4.2617188
vt -4.0898438 4.2617188
vt -4.1289062 3.9746094
vt -4.0976562 3.9726562
vt -3.7148438 4.2617188
vt -3.6796875 4.2617188
vt -3.7207031 3.9726562
vt -3.6914062 3.9746094
vt -3.1972656 4.2617188
vt -3.1679688 4.2617188
vt -3.2050781 3.9746094
vt -3.1757812 3.9726562
vt -3.5488281 4.5390625
vt -3.5351562 4.5742188
vt -3.2011719 4.5390625
vt -3.2011719 4.5742188
vt -3.9199219 4.5390625
vt -3.9042969 4.5742188
vt -3.5488281 4.5390625
vt -3.5585938 4.5742188
vt -4.2734375 4.5390625
vt -4.2578125 4.5742188
vt -3.9199219 4.5390625
vt -3.9296875 4.5742188
vt -4.6289062 4.5273438
vt -4.6328125 4.5703125
vt -4.2734375 4.5390625
vt -4.2851562 4.5742188
vt -4.6328125 4.8242188
vt -4.2890625 4.8242188
vt -4.6328125 4.5703125
vt -4.2851562 4.5742188
vt -4.2539062 4.8242188
vt -3.9238281 4.8242188
vt -4.2578125 4.5742188
vt -3.9296875 4.5742188
vt -3.8945312 4.8242188
vt -3.5546875 4.8242188
vt -3.9042969 4.5742188
vt -3.5585938 4.5742188
vt -3.5273438 4.8242188
vt -3.203125 4.8242188
vt -3.5351562 4.5742188
vt -3.2011719 4.5742188
vt -4.2890625 4.8242188
vt -4.2539062 4.8242188
vt -4.2851562 4.5742188
vt -4.2578125 4.5742188
vt -3.9238281 4.8242188
vt -3.8945312 4.8242188
vt -3.9296875 4.5742188
vt -3.9042969 4.5742188
vt -3.5546875 4.8242188
vt -3.5273438 4.8242188
vt -3.5585938 4.5742188
vt -3.5351562 4.5742188
vt -6.3476562 -1.5849609
vt -6.3359375 -1.5605469
vt -5.9765625 -1.5859375
vt -5.9765625 -1.5605469
vt -6.8007812 -1.5849609
vt -6.7890625 -1.5595703
vt -6.3476562 -1.5849609
vt -6.3554688 -1.5605469
vt -7.171875 -1.5849609
vt -7.1640625 -1.5605469
vt -6.8007812 -1.5849609
vt -6.8085938 -1.5595703
vt -7.625 -1.5898438
vt -7.6289062 -1.5634766
vt -7.171875 -1.5849609
vt -7.1835938 -1.5605469
vt -7.6328125 -1.2041016
vt -7.1835938 -1.2041016
vt -7.6289062 -1.5634766
vt -7.1835938 -1.5605469
vt -7.1601562 -1.2041016
vt -6.8085938 -1.2041016
vt -7.1640625 -1.5605469
vt -6.8085938 -1.5595703
vt -6.7851562 -1.2041016
vt -6.3515625 -1.2041016
vt -6.7890625 -1.5595703
vt -6.3554688 -1.5605469
vt -6.3320312 -1.2041016
vt -5.9765625 -1.2041016
vt -6.3359375 -1.5605469
vt -5.9765625 -1.5605469
vt -7.1835938 -1.2041016
vt -7.1601562 -1.2041016
vt -7.1835938 -1.5605469
vt -7.1640625 -1.5605469
vt -6.8085938 -1.2041016
vt -6.7851562 -1.2041016
vt -6.8085938 -1.5595703
vt -6.7890625 -1.5595703
vt -6.3515625 -1.2041016
vt -6.3320312 -1.2041016
vt -6.3554688 -1.5605469
vt -6.3359375 -1.5605469
vt 0.02482605 0.009925842
vt 0.0826416 0.009925842
vt 0.043548584 0.5097656
vt 0.07946777 0.5097656
vt -10.4921875 -8
vt -10.5 -8.2109375
vt -10.7578125 -8
vt -10.7578125 -8.203125
vt -10.78125 -8
vt -10.7734375 -8.203125
vt -11.0703125 -8
vt -11.0703125 -8.203125
vt -11.09375 -8
vt -11.0859375 -8.203125
vt -11.3515625 -8
vt -11.34375 -8.203125
vt -11.3671875 -8
vt -11.3671875 -8.203125
vt -11.65625 -8
vt -11.65625 -8.203125
vt -10.7578125 -8
vt -10.7578125 -8.203125
vt -10.78125 -8
vt -10.7734375 -8.203125
vt -11.0703125 -8
vt -11.0703125 -8.203125
vt -11.09375 -8
vt -11.0859375 -8.203125
vt -11.3515625 -8.2265625
vt -11.65625 -8.2265625
vt -11.3671875 -8.203125
vt -11.65625 -8.203125
vt -11.078125 -8.21875
vt -11.3515625 -8.2265625
vt -11.0859375 -8.203125
vt -11.34375 -8.203125
vt -10.765625 -8.21875
vt -11.078125 -8.21875
vt -10.7734375 -8.203125
vt -11.0703125 -8.203125
vt -10.5 -8.234375
vt -10.765625 -8.21875
vt -10.5 -8.2109375
vt -10.7578125 -8.203125
vt -10.359375 -9.8671875
vt -10.34375 -9.84375
vt -9.9921875 -9.8671875
vt -9.9921875 -9.84375
vt -10.8515625 -9.8671875
vt -10.84375 -9.84375
vt -10.359375 -9.8671875
vt -10.3671875 -9.84375
vt -11.21875 -9.8671875
vt -11.2109375 -9.84375
vt -10.8515625 -9.8671875
vt -10.859375 -9.84375
vt -11.71875 -9.875
vt -11.71875 -9.84375
vt -11.21875 -9.8671875
vt -11.2265625 -9.84375
vt -11.7265625 -9.734375
vt -11.2265625 -9.734375
vt -11.71875 -9.84375
vt -11.2265625 -9.84375
vt -11.203125 -9.734375
vt -10.8515625 -9.734375
vt -11.2109375 -9.84375
vt -10.859375 -9.84375
vt -10.8359375 -9.734375
vt -10.359375 -9.734375
vt -10.84375 -9.84375
vt -10.3671875 -9.84375
vt -10.34375 -9.734375
vt -9.9921875 -9.734375
vt -10.34375 -9.84375
vt -9.9921875 -9.84375
vt -11.2265625 -9.734375
vt -11.203125 -9.734375
vt -11.2265625 -9.84375
vt -11.2109375 -9.84375
vt -10.8515625 -9.734375
vt -10.8359375 -9.734375
vt -10.859375 -9.84375
vt -10.84375 -9.84375
vt -10.359375 -9.734375
vt -10.34375 -9.734375
vt -10.3671875 -9.84375
vt -10.34375 -9.84375
vt 0.02482605 0.009925842
vt 0.0826416 0.009925842
vt 0.043548584 0.5097656
vt 0.07946777 0.5097656
vt -6.3203125 0.5214844
vt -6.3085938 0.54589844
vt -5.953125 0.5214844
vt -5.9570312 0.5463867
vt -6.765625 0.52197266
vt -6.7578125 0.546875
vt -6.3203125 0.5214844
vt -6.328125 0.54589844
vt -7.1328125 0.52197266
vt -7.1210938 0.5463867
vt -6.765625 0.52197266
vt -6.7734375 0.5463867
vt -7.578125 0.51660156
vt -7.5820312 0.54296875
vt -7.1328125 0.52197266
vt -7.1445312 0.5463867
vt -7.5820312 0.8964844
vt -7.1445312 0.8964844
vt -7.5820312 0.54296875
vt -7.1445312 0.5463867
vt -7.1171875 0.8964844
vt -6.7695312 0.8964844
vt -7.1210938 0.5463867
vt -6.7734375 0.5463867
vt -6.75 0.8964844
vt -6.3242188 0.8964844
vt -6.7578125 0.546875
vt -6.328125 0.54589844
vt -6.3046875 0.8964844
vt -5.9570312 0.8964844
vt -6.3085938 0.54589844
vt -5.9570312 0.5463867
vt -7.1445312 0.8964844
vt -7.1171875 0.8964844
vt -7.1445312 0.5463867
vt -7.1210938 0.5463867
vt -6.7695312 0.8964844
vt -6.75 0.8964844
vt -6.7734375 0.5463867
vt -6.7578125 0.546875
vt -6.3242188 0.8964844
vt -6.3046875 0.8964844
vt -6.328125 0.54589844
vt -6.3085938 0.54589844
vt 0.02482605 0.009925842
vt 0.0826416 0.009925842
vt 0.043548584 0.5097656
vt 0.07946777 0.5097656
vt -3.1992188 2.7871094
vt -3.1835938 2.828125
vt -2.4570312 2.7890625
vt -2.4609375 2.828125
vt -3.4882812 2.7890625
vt -3.4707031 2.8300781
vt -3.1992188 2.7871094
vt -3.2109375 2.828125
vt -4.234375 2.7890625
vt -4.21875 2.828125
vt -3.4882812 2.7890625
vt -3.4980469 2.828125
vt -4.5078125 2.7792969
vt -4.5117188 2.8242188
vt -4.234375 2.7890625
vt -4.25 2.8300781
vt -4.5195312 3.1152344
vt -4.2539062 3.1152344
vt -4.5117188 2.8242188
vt -4.25 2.8300781
vt -4.2109375 3.1152344
vt -3.4960938 3.1152344
vt -4.21875 2.828125
vt -3.4980469 2.828125
vt -3.4628906 3.1152344
vt -3.203125 3.1152344
vt -3.4707031 2.8300781
vt -3.2109375 2.828125
vt -3.1738281 3.1152344
vt -2.4628906 3.1152344
vt -3.1835938 2.828125
vt -2.4609375 2.828125
vt -4.2539062 3.1152344
vt -4.2109375 3.1152344
vt -4.25 2.8300781
vt -4.21875 2.828125
vt -3.4960938 3.1152344
vt -3.4628906 3.1152344
vt -3.4980469 2.828125
vt -3.4707031 2.8300781
vt -10.5078125 -5.3671875
vt -10.5 -5.5820312
vt -10.90625 -5.3671875
vt -10.8984375 -5.578125
vt -10.9296875 -5.3671875
vt -10.921875 -5.578125
vt -11.1875 -5.3671875
vt -11.1796875 -5.578125
vt -11.2109375 -5.3671875
vt -11.203125 -5.5742188
vt -11.6015625 -5.3671875
vt -11.6015625 -5.5820312
vt -11.6328125 -5.3671875
vt -11.625 -5.578125
vt -11.890625 -5.3671875
vt -11.8828125 -5.578125
vt -10.90625 -5.3671875
vt -10.8984375 -5.578125
vt -10.9296875 -5.3671875
vt -10.921875 -5.578125
vt -11.6015625 -5.3671875
vt -11.6015625 -5.5820312
vt -11.6328125 -5.3671875
vt -11.625 -5.578125
vt -11.609375 -5.6054688
vt -11.8828125 -5.6015625
vt -11.625 -5.578125
vt -11.8828125 -5.578125
vt -11.1875 -5.5976562
vt -11.609375 -5.6054688
vt -11.203125 -5.5742188
vt -11.6015625 -5.5820312
vt -10.9140625 -5.5976562
vt -11.1875 -5.5976562
vt -10.921875 -5.578125
vt -11.1796875 -5.578125
vt -10.5 -5.6054688
vt -10.9140625 -5.5976562
vt -10.5 -5.5820312
vt -10.8984375 -5.578125
vt -10.7734375 -6.21875
vt -10.7734375 -6.3515625
vt -11.03125 -6.21875
vt -11.03125 -6.3476562
vt -11.0625 -6.21875
vt -11.0546875 -6.3476562
vt -11.296875 -6.21875
vt -11.296875 -6.3476562
vt -11.3203125 -6.21875
vt -11.3125 -6.3476562
vt -11.578125 -6.21875
vt -11.578125 -6.3476562
vt -11.609375 -6.21875
vt -11.59375 -6.3515625
vt -11.84375 -6.21875
vt -11.84375 -6.3476562
vt -11.03125 -6.21875
vt -11.03125 -6.3476562
vt -11.0625 -6.21875
vt -11.0546875 -6.3476562
vt -11.578125 -6.21875
vt -11.578125 -6.3476562
vt -11.609375 -6.21875
vt -11.59375 -6.3515625
vt -11.5859375 -6.3710938
vt -11.84375 -6.3671875
vt -11.59375 -6.3515625
vt -11.84375 -6.3476562
vt -11.3046875 -6.3671875
vt -11.5859375 -6.3710938
vt -11.3125 -6.3476562
vt -11.578125 -6.3476562
vt -11.046875 -6.3671875
vt -11.3046875 -6.3671875
vt -11.0546875 -6.3476562
vt -11.296875 -6.3476562
vt -10.7734375 -6.3710938
vt -11.046875 -6.3671875
vt -10.7734375 -6.3515625
vt -11.03125 -6.3476562
vt -10.3671875 -5.8789062
vt -10.3671875 -5.9765625
vt -10.796875 -5.8789062
vt -10.7890625 -5.984375
vt -10.8203125 -5.8789062
vt -10.8125 -5.984375
vt -11.109375 -5.8789062
vt -11.1015625 -5.9882812
vt -11.1328125 -5.8789062
vt -11.125 -5.9882812
vt -11.5546875 -5.8789062
vt -11.546875 -5.9960938
vt -11.578125 -5.8789062
vt -11.5703125 -5.9960938
vt -11.8671875 -5.8789062
vt -11.8671875 -5.9960938
vt -10.796875 -5.8789062
vt -10.7890625 -5.984375
vt -10.8203125 -5.8789062
vt -10.8125 -5.984375
vt -11.5546875 -6.0195312
vt -11.8671875 -6.0195312
vt -11.5703125 -5.9960938
vt -11.8671875 -5.9960938
vt -11.109375 -6.0117188
vt -11.5546875 -6.0195312
vt -11.125 -5.9882812
vt -11.546875 -5.9960938
vt -10.796875 -6.0078125
vt -11.109375 -6.0117188
vt -10.8125 -5.984375
vt -11.1015625 -5.9882812
vt -10.3671875 -6
vt -10.796875 -6.0078125
vt -10.3671875 -5.9765625
vt -10.7890625 -5.984375
vt -10.53125 -8.46875
vt -10.53125 -8.71875
vt -10.8359375 -8.46875
vt -10.8359375 -8.71875
vt -10.859375 -8.46875
vt -10.8515625 -8.71875
vt -11.109375 -8.46875
vt -11.1015625 -8.71875
vt -11.1328125 -8.46875
vt -11.125 -8.7109375
vt -11.4296875 -8.46875
vt -11.421875 -8.7109375
vt -11.453125 -8.46875
vt -11.4453125 -8.7109375
vt -11.703125 -8.46875
vt -11.6953125 -8.71875
vt -10.8359375 -8.46875
vt -10.8359375 -8.71875
vt -10.859375 -8.46875
vt -10.8515625 -8.71875
vt -11.109375 -8.46875
vt -11.1015625 -8.71875
vt -11.1328125 -8.46875
vt -11.125 -8.7109375
vt -11.4296875 -8.46875
vt -11.421875 -8.7109375
vt -11.453125 -8.46875
vt -11.4453125 -8.7109375
vt -11.4296875 -8.734375
vt -11.6953125 -8.734375
vt -11.4453125 -8.7109375
vt -11.6953125 -8.71875
vt -11.109375 -8.734375
vt -11.4296875 -8.734375
vt -11.125 -8.7109375
vt -11.421875 -8.7109375
vt -10.84375 -8.734375
vt -11.109375 -8.734375
vt -10.8515625 -8.71875
vt -11.1015625 -8.71875
vt -10.53125 -8.734375
vt -10.84375 -8.734375
vt -10.53125 -8.71875
vt -10.8359375 -8.71875
vt -10.4296875 -11.375
vt -10.4140625 -11.3515625
vt -10 -11.375
vt -10.0078125 -11.3515625
vt -10.84375 -11.375
vt -10.8359375 -11.3515625
vt -10.4296875 -11.375
vt -10.4375 -11.3515625
vt -11.265625 -11.3671875
vt -11.2578125 -11.3515625
vt -10.84375 -11.375
vt -10.8515625 -11.3515625
vt -11.6875 -11.375
vt -11.6953125 -11.3515625
vt -11.265625 -11.3671875
vt -11.28125 -11.3515625
vt -11.6875 -11.2734375
vt -11.2734375 -11.2734375
vt -11.6953125 -11.3515625
vt -11.28125 -11.3515625
vt -11.25 -11.2734375
vt -10.8515625 -11.2734375
vt -11.2578125 -11.3515625
vt -10.8515625 -11.3515625
vt -10.828125 -11.2734375
vt -10.4296875 -11.2734375
vt -10.8359375 -11.3515625
vt -10.4375 -11.3515625
vt -10.4140625 -11.2734375
vt -10.0078125 -11.2734375
vt -10.4140625 -11.3515625
vt -10.0078125 -11.3515625
vt -11.2734375 -11.2734375
vt -11.25 -11.2734375
vt -11.28125 -11.3515625
vt -11.2578125 -11.3515625
vt -10.8515625 -11.2734375
vt -10.828125 -11.2734375
vt -10.8515625 -11.3515625
vt -10.8359375 -11.3515625
vt -10.4296875 -11.2734375
vt -10.4140625 -11.2734375
vt -10.4375 -11.3515625
vt -10.4140625 -11.3515625
vt 0.02482605 0.009925842
vt 0.0826416 0.009925842
vt 0.043548584 0.5097656
vt 0.07946777 0.5097656
vt -2.84375 -9.7578125
vt -2.8320312 -9.90625
vt -3.9082031 -9.7578125
vt -3.9082031 -9.8984375
vt -3.9550781 -9.7578125
vt -3.9433594 -9.8984375
vt -5.15625 -9.7578125
vt -5.1484375 -9.8984375
vt -5.1953125 -9.7578125
vt -5.1835938 -9.8984375
vt -6.2617188 -9.7578125
vt -6.2539062 -9.8984375
vt -6.296875 -9.7578125
vt -6.2851562 -9.8984375
vt -7.4921875 -9.7578125
vt -7.4960938 -9.8984375
vt -3.9082031 -9.7578125
vt -3.9082031 -9.8984375
vt -3.9550781 -9.7578125
vt -3.9433594 -9.8984375
vt -5.15625 -9.7578125
vt -5.1484375 -9.8984375
vt -5.1953125 -9.7578125
vt -5.1835938 -9.8984375
vt -6.2617188 -9.7578125
vt -6.2539062 -9.8984375
vt -6.296875 -9.7578125
vt -6.2851562 -9.8984375
vt -6.265625 -9.9453125
vt -7.5 -9.9453125
vt -6.2851562 -9.8984375
vt -7.4960938 -9.8984375
vt -5.1640625 -9.9453125
vt -6.265625 -9.9453125
vt -5.1835938 -9.8984375
vt -6.2539062 -9.8984375
vt -2.8378906 -9.953125
vt -3.9257812 -9.9453125
vt -2.8320312 -9.90625
vt -3.9082031 -9.8984375
vt -4.6367188 -14.7109375
vt -4.6367188 -16.078125
vt -5.34375 -14.7109375
vt -5.34375 -16.078125
vt -5.375 -14.7109375
vt -5.3632812 -16.078125
vt -6.203125 -14.7109375
vt -6.1953125 -16.078125
vt -6.2265625 -14.7109375
vt -6.21875 -16.078125
vt -6.9257812 -14.7109375
vt -6.921875 -16.078125
vt -6.9492188 -14.7109375
vt -6.9453125 -16.09375
vt -7.7773438 -14.7109375
vt -7.78125 -16.078125
vt -5.34375 -14.7109375
vt -5.34375 -16.078125
vt -5.375 -14.7109375
vt -5.3632812 -16.078125
vt -6.203125 -14.7109375
vt -6.1953125 -16.078125
vt -6.2265625 -14.7109375
vt -6.21875 -16.078125
vt -6.9296875 -16.109375
vt -7.78125 -16.109375
vt -6.9453125 -16.09375
vt -7.78125 -16.078125
vt -6.2070312 -16.109375
vt -6.9296875 -16.109375
vt -6.21875 -16.078125
vt -6.921875 -16.078125
vt -5.3515625 -16.109375
vt -6.2070312 -16.109375
vt -5.3632812 -16.078125
vt -6.1953125 -16.078125
vt -4.640625 -16.109375
vt -5.3515625 -16.109375
vt -4.6367188 -16.078125
vt -5.34375 -16.078125
vt -2.6640625 1.7949219
vt -2.6601562 1.5146484
vt -2.9746094 1.7949219
vt -2.9707031 1.5146484
vt -2.9960938 1.7949219
vt -2.9882812 1.515625
vt -3.5175781 1.7949219
vt -3.5175781 1.5136719
vt -3.5410156 1.7949219
vt -3.5351562 1.5136719
vt -3.8496094 1.7949219
vt -3.8476562 1.5136719
vt -3.8730469 1.7949219
vt -3.8652344 1.5117188
vt -4.3945312 1.7949219
vt -4.3984375 1.5146484
vt -2.9746094 1.7949219
vt -2.9707031 1.5146484
vt -2.9960938 1.7949219
vt -2.9882812 1.515625
vt -3.5175781 1.7949219
vt -3.5175781 1.5136719
vt -3.5410156 1.7949219
vt -3.5351562 1.5136719
vt -3.8535156 1.4951172
vt -4.3984375 1.4960938
vt -3.8652344 1.5117188
vt -4.3984375 1.5146484
vt -3.5234375 1.4951172
vt -3.8535156 1.4951172
vt -3.5351562 1.5136719
vt -3.8476562 1.5136719
vt -2.9785156 1.4970703
vt -3.5234375 1.4951172
vt -2.9882812 1.515625
vt -3.5175781 1.5136719
vt -2.6601562 1.4951172
vt -2.9785156 1.4970703
vt -2.6601562 1.5146484
vt -2.9707031 1.5146484
vt -10.921875 -2.7636719
vt -10.9140625 -2.9453125
vt -11.265625 -2.7636719
vt -11.265625 -2.9414062
vt -11.296875 -2.7636719
vt -11.2890625 -2.9414062
vt -11.53125 -2.7636719
vt -11.53125 -2.9414062
vt -11.5625 -2.7636719
vt -11.5546875 -2.9414062
vt -11.90625 -2.7636719
vt -11.90625 -2.9414062
vt -11.9375 -2.7636719
vt -11.9296875 -2.9414062
vt -12.171875 -2.7636719
vt -12.171875 -2.9414062
vt -11.265625 -2.7636719
vt -11.265625 -2.9414062
vt -11.296875 -2.7636719
vt -11.2890625 -2.9414062
vt -11.53125 -2.7636719
vt -11.53125 -2.9414062
vt -11.5625 -2.7636719
vt -11.5546875 -2.9414062
vt -11.90625 -2.7636719
vt -11.90625 -2.9414062
vt -11.9375 -2.7636719
vt -11.9296875 -2.9414062
vt -11.9140625 -2.96875
vt -12.171875 -2.9726562
vt -11.9296875 -2.9414062
vt -12.171875 -2.9414062
vt -11.5390625 -2.9707031
vt -11.9140625 -2.96875
vt -11.5546875 -2.9414062
vt -11.90625 -2.9414062
vt -11.28125 -2.9707031
vt -11.5390625 -2.9707031
vt -11.2890625 -2.9414062
vt -11.53125 -2.9414062
vt -10.921875 -2.9746094
vt -11.28125 -2.9707031
vt -10.9140625 -2.9453125
vt -11.265625 -2.9414062
vt -6.3125 1.7382812
vt -6.3125 1.1376953
vt -6.6210938 1.7382812
vt -6.6210938 1.1396484
vt -6.6445312 1.7382812
vt -6.640625 1.1386719
vt -6.9335938 1.7382812
vt -6.9335938 1.1386719
vt -6.953125 1.7382812
vt -6.9492188 1.1386719
vt -7.2617188 1.7382812
vt -7.2578125 1.1386719
vt -7.2773438 1.7382812
vt -7.2734375 1.1376953
vt -7.5703125 1.7382812
vt -7.5703125 1.1386719
vt -6.6210938 1.7382812
vt -6.6210938 1.1396484
vt -6.6445312 1.7382812
vt -6.640625 1.1386719
vt -6.9335938 1.7382812
vt -6.9335938 1.1386719
vt -6.953125 1.7382812
vt -6.9492188 1.1386719
vt -7.2617188 1.7382812
vt -7.2578125 1.1386719
vt -7.2773438 1.7382812
vt -7.2734375 1.1376953
vt -7.2617188 1.1113281
vt -7.5703125 1.1123047
vt -7.2734375 1.1376953
vt -7.5703125 1.1386719
vt -6.9375 1.1113281
vt -7.2617188 1.1113281
vt -6.9492188 1.1386719
vt -7.2578125 1.1386719
vt -6.6289062 1.1123047
vt -6.9375 1.1113281
vt -6.640625 1.1386719
vt -6.9335938 1.1386719
vt -6.3125 1.1083984
vt -6.6289062 1.1123047
vt -6.3125 1.1376953
vt -6.6210938 1.1396484
vt -5.0742188 -18.203125
vt -5.0820312 -19.25
vt -5.3398438 -18.203125
vt -5.3398438 -19.25
vt -5.3710938 -18.203125
vt -5.3632812 -19.25
vt -6.4375 -18.203125
vt -6.4335938 -19.25
vt -6.4609375 -18.203125
vt -6.4570312 -19.25
vt -6.71875 -18.203125
vt -6.7148438 -19.25
vt -6.7460938 -18.203125
vt -6.7382812 -19.25
vt -7.8125 -18.203125
vt -7.8125 -19.25
vt -5.3398438 -18.203125
vt -5.3398438 -19.25
vt -5.3710938 -18.203125
vt -5.3632812 -19.25
vt -6.4375 -18.203125
vt -6.4335938 -19.25
vt -6.4609375 -18.203125
vt -6.4570312 -19.25
vt -6.71875 -18.203125
vt -6.7148438 -19.25
vt -6.7460938 -18.203125
vt -6.7382812 -19.25
vt -6.7226562 -19.296875
vt -7.8125 -19.296875
vt -6.7382812 -19.25
vt -7.8125 -19.25
vt -6.4414062 -19.296875
vt -6.7226562 -19.296875
vt -6.4570312 -19.25
vt -6.7148438 -19.25
vt -5.3515625 -19.296875
vt -6.4414062 -19.296875
vt -5.3632812 -19.25
vt -6.4335938 -19.25
vt -5.0820312 -19.296875
vt -5.3515625 -19.296875
vt -5.0820312 -19.25
vt -5.3398438 -19.25
vt -9.3515625 -1.484375
vt -9.3515625 -1.7421875
vt -9.734375 -1.484375
vt -9.7421875 -1.7373047
vt -9.7734375 -1.484375
vt -9.765625 -1.7373047
vt -10.8515625 -1.484375
vt -10.8515625 -1.7363281
vt -10.8828125 -1.484375
vt -10.875 -1.7373047
vt -11.265625 -1.484375
vt -11.2578125 -1.7363281
vt -11.296875 -1.484375
vt -11.2890625 -1.7353516
vt -12.3828125 -1.484375
vt -12.375 -1.7363281
vt -9.734375 -1.484375
vt -9.7421875 -1.7373047
vt -9.7734375 -1.484375
vt -9.765625 -1.7373047
vt -10.8515625 -1.484375
vt -10.8515625 -1.7363281
vt -10.8828125 -1.484375
vt -10.875 -1.7373047
vt -11.265625 -1.484375
vt -11.2578125 -1.7363281
vt -11.296875 -1.484375
vt -11.2890625 -1.7353516
vt -11.2734375 -1.7802734
vt -12.375 -1.7822266
vt -11.2890625 -1.7353516
vt -12.375 -1.7363281
vt -10.859375 -1.7802734
vt -11.2734375 -1.7802734
vt -10.875 -1.7373047
vt -11.2578125 -1.7363281
vt -9.75 -1.7802734
vt -10.859375 -1.7802734
vt -9.765625 -1.7373047
vt -10.8515625 -1.7363281
vt -9.359375 -1.7871094
vt -9.75 -1.7802734
vt -9.3515625 -1.7421875
vt -9.7421875 -1.7373047
vt -4.4609375 -3.453125
vt -4.4804688 -3.9316406
vt -4.8554688 -3.4394531
vt -4.8671875 -3.9140625
vt -4.8945312 -3.4375
vt -4.8945312 -3.9160156
vt -5.9882812 -3.4375
vt -5.984375 -3.9160156
vt -6.0195312 -3.4375
vt -6.0117188 -3.9160156
vt -6.40625 -3.4414062
vt -6.4023438 -3.9179688
vt -6.4335938 -3.4433594
vt -6.4296875 -3.921875
vt -7.5234375 -3.4433594
vt -7.5234375 -3.921875
vt -5.9882812 -3.4375
vt -5.984375 -3.9160156
vt -6.0195312 -3.4375
vt -6.0117188 -3.9160156
vt -6.40625 -3.4414062
vt -6.4023438 -3.9179688
vt -6.4335938 -3.4433594
vt -6.4296875 -3.921875
vt -6.4101562 -3.9609375
vt -7.5234375 -3.9609375
vt -6.4296875 -3.921875
vt -7.5234375 -3.921875
vt -5.9960938 -3.9570312
vt -6.4101562 -3.9609375
vt -6.0117188 -3.9160156
vt -6.4023438 -3.9179688
vt -4.8828125 -3.9570312
vt -5.9960938 -3.9570312
vt -4.8945312 -3.9160156
vt -5.984375 -3.9160156
vt -10.5 -4.5625
vt -10.5078125 -5.0585938
vt -10.9140625 -4.5625
vt -10.9296875 -5.046875
vt -10.953125 -4.5625
vt -10.9609375 -5.0507812
vt -11.2421875 -4.5625
vt -11.25 -5.046875
vt -11.28125 -4.5625
vt -11.28125 -5.046875
vt -11.703125 -4.5625
vt -11.703125 -5.046875
vt -11.7421875 -4.5625
vt -11.7265625 -5.0429688
vt -12.0234375 -4.5625
vt -12.0234375 -5.0507812
vt -11.2421875 -4.5625
vt -11.25 -5.046875
vt -11.28125 -4.5625
vt -11.28125 -5.046875
vt -11.703125 -4.5625
vt -11.703125 -5.046875
vt -11.7421875 -4.5625
vt -11.7265625 -5.0429688
vt -11.7109375 -5.0859375
vt -12.0234375 -5.09375
vt -11.7265625 -5.0429688
vt -12.0234375 -5.0507812
vt -11.2578125 -5.0859375
vt -11.7109375 -5.0859375
vt -11.28125 -5.046875
vt -11.703125 -5.046875
vt -10.9453125 -5.09375
vt -11.2578125 -5.0859375
vt -10.9609375 -5.0507812
vt -11.25 -5.046875
vt -10.515625 -5.1054688
vt -10.9453125 -5.09375
vt -10.5078125 -5.0585938
vt -10.9296875 -5.046875
vt -10.8515625 -0.60839844
vt -10.875 -1.2207031
vt -11.109375 -0.60839844
vt -11.1328125 -1.2089844
vt -11.1484375 -0.60839844
vt -11.1640625 -1.2109375
vt -11.484375 -0.60839844
vt -11.4921875 -1.2099609
vt -11.5234375 -0.60839844
vt -11.5234375 -1.2099609
vt -11.796875 -0.60839844
vt -11.796875 -1.2089844
vt -11.8359375 -0.60839844
vt -11.828125 -1.2109375
vt -12.15625 -0.60839844
vt -12.1640625 -1.2099609
vt -11.484375 -0.60839844
vt -11.4921875 -1.2099609
vt -11.5234375 -0.60839844
vt -11.5234375 -1.2099609
vt -11.796875 -0.60839844
vt -11.796875 -1.2089844
vt -11.8359375 -0.60839844
vt -11.828125 -1.2109375
vt -11.8046875 -1.2529297
vt -12.15625 -1.2529297
vt -11.828125 -1.2109375
vt -12.1640625 -1.2099609
vt -11.5078125 -1.2529297
vt -11.8046875 -1.2529297
vt -11.5234375 -1.2099609
vt -11.796875 -1.2089844
vt -11.1484375 -1.2519531
vt -11.5078125 -1.2529297
vt -11.1640625 -1.2109375
vt -11.4921875 -1.2099609
vt -10.8828125 -1.2685547
vt -11.1484375 -1.2519531
vt -10.875 -1.2207031
vt -11.1328125 -1.2089844
vt -4.2539062 -16.390625
vt -4.2617188 -17.21875
vt -4.7773438 -16.390625
vt -4.7773438 -17.21875
vt -4.8046875 -16.390625
vt -4.796875 -17.21875
vt -6.0390625 -16.390625
vt -6.0351562 -17.21875
vt -6.0585938 -16.390625
vt -6.0546875 -17.21875
vt -6.578125 -16.390625
vt -6.5742188 -17.21875
vt -6.6015625 -16.390625
vt -6.5976562 -17.21875
vt -7.8164062 -16.390625
vt -7.8164062 -17.21875
vt -4.7773438 -16.390625
vt -4.7773438 -17.21875
vt -4.8046875 -16.390625
vt -4.796875 -17.21875
vt -6.578125 -16.390625
vt -6.5742188 -17.21875
vt -6.6015625 -16.390625
vt -6.5976562 -17.21875
vt -6.5820312 -17.25
vt -7.8164062 -17.25
vt -6.5976562 -17.21875
vt -7.8164062 -17.21875
vt -6.0390625 -17.25
vt -6.5820312 -17.25
vt -6.0546875 -17.21875
vt -6.5742188 -17.21875
vt -4.7851562 -17.25
vt -6.0390625 -17.25
vt -4.796875 -17.21875
vt -6.0351562 -17.21875
vt -4.2617188 -17.25
vt -4.7851562 -17.25
vt -4.2617188 -17.21875
vt -4.7773438 -17.21875
vt -12.109375 -4.0742188
vt -11.7265625 -4.0742188
vt -12.109375 -4.2578125
vt -11.7265625 -4.2578125
vt -11.6953125 -4.0742188
vt -11.109375 -4.0742188
vt -11.6953125 -4.2617188
vt -11.1171875 -4.2539062
vt -11.0859375 -4.0742188
vt -10.703125 -4.0742188
vt -11.09375 -4.2539062
vt -10.703125 -4.2539062
vt -10.671875 -4.0742188
vt -10.09375 -4.0742188
vt -10.6796875 -4.2539062
vt -10.09375 -4.2578125
vt -11.7265625 -4.0742188
vt -11.6953125 -4.0742188
vt -11.7265625 -4.2578125
vt -11.6953125 -4.2617188
vt -11.109375 -4.0742188
vt -11.0859375 -4.0742188
vt -11.1171875 -4.2539062
vt -11.09375 -4.2539062
vt -10.703125 -4.0742188
vt -10.671875 -4.0742188
vt -10.703125 -4.2539062
vt -10.6796875 -4.2539062
vt -11.1015625 -4.2773438
vt -11.09375 -4.2539062
vt -10.6953125 -4.28125
vt -10.703125 -4.2539062
vt -12.140625 -3.1972656
vt -11.84375 -3.1972656
vt -12.140625 -3.2519531
vt -11.8515625 -3.2519531
vt -11.8203125 -3.1972656
vt -11.5078125 -3.1972656
vt -11.828125 -3.2519531
vt -11.515625 -3.2480469
vt -11.484375 -3.1972656
vt -11.203125 -3.1972656
vt -11.4921875 -3.2480469
vt -11.203125 -3.2460938
vt -11.1796875 -3.1972656
vt -10.8671875 -3.1972656
vt -11.1796875 -3.2480469
vt -10.8671875 -3.2460938
vt -11.5078125 -3.1972656
vt -11.484375 -3.1972656
vt -11.515625 -3.2480469
vt -11.4921875 -3.2480469
vt -11.203125 -3.1972656
vt -11.1796875 -3.1972656
vt -11.203125 -3.2460938
vt -11.1796875 -3.2480469
vt -11.1953125 -3.2753906
vt -11.1796875 -3.2480469
vt -10.8671875 -3.2753906
vt -10.8671875 -3.2460938
vt -11.8359375 -3.2792969
vt -11.828125 -3.2519531
vt -11.5078125 -3.2753906
vt -11.515625 -3.2480469
vt -12.1328125 -3.28125
vt -12.140625 -3.2519531
vt -11.8359375 -3.2792969
vt -11.8515625 -3.2519531
vt -10.9921875 -3.6152344
vt -10.9921875 -3.8007812
vt -11.2578125 -3.6152344
vt -11.2578125 -3.7988281
vt -11.2890625 -3.6152344
vt -11.2890625 -3.7988281
vt -11.5390625 -3.6152344
vt -11.53125 -3.796875
vt -11.5703125 -3.6152344
vt -11.5546875 -3.7988281
vt -11.8359375 -3.6152344
vt -11.828125 -3.796875
vt -11.8671875 -3.6152344
vt -11.8515625 -3.796875
vt -12.1015625 -3.6152344
vt -12.1015625 -3.7988281
vt -11.2578125 -3.6152344
vt -11.2578125 -3.7988281
vt -11.2890625 -3.6152344
vt -11.2890625 -3.7988281
vt -11.5390625 -3.6152344
vt -11.53125 -3.796875
vt -11.5703125 -3.6152344
vt -11.5546875 -3.7988281
vt -11.8359375 -3.6152344
vt -11.828125 -3.796875
vt -11.8671875 -3.6152344
vt -11.8515625 -3.796875
vt -11.8359375 -3.8261719
vt -12.1015625 -3.8300781
vt -11.8515625 -3.796875
vt -12.1015625 -3.7988281
vt -11.546875 -3.828125
vt -11.8359375 -3.8261719
vt -11.5546875 -3.7988281
vt -11.828125 -3.796875
vt -11.2734375 -3.828125
vt -11.546875 -3.828125
vt -11.2890625 -3.7988281
vt -11.53125 -3.796875
vt -10.9921875 -3.8320312
vt -11.2734375 -3.828125
vt -10.9921875 -3.8007812
vt -11.2578125 -3.7988281
vt -10.328125 -2.2988281
vt -10.3203125 -2.4863281
vt -10.7109375 -2.2988281
vt -10.7109375 -2.4863281
vt -10.7421875 -2.2988281
vt -10.734375 -2.484375
vt -11.2578125 -2.2988281
vt -11.2578125 -2.484375
vt -11.296875 -2.2988281
vt -11.28125 -2.484375
vt -11.6796875 -2.2988281
vt -11.671875 -2.4863281
vt -11.7109375 -2.2988281
vt -11.6953125 -2.4863281
vt -12.21875 -2.2988281
vt -12.21875 -2.4863281
vt -10.7109375 -2.2988281
vt -10.7109375 -2.4863281
vt -10.7421875 -2.2988281
vt -10.734375 -2.484375
vt -11.2578125 -2.2988281
vt -11.2578125 -2.484375
vt -11.296875 -2.2988281
vt -11.28125 -2.484375
vt -11.6796875 -2.2988281
vt -11.671875 -2.4863281
vt -11.7109375 -2.2988281
vt -11.6953125 -2.4863281
vt -11.6796875 -2.515625
vt -12.2265625 -2.5175781
vt -11.6953125 -2.4863281
vt -12.21875 -2.4863281
vt -11.2734375 -2.515625
vt -11.6796875 -2.515625
vt -11.28125 -2.484375
vt -11.671875 -2.4863281
vt -10.71875 -2.515625
vt -11.2734375 -2.515625
vt -10.734375 -2.484375
vt -11.2578125 -2.484375
vt -10.328125 -2.5175781
vt -10.71875 -2.515625
vt -10.3203125 -2.4863281
vt -10.7109375 -2.4863281
vt -4.0429688 8.5390625
vt -4.0195312 8.5859375
vt -3.6933594 8.53125
vt -3.6953125 8.578125
vt -4.265625 8.5390625
vt -4.2421875 8.5859375
vt -4.0429688 8.5390625
vt -4.0546875 8.5859375
vt -4.6171875 8.5390625
vt -4.6015625 8.5859375
vt -4.265625 8.5390625
vt -4.28125 8.5859375
vt -4.8164062 8.5234375
vt -4.828125 8.5703125
vt -4.6171875 8.5390625
vt -4.6367188 8.578125
vt -4.5976562 8.96875
vt -4.2773438 8.96875
vt -4.6015625 8.5859375
vt -4.28125 8.5859375
vt -4.2304688 8.96875
vt -4.0429688 8.96875
vt -4.2421875 8.5859375
vt -4.0546875 8.5859375
vt -3.9980469 8.96875
vt -3.6835938 8.96875
vt -4.0195312 8.5859375
vt -3.6953125 8.578125
vt -4.6484375 8.96875
vt -4.5976562 8.96875
vt -4.6367188 8.578125
vt -4.6015625 8.5859375
vt -4.2773438 8.96875
vt -4.2304688 8.96875
vt -4.28125 8.5859375
vt -4.2421875 8.5859375
vt -4.0429688 8.96875
vt -3.9980469 8.96875
vt -4.0546875 8.5859375
vt -4.0195312 8.5859375
vt -6.6523438 -0.9140625
vt -6.6367188 -0.88378906
vt -6.3554688 -0.9169922
vt -6.3554688 -0.88623047
vt -6.9765625 -0.9135742
vt -6.9648438 -0.8847656
vt -6.6523438 -0.9140625
vt -6.6601562 -0.8847656
vt -7.2734375 -0.91748047
vt -7.2578125 -0.88916016
vt -6.9765625 -0.9135742
vt -6.9882812 -0.8847656
vt -7.5976562 -0.92333984
vt -7.6015625 -0.8911133
vt -7.2734375 -0.91748047
vt -7.2851562 -0.88720703
vt -7.6015625 -0.5292969
vt -7.2890625 -0.5292969
vt -7.6015625 -0.8911133
vt -7.2851562 -0.88720703
vt -7.2578125 -0.5292969
vt -6.9882812 -0.5292969
vt -7.2578125 -0.88916016
vt -6.9882812 -0.8847656
vt -6.9570312 -0.5292969
vt -6.65625 -0.5292969
vt -6.9648438 -0.8847656
vt -6.6601562 -0.8847656
vt -6.6210938 -0.5292969
vt -6.3476562 -0.5292969
vt -6.6367188 -0.88378906
vt -6.3554688 -0.88623047
vt -6.9882812 -0.5292969
vt -6.9570312 -0.5292969
vt -6.9882812 -0.8847656
vt -6.9648438 -0.8847656
vt -6.65625 -0.5292969
vt -6.6210938 -0.5292969
vt -6.6601562 -0.8847656
vt -6.6367188 -0.88378906
vt 0.02482605 0.009925842
vt 0.0826416 0.009925842
vt 0.043548584 0.5097656
vt 0.07946777 0.5097656
vt -5.7578125 -13.5859375
vt -5.7421875 -13.5625
vt -4.875 -13.5859375
vt -4.875 -13.5625
vt -6.3398438 -13.5859375
vt -6.3242188 -13.5625
vt -5.7578125 -13.5859375
vt -5.765625 -13.5625
vt -7.2148438 -13.5859375
vt -7.2070312 -13.5625
vt -6.3398438 -13.5859375
vt -6.3515625 -13.5625
vt -7.7929688 -13.6015625
vt -7.796875 -13.5703125
vt -7.2148438 -13.5859375
vt -7.2304688 -13.5625
vt -7.8007812 -12.96875
vt -7.2421875 -12.96875
vt -7.796875 -13.5703125
vt -7.2304688 -13.5625
vt -7.203125 -12.96875
vt -6.3554688 -12.96875
vt -7.2070312 -13.5625
vt -6.3515625 -13.5625
vt -6.3203125 -12.96875
vt -5.765625 -12.96875
vt -6.3242188 -13.5625
vt -5.765625 -13.5625
vt -5.7304688 -12.96875
vt -4.8789062 -12.96875
vt -5.7421875 -13.5625
vt -4.875 -13.5625
vt -7.2421875 -12.96875
vt -7.203125 -12.96875
vt -7.2304688 -13.5625
vt -7.2070312 -13.5625
vt -6.3554688 -12.96875
vt -6.3203125 -12.96875
vt -6.3515625 -13.5625
vt -6.3242188 -13.5625
vt -5.765625 -12.96875
vt -5.7304688 -12.96875
vt -5.765625 -13.5625
vt -5.7421875 -13.5625
vt 0.02482605 0.009925842
vt 0.0826416 0.009925842
vt 0.043548584 0.5097656
vt 0.07946777 0.5097656
vt 4.5898438 -3.1640625
vt 5.2070312 -3.1523438
vt 4.6054688 -3.5722656
vt 5.2226562 -3.5605469
vt 4.6054688 -3.5722656
vt 5.2070312 -3.1523438
vt 6.0234375 -6.8554688
vt 6.0117188 -5.6601562
vt 6.6328125 -6.8671875
vt 6.6210938 -5.671875
vt 5.2265625 -5.9414062
vt 5.234375 -7.4960938
vt 4.3867188 -5.9335938
vt 4.390625 -7.4882812
vt 5.3828125 -4.5078125
vt 5.3984375 -5.5039062
vt 4.4101562 -4.5273438
vt 4.4257812 -5.5234375
vt 3.1972656 -4.0546875
vt 3.1855469 -3.3964844
vt 3.7207031 -4.0507812
vt 3.7109375 -3.3925781
vt 7.9960938 -2.90625
vt 8 -3.2304688
vt 7.5273438 -2.9101562
vt 7.53125 -3.2363281
vt 4.3515625 -5.0546875
vt 4.3164062 -6.1523438
vt 3.4101562 -5.0585938
vt 3.3769531 -6.15625
vt 8.1953125 -5.5195312
vt 8.1953125 -5.78125
vt 8.0078125 -5.5234375
vt 8.015625 -5.7851562
vt 5.9257812 -7.3007812
vt 5.9257812 -7.4921875
vt 5.5546875 -7.3007812
vt 5.5546875 -7.4921875
vt 7.0976562 -5.2578125
vt 7.171875 -6.4453125
vt 6.6601562 -5.3007812
vt 6.75 -6.4921875
vt 4.5703125 -4.4492188
vt 4.5664062 -3.6328125
vt 5.2734375 -4.4453125
vt 5.265625 -3.6308594
vt 3.5175781 -2.5410156
vt 3.5214844 -2.828125
vt 3.1855469 -2.5429688
vt 3.203125 -2.8359375
vt 7.5625 -4.9765625
vt 7.6054688 -6.21875
vt 7.1757812 -4.9960938
vt 7.2265625 -6.2421875
vt 8.1015625 -4.546875
vt 8.109375 -4.9335938
vt 7.8554688 -4.5585938
vt 7.8632812 -4.9453125
vt 6.9882812 -4.3046875
vt 6.9882812 -5.1289062
vt 6.21875 -4.3046875
vt 6.2304688 -5.1328125
vt 6.5703125 -6.9960938
vt 6.578125 -7.484375
vt 6.0351562 -7.0078125
vt 6.0390625 -7.4921875
vt 7.0234375 -3.7089844
vt 6.9882812 -4.1640625
vt 6.109375 -3.6269531
vt 6.0742188 -4.0820312
vt 4.015625 -3.4472656
vt 4.0078125 -3.6914062
vt 3.7851562 -3.4453125
vt 3.7773438 -3.6894531
vt 7.953125 -6.90625
vt 7.9648438 -7.484375
vt 7.765625 -6.9140625
vt 7.78125 -7.4921875
vt 3.7753906 -2.890625
vt 3.7675781 -3.328125
vt 3.1933594 -2.8964844
vt 3.1855469 -3.3359375
vt 5.6914062 -2.5507812
vt 5.6757812 -2.78125
vt 5.40625 -2.5332031
vt 5.390625 -2.7695312
vt 7.6953125 -6.7226562
vt 7.7070312 -7.484375
vt 7.3828125 -6.7304688
vt 7.3945312 -7.4921875
vt 5.8828125 -3.3046875
vt 5.8828125 -4.1015625
vt 5.328125 -3.3046875
vt 5.328125 -4.1015625
vt 5.9023438 -5.5273438
vt 5.96875 -7.203125
vt 5.2773438 -5.578125
vt 5.34375 -7.2539062
vt 4.7695312 -5.59375
vt 4.78125 -5.8671875
vt 4.453125 -5.6015625
vt 4.4648438 -5.875
vt 7.7539062 -3.9199219
vt 7.796875 -4.90625
vt 7.5664062 -3.9296875
vt 7.609375 -4.9179688
vt 5.90625 -2.84375
vt 5.9023438 -3.2460938
vt 5.3867188 -2.8417969
vt 5.3828125 -3.2421875
vt 5.2773438 -2.7402344
vt 5.2734375 -3.0898438
vt 4.9101562 -2.7441406
vt 4.90625 -3.09375
vt 4.3085938 -2.8359375
vt 4.3125 -3.2128906
vt 3.8378906 -2.8398438
vt 3.8515625 -3.2207031
vt 6.9765625 -2.5273438
vt 6.9648438 -2.8046875
vt 6.6640625 -2.5253906
vt 6.65625 -2.8027344
vt 6.96875 -2.8671875
vt 6.9609375 -3.2441406
vt 6.4414062 -2.8613281
vt 6.4414062 -3.2421875
vt 4.8398438 -2.7285156
vt 4.84375 -3.0976562
vt 4.375 -2.7304688
vt 4.3867188 -3.1035156
vt 7.9257812 -5.0078125
vt 7.9375 -5.7695312
vt 7.6445312 -5.015625
vt 7.65625 -5.7773438
vt 8.0078125 -5.8515625
vt 7.9882812 -6.2734375
vt 7.7382812 -5.8359375
vt 7.71875 -6.2578125
vt 6.0195312 -2.5097656
vt 6.0078125 -2.7851562
vt 5.765625 -2.4941406
vt 5.7539062 -2.7714844
vt 4.3320312 -4.5390625
vt 4.3085938 -4.9921875
vt 4.0234375 -4.5195312
vt 3.9980469 -4.9726562
vt 8.1953125 -2.5292969
vt 8.1875 -2.8476562
vt 7.9296875 -2.5273438
vt 7.921875 -2.84375
vt 7.4648438 -2.7988281
vt 7.4609375 -3.2265625
vt 7.03125 -2.8105469
vt 7.0351562 -3.2441406
vt 3.1855469 -6.21875
vt 4.3242188 -6.21875
vt 3.1855469 -7.4960938
vt 4.3242188 -7.4960938
vt 3.9355469 -4.9960938
vt 3.1855469 -5
vt 3.9511719 -4.109375
vt 3.2011719 -4.1171875
vt 7.90625 -6.3320312
vt 7.9179688 -6.6601562
vt 7.3476562 -6.3359375
vt 7.359375 -6.6679688
vt 4.8398438 -5.6210938
vt 5.2070312 -5.6132812
vt 4.8476562 -5.8789062
vt 5.2148438 -5.8710938
vt 6.2695312 -5.2890625
vt 6.5976562 -5.2929688
vt 6.25 -5.6054688
vt 6.578125 -5.609375
vt 6.4648438 -3.59375
vt 6.4375 -3.3144531
vt 7.6015625 -3.5742188
vt 7.578125 -3.296875
vt 4.421875 -4.4648438
vt 4.0117188 -4.4257812
vt 4.5234375 -3.3183594
vt 4.1132812 -3.2773438
vt 7.09375 -3.6542969
vt 7.5117188 -3.671875
vt 7.046875 -4.8164062
vt 7.4648438 -4.8320312
vt 8 -3.4277344
vt 7.984375 -3.8710938
vt 7.6914062 -3.40625
vt 7.6757812 -3.8496094
vt 6.0898438 -2.5976562
vt 6.3632812 -2.6035156
vt 6.0820312 -2.9511719
vt 6.375 -2.9550781
vt 6.171875 -5.46875
vt 5.6171875 -5.46875
vt 6.1523438 -4.15625
vt 5.5976562 -4.171875
vt 8.140625 -4.078125
vt 8.140625 -4.4101562
vt 7.8359375 -4.0703125
vt 7.8398438 -4.3984375
vt 3.9394531 -2.515625
vt 4.21875 -2.5175781
vt 3.9394531 -2.7734375
vt 4.21875 -2.7753906
vt 5.96875 -3.0097656
vt 6.375 -3.0234375
vt 5.9726562 -3.5605469
vt 6.3789062 -3.5742188
vt 8.1640625 -6.5234375
vt 8.1796875 -6.8359375
vt 7.9804688 -6.53125
vt 7.9960938 -6.84375
vt 7.8515625 -2.5546875
vt 7.8554688 -2.8417969
vt 7.5195312 -2.5566406
vt 7.5351562 -2.8496094
vt 7.28125 -6.5546875
vt 7.328125 -7.4453125
vt 6.6914062 -6.5976562
vt 6.75 -7.4921875
vt 4.2890625 10.4140625
vt 4.2890625 9.5703125
vt 2.7382812 10.4296875
vt 2.7382812 9.5859375
vt 5.0195312 11.8046875
vt 5.0351562 11.1953125
vt 3.8300781 11.8125
vt 3.84375 11.203125
vt 5.6640625 10.21875
vt 5.6367188 9.2421875
vt 4.6679688 10.234375
vt 4.640625 9.2578125
vt 6.4804688 8.8984375
vt 7.0039062 8.8984375
vt 6.46875 8.2421875
vt 6.9921875 8.2421875
vt 4.9453125 12.3359375
vt 4.9335938 11.8671875
vt 4.6210938 12.34375
vt 4.6132812 11.875
vt 5.0625 9.1875
vt 5.03125 8.25
vt 3.9667969 9.1796875
vt 3.9355469 8.2421875
vt 5.8984375 9.15625
vt 5.71875 9.1484375
vt 5.8984375 9.4140625
vt 5.7109375 9.40625
vt 7.7382812 11.328125
vt 7.734375 10.953125
vt 7.546875 11.328125
vt 7.5429688 10.953125
vt 6.3945312 8.2421875
vt 5.96875 8.265625
vt 6.4179688 9.4375
vt 5.9804688 9.453125
vt 3.5507812 11.9375
vt 3.5527344 11.234375
vt 2.7382812 11.9375
vt 2.7402344 11.234375
vt 5.9023438 12.8671875
vt 5.5820312 12.859375
vt 5.9023438 13.1640625
vt 5.5742188 13.1484375
vt 6.9101562 11.4375
vt 6.53125 11.4453125
vt 6.9140625 12.6796875
vt 6.5234375 12.6796875
vt 7.5820312 10.890625
vt 7.5664062 10.6484375
vt 7.1953125 10.90625
vt 7.1796875 10.65625
vt 5.9101562 8.265625
vt 5.1523438 8.2421875
vt 5.8945312 9.09375
vt 5.1210938 9.0625
vt 6.4570312 12.6875
vt 6.4570312 12.1484375
vt 5.96875 12.6796875
vt 5.9726562 12.1484375
vt 4.5078125 11.921875
vt 3.6269531 11.8671875
vt 4.484375 12.3671875
vt 3.6035156 12.3125
vt 7.7382812 12
vt 7.5390625 12.0078125
vt 7.7382812 12.234375
vt 7.5351562 12.2421875
vt 4.5234375 9.4296875
vt 4.5117188 9.25
vt 3.9492188 9.4609375
vt 3.9355469 9.2734375
vt 3.2011719 12.578125
vt 3.1738281 12
vt 2.765625 12.5859375
vt 2.7382812 12.0078125
vt 3.7675781 12.984375
vt 3.484375 12.9765625
vt 3.7539062 13.21875
vt 3.4726562 13.203125
vt 5.90625 12.7890625
vt 5.8945312 12.4765625
vt 5.1484375 12.8125
vt 5.1328125 12.5
vt 5.8046875 12.4140625
vt 5.8007812 11.859375
vt 5.0117188 12.421875
vt 5.0117188 11.8671875
vt 4.9257812 11.0703125
vt 4.8632812 10.4453125
vt 3.2578125 11.171875
vt 3.1953125 10.546875
vt 3.5292969 12.3125
vt 3.5195312 12
vt 3.2578125 12.328125
vt 3.2480469 12.015625
vt 4.953125 12.5859375
vt 4.9375 12.3984375
vt 3.9707031 12.6640625
vt 3.953125 12.4765625
vt 7.4179688 11.4921875
vt 7.4023438 10.96875
vt 7.0195312 11.5
vt 7.0039062 10.984375
vt 5.0859375 13.03125
vt 5.0664062 12.6640625
vt 4.734375 13.0390625
vt 4.71875 12.671875
vt 7.4492188 12.015625
vt 6.9882812 12
vt 7.4453125 12.390625
vt 6.9726562 12.375
vt 7.7421875 8.2421875
vt 7.4570312 8.2421875
vt 7.7382812 8.5078125
vt 7.453125 8.515625
vt 7.5 11.5625
vt 6.9804688 11.5625
vt 7.5039062 11.9453125
vt 6.9726562 11.9375
vt 7.4453125 12.453125
vt 6.9882812 12.4375
vt 7.4375 12.828125
vt 6.9726562 12.8046875
vt 3.9082031 12.8984375
vt 3.8945312 12.6171875
vt 3.1503906 12.921875
vt 3.1347656 12.6484375
vt 7.578125 8.84375
vt 7.3320312 8.8359375
vt 7.5664062 9.2578125
vt 7.3242188 9.25
vt 4.5820312 10.125
vt 4.3554688 10.1171875
vt 4.578125 10.3984375
vt 4.3515625 10.390625
vt 7.5820312 9.515625
vt 7.3046875 9.5078125
vt 7.5703125 9.9609375
vt 7.2929688 9.953125
vt 4.59375 9.75
vt 4.3515625 9.75
vt 4.5898438 10.0546875
vt 4.3515625 10.0625
vt 7.5 10.15625
vt 7.0742188 10.1484375
vt 7.484375 10.5859375
vt 7.0507812 10.578125
vt 3.875 9.515625
vt 3.875 8.2421875
vt 2.7382812 9.515625
vt 2.7382812 8.2421875
vt 5.7226562 10.28125
vt 5.7148438 11.1328125
vt 6.4609375 10.265625
vt 6.4570312 11.1171875
vt 7.390625 8.7734375
vt 7.3945312 8.2421875
vt 7.0664062 8.78125
vt 7.0703125 8.25
vt 7.6601562 13.125
vt 7.6523438 12.890625
vt 7.3046875 13.1328125
vt 7.2929688 12.8984375
vt 6.8984375 13.0546875
vt 6.90625 12.7421875
vt 6.5703125 13.0625
vt 6.578125 12.75
vt 6.9765625 8.9765625
vt 6.9570312 10.09375
vt 7.2460938 8.9609375
vt 7.2265625 10.078125
vt 6.5078125 9.015625
vt 6.4453125 10.140625
vt 6.9101562 9.046875
vt 6.8476562 10.171875
vt 6.5625 10.2265625
vt 6.515625 11.3515625
vt 6.96875 10.2421875
vt 6.9257812 11.375
vt 4.6484375 12.984375
vt 4.6601562 12.7109375
vt 4.2148438 12.984375
vt 4.2226562 12.7109375
vt 3.828125 13.234375
vt 4.1445312 13.2265625
vt 3.8339844 12.9609375
vt 4.1523438 12.96875
vt 5.0742188 10.3046875
vt 5.1132812 11.6015625
vt 5.6289062 10.28125
vt 5.6640625 11.59375
vt 6.3554688 9.5078125
vt 5.9453125 9.53125
vt 6.3828125 10.1171875
vt 5.9726562 10.1484375
vt 2.7441406 12.65625
vt 2.7460938 12.9609375
vt 3.0683594 12.640625
vt 3.0742188 12.953125
vt 7.234375 13.25
vt 7.2304688 13.015625
vt 6.9609375 13.2421875
vt 6.9609375 13.0078125
vt 3.1386719 11.109375
vt 3.1328125 10.5859375
vt 2.7441406 11.09375
vt 2.7382812 10.5703125
vt 3.4121094 13.1796875
vt 3.4023438 12.9921875
vt 3.1035156 13.203125
vt 3.09375 13.015625
vt 6.2929688 12.75
vt 5.9765625 12.7421875
vt 6.296875 13.046875
vt 5.9648438 13.03125
vt 6.4453125 11.1796875
vt 5.8671875 11.1953125
vt 6.4570312 12.078125
vt 5.8632812 12.0859375
vt 0.08630371 0.94140625
vt 0.043548584 0.5097656
vt 0.07946777 0.5097656
vt 0.08630371 0.94140625
vt 0.043548584 0.5097656
vt 0.07946777 0.5097656
vt 0.08630371 0.94140625
vt 0.043548584 0.5097656
vt 0.07946777 0.5097656
vt 0.08630371 0.94140625
vt 0.043548584 0.5097656
vt 0.07946777 0.5097656
vt 0.08630371 0.94140625
vt 0.043548584 0.5097656
vt 0.07946777 0.5097656
vt 0.08630371 0.94140625
vt 0.043548584 0.5097656
vt 0.07946777 0.5097656
vt 0.08630371 0.94140625
vt 0.043548584 0.5097656
vt 0.07946777 0.5097656
vt 0.08630371 0.94140625
vt 0.043548584 0.5097656
vt 0.07946777 0.5097656
vt 0.0826416 0.009925842
vt 0.44506836 0.009925842
vt 0.07946777 0.5097656
vt 0.44506836 0.009925842
vt 0.07946777 0.5097656
vt 0.44506836 0.009925842
vt 0.08630371 0.94140625
vt 0.043548584 0.5097656
vt 0.07946777 0.5097656
vt 0.08630371 0.94140625
vt 0.043548584 0.5097656
vt 0.07946777 0.5097656
vt 0.08630371 0.94140625
vt 0.043548584 0.5097656
vt 0.07946777 0.5097656
vt 0.08630371 0.94140625
vt 0.043548584 0.5097656
vt 0.07946777 0.5097656
vt 0.08630371 0.94140625
vt 0.043548584 0.5097656
vt 0.07946777 0.5097656
vt 0.08630371 0.94140625
vt 0.043548584 0.5097656
vt 0.07946777 0.5097656
vt 0.08630371 0.94140625
vt 0.043548584 0.5097656
vt 0.07946777 0.5097656
vt 0.08630371 0.94140625
vt 0.043548584 0.5097656
vt 0.07946777 0.5097656
vt 0.08630371 0.94140625
vt 0.043548584 0.5097656
vt 0.07946777 0.5097656
vt 0.08630371 0.94140625
vt 0.043548584 0.5097656
vt 0.07946777 0.5097656
vt 0.08630371 0.94140625
vt 0.043548584 0.5097656
vt 0.07946777 0.5097656
vt 0.08630371 0.94140625
vt 0.043548584 0.5097656
vt 0.07946777 0.5097656
vt 0.08630371 0.94140625
vt 0.043548584 0.5097656
vt 0.07946777 0.5097656
vt 0.08630371 0.94140625
vt 0.043548584 0.5097656
vt 0.07946777 0.5097656
vt 0.08630371 0.94140625
vt 0.043548584 0.5097656
vt 0.07946777 0.5097656
vt 0.08630371 0.94140625
vt 0.043548584 0.5097656
vt 0.07946777 0.5097656
vt 0.08630371 0.94140625
vt 0.043548584 0.5097656
vt 0.07946777 0.5097656
vt 0.08630371 0.94140625
vt 0.043548584 0.5097656
vt 0.07946777 0.5097656
vt 0.08630371 0.94140625
vt 0.043548584 0.5097656
vt 0.07946777 0.5097656
vt 0.08630371 0.94140625
vt 0.043548584 0.5097656
vt 0.07946777 0.5097656
vt 0.08630371 0.94140625
vt 0.043548584 0.5097656
vt 0.07946777 0.5097656
vt 0.08630371 0.94140625
vt 0.043548584 0.5097656
vt 0.07946777 0.5097656
vt 0.08630371 0.94140625
vt 0.043548584 0.5097656
vt 0.07946777 0.5097656
vt 0.08630371 0.94140625
vt 0.043548584 0.5097656
vt 0.07946777 0.5097656
vt 0.0826416 0.009925842
vt 0.44506836 0.009925842
vt 0.07946777 0.5097656
vt 0.44506836 0.009925842
vt 0.07946777 0.5097656
vt 0.44506836 0.009925842
vt 0.08630371 0.94140625
vt 0.043548584 0.5097656
vt 0.07946777 0.5097656
vt 0.08630371 0.94140625
vt 0.043548584 0.5097656
vt 0.07946777 0.5097656
vt 0.08630371 0.94140625
vt 0.043548584 0.5097656
vt 0.07946777 0.5097656
vt 0.08630371 0.94140625
vt 0.043548584 0.5097656
vt 0.07946777 0.5097656
vt 0.08630371 0.94140625
vt 0.043548584 0.5097656
vt 0.07946777 0.5097656
vt 0.08630371 0.94140625
vt 0.043548584 0.5097656
vt 0.07946777 0.5097656
vt 0.08630371 0.94140625
vt 0.043548584 0.5097656
vt 0.07946777 0.5097656
vt 0.08630371 0.94140625
vt 0.043548584 0.5097656
vt 0.07946777 0.5097656
vt 0.08630371 0.94140625
vt 0.043548584 0.5097656
vt 0.07946777 0.5097656
vt 0.08630371 0.94140625
vt 0.043548584 0.5097656
vt 0.07946777 0.5097656
vt 0.08630371 0.94140625
vt 0.043548584 0.5097656
vt 0.07946777 0.5097656
vt 0.08630371 0.94140625
vt 0.043548584 0.5097656
vt 0.07946777 0.5097656
vt 0.08630371 0.94140625
vt 0.043548584 0.5097656
vt 0.07946777 0.5097656
vt 0.08630371 0.94140625
vt 0.043548584 0.5097656
vt 0.07946777 0.5097656
vt 0.08630371 0.94140625
vt 0.043548584 0.5097656
vt 0.07946777 0.5097656
vt 0.08630371 0.94140625
vt 0.043548584 0.5097656
vt 0.07946777 0.5097656
vt 0.08630371 0.94140625
vt 0.043548584 0.5097656
vt 0.07946777 0.5097656
vt 0.08630371 0.94140625
vt 0.043548584 0.5097656
vt 0.07946777 0.5097656
vt 0.08630371 0.94140625
vt 0.043548584 0.5097656
vt 0.07946777 0.5097656
vt 0.08630371 0.94140625
vt 0.043548584 0.5097656
vt 0.07946777 0.5097656
vt 0.07946777 0.5097656
vt 0.44506836 0.009925842
vt 0.08630371 0.94140625
vt 0.44506836 0.94140625
vt 0.08630371 0.94140625
vt 0.44506836 0.009925842
vt 0.0826416 0.009925842
vt 0.44506836 0.009925842
vt 0.07946777 0.5097656
vt 0.44506836 0.009925842
vt 0.07946777 0.5097656
vt 0.44506836 0.009925842
vt 0.08630371 0.94140625
vt 0.043548584 0.5097656
vt 0.07946777 0.5097656
vt 0.08630371 0.94140625
vt 0.043548584 0.5097656
vt 0.07946777 0.5097656
vt 0.08630371 0.94140625
vt 0.043548584 0.5097656
vt 0.07946777 0.5097656
vt 0.08630371 0.94140625
vt 0.043548584 0.5097656
vt 0.07946777 0.5097656
vt 0.02482605 0.009925842
vt 0.0826416 0.009925842
vt 0.043548584 0.5097656
vt 0.07946777 0.5097656
vt 0.043548584 0.5097656
vt 0.0826416 0.009925842
vt 0.0826416 0.009925842
vt 0.44506836 0.009925842
vt 0.07946777 0.5097656
vt 0.44506836 0.5097656
vt 0.07946777 0.5097656
vt 0.44506836 0.009925842
vt 0.08630371 0.94140625
vt 0.043548584 0.5097656
vt 0.07946777 0.5097656
vt 0.08630371 0.94140625
vt 0.043548584 0.5097656
vt 0.07946777 0.5097656
vt 0.08630371 0.94140625
vt 0.043548584 0.5097656
vt 0.07946777 0.5097656
vt 0.08630371 0.94140625
vt 0.043548584 0.5097656
vt 0.07946777 0.5097656
vt 0.0016212463 0.9428711
vt 0.00982666 0.6533203
vt 0.0016212463 0.6533203
vt 0.010345459 0.9428711
vt 0.01537323 0.6533203
vt 0.005710602 0.6533203
vt 0.011741638 0.9428711
vt 0.0137786865 0.6533203
vt 0.0045433044 0.6533203
vt 0.019012451 0.9428711
vt 0.022155762 0.6533203
vt 0.012458801 0.6533203
vt 0.0016212463 0.9428711
vt 0.00982666 0.6533203
vt 0.0016212463 0.6533203
vt 0.010345459 0.9428711
vt 0.01537323 0.6533203
vt 0.005710602 0.6533203
vt 0.011741638 0.9428711
vt 0.0137786865 0.6533203
vt 0.0045433044 0.6533203
vt 0.019012451 0.9428711
vt 0.022155762 0.6533203
vt 0.012458801 0.6533203
vt 0.0016212463 0.04699707
vt 0.0016212463 0.6533203
vt 0.00982666 0.04699707
vt 0.00982666 0.6533203
vt 0.00982666 0.04699707
vt 0.0016212463 0.6533203
vt 0.005256653 0.04699707
vt 0.005710602 0.6533203
vt 0.020462036 0.04699707
vt 0.01537323 0.6533203
vt 0.020462036 0.04699707
vt 0.005710602 0.6533203
vt 0.00070619583 0.04699707
vt 0.0045433044 0.6533203
vt 0.016036987 0.04699707
vt 0.0137786865 0.6533203
vt 0.016036987 0.04699707
vt 0.0045433044 0.6533203
vt 0.010597229 0.04699707
vt 0.012458801 0.6533203
vt 0.025527954 0.04699707
vt 0.022155762 0.6533203
vt 0.025527954 0.04699707
vt 0.012458801 0.6533203
vt 0.01537323 0.6533203
vt 0.010345459 0.9428711
vt 0.3720703 0.6533203
vt 0.3720703 0.9428711
vt 0.3720703 0.6533203
vt 0.010345459 0.9428711
vt 0.00982666 0.6533203
vt 0.0016212463 0.9428711
vt 0.4555664 0.9428711
vt 0.025527954 0.04699707
vt 0.022155762 0.6533203
vt 0.45825195 0.04699707
vt 0.45874023 0.6533203
vt 0.45825195 0.04699707
vt 0.022155762 0.6533203
vt 0.00982666 0.6533203
vt 0.4555664 0.9428711
vt 0.4482422 0.6533203
vt 0.08630371 0.94140625
vt 0.043548584 0.5097656
vt 0.07946777 0.5097656
vt 0.08630371 0.94140625
vt 0.043548584 0.5097656
vt 0.07946777 0.5097656
vt 0.08630371 0.94140625
vt 0.043548584 0.5097656
vt 0.07946777 0.5097656
vt 0.08630371 0.94140625
vt 0.043548584 0.5097656
vt 0.07946777 0.5097656
vt 0.08630371 0.94140625
vt 0.043548584 0.5097656
vt 0.07946777 0.5097656
vt 0.08630371 0.94140625
vt 0.043548584 0.5097656
vt 0.07946777 0.5097656
vt 0.08630371 0.94140625
vt 0.043548584 0.5097656
vt 0.07946777 0.5097656
vt 0.08630371 0.94140625
vt 0.043548584 0.5097656
vt 0.07946777 0.5097656
vt 0.0016212463 0.9428711
vt 0.00982666 0.6533203
vt 0.0016212463 0.6533203
vt 0.010345459 0.9428711
vt 0.01537323 0.6533203
vt 0.005710602 0.6533203
vt 0.011741638 0.9428711
vt 0.0137786865 0.6533203
vt 0.0045433044 0.6533203
vt 0.019012451 0.9428711
vt 0.022155762 0.6533203
vt 0.012458801 0.6533203
vt 0.022155762 0.6533203
vt 0.019012451 0.9428711
vt 0.45874023 0.6533203
vt 0.4633789 0.9428711
vt 0.45874023 0.6533203
vt 0.019012451 0.9428711
vt 0.0137786865 0.6533203
vt 0.011741638 0.9428711
vt 0.37182617 0.6533203
vt 0.37841797 0.9428711
vt 0.37182617 0.6533203
vt 0.011741638 0.9428711
vt 0.00982666 0.6533203
vt 0.0016212463 0.9428711
vt 0.4482422 0.6533203
vt 0.4555664 0.9428711
vt 0.4482422 0.6533203
vt 0.0016212463 0.9428711
vt 0.08630371 0.94140625
vt 0.043548584 0.5097656
vt 0.07946777 0.5097656
vt 0.08630371 0.94140625
vt 0.043548584 0.5097656
vt 0.07946777 0.5097656
vt 0.08630371 0.94140625
vt 0.043548584 0.5097656
vt 0.07946777 0.5097656
vt 0.08630371 0.94140625
vt 0.043548584 0.5097656
vt 0.07946777 0.5097656
vt 0.08630371 0.94140625
vt 0.043548584 0.5097656
vt 0.07946777 0.5097656
vt 0.08630371 0.94140625
vt 0.043548584 0.5097656
vt 0.07946777 0.5097656
vt 0.08630371 0.94140625
vt 0.043548584 0.5097656
vt 0.07946777 0.5097656
vt 0.08630371 0.94140625
vt 0.043548584 0.5097656
vt 0.07946777 0.5097656
vt 0.07946777 0.5097656
vt 0.44506836 0.009925842
vt 0.08630371 0.94140625
vt 0.44506836 0.94140625
vt 0.08630371 0.94140625
vt 0.44506836 0.009925842
vt 0.0826416 0.009925842
vt 0.44506836 0.009925842
vt 0.07946777 0.5097656
vt 0.44506836 0.009925842
vt 0.07946777 0.5097656
vt 0.44506836 0.009925842
vt 0.08630371 0.94140625
vt 0.043548584 0.5097656
vt 0.07946777 0.5097656
vt 0.08630371 0.94140625
vt 0.043548584 0.5097656
vt 0.07946777 0.5097656
vt 0.08630371 0.94140625
vt 0.043548584 0.5097656
vt 0.07946777 0.5097656
vt 0.08630371 0.94140625
vt 0.043548584 0.5097656
vt 0.07946777 0.5097656
vt 0.0826416 0.009925842
vt 0.44506836 0.009925842
vt 0.07946777 0.5097656
vt 0.44506836 0.009925842
vt 0.07946777 0.5097656
vt 0.44506836 0.009925842
vt 0.08630371 0.94140625
vt 0.043548584 0.5097656
vt 0.07946777 0.5097656
vt 0.08630371 0.94140625
vt 0.043548584 0.5097656
vt 0.07946777 0.5097656
vt 0.08630371 0.94140625
vt 0.043548584 0.5097656
vt 0.07946777 0.5097656
vt 0.08630371 0.94140625
vt 0.043548584 0.5097656
vt 0.07946777 0.5097656
vt 0.08630371 0.94140625
vt 0.043548584 0.5097656
vt 0.07946777 0.5097656
vt 0.08630371 0.94140625
vt 0.043548584 0.5097656
vt 0.07946777 0.5097656
vt 0.08630371 0.94140625
vt 0.043548584 0.5097656
vt 0.07946777 0.5097656
vt 0.08630371 0.94140625
vt 0.043548584 0.5097656
vt 0.07946777 0.5097656
vt 0.08630371 0.94140625
vt 0.043548584 0.5097656
vt 0.07946777 0.5097656
vt 0.08630371 0.94140625
vt 0.043548584 0.5097656
vt 0.07946777 0.5097656
vt 0.08630371 0.94140625
vt 0.043548584 0.5097656
vt 0.07946777 0.5097656
vt 0.08630371 0.94140625
vt 0.043548584 0.5097656
vt 0.07946777 0.5097656
vt 0.08630371 0.94140625
vt 0.043548584 0.5097656
vt 0.07946777 0.5097656
vt 0.08630371 0.94140625
vt 0.043548584 0.5097656
vt 0.07946777 0.5097656
vt 0.08630371 0.94140625
vt 0.043548584 0.5097656
vt 0.07946777 0.5097656
vt 0.08630371 0.94140625
vt 0.043548584 0.5097656
vt 0.07946777 0.5097656
vt 0.08630371 0.94140625
vt 0.043548584 0.5097656
vt 0.07946777 0.5097656
vt 0.08630371 0.94140625
vt 0.043548584 0.5097656
vt 0.07946777 0.5097656
vt 0.08630371 0.94140625
vt 0.043548584 0.5097656
vt 0.07946777 0.5097656
vt 0.08630371 0.94140625
vt 0.043548584 0.5097656
vt 0.07946777 0.5097656
vt 0.0016212463 0.9428711
vt 0.00982666 0.6533203
vt 0.0016212463 0.6533203
vt 0.010345459 0.9428711
vt 0.01537323 0.6533203
vt 0.005710602 0.6533203
vt 0.011741638 0.9428711
vt 0.0137786865 0.6533203
vt 0.0045433044 0.6533203
vt 0.019012451 0.9428711
vt 0.022155762 0.6533203
vt 0.012458801 0.6533203
vt 0.0016212463 0.04699707
vt 0.0016212463 0.6533203
vt 0.00982666 0.04699707
vt 0.00982666 0.6533203
vt 0.00982666 0.04699707
vt 0.0016212463 0.6533203
vt 0.005256653 0.04699707
vt 0.005710602 0.6533203
vt 0.020462036 0.04699707
vt 0.01537323 0.6533203
vt 0.020462036 0.04699707
vt 0.005710602 0.6533203
vt 0.00070619583 0.04699707
vt 0.0045433044 0.6533203
vt 0.016036987 0.04699707
vt 0.0137786865 0.6533203
vt 0.016036987 0.04699707
vt 0.0045433044 0.6533203
vt 0.010597229 0.04699707
vt 0.012458801 0.6533203
vt 0.025527954 0.04699707
vt 0.022155762 0.6533203
vt 0.025527954 0.04699707
vt 0.012458801 0.6533203
vt 0.01537323 0.6533203
vt 0.010345459 0.9428711
vt 0.3720703 0.6533203
vt 0.3720703 0.9428711
vt 0.3720703 0.6533203
vt 0.010345459 0.9428711
vt 0.00982666 0.6533203
vt 0.0016212463 0.9428711
vt 0.4555664 0.9428711
vt 0.025527954 0.04699707
vt 0.022155762 0.6533203
vt 0.45825195 0.04699707
vt 0.45874023 0.6533203
vt 0.45825195 0.04699707
vt 0.022155762 0.6533203
vt 0.00982666 0.6533203
vt 0.4555664 0.9428711
vt 0.4482422 0.6533203
vt 0.08630371 0.94140625
vt 0.043548584 0.5097656
vt 0.07946777 0.5097656
vt 0.08630371 0.94140625
vt 0.043548584 0.5097656
vt 0.07946777 0.5097656
vt 0.08630371 0.94140625
vt 0.043548584 0.5097656
vt 0.07946777 0.5097656
vt 0.08630371 0.94140625
vt 0.043548584 0.5097656
vt 0.07946777 0.5097656
vt 0.08630371 0.94140625
vt 0.043548584 0.5097656
vt 0.07946777 0.5097656
vt 0.08630371 0.94140625
vt 0.043548584 0.5097656
vt 0.07946777 0.5097656
vt 0.08630371 0.94140625
vt 0.043548584 0.5097656
vt 0.07946777 0.5097656
vt 0.08630371 0.94140625
vt 0.043548584 0.5097656
vt 0.07946777 0.5097656
vt 0.08630371 0.94140625
vt 0.043548584 0.5097656
vt 0.07946777 0.5097656
vt 0.08630371 0.94140625
vt 0.043548584 0.5097656
vt 0.07946777 0.5097656
vt 0.08630371 0.94140625
vt 0.043548584 0.5097656
vt 0.07946777 0.5097656
vt 0.08630371 0.94140625
vt 0.043548584 0.5097656
vt 0.07946777 0.5097656
vt 0.0016212463 0.9428711
vt 0.00982666 0.6533203
vt 0.0016212463 0.6533203
vt 0.010345459 0.9428711
vt 0.01537323 0.6533203
vt 0.005710602 0.6533203
vt 0.011741638 0.9428711
vt 0.0137786865 0.6533203
vt 0.0045433044 0.6533203
vt 0.019012451 0.9428711
vt 0.022155762 0.6533203
vt 0.012458801 0.6533203
vt 0.0016212463 0.9428711
vt 0.00982666 0.6533203
vt 0.0016212463 0.6533203
vt 0.010345459 0.9428711
vt 0.01537323 0.6533203
vt 0.005710602 0.6533203
vt 0.011741638 0.9428711
vt 0.0137786865 0.6533203
vt 0.0045433044 0.6533203
vt 0.019012451 0.9428711
vt 0.022155762 0.6533203
vt 0.012458801 0.6533203
vt 0.0016212463 0.9428711
vt 0.00982666 0.6533203
vt 0.0016212463 0.6533203
vt 0.010345459 0.9428711
vt 0.01537323 0.6533203
vt 0.005710602 0.6533203
vt 0.011741638 0.9428711
vt 0.0137786865 0.6533203
vt 0.0045433044 0.6533203
vt 0.019012451 0.9428711
vt 0.022155762 0.6533203
vt 0.012458801 0.6533203
vt 0.0016212463 0.9428711
vt 0.00982666 0.6533203
vt 0.0016212463 0.6533203
vt 0.010345459 0.9428711
vt 0.01537323 0.6533203
vt 0.005710602 0.6533203
vt 0.011741638 0.9428711
vt 0.0137786865 0.6533203
vt 0.0045433044 0.6533203
vt 0.019012451 0.9428711
vt 0.022155762 0.6533203
vt 0.012458801 0.6533203
vt 0.0016212463 0.04699707
vt 0.0016212463 0.6533203
vt 0.00982666 0.04699707
vt 0.00982666 0.6533203
vt 0.00982666 0.04699707
vt 0.0016212463 0.6533203
vt 0.005256653 0.04699707
vt 0.005710602 0.6533203
vt 0.020462036 0.04699707
vt 0.01537323 0.6533203
vt 0.020462036 0.04699707
vt 0.005710602 0.6533203
vt 0.00070619583 0.04699707
vt 0.0045433044 0.6533203
vt 0.016036987 0.04699707
vt 0.0137786865 0.6533203
vt 0.016036987 0.04699707
vt 0.0045433044 0.6533203
vt 0.010597229 0.04699707
vt 0.012458801 0.6533203
vt 0.025527954 0.04699707
vt 0.022155762 0.6533203
vt 0.025527954 0.04699707
vt 0.012458801 0.6533203
vt 0.01537323 0.6533203
vt 0.010345459 0.9428711
vt 0.3720703 0.6533203
vt 0.3720703 0.9428711
vt 0.3720703 0.6533203
vt 0.010345459 0.9428711
vt 0.00982666 0.6533203
vt 0.0016212463 0.9428711
vt 0.4555664 0.9428711
vt 0.025527954 0.04699707
vt 0.022155762 0.6533203
vt 0.45825195 0.04699707
vt 0.45874023 0.6533203
vt 0.45825195 0.04699707
vt 0.022155762 0.6533203
vt 0.00982666 0.6533203
vt 0.4555664 0.9428711
vt 0.4482422 0.6533203
vt 0.08630371 0.94140625
vt 0.043548584 0.5097656
vt 0.07946777 0.5097656
vt 0.08630371 0.94140625
vt 0.043548584 0.5097656
vt 0.07946777 0.5097656
vt 0.08630371 0.94140625
vt 0.043548584 0.5097656
vt 0.07946777 0.5097656
vt 0.08630371 0.94140625
vt 0.043548584 0.5097656
vt 0.07946777 0.5097656
vt 0.018035889 0.94970703
vt 0.03503418 0.64404297
vt 0.018035889 0.6459961
vt 0.028396606 0.9526367
vt 0.034362793 0.6459961
vt 0.022888184 0.6459961
vt 0.030059814 0.9526367
vt 0.032470703 0.6459961
vt 0.021499634 0.6459961
vt 0.054107666 0.94970703
vt 0.06060791 0.64404297
vt 0.030914307 0.6459961
vt 0.0016212463 0.9428711
vt 0.00982666 0.6533203
vt 0.0016212463 0.6533203
vt 0.010345459 0.9428711
vt 0.01537323 0.6533203
vt 0.005710602 0.6533203
vt 0.011741638 0.9428711
vt 0.0137786865 0.6533203
vt 0.0045433044 0.6533203
vt 0.019012451 0.9428711
vt 0.022155762 0.6533203
vt 0.012458801 0.6533203
vt 0.01537323 0.6533203
vt 0.010345459 0.9428711
vt 0.3720703 0.6533203
vt 0.3720703 0.9428711
vt 0.3720703 0.6533203
vt 0.010345459 0.9428711
vt 0.00982666 0.6533203
vt 0.0016212463 0.9428711
vt 0.4482422 0.6533203
vt 0.4555664 0.9428711
vt 0.4482422 0.6533203
vt 0.0016212463 0.9428711
vt 0.020462036 0.04699707
vt 0.01537323 0.6533203
vt 0.3720703 0.04699707
vt 0.3720703 0.6533203
vt 0.3720703 0.04699707
vt 0.01537323 0.6533203
vt 0.00982666 0.04699707
vt 0.00982666 0.6533203
vt 0.44433594 0.04699707
vt 0.4482422 0.6533203
vt 0.44433594 0.04699707
vt 0.00982666 0.6533203
vt 0.0016212463 0.9428711
vt 0.00982666 0.6533203
vt 0.0016212463 0.6533203
vt 0.010345459 0.9428711
vt 0.01537323 0.6533203
vt 0.005710602 0.6533203
vt 0.011741638 0.9428711
vt 0.0137786865 0.6533203
vt 0.0045433044 0.6533203
vt 0.019012451 0.9428711
vt 0.022155762 0.6533203
vt 0.012458801 0.6533203
vt 0.01537323 0.6533203
vt 0.010345459 0.9428711
vt 0.3720703 0.6533203
vt 0.3720703 0.9428711
vt 0.3720703 0.6533203
vt 0.010345459 0.9428711
vt 0.00982666 0.6533203
vt 0.0016212463 0.9428711
vt 0.4482422 0.6533203
vt 0.4555664 0.9428711
vt 0.4482422 0.6533203
vt 0.0016212463 0.9428711
vt 0.020462036 0.04699707
vt 0.01537323 0.6533203
vt 0.3720703 0.04699707
vt 0.3720703 0.6533203
vt 0.3720703 0.04699707
vt 0.01537323 0.6533203
vt 0.00982666 0.04699707
vt 0.00982666 0.6533203
vt 0.44433594 0.04699707
vt 0.4482422 0.6533203
vt 0.44433594 0.04699707
vt 0.00982666 0.6533203
vt 0.017440796 0.9560547
vt 0.021942139 0.64941406
vt 0.017440796 0.64941406
vt 0.022232056 0.9560547
vt 0.024978638 0.64941406
vt 0.019683838 0.64941406
vt 0.022994995 0.9560547
vt 0.024108887 0.64941406
vt 0.019042969 0.64941406
vt 0.026977539 0.9560547
vt 0.028701782 0.64941406
vt 0.023391724 0.64941406
vt 0.017440796 0.9560547
vt 0.021942139 0.64941406
vt 0.017440796 0.64941406
vt 0.022232056 0.9560547
vt 0.024978638 0.64941406
vt 0.019683838 0.64941406
vt 0.022994995 0.9560547
vt 0.024108887 0.64941406
vt 0.019042969 0.64941406
vt 0.026977539 0.9560547
vt 0.028701782 0.64941406
vt 0.023391724 0.64941406
vt 0.017440796 0.9560547
vt 0.021942139 0.64941406
vt 0.017440796 0.64941406
vt 0.022232056 0.9560547
vt 0.024978638 0.64941406
vt 0.019683838 0.64941406
vt 0.022994995 0.9560547
vt 0.024108887 0.64941406
vt 0.019042969 0.64941406
vt 0.026977539 0.9560547
vt 0.028701782 0.64941406
vt 0.023391724 0.64941406
vt 0.017440796 0.9560547
vt 0.021942139 0.64941406
vt 0.017440796 0.64941406
vt 0.022232056 0.9560547
vt 0.024978638 0.64941406
vt 0.019683838 0.64941406
vt 0.022994995 0.9560547
vt 0.024108887 0.64941406
vt 0.019042969 0.64941406
vt 0.026977539 0.9560547
vt 0.028701782 0.64941406
vt 0.023391724 0.64941406
vt 0.017440796 0.9560547
vt 0.021942139 0.64941406
vt 0.017440796 0.64941406
vt 0.022232056 0.9560547
vt 0.024978638 0.64941406
vt 0.019683838 0.64941406
vt 0.022994995 0.9560547
vt 0.024108887 0.64941406
vt 0.019042969 0.64941406
vt 0.026977539 0.9560547
vt 0.028701782 0.64941406
vt 0.023391724 0.64941406
vt 0.017440796 0.9560547
vt 0.021942139 0.64941406
vt 0.017440796 0.64941406
vt 0.022232056 0.9560547
vt 0.024978638 0.64941406
vt 0.019683838 0.64941406
vt 0.022994995 0.9560547
vt 0.024108887 0.64941406
vt 0.019042969 0.64941406
vt 0.026977539 0.9560547
vt 0.028701782 0.64941406
vt 0.023391724 0.64941406
vt 0.017440796 0.9560547
vt 0.021942139 0.64941406
vt 0.017440796 0.64941406
vt 0.022232056 0.9560547
vt 0.024978638 0.64941406
vt 0.019683838 0.64941406
vt 0.022994995 0.9560547
vt 0.024108887 0.64941406
vt 0.019042969 0.64941406
vt 0.026977539 0.9560547
vt 0.028701782 0.64941406
vt 0.023391724 0.64941406
vt 0.017440796 0.9560547
vt 0.021942139 0.64941406
vt 0.017440796 0.64941406
vt 0.022232056 0.9560547
vt 0.024978638 0.64941406
vt 0.019683838 0.64941406
vt 0.022994995 0.9560547
vt 0.024108887 0.64941406
vt 0.019042969 0.64941406
vt 0.026977539 0.9560547
vt 0.028701782 0.64941406
vt 0.023391724 0.64941406
vt 0.027618408 0.9404297
vt 0.027618408 0.61035156
vt 0.027618408 0.61035156
vt 0.027618408 0.9404297
vt 0.027618408 0.61035156
vt 0.027618408 0.61035156
vt 0.027618408 0.9404297
vt 0.027618408 0.61035156
vt 0.027618408 0.61035156
vt 0.027618408 0.9404297
vt 0.027618408 0.61035156
vt 0.027618408 0.61035156
vt 0.03289795 0.9404297
vt 0.03289795 0.61035156
vt 0.03289795 0.61035156
vt 0.027618408 0.9404297
vt 0.027618408 0.61035156
vt 0.027618408 0.61035156
vt 0.027618408 0.9404297
vt 0.027618408 0.61035156
vt 0.027618408 0.61035156
vt 0.027618408 0.9404297
vt 0.027618408 0.61035156
vt 0.027618408 0.61035156
vt 0.03289795 0.026824951
vt 0.03289795 0.026824951
vt 0.03289795 0.61035156
vt 0.03289795 0.61035156
vt 0.03289795 0.61035156
vt 0.03289795 0.026824951
vt 0.027618408 0.026824951
vt 0.027618408 0.026824951
vt 0.027618408 0.61035156
vt 0.027618408 0.61035156
vt 0.027618408 0.61035156
vt 0.027618408 0.026824951
vt 0.027618408 0.026824951
vt 0.027618408 0.026824951
vt 0.027618408 0.61035156
vt 0.027618408 0.61035156
vt 0.027618408 0.61035156
vt 0.027618408 0.026824951
vt 0.027618408 0.61035156
vt 0.64501953 0.61035156
vt 0.027618408 0.9404297
vt 0.64501953 0.9404297
vt 0.027618408 0.9404297
vt 0.64501953 0.61035156
vt 0.027618408 0.026824951
vt 0.64501953 0.026824951
vt 0.027618408 0.61035156
vt 0.64501953 0.61035156
vt 0.027618408 0.61035156
vt 0.64501953 0.026824951
vt 0.027618408 0.026824951
vt 0.64501953 0.026824951
vt 0.027618408 0.61035156
vt 0.64501953 0.61035156
vt 0.027618408 0.61035156
vt 0.64501953 0.026824951
vt 0.027618408 0.026824951
vt 0.64501953 0.026824951
vt 0.027618408 0.61035156
vt 0.64501953 0.61035156
vt 0.027618408 0.61035156
vt 0.64501953 0.026824951
vt 0.017440796 0.9560547
vt 0.021942139 0.64941406
vt 0.017440796 0.64941406
vt 0.022232056 0.9560547
vt 0.024978638 0.64941406
vt 0.019683838 0.64941406
vt 0.022994995 0.9560547
vt 0.024108887 0.64941406
vt 0.019042969 0.64941406
vt 0.026977539 0.9560547
vt 0.028701782 0.64941406
vt 0.023391724 0.64941406
vt 0.017440796 0.9560547
vt 0.021942139 0.64941406
vt 0.017440796 0.64941406
vt 0.022232056 0.9560547
vt 0.024978638 0.64941406
vt 0.019683838 0.64941406
vt 0.022994995 0.9560547
vt 0.024108887 0.64941406
vt 0.019042969 0.64941406
vt 0.026977539 0.9560547
vt 0.028701782 0.64941406
vt 0.023391724 0.64941406
vt 0.028701782 0.64941406
vt 0.2705078 0.9560547
vt 0.2680664 0.64941406
vt 0.021942139 0.64941406
vt 0.017440796 0.9560547
vt 0.26245117 0.64941406
vt 0.26635742 0.9560547
vt 0.26245117 0.64941406
vt 0.017440796 0.9560547
vt 0.028701782 0.64941406
vt 0.026977539 0.9560547
vt 0.2705078 0.9560547
vt 0.08630371 0.94140625
vt 0.043548584 0.5097656
vt 0.07946777 0.5097656
vt 0.08630371 0.94140625
vt 0.043548584 0.5097656
vt 0.07946777 0.5097656
vt 0.08630371 0.94140625
vt 0.043548584 0.5097656
vt 0.07946777 0.5097656
vt 0.08630371 0.94140625
vt 0.043548584 0.5097656
vt 0.07946777 0.5097656
vt 0.08630371 0.94140625
vt 0.043548584 0.5097656
vt 0.07946777 0.5097656
vt 0.08630371 0.94140625
vt 0.043548584 0.5097656
vt 0.07946777 0.5097656
vt 0.08630371 0.94140625
vt 0.043548584 0.5097656
vt 0.07946777 0.5097656
vt 0.08630371 0.94140625
vt 0.043548584 0.5097656
vt 0.07946777 0.5097656
vt 0.08630371 0.94140625
vt 0.043548584 0.5097656
vt 0.07946777 0.5097656
vt 0.08630371 0.94140625
vt 0.043548584 0.5097656
vt 0.07946777 0.5097656
vt 0.08630371 0.94140625
vt 0.043548584 0.5097656
vt 0.07946777 0.5097656
vt 0.08630371 0.94140625
vt 0.043548584 0.5097656
vt 0.07946777 0.5097656
vt 0.07946777 0.5097656
vt 0.44506836 0.009925842
vt 0.08630371 0.94140625
vt 0.44506836 0.94140625
vt 0.07946777 0.5097656
vt 0.44506836 0.5097656
vt 0.08630371 0.94140625
vt 0.44506836 0.94140625
vt 0.07946777 0.5097656
vt 0.44506836 0.5097656
vt 0.08630371 0.94140625
vt 0.44506836 0.94140625
vt 0.07946777 0.5097656
vt 0.44506836 0.5097656
vt 0.08630371 0.94140625
vt 0.44506836 0.94140625
vt 0.07946777 0.5097656
vt 0.44506836 0.5097656
vt 0.08630371 0.94140625
vt 0.44506836 0.94140625
vt 0.07946777 0.5097656
vt 0.44506836 0.5097656
vt 0.08630371 0.94140625
vt 0.44506836 0.94140625
vt 0.07946777 0.5097656
vt 0.44506836 0.5097656
vt 0.08630371 0.94140625
vt 0.44506836 0.94140625
vt 0.07946777 0.5097656
vt 0.44506836 0.5097656
vt 0.08630371 0.94140625
vt 0.44506836 0.94140625
vt 0.02482605 0.009925842
vt 0.0826416 0.009925842
vt 0.043548584 0.5097656
vt 0.07946777 0.5097656
vt 0.02482605 0.009925842
vt 0.0826416 0.009925842
vt 0.043548584 0.5097656
vt 0.07946777 0.5097656
vt 0.02482605 0.009925842
vt 0.0826416 0.009925842
vt 0.043548584 0.5097656
vt 0.07946777 0.5097656
vt 0.02482605 0.009925842
vt 0.0826416 0.009925842
vt 0.043548584 0.5097656
vt 0.07946777 0.5097656
vt 0.0826416 0.009925842
vt 0.44506836 0.009925842
vt 0.07946777 0.5097656
vt 0.44506836 0.5097656
vt 0.0826416 0.009925842
vt 0.44506836 0.009925842
vt 0.07946777 0.5097656
vt 0.44506836 0.5097656
vt 0.0826416 0.009925842
vt 0.44506836 0.009925842
vt 0.07946777 0.5097656
vt 0.44506836 0.5097656
vt 0.02482605 0.009925842
vt 0.0826416 0.009925842
vt 0.043548584 0.5097656
vt 0.07946777 0.5097656
vt 0.02482605 0.009925842
vt 0.0826416 0.009925842
vt 0.043548584 0.5097656
vt 0.07946777 0.5097656
vt 0.02482605 0.009925842
vt 0.0826416 0.009925842
vt 0.043548584 0.5097656
vt 0.07946777 0.5097656
vt 0.02482605 0.009925842
vt 0.0826416 0.009925842
vt 0.043548584 0.5097656
vt 0.07946777 0.5097656
vt 0.0826416 0.009925842
vt 0.44506836 0.009925842
vt 0.07946777 0.5097656
vt 0.44506836 0.5097656
vt 0.0826416 0.009925842
vt 0.44506836 0.009925842
vt 0.07946777 0.5097656
vt 0.44506836 0.5097656
vt 0.0826416 0.009925842
vt 0.44506836 0.009925842
vt 0.07946777 0.5097656
vt 0.44506836 0.5097656
vt 0.0826416 0.009925842
vt 0.44506836 0.009925842
vt 0.07946777 0.5097656
vt 0.44506836 0.5097656
vt 0.07946777 0.5097656
vt 0.44506836 0.5097656
vt 0.08630371 0.94140625
vt 0.44506836 0.94140625
vt 0.07946777 0.5097656
vt 0.44506836 0.5097656
vt 0.08630371 0.94140625
vt 0.44506836 0.94140625
vt 0.07946777 0.5097656
vt 0.44506836 0.5097656
vt 0.08630371 0.94140625
vt 0.44506836 0.94140625
vt 0.07946777 0.5097656
vt 0.44506836 0.5097656
vt 0.08630371 0.94140625
vt 0.44506836 0.94140625
vt 0.02482605 0.009925842
vt 0.0826416 0.009925842
vt 0.043548584 0.5097656
vt 0.07946777 0.5097656
vt 0.02482605 0.009925842
vt 0.0826416 0.009925842
vt 0.043548584 0.5097656
vt 0.07946777 0.5097656
vt 0.02482605 0.009925842
vt 0.0826416 0.009925842
vt 0.043548584 0.5097656
vt 0.07946777 0.5097656
vt 0.02482605 0.009925842
vt 0.0826416 0.009925842
vt 0.043548584 0.5097656
vt 0.07946777 0.5097656
vt 0.0826416 0.009925842
vt 0.44506836 0.009925842
vt 0.07946777 0.5097656
vt 0.44506836 0.5097656
vt 0.0826416 0.009925842
vt 0.44506836 0.009925842
vt 0.07946777 0.5097656
vt 0.44506836 0.5097656
vt 0.0826416 0.009925842
vt 0.44506836 0.009925842
vt 0.07946777 0.5097656
vt 0.44506836 0.5097656
vt 0.0826416 0.009925842
vt 0.44506836 0.009925842
vt 0.07946777 0.5097656
vt 0.44506836 0.5097656
vt 0.07946777 0.5097656
vt 0.44506836 0.5097656
vt 0.08630371 0.94140625
vt 0.44506836 0.94140625
vt 0.07946777 0.5097656
vt 0.44506836 0.5097656
vt 0.08630371 0.94140625
vt 0.44506836 0.94140625
vt 0.07946777 0.5097656
vt 0.44506836 0.5097656
vt 0.08630371 0.94140625
vt 0.44506836 0.94140625
vt 0.07946777 0.5097656
vt 0.44506836 0.5097656
vt 0.08630371 0.94140625
vt 0.44506836 0.94140625
vt 0.02482605 0.009925842
vt 0.0826416 0.009925842
vt 0.043548584 0.5097656
vt 0.07946777 0.5097656
vt 0.02482605 0.009925842
vt 0.0826416 0.009925842
vt 0.043548584 0.5097656
vt 0.07946777 0.5097656
vt 0.02482605 0.009925842
vt 0.0826416 0.009925842
vt 0.043548584 0.5097656
vt 0.07946777 0.5097656
vt 0.02482605 0.009925842
vt 0.0826416 0.009925842
vt 0.043548584 0.5097656
vt 0.07946777 0.5097656
vt 0.0826416 0.009925842
vt 0.44506836 0.009925842
vt 0.07946777 0.5097656
vt 0.44506836 0.5097656
vt 0.0826416 0.009925842
vt 0.44506836 0.009925842
vt 0.07946777 0.5097656
vt 0.44506836 0.5097656
vt 0.0826416 0.009925842
vt 0.44506836 0.009925842
vt 0.07946777 0.5097656
vt 0.44506836 0.5097656
vt 0.0826416 0.009925842
vt 0.44506836 0.009925842
vt 0.07946777 0.5097656
vt 0.44506836 0.5097656
vt 0.07946777 0.5097656
vt 0.44506836 0.5097656
vt 0.08630371 0.94140625
vt 0.44506836 0.94140625
vt 0.07946777 0.5097656
vt 0.44506836 0.5097656
vt 0.08630371 0.94140625
vt 0.44506836 0.94140625
vt 0.07946777 0.5097656
vt 0.44506836 0.5097656
vt 0.08630371 0.94140625
vt 0.44506836 0.94140625
vt 0.07946777 0.5097656
vt 0.44506836 0.5097656
vt 0.08630371 0.94140625
vt 0.44506836 0.94140625
vt 0.02482605 0.009925842
vt 0.0826416 0.009925842
vt 0.043548584 0.5097656
vt 0.07946777 0.5097656
vt 0.02482605 0.009925842
vt 0.0826416 0.009925842
vt 0.043548584 0.5097656
vt 0.07946777 0.5097656
vt 0.02482605 0.009925842
vt 0.0826416 0.009925842
vt 0.043548584 0.5097656
vt 0.07946777 0.5097656
vt 0.02482605 0.009925842
vt 0.0826416 0.009925842
vt 0.043548584 0.5097656
vt 0.07946777 0.5097656
vt 0.0826416 0.009925842
vt 0.44506836 0.009925842
vt 0.07946777 0.5097656
vt 0.44506836 0.5097656
vt 0.0826416 0.009925842
vt 0.44506836 0.009925842
vt 0.07946777 0.5097656
vt 0.44506836 0.5097656
vt 0.0826416 0.009925842
vt 0.44506836 0.009925842
vt 0.07946777 0.5097656
vt 0.44506836 0.5097656
vt 0.0826416 0.009925842
vt 0.44506836 0.009925842
vt 0.07946777 0.5097656
vt 0.44506836 0.5097656
vt 0.07946777 0.5097656
vt 0.44506836 0.5097656
vt 0.08630371 0.94140625
vt 0.44506836 0.94140625
vt 0.07946777 0.5097656
vt 0.44506836 0.5097656
vt 0.08630371 0.94140625
vt 0.44506836 0.94140625
vt 0.07946777 0.5097656
vt 0.44506836 0.5097656
vt 0.08630371 0.94140625
vt 0.44506836 0.94140625
vt 0.07946777 0.5097656
vt 0.44506836 0.5097656
vt 0.08630371 0.94140625
vt 0.44506836 0.94140625
vt 0.02482605 0.009925842
vt 0.0826416 0.009925842
vt 0.043548584 0.5097656
vt 0.07946777 0.5097656
vt 0.02482605 0.009925842
vt 0.0826416 0.009925842
vt 0.043548584 0.5097656
vt 0.07946777 0.5097656
vt 0.02482605 0.009925842
vt 0.0826416 0.009925842
vt 0.043548584 0.5097656
vt 0.07946777 0.5097656
vt 0.02482605 0.009925842
vt 0.0826416 0.009925842
vt 0.043548584 0.5097656
vt 0.07946777 0.5097656
vt 0.0826416 0.009925842
vt 0.44506836 0.009925842
vt 0.07946777 0.5097656
vt 0.44506836 0.5097656
vt 0.0826416 0.009925842
vt 0.44506836 0.009925842
vt 0.07946777 0.5097656
vt 0.44506836 0.5097656
vt 0.0826416 0.009925842
vt 0.44506836 0.009925842
vt 0.07946777 0.5097656
vt 0.44506836 0.5097656
vt 0.0826416 0.009925842
vt 0.44506836 0.009925842
vt 0.07946777 0.5097656
vt 0.44506836 0.5097656
vt 0.07946777 0.5097656
vt 0.44506836 0.5097656
vt 0.08630371 0.94140625
vt 0.44506836 0.94140625
vt 0.07946777 0.5097656
vt 0.44506836 0.5097656
vt 0.08630371 0.94140625
vt 0.44506836 0.94140625
vt 0.07946777 0.5097656
vt 0.44506836 0.5097656
vt 0.08630371 0.94140625
vt 0.44506836 0.94140625
vt 0.07946777 0.5097656
vt 0.44506836 0.5097656
vt 0.08630371 0.94140625
vt 0.44506836 0.94140625
vt 0.02482605 0.009925842
vt 0.0826416 0.009925842
vt 0.043548584 0.5097656
vt 0.07946777 0.5097656
vt 0.02482605 0.009925842
vt 0.0826416 0.009925842
vt 0.043548584 0.5097656
vt 0.07946777 0.5097656
vt 0.02482605 0.009925842
vt 0.0826416 0.009925842
vt 0.043548584 0.5097656
vt 0.07946777 0.5097656
vt 0.0826416 0.009925842
vt 0.44506836 0.009925842
vt 0.07946777 0.5097656
vt 0.44506836 0.5097656
vt 0.0826416 0.009925842
vt 0.44506836 0.009925842
vt 0.07946777 0.5097656
vt 0.44506836 0.5097656
vt 0.0826416 0.009925842
vt 0.44506836 0.009925842
vt 0.07946777 0.5097656
vt 0.44506836 0.5097656
vt 0.0826416 0.009925842
vt 0.44506836 0.009925842
vt 0.07946777 0.5097656
vt 0.44506836 0.5097656
vt 0.07946777 0.5097656
vt 0.44506836 0.009925842
vt 0.08630371 0.94140625
vt 0.44506836 0.94140625
vt 0.07946777 0.5097656
vt 0.44506836 0.5097656
vt 0.08630371 0.94140625
vt 0.44506836 0.94140625
vt 0.07946777 0.5097656
vt 0.44506836 0.5097656
vt 0.08630371 0.94140625
vt 0.44506836 0.94140625
vt 0.07946777 0.5097656
vt 0.44506836 0.5097656
vt 0.08630371 0.94140625
vt 0.44506836 0.94140625
vt 0.02482605 0.009925842
vt 0.0826416 0.009925842
vt 0.043548584 0.5097656
vt 0.07946777 0.5097656
vt 0.02482605 0.009925842
vt 0.0826416 0.009925842
vt 0.043548584 0.5097656
vt 0.07946777 0.5097656
vt 0.02482605 0.009925842
vt 0.0826416 0.009925842
vt 0.043548584 0.5097656
vt 0.07946777 0.5097656
vt 0.02482605 0.009925842
vt 0.0826416 0.009925842
vt 0.043548584 0.5097656
vt 0.07946777 0.5097656
vt 0.0826416 0.009925842
vt 0.44506836 0.009925842
vt 0.07946777 0.5097656
vt 0.44506836 0.5097656
vt 0.0826416 0.009925842
vt 0.44506836 0.009925842
vt 0.07946777 0.5097656
vt 0.44506836 0.5097656
vt 0.0826416 0.009925842
vt 0.44506836 0.009925842
vt 0.07946777 0.5097656
vt 0.44506836 0.5097656
vt 0.07946777 0.5097656
vt 0.44506836 0.5097656
vt 0.08630371 0.94140625
vt 0.44506836 0.94140625
vt 0.07946777 0.5097656
vt 0.44506836 0.5097656
vt 0.08630371 0.94140625
vt 0.44506836 0.94140625
vt 0.07946777 0.5097656
vt 0.44506836 0.5097656
vt 0.08630371 0.94140625
vt 0.44506836 0.94140625
vt 0.07946777 0.5097656
vt 0.44506836 0.5097656
vt 0.08630371 0.94140625
vt 0.44506836 0.94140625
vt 0.02482605 0.009925842
vt 0.0826416 0.009925842
vt 0.043548584 0.5097656
vt 0.07946777 0.5097656
vt 0.02482605 0.009925842
vt 0.0826416 0.009925842
vt 0.043548584 0.5097656
vt 0.07946777 0.5097656
vt 0.02482605 0.009925842
vt 0.0826416 0.009925842
vt 0.043548584 0.5097656
vt 0.07946777 0.5097656
vt 0.0826416 0.009925842
vt 0.44506836 0.009925842
vt 0.07946777 0.5097656
vt 0.44506836 0.5097656
vt 0.0826416 0.009925842
vt 0.44506836 0.009925842
vt 0.07946777 0.5097656
vt 0.44506836 0.5097656
vt 0.0826416 0.009925842
vt 0.44506836 0.009925842
vt 0.07946777 0.5097656
vt 0.44506836 0.5097656
vt 0.0826416 0.009925842
vt 0.44506836 0.009925842
vt 0.07946777 0.5097656
vt 0.44506836 0.5097656
vt 0.07946777 0.5097656
vt 0.44506836 0.5097656
vt 0.08630371 0.94140625
vt 0.44506836 0.94140625
vt 0.07946777 0.5097656
vt 0.44506836 0.5097656
vt 0.08630371 0.94140625
vt 0.44506836 0.94140625
vt 0.07946777 0.5097656
vt 0.44506836 0.5097656
vt 0.08630371 0.94140625
vt 0.44506836 0.94140625
vt 0.07946777 0.5097656
vt 0.44506836 0.5097656
vt 0.08630371 0.94140625
vt 0.44506836 0.94140625
vt 0.02482605 0.009925842
vt 0.0826416 0.009925842
vt 0.043548584 0.5097656
vt 0.07946777 0.5097656
vt 0.02482605 0.009925842
vt 0.0826416 0.009925842
vt 0.043548584 0.5097656
vt 0.07946777 0.5097656
vt 0.02482605 0.009925842
vt 0.0826416 0.009925842
vt 0.043548584 0.5097656
vt 0.07946777 0.5097656
vt 0.02482605 0.009925842
vt 0.0826416 0.009925842
vt 0.043548584 0.5097656
vt 0.07946777 0.5097656
vt 0.0826416 0.009925842
vt 0.44506836 0.009925842
vt 0.07946777 0.5097656
vt 0.44506836 0.5097656
vt 0.0826416 0.009925842
vt 0.44506836 0.009925842
vt 0.07946777 0.5097656
vt 0.44506836 0.5097656
vt 0.0826416 0.009925842
vt 0.44506836 0.009925842
vt 0.07946777 0.5097656
vt 0.44506836 0.5097656
vt 0.0826416 0.009925842
vt 0.44506836 0.009925842
vt 0.07946777 0.5097656
vt 0.44506836 0.5097656
vt 0.07946777 0.5097656
vt 0.44506836 0.5097656
vt 0.08630371 0.94140625
vt 0.44506836 0.94140625
vt 0.07946777 0.5097656
vt 0.44506836 0.5097656
vt 0.08630371 0.94140625
vt 0.44506836 0.94140625
vt 0.07946777 0.5097656
vt 0.44506836 0.5097656
vt 0.08630371 0.94140625
vt 0.44506836 0.94140625
vt 0.07946777 0.5097656
vt 0.44506836 0.5097656
vt 0.08630371 0.94140625
vt 0.44506836 0.94140625
vt 0.02482605 0.009925842
vt 0.0826416 0.009925842
vt 0.043548584 0.5097656
vt 0.07946777 0.5097656
vt 0.02482605 0.009925842
vt 0.0826416 0.009925842
vt 0.043548584 0.5097656
vt 0.07946777 0.5097656
vt 0.02482605 0.009925842
vt 0.0826416 0.009925842
vt 0.043548584 0.5097656
vt 0.07946777 0.5097656
vt 0.0826416 0.009925842
vt 0.44506836 0.009925842
vt 0.07946777 0.5097656
vt 0.44506836 0.5097656
vt 0.0826416 0.009925842
vt 0.44506836 0.009925842
vt 0.07946777 0.5097656
vt 0.44506836 0.5097656
vt 0.0826416 0.009925842
vt 0.44506836 0.009925842
vt 0.07946777 0.5097656
vt 0.44506836 0.5097656
vt 0.0826416 0.009925842
vt 0.44506836 0.009925842
vt 0.07946777 0.5097656
vt 0.44506836 0.5097656
vt 0.07946777 0.5097656
vt 0.44506836 0.5097656
vt 0.08630371 0.94140625
vt 0.44506836 0.94140625
vt 0.07946777 0.5097656
vt 0.44506836 0.5097656
vt 0.08630371 0.94140625
vt 0.44506836 0.94140625
vt 0.07946777 0.5097656
vt 0.44506836 0.5097656
vt 0.08630371 0.94140625
vt 0.44506836 0.94140625
vt 0.07946777 0.5097656
vt 0.44506836 0.5097656
vt 0.08630371 0.94140625
vt 0.44506836 0.94140625
vt 0.02482605 0.009925842
vt 0.0826416 0.009925842
vt 0.043548584 0.5097656
vt 0.07946777 0.5097656
vt 0.02482605 0.009925842
vt 0.0826416 0.009925842
vt 0.043548584 0.5097656
vt 0.07946777 0.5097656
vt 0.02482605 0.009925842
vt 0.0826416 0.009925842
vt 0.043548584 0.5097656
vt 0.07946777 0.5097656
vt 0.0826416 0.009925842
vt 0.44506836 0.009925842
vt 0.07946777 0.5097656
vt 0.44506836 0.5097656
vt 0.0826416 0.009925842
vt 0.44506836 0.009925842
vt 0.07946777 0.5097656
vt 0.44506836 0.5097656
vt 0.0826416 0.009925842
vt 0.44506836 0.009925842
vt 0.07946777 0.5097656
vt 0.44506836 0.5097656
vt 0.0826416 0.009925842
vt 0.44506836 0.009925842
vt 0.07946777 0.5097656
vt 0.44506836 0.5097656
vt 0.07946777 0.5097656
vt 0.44506836 0.5097656
vt 0.08630371 0.94140625
vt 0.44506836 0.94140625
vt 0.07946777 0.5097656
vt 0.44506836 0.5097656
vt 0.08630371 0.94140625
vt 0.44506836 0.94140625
vt 0.07946777 0.5097656
vt 0.44506836 0.5097656
vt 0.08630371 0.94140625
vt 0.44506836 0.94140625
vt 0.02482605 0.009925842
vt 0.0826416 0.009925842
vt 0.043548584 0.5097656
vt 0.07946777 0.5097656
vt 0.02482605 0.009925842
vt 0.0826416 0.009925842
vt 0.043548584 0.5097656
vt 0.07946777 0.5097656
vt 0.02482605 0.009925842
vt 0.0826416 0.009925842
vt 0.043548584 0.5097656
vt 0.07946777 0.5097656
vt 0.02482605 0.009925842
vt 0.0826416 0.009925842
vt 0.043548584 0.5097656
vt 0.07946777 0.5097656
vt 0.0826416 0.009925842
vt 0.44506836 0.009925842
vt 0.07946777 0.5097656
vt 0.44506836 0.5097656
vt 0.0826416 0.009925842
vt 0.44506836 0.009925842
vt 0.07946777 0.5097656
vt 0.44506836 0.5097656
vt 0.0826416 0.009925842
vt 0.44506836 0.009925842
vt 0.07946777 0.5097656
vt 0.44506836 0.5097656
vt 0.07946777 0.5097656
vt 0.44506836 0.5097656
vt 0.08630371 0.94140625
vt 0.44506836 0.94140625
vt 0.07946777 0.5097656
vt 0.44506836 0.5097656
vt 0.08630371 0.94140625
vt 0.44506836 0.94140625
vt 0.07946777 0.5097656
vt 0.44506836 0.5097656
vt 0.08630371 0.94140625
vt 0.44506836 0.94140625
vt 0.07946777 0.5097656
vt 0.44506836 0.5097656
vt 0.08630371 0.94140625
vt 0.44506836 0.94140625
vt 0.02482605 0.009925842
vt 0.0826416 0.009925842
vt 0.043548584 0.5097656
vt 0.07946777 0.5097656
vt 0.02482605 0.009925842
vt 0.0826416 0.009925842
vt 0.043548584 0.5097656
vt 0.07946777 0.5097656
vt 0.0826416 0.009925842
vt 0.44506836 0.009925842
vt 0.07946777 0.5097656
vt 0.44506836 0.5097656
vt 0.0826416 0.009925842
vt 0.44506836 0.009925842
vt 0.07946777 0.5097656
vt 0.44506836 0.5097656
vt 0.0826416 0.009925842
vt 0.44506836 0.009925842
vt 0.07946777 0.5097656
vt 0.44506836 0.5097656
vt 0.07946777 0.5097656
vt 0.44506836 0.5097656
vt 0.08630371 0.94140625
vt 0.44506836 0.94140625
vt 0.07946777 0.5097656
vt 0.44506836 0.5097656
vt 0.08630371 0.94140625
vt 0.44506836 0.94140625
vt 0.07946777 0.5097656
vt 0.44506836 0.5097656
vt 0.08630371 0.94140625
vt 0.44506836 0.94140625
vt 0.07946777 0.5097656
vt 0.44506836 0.5097656
vt 0.08630371 0.94140625
vt 0.44506836 0.94140625
vt 0.02482605 0.009925842
vt 0.0826416 0.009925842
vt 0.043548584 0.5097656
vt 0.07946777 0.5097656
vt 0.02482605 0.009925842
vt 0.0826416 0.009925842
vt 0.043548584 0.5097656
vt 0.07946777 0.5097656
vt 0.02482605 0.009925842
vt 0.0826416 0.009925842
vt 0.043548584 0.5097656
vt 0.07946777 0.5097656
vt 0.02482605 0.009925842
vt 0.0826416 0.009925842
vt 0.043548584 0.5097656
vt 0.07946777 0.5097656
vt 0.0826416 0.009925842
vt 0.44506836 0.009925842
vt 0.07946777 0.5097656
vt 0.44506836 0.5097656
vt 0.0826416 0.009925842
vt 0.44506836 0.009925842
vt 0.07946777 0.5097656
vt 0.44506836 0.5097656
vt 0.0826416 0.009925842
vt 0.44506836 0.009925842
vt 0.07946777 0.5097656
vt 0.44506836 0.5097656
vt 0.0826416 0.009925842
vt 0.44506836 0.009925842
vt 0.07946777 0.5097656
vt 0.44506836 0.5097656
vt 0.0016212463 0.04699707
vt 0.0016212463 0.6533203
vt 0.00982666 0.04699707
vt 0.00982666 0.6533203
vt 0.005256653 0.04699707
vt 0.005710602 0.6533203
vt 0.020462036 0.04699707
vt 0.01537323 0.6533203
vt 0.00070619583 0.04699707
vt 0.0045433044 0.6533203
vt 0.016036987 0.04699707
vt 0.0137786865 0.6533203
vt 0.010597229 0.04699707
vt 0.012458801 0.6533203
vt 0.025527954 0.04699707
vt 0.022155762 0.6533203
vt 0.01537323 0.6533203
vt 0.010345459 0.9428711
vt 0.3720703 0.6533203
vt 0.3720703 0.9428711
vt 0.022155762 0.6533203
vt 0.019012451 0.9428711
vt 0.45874023 0.6533203
vt 0.4633789 0.9428711
vt 0.0137786865 0.6533203
vt 0.011741638 0.9428711
vt 0.37182617 0.6533203
vt 0.37841797 0.9428711
vt 0.00982666 0.6533203
vt 0.0016212463 0.9428711
vt 0.4482422 0.6533203
vt 0.4555664 0.9428711
vt 0.020462036 0.04699707
vt 0.01537323 0.6533203
vt 0.3720703 0.04699707
vt 0.3720703 0.6533203
vt 0.025527954 0.04699707
vt 0.022155762 0.6533203
vt 0.45825195 0.04699707
vt 0.45874023 0.6533203
vt 0.016036987 0.04699707
vt 0.0137786865 0.6533203
vt 0.36987305 0.04699707
vt 0.37182617 0.6533203
vt 0.00982666 0.04699707
vt 0.00982666 0.6533203
vt 0.44433594 0.04699707
vt 0.4482422 0.6533203
vt 0.022155762 0.6533203
vt 0.019012451 0.9428711
vt 0.45874023 0.6533203
vt 0.4633789 0.9428711
vt 0.0137786865 0.6533203
vt 0.011741638 0.9428711
vt 0.37182617 0.6533203
vt 0.37841797 0.9428711
vt 0.020462036 0.04699707
vt 0.01537323 0.6533203
vt 0.3720703 0.04699707
vt 0.3720703 0.6533203
vt 0.016036987 0.04699707
vt 0.0137786865 0.6533203
vt 0.36987305 0.04699707
vt 0.37182617 0.6533203
vt 0.00982666 0.04699707
vt 0.00982666 0.6533203
vt 0.44433594 0.04699707
vt 0.4482422 0.6533203
vt 0.07946777 0.5097656
vt 0.44506836 0.5097656
vt 0.08630371 0.94140625
vt 0.44506836 0.94140625
vt 0.07946777 0.5097656
vt 0.44506836 0.5097656
vt 0.08630371 0.94140625
vt 0.44506836 0.94140625
vt 0.07946777 0.5097656
vt 0.44506836 0.5097656
vt 0.08630371 0.94140625
vt 0.44506836 0.94140625
vt 0.07946777 0.5097656
vt 0.44506836 0.5097656
vt 0.08630371 0.94140625
vt 0.44506836 0.94140625
vt 0.02482605 0.009925842
vt 0.0826416 0.009925842
vt 0.043548584 0.5097656
vt 0.07946777 0.5097656
vt 0.02482605 0.009925842
vt 0.0826416 0.009925842
vt 0.043548584 0.5097656
vt 0.07946777 0.5097656
vt 0.02482605 0.009925842
vt 0.0826416 0.009925842
vt 0.043548584 0.5097656
vt 0.07946777 0.5097656
vt 0.02482605 0.009925842
vt 0.0826416 0.009925842
vt 0.043548584 0.5097656
vt 0.07946777 0.5097656
vt 0.0826416 0.009925842
vt 0.44506836 0.009925842
vt 0.07946777 0.5097656
vt 0.44506836 0.5097656
vt 0.0826416 0.009925842
vt 0.44506836 0.009925842
vt 0.07946777 0.5097656
vt 0.44506836 0.5097656
vt 0.0826416 0.009925842
vt 0.44506836 0.009925842
vt 0.07946777 0.5097656
vt 0.44506836 0.5097656
vt 0.0826416 0.009925842
vt 0.44506836 0.009925842
vt 0.07946777 0.5097656
vt 0.44506836 0.5097656
vt 0.07946777 0.5097656
vt 0.44506836 0.5097656
vt 0.08630371 0.94140625
vt 0.44506836 0.94140625
vt 0.07946777 0.5097656
vt 0.44506836 0.5097656
vt 0.08630371 0.94140625
vt 0.44506836 0.94140625
vt 0.07946777 0.5097656
vt 0.44506836 0.5097656
vt 0.08630371 0.94140625
vt 0.44506836 0.94140625
vt 0.07946777 0.5097656
vt 0.44506836 0.5097656
vt 0.08630371 0.94140625
vt 0.44506836 0.94140625
vt 0.02482605 0.009925842
vt 0.0826416 0.009925842
vt 0.043548584 0.5097656
vt 0.07946777 0.5097656
vt 0.02482605 0.009925842
vt 0.0826416 0.009925842
vt 0.043548584 0.5097656
vt 0.07946777 0.5097656
vt 0.02482605 0.009925842
vt 0.0826416 0.009925842
vt 0.043548584 0.5097656
vt 0.07946777 0.5097656
vt 0.02482605 0.009925842
vt 0.0826416 0.009925842
vt 0.043548584 0.5097656
vt 0.07946777 0.5097656
vt 0.0826416 0.009925842
vt 0.44506836 0.009925842
vt 0.07946777 0.5097656
vt 0.44506836 0.5097656
vt 0.0826416 0.009925842
vt 0.44506836 0.009925842
vt 0.07946777 0.5097656
vt 0.44506836 0.5097656
vt 0.0826416 0.009925842
vt 0.44506836 0.009925842
vt 0.07946777 0.5097656
vt 0.44506836 0.5097656
vt 0.0826416 0.009925842
vt 0.44506836 0.009925842
vt 0.07946777 0.5097656
vt 0.44506836 0.5097656
vt 0.0016212463 0.04699707
vt 0.0016212463 0.6533203
vt 0.00982666 0.04699707
vt 0.00982666 0.6533203
vt 0.005256653 0.04699707
vt 0.005710602 0.6533203
vt 0.020462036 0.04699707
vt 0.01537323 0.6533203
vt 0.00070619583 0.04699707
vt 0.0045433044 0.6533203
vt 0.016036987 0.04699707
vt 0.0137786865 0.6533203
vt 0.010597229 0.04699707
vt 0.012458801 0.6533203
vt 0.025527954 0.04699707
vt 0.022155762 0.6533203
vt 0.01537323 0.6533203
vt 0.010345459 0.9428711
vt 0.3720703 0.6533203
vt 0.3720703 0.9428711
vt 0.020462036 0.04699707
vt 0.01537323 0.6533203
vt 0.3720703 0.04699707
vt 0.3720703 0.6533203
vt 0.025527954 0.04699707
vt 0.022155762 0.6533203
vt 0.45825195 0.04699707
vt 0.45874023 0.6533203
vt 0.016036987 0.04699707
vt 0.0137786865 0.6533203
vt 0.36987305 0.04699707
vt 0.37182617 0.6533203
vt 0.00982666 0.04699707
vt 0.00982666 0.6533203
vt 0.44433594 0.04699707
vt 0.4482422 0.6533203
vt 0.07946777 0.5097656
vt 0.44506836 0.5097656
vt 0.08630371 0.94140625
vt 0.44506836 0.94140625
vt 0.07946777 0.5097656
vt 0.44506836 0.5097656
vt 0.08630371 0.94140625
vt 0.44506836 0.94140625
vt 0.07946777 0.5097656
vt 0.44506836 0.5097656
vt 0.08630371 0.94140625
vt 0.44506836 0.94140625
vt 0.07946777 0.5097656
vt 0.44506836 0.5097656
vt 0.08630371 0.94140625
vt 0.44506836 0.94140625
vt 0.02482605 0.009925842
vt 0.0826416 0.009925842
vt 0.043548584 0.5097656
vt 0.07946777 0.5097656
vt 0.02482605 0.009925842
vt 0.0826416 0.009925842
vt 0.043548584 0.5097656
vt 0.07946777 0.5097656
vt 0.02482605 0.009925842
vt 0.0826416 0.009925842
vt 0.043548584 0.5097656
vt 0.07946777 0.5097656
vt 0.02482605 0.009925842
vt 0.0826416 0.009925842
vt 0.043548584 0.5097656
vt 0.07946777 0.5097656
vt 0.0826416 0.009925842
vt 0.44506836 0.009925842
vt 0.07946777 0.5097656
vt 0.44506836 0.5097656
vt 0.0826416 0.009925842
vt 0.44506836 0.009925842
vt 0.07946777 0.5097656
vt 0.44506836 0.5097656
vt 0.0826416 0.009925842
vt 0.44506836 0.009925842
vt 0.07946777 0.5097656
vt 0.44506836 0.5097656
vt 0.0826416 0.009925842
vt 0.44506836 0.009925842
vt 0.07946777 0.5097656
vt 0.44506836 0.5097656
vt 0.07946777 0.5097656
vt 0.44506836 0.5097656
vt 0.08630371 0.94140625
vt 0.44506836 0.94140625
vt 0.07946777 0.5097656
vt 0.44506836 0.5097656
vt 0.08630371 0.94140625
vt 0.44506836 0.94140625
vt 0.07946777 0.5097656
vt 0.44506836 0.5097656
vt 0.08630371 0.94140625
vt 0.44506836 0.94140625
vt 0.02482605 0.009925842
vt 0.0826416 0.009925842
vt 0.043548584 0.5097656
vt 0.07946777 0.5097656
vt 0.02482605 0.009925842
vt 0.0826416 0.009925842
vt 0.043548584 0.5097656
vt 0.07946777 0.5097656
vt 0.02482605 0.009925842
vt 0.0826416 0.009925842
vt 0.043548584 0.5097656
vt 0.07946777 0.5097656
vt 0.02482605 0.009925842
vt 0.0826416 0.009925842
vt 0.043548584 0.5097656
vt 0.07946777 0.5097656
vt 0.0826416 0.009925842
vt 0.44506836 0.009925842
vt 0.07946777 0.5097656
vt 0.44506836 0.5097656
vt 0.0826416 0.009925842
vt 0.44506836 0.009925842
vt 0.07946777 0.5097656
vt 0.44506836 0.5097656
vt 0.0826416 0.009925842
vt 0.44506836 0.009925842
vt 0.07946777 0.5097656
vt 0.44506836 0.5097656
vt 0.07946777 0.5097656
vt 0.44506836 0.009925842
vt 0.08630371 0.94140625
vt 0.44506836 0.94140625
vt 0.07946777 0.5097656
vt 0.44506836 0.5097656
vt 0.08630371 0.94140625
vt 0.44506836 0.94140625
vt 0.07946777 0.5097656
vt 0.44506836 0.5097656
vt 0.08630371 0.94140625
vt 0.44506836 0.94140625
vt 0.07946777 0.5097656
vt 0.44506836 0.5097656
vt 0.08630371 0.94140625
vt 0.44506836 0.94140625
vt 0.02482605 0.009925842
vt 0.0826416 0.009925842
vt 0.043548584 0.5097656
vt 0.07946777 0.5097656
vt 0.02482605 0.009925842
vt 0.0826416 0.009925842
vt 0.043548584 0.5097656
vt 0.07946777 0.5097656
vt 0.02482605 0.009925842
vt 0.0826416 0.009925842
vt 0.043548584 0.5097656
vt 0.07946777 0.5097656
vt 0.02482605 0.009925842
vt 0.0826416 0.009925842
vt 0.043548584 0.5097656
vt 0.07946777 0.5097656
vt 0.0826416 0.009925842
vt 0.44506836 0.009925842
vt 0.07946777 0.5097656
vt 0.44506836 0.5097656
vt 0.0826416 0.009925842
vt 0.44506836 0.009925842
vt 0.07946777 0.5097656
vt 0.44506836 0.5097656
vt 0.0826416 0.009925842
vt 0.44506836 0.009925842
vt 0.07946777 0.5097656
vt 0.44506836 0.5097656
vt 0.07946777 0.5097656
vt 0.44506836 0.5097656
vt 0.08630371 0.94140625
vt 0.44506836 0.94140625
vt 0.07946777 0.5097656
vt 0.44506836 0.5097656
vt 0.08630371 0.94140625
vt 0.44506836 0.94140625
vt 0.07946777 0.5097656
vt 0.44506836 0.5097656
vt 0.08630371 0.94140625
vt 0.44506836 0.94140625
vt 0.07946777 0.5097656
vt 0.44506836 0.5097656
vt 0.08630371 0.94140625
vt 0.44506836 0.94140625
vt 0.02482605 0.009925842
vt 0.0826416 0.009925842
vt 0.043548584 0.5097656
vt 0.07946777 0.5097656
vt 0.02482605 0.009925842
vt 0.0826416 0.009925842
vt 0.043548584 0.5097656
vt 0.07946777 0.5097656
vt 0.02482605 0.009925842
vt 0.0826416 0.009925842
vt 0.043548584 0.5097656
vt 0.07946777 0.5097656
vt 0.02482605 0.009925842
vt 0.0826416 0.009925842
vt 0.043548584 0.5097656
vt 0.07946777 0.5097656
vt 0.0826416 0.009925842
vt 0.44506836 0.009925842
vt 0.07946777 0.5097656
vt 0.44506836 0.5097656
vt 0.0826416 0.009925842
vt 0.44506836 0.009925842
vt 0.07946777 0.5097656
vt 0.44506836 0.5097656
vt 0.0826416 0.009925842
vt 0.44506836 0.009925842
vt 0.07946777 0.5097656
vt 0.44506836 0.5097656
vt 0.0826416 0.009925842
vt 0.44506836 0.009925842
vt 0.07946777 0.5097656
vt 0.44506836 0.5097656
vt 0.07946777 0.5097656
vt 0.44506836 0.5097656
vt 0.08630371 0.94140625
vt 0.44506836 0.94140625
vt 0.07946777 0.5097656
vt 0.44506836 0.5097656
vt 0.08630371 0.94140625
vt 0.44506836 0.94140625
vt 0.07946777 0.5097656
vt 0.44506836 0.5097656
vt 0.08630371 0.94140625
vt 0.44506836 0.94140625
vt 0.07946777 0.5097656
vt 0.44506836 0.5097656
vt 0.08630371 0.94140625
vt 0.44506836 0.94140625
vt 0.02482605 0.009925842
vt 0.0826416 0.009925842
vt 0.043548584 0.5097656
vt 0.07946777 0.5097656
vt 0.02482605 0.009925842
vt 0.0826416 0.009925842
vt 0.043548584 0.5097656
vt 0.07946777 0.5097656
vt 0.02482605 0.009925842
vt 0.0826416 0.009925842
vt 0.043548584 0.5097656
vt 0.07946777 0.5097656
vt 0.02482605 0.009925842
vt 0.0826416 0.009925842
vt 0.043548584 0.5097656
vt 0.07946777 0.5097656
vt 0.0826416 0.009925842
vt 0.44506836 0.009925842
vt 0.07946777 0.5097656
vt 0.44506836 0.5097656
vt 0.0826416 0.009925842
vt 0.44506836 0.009925842
vt 0.07946777 0.5097656
vt 0.44506836 0.5097656
vt 0.0826416 0.009925842
vt 0.44506836 0.009925842
vt 0.07946777 0.5097656
vt 0.44506836 0.5097656
vt 0.0826416 0.009925842
vt 0.44506836 0.009925842
vt 0.07946777 0.5097656
vt 0.44506836 0.5097656
vt 0.07946777 0.5097656
vt 0.44506836 0.5097656
vt 0.08630371 0.94140625
vt 0.44506836 0.94140625
vt 0.07946777 0.5097656
vt 0.44506836 0.5097656
vt 0.08630371 0.94140625
vt 0.44506836 0.94140625
vt 0.07946777 0.5097656
vt 0.44506836 0.5097656
vt 0.08630371 0.94140625
vt 0.44506836 0.94140625
vt 0.07946777 0.5097656
vt 0.44506836 0.5097656
vt 0.08630371 0.94140625
vt 0.44506836 0.94140625
vt 0.02482605 0.009925842
vt 0.0826416 0.009925842
vt 0.043548584 0.5097656
vt 0.07946777 0.5097656
vt 0.02482605 0.009925842
vt 0.0826416 0.009925842
vt 0.043548584 0.5097656
vt 0.07946777 0.5097656
vt 0.02482605 0.009925842
vt 0.0826416 0.009925842
vt 0.043548584 0.5097656
vt 0.07946777 0.5097656
vt 0.02482605 0.009925842
vt 0.0826416 0.009925842
vt 0.043548584 0.5097656
vt 0.07946777 0.5097656
vt 0.0826416 0.009925842
vt 0.44506836 0.009925842
vt 0.07946777 0.5097656
vt 0.44506836 0.5097656
vt 0.0826416 0.009925842
vt 0.44506836 0.009925842
vt 0.07946777 0.5097656
vt 0.44506836 0.5097656
vt 0.0826416 0.009925842
vt 0.44506836 0.009925842
vt 0.07946777 0.5097656
vt 0.44506836 0.5097656
vt 0.0826416 0.009925842
vt 0.44506836 0.009925842
vt 0.07946777 0.5097656
vt 0.44506836 0.5097656
vt 0.07946777 0.5097656
vt 0.44506836 0.5097656
vt 0.08630371 0.94140625
vt 0.44506836 0.94140625
vt 0.07946777 0.5097656
vt 0.44506836 0.5097656
vt 0.08630371 0.94140625
vt 0.44506836 0.94140625
vt 0.07946777 0.5097656
vt 0.44506836 0.5097656
vt 0.08630371 0.94140625
vt 0.44506836 0.94140625
vt 0.07946777 0.5097656
vt 0.44506836 0.5097656
vt 0.08630371 0.94140625
vt 0.44506836 0.94140625
vt 0.02482605 0.009925842
vt 0.0826416 0.009925842
vt 0.043548584 0.5097656
vt 0.07946777 0.5097656
vt 0.02482605 0.009925842
vt 0.0826416 0.009925842
vt 0.043548584 0.5097656
vt 0.07946777 0.5097656
vt 0.02482605 0.009925842
vt 0.0826416 0.009925842
vt 0.043548584 0.5097656
vt 0.07946777 0.5097656
vt 0.02482605 0.009925842
vt 0.0826416 0.009925842
vt 0.043548584 0.5097656
vt 0.07946777 0.5097656
vt 0.0826416 0.009925842
vt 0.44506836 0.009925842
vt 0.07946777 0.5097656
vt 0.44506836 0.5097656
vt 0.0826416 0.009925842
vt 0.44506836 0.009925842
vt 0.07946777 0.5097656
vt 0.44506836 0.5097656
vt 0.0826416 0.009925842
vt 0.44506836 0.009925842
vt 0.07946777 0.5097656
vt 0.44506836 0.5097656
vt 0.0826416 0.009925842
vt 0.44506836 0.009925842
vt 0.07946777 0.5097656
vt 0.44506836 0.5097656
vt 0.07946777 0.5097656
vt 0.44506836 0.5097656
vt 0.08630371 0.94140625
vt 0.44506836 0.94140625
vt 0.07946777 0.5097656
vt 0.44506836 0.5097656
vt 0.08630371 0.94140625
vt 0.44506836 0.94140625
vt 0.07946777 0.5097656
vt 0.44506836 0.5097656
vt 0.08630371 0.94140625
vt 0.44506836 0.94140625
vt 0.07946777 0.5097656
vt 0.44506836 0.5097656
vt 0.08630371 0.94140625
vt 0.44506836 0.94140625
vt 0.02482605 0.009925842
vt 0.0826416 0.009925842
vt 0.043548584 0.5097656
vt 0.07946777 0.5097656
vt 0.02482605 0.009925842
vt 0.0826416 0.009925842
vt 0.043548584 0.5097656
vt 0.07946777 0.5097656
vt 0.02482605 0.009925842
vt 0.0826416 0.009925842
vt 0.043548584 0.5097656
vt 0.07946777 0.5097656
vt 0.0826416 0.009925842
vt 0.44506836 0.009925842
vt 0.07946777 0.5097656
vt 0.44506836 0.5097656
vt 0.0826416 0.009925842
vt 0.44506836 0.009925842
vt 0.07946777 0.5097656
vt 0.44506836 0.5097656
vt 0.0826416 0.009925842
vt 0.44506836 0.009925842
vt 0.07946777 0.5097656
vt 0.44506836 0.5097656
vt 0.0826416 0.009925842
vt 0.44506836 0.009925842
vt 0.07946777 0.5097656
vt 0.44506836 0.5097656
vt 0.022155762 0.6533203
vt 0.019012451 0.9428711
vt 0.45874023 0.6533203
vt 0.4633789 0.9428711
vt 0.0137786865 0.6533203
vt 0.011741638 0.9428711
vt 0.37182617 0.6533203
vt 0.37841797 0.9428711
vt 0.020462036 0.04699707
vt 0.01537323 0.6533203
vt 0.3720703 0.04699707
vt 0.3720703 0.6533203
vt 0.016036987 0.04699707
vt 0.0137786865 0.6533203
vt 0.36987305 0.04699707
vt 0.37182617 0.6533203
vt 0.00982666 0.04699707
vt 0.00982666 0.6533203
vt 0.44433594 0.04699707
vt 0.4482422 0.6533203
vt 0.07946777 0.5097656
vt 0.44506836 0.5097656
vt 0.08630371 0.94140625
vt 0.44506836 0.94140625
vt 0.07946777 0.5097656
vt 0.44506836 0.5097656
vt 0.08630371 0.94140625
vt 0.44506836 0.94140625
vt 0.07946777 0.5097656
vt 0.44506836 0.5097656
vt 0.08630371 0.94140625
vt 0.44506836 0.94140625
vt 0.07946777 0.5097656
vt 0.44506836 0.5097656
vt 0.08630371 0.94140625
vt 0.44506836 0.94140625
vt 0.02482605 0.009925842
vt 0.0826416 0.009925842
vt 0.043548584 0.5097656
vt 0.07946777 0.5097656
vt 0.02482605 0.009925842
vt 0.0826416 0.009925842
vt 0.043548584 0.5097656
vt 0.07946777 0.5097656
vt 0.02482605 0.009925842
vt 0.0826416 0.009925842
vt 0.043548584 0.5097656
vt 0.07946777 0.5097656
vt 0.0826416 0.009925842
vt 0.44506836 0.009925842
vt 0.07946777 0.5097656
vt 0.44506836 0.5097656
vt 0.0826416 0.009925842
vt 0.44506836 0.009925842
vt 0.07946777 0.5097656
vt 0.44506836 0.5097656
vt 0.0826416 0.009925842
vt 0.44506836 0.009925842
vt 0.07946777 0.5097656
vt 0.44506836 0.5097656
vt 0.0826416 0.009925842
vt 0.44506836 0.009925842
vt 0.07946777 0.5097656
vt 0.44506836 0.5097656
vt 0.07946777 0.5097656
vt 0.44506836 0.5097656
vt 0.08630371 0.94140625
vt 0.44506836 0.94140625
vt 0.07946777 0.5097656
vt 0.44506836 0.5097656
vt 0.08630371 0.94140625
vt 0.44506836 0.94140625
vt 0.07946777 0.5097656
vt 0.44506836 0.5097656
vt 0.08630371 0.94140625
vt 0.44506836 0.94140625
vt 0.07946777 0.5097656
vt 0.44506836 0.5097656
vt 0.08630371 0.94140625
vt 0.44506836 0.94140625
vt 0.02482605 0.009925842
vt 0.0826416 0.009925842
vt 0.043548584 0.5097656
vt 0.07946777 0.5097656
vt 0.02482605 0.009925842
vt 0.0826416 0.009925842
vt 0.043548584 0.5097656
vt 0.07946777 0.5097656
vt 0.02482605 0.009925842
vt 0.0826416 0.009925842
vt 0.043548584 0.5097656
vt 0.07946777 0.5097656
vt 0.0826416 0.009925842
vt 0.44506836 0.009925842
vt 0.07946777 0.5097656
vt 0.44506836 0.5097656
vt 0.0826416 0.009925842
vt 0.44506836 0.009925842
vt 0.07946777 0.5097656
vt 0.44506836 0.5097656
vt 0.0826416 0.009925842
vt 0.44506836 0.009925842
vt 0.07946777 0.5097656
vt 0.44506836 0.5097656
vt 0.0826416 0.009925842
vt 0.44506836 0.009925842
vt 0.07946777 0.5097656
vt 0.44506836 0.5097656
vt 0.07946777 0.5097656
vt 0.44506836 0.5097656
vt 0.08630371 0.94140625
vt 0.44506836 0.94140625
vt 0.07946777 0.5097656
vt 0.44506836 0.5097656
vt 0.08630371 0.94140625
vt 0.44506836 0.94140625
vt 0.07946777 0.5097656
vt 0.44506836 0.5097656
vt 0.08630371 0.94140625
vt 0.44506836 0.94140625
vt 0.07946777 0.5097656
vt 0.44506836 0.5097656
vt 0.08630371 0.94140625
vt 0.44506836 0.94140625
vt 0.02482605 0.009925842
vt 0.0826416 0.009925842
vt 0.043548584 0.5097656
vt 0.07946777 0.5097656
vt 0.02482605 0.009925842
vt 0.0826416 0.009925842
vt 0.043548584 0.5097656
vt 0.07946777 0.5097656
vt 0.02482605 0.009925842
vt 0.0826416 0.009925842
vt 0.043548584 0.5097656
vt 0.07946777 0.5097656
vt 0.02482605 0.009925842
vt 0.0826416 0.009925842
vt 0.043548584 0.5097656
vt 0.07946777 0.5097656
vt 0.0826416 0.009925842
vt 0.44506836 0.009925842
vt 0.07946777 0.5097656
vt 0.44506836 0.5097656
vt 0.0826416 0.009925842
vt 0.44506836 0.009925842
vt 0.07946777 0.5097656
vt 0.44506836 0.5097656
vt 0.0826416 0.009925842
vt 0.44506836 0.009925842
vt 0.07946777 0.5097656
vt 0.44506836 0.5097656
vt 0.0826416 0.009925842
vt 0.44506836 0.009925842
vt 0.07946777 0.5097656
vt 0.44506836 0.5097656
vt 0.0016212463 0.04699707
vt 0.0016212463 0.6533203
vt 0.00982666 0.04699707
vt 0.00982666 0.6533203
vt 0.005256653 0.04699707
vt 0.005710602 0.6533203
vt 0.020462036 0.04699707
vt 0.01537323 0.6533203
vt 0.00070619583 0.04699707
vt 0.0045433044 0.6533203
vt 0.016036987 0.04699707
vt 0.0137786865 0.6533203
vt 0.010597229 0.04699707
vt 0.012458801 0.6533203
vt 0.025527954 0.04699707
vt 0.022155762 0.6533203
vt 0.01537323 0.6533203
vt 0.010345459 0.9428711
vt 0.3720703 0.6533203
vt 0.3720703 0.9428711
vt 0.022155762 0.6533203
vt 0.019012451 0.9428711
vt 0.45874023 0.6533203
vt 0.4633789 0.9428711
vt 0.0137786865 0.6533203
vt 0.011741638 0.9428711
vt 0.37182617 0.6533203
vt 0.37841797 0.9428711
vt 0.00982666 0.6533203
vt 0.0016212463 0.9428711
vt 0.4482422 0.6533203
vt 0.4555664 0.9428711
vt 0.020462036 0.04699707
vt 0.01537323 0.6533203
vt 0.3720703 0.04699707
vt 0.3720703 0.6533203
vt 0.025527954 0.04699707
vt 0.022155762 0.6533203
vt 0.45825195 0.04699707
vt 0.45874023 0.6533203
vt 0.016036987 0.04699707
vt 0.0137786865 0.6533203
vt 0.36987305 0.04699707
vt 0.37182617 0.6533203
vt 0.00982666 0.04699707
vt 0.00982666 0.6533203
vt 0.44433594 0.04699707
vt 0.4482422 0.6533203
vt 0.0016212463 0.04699707
vt 0.0016212463 0.6533203
vt 0.00982666 0.04699707
vt 0.00982666 0.6533203
vt 0.005256653 0.04699707
vt 0.005710602 0.6533203
vt 0.020462036 0.04699707
vt 0.01537323 0.6533203
vt 0.00070619583 0.04699707
vt 0.0045433044 0.6533203
vt 0.016036987 0.04699707
vt 0.0137786865 0.6533203
vt 0.010597229 0.04699707
vt 0.012458801 0.6533203
vt 0.025527954 0.04699707
vt 0.022155762 0.6533203
vt 0.01537323 0.6533203
vt 0.010345459 0.9428711
vt 0.3720703 0.6533203
vt 0.3720703 0.9428711
vt 0.022155762 0.6533203
vt 0.019012451 0.9428711
vt 0.45874023 0.6533203
vt 0.4633789 0.9428711
vt 0.0137786865 0.6533203
vt 0.011741638 0.9428711
vt 0.37182617 0.6533203
vt 0.37841797 0.9428711
vt 0.00982666 0.6533203
vt 0.0016212463 0.9428711
vt 0.4482422 0.6533203
vt 0.4555664 0.9428711
vt 0.020462036 0.04699707
vt 0.01537323 0.6533203
vt 0.3720703 0.04699707
vt 0.3720703 0.6533203
vt 0.025527954 0.04699707
vt 0.022155762 0.6533203
vt 0.45825195 0.04699707
vt 0.45874023 0.6533203
vt 0.016036987 0.04699707
vt 0.0137786865 0.6533203
vt 0.36987305 0.04699707
vt 0.37182617 0.6533203
vt 0.00982666 0.04699707
vt 0.00982666 0.6533203
vt 0.44433594 0.04699707
vt 0.4482422 0.6533203
vt 0.0016212463 0.04699707
vt 0.0016212463 0.6533203
vt 0.00982666 0.04699707
vt 0.00982666 0.6533203
vt 0.005256653 0.04699707
vt 0.005710602 0.6533203
vt 0.020462036 0.04699707
vt 0.01537323 0.6533203
vt 0.00070619583 0.04699707
vt 0.0045433044 0.6533203
vt 0.016036987 0.04699707
vt 0.0137786865 0.6533203
vt 0.010597229 0.04699707
vt 0.012458801 0.6533203
vt 0.025527954 0.04699707
vt 0.022155762 0.6533203
vt 0.01537323 0.6533203
vt 0.010345459 0.9428711
vt 0.3720703 0.6533203
vt 0.3720703 0.9428711
vt 0.022155762 0.6533203
vt 0.019012451 0.9428711
vt 0.45874023 0.6533203
vt 0.4633789 0.9428711
vt 0.0137786865 0.6533203
vt 0.011741638 0.9428711
vt 0.37182617 0.6533203
vt 0.37841797 0.9428711
vt 0.00982666 0.6533203
vt 0.0016212463 0.9428711
vt 0.4482422 0.6533203
vt 0.4555664 0.9428711
vt 0.020462036 0.04699707
vt 0.01537323 0.6533203
vt 0.3720703 0.04699707
vt 0.3720703 0.6533203
vt 0.025527954 0.04699707
vt 0.022155762 0.6533203
vt 0.45825195 0.04699707
vt 0.45874023 0.6533203
vt 0.016036987 0.04699707
vt 0.0137786865 0.6533203
vt 0.36987305 0.04699707
vt 0.37182617 0.6533203
vt 0.00982666 0.04699707
vt 0.00982666 0.6533203
vt 0.44433594 0.04699707
vt 0.4482422 0.6533203
vt 0.022155762 0.6533203
vt 0.019012451 0.9428711
vt 0.45874023 0.6533203
vt 0.4633789 0.9428711
vt 0.0137786865 0.6533203
vt 0.011741638 0.9428711
vt 0.37182617 0.6533203
vt 0.37841797 0.9428711
vt 0.020462036 0.04699707
vt 0.01537323 0.6533203
vt 0.3720703 0.04699707
vt 0.3720703 0.6533203
vt 0.016036987 0.04699707
vt 0.0137786865 0.6533203
vt 0.36987305 0.04699707
vt 0.37182617 0.6533203
vt 0.00982666 0.04699707
vt 0.00982666 0.6533203
vt 0.44433594 0.04699707
vt 0.4482422 0.6533203
vt 0.07946777 0.5097656
vt 0.44506836 0.5097656
vt 0.08630371 0.94140625
vt 0.44506836 0.94140625
vt 0.07946777 0.5097656
vt 0.44506836 0.5097656
vt 0.08630371 0.94140625
vt 0.44506836 0.94140625
vt 0.07946777 0.5097656
vt 0.44506836 0.5097656
vt 0.08630371 0.94140625
vt 0.44506836 0.94140625
vt 0.07946777 0.5097656
vt 0.44506836 0.5097656
vt 0.08630371 0.94140625
vt 0.44506836 0.94140625
vt 0.02482605 0.009925842
vt 0.0826416 0.009925842
vt 0.043548584 0.5097656
vt 0.07946777 0.5097656
vt 0.02482605 0.009925842
vt 0.0826416 0.009925842
vt 0.043548584 0.5097656
vt 0.07946777 0.5097656
vt 0.02482605 0.009925842
vt 0.0826416 0.009925842
vt 0.043548584 0.5097656
vt 0.07946777 0.5097656
vt 0.0826416 0.009925842
vt 0.44506836 0.009925842
vt 0.07946777 0.5097656
vt 0.44506836 0.5097656
vt 0.0826416 0.009925842
vt 0.44506836 0.009925842
vt 0.07946777 0.5097656
vt 0.44506836 0.5097656
vt 0.0826416 0.009925842
vt 0.44506836 0.009925842
vt 0.07946777 0.5097656
vt 0.44506836 0.5097656
vt 0.0826416 0.009925842
vt 0.44506836 0.009925842
vt 0.07946777 0.5097656
vt 0.44506836 0.5097656
vt 0.018035889 0.0047721863
vt 0.018035889 0.6459961
vt 0.03503418 0.0047721863
vt 0.03503418 0.64404297
vt 0.022354126 0.0047721863
vt 0.022888184 0.6459961
vt 0.04043579 0.0047721863
vt 0.034362793 0.6459961
vt 0.016937256 0.0047721863
vt 0.021499634 0.6459961
vt 0.03515625 0.0047721863
vt 0.032470703 0.6459961
vt 0.028701782 0.0047721863
vt 0.030914307 0.6459961
vt 0.06762695 0.0047721863
vt 0.06060791 0.64404297
vt 0.034362793 0.6459961
vt 0.028396606 0.9526367
vt 0.45825195 0.6459961
vt 0.45825195 0.9526367
vt 0.06060791 0.64404297
vt 0.054107666 0.94970703
vt 0.9658203 0.64404297
vt 0.97558594 0.94970703
vt 0.032470703 0.6459961
vt 0.030059814 0.9526367
vt 0.4580078 0.6459961
vt 0.4658203 0.9526367
vt 0.03503418 0.64404297
vt 0.018035889 0.94970703
vt 0.94433594 0.64404297
vt 0.95947266 0.94970703
vt 0.04043579 0.0047721863
vt 0.034362793 0.6459961
vt 0.45825195 0.0047721863
vt 0.45825195 0.6459961
vt 0.06762695 0.0047721863
vt 0.06060791 0.64404297
vt 0.96484375 0.0047721863
vt 0.9658203 0.64404297
vt 0.03515625 0.0047721863
vt 0.032470703 0.6459961
vt 0.45581055 0.0047721863
vt 0.4580078 0.6459961
vt 0.03503418 0.0047721863
vt 0.03503418 0.64404297
vt 0.93652344 0.0047721863
vt 0.94433594 0.64404297
vt 0.0016212463 0.04699707
vt 0.0016212463 0.6533203
vt 0.00982666 0.04699707
vt 0.00982666 0.6533203
vt 0.005256653 0.04699707
vt 0.005710602 0.6533203
vt 0.020462036 0.04699707
vt 0.01537323 0.6533203
vt 0.00070619583 0.04699707
vt 0.0045433044 0.6533203
vt 0.016036987 0.04699707
vt 0.0137786865 0.6533203
vt 0.010597229 0.04699707
vt 0.012458801 0.6533203
vt 0.025527954 0.04699707
vt 0.022155762 0.6533203
vt 0.022155762 0.6533203
vt 0.019012451 0.9428711
vt 0.45874023 0.6533203
vt 0.4633789 0.9428711
vt 0.0137786865 0.6533203
vt 0.011741638 0.9428711
vt 0.37182617 0.6533203
vt 0.37841797 0.9428711
vt 0.025527954 0.04699707
vt 0.022155762 0.6533203
vt 0.45825195 0.04699707
vt 0.45874023 0.6533203
vt 0.016036987 0.04699707
vt 0.0137786865 0.6533203
vt 0.36987305 0.04699707
vt 0.37182617 0.6533203
vt 0.0016212463 0.04699707
vt 0.0016212463 0.6533203
vt 0.00982666 0.04699707
vt 0.00982666 0.6533203
vt 0.005256653 0.04699707
vt 0.005710602 0.6533203
vt 0.020462036 0.04699707
vt 0.01537323 0.6533203
vt 0.00070619583 0.04699707
vt 0.0045433044 0.6533203
vt 0.016036987 0.04699707
vt 0.0137786865 0.6533203
vt 0.010597229 0.04699707
vt 0.012458801 0.6533203
vt 0.025527954 0.04699707
vt 0.022155762 0.6533203
vt 0.022155762 0.6533203
vt 0.019012451 0.9428711
vt 0.45874023 0.6533203
vt 0.4633789 0.9428711
vt 0.0137786865 0.6533203
vt 0.011741638 0.9428711
vt 0.37182617 0.6533203
vt 0.37841797 0.9428711
vt 0.025527954 0.04699707
vt 0.022155762 0.6533203
vt 0.45825195 0.04699707
vt 0.45874023 0.6533203
vt 0.016036987 0.04699707
vt 0.0137786865 0.6533203
vt 0.36987305 0.04699707
vt 0.37182617 0.6533203
vt 0.017440796 0.0082092285
vt 0.017440796 0.64941406
vt 0.021942139 0.0082092285
vt 0.021942139 0.64941406
vt 0.019439697 0.0082092285
vt 0.019683838 0.64941406
vt 0.027770996 0.0082092285
vt 0.024978638 0.64941406
vt 0.016937256 0.0082092285
vt 0.019042969 0.64941406
vt 0.025344849 0.0082092285
vt 0.024108887 0.64941406
vt 0.022369385 0.0082092285
vt 0.023391724 0.64941406
vt 0.030563354 0.0082092285
vt 0.028701782 0.64941406
vt 0.024978638 0.64941406
vt 0.022232056 0.9560547
vt 0.22058105 0.64941406
vt 0.22058105 0.9560547
vt 0.028701782 0.64941406
vt 0.2705078 0.9560547
vt 0.2680664 0.64941406
vt 0.026977539 0.9560547
vt 0.024108887 0.64941406
vt 0.022994995 0.9560547
vt 0.22045898 0.64941406
vt 0.22399902 0.9560547
vt 0.021942139 0.64941406
vt 0.017440796 0.9560547
vt 0.26245117 0.64941406
vt 0.26635742 0.9560547
vt 0.027770996 0.0082092285
vt 0.024978638 0.64941406
vt 0.22058105 0.0082092285
vt 0.22058105 0.64941406
vt 0.030563354 0.0082092285
vt 0.028701782 0.64941406
vt 0.26782227 0.0082092285
vt 0.2680664 0.64941406
vt 0.025344849 0.0082092285
vt 0.024108887 0.64941406
vt 0.21936035 0.0082092285
vt 0.22045898 0.64941406
vt 0.021942139 0.0082092285
vt 0.021942139 0.64941406
vt 0.2602539 0.0082092285
vt 0.26245117 0.64941406
vt 0.017440796 0.0082092285
vt 0.017440796 0.64941406
vt 0.021942139 0.0082092285
vt 0.021942139 0.64941406
vt 0.019439697 0.0082092285
vt 0.019683838 0.64941406
vt 0.027770996 0.0082092285
vt 0.024978638 0.64941406
vt 0.016937256 0.0082092285
vt 0.019042969 0.64941406
vt 0.025344849 0.0082092285
vt 0.024108887 0.64941406
vt 0.022369385 0.0082092285
vt 0.023391724 0.64941406
vt 0.030563354 0.0082092285
vt 0.028701782 0.64941406
vt 0.024978638 0.64941406
vt 0.022232056 0.9560547
vt 0.22058105 0.64941406
vt 0.22058105 0.9560547
vt 0.028701782 0.64941406
vt 0.026977539 0.9560547
vt 0.2680664 0.64941406
vt 0.2705078 0.9560547
vt 0.024108887 0.64941406
vt 0.022994995 0.9560547
vt 0.22045898 0.64941406
vt 0.22399902 0.9560547
vt 0.021942139 0.64941406
vt 0.017440796 0.9560547
vt 0.26245117 0.64941406
vt 0.26635742 0.9560547
vt 0.027770996 0.0082092285
vt 0.024978638 0.64941406
vt 0.22058105 0.0082092285
vt 0.22058105 0.64941406
vt 0.030563354 0.0082092285
vt 0.028701782 0.64941406
vt 0.26782227 0.0082092285
vt 0.2680664 0.64941406
vt 0.025344849 0.0082092285
vt 0.024108887 0.64941406
vt 0.21936035 0.0082092285
vt 0.22045898 0.64941406
vt 0.021942139 0.0082092285
vt 0.021942139 0.64941406
vt 0.2602539 0.0082092285
vt 0.26245117 0.64941406
vt 0.017440796 0.0082092285
vt 0.017440796 0.64941406
vt 0.021942139 0.0082092285
vt 0.021942139 0.64941406
vt 0.019439697 0.0082092285
vt 0.019683838 0.64941406
vt 0.027770996 0.0082092285
vt 0.024978638 0.64941406
vt 0.016937256 0.0082092285
vt 0.019042969 0.64941406
vt 0.025344849 0.0082092285
vt 0.024108887 0.64941406
vt 0.022369385 0.0082092285
vt 0.023391724 0.64941406
vt 0.030563354 0.0082092285
vt 0.028701782 0.64941406
vt 0.024978638 0.64941406
vt 0.022232056 0.9560547
vt 0.22058105 0.64941406
vt 0.22058105 0.9560547
vt 0.028701782 0.64941406
vt 0.2705078 0.9560547
vt 0.2680664 0.64941406
vt 0.026977539 0.9560547
vt 0.024108887 0.64941406
vt 0.022994995 0.9560547
vt 0.22045898 0.64941406
vt 0.22399902 0.9560547
vt 0.021942139 0.64941406
vt 0.017440796 0.9560547
vt 0.26245117 0.64941406
vt 0.26635742 0.9560547
vt 0.027770996 0.0082092285
vt 0.024978638 0.64941406
vt 0.22058105 0.0082092285
vt 0.22058105 0.64941406
vt 0.030563354 0.0082092285
vt 0.028701782 0.64941406
vt 0.26782227 0.0082092285
vt 0.2680664 0.64941406
vt 0.025344849 0.0082092285
vt 0.024108887 0.64941406
vt 0.21936035 0.0082092285
vt 0.22045898 0.64941406
vt 0.021942139 0.0082092285
vt 0.021942139 0.64941406
vt 0.2602539 0.0082092285
vt 0.26245117 0.64941406
vt 0.017440796 0.0082092285
vt 0.017440796 0.64941406
vt 0.021942139 0.0082092285
vt 0.021942139 0.64941406
vt 0.019439697 0.0082092285
vt 0.019683838 0.64941406
vt 0.027770996 0.0082092285
vt 0.024978638 0.64941406
vt 0.016937256 0.0082092285
vt 0.019042969 0.64941406
vt 0.025344849 0.0082092285
vt 0.024108887 0.64941406
vt 0.022369385 0.0082092285
vt 0.023391724 0.64941406
vt 0.030563354 0.0082092285
vt 0.028701782 0.64941406
vt 0.024978638 0.64941406
vt 0.022232056 0.9560547
vt 0.22058105 0.64941406
vt 0.22058105 0.9560547
vt 0.028701782 0.64941406
vt 0.2705078 0.9560547
vt 0.2680664 0.64941406
vt 0.026977539 0.9560547
vt 0.024108887 0.64941406
vt 0.022994995 0.9560547
vt 0.22045898 0.64941406
vt 0.22399902 0.9560547
vt 0.021942139 0.64941406
vt 0.017440796 0.9560547
vt 0.26245117 0.64941406
vt 0.26635742 0.9560547
vt 0.027770996 0.0082092285
vt 0.024978638 0.64941406
vt 0.22058105 0.0082092285
vt 0.22058105 0.64941406
vt 0.030563354 0.0082092285
vt 0.028701782 0.64941406
vt 0.26782227 0.0082092285
vt 0.2680664 0.64941406
vt 0.025344849 0.0082092285
vt 0.024108887 0.64941406
vt 0.21936035 0.0082092285
vt 0.22045898 0.64941406
vt 0.021942139 0.0082092285
vt 0.021942139 0.64941406
vt 0.2602539 0.0082092285
vt 0.26245117 0.64941406
vt 0.017440796 0.0082092285
vt 0.017440796 0.64941406
vt 0.021942139 0.0082092285
vt 0.021942139 0.64941406
vt 0.019439697 0.0082092285
vt 0.019683838 0.64941406
vt 0.027770996 0.0082092285
vt 0.024978638 0.64941406
vt 0.016937256 0.0082092285
vt 0.019042969 0.64941406
vt 0.025344849 0.0082092285
vt 0.024108887 0.64941406
vt 0.022369385 0.0082092285
vt 0.023391724 0.64941406
vt 0.030563354 0.0082092285
vt 0.028701782 0.64941406
vt 0.024978638 0.64941406
vt 0.022232056 0.9560547
vt 0.22058105 0.64941406
vt 0.22058105 0.9560547
vt 0.028701782 0.64941406
vt 0.2705078 0.9560547
vt 0.2680664 0.64941406
vt 0.026977539 0.9560547
vt 0.024108887 0.64941406
vt 0.022994995 0.9560547
vt 0.22045898 0.64941406
vt 0.22399902 0.9560547
vt 0.021942139 0.64941406
vt 0.017440796 0.9560547
vt 0.26245117 0.64941406
vt 0.26635742 0.9560547
vt 0.027770996 0.0082092285
vt 0.024978638 0.64941406
vt 0.22058105 0.0082092285
vt 0.22058105 0.64941406
vt 0.030563354 0.0082092285
vt 0.028701782 0.64941406
vt 0.26782227 0.0082092285
vt 0.2680664 0.64941406
vt 0.025344849 0.0082092285
vt 0.024108887 0.64941406
vt 0.21936035 0.0082092285
vt 0.22045898 0.64941406
vt 0.021942139 0.0082092285
vt 0.021942139 0.64941406
vt 0.2602539 0.0082092285
vt 0.26245117 0.64941406
vt 0.017440796 0.0082092285
vt 0.017440796 0.64941406
vt 0.021942139 0.0082092285
vt 0.021942139 0.64941406
vt 0.019439697 0.0082092285
vt 0.019683838 0.64941406
vt 0.027770996 0.0082092285
vt 0.024978638 0.64941406
vt 0.016937256 0.0082092285
vt 0.019042969 0.64941406
vt 0.025344849 0.0082092285
vt 0.024108887 0.64941406
vt 0.022369385 0.0082092285
vt 0.023391724 0.64941406
vt 0.030563354 0.0082092285
vt 0.028701782 0.64941406
vt 0.024978638 0.64941406
vt 0.022232056 0.9560547
vt 0.22058105 0.64941406
vt 0.22058105 0.9560547
vt 0.028701782 0.64941406
vt 0.2705078 0.9560547
vt 0.2680664 0.64941406
vt 0.026977539 0.9560547
vt 0.024108887 0.64941406
vt 0.022994995 0.9560547
vt 0.22045898 0.64941406
vt 0.22399902 0.9560547
vt 0.021942139 0.64941406
vt 0.017440796 0.9560547
vt 0.26245117 0.64941406
vt 0.26635742 0.9560547
vt 0.027770996 0.0082092285
vt 0.024978638 0.64941406
vt 0.22058105 0.0082092285
vt 0.22058105 0.64941406
vt 0.030563354 0.0082092285
vt 0.028701782 0.64941406
vt 0.26782227 0.0082092285
vt 0.2680664 0.64941406
vt 0.025344849 0.0082092285
vt 0.024108887 0.64941406
vt 0.21936035 0.0082092285
vt 0.22045898 0.64941406
vt 0.021942139 0.0082092285
vt 0.021942139 0.64941406
vt 0.2602539 0.0082092285
vt 0.26245117 0.64941406
vt 0.017440796 0.0082092285
vt 0.017440796 0.64941406
vt 0.021942139 0.0082092285
vt 0.021942139 0.64941406
vt 0.019439697 0.0082092285
vt 0.019683838 0.64941406
vt 0.027770996 0.0082092285
vt 0.024978638 0.64941406
vt 0.016937256 0.0082092285
vt 0.019042969 0.64941406
vt 0.025344849 0.0082092285
vt 0.024108887 0.64941406
vt 0.022369385 0.0082092285
vt 0.023391724 0.64941406
vt 0.030563354 0.0082092285
vt 0.028701782 0.64941406
vt 0.024978638 0.64941406
vt 0.022232056 0.9560547
vt 0.22058105 0.64941406
vt 0.22058105 0.9560547
vt 0.028701782 0.64941406
vt 0.026977539 0.9560547
vt 0.2680664 0.64941406
vt 0.2705078 0.9560547
vt 0.024108887 0.64941406
vt 0.022994995 0.9560547
vt 0.22045898 0.64941406
vt 0.22399902 0.9560547
vt 0.021942139 0.64941406
vt 0.017440796 0.9560547
vt 0.26245117 0.64941406
vt 0.26635742 0.9560547
vt 0.027770996 0.0082092285
vt 0.024978638 0.64941406
vt 0.22058105 0.0082092285
vt 0.22058105 0.64941406
vt 0.030563354 0.0082092285
vt 0.028701782 0.64941406
vt 0.26782227 0.0082092285
vt 0.2680664 0.64941406
vt 0.025344849 0.0082092285
vt 0.024108887 0.64941406
vt 0.21936035 0.0082092285
vt 0.22045898 0.64941406
vt 0.021942139 0.0082092285
vt 0.021942139 0.64941406
vt 0.2602539 0.0082092285
vt 0.26245117 0.64941406
vt 0.017440796 0.0082092285
vt 0.017440796 0.64941406
vt 0.021942139 0.0082092285
vt 0.021942139 0.64941406
vt 0.019439697 0.0082092285
vt 0.019683838 0.64941406
vt 0.027770996 0.0082092285
vt 0.024978638 0.64941406
vt 0.016937256 0.0082092285
vt 0.019042969 0.64941406
vt 0.025344849 0.0082092285
vt 0.024108887 0.64941406
vt 0.022369385 0.0082092285
vt 0.023391724 0.64941406
vt 0.030563354 0.0082092285
vt 0.028701782 0.64941406
vt 0.024978638 0.64941406
vt 0.022232056 0.9560547
vt 0.22058105 0.64941406
vt 0.22058105 0.9560547
vt 0.028701782 0.64941406
vt 0.026977539 0.9560547
vt 0.2680664 0.64941406
vt 0.2705078 0.9560547
vt 0.024108887 0.64941406
vt 0.022994995 0.9560547
vt 0.22045898 0.64941406
vt 0.22399902 0.9560547
vt 0.021942139 0.64941406
vt 0.017440796 0.9560547
vt 0.26245117 0.64941406
vt 0.26635742 0.9560547
vt 0.027770996 0.0082092285
vt 0.024978638 0.64941406
vt 0.22058105 0.0082092285
vt 0.22058105 0.64941406
vt 0.030563354 0.0082092285
vt 0.028701782 0.64941406
vt 0.26782227 0.0082092285
vt 0.2680664 0.64941406
vt 0.025344849 0.0082092285
vt 0.024108887 0.64941406
vt 0.21936035 0.0082092285
vt 0.22045898 0.64941406
vt 0.021942139 0.0082092285
vt 0.021942139 0.64941406
vt 0.2602539 0.0082092285
vt 0.26245117 0.64941406
vt 0.027618408 0.026824951
vt 0.027618408 0.026824951
vt 0.027618408 0.61035156
vt 0.027618408 0.61035156
vt 0.027618408 0.026824951
vt 0.027618408 0.026824951
vt 0.027618408 0.61035156
vt 0.027618408 0.61035156
vt 0.027618408 0.026824951
vt 0.027618408 0.026824951
vt 0.027618408 0.61035156
vt 0.027618408 0.61035156
vt 0.027618408 0.026824951
vt 0.027618408 0.026824951
vt 0.027618408 0.61035156
vt 0.027618408 0.61035156
vt 0.027618408 0.61035156
vt 0.64501953 0.61035156
vt 0.027618408 0.9404297
vt 0.64501953 0.9404297
vt 0.027618408 0.61035156
vt 0.64501953 0.61035156
vt 0.027618408 0.9404297
vt 0.64501953 0.9404297
vt 0.027618408 0.61035156
vt 0.64501953 0.61035156
vt 0.027618408 0.9404297
vt 0.64501953 0.9404297
vt 0.027618408 0.61035156
vt 0.64501953 0.61035156
vt 0.027618408 0.9404297
vt 0.64501953 0.9404297
vt 0.027618408 0.026824951
vt 0.64501953 0.026824951
vt 0.027618408 0.61035156
vt 0.64501953 0.61035156
vt 0.027618408 0.026824951
vt 0.64501953 0.026824951
vt 0.027618408 0.61035156
vt 0.64501953 0.61035156
vt 0.027618408 0.026824951
vt 0.64501953 0.026824951
vt 0.027618408 0.61035156
vt 0.64501953 0.61035156
vt 0.027618408 0.026824951
vt 0.64501953 0.026824951
vt 0.027618408 0.61035156
vt 0.64501953 0.61035156
vt 0.027618408 0.026824951
vt 0.027618408 0.026824951
vt 0.027618408 0.61035156
vt 0.027618408 0.61035156
vt 0.027618408 0.61035156
vt 0.64501953 0.61035156
vt 0.027618408 0.9404297
vt 0.64501953 0.9404297
vt 0.027618408 0.61035156
vt 0.64501953 0.61035156
vt 0.027618408 0.9404297
vt 0.64501953 0.9404297
vt 0.03289795 0.61035156
vt 0.64501953 0.61035156
vt 0.03289795 0.9404297
vt 0.64501953 0.9404297
vt 0.03289795 0.026824951
vt 0.64501953 0.026824951
vt 0.03289795 0.61035156
vt 0.64501953 0.61035156
vt 0.017440796 0.0082092285
vt 0.017440796 0.64941406
vt 0.021942139 0.0082092285
vt 0.021942139 0.64941406
vt 0.019439697 0.0082092285
vt 0.019683838 0.64941406
vt 0.027770996 0.0082092285
vt 0.024978638 0.64941406
vt 0.016937256 0.0082092285
vt 0.019042969 0.64941406
vt 0.025344849 0.0082092285
vt 0.024108887 0.64941406
vt 0.022369385 0.0082092285
vt 0.023391724 0.64941406
vt 0.030563354 0.0082092285
vt 0.028701782 0.64941406
vt 0.024978638 0.64941406
vt 0.022232056 0.9560547
vt 0.22058105 0.64941406
vt 0.22058105 0.9560547
vt 0.028701782 0.64941406
vt 0.2705078 0.9560547
vt 0.2680664 0.64941406
vt 0.026977539 0.9560547
vt 0.024108887 0.64941406
vt 0.022994995 0.9560547
vt 0.22045898 0.64941406
vt 0.22399902 0.9560547
vt 0.021942139 0.64941406
vt 0.017440796 0.9560547
vt 0.26245117 0.64941406
vt 0.26635742 0.9560547
vt 0.027770996 0.0082092285
vt 0.024978638 0.64941406
vt 0.22058105 0.0082092285
vt 0.22058105 0.64941406
vt 0.030563354 0.0082092285
vt 0.028701782 0.64941406
vt 0.26782227 0.0082092285
vt 0.2680664 0.64941406
vt 0.025344849 0.0082092285
vt 0.024108887 0.64941406
vt 0.21936035 0.0082092285
vt 0.22045898 0.64941406
vt 0.021942139 0.0082092285
vt 0.021942139 0.64941406
vt 0.2602539 0.0082092285
vt 0.26245117 0.64941406
vt 0.017440796 0.0082092285
vt 0.017440796 0.64941406
vt 0.021942139 0.0082092285
vt 0.021942139 0.64941406
vt 0.019439697 0.0082092285
vt 0.019683838 0.64941406
vt 0.027770996 0.0082092285
vt 0.024978638 0.64941406
vt 0.016937256 0.0082092285
vt 0.019042969 0.64941406
vt 0.025344849 0.0082092285
vt 0.024108887 0.64941406
vt 0.022369385 0.0082092285
vt 0.023391724 0.64941406
vt 0.030563354 0.0082092285
vt 0.028701782 0.64941406
vt 0.024978638 0.64941406
vt 0.022232056 0.9560547
vt 0.22058105 0.64941406
vt 0.22058105 0.9560547
vt 0.024108887 0.64941406
vt 0.022994995 0.9560547
vt 0.22045898 0.64941406
vt 0.22399902 0.9560547
vt 0.027770996 0.0082092285
vt 0.024978638 0.64941406
vt 0.22058105 0.0082092285
vt 0.22058105 0.64941406
vt 0.030563354 0.0082092285
vt 0.028701782 0.64941406
vt 0.26782227 0.0082092285
vt 0.2680664 0.64941406
vt 0.025344849 0.0082092285
vt 0.024108887 0.64941406
vt 0.21936035 0.0082092285
vt 0.22045898 0.64941406
vt 0.021942139 0.0082092285
vt 0.021942139 0.64941406
vt 0.2602539 0.0082092285
vt 0.26245117 0.64941406
vt 0.07946777 0.5097656
vt 0.44506836 0.5097656
vt 0.08630371 0.94140625
vt 0.44506836 0.94140625
vt 0.07946777 0.5097656
vt 0.44506836 0.5097656
vt 0.08630371 0.94140625
vt 0.44506836 0.94140625
vt 0.07946777 0.5097656
vt 0.44506836 0.5097656
vt 0.08630371 0.94140625
vt 0.44506836 0.94140625
vt 0.07946777 0.5097656
vt 0.44506836 0.5097656
vt 0.08630371 0.94140625
vt 0.44506836 0.94140625
vt 0.02482605 0.009925842
vt 0.0826416 0.009925842
vt 0.043548584 0.5097656
vt 0.07946777 0.5097656
vt 0.02482605 0.009925842
vt 0.0826416 0.009925842
vt 0.043548584 0.5097656
vt 0.07946777 0.5097656
vt 0.02482605 0.009925842
vt 0.0826416 0.009925842
vt 0.043548584 0.5097656
vt 0.07946777 0.5097656
vt 0.02482605 0.009925842
vt 0.0826416 0.009925842
vt 0.043548584 0.5097656
vt 0.07946777 0.5097656
vt 0.0826416 0.009925842
vt 0.44506836 0.009925842
vt 0.07946777 0.5097656
vt 0.44506836 0.5097656
vt 0.0826416 0.009925842
vt 0.44506836 0.009925842
vt 0.07946777 0.5097656
vt 0.44506836 0.5097656
vt 0.0826416 0.009925842
vt 0.44506836 0.009925842
vt 0.07946777 0.5097656
vt 0.44506836 0.5097656
vt 0.0826416 0.009925842
vt 0.44506836 0.009925842
vt 0.07946777 0.5097656
vt 0.44506836 0.5097656
vt 0.07946777 0.5097656
vt 0.44506836 0.5097656
vt 0.08630371 0.94140625
vt 0.44506836 0.94140625
vt 0.07946777 0.5097656
vt 0.44506836 0.5097656
vt 0.08630371 0.94140625
vt 0.44506836 0.94140625
vt 0.07946777 0.5097656
vt 0.44506836 0.5097656
vt 0.08630371 0.94140625
vt 0.44506836 0.94140625
vt 0.07946777 0.5097656
vt 0.44506836 0.5097656
vt 0.08630371 0.94140625
vt 0.44506836 0.94140625
vt 0.02482605 0.009925842
vt 0.0826416 0.009925842
vt 0.043548584 0.5097656
vt 0.07946777 0.5097656
vt 0.02482605 0.009925842
vt 0.0826416 0.009925842
vt 0.043548584 0.5097656
vt 0.07946777 0.5097656
vt 0.02482605 0.009925842
vt 0.0826416 0.009925842
vt 0.043548584 0.5097656
vt 0.07946777 0.5097656
vt 0.0826416 0.009925842
vt 0.44506836 0.009925842
vt 0.07946777 0.5097656
vt 0.44506836 0.5097656
vt 0.0826416 0.009925842
vt 0.44506836 0.009925842
vt 0.07946777 0.5097656
vt 0.44506836 0.5097656
vt 0.0826416 0.009925842
vt 0.44506836 0.009925842
vt 0.07946777 0.5097656
vt 0.44506836 0.5097656
vt 0.0826416 0.009925842
vt 0.44506836 0.009925842
vt 0.07946777 0.5097656
vt 0.44506836 0.5097656
vt 0.07946777 0.5097656
vt 0.44506836 0.5097656
vt 0.08630371 0.94140625
vt 0.44506836 0.94140625
vt 0.07946777 0.5097656
vt 0.44506836 0.5097656
vt 0.08630371 0.94140625
vt 0.44506836 0.94140625
vt 0.07946777 0.5097656
vt 0.44506836 0.5097656
vt 0.08630371 0.94140625
vt 0.44506836 0.94140625
vt 0.07946777 0.5097656
vt 0.44506836 0.5097656
vt 0.08630371 0.94140625
vt 0.44506836 0.94140625
vt 0.02482605 0.009925842
vt 0.0826416 0.009925842
vt 0.043548584 0.5097656
vt 0.07946777 0.5097656
vt 0.02482605 0.009925842
vt 0.0826416 0.009925842
vt 0.043548584 0.5097656
vt 0.07946777 0.5097656
vt 0.02482605 0.009925842
vt 0.0826416 0.009925842
vt 0.043548584 0.5097656
vt 0.07946777 0.5097656
vt 0.0826416 0.009925842
vt 0.44506836 0.009925842
vt 0.07946777 0.5097656
vt 0.44506836 0.5097656
vt 0.0826416 0.009925842
vt 0.44506836 0.009925842
vt 0.07946777 0.5097656
vt 0.44506836 0.5097656
vt 0.0826416 0.009925842
vt 0.44506836 0.009925842
vt 0.07946777 0.5097656
vt 0.44506836 0.5097656
vt 0.0826416 0.009925842
vt 0.44506836 0.009925842
vt 0.07946777 0.5097656
vt 0.44506836 0.5097656
vn 0.58496094 -0.57714844 -0.5698242
vn 0.58496094 -0.57714844 -0.5698242
vn 0.58496094 -0.57714844 -0.5698242
vn -0.5698242 -0.57714844 -0.58496094
vn -0.5698242 -0.57714844 -0.58496094
vn -0.5698242 -0.57714844 -0.58496094
vn 0.5698242 -0.57714844 0.58496094
vn 0.5698242 -0.57714844 0.58496094
vn 0.5698242 -0.57714844 0.58496094
vn -0.58496094 -0.57714844 0.5698242
vn -0.58496094 -0.57714844 0.5698242
vn -0.58496094 -0.57714844 0.5698242
vn -0.5307617 -0.57714844 0.62060547
vn -0.5307617 -0.57714844 0.62060547
vn -0.5307617 -0.57714844 0.62060547
vn 0.62060547 -0.57714844 0.5307617
vn 0.62060547 -0.57714844 0.5307617
vn 0.62060547 -0.57714844 0.5307617
vn -0.62060547 -0.57714844 -0.5307617
vn -0.62060547 -0.57714844 -0.5307617
vn -0.62060547 -0.57714844 -0.5307617
vn 0.5307617 -0.57714844 -0.62060547
vn 0.5307617 -0.57714844 -0.62060547
vn 0.5307617 -0.57714844 -0.62060547
vn -0.7163086 8.34465E-07 0.6977539
vn -0.7163086 8.34465E-07 0.6977539
vn -0.7163086 8.34465E-07 0.6977539
vn -0.7163086 5.364418E-07 0.6977539
vn -0.7163086 5.364418E-07 0.6977539
vn -0.7163086 5.364418E-07 0.6977539
vn -0.64990234 0.007633209 0.7597656
vn -0.64990234 0.007633209 0.7597656
vn -0.64990234 0.007633209 0.7597656
vn -0.64990234 0.007633209 0.7597656
vn -0.64990234 0.007633209 0.7597656
vn -0.64990234 0.007633209 0.7597656
vn -0.46826172 -0.7216797 -0.50927734
vn -0.46826172 -0.7216797 -0.50927734
vn -0.46826172 -0.7216797 -0.50927734
vn -0.50927734 -0.7216797 0.46826172
vn -0.50927734 -0.7216797 0.46826172
vn -0.50927734 -0.7216797 0.46826172
vn 0.50927734 -0.7216797 -0.46826172
vn 0.50927734 -0.7216797 -0.46826172
vn 0.50927734 -0.7216797 -0.46826172
vn 0.46826172 -0.7216797 0.50927734
vn 0.46826172 -0.7216797 0.50927734
vn 0.46826172 -0.7216797 0.50927734
vn -0.7363281 0.0073509216 0.6767578
vn -0.7363281 0.0073509216 0.6767578
vn -0.7363281 0.0073509216 0.6767578
vn -0.7363281 0.0073547363 0.6767578
vn -0.7363281 0.0073547363 0.6767578
vn -0.7363281 0.0073547363 0.6767578
vn -0.6767578 0.0073509216 -0.7363281
vn -0.6767578 0.0073509216 -0.7363281
vn -0.6767578 0.0073509216 -0.7363281
vn -0.6767578 0.007347107 -0.7363281
vn -0.6767578 0.007347107 -0.7363281
vn -0.6767578 0.007347107 -0.7363281
vn 0.43115234 -0.41064453 -0.80322266
vn 0.43115234 -0.41064453 -0.80322266
vn 0.43115234 -0.41064453 -0.80322266
vn -0.7885742 -0.41088867 -0.4580078
vn -0.7885742 -0.41088867 -0.4580078
vn -0.7885742 -0.41088867 -0.4580078
vn 0.7885742 -0.41064453 0.4580078
vn 0.7885742 -0.41064453 0.4580078
vn 0.7885742 -0.41064453 0.4580078
vn -0.43115234 -0.41064453 0.80322266
vn -0.43115234 -0.41064453 0.80322266
vn -0.43115234 -0.41064453 0.80322266
vn -0.4729004 7.1525574E-07 0.88134766
vn -0.4729004 7.1525574E-07 0.88134766
vn -0.4729004 7.1525574E-07 0.88134766
vn -0.4729004 9.536743E-07 0.88134766
vn -0.4729004 9.536743E-07 0.88134766
vn -0.4729004 9.536743E-07 0.88134766
vn -0.56152344 -0.57714844 0.59277344
vn -0.56152344 -0.57714844 0.59277344
vn -0.56152344 -0.57714844 0.59277344
vn 0.59277344 -0.57714844 0.56152344
vn 0.59277344 -0.57714844 0.56152344
vn 0.59277344 -0.57714844 0.56152344
vn -0.59277344 -0.57714844 -0.56152344
vn -0.59277344 -0.57714844 -0.56152344
vn -0.59277344 -0.57714844 -0.56152344
vn 0.56152344 -0.57714844 -0.59277344
vn 0.56152344 -0.57714844 -0.59277344
vn 0.56152344 -0.57714844 -0.59277344
vn -0.6875 0.006427765 0.7260742
vn -0.6875 0.006427765 0.7260742
vn -0.6875 0.006427765 0.7260742
vn -0.6875 0.006427765 0.7260742
vn -0.6875 0.006427765 0.7260742
vn -0.6875 0.006427765 0.7260742
vn -0.5571289 -0.57714844 0.5966797
vn -0.5571289 -0.57714844 0.5966797
vn -0.5571289 -0.57714844 0.5966797
vn 0.59716797 -0.57714844 0.5571289
vn 0.59716797 -0.57714844 0.5571289
vn 0.59716797 -0.57714844 0.5571289
vn -0.59716797 -0.57714844 -0.5571289
vn -0.59716797 -0.57714844 -0.5571289
vn -0.59716797 -0.57714844 -0.5571289
vn 0.5571289 -0.57714844 -0.59716797
vn 0.5571289 -0.57714844 -0.59716797
vn 0.5571289 -0.57714844 -0.59716797
vn -0.6821289 0.006427765 0.73095703
vn -0.6821289 0.006427765 0.73095703
vn -0.6821289 0.006427765 0.73095703
vn -0.6821289 0.006427765 0.73095703
vn -0.6821289 0.006427765 0.73095703
vn -0.6821289 0.006427765 0.73095703
vn -0.67529297 -0.57714844 0.45898438
vn -0.67529297 -0.57714844 0.45898438
vn -0.67529297 -0.57714844 0.45898438
vn 0.45898438 -0.57714844 0.67529297
vn 0.45898438 -0.57714844 0.67529297
vn 0.45898438 -0.57714844 0.67529297
vn -0.45898438 -0.57714844 -0.67529297
vn -0.45898438 -0.57714844 -0.67529297
vn -0.45898438 -0.57714844 -0.67529297
vn 0.67529297 -0.57714844 -0.45898438
vn 0.67529297 -0.57714844 -0.45898438
vn 0.67529297 -0.57714844 -0.45898438
vn -0.82714844 0.00198555 0.5620117
vn -0.82714844 0.00198555 0.5620117
vn -0.82714844 0.00198555 0.5620117
vn -0.82714844 0.0019874573 0.5620117
vn -0.82714844 0.0019874573 0.5620117
vn -0.82714844 0.0019874573 0.5620117
vn -0.5859375 -0.64746094 0.48754883
vn -0.5859375 -0.64746094 0.48754883
vn -0.5859375 -0.64746094 0.48754883
vn 0.5722656 -0.65527344 0.4934082
vn 0.5722656 -0.65527344 0.4934082
vn 0.5722656 -0.65527344 0.4934082
vn -0.5859375 -0.64746094 -0.48754883
vn -0.5859375 -0.64746094 -0.48754883
vn -0.5859375 -0.64746094 -0.48754883
vn 0.5859375 -0.64746094 -0.48754883
vn 0.5859375 -0.64746094 -0.48754883
vn 0.5859375 -0.64746094 -0.48754883
vn -0.7685547 0.0052375793 0.63964844
vn -0.7685547 0.0052375793 0.63964844
vn -0.7685547 0.0052375793 0.63964844
vn -0.7685547 0.005241394 0.63964844
vn -0.7685547 0.005241394 0.63964844
vn -0.7685547 0.005241394 0.63964844
vn 0.7685547 6.556511E-07 -0.63964844
vn 0.7685547 6.556511E-07 -0.63964844
vn 0.7685547 6.556511E-07 -0.63964844
vn 0.7685547 4.4107437E-06 -0.63964844
vn 0.7685547 4.4107437E-06 -0.63964844
vn 0.7685547 4.4107437E-06 -0.63964844
vn -0.6489258 -0.57714844 0.49560547
vn -0.6489258 -0.57714844 0.49560547
vn -0.6489258 -0.57714844 0.49560547
vn 0.49560547 -0.57714844 0.6489258
vn 0.49560547 -0.57714844 0.6489258
vn 0.49560547 -0.57714844 0.6489258
vn -0.49560547 -0.57714844 -0.6489258
vn -0.49560547 -0.57714844 -0.6489258
vn -0.49560547 -0.57714844 -0.6489258
vn 0.6489258 -0.57714844 -0.4958496
vn 0.6489258 -0.57714844 -0.4958496
vn 0.6489258 -0.57714844 -0.4958496
vn -0.7944336 0.0036125183 0.6069336
vn -0.7944336 0.0036125183 0.6069336
vn -0.7944336 0.0036125183 0.6069336
vn -0.7944336 0.003610611 0.6069336
vn -0.7944336 0.003610611 0.6069336
vn -0.7944336 0.003610611 0.6069336
vn 0.5864258 -0.7475586 -0.31176758
vn 0.5864258 -0.7475586 -0.31176758
vn 0.5864258 -0.7475586 -0.31176758
vn -0.6015625 -0.74072266 -0.29833984
vn -0.6015625 -0.74072266 -0.29833984
vn -0.6015625 -0.74072266 -0.29833984
vn 0.6015625 -0.74072266 0.29833984
vn 0.6015625 -0.74072266 0.29833984
vn 0.6015625 -0.74072266 0.29833984
vn -0.5864258 -0.7475586 0.31176758
vn -0.5864258 -0.7475586 0.31176758
vn -0.5864258 -0.7475586 0.31176758
vn -0.8959961 0.0054359436 -0.4440918
vn -0.8959961 0.0054359436 -0.4440918
vn -0.8959961 0.0054359436 -0.4440918
vn -0.8959961 0.0054397583 -0.4440918
vn -0.8959961 0.0054397583 -0.4440918
vn -0.8959961 0.0054397583 -0.4440918
vn 0.8828125 0.00554657 -0.46923828
vn 0.8828125 0.00554657 -0.46923828
vn 0.8828125 0.00554657 -0.46923828
vn 0.8828125 0.0055503845 -0.46923828
vn 0.8828125 0.0055503845 -0.46923828
vn 0.8828125 0.0055503845 -0.46923828
vn -0.8828125 -1.1920929E-07 0.46923828
vn -0.8828125 -1.1920929E-07 0.46923828
vn -0.8828125 -1.1920929E-07 0.46923828
vn -0.8828125 -2.3841858E-07 0.46923828
vn -0.8828125 -2.3841858E-07 0.46923828
vn -0.8828125 -2.3841858E-07 0.46923828
vn 0.8959961 -3.874302E-06 0.4440918
vn 0.8959961 -3.874302E-06 0.4440918
vn 0.8959961 -3.874302E-06 0.4440918
vn 0.8959961 -1.1920929E-06 0.4440918
vn 0.8959961 -1.1920929E-06 0.4440918
vn 0.8959961 -1.1920929E-06 0.4440918
vn -0.33618164 -0.50634766 0.7944336
vn -0.33618164 -0.50634766 0.7944336
vn -0.33618164 -0.50634766 0.7944336
vn 0.73828125 -0.5600586 0.37548828
vn 0.73828125 -0.5600586 0.37548828
vn 0.73828125 -0.5600586 0.37548828
vn -0.7583008 -0.59033203 -0.27734375
vn -0.7583008 -0.59033203 -0.27734375
vn -0.7583008 -0.59033203 -0.27734375
vn 0.3166504 -0.64404297 -0.69628906
vn 0.3166504 -0.64404297 -0.69628906
vn 0.3166504 -0.64404297 -0.69628906
vn -0.3996582 0.0881958 0.91259766
vn -0.3996582 0.0881958 0.91259766
vn -0.3996582 0.0881958 0.91259766
vn -0.3996582 0.0881958 0.91259766
vn -0.3996582 0.0881958 0.91259766
vn -0.3996582 0.0881958 0.91259766
vn -0.5878906 -0.57714844 0.56689453
vn -0.5878906 -0.57714844 0.56689453
vn -0.5878906 -0.57714844 0.56689453
vn 0.56689453 -0.57714844 0.5878906
vn 0.56689453 -0.57714844 0.5878906
vn 0.56689453 -0.57714844 0.5878906
vn -0.56689453 -0.57714844 -0.5878906
vn -0.56689453 -0.57714844 -0.5878906
vn -0.56689453 -0.57714844 -0.5878906
vn 0.5878906 -0.57714844 -0.56689453
vn 0.5878906 -0.57714844 -0.56689453
vn 0.5878906 -0.57714844 -0.56689453
vn -0.71972656 0.0028514862 0.69433594
vn -0.71972656 0.0028514862 0.69433594
vn -0.71972656 0.0028514862 0.69433594
vn -0.71972656 0.0028514862 0.69433594
vn -0.71972656 0.0028514862 0.69433594
vn -0.71972656 0.0028514862 0.69433594
vn -0.7089844 -0.7026367 0.062194824
vn -0.7089844 -0.7026367 0.062194824
vn -0.7089844 -0.7026367 0.062194824
vn 0.4584961 -0.71240234 0.53125
vn 0.4584961 -0.71240234 0.53125
vn 0.4584961 -0.71240234 0.53125
vn -0.4724121 -0.7026367 -0.53222656
vn -0.4724121 -0.7026367 -0.53222656
vn -0.4724121 -0.7026367 -0.53222656
vn 0.7089844 -0.7026367 -0.06222534
vn 0.7089844 -0.7026367 -0.06222534
vn 0.7089844 -0.7026367 -0.06222534
vn 0.6533203 0.004711151 0.7573242
vn 0.6533203 0.004711151 0.7573242
vn 0.6533203 0.004711151 0.7573242
vn 0.6533203 0.004711151 0.7573242
vn 0.6533203 0.004711151 0.7573242
vn 0.6533203 0.004711151 0.7573242
vn -0.99609375 0.0045814514 0.087402344
vn -0.99609375 0.0045814514 0.087402344
vn -0.99609375 0.0045814514 0.087402344
vn -0.99609375 0.0045814514 0.087402344
vn -0.99609375 0.0045814514 0.087402344
vn -0.99609375 0.0045814514 0.087402344
vn 0.99609375 0 -0.08746338
vn 0.99609375 0 -0.08746338
vn 0.99609375 0 -0.08746338
vn 0.99609375 3.0994415E-06 -0.087402344
vn 0.99609375 3.0994415E-06 -0.087402344
vn 0.99609375 3.0994415E-06 -0.087402344
vn -0.6640625 1.9073486E-06 -0.7475586
vn -0.6640625 1.9073486E-06 -0.7475586
vn -0.6640625 1.9073486E-06 -0.7475586
vn -0.6640625 2.3841858E-07 -0.7475586
vn -0.6640625 2.3841858E-07 -0.7475586
vn -0.6640625 2.3841858E-07 -0.7475586
vn -0.58740234 -0.57714844 0.5673828
vn -0.58740234 -0.57714844 0.5673828
vn -0.58740234 -0.57714844 0.5673828
vn 0.5673828 -0.57714844 0.58740234
vn 0.5673828 -0.57714844 0.58740234
vn 0.5673828 -0.57714844 0.58740234
vn -0.5673828 -0.57714844 -0.58740234
vn -0.5673828 -0.57714844 -0.58740234
vn -0.5673828 -0.57714844 -0.58740234
vn 0.58740234 -0.57714844 -0.5673828
vn 0.58740234 -0.57714844 -0.5673828
vn 0.58740234 -0.57714844 -0.5673828
vn 0.7651367 0.003189087 0.6435547
vn 0.7651367 0.003189087 0.6435547
vn 0.7651367 0.003189087 0.6435547
vn 0.6948242 0.011680603 0.7192383
vn 0.6948242 0.011680603 0.7192383
vn 0.6948242 0.011680603 0.7192383
vn -0.7192383 0.0035762787 0.6948242
vn -0.7192383 0.0035762787 0.6948242
vn -0.7192383 0.0035762787 0.6948242
vn -0.7192383 0.003578186 0.6948242
vn -0.7192383 0.003578186 0.6948242
vn -0.7192383 0.003578186 0.6948242
vn -0.18737793 -0.7216797 -0.6660156
vn -0.18737793 -0.7216797 -0.6660156
vn -0.18737793 -0.7216797 -0.6660156
vn -0.6660156 -0.7216797 0.1875
vn -0.6660156 -0.7216797 0.1875
vn -0.6660156 -0.7216797 0.1875
vn 0.6660156 -0.7216797 -0.18737793
vn 0.6660156 -0.7216797 -0.18737793
vn 0.6660156 -0.7216797 -0.18737793
vn 0.18737793 -0.7216797 0.6660156
vn 0.18737793 -0.7216797 0.6660156
vn 0.18737793 -0.7216797 0.6660156
vn -0.27075195 0.011627197 -0.96240234
vn -0.27075195 0.011627197 -0.96240234
vn -0.27075195 0.011627197 -0.96240234
vn -0.27075195 0.011619568 -0.96240234
vn -0.27075195 0.011619568 -0.96240234
vn -0.27075195 0.011619568 -0.96240234
vn 0.6586914 0.027832031 0.7519531
vn 0.6586914 0.027832031 0.7519531
vn 0.6586914 0.027832031 0.7519531
vn 0.6586914 0.027816772 0.7519531
vn 0.6586914 0.027816772 0.7519531
vn 0.6586914 0.027816772 0.7519531
vn 0.45336914 -0.71972656 0.5258789
vn 0.45336914 -0.71972656 0.5258789
vn 0.45336914 -0.71972656 0.5258789
vn -0.51660156 -0.7211914 0.46166992
vn -0.51660156 -0.7211914 0.46166992
vn -0.51660156 -0.7211914 0.46166992
vn 0.5151367 -0.734375 -0.44213867
vn 0.5151367 -0.734375 -0.44213867
vn 0.5151367 -0.734375 -0.44213867
vn -0.4506836 -0.73535156 -0.5058594
vn -0.4506836 -0.73535156 -0.5058594
vn -0.4506836 -0.73535156 -0.5058594
vn 0.640625 0.024398804 0.7675781
vn 0.640625 0.024398804 0.7675781
vn 0.640625 0.024398804 0.7675781
vn 0.640625 0.024383545 0.7675781
vn 0.640625 0.024383545 0.7675781
vn 0.640625 0.024383545 0.7675781
vn 0.5292969 -0.55126953 0.64501953
vn 0.5292969 -0.55126953 0.64501953
vn 0.5292969 -0.55126953 0.64501953
vn -0.6347656 -0.5527344 0.54003906
vn -0.6347656 -0.5527344 0.54003906
vn -0.6347656 -0.5527344 0.54003906
vn 0.6376953 -0.5673828 -0.5209961
vn 0.6376953 -0.5673828 -0.5209961
vn 0.6376953 -0.5673828 -0.5209961
vn -0.53222656 -0.56884766 -0.6269531
vn -0.53222656 -0.56884766 -0.6269531
vn -0.53222656 -0.56884766 -0.6269531
vn -0.5834961 -0.57714844 0.5708008
vn -0.5834961 -0.57714844 0.5708008
vn -0.5834961 -0.57714844 0.5708008
vn 0.5708008 -0.57714844 0.5834961
vn 0.5708008 -0.57714844 0.5834961
vn 0.5708008 -0.57714844 0.5834961
vn -0.5708008 -0.57714844 -0.5834961
vn -0.5708008 -0.57714844 -0.5834961
vn -0.5708008 -0.57714844 -0.5834961
vn 0.5834961 -0.57714844 -0.5708008
vn 0.5834961 -0.57714844 -0.5708008
vn 0.5834961 -0.57714844 -0.5708008
vn -0.71484375 0.005290985 0.69921875
vn -0.71484375 0.005290985 0.69921875
vn -0.71484375 0.005290985 0.69921875
vn -0.71484375 0.0052948 0.69921875
vn -0.71484375 0.0052948 0.69921875
vn -0.71484375 0.0052948 0.69921875
vn -0.65771484 -0.52246094 0.54296875
vn -0.65771484 -0.52246094 0.54296875
vn -0.65771484 -0.52246094 0.54296875
vn 0.6875 -0.5239258 0.5029297
vn 0.6875 -0.5239258 0.5029297
vn 0.6875 -0.5239258 0.5029297
vn -0.6875 -0.5239258 -0.5029297
vn -0.6875 -0.5239258 -0.5029297
vn -0.6875 -0.5239258 -0.5029297
vn 0.65771484 -0.52246094 -0.54296875
vn 0.65771484 -0.52246094 -0.54296875
vn 0.65771484 -0.52246094 -0.54296875
vn 0.8071289 0.014862061 0.59033203
vn 0.8071289 0.014862061 0.59033203
vn 0.8071289 0.014862061 0.59033203
vn 0.8071289 0.01486969 0.59033203
vn 0.8071289 0.01486969 0.59033203
vn 0.8071289 0.01486969 0.59033203
vn -0.7709961 0.0154953 0.63671875
vn -0.7709961 0.0154953 0.63671875
vn -0.7709961 0.0154953 0.63671875
vn -0.7709961 0.01550293 0.63671875
vn -0.7709961 0.01550293 0.63671875
vn -0.7709961 0.01550293 0.63671875
vn -0.8071289 0.00034976006 -0.59033203
vn -0.8071289 0.00034976006 -0.59033203
vn -0.8071289 0.00034976006 -0.59033203
vn -0.8071289 0.00034832954 -0.59033203
vn -0.8071289 0.00034832954 -0.59033203
vn -0.8071289 0.00034832954 -0.59033203
vn 0.7006836 0.00356102 0.7133789
vn 0.7006836 0.00356102 0.7133789
vn 0.7006836 0.00356102 0.7133789
vn 0.7006836 0.0035572052 0.7133789
vn 0.7006836 0.0035572052 0.7133789
vn 0.7006836 0.0035572052 0.7133789
vn 0.7133789 -7.748604E-07 -0.7006836
vn 0.7133789 -7.748604E-07 -0.7006836
vn 0.7133789 -7.748604E-07 -0.7006836
vn 0.7133789 -1.3113022E-06 -0.7006836
vn 0.7133789 -1.3113022E-06 -0.7006836
vn 0.7133789 -1.3113022E-06 -0.7006836
vn 0.30566406 -0.89990234 0.31103516
vn 0.30566406 -0.89990234 0.31103516
vn 0.30566406 -0.89990234 0.31103516
vn -0.33569336 -0.8823242 0.32983398
vn -0.33569336 -0.8823242 0.32983398
vn -0.33569336 -0.8823242 0.32983398
vn 0.50146484 -0.7109375 -0.49291992
vn 0.50146484 -0.7109375 -0.49291992
vn 0.50146484 -0.7109375 -0.49291992
vn -0.44140625 -0.77685547 -0.44921875
vn -0.44140625 -0.77685547 -0.44921875
vn -0.44140625 -0.77685547 -0.44921875
vn 0.5727539 -0.81933594 0.02557373
vn 0.5727539 -0.81933594 0.02557373
vn 0.5727539 -0.81933594 0.02557373
vn 0.4519043 -0.89208984 0.0067863464
vn 0.4519043 -0.89208984 0.0067863464
vn 0.4519043 -0.89208984 0.0067863464
vn -0.6777344 -0.52246094 0.5175781
vn -0.6777344 -0.52246094 0.5175781
vn -0.6777344 -0.52246094 0.5175781
vn 0.66796875 -0.5239258 0.5283203
vn 0.66796875 -0.5239258 0.5283203
vn 0.66796875 -0.5239258 0.5283203
vn -0.66796875 -0.5239258 -0.5283203
vn -0.66796875 -0.5239258 -0.5283203
vn -0.66796875 -0.5239258 -0.5283203
vn 0.6777344 -0.52246094 -0.5175781
vn 0.6777344 -0.52246094 -0.5175781
vn 0.6777344 -0.52246094 -0.5175781
vn -0.7944336 0.0056991577 0.6069336
vn -0.7944336 0.0056991577 0.6069336
vn -0.7944336 0.0056991577 0.6069336
vn -0.7944336 0.0057029724 0.6069336
vn -0.7944336 0.0057029724 0.6069336
vn -0.7944336 0.0057029724 0.6069336
vn -0.61816406 -0.68359375 0.38842773
vn -0.61816406 -0.68359375 0.38842773
vn -0.61816406 -0.68359375 0.38842773
vn 0.60498047 -0.6923828 0.3935547
vn 0.60498047 -0.6923828 0.3935547
vn 0.60498047 -0.6923828 0.3935547
vn -0.61816406 -0.68310547 -0.38842773
vn -0.61816406 -0.68310547 -0.38842773
vn -0.61816406 -0.68310547 -0.38842773
vn 0.61816406 -0.68310547 -0.38842773
vn 0.61816406 -0.68310547 -0.38842773
vn 0.61816406 -0.68310547 -0.38842773
vn 0.8383789 0.0093307495 0.54541016
vn 0.8383789 0.0093307495 0.54541016
vn 0.8383789 0.0093307495 0.54541016
vn 0.8383789 0.0093307495 0.54541016
vn 0.8383789 0.0093307495 0.54541016
vn 0.8383789 0.0093307495 0.54541016
vn -0.8466797 0.009094238 0.5317383
vn -0.8466797 0.009094238 0.5317383
vn -0.8466797 0.009094238 0.5317383
vn -0.8466797 0.009101868 0.5317383
vn -0.8466797 0.009101868 0.5317383
vn -0.8466797 0.009101868 0.5317383
vn 0.8466797 1.1324883E-06 -0.5317383
vn 0.8466797 1.1324883E-06 -0.5317383
vn 0.8466797 1.1324883E-06 -0.5317383
vn 0.8466797 5.6624413E-06 -0.5317383
vn 0.8466797 5.6624413E-06 -0.5317383
vn 0.8466797 5.6624413E-06 -0.5317383
vn -0.8466797 -2.2053719E-06 -0.5317383
vn -0.8466797 -2.2053719E-06 -0.5317383
vn -0.8466797 -2.2053719E-06 -0.5317383
vn -0.8466797 5.9604645E-07 -0.5317383
vn -0.8466797 5.9604645E-07 -0.5317383
vn -0.8466797 5.9604645E-07 -0.5317383
vn -0.59521484 -0.74121094 0.30981445
vn -0.59521484 -0.74121094 0.30981445
vn -0.59521484 -0.74121094 0.30981445
vn 0.55029297 -0.75 0.36743164
vn 0.55029297 -0.75 0.36743164
vn 0.55029297 -0.75 0.36743164
vn -0.56396484 -0.74121094 -0.36401367
vn -0.56396484 -0.74121094 -0.36401367
vn -0.56396484 -0.74121094 -0.36401367
vn 0.59521484 -0.74121094 -0.30981445
vn 0.59521484 -0.74121094 -0.30981445
vn 0.59521484 -0.74121094 -0.30981445
vn 0.83154297 0.0044136047 0.5551758
vn 0.83154297 0.0044136047 0.5551758
vn 0.83154297 0.0044136047 0.5551758
vn 0.83154297 0.0044136047 0.5551758
vn 0.83154297 0.0044136047 0.5551758
vn 0.83154297 0.0044136047 0.5551758
vn -0.88720703 0.004299164 0.46166992
vn -0.88720703 0.004299164 0.46166992
vn -0.88720703 0.004299164 0.46166992
vn -0.88720703 0.004299164 0.46166992
vn -0.88720703 0.004299164 0.46166992
vn -0.88720703 0.004299164 0.46166992
vn 0.88720703 2.9802322E-07 -0.46166992
vn 0.88720703 2.9802322E-07 -0.46166992
vn 0.88720703 2.9802322E-07 -0.46166992
vn 0.88720703 3.9339066E-06 -0.46166992
vn 0.88720703 3.9339066E-06 -0.46166992
vn 0.88720703 3.9339066E-06 -0.46166992
vn -0.84033203 3.5762787E-07 -0.54248047
vn -0.84033203 3.5762787E-07 -0.54248047
vn -0.84033203 3.5762787E-07 -0.54248047
vn -0.84033203 8.940697E-07 -0.54248047
vn -0.84033203 8.940697E-07 -0.54248047
vn -0.84033203 8.940697E-07 -0.54248047
vn -0.39501953 -0.57714844 0.71435547
vn -0.39501953 -0.57714844 0.71435547
vn -0.39501953 -0.57714844 0.71435547
vn 0.71435547 -0.57714844 0.39501953
vn 0.71435547 -0.57714844 0.39501953
vn 0.71435547 -0.57714844 0.39501953
vn -0.71435547 -0.57714844 -0.39501953
vn -0.71435547 -0.57714844 -0.39501953
vn -0.71435547 -0.57714844 -0.39501953
vn 0.39501953 -0.57714844 -0.71435547
vn 0.39501953 -0.57714844 -0.71435547
vn 0.39501953 -0.57714844 -0.71435547
vn -0.48388672 0.006427765 0.875
vn -0.48388672 0.006427765 0.875
vn -0.48388672 0.006427765 0.875
vn -0.48388672 0.006427765 0.875
vn -0.48388672 0.006427765 0.875
vn -0.48388672 0.006427765 0.875
vn -0.55810547 -0.57714844 0.5957031
vn -0.55810547 -0.57714844 0.5957031
vn -0.55810547 -0.57714844 0.5957031
vn 0.5957031 -0.57714844 0.55810547
vn 0.5957031 -0.57714844 0.55810547
vn 0.5957031 -0.57714844 0.55810547
vn -0.5957031 -0.57714844 -0.55810547
vn -0.5957031 -0.57714844 -0.55810547
vn -0.5957031 -0.57714844 -0.55810547
vn 0.55810547 -0.57714844 -0.5957031
vn 0.55810547 -0.57714844 -0.5957031
vn 0.55810547 -0.57714844 -0.5957031
vn -0.68359375 0.0036697388 0.72998047
vn -0.68359375 0.0036697388 0.72998047
vn -0.68359375 0.0036697388 0.72998047
vn -0.68359375 0.0036716461 0.72998047
vn -0.68359375 0.0036716461 0.72998047
vn -0.68359375 0.0036716461 0.72998047
vn -0.58740234 -0.5292969 0.6123047
vn -0.58740234 -0.5292969 0.6123047
vn -0.58740234 -0.5292969 0.6123047
vn 0.7446289 -0.51660156 0.42236328
vn 0.7446289 -0.51660156 0.42236328
vn 0.7446289 -0.51660156 0.42236328
vn -0.7338867 -0.53125 -0.42382812
vn -0.7338867 -0.53125 -0.42382812
vn -0.7338867 -0.53125 -0.42382812
vn 0.59814453 -0.5151367 -0.61376953
vn 0.59814453 -0.5151367 -0.61376953
vn 0.59814453 -0.5151367 -0.61376953
vn -0.6953125 -0.002614975 0.71875
vn -0.6953125 -0.002614975 0.71875
vn -0.6953125 -0.002614975 0.71875
vn -0.6953125 -0.0026130676 0.71875
vn -0.6953125 -0.0026130676 0.71875
vn -0.6953125 -0.0026130676 0.71875
vn -0.5004883 -0.52246094 0.6904297
vn -0.5004883 -0.52246094 0.6904297
vn -0.5004883 -0.52246094 0.6904297
vn 0.7915039 -0.5239258 0.31445312
vn 0.7915039 -0.5239258 0.31445312
vn 0.7915039 -0.5239258 0.31445312
vn -0.7915039 -0.5239258 -0.31445312
vn -0.7915039 -0.5239258 -0.31445312
vn -0.7915039 -0.5239258 -0.31445312
vn 0.5004883 -0.52246094 -0.6904297
vn 0.5004883 -0.52246094 -0.6904297
vn 0.5004883 -0.52246094 -0.6904297
vn -0.58691406 0.0056991577 0.8095703
vn -0.58691406 0.0056991577 0.8095703
vn -0.58691406 0.0056991577 0.8095703
vn -0.58691406 0.0057029724 0.8095703
vn -0.58691406 0.0057029724 0.8095703
vn -0.58691406 0.0057029724 0.8095703
vn -0.6069336 -0.57714844 0.5463867
vn -0.6069336 -0.57714844 0.5463867
vn -0.6069336 -0.57714844 0.5463867
vn 0.5463867 -0.57714844 0.6069336
vn 0.5463867 -0.57714844 0.6069336
vn 0.5463867 -0.57714844 0.6069336
vn -0.5463867 -0.57714844 -0.6069336
vn -0.5463867 -0.57714844 -0.6069336
vn -0.5463867 -0.57714844 -0.6069336
vn 0.6069336 -0.57714844 -0.5463867
vn 0.6069336 -0.57714844 -0.5463867
vn 0.6069336 -0.57714844 -0.5463867
vn -0.74316406 0.003074646 0.6689453
vn -0.74316406 0.003074646 0.6689453
vn -0.74316406 0.003074646 0.6689453
vn -0.74316406 0.0030765533 0.6689453
vn -0.74316406 0.0030765533 0.6689453
vn -0.74316406 0.0030765533 0.6689453
vn 0.68408203 0.023086548 0.7290039
vn 0.68408203 0.023086548 0.7290039
vn 0.68408203 0.023086548 0.7290039
vn 0.68408203 0.023086548 0.7290039
vn 0.68408203 0.023086548 0.7290039
vn 0.68408203 0.023086548 0.7290039
vn 0.7294922 -0.0029678345 -0.68408203
vn 0.7294922 -0.0029678345 -0.68408203
vn 0.7294922 -0.0029678345 -0.68408203
vn 0.7294922 -0.0029735565 -0.68408203
vn 0.7294922 -0.0029735565 -0.68408203
vn 0.7294922 -0.0029735565 -0.68408203
vn 0.4506836 -0.7470703 0.48828125
vn 0.4506836 -0.7470703 0.48828125
vn 0.4506836 -0.7470703 0.48828125
vn -0.47924805 -0.74853516 0.4584961
vn -0.47924805 -0.74853516 0.4584961
vn -0.47924805 -0.74853516 0.4584961
vn 0.47753906 -0.7607422 -0.43920898
vn 0.47753906 -0.7607422 -0.43920898
vn 0.47753906 -0.7607422 -0.43920898
vn -0.44677734 -0.76220703 -0.46850586
vn -0.44677734 -0.76220703 -0.46850586
vn -0.44677734 -0.76220703 -0.46850586
vn -0.5649414 -0.57714844 0.58935547
vn -0.5649414 -0.57714844 0.58935547
vn -0.5649414 -0.57714844 0.58935547
vn 0.58984375 -0.57714844 0.5649414
vn 0.58984375 -0.57714844 0.5649414
vn 0.58984375 -0.57714844 0.5649414
vn -0.58984375 -0.57714844 -0.5649414
vn -0.58984375 -0.57714844 -0.5649414
vn -0.58984375 -0.57714844 -0.5649414
vn 0.5649414 -0.57714844 -0.58984375
vn 0.5649414 -0.57714844 -0.58984375
vn 0.5649414 -0.57714844 -0.58984375
vn -0.69189453 0.0095825195 0.72216797
vn -0.69189453 0.0095825195 0.72216797
vn -0.69189453 0.0095825195 0.72216797
vn -0.69189453 0.0095825195 0.72216797
vn -0.69189453 0.0095825195 0.72216797
vn -0.69189453 0.0095825195 0.72216797
vn -0.2939453 -0.57714844 0.76171875
vn -0.2939453 -0.57714844 0.76171875
vn -0.2939453 -0.57714844 0.76171875
vn 0.76171875 -0.57714844 0.2939453
vn 0.76171875 -0.57714844 0.2939453
vn 0.76171875 -0.57714844 0.2939453
vn -0.76171875 -0.57714844 -0.29418945
vn -0.76171875 -0.57714844 -0.29418945
vn -0.76171875 -0.57714844 -0.29418945
vn 0.29418945 -0.57714844 -0.76171875
vn 0.29418945 -0.57714844 -0.76171875
vn 0.29418945 -0.57714844 -0.76171875
vn -0.36010742 0.0030708313 0.93310547
vn -0.36010742 0.0030708313 0.93310547
vn -0.36010742 0.0030708313 0.93310547
vn -0.36010742 0.0030765533 0.93310547
vn -0.36010742 0.0030765533 0.93310547
vn -0.36010742 0.0030765533 0.93310547
vn -0.6777344 -0.52246094 0.5175781
vn -0.6777344 -0.52246094 0.5175781
vn -0.6777344 -0.52246094 0.5175781
vn 0.66796875 -0.5239258 0.5283203
vn 0.66796875 -0.5239258 0.5283203
vn 0.66796875 -0.5239258 0.5283203
vn -0.66796875 -0.5239258 -0.5283203
vn -0.66796875 -0.5239258 -0.5283203
vn -0.66796875 -0.5239258 -0.5283203
vn 0.6777344 -0.52246094 -0.5175781
vn 0.6777344 -0.52246094 -0.5175781
vn 0.6777344 -0.52246094 -0.5175781
vn -0.7944336 0.0056991577 0.6069336
vn -0.7944336 0.0056991577 0.6069336
vn -0.7944336 0.0056991577 0.6069336
vn -0.7944336 0.0056991577 0.6069336
vn -0.7944336 0.0056991577 0.6069336
vn -0.7944336 0.0056991577 0.6069336
vn -0.7841797 0.00012922287 -0.62060547
vn -0.7841797 0.00012922287 -0.62060547
vn -0.7841797 0.00012922287 -0.62060547
vn -0.7841797 0.00013184547 -0.62060547
vn -0.7841797 0.00013184547 -0.62060547
vn -0.7841797 0.00013184547 -0.62060547
vn 0.63964844 0.014930725 0.7685547
vn 0.63964844 0.014930725 0.7685547
vn 0.63964844 0.014930725 0.7685547
vn 0.63964844 0.014923096 0.7685547
vn 0.63964844 0.014923096 0.7685547
vn 0.63964844 0.014923096 0.7685547
vn -0.63964844 -0.00957489 -0.7685547
vn -0.63964844 -0.00957489 -0.7685547
vn -0.63964844 -0.00957489 -0.7685547
vn -0.63964844 -0.00957489 -0.7685547
vn -0.63964844 -0.00957489 -0.7685547
vn -0.63964844 -0.00957489 -0.7685547
vn 0.43969727 -0.71972656 0.5371094
vn 0.43969727 -0.71972656 0.5371094
vn 0.43969727 -0.71972656 0.5371094
vn -0.5283203 -0.7211914 0.44848633
vn -0.5283203 -0.7211914 0.44848633
vn -0.5283203 -0.7211914 0.44848633
vn 0.5263672 -0.734375 -0.42895508
vn 0.5263672 -0.734375 -0.42895508
vn 0.5263672 -0.734375 -0.42895508
vn -0.43774414 -0.73535156 -0.51708984
vn -0.43774414 -0.73535156 -0.51708984
vn -0.43774414 -0.73535156 -0.51708984
vn 0.6503906 0.023086548 0.75927734
vn 0.6503906 0.023086548 0.75927734
vn 0.6503906 0.023086548 0.75927734
vn 0.6503906 0.023071289 0.75927734
vn 0.6503906 0.023071289 0.75927734
vn 0.6503906 0.023071289 0.75927734
vn -0.6503906 -0.014808655 -0.7597656
vn -0.6503906 -0.014808655 -0.7597656
vn -0.6503906 -0.014808655 -0.7597656
vn -0.6503906 -0.014801025 -0.7597656
vn -0.6503906 -0.014801025 -0.7597656
vn -0.6503906 -0.014801025 -0.7597656
vn 0.44726562 -0.71972656 0.53125
vn 0.44726562 -0.71972656 0.53125
vn 0.44726562 -0.71972656 0.53125
vn -0.52197266 -0.7211914 0.45581055
vn -0.52197266 -0.7211914 0.45581055
vn -0.52197266 -0.7211914 0.45581055
vn 0.52001953 -0.734375 -0.4362793
vn 0.52001953 -0.734375 -0.4362793
vn 0.52001953 -0.734375 -0.4362793
vn -0.44482422 -0.73535156 -0.51123047
vn -0.44482422 -0.73535156 -0.51123047
vn -0.44482422 -0.73535156 -0.51123047
vn 0.6586914 0.032836914 0.75146484
vn 0.6586914 0.032836914 0.75146484
vn 0.6586914 0.032836914 0.75146484
vn 0.6586914 0.032836914 0.75146484
vn 0.6586914 0.032836914 0.75146484
vn 0.6586914 0.032836914 0.75146484
vn -0.6586914 -0.021057129 -0.7519531
vn -0.6586914 -0.021057129 -0.7519531
vn -0.6586914 -0.021057129 -0.7519531
vn -0.6586914 -0.021057129 -0.7519531
vn -0.6586914 -0.021057129 -0.7519531
vn -0.6586914 -0.021057129 -0.7519531
vn 0.7524414 -0.017532349 -0.6586914
vn 0.7524414 -0.017532349 -0.6586914
vn 0.7524414 -0.017532349 -0.6586914
vn 0.7519531 -0.017532349 -0.6586914
vn 0.7519531 -0.017532349 -0.6586914
vn 0.7519531 -0.017532349 -0.6586914
vn 0.45336914 -0.71972656 0.5258789
vn 0.45336914 -0.71972656 0.5258789
vn 0.45336914 -0.71972656 0.5258789
vn -0.51660156 -0.7211914 0.46166992
vn -0.51660156 -0.7211914 0.46166992
vn -0.51660156 -0.7211914 0.46166992
vn 0.5151367 -0.734375 -0.44213867
vn 0.5151367 -0.734375 -0.44213867
vn 0.5151367 -0.734375 -0.44213867
vn -0.4506836 -0.73535156 -0.5058594
vn -0.4506836 -0.73535156 -0.5058594
vn -0.4506836 -0.73535156 -0.5058594
vn 0.69140625 0.018157959 0.72216797
vn 0.69140625 0.018157959 0.72216797
vn 0.69140625 0.018157959 0.72216797
vn 0.69140625 0.018157959 0.72216797
vn 0.69140625 0.018157959 0.72216797
vn 0.69140625 0.018157959 0.72216797
vn 0.45581055 -0.7470703 0.48364258
vn 0.45581055 -0.7470703 0.48364258
vn 0.45581055 -0.7470703 0.48364258
vn -0.47460938 -0.74853516 0.4633789
vn -0.47460938 -0.74853516 0.4633789
vn -0.47460938 -0.74853516 0.4633789
vn 0.47314453 -0.7607422 -0.4440918
vn 0.47314453 -0.7607422 -0.4440918
vn 0.47314453 -0.7607422 -0.4440918
vn -0.45166016 -0.76220703 -0.4638672
vn -0.45166016 -0.76220703 -0.4638672
vn -0.45166016 -0.76220703 -0.4638672
vn -0.8051758 -0.5776367 0.13537598
vn -0.8051758 -0.5776367 0.13537598
vn -0.8051758 -0.5776367 0.13537598
vn 0.13537598 -0.57714844 0.8051758
vn 0.13537598 -0.57714844 0.8051758
vn 0.13537598 -0.57714844 0.8051758
vn -0.13537598 -0.57714844 -0.8051758
vn -0.13537598 -0.57714844 -0.8051758
vn -0.13537598 -0.57714844 -0.8051758
vn 0.8051758 -0.57714844 -0.13537598
vn 0.8051758 -0.57714844 -0.13537598
vn 0.8051758 -0.57714844 -0.13537598
vn -0.98583984 0.013290405 0.16577148
vn -0.98583984 0.013290405 0.16577148
vn -0.98583984 0.013290405 0.16577148
vn -0.98583984 0.013320923 0.16577148
vn -0.98583984 0.013320923 0.16577148
vn -0.98583984 0.013320923 0.16577148
vn 0.6743164 0.013763428 0.73828125
vn 0.6743164 0.013763428 0.73828125
vn 0.6743164 0.013763428 0.73828125
vn 0.6743164 0.0137786865 0.73828125
vn 0.6743164 0.0137786865 0.73828125
vn 0.6743164 0.0137786865 0.73828125
vn 0.55908203 -0.55908203 0.6118164
vn 0.55908203 -0.55908203 0.6118164
vn 0.55908203 -0.55908203 0.6118164
vn -0.55908203 -0.55908203 0.6118164
vn -0.55908203 -0.55908203 0.6118164
vn -0.55908203 -0.55908203 0.6118164
vn 0.55908203 -0.55908203 -0.6118164
vn 0.55908203 -0.55908203 -0.6118164
vn 0.55908203 -0.55908203 -0.6118164
vn -0.55908203 -0.55908203 -0.6118164
vn -0.55908203 -0.55908203 -0.6118164
vn -0.55908203 -0.55908203 -0.6118164
vn -0.70703125 -0.70703125 5.9604645E-07
vn -0.70703125 -0.70703125 5.9604645E-07
vn -0.70703125 -0.70703125 5.9604645E-07
vn -0.70703125 -0.70703125 -1.1920929E-06
vn -0.70703125 -0.70703125 -1.1920929E-06
vn -0.70703125 -0.70703125 -1.1920929E-06
vn 0.70214844 0.0025978088 0.71191406
vn 0.70214844 0.0025978088 0.71191406
vn 0.70214844 0.0025978088 0.71191406
vn 0.70214844 0.0025978088 0.71191406
vn 0.70214844 0.0025978088 0.71191406
vn 0.70214844 0.0025978088 0.71191406
vn 0.71191406 -0.0013875961 -0.70214844
vn 0.71191406 -0.0013875961 -0.70214844
vn 0.71191406 -0.0013875961 -0.70214844
vn 0.71191406 -0.0013875961 -0.70214844
vn 0.71191406 -0.0013875961 -0.70214844
vn 0.71191406 -0.0013875961 -0.70214844
vn 0.48364258 -0.71972656 0.49829102
vn 0.48364258 -0.71972656 0.49829102
vn 0.48364258 -0.71972656 0.49829102
vn -0.4885254 -0.7211914 0.49145508
vn -0.4885254 -0.7211914 0.49145508
vn -0.4885254 -0.7211914 0.49145508
vn 0.4880371 -0.734375 -0.47192383
vn 0.4880371 -0.734375 -0.47192383
vn 0.4880371 -0.734375 -0.47192383
vn -0.47973633 -0.73535156 -0.47827148
vn -0.47973633 -0.73535156 -0.47827148
vn -0.47973633 -0.73535156 -0.47827148
vn 0.67089844 0.009613037 0.74121094
vn 0.67089844 0.009613037 0.74121094
vn 0.67089844 0.009613037 0.74121094
vn 0.67089844 0.009613037 0.74121094
vn 0.67089844 0.009613037 0.74121094
vn 0.67089844 0.009613037 0.74121094
vn 0.74121094 -0.005130768 -0.67089844
vn 0.74121094 -0.005130768 -0.67089844
vn 0.74121094 -0.005130768 -0.67089844
vn 0.74121094 -0.005130768 -0.67089844
vn 0.74121094 -0.005130768 -0.67089844
vn 0.74121094 -0.005130768 -0.67089844
vn 0.46166992 -0.71972656 0.5185547
vn 0.46166992 -0.71972656 0.5185547
vn 0.46166992 -0.71972656 0.5185547
vn -0.50927734 -0.7211914 0.4699707
vn -0.50927734 -0.7211914 0.4699707
vn -0.50927734 -0.7211914 0.4699707
vn 0.5078125 -0.734375 -0.45043945
vn 0.5078125 -0.734375 -0.45043945
vn 0.5078125 -0.734375 -0.45043945
vn -0.45898438 -0.73535156 -0.49853516
vn -0.45898438 -0.73535156 -0.49853516
vn -0.45898438 -0.73535156 -0.49853516
vn 0.59033203 0.0072784424 0.8071289
vn 0.59033203 0.0072784424 0.8071289
vn 0.59033203 0.0072784424 0.8071289
vn 0.59033203 0.0072784424 0.8071289
vn 0.59033203 0.0072784424 0.8071289
vn 0.59033203 0.0072784424 0.8071289
vn 0.47705078 -0.58935547 0.65185547
vn 0.47705078 -0.58935547 0.65185547
vn 0.47705078 -0.58935547 0.65185547
vn -0.5571289 -0.58447266 0.58984375
vn -0.5571289 -0.58447266 0.58984375
vn -0.5571289 -0.58447266 0.58984375
vn 0.55371094 -0.5800781 -0.59716797
vn 0.55371094 -0.5800781 -0.59716797
vn 0.55371094 -0.5800781 -0.59716797
vn -0.47705078 -0.58935547 -0.65185547
vn -0.47705078 -0.58935547 -0.65185547
vn -0.47705078 -0.58935547 -0.65185547
vn 0.60498047 0.0023498535 0.79589844
vn 0.60498047 0.0023498535 0.79589844
vn 0.60498047 0.0023498535 0.79589844
vn 0.60498047 0.0023517609 0.79589844
vn 0.60498047 0.0023517609 0.79589844
vn 0.60498047 0.0023517609 0.79589844
vn 0.53125 -0.4777832 0.69970703
vn 0.53125 -0.4777832 0.69970703
vn 0.53125 -0.4777832 0.69970703
vn -0.7871094 -0.4638672 0.40649414
vn -0.7871094 -0.4638672 0.40649414
vn -0.7871094 -0.4638672 0.40649414
vn 0.7871094 -0.46557617 -0.40478516
vn 0.7871094 -0.46557617 -0.40478516
vn 0.7871094 -0.46557617 -0.40478516
vn -0.53125 -0.47998047 -0.6982422
vn -0.53125 -0.47998047 -0.6982422
vn -0.53125 -0.47998047 -0.6982422
vn 0.54541016 0.0012216568 0.8383789
vn 0.54541016 0.0012216568 0.8383789
vn 0.54541016 0.0012216568 0.8383789
vn 0.54541016 0.0012216568 0.8383789
vn 0.54541016 0.0012216568 0.8383789
vn 0.54541016 0.0012216568 0.8383789
vn 0.49731445 -0.41015625 0.76464844
vn 0.49731445 -0.41015625 0.76464844
vn 0.49731445 -0.41015625 0.76464844
vn -0.66308594 -0.40600586 0.62890625
vn -0.66308594 -0.40600586 0.62890625
vn -0.66308594 -0.40600586 0.62890625
vn 0.6582031 -0.4020996 -0.63623047
vn 0.6582031 -0.4020996 -0.63623047
vn 0.6582031 -0.4020996 -0.63623047
vn -0.49731445 -0.41015625 -0.76464844
vn -0.49731445 -0.41015625 -0.76464844
vn -0.49731445 -0.41015625 -0.76464844
vn 0.6088867 -0.010551453 0.79345703
vn 0.6088867 -0.010551453 0.79345703
vn 0.6088867 -0.010551453 0.79345703
vn 0.6088867 -0.010551453 0.79345703
vn 0.6088867 -0.010551453 0.79345703
vn 0.6088867 -0.010551453 0.79345703
vn 0.55126953 -0.42016602 0.7207031
vn 0.55126953 -0.42016602 0.7207031
vn 0.55126953 -0.42016602 0.7207031
vn -0.61621094 -0.40429688 0.67578125
vn -0.61621094 -0.40429688 0.67578125
vn -0.61621094 -0.40429688 0.67578125
vn 0.60302734 -0.4038086 -0.6879883
vn 0.60302734 -0.4038086 -0.6879883
vn 0.60302734 -0.4038086 -0.6879883
vn -0.55908203 -0.39990234 -0.7260742
vn -0.55908203 -0.39990234 -0.7260742
vn -0.55908203 -0.39990234 -0.7260742
vn -0.77685547 0.009628296 0.6298828
vn -0.77685547 0.009628296 0.6298828
vn -0.77685547 0.009628296 0.6298828
vn -0.8232422 0.0028152466 0.5678711
vn -0.8232422 0.0028152466 0.5678711
vn -0.8232422 0.0028152466 0.5678711
vn 0.7548828 0.0032424927 0.65625
vn 0.7548828 0.0032424927 0.65625
vn 0.7548828 0.0032424927 0.65625
vn 0.7548828 0.0032444 0.65625
vn 0.7548828 0.0032444 0.65625
vn 0.7548828 0.0032444 0.65625
vn 0.66259766 -0.4790039 0.5756836
vn 0.66259766 -0.4790039 0.5756836
vn 0.66259766 -0.4790039 0.5756836
vn -0.71875 -0.4880371 0.49560547
vn -0.71875 -0.4880371 0.49560547
vn -0.71875 -0.4880371 0.49560547
vn 0.6879883 -0.46484375 -0.5576172
vn 0.6879883 -0.46484375 -0.5576172
vn 0.6879883 -0.46484375 -0.5576172
vn -0.66259766 -0.47875977 -0.5761719
vn -0.66259766 -0.47875977 -0.5761719
vn -0.66259766 -0.47875977 -0.5761719
vn 0.009002686 -0.63964844 0.7685547
vn 0.009002686 -0.63964844 0.7685547
vn 0.009002686 -0.63964844 0.7685547
vn 0.015167236 -0.68359375 0.7294922
vn 0.015167236 -0.68359375 0.7294922
vn 0.015167236 -0.68359375 0.7294922
vn -0.75683594 0.0029907227 0.6538086
vn -0.75683594 0.0029907227 0.6538086
vn -0.75683594 0.0029907227 0.6538086
vn -0.81591797 -0.005332947 0.578125
vn -0.81591797 -0.005332947 0.578125
vn -0.81591797 -0.005332947 0.578125
vn 0.77490234 0.002653122 0.6323242
vn 0.77490234 0.002653122 0.6323242
vn 0.77490234 0.002653122 0.6323242
vn 0.77490234 0.002653122 0.6323242
vn 0.77490234 0.002653122 0.6323242
vn 0.77490234 0.002653122 0.6323242
vn 0.6826172 -0.4794922 0.5517578
vn 0.6826172 -0.4794922 0.5517578
vn 0.6826172 -0.4794922 0.5517578
vn -0.69628906 -0.4921875 0.52246094
vn -0.69628906 -0.4921875 0.52246094
vn -0.69628906 -0.4921875 0.52246094
vn 0.6723633 -0.4572754 -0.58203125
vn 0.6723633 -0.4572754 -0.58203125
vn 0.6723633 -0.4572754 -0.58203125
vn -0.6777344 -0.47827148 -0.55810547
vn -0.6777344 -0.47827148 -0.55810547
vn -0.6777344 -0.47827148 -0.55810547
vn -0.8232422 0.0025959015 0.5678711
vn -0.8232422 0.0025959015 0.5678711
vn -0.8232422 0.0025959015 0.5678711
vn -0.8232422 0.0025978088 0.5678711
vn -0.8232422 0.0025978088 0.5678711
vn -0.8232422 0.0025978088 0.5678711
vn 0.70166016 0.002696991 0.71240234
vn 0.70166016 0.002696991 0.71240234
vn 0.70166016 0.002696991 0.71240234
vn 0.70166016 0.0026988983 0.71240234
vn 0.70166016 0.0026988983 0.71240234
vn 0.70166016 0.0026988983 0.71240234
vn 0.61621094 -0.4790039 0.6254883
vn 0.61621094 -0.4790039 0.6254883
vn 0.61621094 -0.4790039 0.6254883
vn -0.7290039 -0.46484375 0.5029297
vn -0.7290039 -0.46484375 0.5029297
vn -0.7290039 -0.46484375 0.5029297
vn 0.7290039 -0.46484375 -0.5029297
vn 0.7290039 -0.46484375 -0.5029297
vn 0.7290039 -0.46484375 -0.5029297
vn -0.61621094 -0.47875977 -0.6254883
vn -0.61621094 -0.47875977 -0.6254883
vn -0.61621094 -0.47875977 -0.6254883
vn 0.7651367 0.002029419 0.64404297
vn 0.7651367 0.002029419 0.64404297
vn 0.7651367 0.002029419 0.64404297
vn 0.7651367 0.002029419 0.64404297
vn 0.7651367 0.002029419 0.64404297
vn 0.7651367 0.002029419 0.64404297
vn -0.7651367 -0.0005583763 -0.64404297
vn -0.7651367 -0.0005583763 -0.64404297
vn -0.7651367 -0.0005583763 -0.64404297
vn -0.72265625 -0.002796173 -0.69140625
vn -0.72265625 -0.002796173 -0.69140625
vn -0.72265625 -0.002796173 -0.69140625
vn 0.671875 -0.4777832 0.56591797
vn 0.671875 -0.4777832 0.56591797
vn 0.671875 -0.4777832 0.56591797
vn -0.67871094 -0.4638672 0.56933594
vn -0.67871094 -0.4638672 0.56933594
vn -0.67871094 -0.4638672 0.56933594
vn 0.67871094 -0.46557617 -0.5678711
vn 0.67871094 -0.46557617 -0.5678711
vn 0.67871094 -0.46557617 -0.5678711
vn -0.62353516 -0.5058594 -0.5957031
vn -0.62353516 -0.5058594 -0.5957031
vn -0.62353516 -0.5058594 -0.5957031
vn -0.7270508 0.006931305 -0.68652344
vn -0.7270508 0.006931305 -0.68652344
vn -0.7270508 0.006931305 -0.68652344
vn -0.7270508 0.006931305 -0.68652344
vn -0.7270508 0.006931305 -0.68652344
vn -0.7270508 0.006931305 -0.68652344
vn -0.6015625 -0.56152344 -0.5678711
vn -0.6015625 -0.56152344 -0.5678711
vn -0.6015625 -0.56152344 -0.5678711
vn -0.088378906 -0.99365234 0.07104492
vn -0.088378906 -0.99365234 0.07104492
vn -0.088378906 -0.99365234 0.07104492
vn 0.6225586 -0.6020508 -0.5
vn 0.6225586 -0.6020508 -0.5
vn 0.6225586 -0.6020508 -0.5
vn 0.58154297 -0.60058594 0.5488281
vn 0.58154297 -0.60058594 0.5488281
vn 0.58154297 -0.60058594 0.5488281
vn 0.017349243 -0.75341797 -0.65722656
vn 0.017349243 -0.75341797 -0.65722656
vn 0.017349243 -0.75341797 -0.65722656
vn 0.015220642 -0.7192383 -0.6948242
vn 0.015220642 -0.7192383 -0.6948242
vn 0.015220642 -0.7192383 -0.6948242
vn -0.03024292 -0.99658203 0.07366943
vn -0.03024292 -0.99658203 0.07366943
vn -0.03024292 -0.99658203 0.07366943
vn -0.010879517 -0.75341797 0.65771484
vn -0.010879517 -0.75341797 0.65771484
vn -0.010879517 -0.75341797 0.65771484
vn -0.74316406 -0.6694336 0.0071868896
vn -0.74316406 -0.6694336 0.0071868896
vn -0.74316406 -0.6694336 0.0071868896
vn -0.08581543 -0.99609375 -0.0032787323
vn -0.08581543 -0.99609375 -0.0032787323
vn -0.08581543 -0.99609375 -0.0032787323
vn 0.6425781 0.021072388 0.765625
vn 0.6425781 0.021072388 0.765625
vn 0.6425781 0.021072388 0.765625
vn 0.6425781 0.021072388 0.765625
vn 0.6425781 0.021072388 0.765625
vn 0.6425781 0.021072388 0.765625
vn -0.765625 0.023849487 0.6425781
vn -0.765625 0.023849487 0.6425781
vn -0.765625 0.023849487 0.6425781
vn -0.765625 0.023849487 0.6425781
vn -0.765625 0.023849487 0.6425781
vn -0.765625 0.023849487 0.6425781
vn -0.6254883 -0.57714844 0.52490234
vn -0.6254883 -0.57714844 0.52490234
vn -0.6254883 -0.57714844 0.52490234
vn 0.52490234 -0.57714844 0.6254883
vn 0.52490234 -0.57714844 0.6254883
vn 0.52490234 -0.57714844 0.6254883
vn -0.52490234 -0.57714844 -0.6254883
vn -0.52490234 -0.57714844 -0.6254883
vn -0.52490234 -0.57714844 -0.6254883
vn 0.6254883 -0.57714844 -0.52490234
vn 0.6254883 -0.57714844 -0.52490234
vn 0.6254883 -0.57714844 -0.52490234
vn 0.011955261 -0.7060547 -0.7080078
vn 0.011955261 -0.7060547 -0.7080078
vn 0.011955261 -0.7060547 -0.7080078
vn 0.011955261 -0.7060547 -0.7080078
vn 0.011955261 -0.7060547 -0.7080078
vn 0.011955261 -0.7060547 -0.7080078
vn 0.8666992 0.0072784424 0.49926758
vn 0.8666992 0.0072784424 0.49926758
vn 0.8666992 0.0072784424 0.49926758
vn 0.8666992 0.0072784424 0.49926758
vn 0.8666992 0.0072784424 0.49926758
vn 0.8666992 0.0072784424 0.49926758
vn 0.7001953 -0.58935547 0.4033203
vn 0.7001953 -0.58935547 0.4033203
vn 0.7001953 -0.58935547 0.4033203
vn -0.27075195 -0.58447266 0.76464844
vn -0.27075195 -0.58447266 0.76464844
vn -0.27075195 -0.58447266 0.76464844
vn 0.26464844 -0.5800781 -0.77001953
vn 0.26464844 -0.5800781 -0.77001953
vn 0.26464844 -0.5800781 -0.77001953
vn -0.7001953 -0.58935547 -0.4033203
vn -0.7001953 -0.58935547 -0.4033203
vn -0.7001953 -0.58935547 -0.4033203
vn 0.40454102 0.0072784424 0.9145508
vn 0.40454102 0.0072784424 0.9145508
vn 0.40454102 0.0072784424 0.9145508
vn 0.40454102 0.0072784424 0.9145508
vn 0.40454102 0.0072784424 0.9145508
vn 0.40454102 0.0072784424 0.9145508
vn 0.32666016 -0.58935547 0.73876953
vn 0.32666016 -0.58935547 0.73876953
vn 0.32666016 -0.58935547 0.73876953
vn -0.67041016 -0.58447266 0.4572754
vn -0.67041016 -0.58447266 0.4572754
vn -0.67041016 -0.58447266 0.4572754
vn 0.66845703 -0.5800781 -0.4650879
vn 0.66845703 -0.5800781 -0.4650879
vn 0.66845703 -0.5800781 -0.4650879
vn -0.32666016 -0.58935547 -0.73876953
vn -0.32666016 -0.58935547 -0.73876953
vn -0.32666016 -0.58935547 -0.73876953
vn -0.5834961 -0.57714844 0.5708008
vn -0.5834961 -0.57714844 0.5708008
vn -0.5834961 -0.57714844 0.5708008
vn 0.5708008 -0.57714844 0.5834961
vn 0.5708008 -0.57714844 0.5834961
vn 0.5708008 -0.57714844 0.5834961
vn -0.5708008 -0.57714844 -0.5834961
vn -0.5708008 -0.57714844 -0.5834961
vn -0.5708008 -0.57714844 -0.5834961
vn 0.5834961 -0.57714844 -0.5708008
vn 0.5834961 -0.57714844 -0.5708008
vn 0.5834961 -0.57714844 -0.5708008
vn -0.044403076 0.007484436 0.99902344
vn -0.044403076 0.007484436 0.99902344
vn -0.044403076 0.007484436 0.99902344
vn -0.044403076 0.007484436 0.99902344
vn -0.044403076 0.007484436 0.99902344
vn -0.044403076 0.007484436 0.99902344
vn -0.71484375 0.005290985 0.69921875
vn -0.71484375 0.005290985 0.69921875
vn -0.71484375 0.005290985 0.69921875
vn -0.71484375 0.0052948 0.69921875
vn -0.71484375 0.0052948 0.69921875
vn -0.71484375 0.0052948 0.69921875
vn -0.60253906 -0.59765625 0.5288086
vn -0.60253906 -0.59765625 0.5288086
vn -0.60253906 -0.59765625 0.5288086
vn 0.5493164 -0.57714844 0.6040039
vn 0.5493164 -0.57714844 0.6040039
vn 0.5493164 -0.57714844 0.6040039
vn -0.52783203 -0.57714844 -0.62353516
vn -0.52783203 -0.57714844 -0.62353516
vn -0.52783203 -0.57714844 -0.62353516
vn 0.6245117 -0.5566406 -0.54833984
vn 0.6245117 -0.5566406 -0.54833984
vn 0.6245117 -0.5566406 -0.54833984
vn 0.65966797 0.0034732819 0.75146484
vn 0.65966797 0.0034732819 0.75146484
vn 0.65966797 0.0034732819 0.75146484
vn 0.65966797 0.0034770966 0.75146484
vn 0.65966797 0.0034770966 0.75146484
vn 0.65966797 0.0034770966 0.75146484
vn -0.75146484 -0.021530151 0.65966797
vn -0.75146484 -0.021530151 0.65966797
vn -0.75146484 -0.021530151 0.65966797
vn -0.75146484 -0.021530151 0.65966797
vn -0.75146484 -0.021530151 0.65966797
vn -0.75146484 -0.021530151 0.65966797
vn -0.6489258 -0.57714844 0.49560547
vn -0.6489258 -0.57714844 0.49560547
vn -0.6489258 -0.57714844 0.49560547
vn 0.49560547 -0.57714844 0.6489258
vn 0.49560547 -0.57714844 0.6489258
vn 0.49560547 -0.57714844 0.6489258
vn -0.49560547 -0.57714844 -0.6489258
vn -0.49560547 -0.57714844 -0.6489258
vn -0.49560547 -0.57714844 -0.6489258
vn 0.6489258 -0.57714844 -0.4958496
vn 0.6489258 -0.57714844 -0.4958496
vn 0.6489258 -0.57714844 -0.4958496
vn -0.7944336 0.0021820068 0.6069336
vn -0.7944336 0.0021820068 0.6069336
vn -0.7944336 0.0021820068 0.6069336
vn -0.7944336 0.0021820068 0.6069336
vn -0.7944336 0.0021820068 0.6069336
vn -0.7944336 0.0021820068 0.6069336
vn 0.70654297 -0.70703125 0.027114868
vn 0.70654297 -0.70703125 0.027114868
vn 0.70654297 -0.70703125 0.027114868
vn 0.70654297 -0.70703125 0.027114868
vn -0.004825592 -0.70703125 0.70703125
vn -0.004825592 -0.70703125 0.70703125
vn -0.004825592 -0.70703125 0.70703125
vn -0.004825592 -0.70703125 0.70703125
vn -0.70654297 -0.70703125 -0.027114868
vn -0.70654297 -0.70703125 -0.027114868
vn -0.70654297 -0.70703125 -0.027114868
vn -0.70654297 -0.70703125 -0.027114868
vn 0.004825592 -0.70703125 -0.70703125
vn 0.004825592 -0.70703125 -0.70703125
vn 0.004825592 -0.70703125 -0.70703125
vn 0.004825592 -0.70703125 -0.70703125
vn -0.7055664 -0.70703125 0.04788208
vn -0.7055664 -0.70703125 0.04788208
vn -0.7055664 -0.70703125 0.04788208
vn -0.7055664 -0.70703125 0.04788208
vn -0.05493164 -0.70703125 -0.7050781
vn -0.05493164 -0.70703125 -0.7050781
vn -0.05493164 -0.70703125 -0.7050781
vn -0.05493164 -0.70703125 -0.7050781
vn 0.7055664 -0.70703125 -0.04788208
vn 0.7055664 -0.70703125 -0.04788208
vn 0.7055664 -0.70703125 -0.04788208
vn 0.7055664 -0.70703125 -0.04788208
vn 0.05493164 -0.70703125 0.7050781
vn 0.05493164 -0.70703125 0.7050781
vn 0.05493164 -0.70703125 0.7050781
vn 0.05493164 -0.70703125 0.7050781
vn 0.0068244934 0.011253357 -1
vn 0.0068244934 0.011253357 -1
vn 0.0068244934 0.011253357 -1
vn 0.0068244934 0.011253357 -1
vn -0.99902344 0.00028848648 -0.03842163
vn -0.99902344 0.00028848648 -0.03842163
vn -0.99902344 0.00028848648 -0.03842163
vn -0.99902344 1.5497208E-06 -0.038330078
vn -0.0068244934 -7.748604E-07 1
vn -0.0068244934 -7.748604E-07 1
vn -0.0068244934 -7.748604E-07 1
vn -0.0068244934 -2.6226044E-06 1
vn 0.99902344 -3.1590462E-06 0.03842163
vn 0.99902344 -3.1590462E-06 0.03842163
vn 0.99902344 -3.1590462E-06 0.03842163
vn 0.99902344 -0.0002875328 0.038330078
vn -0.6977539 0.0079574585 -0.7163086
vn -0.6977539 0.0079574585 -0.7163086
vn -0.6977539 0.0079574585 -0.7163086
vn -0.6977539 0.007965088 -0.7163086
vn 0.7163086 0.0079574585 -0.6977539
vn 0.7163086 0.0079574585 -0.6977539
vn 0.7163086 0.0079574585 -0.6977539
vn 0.7163086 0.0079574585 -0.6977539
vn 0.6977539 -6.198883E-06 0.7163086
vn 0.6977539 -6.198883E-06 0.7163086
vn 0.6977539 -6.198883E-06 0.7163086
vn 0.6977539 -4.351139E-06 0.7163086
vn 0.077697754 0.010803223 0.9970703
vn 0.077697754 0.010803223 0.9970703
vn 0.077697754 0.010803223 0.9970703
vn 0.077697754 0.010795593 0.9970703
vn 0.9975586 0.00010550022 -0.06768799
vn 0.9975586 0.00010550022 -0.06768799
vn 0.9975586 0.00010550022 -0.06768799
vn 0.9975586 0 -0.06768799
vn -0.077697754 4.351139E-06 -0.9970703
vn -0.077697754 4.351139E-06 -0.9970703
vn -0.077697754 4.351139E-06 -0.9970703
vn -0.077697754 2.682209E-06 -0.9970703
vn -0.9975586 0 0.06768799
vn -0.9975586 0 0.06768799
vn -0.9975586 0 0.06768799
vn -0.9975586 -0.000112235546 0.06768799
vn 0.7597656 0.007633209 0.64990234
vn 0.7597656 0.007633209 0.64990234
vn 0.7597656 0.007633209 0.64990234
vn 0.7597656 0.007633209 0.64990234
vn 0.64990234 3.2186508E-06 -0.7597656
vn 0.64990234 3.2186508E-06 -0.7597656
vn 0.64990234 3.2186508E-06 -0.7597656
vn 0.64990234 5.4836273E-06 -0.7597656
vn -0.7597656 -1.7881393E-06 -0.64990234
vn -0.7597656 -1.7881393E-06 -0.64990234
vn -0.7597656 -1.7881393E-06 -0.64990234
vn -0.7597656 1.9073486E-06 -0.64990234
vn 0.011268616 -0.8276367 -0.56103516
vn 0.011268616 -0.8276367 -0.56103516
vn 0.011268616 -0.8276367 -0.56103516
vn 0.011268616 -0.8276367 -0.56103516
vn 0.56103516 -0.8276367 0.015655518
vn 0.56103516 -0.8276367 0.015655518
vn 0.56103516 -0.8276367 0.015655518
vn 0.56103516 -0.8276367 0.015655518
vn -0.011268616 -0.8276367 0.56103516
vn -0.011268616 -0.8276367 0.56103516
vn -0.011268616 -0.8276367 0.56103516
vn -0.011268616 -0.8276367 0.56103516
vn -0.56103516 -0.8276367 -0.015655518
vn -0.56103516 -0.8276367 -0.015655518
vn -0.56103516 -0.8276367 -0.015655518
vn -0.56103516 -0.8276367 -0.015655518
vn -0.9995117 0.010398865 -0.027908325
vn -0.9995117 0.010398865 -0.027908325
vn -0.9995117 0.010398865 -0.027908325
vn -0.9995117 0.010398865 -0.027908325
vn -0.020019531 -0.00023031235 1
vn -0.020019531 -0.00023031235 1
vn -0.020019531 -0.00023031235 1
vn -0.020080566 1.2516975E-06 1
vn 0.9995117 0 0.027908325
vn 0.9995117 0 0.027908325
vn 0.9995117 0 0.027908325
vn 0.9995117 2.2053719E-06 0.027908325
vn 0.020019531 0 -1
vn 0.020019531 0 -1
vn 0.020019531 0 -1
vn 0.020080566 0.00022232533 -1
vn 0.6767578 8.940697E-07 0.7363281
vn 0.6767578 8.940697E-07 0.7363281
vn 0.6767578 8.940697E-07 0.7363281
vn 0.6767578 1.013279E-06 0.7363281
vn 0.7363281 -1.9669533E-06 -0.6767578
vn 0.7363281 -1.9669533E-06 -0.6767578
vn 0.7363281 -1.9669533E-06 -0.6767578
vn 0.7363281 0 -0.6767578
vn 0.8076172 -0.5439453 -0.22729492
vn 0.8076172 -0.5439453 -0.22729492
vn 0.8076172 -0.5439453 -0.22729492
vn 0.8076172 -0.5439453 -0.22729492
vn 0.23730469 -0.5307617 0.81347656
vn 0.23730469 -0.5307617 0.81347656
vn 0.23730469 -0.5307617 0.81347656
vn 0.23730469 -0.5307617 0.81347656
vn -0.8076172 -0.5439453 0.22729492
vn -0.8076172 -0.5439453 0.22729492
vn -0.8076172 -0.5439453 0.22729492
vn -0.8076172 -0.5439453 0.22729492
vn -0.23730469 -0.5307617 -0.81347656
vn -0.23730469 -0.5307617 -0.81347656
vn -0.23730469 -0.5307617 -0.81347656
vn -0.23730469 -0.5307617 -0.81347656
vn -0.2800293 0.0037784576 -0.95996094
vn -0.2800293 0.0037784576 -0.95996094
vn -0.2800293 0.0037784576 -0.95996094
vn -0.2800293 0.0037765503 -0.95996094
vn -0.96240234 6.556511E-06 0.27075195
vn -0.96240234 6.556511E-06 0.27075195
vn -0.96240234 6.556511E-06 0.27075195
vn -0.96240234 1.1920929E-06 0.27075195
vn 0.2800293 0 0.95996094
vn 0.2800293 0 0.95996094
vn 0.2800293 0 0.95996094
vn 0.2800293 -1.7881393E-06 0.95996094
vn 0.96240234 1.1920929E-07 -0.27075195
vn 0.96240234 1.1920929E-07 -0.27075195
vn 0.96240234 1.1920929E-07 -0.27075195
vn 0.96240234 -1.0788441E-05 -0.27075195
vn -0.8647461 0.0027160645 -0.5024414
vn -0.8647461 0.0027160645 -0.5024414
vn -0.8647461 0.0027160645 -0.5024414
vn -0.8647461 0.0027160645 -0.5024414
vn 0.4729004 0.0027122498 -0.88134766
vn 0.4729004 0.0027122498 -0.88134766
vn 0.4729004 0.0027122498 -0.88134766
vn 0.4729004 0.002714157 -0.88134766
vn 0.8647461 -4.4107437E-06 0.5024414
vn 0.8647461 -4.4107437E-06 0.5024414
vn 0.8647461 -4.4107437E-06 0.5024414
vn 0.8647461 -2.3841858E-07 0.5024414
vn -0.70751953 -0.70703125 -0.008956909
vn -0.70751953 -0.70703125 -0.008956909
vn -0.70751953 -0.70703125 -0.008956909
vn -0.70751953 -0.70703125 -0.008956909
vn 0.006225586 -0.70703125 -0.70751953
vn 0.006225586 -0.70703125 -0.70751953
vn 0.006225586 -0.70703125 -0.70751953
vn 0.006225586 -0.70703125 -0.70751953
vn 0.70751953 -0.70703125 0.00894928
vn 0.70751953 -0.70703125 0.00894928
vn 0.70751953 -0.70703125 0.00894928
vn 0.70751953 -0.70703125 0.00894928
vn -0.006225586 -0.70703125 0.70751953
vn -0.006225586 -0.70703125 0.70751953
vn -0.006225586 -0.70703125 0.70751953
vn -0.006225586 -0.70703125 0.70751953
vn -0.008796692 0.009086609 1
vn -0.008796692 0.009086609 1
vn -0.008796692 0.009086609 1
vn -0.008796692 0.009086609 1
vn 1 0.00036764145 0.012916565
vn 1 0.00036764145 0.012916565
vn 1 0.00036764145 0.012916565
vn 1 2.2053719E-06 0.0126571655
vn 0.008804321 1.0609627E-05 -1
vn 0.008804321 1.0609627E-05 -1
vn 0.008804321 1.0609627E-05 -1
vn 0.008796692 8.285046E-06 -1
vn -1 0 -0.012924194
vn -1 0 -0.012924194
vn -1 0 -0.012924194
vn -1 -0.00036764145 -0.0126571655
vn 0.7260742 0.006427765 0.6875
vn 0.7260742 0.006427765 0.6875
vn 0.7260742 0.006427765 0.6875
vn 0.7260742 0.0064315796 0.6875
vn 0.6875 8.881092E-06 -0.7260742
vn 0.6875 8.881092E-06 -0.7260742
vn 0.6875 8.881092E-06 -0.7260742
vn 0.6875 7.688999E-06 -0.7260742
vn -0.7260742 2.2649765E-06 -0.6875
vn -0.7260742 2.2649765E-06 -0.6875
vn -0.7260742 2.2649765E-06 -0.6875
vn -0.7260742 4.887581E-06 -0.6875
vn -0.70654297 -0.70703125 0.021911621
vn -0.70654297 -0.70703125 0.021911621
vn -0.70654297 -0.70703125 0.021911621
vn -0.70654297 -0.70703125 0.021911621
vn 0.0050697327 -0.70703125 -0.70751953
vn 0.0050697327 -0.70703125 -0.70751953
vn 0.0050697327 -0.70703125 -0.70751953
vn 0.0050697327 -0.70703125 -0.70751953
vn 0.70654297 -0.70703125 -0.021911621
vn 0.70654297 -0.70703125 -0.021911621
vn 0.70654297 -0.70703125 -0.021911621
vn 0.70654297 -0.70703125 -0.021911621
vn -0.0050697327 -0.70703125 0.70751953
vn -0.0050697327 -0.70703125 0.70751953
vn -0.0050697327 -0.70703125 0.70751953
vn -0.0050697327 -0.70703125 0.70751953
vn -0.0071640015 0.009086609 1
vn -0.0071640015 0.009086609 1
vn -0.0071640015 0.009086609 1
vn -0.0071640015 0.009086609 1
vn 0.9995117 3.1888485E-05 -0.0309906
vn 0.9995117 3.1888485E-05 -0.0309906
vn 0.9995117 3.1888485E-05 -0.0309906
vn 0.9995117 1.7881393E-07 -0.0309906
vn 0.007167816 6.7949295E-06 -1
vn 0.007167816 6.7949295E-06 -1
vn 0.007167816 6.7949295E-06 -1
vn 0.0071640015 5.4836273E-06 -1
vn -0.9995117 0 0.0309906
vn -0.9995117 0 0.0309906
vn -0.9995117 0 0.0309906
vn -0.9995117 -3.385544E-05 0.0309906
vn 0.73095703 0.006427765 0.6821289
vn 0.73095703 0.006427765 0.6821289
vn 0.73095703 0.006427765 0.6821289
vn 0.73095703 0.006427765 0.6821289
vn 0.6821289 4.2915344E-06 -0.73095703
vn 0.6821289 4.2915344E-06 -0.73095703
vn 0.6821289 4.2915344E-06 -0.73095703
vn 0.6821289 5.00679E-06 -0.73095703
vn -0.73095703 1.1324883E-06 -0.6821289
vn -0.73095703 1.1324883E-06 -0.6821289
vn -0.73095703 1.1324883E-06 -0.6821289
vn -0.73095703 3.8146973E-06 -0.6821289
vn -0.69140625 -0.70703125 -0.14819336
vn -0.69140625 -0.70703125 -0.14819336
vn -0.69140625 -0.70703125 -0.14819336
vn -0.69140625 -0.70703125 -0.14819336
vn 0.13635254 -0.70703125 -0.69384766
vn 0.13635254 -0.70703125 -0.69384766
vn 0.13635254 -0.70703125 -0.69384766
vn 0.13635254 -0.70703125 -0.69384766
vn 0.69628906 -0.70703125 0.12237549
vn 0.69628906 -0.70703125 0.12237549
vn 0.69628906 -0.70703125 0.12237549
vn 0.69628906 -0.70703125 0.12237549
vn -0.120788574 -0.70703125 0.69677734
vn -0.120788574 -0.70703125 0.69677734
vn -0.120788574 -0.70703125 0.69677734
vn -0.120788574 -0.70703125 0.69677734
vn -0.17077637 0.0028095245 0.98535156
vn -0.17077637 0.0028095245 0.98535156
vn -0.17077637 0.0028095245 0.98535156
vn -0.17077637 0.0028095245 0.98535156
vn 0.9848633 -4.0888786E-05 0.17297363
vn 0.9848633 -4.0888786E-05 0.17297363
vn 0.9848633 -4.0888786E-05 0.17297363
vn 0.9848633 -1.1920929E-07 0.17297363
vn 0.19274902 1.4305115E-06 -0.9814453
vn 0.19274902 1.4305115E-06 -0.9814453
vn 0.19274902 1.4305115E-06 -0.9814453
vn 0.19274902 1.3709068E-06 -0.9814453
vn -0.97753906 -1.9669533E-06 -0.2097168
vn -0.97753906 -1.9669533E-06 -0.2097168
vn -0.97753906 -1.9669533E-06 -0.2097168
vn -0.97802734 -6.401539E-05 -0.20959473
vn 0.5620117 0.0019874573 0.82714844
vn 0.5620117 0.0019874573 0.82714844
vn 0.5620117 0.0019874573 0.82714844
vn 0.5620117 0.0019874573 0.82714844
vn 0.82714844 4.172325E-07 -0.5620117
vn 0.82714844 4.172325E-07 -0.5620117
vn 0.82714844 4.172325E-07 -0.5620117
vn 0.82714844 8.34465E-07 -0.5620117
vn -0.5620117 -1.847744E-06 -0.82714844
vn -0.5620117 -1.847744E-06 -0.82714844
vn -0.5620117 -1.847744E-06 -0.82714844
vn -0.5620117 -8.940697E-07 -0.82714844
vn 0.7910156 0.2915039 -0.53759766
vn 0.7910156 0.2915039 -0.53759766
vn 0.7910156 0.2915039 -0.53759766
vn 0.7910156 0.2915039 -0.53759766
vn -0.67089844 -0.7416992 1.9669533E-06
vn -0.67089844 -0.7416992 1.9669533E-06
vn -0.67089844 -0.7416992 1.9669533E-06
vn -0.67089844 -0.7416992 -7.748604E-07
vn -2.3841858E-07 -0.7988281 -0.6015625
vn -2.3841858E-07 -0.7988281 -0.6015625
vn -2.3841858E-07 -0.7988281 -0.6015625
vn -2.3841858E-07 -0.7988281 -0.6015625
vn 0.67089844 -0.7416992 -1.847744E-06
vn 0.67089844 -0.7416992 -1.847744E-06
vn 0.67089844 -0.7416992 -1.847744E-06
vn 0.67089844 -0.7416992 -7.748604E-07
vn -4.172325E-07 -0.7988281 0.6015625
vn -4.172325E-07 -0.7988281 0.6015625
vn -4.172325E-07 -0.7988281 0.6015625
vn 2.3841858E-07 -0.7988281 0.6015625
vn -0 0.00819397 1
vn -0 0.00819397 1
vn -0 0.00819397 1
vn 3.5762787E-07 0.00819397 1
vn 1 0 0
vn 1 0 0
vn 1 0 0
vn 1 0 0
vn 3.5762787E-07 2.026558E-06 -1
vn 3.5762787E-07 2.026558E-06 -1
vn 3.5762787E-07 2.026558E-06 -1
vn -3.5762787E-07 1.013279E-06 -1
vn -1 0 -2.861023E-06
vn -1 0 -2.861023E-06
vn -1 0 -2.861023E-06
vn -1 -2.026558E-06 0
vn 0.7573242 0.0053520203 0.65283203
vn 0.7573242 0.0053520203 0.65283203
vn 0.7573242 0.0053520203 0.65283203
vn 0.7573242 0.0053520203 0.65283203
vn -0.7685547 -8.940697E-07 -0.63964844
vn -0.7685547 -8.940697E-07 -0.63964844
vn -0.7685547 -8.940697E-07 -0.63964844
vn -0.7685547 0 -0.63964844
vn -0.7026367 -0.70703125 -0.07867432
vn -0.7026367 -0.70703125 -0.07867432
vn -0.7026367 -0.70703125 -0.07867432
vn -0.7026367 -0.70703125 -0.07867432
vn 0.10437012 -0.70703125 -0.69921875
vn 0.10437012 -0.70703125 -0.69921875
vn 0.10437012 -0.70703125 -0.69921875
vn 0.10437012 -0.70703125 -0.69921875
vn 0.7036133 -0.70703125 0.07128906
vn 0.7036133 -0.70703125 0.07128906
vn 0.7036133 -0.70703125 0.07128906
vn 0.7036133 -0.70703125 0.07128906
vn -0.09564209 -0.70703125 0.7006836
vn -0.09564209 -0.70703125 0.7006836
vn -0.09564209 -0.70703125 0.7006836
vn -0.09564209 -0.70703125 0.7006836
vn -0.1352539 0.0051116943 0.99072266
vn -0.1352539 0.0051116943 0.99072266
vn -0.1352539 0.0051116943 0.99072266
vn -0.1352539 0.0051078796 0.99072266
vn 0.9951172 -0.00015819073 0.10076904
vn 0.9951172 -0.00015819073 0.10076904
vn 0.9951172 -0.00015819073 0.10076904
vn 0.9951172 1.4305115E-06 0.10076904
vn 0.14758301 4.172325E-07 -0.9892578
vn 0.14758301 4.172325E-07 -0.9892578
vn 0.14758301 4.172325E-07 -0.9892578
vn 0.14758301 1.013279E-06 -0.9892578
vn -0.99365234 0 -0.11126709
vn -0.99365234 0 -0.11126709
vn -0.99365234 0 -0.11126709
vn -0.99365234 0.00010544062 -0.11126709
vn 0.6069336 0.0036125183 0.7944336
vn 0.6069336 0.0036125183 0.7944336
vn 0.6069336 0.0036125183 0.7944336
vn 0.6069336 0.003616333 0.7944336
vn 0.7944336 1.3113022E-06 -0.6069336
vn 0.7944336 1.3113022E-06 -0.6069336
vn 0.7944336 1.3113022E-06 -0.6069336
vn 0.7944336 2.3841858E-07 -0.6069336
vn -0.6069336 -1.3113022E-06 -0.7944336
vn -0.6069336 -1.3113022E-06 -0.7944336
vn -0.6069336 -1.3113022E-06 -0.7944336
vn -0.6069336 1.7881393E-07 -0.7944336
vn 0.7167969 0.43164062 -0.54785156
vn 0.7167969 0.43164062 -0.54785156
vn 0.7167969 0.43164062 -0.54785156
vn 0.7167969 0.43164062 -0.54785156
vn 0.62402344 -0.78125 0.0036582947
vn 0.62402344 -0.78125 0.0036582947
vn 0.62402344 -0.78125 0.0036582947
vn 0.62402344 -0.78125 0.0036582947
vn -0.0016355515 -0.92529297 0.3791504
vn -0.0016355515 -0.92529297 0.3791504
vn -0.0016355515 -0.92529297 0.3791504
vn -0.0016355515 -0.92529297 0.3791504
vn -0.62402344 -0.78125 -0.003660202
vn -0.62402344 -0.78125 -0.003660202
vn -0.62402344 -0.78125 -0.003660202
vn -0.62402344 -0.78125 -0.003660202
vn 0.0016365051 -0.92529297 -0.3791504
vn 0.0016365051 -0.92529297 -0.3791504
vn 0.0016365051 -0.92529297 -0.3791504
vn 0.0016365051 -0.92529297 -0.3791504
vn 0.0043144226 0.012023926 -1
vn 0.0043144226 0.012023926 -1
vn 0.0043144226 0.012023926 -1
vn 0.0043144226 0.012023926 -1
vn -1 0.00018119812 -0.005935669
vn -1 0.00018119812 -0.005935669
vn -1 0.00018119812 -0.005935669
vn -1 0 -0.0058631897
vn -0.0043144226 -5.364418E-07 1
vn -0.0043144226 -5.364418E-07 1
vn -0.0043144226 -5.364418E-07 1
vn -0.0043144226 -2.1457672E-06 1
vn 1 0 0.005935669
vn 1 0 0.005935669
vn 1 0 0.005935669
vn 1 -0.00017869473 0.0058631897
vn -0.6850586 -0.6738281 0.27734375
vn -0.6850586 -0.6738281 0.27734375
vn -0.6850586 -0.6738281 0.27734375
vn -0.6850586 -0.6738281 0.27734375
vn -0.25195312 -0.75683594 -0.60302734
vn -0.25195312 -0.75683594 -0.60302734
vn -0.25195312 -0.75683594 -0.60302734
vn -0.25195312 -0.75683594 -0.60302734
vn 0.6503906 -0.7368164 -0.18530273
vn 0.6503906 -0.7368164 -0.18530273
vn 0.6503906 -0.7368164 -0.18530273
vn 0.6503906 -0.7363281 -0.18530273
vn 0.23913574 -0.65234375 0.7192383
vn 0.23913574 -0.65234375 0.7192383
vn 0.23913574 -0.65234375 0.7192383
vn 0.23913574 -0.65234375 0.7192383
vn 0.3552246 0.07849121 0.9316406
vn 0.3552246 0.07849121 0.9316406
vn 0.3552246 0.07849121 0.9316406
vn 0.3552246 0.07849121 0.9316406
vn 0.9370117 -0.045410156 -0.34692383
vn 0.9370117 -0.045410156 -0.34692383
vn 0.9370117 -0.045410156 -0.34692383
vn 0.9370117 -0.04550171 -0.34692383
vn -0.33911133 -0.074157715 -0.9379883
vn -0.33911133 -0.074157715 -0.9379883
vn -0.33911133 -0.074157715 -0.9379883
vn -0.33911133 -0.074157715 -0.9379883
vn -0.9506836 0.04232788 0.30664062
vn -0.9506836 0.04232788 0.30664062
vn -0.9506836 0.04232788 0.30664062
vn -0.9506836 0.042053223 0.3071289
vn 0.9165039 0.022094727 0.39941406
vn 0.9165039 0.022094727 0.39941406
vn 0.9165039 0.022094727 0.39941406
vn 0.9165039 0.022109985 0.39941406
vn 0.3996582 -0.08459473 -0.91259766
vn 0.3996582 -0.08459473 -0.91259766
vn 0.3996582 -0.08459473 -0.91259766
vn 0.3996582 -0.08459473 -0.91259766
vn -0.9165039 -0.018447876 -0.3996582
vn -0.9165039 -0.018447876 -0.3996582
vn -0.9165039 -0.018447876 -0.3996582
vn -0.9165039 -0.018447876 -0.3996582
vn 0.38745117 0.20947266 -0.8979492
vn 0.38745117 0.20947266 -0.8979492
vn 0.38745117 0.20947266 -0.8979492
vn 0.38745117 0.20947266 -0.8979492
vn -0.70654297 -0.70703125 -0.030639648
vn -0.70654297 -0.70703125 -0.030639648
vn -0.70654297 -0.70703125 -0.030639648
vn -0.70654297 -0.70703125 -0.030639648
vn 0.043548584 -0.70654297 -0.7060547
vn 0.043548584 -0.70654297 -0.7060547
vn 0.043548584 -0.70654297 -0.7060547
vn 0.043548584 -0.70654297 -0.7060547
vn 0.70654297 -0.70703125 0.023620605
vn 0.70654297 -0.70703125 0.023620605
vn 0.70654297 -0.70703125 0.023620605
vn 0.70654297 -0.70703125 0.023620605
vn -0.032989502 -0.70703125 0.70654297
vn -0.032989502 -0.70703125 0.70654297
vn -0.032989502 -0.70703125 0.70654297
vn -0.032989502 -0.70703125 0.70654297
vn -0.046661377 0.004032135 0.99902344
vn -0.046661377 0.004032135 0.99902344
vn -0.046661377 0.004032135 0.99902344
vn -0.046661377 0.004032135 0.99902344
vn 0.9995117 6.28829E-05 0.033416748
vn 0.9995117 6.28829E-05 0.033416748
vn 0.9995117 6.28829E-05 0.033416748
vn 0.9995117 0 0.03338623
vn 0.061553955 2.9206276E-06 -0.9980469
vn 0.061553955 2.9206276E-06 -0.9980469
vn 0.061553955 2.9206276E-06 -0.9980469
vn 0.061553955 3.1590462E-06 -0.9980469
vn -0.99902344 0 -0.04336548
vn -0.99902344 0 -0.04336548
vn -0.99902344 0 -0.04336548
vn -0.99902344 -0.00010514259 -0.04333496
vn 0.69433594 0.0028495789 0.71972656
vn 0.69433594 0.0028495789 0.71972656
vn 0.69433594 0.0028495789 0.71972656
vn 0.69433594 0.0028533936 0.71972656
vn 0.71972656 1.013279E-06 -0.69433594
vn 0.71972656 1.013279E-06 -0.69433594
vn 0.71972656 1.013279E-06 -0.69433594
vn 0.71972656 2.026558E-06 -0.69433594
vn -0.69433594 -1.1324883E-06 -0.71972656
vn -0.69433594 -1.1324883E-06 -0.71972656
vn -0.69433594 -1.1324883E-06 -0.71972656
vn -0.69433594 1.2516975E-06 -0.71972656
vn 0.68847656 0.2915039 -0.6640625
vn 0.68847656 0.2915039 -0.6640625
vn 0.68847656 0.2915039 -0.6640625
vn 0.68847656 0.2915039 -0.6640625
vn -0.62939453 -0.74121094 -0.23242188
vn -0.62939453 -0.74121094 -0.23242188
vn -0.62939453 -0.74121094 -0.23242188
vn -0.62939453 -0.7416992 -0.23242188
vn 0.15307617 -0.91015625 -0.38500977
vn 0.15307617 -0.91015625 -0.38500977
vn 0.15307617 -0.91015625 -0.38500977
vn 0.15307617 -0.91015625 -0.38500977
vn 0.6298828 -0.74072266 0.23266602
vn 0.6298828 -0.74072266 0.23266602
vn 0.6298828 -0.74072266 0.23266602
vn 0.62939453 -0.74121094 0.23254395
vn -0.15307617 -0.91015625 0.38500977
vn -0.15307617 -0.91015625 0.38500977
vn -0.15307617 -0.91015625 0.38500977
vn -0.15307617 -0.91015625 0.38500977
vn -0.3696289 0.010192871 0.9291992
vn -0.3696289 0.010192871 0.9291992
vn -0.3696289 0.010192871 0.9291992
vn -0.3696289 0.010192871 0.9291992
vn 0.9379883 -0.0002539158 0.3461914
vn 0.9379883 -0.0002539158 0.3461914
vn 0.9379883 -0.0002539158 0.3461914
vn 0.9379883 0 0.34643555
vn 0.3696289 2.0861626E-06 -0.9291992
vn 0.3696289 2.0861626E-06 -0.9291992
vn 0.3696289 2.0861626E-06 -0.9291992
vn 0.3696289 2.3841858E-06 -0.9291992
vn -0.9379883 0 -0.3461914
vn -0.9379883 0 -0.3461914
vn -0.9379883 0 -0.3461914
vn -0.9379883 0.0002503395 -0.34643555
vn -0.70703125 -0.70703125 -0.011665344
vn -0.70703125 -0.70703125 -0.011665344
vn -0.70703125 -0.70703125 -0.011665344
vn -0.70703125 -0.70703125 -0.011672974
vn 0.004928589 -0.70703125 -0.70703125
vn 0.004928589 -0.70703125 -0.70703125
vn 0.004928589 -0.70703125 -0.70703125
vn 0.004928589 -0.70703125 -0.70703125
vn 0.70703125 -0.70703125 0.00081682205
vn 0.70703125 -0.70703125 0.00081682205
vn 0.70703125 -0.70703125 0.00081682205
vn 0.70703125 -0.70703125 0.00081443787
vn -0.00013422966 -0.70703125 0.70703125
vn -0.00013422966 -0.70703125 0.70703125
vn -0.00013422966 -0.70703125 0.70703125
vn -0.00013387203 -0.70703125 0.70703125
vn -0.00019001961 0.0050621033 1
vn -0.00019001961 0.0050621033 1
vn -0.00019001961 0.0050621033 1
vn -0.00018930435 0.0050582886 1
vn 1 0.0116119385 0.006515503
vn 1 0.0116119385 0.006515503
vn 1 0.0116119385 0.006515503
vn 1 0 0.0011529922
vn 0.006969452 5.4240227E-06 -1
vn 0.006969452 5.4240227E-06 -1
vn 0.006969452 5.4240227E-06 -1
vn 0.006969452 3.993511E-06 -1
vn -1 0 -0.016494751
vn -1 0 -0.016494751
vn -1 0 -0.016494751
vn -1 2.6226044E-06 -0.016494751
vn 0.7192383 2.9802322E-06 -0.6948242
vn 0.7192383 2.9802322E-06 -0.6948242
vn 0.7192383 2.9802322E-06 -0.6948242
vn 0.7192383 5.7816505E-06 -0.6948242
vn -0.6948242 8.34465E-07 -0.7192383
vn -0.6948242 8.34465E-07 -0.7192383
vn -0.6948242 8.34465E-07 -0.7192383
vn -0.6948242 2.5629997E-06 -0.7192383
vn 0.6879883 0.29125977 -0.6645508
vn 0.6879883 0.29125977 -0.6645508
vn 0.6879883 0.29125977 -0.6645508
vn 0.6879883 0.2915039 -0.6645508
vn 0.26489258 -0.8276367 -0.4946289
vn 0.26489258 -0.8276367 -0.4946289
vn 0.26489258 -0.8276367 -0.4946289
vn 0.26489258 -0.8276367 -0.4946289
vn 0.49316406 -0.8276367 0.26757812
vn 0.49316406 -0.8276367 0.26757812
vn 0.49316406 -0.8276367 0.26757812
vn 0.49316406 -0.8276367 0.26757812
vn -0.26489258 -0.8276367 0.4946289
vn -0.26489258 -0.8276367 0.4946289
vn -0.26489258 -0.8276367 0.4946289
vn -0.26489258 -0.8276367 0.4946289
vn -0.49316406 -0.8276367 -0.26757812
vn -0.49316406 -0.8276367 -0.26757812
vn -0.49316406 -0.8276367 -0.26757812
vn -0.49316406 -0.8276367 -0.26757812
vn -0.87890625 0.016448975 -0.47680664
vn -0.87890625 0.016448975 -0.47680664
vn -0.87890625 0.016448975 -0.47680664
vn -0.87890625 0.016448975 -0.47680664
vn -0.47216797 -0.00032234192 0.88134766
vn -0.47216797 -0.00032234192 0.88134766
vn -0.47216797 -0.00032234192 0.88134766
vn -0.47216797 -6.556511E-07 0.88134766
vn 0.87890625 1.7881393E-06 0.47680664
vn 0.87890625 1.7881393E-06 0.47680664
vn 0.87890625 1.7881393E-06 0.47680664
vn 0.87890625 4.2915344E-06 0.47680664
vn 0.47216797 6.556511E-07 -0.88134766
vn 0.47216797 6.556511E-07 -0.88134766
vn 0.47216797 6.556511E-07 -0.88134766
vn 0.47216797 0.00031733513 -0.88134766
vn -0.96240234 0.011627197 0.27075195
vn -0.96240234 0.011627197 0.27075195
vn -0.96240234 0.011627197 0.27075195
vn -0.96240234 0.011634827 0.27075195
vn 0.27075195 -7.1525574E-07 0.96240234
vn 0.27075195 -7.1525574E-07 0.96240234
vn 0.27075195 -7.1525574E-07 0.96240234
vn 0.27075195 3.5762787E-06 0.96240234
vn 0.96240234 -2.4437904E-06 -0.27075195
vn 0.96240234 -2.4437904E-06 -0.27075195
vn 0.96240234 -2.4437904E-06 -0.27075195
vn 0.96240234 1.7881393E-07 -0.27075195
vn -0.011398315 0.03729248 0.99902344
vn -0.011398315 0.03729248 0.99902344
vn -0.011398315 0.03729248 0.99902344
vn -0.011398315 0.03729248 0.99902344
vn -1 0.00034689903 -2.360344E-05
vn -1 0.00034689903 -2.360344E-05
vn -1 0.00034689903 -2.360344E-05
vn -1 -0.00058984756 -0.00015759468
vn 0.011398315 -0.023208618 -0.9995117
vn 0.011398315 -0.023208618 -0.9995117
vn 0.011398315 -0.023208618 -0.9995117
vn 0.011398315 -0.023208618 -0.9995117
vn 1 0.0005784035 1.9133091E-05
vn 1 0.0005784035 1.9133091E-05
vn 1 0.0005784035 1.9133091E-05
vn 1 -0.00034976006 0.00016093254
vn -0.7519531 0.02482605 0.6586914
vn -0.7519531 0.02482605 0.6586914
vn -0.7519531 0.02482605 0.6586914
vn -0.7519531 0.02482605 0.6586914
vn -0.6586914 -0.017852783 -0.7519531
vn -0.6586914 -0.017852783 -0.7519531
vn -0.6586914 -0.017852783 -0.7519531
vn -0.6586914 -0.017852783 -0.7519531
vn 0.7524414 -0.014862061 -0.6586914
vn 0.7524414 -0.014862061 -0.6586914
vn 0.7524414 -0.014862061 -0.6586914
vn 0.7524414 -0.014862061 -0.6586914
vn 0.55615234 -0.8310547 0.0035648346
vn 0.55615234 -0.8310547 0.0035648346
vn 0.55615234 -0.8310547 0.0035648346
vn 0.55615234 -0.8310547 0.0035648346
vn 0.006351471 -0.83935547 -0.54345703
vn 0.006351471 -0.83935547 -0.54345703
vn 0.006351471 -0.83935547 -0.54345703
vn 0.006351471 -0.83935547 -0.54345703
vn -0.5546875 -0.83203125 0.0033912659
vn -0.5546875 -0.83203125 0.0033912659
vn -0.5546875 -0.83203125 0.0033912659
vn -0.5546875 -0.83203125 0.0033893585
vn -0.0063095093 -0.82373047 0.56689453
vn -0.0063095093 -0.82373047 0.56689453
vn -0.0063095093 -0.82373047 0.56689453
vn -0.0063095093 -0.82373047 0.56689453
vn -0.00034952164 0.024368286 0.9995117
vn -0.00034952164 0.024368286 0.9995117
vn -0.00034952164 0.024368286 0.9995117
vn -0.003162384 0.021148682 1
vn -0.9995117 8.177757E-05 -0.02960205
vn -0.9995117 8.177757E-05 -0.02960205
vn -0.9995117 8.177757E-05 -0.02960205
vn -0.9995117 -0.0004117489 -0.030044556
vn 0.0003478527 -0.013031006 -1
vn 0.0003478527 -0.013031006 -1
vn 0.0003478527 -0.013031006 -1
vn 0.0031528473 -0.016174316 -1
vn 0.9995117 0.00995636 0.02947998
vn 0.9995117 0.00995636 0.02947998
vn 0.9995117 0.00995636 0.02947998
vn 0.9995117 0.009590149 0.029830933
vn -0.7680664 0.014091492 0.640625
vn -0.7680664 0.014091492 0.640625
vn -0.7680664 0.014091492 0.640625
vn -0.7680664 0.014083862 0.640625
vn -0.640625 -0.010025024 -0.7680664
vn -0.640625 -0.010025024 -0.7680664
vn -0.640625 -0.010025024 -0.7680664
vn -0.640625 -0.010017395 -0.7675781
vn 0.7680664 -0.003107071 -0.640625
vn 0.7680664 -0.003107071 -0.640625
vn 0.7680664 -0.003107071 -0.640625
vn 0.7680664 -0.0031108856 -0.640625
vn 0.72265625 -0.6899414 0.03778076
vn 0.72265625 -0.6899414 0.03778076
vn 0.72265625 -0.6899414 0.03778076
vn 0.72265625 -0.6899414 0.03778076
vn 0.0025901794 -0.7006836 -0.7133789
vn 0.0025901794 -0.7006836 -0.7133789
vn 0.0025901794 -0.7006836 -0.7133789
vn 0.0025844574 -0.7006836 -0.7133789
vn -0.72314453 -0.6904297 -0.005680084
vn -0.72314453 -0.6904297 -0.005680084
vn -0.72314453 -0.6904297 -0.005680084
vn -0.72314453 -0.6904297 -0.0056877136
vn -0.00198555 -0.67871094 0.734375
vn -0.00198555 -0.67871094 0.734375
vn -0.00198555 -0.67871094 0.734375
vn -0.00198555 -0.67871094 0.734375
vn -0.70703125 -0.70703125 -0.017852783
vn -0.70703125 -0.70703125 -0.017852783
vn -0.70703125 -0.70703125 -0.017852783
vn -0.70703125 -0.70703125 -0.017852783
vn 0.031402588 -0.70703125 -0.70654297
vn 0.031402588 -0.70703125 -0.70654297
vn 0.031402588 -0.70703125 -0.70654297
vn 0.031402588 -0.70703125 -0.70654297
vn 0.70703125 -0.70703125 0.017852783
vn 0.70703125 -0.70703125 0.017852783
vn 0.70703125 -0.70703125 0.017852783
vn 0.70703125 -0.70703125 0.017852783
vn -0.031402588 -0.70703125 0.70654297
vn -0.031402588 -0.70703125 0.70654297
vn -0.031402588 -0.70703125 0.70654297
vn -0.031402588 -0.70703125 0.70654297
vn -0.044403076 0.007484436 0.99902344
vn -0.044403076 0.007484436 0.99902344
vn -0.044403076 0.007484436 0.99902344
vn -0.044403076 0.007484436 0.99902344
vn 0.9995117 0.00011187792 0.025314331
vn 0.9995117 0.00011187792 0.025314331
vn 0.9995117 0.00011187792 0.025314331
vn 0.9995117 -1.1920929E-07 0.025238037
vn 0.044433594 5.2452087E-06 -0.99902344
vn 0.044433594 5.2452087E-06 -0.99902344
vn 0.044433594 5.2452087E-06 -0.99902344
vn 0.044403076 3.874302E-06 -0.99902344
vn -0.9995117 0 -0.025314331
vn -0.9995117 0 -0.025314331
vn -0.9995117 0 -0.025314331
vn -0.9995117 -0.000108361244 -0.025253296
vn 0.69921875 0.0052948 0.71484375
vn 0.69921875 0.0052948 0.71484375
vn 0.69921875 0.0052948 0.71484375
vn 0.69921875 0.0052986145 0.71484375
vn 0.71484375 3.3974648E-06 -0.69921875
vn 0.71484375 3.3974648E-06 -0.69921875
vn 0.71484375 3.3974648E-06 -0.69921875
vn 0.71484375 3.6358833E-06 -0.69921875
vn -0.69921875 5.9604645E-07 -0.71484375
vn -0.69921875 5.9604645E-07 -0.71484375
vn -0.69921875 5.9604645E-07 -0.71484375
vn -0.69921875 2.682209E-06 -0.71484375
vn -0.7895508 -0.61279297 -0.033081055
vn -0.7895508 -0.61279297 -0.033081055
vn -0.7895508 -0.61279297 -0.033081055
vn -0.7895508 -0.61279297 -0.033081055
vn 0.048797607 -0.7050781 -0.70703125
vn 0.048797607 -0.7050781 -0.70703125
vn 0.048797607 -0.7050781 -0.70703125
vn 0.048797607 -0.7050781 -0.70703125
vn 0.7895508 -0.61279297 0.033081055
vn 0.7895508 -0.61279297 0.033081055
vn 0.7895508 -0.61279297 0.033081055
vn 0.7895508 -0.61279297 0.033081055
vn -0.048797607 -0.7055664 0.70703125
vn -0.048797607 -0.7055664 0.70703125
vn -0.048797607 -0.7055664 0.70703125
vn -0.048797607 -0.7055664 0.70703125
vn -0.06878662 0.024658203 0.9975586
vn -0.06878662 0.024658203 0.9975586
vn -0.06878662 0.024658203 0.9975586
vn -0.06878662 0.024658203 0.9975586
vn 0.99902344 0.0013713837 0.04232788
vn 0.99902344 0.0013713837 0.04232788
vn 0.99902344 0.0013713837 0.04232788
vn 0.99902344 -0.0004439354 0.041870117
vn 0.068847656 -2.4855137E-05 -0.9975586
vn 0.068847656 -2.4855137E-05 -0.9975586
vn 0.068847656 -2.4855137E-05 -0.9975586
vn 0.068847656 -2.9802322E-05 -0.9975586
vn -0.99902344 0.0004336834 -0.04232788
vn -0.99902344 0.0004336834 -0.04232788
vn -0.99902344 0.0004336834 -0.04232788
vn -0.99902344 -0.0013599396 -0.041870117
vn 0.7709961 -0.0003426075 -0.63671875
vn 0.7709961 -0.0003426075 -0.63671875
vn 0.7709961 -0.0003426075 -0.63671875
vn 0.7709961 -0.00033044815 -0.63671875
vn -0.010894775 0.0050315857 1
vn -0.010894775 0.0050315857 1
vn -0.010894775 0.0050315857 1
vn -0.010894775 0.0050315857 1
vn -1 -3.105402E-05 -0.015060425
vn -1 -3.105402E-05 -0.015060425
vn -1 -3.105402E-05 -0.015060425
vn -1 -1.4305115E-06 -0.015022278
vn 0.010894775 1.0728836E-06 -1
vn 0.010894775 1.0728836E-06 -1
vn 0.010894775 1.0728836E-06 -1
vn 0.010894775 1.7881393E-06 -1
vn 1 -2.9206276E-06 0.015060425
vn 1 -2.9206276E-06 0.015060425
vn 1 -2.9206276E-06 0.015060425
vn 1 2.9444695E-05 0.015014648
vn -0.7133789 0.0035572052 0.7006836
vn -0.7133789 0.0035572052 0.7006836
vn -0.7133789 0.0035572052 0.7006836
vn -0.7133789 0.0035591125 0.7006836
vn -0.7006836 -2.3841858E-07 -0.7133789
vn -0.7006836 -2.3841858E-07 -0.7133789
vn -0.7006836 -2.3841858E-07 -0.7133789
vn -0.7006836 7.748604E-07 -0.7133789
vn 0.0036449432 -0.8310547 -0.55615234
vn 0.0036449432 -0.8310547 -0.55615234
vn 0.0036449432 -0.8310547 -0.55615234
vn 0.0062446594 -0.81933594 -0.5732422
vn -0.50878906 -0.86083984 -0.0085372925
vn -0.50878906 -0.86083984 -0.0085372925
vn -0.50878906 -0.86083984 -0.0085372925
vn -0.50097656 -0.8652344 -0.0075302124
vn -0.0041503906 -0.9248047 0.38085938
vn -0.0041503906 -0.9248047 0.38085938
vn -0.0041503906 -0.9248047 0.38085938
vn -0.0041503906 -0.9248047 0.38085938
vn -0.7895508 -0.61376953 -0.0107421875
vn -0.7895508 -0.61376953 -0.0107421875
vn -0.7895508 -0.61376953 -0.0107421875
vn -0.7895508 -0.61376953 -0.0107421875
vn 0.0178833 -0.70703125 -0.70703125
vn 0.0178833 -0.70703125 -0.70703125
vn 0.0178833 -0.70703125 -0.70703125
vn 0.017868042 -0.70703125 -0.70703125
vn 0.7895508 -0.61376953 0.0107421875
vn 0.7895508 -0.61376953 0.0107421875
vn 0.7895508 -0.61376953 0.0107421875
vn 0.7895508 -0.61376953 0.0107421875
vn -0.0178833 -0.70703125 0.70703125
vn -0.0178833 -0.70703125 0.70703125
vn -0.0178833 -0.70703125 0.70703125
vn -0.017868042 -0.70703125 0.70703125
vn -0.025268555 0.009101868 0.9995117
vn -0.025268555 0.009101868 0.9995117
vn -0.025268555 0.009101868 0.9995117
vn -0.025268555 0.009101868 0.9995117
vn 1 -0.00010108948 0.013633728
vn 1 -0.00010108948 0.013633728
vn 1 -0.00010108948 0.013633728
vn 1 -0.00016343594 0.01361084
vn 0.025283813 4.1127205E-06 -0.9995117
vn 0.025283813 4.1127205E-06 -0.9995117
vn 0.025283813 4.1127205E-06 -0.9995117
vn 0.025283813 2.3245811E-06 -0.9995117
vn -1 0.00016343594 -0.013633728
vn -1 0.00016343594 -0.013633728
vn -1 0.00016343594 -0.013633728
vn -1 0.000101327896 -0.01361084
vn 0.7841797 0.005466461 0.62060547
vn 0.7841797 0.005466461 0.62060547
vn 0.7841797 0.005466461 0.62060547
vn 0.7841797 0.005466461 0.62060547
vn 0.7944336 -0.00012540817 -0.6069336
vn 0.7944336 -0.00012540817 -0.6069336
vn 0.7944336 -0.00012540817 -0.6069336
vn 0.7944336 -0.00012201071 -0.6069336
vn -0.7841797 0.00012922287 -0.62060547
vn -0.7841797 0.00012922287 -0.62060547
vn -0.7841797 0.00012922287 -0.62060547
vn -0.7841797 0.00013184547 -0.62060547
vn -0.67089844 -0.7416992 1.7881393E-07
vn -0.67089844 -0.7416992 1.7881393E-07
vn -0.67089844 -0.7416992 1.7881393E-07
vn -0.67089844 -0.7416992 -3.5762787E-07
vn -4.7683716E-07 -0.8696289 -0.49414062
vn -4.7683716E-07 -0.8696289 -0.49414062
vn -4.7683716E-07 -0.8696289 -0.49414062
vn -2.3841858E-07 -0.8696289 -0.49414062
vn 0.67089844 -0.7416992 -7.748604E-07
vn 0.67089844 -0.7416992 -7.748604E-07
vn 0.67089844 -0.7416992 -7.748604E-07
vn 0.67089844 -0.7416992 -3.5762787E-07
vn -2.9802322E-07 -0.8696289 0.49414062
vn -2.9802322E-07 -0.8696289 0.49414062
vn -2.9802322E-07 -0.8696289 0.49414062
vn 2.3841858E-07 -0.8696289 0.49414062
vn 5.9604645E-07 0.017105103 1
vn 5.9604645E-07 0.017105103 1
vn 5.9604645E-07 0.017105103 1
vn 4.7683716E-07 0.017105103 1
vn 1 0 0
vn 1 0 0
vn 1 0 0
vn 1 0 0
vn -0 3.7550926E-06 -1
vn -0 3.7550926E-06 -1
vn -0 3.7550926E-06 -1
vn -4.7683716E-07 2.682209E-06 -1
vn -1 0 -1.3709068E-06
vn -1 0 -1.3709068E-06
vn -1 0 -1.3709068E-06
vn -1 -4.2915344E-06 0
vn -0.6166992 -0.7871094 -0.009155273
vn -0.6166992 -0.7871094 -0.009155273
vn -0.6166992 -0.7871094 -0.009155273
vn -0.6166992 -0.7871094 -0.009155273
vn 0.023147583 -0.91015625 -0.41357422
vn 0.023147583 -0.91015625 -0.41357422
vn 0.023147583 -0.91015625 -0.41357422
vn 0.023147583 -0.91015625 -0.41357422
vn 0.6171875 -0.7866211 0.009162903
vn 0.6171875 -0.7866211 0.009162903
vn 0.6171875 -0.7866211 0.009162903
vn 0.6166992 -0.7871094 0.009170532
vn -0.023147583 -0.91015625 0.41357422
vn -0.023147583 -0.91015625 0.41357422
vn -0.023147583 -0.91015625 0.41357422
vn -0.023147583 -0.91015625 0.41357422
vn -0.055877686 0.008560181 0.99853516
vn -0.055877686 0.008560181 0.99853516
vn -0.055877686 0.008560181 0.99853516
vn -0.055877686 0.008560181 0.99853516
vn 1 -0.00027275085 0.014801025
vn 1 -0.00027275085 0.014801025
vn 1 -0.00027275085 0.014801025
vn 1 -1.7881393E-07 0.014877319
vn 0.055877686 2.503395E-06 -0.99853516
vn 0.055877686 2.503395E-06 -0.99853516
vn 0.055877686 2.503395E-06 -0.99853516
vn 0.055877686 1.847744E-06 -0.99853516
vn -1 1.7881393E-07 -0.014762878
vn -1 1.7881393E-07 -0.014762878
vn -1 1.7881393E-07 -0.014762878
vn -1 0.00027108192 -0.014839172
vn -0.6870117 -0.70703125 0.16833496
vn -0.6870117 -0.70703125 0.16833496
vn -0.6870117 -0.70703125 0.16833496
vn -0.6870117 -0.70703125 0.16833496
vn -0.18481445 -0.70703125 -0.6826172
vn -0.18481445 -0.70703125 -0.6826172
vn -0.18481445 -0.70703125 -0.6826172
vn -0.18481445 -0.70703125 -0.6826172
vn 0.6870117 -0.70703125 -0.16833496
vn 0.6870117 -0.70703125 -0.16833496
vn 0.6870117 -0.70703125 -0.16833496
vn 0.6870117 -0.70703125 -0.16833496
vn 0.18481445 -0.70703125 0.6826172
vn 0.18481445 -0.70703125 0.6826172
vn 0.18481445 -0.70703125 0.6826172
vn 0.18481445 -0.70703125 0.6826172
vn 0.2614746 0.009094238 0.96533203
vn 0.2614746 0.009094238 0.96533203
vn 0.2614746 0.009094238 0.96533203
vn 0.2614746 0.009086609 0.96533203
vn 0.9711914 0.00037169456 -0.2376709
vn 0.9711914 0.00037169456 -0.2376709
vn 0.9711914 0.00037169456 -0.2376709
vn 0.9711914 2.9206276E-06 -0.23791504
vn -0.2614746 1.3291836E-05 -0.96533203
vn -0.2614746 1.3291836E-05 -0.96533203
vn -0.2614746 1.3291836E-05 -0.96533203
vn -0.2614746 1.0728836E-05 -0.96533203
vn -0.9711914 -2.4437904E-06 0.2376709
vn -0.9711914 -2.4437904E-06 0.2376709
vn -0.9711914 -2.4437904E-06 0.2376709
vn -0.9711914 -0.00036907196 0.23791504
vn 0.875 0.0064201355 0.48388672
vn 0.875 0.0064201355 0.48388672
vn 0.875 0.0064201355 0.48388672
vn 0.875 0.0064315796 0.48388672
vn 0.48388672 1.0788441E-05 -0.875
vn 0.48388672 1.0788441E-05 -0.875
vn 0.48388672 1.0788441E-05 -0.875
vn 0.48388672 1.001358E-05 -0.875
vn -0.875 1.1920929E-06 -0.48388672
vn -0.875 1.1920929E-06 -0.48388672
vn -0.875 1.1920929E-06 -0.48388672
vn -0.875 4.9471855E-06 -0.48388672
vn -0.70703125 -0.70703125 0.007610321
vn -0.70703125 -0.70703125 0.007610321
vn -0.70703125 -0.70703125 0.007610321
vn -0.70703125 -0.70703125 0.007610321
vn 0.0005736351 -0.70703125 -0.70751953
vn 0.0005736351 -0.70703125 -0.70751953
vn 0.0005736351 -0.70703125 -0.70751953
vn 0.0005736351 -0.70703125 -0.70751953
vn 0.70703125 -0.70703125 -0.007610321
vn 0.70703125 -0.70703125 -0.007610321
vn 0.70703125 -0.70703125 -0.007610321
vn 0.70703125 -0.70703125 -0.0076141357
vn -0.0005760193 -0.70703125 0.70751953
vn -0.0005760193 -0.70703125 0.70751953
vn -0.0005760193 -0.70703125 0.70751953
vn -0.0005736351 -0.70703125 0.70751953
vn -0.000808239 0.0051879883 1
vn -0.000808239 0.0051879883 1
vn -0.000808239 0.0051879883 1
vn -0.0008111 0.005191803 1
vn 1 0.000116467476 -0.0107040405
vn 1 0.000116467476 -0.0107040405
vn 1 0.000116467476 -0.0107040405
vn 1 -2.026558E-06 -0.010765076
vn 0.00081443787 3.7550926E-06 -1
vn 0.00081443787 3.7550926E-06 -1
vn 0.00081443787 3.7550926E-06 -1
vn 0.0008111 2.7418137E-06 -1
vn -1 0 0.0107040405
vn -1 0 0.0107040405
vn -1 0 0.0107040405
vn -1 -0.00011408329 0.010765076
vn 0.72998047 0.0036697388 0.68359375
vn 0.72998047 0.0036697388 0.68359375
vn 0.72998047 0.0036697388 0.68359375
vn 0.72998047 0.0036735535 0.68359375
vn 0.68359375 1.3113022E-06 -0.72998047
vn 0.68359375 1.3113022E-06 -0.72998047
vn 0.68359375 1.3113022E-06 -0.72998047
vn 0.68359375 1.3113022E-06 -0.72998047
vn -0.72998047 3.5762787E-07 -0.68359375
vn -0.72998047 3.5762787E-07 -0.68359375
vn -0.72998047 3.5762787E-07 -0.68359375
vn -0.72998047 1.847744E-06 -0.68359375
vn -0.77685547 -0.6220703 0.09655762
vn -0.77685547 -0.6220703 0.09655762
vn -0.77685547 -0.6220703 0.09655762
vn -0.77685547 -0.6220703 0.09655762
vn -0.07574463 -0.70703125 -0.703125
vn -0.07574463 -0.70703125 -0.703125
vn -0.07574463 -0.70703125 -0.703125
vn -0.07574463 -0.70703125 -0.703125
vn 0.79003906 -0.60546875 -0.09832764
vn 0.79003906 -0.60546875 -0.09832764
vn 0.79003906 -0.60546875 -0.09832764
vn 0.79003906 -0.60546875 -0.09832764
vn 0.09051514 -0.70703125 0.7011719
vn 0.09051514 -0.70703125 0.7011719
vn 0.09051514 -0.70703125 0.7011719
vn 0.09051514 -0.70703125 0.7011719
vn 0.117492676 0.008880615 0.99316406
vn 0.117492676 0.008880615 0.99316406
vn 0.117492676 0.008880615 0.99316406
vn 0.117492676 0.008880615 0.99316406
vn 0.9921875 0.010559082 -0.123291016
vn 0.9921875 0.010559082 -0.123291016
vn 0.9921875 0.010559082 -0.123291016
vn 0.9921875 0.010391235 -0.123413086
vn -0.11755371 0.0002245903 -0.99316406
vn -0.11755371 0.0002245903 -0.99316406
vn -0.11755371 0.0002245903 -0.99316406
vn -0.11755371 0.0002219677 -0.99316406
vn -0.9921875 -0.010391235 0.123291016
vn -0.9921875 -0.010391235 0.123291016
vn -0.9921875 -0.010391235 0.123291016
vn -0.9921875 -0.010559082 0.123413086
vn 0.8676758 0.013809204 0.49658203
vn 0.8676758 0.013809204 0.49658203
vn 0.8676758 0.013809204 0.49658203
vn 0.8676758 0.0138168335 0.49658203
vn 0.6953125 0.00819397 -0.71875
vn 0.6953125 0.00819397 -0.71875
vn 0.6953125 0.00819397 -0.71875
vn 0.6953125 0.00819397 -0.71875
vn -0.8676758 -0.008216858 -0.49682617
vn -0.8676758 -0.008216858 -0.49682617
vn -0.8676758 -0.008216858 -0.49682617
vn -0.8676758 -0.008216858 -0.49682617
vn -0.76171875 -0.61376953 0.20703125
vn -0.76171875 -0.61376953 0.20703125
vn -0.76171875 -0.61376953 0.20703125
vn -0.76171875 -0.61376953 0.20703125
vn -0.1706543 -0.70703125 -0.68652344
vn -0.1706543 -0.70703125 -0.68652344
vn -0.1706543 -0.70703125 -0.68652344
vn -0.1706543 -0.70703125 -0.68652344
vn 0.76171875 -0.61376953 -0.20703125
vn 0.76171875 -0.61376953 -0.20703125
vn 0.76171875 -0.61376953 -0.20703125
vn 0.76171875 -0.61376953 -0.20703125
vn 0.1706543 -0.70703125 0.68652344
vn 0.1706543 -0.70703125 0.68652344
vn 0.1706543 -0.70703125 0.68652344
vn 0.1706543 -0.70703125 0.68652344
vn 0.24121094 0.009094238 0.97021484
vn 0.24121094 0.009094238 0.97021484
vn 0.24121094 0.009094238 0.97021484
vn 0.24121094 0.009101868 0.97021484
vn 0.96484375 1.0788441E-05 -0.26220703
vn 0.96484375 1.0788441E-05 -0.26220703
vn 0.96484375 1.0788441E-05 -0.26220703
vn 0.96484375 -0.00016331673 -0.26220703
vn -0.24121094 -5.9604645E-07 -0.9707031
vn -0.24121094 -5.9604645E-07 -0.9707031
vn -0.24121094 -5.9604645E-07 -0.9707031
vn -0.24121094 -2.2649765E-06 -0.9707031
vn -0.96484375 0.00015997887 0.26220703
vn -0.96484375 0.00015997887 0.26220703
vn -0.96484375 0.00015997887 0.26220703
vn -0.96484375 -1.0073185E-05 0.26220703
vn 0.9291992 0.005466461 0.36914062
vn 0.9291992 0.005466461 0.36914062
vn 0.9291992 0.005466461 0.36914062
vn 0.9291992 0.005470276 0.36914062
vn 0.58691406 -0.00012624264 -0.8095703
vn 0.58691406 -0.00012624264 -0.8095703
vn 0.58691406 -0.00012624264 -0.8095703
vn 0.58691406 -0.00012207031 -0.8095703
vn -0.9291992 0.0001283884 -0.36914062
vn -0.9291992 0.0001283884 -0.36914062
vn -0.9291992 0.0001283884 -0.36914062
vn -0.9291992 0.00012803078 -0.36914062
vn -0.7050781 -0.70703125 -0.05621338
vn -0.7050781 -0.70703125 -0.05621338
vn -0.7050781 -0.70703125 -0.05621338
vn -0.7050781 -0.70703125 -0.05621338
vn 0.041381836 -0.70703125 -0.7060547
vn 0.041381836 -0.70703125 -0.7060547
vn 0.041381836 -0.70703125 -0.7060547
vn 0.041381836 -0.70703125 -0.7060547
vn 0.7060547 -0.70703125 0.036376953
vn 0.7060547 -0.70703125 0.036376953
vn 0.7060547 -0.70703125 0.036376953
vn 0.7060547 -0.70703125 0.036376953
vn -0.03451538 -0.70703125 0.7060547
vn -0.03451538 -0.70703125 0.7060547
vn -0.03451538 -0.70703125 0.7060547
vn -0.03451538 -0.70703125 0.7060547
vn -0.048828125 0.0043525696 0.99902344
vn -0.048828125 0.0043525696 0.99902344
vn -0.048828125 0.0043525696 0.99902344
vn -0.048828125 0.0043525696 0.99902344
vn 0.99853516 -3.6358833E-06 0.05142212
vn 0.99853516 -3.6358833E-06 0.05142212
vn 0.99853516 -3.6358833E-06 0.05142212
vn 0.99853516 0 0.05142212
vn 0.058532715 2.9802322E-07 -0.9980469
vn 0.058532715 2.9802322E-07 -0.9980469
vn 0.058532715 2.9802322E-07 -0.9980469
vn 0.058532715 -5.364418E-07 -0.9980469
vn -0.9970703 0 -0.079589844
vn -0.9970703 0 -0.079589844
vn -0.9970703 0 -0.079589844
vn -0.9970703 -0.0001232624 -0.07946777
vn 0.6689453 0.0030784607 0.74316406
vn 0.6689453 0.0030784607 0.74316406
vn 0.6689453 0.0030784607 0.74316406
vn 0.6689453 0.003080368 0.74316406
vn 0.74316406 -1.1920929E-07 -0.6689453
vn 0.74316406 -1.1920929E-07 -0.6689453
vn 0.74316406 -1.1920929E-07 -0.6689453
vn 0.74316406 -8.34465E-07 -0.6689453
vn -0.6689453 -2.503395E-06 -0.74316406
vn -0.6689453 -2.503395E-06 -0.74316406
vn -0.6689453 -2.503395E-06 -0.74316406
vn -0.6689453 2.9802322E-07 -0.74316406
vn 0.7109375 0.2915039 -0.6401367
vn 0.7109375 0.2915039 -0.6401367
vn 0.7109375 0.2915039 -0.6401367
vn 0.7109375 0.2915039 -0.6401367
vn 0.050994873 0.022994995 0.99853516
vn 0.050994873 0.022994995 0.99853516
vn 0.050994873 0.022994995 0.99853516
vn 0.048706055 0.020019531 0.99853516
vn -1 -9.763241E-05 0.020004272
vn -1 -9.763241E-05 0.020004272
vn -1 -9.763241E-05 0.020004272
vn -1 -0.00049877167 0.019729614
vn -0.050994873 -0.01247406 -0.99853516
vn -0.050994873 -0.01247406 -0.99853516
vn -0.050994873 -0.01247406 -0.99853516
vn -0.048736572 -0.015426636 -0.99853516
vn 0.9995117 0.0096588135 -0.020080566
vn 0.9995117 0.0096588135 -0.020080566
vn 0.9995117 0.0096588135 -0.020080566
vn 1 0.009277344 -0.019821167
vn -0.7294922 0.013336182 0.68408203
vn -0.7294922 0.013336182 0.68408203
vn -0.7294922 0.013336182 0.68408203
vn -0.7294922 0.013336182 0.68408203
vn -0.68408203 -0.009590149 -0.7294922
vn -0.68408203 -0.009590149 -0.7294922
vn -0.68408203 -0.009590149 -0.7294922
vn -0.68408203 -0.009590149 -0.7290039
vn 0.52490234 -0.8510742 -0.0022029877
vn 0.52490234 -0.8510742 -0.0022029877
vn 0.52490234 -0.8510742 -0.0022029877
vn 0.52441406 -0.8515625 -0.002204895
vn -0.024810791 -0.85839844 -0.5126953
vn -0.024810791 -0.85839844 -0.5126953
vn -0.024810791 -0.85839844 -0.5126953
vn -0.024810791 -0.85839844 -0.5126953
vn -0.5234375 -0.8520508 0.018478394
vn -0.5234375 -0.8520508 0.018478394
vn -0.5234375 -0.8520508 0.018478394
vn -0.5234375 -0.8520508 0.018478394
vn 0.02633667 -0.8442383 0.53564453
vn 0.02633667 -0.8442383 0.53564453
vn 0.02633667 -0.8442383 0.53564453
vn 0.02633667 -0.8442383 0.53564453
vn -0.70703125 -0.70703125 -0.0039138794
vn -0.70703125 -0.70703125 -0.0039138794
vn -0.70703125 -0.70703125 -0.0039138794
vn -0.70703125 -0.70703125 -0.0039138794
vn -0.002981186 -0.70703125 -0.70703125
vn -0.002981186 -0.70703125 -0.70703125
vn -0.002981186 -0.70703125 -0.70703125
vn -0.0029830933 -0.70703125 -0.70703125
vn 0.70703125 -0.70703125 -0.015960693
vn 0.70703125 -0.70703125 -0.015960693
vn 0.70703125 -0.70703125 -0.015960693
vn 0.70703125 -0.70703125 -0.015975952
vn 0.009269714 -0.70703125 0.70703125
vn 0.009269714 -0.70703125 0.70703125
vn 0.009269714 -0.70703125 0.70703125
vn 0.009277344 -0.70703125 0.70703125
vn 0.013114929 0.0135650635 1
vn 0.013114929 0.0135650635 1
vn 0.013114929 0.0135650635 1
vn 0.013114929 0.0135650635 1
vn 0.9995117 -6.914139E-06 -0.022583008
vn 0.9995117 -6.914139E-06 -0.022583008
vn 0.9995117 -6.914139E-06 -0.022583008
vn 0.9995117 0 -0.022583008
vn -0.0042152405 0 -1
vn -0.0042152405 0 -1
vn -0.0042152405 0 -1
vn -0.004219055 -4.5895576E-06 -1
vn -1 0 -0.0056533813
vn -1 0 -0.0056533813
vn -1 0 -0.0056533813
vn -1 -0.00038433075 -0.005531311
vn 0.72216797 0.009590149 0.69189453
vn 0.72216797 0.009590149 0.69189453
vn 0.72216797 0.009590149 0.69189453
vn 0.72216797 0.009605408 0.69189453
vn 0.69189453 -8.34465E-07 -0.72216797
vn 0.69189453 -8.34465E-07 -0.72216797
vn 0.69189453 -8.34465E-07 -0.72216797
vn 0.69189453 -3.1590462E-06 -0.72216797
vn -0.72216797 -9.715557E-06 -0.69189453
vn -0.72216797 -9.715557E-06 -0.69189453
vn -0.72216797 -9.715557E-06 -0.69189453
vn -0.72216797 -1.5497208E-06 -0.69189453
vn 0.6616211 0.2915039 -0.69091797
vn 0.6616211 0.2915039 -0.69091797
vn 0.6616211 0.2915039 -0.69091797
vn 0.6616211 0.2915039 -0.69091797
vn -0.6542969 -0.70703125 0.26879883
vn -0.6542969 -0.70703125 0.26879883
vn -0.6542969 -0.70703125 0.26879883
vn -0.6542969 -0.70703125 0.26879883
vn -0.2824707 -0.70703125 -0.6484375
vn -0.2824707 -0.70703125 -0.6484375
vn -0.2824707 -0.70703125 -0.6484375
vn -0.2824707 -0.70703125 -0.6484375
vn 0.6459961 -0.70703125 -0.28710938
vn 0.6459961 -0.70703125 -0.28710938
vn 0.6459961 -0.70703125 -0.28710938
vn 0.6464844 -0.70703125 -0.28710938
vn 0.28881836 -0.70703125 0.6455078
vn 0.28881836 -0.70703125 0.6455078
vn 0.28881836 -0.70703125 0.6455078
vn 0.28881836 -0.70703125 0.6455078
vn 0.40844727 0.0043525696 0.91259766
vn 0.40844727 0.0043525696 0.91259766
vn 0.40844727 0.0043525696 0.91259766
vn 0.40844727 0.004348755 0.91259766
vn 0.9140625 -3.993511E-06 -0.40600586
vn 0.9140625 -3.993511E-06 -0.40600586
vn 0.9140625 -3.993511E-06 -0.40600586
vn 0.9140625 0 -0.40600586
vn -0.39941406 -3.5762787E-07 -0.9165039
vn -0.39941406 -3.5762787E-07 -0.9165039
vn -0.39941406 -3.5762787E-07 -0.9165039
vn -0.39941406 -2.0861626E-06 -0.9165039
vn -0.9248047 0 0.38012695
vn -0.9248047 0 0.38012695
vn -0.9248047 0 0.38012695
vn -0.9248047 -0.00012230873 0.38012695
vn 0.93310547 0.003074646 0.36010742
vn 0.93310547 0.003074646 0.36010742
vn 0.93310547 0.003074646 0.36010742
vn 0.93310547 0.003080368 0.36010742
vn 0.36010742 1.7881393E-07 -0.93310547
vn 0.36010742 1.7881393E-07 -0.93310547
vn 0.36010742 1.7881393E-07 -0.93310547
vn 0.36010742 -2.0861626E-06 -0.93310547
vn -0.93310547 -3.0994415E-06 -0.36010742
vn -0.93310547 -3.0994415E-06 -0.36010742
vn -0.93310547 -3.0994415E-06 -0.36010742
vn -0.93310547 2.3841858E-07 -0.36010742
vn 0.34448242 0.2915039 -0.8925781
vn 0.34448242 0.2915039 -0.8925781
vn 0.34448242 0.2915039 -0.8925781
vn 0.34448242 0.2915039 -0.8925781
vn -0.7895508 -0.61376953 -0.0107421875
vn -0.7895508 -0.61376953 -0.0107421875
vn -0.7895508 -0.61376953 -0.0107421875
vn -0.7895508 -0.61376953 -0.0107421875
vn 0.019836426 -0.70703125 -0.70703125
vn 0.019836426 -0.70703125 -0.70703125
vn 0.019836426 -0.70703125 -0.70703125
vn 0.019836426 -0.70703125 -0.70703125
vn 0.7895508 -0.61376953 0.0107421875
vn 0.7895508 -0.61376953 0.0107421875
vn 0.7895508 -0.61376953 0.0107421875
vn 0.7895508 -0.61376953 0.0107421875
vn -0.019836426 -0.70703125 0.70703125
vn -0.019836426 -0.70703125 0.70703125
vn -0.019836426 -0.70703125 0.70703125
vn -0.019836426 -0.70703125 0.70703125
vn -0.028045654 0.009101868 0.9995117
vn -0.028045654 0.009101868 0.9995117
vn -0.028045654 0.009101868 0.9995117
vn -0.028045654 0.009101868 0.9995117
vn 1 -0.00010108948 0.013633728
vn 1 -0.00010108948 0.013633728
vn 1 -0.00010108948 0.013633728
vn 1 -0.00015985966 0.01361084
vn 0.028045654 3.695488E-06 -0.9995117
vn 0.028045654 3.695488E-06 -0.9995117
vn 0.028045654 3.695488E-06 -0.9995117
vn 0.028045654 1.847744E-06 -0.9995117
vn -1 0.00016343594 -0.013633728
vn -1 0.00016343594 -0.013633728
vn -1 0.00016343594 -0.013633728
vn -1 0.000101327896 -0.01361084
vn 0.7841797 0.005466461 0.62060547
vn 0.7841797 0.005466461 0.62060547
vn 0.7841797 0.005466461 0.62060547
vn 0.7841797 0.005466461 0.62060547
vn 0.7944336 -0.00012254715 -0.6069336
vn 0.7944336 -0.00012254715 -0.6069336
vn 0.7944336 -0.00012254715 -0.6069336
vn 0.7944336 -0.00012201071 -0.6069336
vn -0.023483276 0.020004272 0.9995117
vn -0.023483276 0.020004272 0.9995117
vn -0.023483276 0.020004272 0.9995117
vn -0.023498535 0.020004272 0.9995117
vn -0.9995117 0.0001887083 -0.025436401
vn -0.9995117 0.0001887083 -0.025436401
vn -0.9995117 0.0001887083 -0.025436401
vn -0.9995117 -0.0003144741 -0.025848389
vn 0.023498535 -0.012451172 -0.9995117
vn 0.023498535 -0.012451172 -0.9995117
vn 0.023498535 -0.012451172 -0.9995117
vn 0.023498535 -0.012451172 -0.9995117
vn 0.9995117 0.0003068447 0.025436401
vn 0.9995117 0.0003068447 0.025436401
vn 0.9995117 0.0003068447 0.025436401
vn 0.9995117 -0.00017797947 0.025848389
vn -0.7685547 0.013313293 0.63964844
vn -0.7685547 0.013313293 0.63964844
vn -0.7685547 0.013313293 0.63964844
vn -0.7685547 0.013320923 0.63964844
vn 0.7685547 -0.007972717 -0.63964844
vn 0.7685547 -0.007972717 -0.63964844
vn 0.7685547 -0.007972717 -0.63964844
vn 0.7685547 -0.007972717 -0.63964844
vn 0.5551758 -0.8310547 0.024597168
vn 0.5551758 -0.8310547 0.024597168
vn 0.5551758 -0.8310547 0.024597168
vn 0.5551758 -0.8310547 0.024597168
vn 0.012924194 -0.83935547 -0.54345703
vn 0.012924194 -0.83935547 -0.54345703
vn 0.012924194 -0.83935547 -0.54345703
vn 0.012924194 -0.83935547 -0.54345703
vn -0.5551758 -0.83154297 -0.004108429
vn -0.5551758 -0.83154297 -0.004108429
vn -0.5551758 -0.83154297 -0.004108429
vn -0.5551758 -0.83154297 -0.004108429
vn -0.013183594 -0.82373047 0.56689453
vn -0.013183594 -0.82373047 0.56689453
vn -0.013183594 -0.82373047 0.56689453
vn -0.013183594 -0.82373047 0.56689453
vn -0.019607544 0.030944824 0.9995117
vn -0.019607544 0.030944824 0.9995117
vn -0.019607544 0.030944824 0.9995117
vn -0.019622803 0.030929565 0.9995117
vn -1 0.0002834797 -0.011474609
vn -1 0.0002834797 -0.011474609
vn -1 0.0002834797 -0.011474609
vn -1 -0.0004887581 -0.011871338
vn 0.019622803 -0.019256592 -0.9995117
vn 0.019622803 -0.019256592 -0.9995117
vn 0.019622803 -0.019256592 -0.9995117
vn 0.019622803 -0.019256592 -0.9995117
vn 1 0.00047707558 0.011459351
vn 1 0.00047707558 0.011459351
vn 1 0.00047707558 0.011459351
vn 1 -0.0002872944 0.011878967
vn -0.7597656 0.020584106 0.64990234
vn -0.7597656 0.020584106 0.64990234
vn -0.7597656 0.020584106 0.64990234
vn -0.7597656 0.020599365 0.64990234
vn 0.7597656 -0.012329102 -0.6503906
vn 0.7597656 -0.012329102 -0.6503906
vn 0.7597656 -0.012329102 -0.6503906
vn 0.7597656 -0.012329102 -0.6503906
vn 0.55566406 -0.8310547 0.016845703
vn 0.55566406 -0.8310547 0.016845703
vn 0.55566406 -0.8310547 0.016845703
vn 0.55566406 -0.8310547 0.016845703
vn 0.010871887 -0.83935547 -0.54345703
vn 0.010871887 -0.83935547 -0.54345703
vn 0.010871887 -0.83935547 -0.54345703
vn 0.010871887 -0.83935547 -0.54345703
vn -0.5551758 -0.83154297 0.0036506653
vn -0.5551758 -0.83154297 0.0036506653
vn -0.5551758 -0.83154297 0.0036506653
vn -0.5551758 -0.83154297 0.0036525726
vn -0.010917664 -0.82373047 0.56689453
vn -0.010917664 -0.82373047 0.56689453
vn -0.010917664 -0.82373047 0.56689453
vn -0.010917664 -0.82373047 0.56689453
vn -0.011398315 0.044006348 0.99902344
vn -0.011398315 0.044006348 0.99902344
vn -0.011398315 0.044006348 0.99902344
vn -0.011398315 0.04397583 0.99902344
vn -1 0.00040721893 -7.0512295E-05
vn -1 0.00040721893 -7.0512295E-05
vn -1 0.00040721893 -7.0512295E-05
vn -1 -0.0007042885 -0.00046277046
vn 0.011398315 -0.027389526 -0.9995117
vn 0.011398315 -0.027389526 -0.9995117
vn 0.011398315 -0.027389526 -0.9995117
vn 0.011398315 -0.027374268 -0.9995117
vn 1 0.0006837845 5.531311E-05
vn 1 0.0006837845 5.531311E-05
vn 1 0.0006837845 5.531311E-05
vn 1 -0.00039887428 0.00047445297
vn -0.7519531 0.029281616 0.6582031
vn -0.7519531 0.029281616 0.6582031
vn -0.7519531 0.029281616 0.6582031
vn -0.7519531 0.029296875 0.6582031
vn 0.55566406 -0.8310547 0.010505676
vn 0.55566406 -0.8310547 0.010505676
vn 0.55566406 -0.8310547 0.010505676
vn 0.55566406 -0.8310547 0.010505676
vn 0.006351471 -0.83935547 -0.54345703
vn 0.006351471 -0.83935547 -0.54345703
vn 0.006351471 -0.83935547 -0.54345703
vn 0.006351471 -0.83935547 -0.54345703
vn -0.5551758 -0.83154297 0.009986877
vn -0.5551758 -0.83154297 0.009986877
vn -0.5551758 -0.83154297 0.009986877
vn -0.5551758 -0.83154297 0.009986877
vn -0.0063095093 -0.82373047 0.56689453
vn -0.0063095093 -0.82373047 0.56689453
vn -0.0063095093 -0.82373047 0.56689453
vn -0.0063095093 -0.82373047 0.56689453
vn 0.06774902 0.018127441 0.9975586
vn 0.06774902 0.018127441 0.9975586
vn 0.06774902 0.018127441 0.9975586
vn 0.06585693 0.01574707 0.9975586
vn -0.99902344 0.00016319752 0.045440674
vn -0.99902344 0.00016319752 0.045440674
vn -0.99902344 0.00016319752 0.045440674
vn -0.99902344 -0.00024724007 0.045043945
vn -0.06774902 -0.009819031 -0.9975586
vn -0.06774902 -0.009819031 -0.9975586
vn -0.06774902 -0.009819031 -0.9975586
vn -0.06585693 -0.012184143 -0.9975586
vn 0.99902344 0.007411957 -0.04550171
vn 0.99902344 0.007411957 -0.04550171
vn 0.99902344 0.007411957 -0.04550171
vn 0.99902344 0.0070228577 -0.045135498
vn -0.72216797 0.010482788 0.69140625
vn -0.72216797 0.010482788 0.69140625
vn -0.72216797 0.010482788 0.69140625
vn -0.72216797 0.0104904175 0.69140625
vn -0.69140625 -0.007549286 -0.72216797
vn -0.69140625 -0.007549286 -0.72216797
vn -0.69140625 -0.007549286 -0.72216797
vn -0.69140625 -0.007545471 -0.72216797
vn 0.72216797 -0.0023422241 -0.69140625
vn 0.72216797 -0.0023422241 -0.69140625
vn 0.72216797 -0.0023422241 -0.69140625
vn 0.72216797 -0.0023403168 -0.69140625
vn 0.52441406 -0.8510742 -0.014724731
vn 0.52441406 -0.8510742 -0.014724731
vn 0.52441406 -0.8510742 -0.014724731
vn 0.52441406 -0.8510742 -0.014724731
vn -0.03363037 -0.85791016 -0.51220703
vn -0.03363037 -0.85791016 -0.51220703
vn -0.03363037 -0.85791016 -0.51220703
vn -0.03363037 -0.85791016 -0.51220703
vn -0.5234375 -0.8515625 0.03253174
vn -0.5234375 -0.8515625 0.03253174
vn -0.5234375 -0.8515625 0.03253174
vn -0.5234375 -0.8515625 0.03253174
vn 0.035491943 -0.84375 0.53515625
vn 0.035491943 -0.84375 0.53515625
vn 0.035491943 -0.84375 0.53515625
vn 0.035491943 -0.84375 0.53515625
vn -0.58251953 -0.70703125 -0.40063477
vn -0.58251953 -0.70703125 -0.40063477
vn -0.58251953 -0.70703125 -0.40063477
vn -0.58251953 -0.70703125 -0.40063477
vn 0.41357422 -0.70703125 -0.57373047
vn 0.41357422 -0.70703125 -0.57373047
vn 0.41357422 -0.70703125 -0.57373047
vn 0.41357422 -0.70703125 -0.57373047
vn 0.5917969 -0.70703125 0.38720703
vn 0.5917969 -0.70703125 0.38720703
vn 0.5917969 -0.70703125 0.38720703
vn 0.5917969 -0.70654297 0.38720703
vn -0.40795898 -0.70703125 0.5776367
vn -0.40795898 -0.70703125 0.5776367
vn -0.40795898 -0.70703125 0.5776367
vn -0.40795898 -0.70703125 0.5776367
vn -0.57714844 0.018844604 0.81640625
vn -0.57714844 0.018844604 0.81640625
vn -0.57714844 0.018844604 0.81640625
vn -0.57714844 0.018829346 0.81640625
vn 0.83691406 -0.0007452965 0.5473633
vn 0.83691406 -0.0007452965 0.5473633
vn 0.83691406 -0.0007452965 0.5473633
vn 0.83691406 -4.7683716E-07 0.5473633
vn 0.58496094 4.529953E-06 -0.81103516
vn 0.58496094 4.529953E-06 -0.81103516
vn 0.58496094 4.529953E-06 -0.81103516
vn 0.58496094 -5.6028366E-06 -0.81103516
vn -0.82421875 4.7683716E-07 -0.56640625
vn -0.82421875 4.7683716E-07 -0.56640625
vn -0.82421875 4.7683716E-07 -0.56640625
vn -0.82373047 0.00028800964 -0.56689453
vn 0.16589355 0.013313293 0.98583984
vn 0.16589355 0.013313293 0.98583984
vn 0.16589355 0.013313293 0.98583984
vn 0.16577148 0.013336182 0.98583984
vn 0.9863281 1.1920929E-07 -0.16577148
vn 0.9863281 1.1920929E-07 -0.16577148
vn 0.9863281 1.1920929E-07 -0.16577148
vn 0.9863281 -1.0967255E-05 -0.16577148
vn -0.16577148 -6.7949295E-06 -0.9863281
vn -0.16577148 -6.7949295E-06 -0.9863281
vn -0.16577148 -6.7949295E-06 -0.9863281
vn -0.16577148 8.34465E-07 -0.9863281
vn 0.9433594 0.2915039 -0.15856934
vn 0.9433594 0.2915039 -0.15856934
vn 0.9433594 0.2915039 -0.15856934
vn 0.9433594 0.2915039 -0.15856934
vn 2.3841858E-07 0.018661499 1
vn 2.3841858E-07 0.018661499 1
vn 2.3841858E-07 0.018661499 1
vn 4.7683716E-07 0.018661499 1
vn -1 1.847744E-06 0
vn -1 1.847744E-06 0
vn -1 1.847744E-06 0
vn -1 0 -2.3841858E-07
vn -3.5762787E-07 6.556511E-06 -1
vn -3.5762787E-07 6.556511E-06 -1
vn -3.5762787E-07 6.556511E-06 -1
vn -0 3.7550926E-06 -1
vn 1 0 -8.34465E-07
vn 1 0 -8.34465E-07
vn 1 0 -8.34465E-07
vn 1 0 -8.34465E-07
vn -0.6743164 0.013771057 0.73828125
vn -0.6743164 0.013771057 0.73828125
vn -0.6743164 0.013771057 0.73828125
vn -0.6743164 0.0137786865 0.73828125
vn -0.6748047 3.4570694E-06 -0.73828125
vn -0.6748047 3.4570694E-06 -0.73828125
vn -0.6748047 3.4570694E-06 -0.73828125
vn -0.6748047 8.6426735E-06 -0.73828125
vn 0.6748047 -7.3313713E-06 -0.73828125
vn 0.6748047 -7.3313713E-06 -0.73828125
vn 0.6748047 -7.3313713E-06 -0.73828125
vn 0.6743164 5.543232E-06 -0.73828125
vn 0.70703125 -0.70703125 -1.7285347E-06
vn 0.70703125 -0.70703125 -1.7285347E-06
vn 0.70703125 -0.70703125 -1.7285347E-06
vn 0.70703125 -0.70703125 -1.6093254E-06
vn -3.5762787E-07 -0.6743164 -0.73828125
vn -3.5762787E-07 -0.6743164 -0.73828125
vn -3.5762787E-07 -0.6743164 -0.73828125
vn -0 -0.6743164 -0.73828125
vn 3.5762787E-07 -0.6748047 0.73828125
vn 3.5762787E-07 -0.6748047 0.73828125
vn 3.5762787E-07 -0.6748047 0.73828125
vn 3.5762787E-07 -0.6748047 0.73828125
vn 0.04421997 0.0034828186 0.99902344
vn 0.04421997 0.0034828186 0.99902344
vn 0.04421997 0.0034828186 0.99902344
vn 0.04421997 0.0034828186 0.99902344
vn -0.9975586 7.1406364E-05 0.0703125
vn -0.9975586 7.1406364E-05 0.0703125
vn -0.9975586 7.1406364E-05 0.0703125
vn -0.9975586 -3.093481E-05 0.07019043
vn -0.04421997 -0.002166748 -0.99902344
vn -0.04421997 -0.002166748 -0.99902344
vn -0.04421997 -0.002166748 -0.99902344
vn -0.04421997 -0.002166748 -0.99902344
vn 0.9975586 2.9444695E-05 -0.0703125
vn 0.9975586 2.9444695E-05 -0.0703125
vn 0.9975586 2.9444695E-05 -0.0703125
vn 0.9975586 -7.158518E-05 -0.07019043
vn -0.71191406 0.002319336 0.70214844
vn -0.71191406 0.002319336 0.70214844
vn -0.71191406 0.002319336 0.70214844
vn -0.71191406 0.002319336 0.70214844
vn -0.70214844 -0.0016670227 -0.71191406
vn -0.70214844 -0.0016670227 -0.71191406
vn -0.70214844 -0.0016670227 -0.71191406
vn -0.70214844 -0.0016670227 -0.71191406
vn 0.5551758 -0.8310547 -0.035461426
vn 0.5551758 -0.8310547 -0.035461426
vn 0.5551758 -0.8310547 -0.035461426
vn 0.5551758 -0.8310547 -0.035461426
vn -0.02394104 -0.83935547 -0.54296875
vn -0.02394104 -0.83935547 -0.54296875
vn -0.02394104 -0.83935547 -0.54296875
vn -0.02394104 -0.83935547 -0.54296875
vn -0.55371094 -0.83154297 0.042541504
vn -0.55371094 -0.83154297 0.042541504
vn -0.55371094 -0.83154297 0.042541504
vn -0.55371094 -0.83154297 0.042541504
vn 0.025161743 -0.82373047 0.56640625
vn 0.025161743 -0.82373047 0.56640625
vn 0.025161743 -0.82373047 0.56640625
vn 0.025161743 -0.82373047 0.56640625
vn 0.0044555664 0.012886047 1
vn 0.0044555664 0.012886047 1
vn 0.0044555664 0.012886047 1
vn 0.0044555664 0.012878418 1
vn -0.9995117 0.00039172173 0.03741455
vn -0.9995117 0.00039172173 0.03741455
vn -0.9995117 0.00039172173 0.03741455
vn -0.9995117 -3.3974648E-05 0.037200928
vn -0.0044555664 -0.008018494 -1
vn -0.0044555664 -0.008018494 -1
vn -0.0044555664 -0.008018494 -1
vn -0.0044555664 -0.008010864 -1
vn 0.9995117 2.95043E-05 -0.03741455
vn 0.9995117 2.95043E-05 -0.03741455
vn 0.9995117 2.95043E-05 -0.03741455
vn 0.9995117 -0.0003914833 -0.037200928
vn -0.74121094 0.008575439 0.67089844
vn -0.74121094 0.008575439 0.67089844
vn -0.74121094 0.008575439 0.67089844
vn -0.74121094 0.008575439 0.67089844
vn -0.67089844 -0.006164551 -0.74121094
vn -0.67089844 -0.006164551 -0.74121094
vn -0.67089844 -0.006164551 -0.74121094
vn -0.67089844 -0.006164551 -0.74121094
vn 0.55615234 -0.8310547 -0.01436615
vn 0.55615234 -0.8310547 -0.01436615
vn 0.55615234 -0.8310547 -0.01436615
vn 0.55615234 -0.8310547 -0.01436615
vn -0.0022621155 -0.83935547 -0.54345703
vn -0.0022621155 -0.83935547 -0.54345703
vn -0.0022621155 -0.83935547 -0.54345703
vn -0.0022621155 -0.83935547 -0.54345703
vn -0.5551758 -0.8310547 0.026992798
vn -0.5551758 -0.8310547 0.026992798
vn -0.5551758 -0.8310547 0.026992798
vn -0.5551758 -0.8310547 0.026992798
vn 0.0026855469 -0.82373047 0.56689453
vn 0.0026855469 -0.82373047 0.56689453
vn 0.0026855469 -0.82373047 0.56689453
vn 0.0026836395 -0.82373047 0.56689453
vn -0.02217102 0.00932312 0.9995117
vn -0.02217102 0.00932312 0.9995117
vn -0.02217102 0.00932312 0.9995117
vn -0.021057129 0.011520386 0.9995117
vn -0.9995117 5.8293343E-05 -0.037475586
vn -0.9995117 5.8293343E-05 -0.037475586
vn -0.9995117 5.8293343E-05 -0.037475586
vn -0.9995117 0 -0.037506104
vn 0.02217102 2.9206276E-06 -0.9995117
vn 0.02217102 2.9206276E-06 -0.9995117
vn 0.02217102 2.9206276E-06 -0.9995117
vn 0.02217102 -7.1525574E-07 -0.9995117
vn 0.9995117 -1.2516975E-05 0.037475586
vn 0.9995117 -1.2516975E-05 0.037475586
vn 0.9995117 -1.2516975E-05 0.037475586
vn 0.9995117 -6.169081E-05 0.037506104
vn -0.6796875 0.008773804 0.73339844
vn -0.6796875 0.008773804 0.73339844
vn -0.6796875 0.008773804 0.73339844
vn -0.68652344 0.0070610046 0.7270508
vn -0.59033203 -5.9604645E-07 -0.8071289
vn -0.59033203 -5.9604645E-07 -0.8071289
vn -0.59033203 -5.9604645E-07 -0.8071289
vn -0.59033203 2.3841858E-06 -0.8071289
vn 0.6796875 -5.364418E-07 -0.73339844
vn 0.6796875 -5.364418E-07 -0.73339844
vn 0.6796875 -5.364418E-07 -0.73339844
vn 0.6796875 -8.523464E-06 -0.73339844
vn 0.6616211 -0.7495117 0.02482605
vn 0.6616211 -0.7495117 0.02482605
vn 0.6616211 -0.7495117 0.02482605
vn 0.6611328 -0.7495117 0.02482605
vn 0.016204834 -0.6826172 -0.73046875
vn 0.016204834 -0.6826172 -0.73046875
vn 0.016204834 -0.6826172 -0.73046875
vn 0.016204834 -0.6826172 -0.73046875
vn -0.6616211 -0.7495117 -0.024841309
vn -0.6616211 -0.7495117 -0.024841309
vn -0.6616211 -0.7495117 -0.024841309
vn -0.6616211 -0.7495117 -0.024841309
vn -0.016189575 -0.6826172 0.73046875
vn -0.016189575 -0.6826172 0.73046875
vn -0.016189575 -0.6826172 0.73046875
vn -0.01525116 -0.6894531 0.7241211
vn -0.14575195 0.0034923553 0.9892578
vn -0.14575195 0.0034923553 0.9892578
vn -0.14575195 0.0034923553 0.9892578
vn -0.14575195 0.0034923553 0.9892578
vn -0.99560547 0.00031757355 -0.091552734
vn -0.99560547 0.00031757355 -0.091552734
vn -0.99560547 0.00031757355 -0.091552734
vn -0.99560547 1.9907951E-05 -0.092163086
vn 0.14575195 -0.00089502335 -0.9892578
vn 0.14575195 -0.00089502335 -0.9892578
vn 0.14575195 -0.00089502335 -0.9892578
vn 0.14575195 -0.00089502335 -0.9892578
vn 0.99560547 -2.3126602E-05 0.091552734
vn 0.99560547 -2.3126602E-05 0.091552734
vn 0.99560547 -2.3126602E-05 0.091552734
vn 0.99560547 -0.00031638145 0.092163086
vn -0.8886719 0.0021381378 0.45825195
vn -0.8886719 0.0021381378 0.45825195
vn -0.8886719 0.0021381378 0.45825195
vn -0.8886719 0.0021381378 0.45825195
vn -0.60498047 -0.0006465912 -0.79589844
vn -0.60498047 -0.0006465912 -0.79589844
vn -0.60498047 -0.0006465912 -0.79589844
vn -0.60498047 -0.00064611435 -0.79589844
vn 0.8886719 -0.00049877167 -0.45825195
vn 0.8886719 -0.00049877167 -0.45825195
vn 0.8886719 -0.00049877167 -0.45825195
vn 0.8886719 -0.00050115585 -0.45825195
vn 0.81884766 -0.5683594 0.07727051
vn 0.81884766 -0.5683594 0.07727051
vn 0.81884766 -0.5683594 0.07727051
vn 0.81884766 -0.5683594 0.07727051
vn 0.11199951 -0.640625 -0.7597656
vn 0.11199951 -0.640625 -0.7597656
vn 0.11199951 -0.640625 -0.7597656
vn 0.11199951 -0.640625 -0.7597656
vn -0.81933594 -0.5683594 -0.07434082
vn -0.81933594 -0.5683594 -0.07434082
vn -0.81933594 -0.5683594 -0.07434082
vn -0.81933594 -0.5683594 -0.07434082
vn -0.11212158 -0.6376953 0.76220703
vn -0.11212158 -0.6376953 0.76220703
vn -0.11212158 -0.6376953 0.76220703
vn -0.11212158 -0.6376953 0.76220703
vn -0.08392334 0.0015659332 0.99658203
vn -0.08392334 0.0015659332 0.99658203
vn -0.08392334 0.0015659332 0.99658203
vn -0.082458496 0.0019330978 0.99658203
vn -1 0.0001475811 -0.0044021606
vn -1 0.0001475811 -0.0044021606
vn -1 0.0001475811 -0.0044021606
vn -1 0 -0.0045433044
vn 0.08392334 2.3841858E-07 -0.99658203
vn 0.08392334 2.3841858E-07 -0.99658203
vn 0.08392334 2.3841858E-07 -0.99658203
vn 0.08392334 0 -0.99658203
vn 1 -2.2053719E-06 0.0044021606
vn 1 -2.2053719E-06 0.0044021606
vn 1 -2.2053719E-06 0.0044021606
vn 1 -0.00014793873 0.0045433044
vn -0.7192383 0.0014724731 0.6948242
vn -0.7192383 0.0014724731 0.6948242
vn -0.7192383 0.0014724731 0.6948242
vn -0.72558594 0.0011854172 0.68847656
vn -0.54541016 0 -0.8383789
vn -0.54541016 0 -0.8383789
vn -0.54541016 0 -0.8383789
vn -0.54541016 1.7881393E-07 -0.8383789
vn 0.7192383 0 -0.6948242
vn 0.7192383 0 -0.6948242
vn 0.7192383 0 -0.6948242
vn 0.7192383 -1.7285347E-06 -0.6948242
vn 0.82177734 -0.5698242 0.0037326813
vn 0.82177734 -0.5698242 0.0037326813
vn 0.82177734 -0.5698242 0.0037326813
vn 0.82177734 -0.5703125 0.003730774
vn 0.07269287 -0.49926758 -0.86328125
vn 0.07269287 -0.49926758 -0.86328125
vn 0.07269287 -0.49926758 -0.86328125
vn 0.07269287 -0.49926758 -0.86328125
vn -0.82177734 -0.5698242 -0.0037345886
vn -0.82177734 -0.5698242 -0.0037345886
vn -0.82177734 -0.5698242 -0.0037345886
vn -0.82177734 -0.5698242 -0.0037345886
vn -0.07269287 -0.49926758 0.86328125
vn -0.07269287 -0.49926758 0.86328125
vn -0.07269287 -0.49926758 0.86328125
vn -0.07110596 -0.50634766 0.859375
vn 0.007549286 -0.0022029877 1
vn 0.007549286 -0.0022029877 1
vn 0.007549286 -0.0022029877 1
vn 0.008651733 -0.0005297661 1
vn -1 0.01461792 -0.0035934448
vn -1 0.01461792 -0.0035934448
vn -1 0.01461792 -0.0035934448
vn -1 0.01448822 -0.003622055
vn -0.0074768066 0.009391785 -1
vn -0.0074768066 0.009391785 -1
vn -0.0074768066 0.009391785 -1
vn -0.0074768066 0.009391785 -1
vn 1 -0.014503479 0.0035934448
vn 1 -0.014503479 0.0035934448
vn 1 -0.014503479 0.0035934448
vn 1 -0.01461792 0.0036201477
vn -0.66259766 0.009399414 0.74853516
vn -0.66259766 0.009399414 0.74853516
vn -0.66259766 0.009399414 0.74853516
vn -0.6694336 0.008232117 0.7426758
vn -0.6088867 0.016159058 -0.79345703
vn -0.6088867 0.016159058 -0.79345703
vn -0.6088867 0.016159058 -0.79345703
vn -0.6088867 0.016159058 -0.79345703
vn 0.66259766 -0.0026340485 -0.74853516
vn 0.66259766 -0.0026340485 -0.74853516
vn 0.66259766 -0.0026340485 -0.74853516
vn 0.66308594 -0.0026416779 -0.74853516
vn 0.81396484 -0.5805664 0.002067566
vn 0.81396484 -0.5805664 0.002067566
vn 0.81396484 -0.5805664 0.002067566
vn 0.81396484 -0.5805664 0.0020656586
vn -0.011482239 -0.4934082 -0.8696289
vn -0.011482239 -0.4934082 -0.8696289
vn -0.011482239 -0.4934082 -0.8696289
vn -0.011482239 -0.4934082 -0.8696289
vn -0.8256836 -0.56396484 -0.0038833618
vn -0.8256836 -0.56396484 -0.0038833618
vn -0.8256836 -0.56396484 -0.0038833618
vn -0.8256836 -0.56396484 -0.0038833618
vn 0.001531601 -0.5048828 0.86328125
vn 0.001531601 -0.5048828 0.86328125
vn 0.001531601 -0.5048828 0.86328125
vn 0.0023651123 -0.51171875 0.8588867
vn 0.011711121 0.0049476624 1
vn 0.011711121 0.0049476624 1
vn 0.011711121 0.0049476624 1
vn 0.02078247 0.012458801 0.9995117
vn -1 5.5491924E-05 0.010276794
vn -1 5.5491924E-05 0.010276794
vn -1 5.5491924E-05 0.010276794
vn -1 -1.1920929E-07 0.010253906
vn -0.011711121 1.0728836E-06 -1
vn -0.011711121 1.0728836E-06 -1
vn -0.011711121 1.0728836E-06 -1
vn -0.011711121 -5.364418E-07 -1
vn 1 -4.351139E-06 -0.010276794
vn 1 -4.351139E-06 -0.010276794
vn 1 -4.351139E-06 -0.010276794
vn 1 -5.6743622E-05 -0.010253906
vn -0.7548828 -1.1920929E-07 -0.65625
vn -0.7548828 -1.1920929E-07 -0.65625
vn -0.7548828 -1.1920929E-07 -0.65625
vn -0.7548828 8.940697E-07 -0.65625
vn 0.77685547 -3.5762787E-07 -0.6298828
vn 0.77685547 -3.5762787E-07 -0.6298828
vn 0.77685547 -3.5762787E-07 -0.6298828
vn 0.77685547 -3.33786E-06 -0.6298828
vn 0.8198242 -0.5722656 -0.008407593
vn 0.8198242 -0.5722656 -0.008407593
vn 0.8198242 -0.5722656 -0.008407593
vn 0.8198242 -0.5722656 -0.008407593
vn -0.009002686 -0.63964844 -0.7685547
vn -0.009002686 -0.63964844 -0.7685547
vn -0.009002686 -0.63964844 -0.7685547
vn -0.008995056 -0.63964844 -0.7685547
vn -0.8198242 -0.5722656 0.008407593
vn -0.8198242 -0.5722656 0.008407593
vn -0.8198242 -0.5722656 0.008407593
vn -0.8198242 -0.5722656 0.008407593
vn 0.042266846 -0.001824379 0.99902344
vn 0.042266846 -0.001824379 0.99902344
vn 0.042266846 -0.001824379 0.99902344
vn 0.052337646 0.007095337 0.99853516
vn -0.9970703 -0.0052337646 0.07861328
vn -0.9970703 -0.0052337646 0.07861328
vn -0.9970703 -0.0052337646 0.07861328
vn -0.9970703 -0.005470276 0.078186035
vn -0.042297363 0.0067749023 -0.99902344
vn -0.042297363 0.0067749023 -0.99902344
vn -0.042297363 0.0067749023 -0.99902344
vn -0.042297363 0.0067749023 -0.99902344
vn 0.9970703 0.005470276 -0.07861328
vn 0.9970703 0.005470276 -0.07861328
vn 0.9970703 0.005470276 -0.07861328
vn 0.9970703 0.0052337646 -0.07824707
vn -0.77490234 0.0005912781 -0.6323242
vn -0.77490234 0.0005912781 -0.6323242
vn -0.77490234 0.0005912781 -0.6323242
vn -0.77490234 0.00059223175 -0.6323242
vn 0.75683594 0.008308411 -0.6538086
vn 0.75683594 0.008308411 -0.6538086
vn 0.75683594 0.008308411 -0.6538086
vn 0.75683594 0.008300781 -0.6538086
vn 0.8203125 -0.56640625 -0.07897949
vn 0.8203125 -0.56640625 -0.07897949
vn 0.8203125 -0.56640625 -0.07897949
vn 0.8203125 -0.56640625 -0.07904053
vn -0.029342651 -0.63427734 -0.77246094
vn -0.029342651 -0.63427734 -0.77246094
vn -0.029342651 -0.63427734 -0.77246094
vn -0.029342651 -0.63427734 -0.77246094
vn -0.81591797 -0.5761719 0.049316406
vn -0.81591797 -0.5761719 0.049316406
vn -0.81591797 -0.5761719 0.049316406
vn -0.81591797 -0.5761719 0.049316406
vn 0.03567505 -0.64501953 0.7631836
vn 0.03567505 -0.64501953 0.7631836
vn 0.03567505 -0.64501953 0.7631836
vn 0.038848877 -0.6738281 0.73779297
vn 0.024902344 0.004096985 0.9995117
vn 0.024902344 0.004096985 0.9995117
vn 0.024902344 0.004096985 0.9995117
vn 0.024902344 0.004096985 0.9995117
vn -1 0.0003991127 0.018585205
vn -1 0.0003991127 0.018585205
vn -1 0.0003991127 0.018585205
vn -1 -1.1920929E-07 0.017868042
vn -0.011253357 4.172325E-07 -1
vn -0.011253357 4.172325E-07 -1
vn -0.011253357 4.172325E-07 -1
vn -0.011253357 -6.556511E-07 -1
vn 0.9995117 -3.0398369E-06 0.030334473
vn 0.9995117 -3.0398369E-06 0.030334473
vn 0.9995117 -3.0398369E-06 0.030334473
vn 0.9995117 -0.00019729137 0.030685425
vn -0.70166016 0 -0.71240234
vn -0.70166016 0 -0.71240234
vn -0.70166016 0 -0.71240234
vn -0.70166016 2.3841858E-07 -0.71240234
vn 0.8232422 -3.5762787E-07 -0.5678711
vn 0.8232422 -3.5762787E-07 -0.5678711
vn 0.8232422 -3.5762787E-07 -0.5678711
vn 0.8232422 -2.861023E-06 -0.5678711
vn 0.8203125 -0.57128906 0.025177002
vn 0.8203125 -0.57128906 0.025177002
vn 0.8203125 -0.57128906 0.025177002
vn 0.8203125 -0.57128906 0.025177002
vn -0.008666992 -0.6381836 -0.77001953
vn -0.008666992 -0.6381836 -0.77001953
vn -0.008666992 -0.6381836 -0.77001953
vn -0.008659363 -0.6381836 -0.77001953
vn -0.82177734 -0.56933594 0.0146865845
vn -0.82177734 -0.56933594 0.0146865845
vn -0.82177734 -0.56933594 0.0146865845
vn -0.82177734 -0.56933594 0.0146865845
vn 0.019180298 -0.6376953 0.77001953
vn 0.019180298 -0.6376953 0.77001953
vn 0.019180298 -0.6376953 0.77001953
vn 0.019180298 -0.6376953 0.77001953
vn 0.08544922 0.0030136108 0.99658203
vn 0.08544922 0.0030136108 0.99658203
vn 0.08544922 0.0030136108 0.99658203
vn 0.08544922 0.0030136108 0.99658203
vn -0.9975586 0.00010228157 0.072387695
vn -0.9975586 0.00010228157 0.072387695
vn -0.9975586 0.00010228157 0.072387695
vn -0.9975586 -2.6643276E-05 0.07232666
vn -0.051971436 -0.0021457672 -0.99853516
vn -0.051971436 -0.0021457672 -0.99853516
vn -0.051971436 -0.0021457672 -0.99853516
vn -0.054138184 -0.00077199936 -0.99853516
vn 0.9975586 2.6166439E-05 -0.06982422
vn 0.9975586 2.6166439E-05 -0.06982422
vn 0.9975586 2.6166439E-05 -0.06982422
vn 0.9975586 -9.512901E-05 -0.06976318
vn -0.76660156 0.0018463135 0.64208984
vn -0.76660156 0.0018463135 0.64208984
vn -0.76660156 0.0018463135 0.64208984
vn -0.76660156 0.0018472672 0.64208984
vn 0.76660156 -0.00043058395 -0.64208984
vn 0.76660156 -0.00043058395 -0.64208984
vn 0.76660156 -0.00043058395 -0.64208984
vn 0.76660156 -0.0004324913 -0.64208984
vn 0.81884766 -0.57128906 -0.05682373
vn 0.81884766 -0.57128906 -0.05682373
vn 0.81884766 -0.57128906 -0.05682373
vn 0.81884766 -0.57128906 -0.05682373
vn -0.04147339 -0.6411133 -0.76660156
vn -0.04147339 -0.6411133 -0.76660156
vn -0.04147339 -0.6411133 -0.76660156
vn -0.04147339 -0.6411133 -0.76660156
vn -0.81884766 -0.57128906 0.05883789
vn -0.81884766 -0.57128906 0.05883789
vn -0.81884766 -0.57128906 0.05883789
vn -0.79833984 -0.5996094 0.05831909
vn 0.06591797 -0.63720703 0.7675781
vn 0.06591797 -0.63720703 0.7675781
vn 0.06591797 -0.63720703 0.7675781
vn 0.06591797 -0.63720703 0.7675781
vn -0.99902344 0.009208679 -0.038085938
vn -0.99902344 0.009208679 -0.038085938
vn -0.99902344 0.009208679 -0.038085938
vn -0.99902344 0.009208679 -0.038085938
vn -0.019302368 -0.00017142296 1
vn -0.019302368 -0.00017142296 1
vn -0.019302368 -0.00017142296 1
vn -0.019363403 -1.4305115E-06 1
vn 0.9995117 -2.8014183E-06 0.038085938
vn 0.9995117 -2.8014183E-06 0.038085938
vn 0.9995117 -2.8014183E-06 0.038085938
vn 0.9995117 5.7816505E-06 0.038085938
vn 0.019317627 -4.4703484E-06 -1
vn 0.019317627 -4.4703484E-06 -1
vn 0.019317627 -4.4703484E-06 -1
vn 0.019363403 0.00016868114 -1
vn -0.7792969 0.006954193 0.62646484
vn -0.7792969 0.006954193 0.62646484
vn -0.7792969 0.006954193 0.62646484
vn -0.7792969 0.006954193 0.62646484
vn 0.7270508 -1.013279E-06 0.68652344
vn 0.7270508 -1.013279E-06 0.68652344
vn 0.7270508 -1.013279E-06 0.68652344
vn 0.7270508 -5.9604645E-07 0.68652344
vn 0.77978516 4.529953E-06 -0.62646484
vn 0.77978516 4.529953E-06 -0.62646484
vn 0.77978516 4.529953E-06 -0.62646484
vn 0.7792969 -7.212162E-06 -0.62646484
vn 0.70703125 -0.70654297 0.026947021
vn 0.70703125 -0.70654297 0.026947021
vn 0.70703125 -0.70654297 0.026947021
vn 0.70703125 -0.70654297 0.026947021
vn -0.017623901 0.03363037 0.9995117
vn -0.017623901 0.03363037 0.9995117
vn -0.017623901 0.03363037 0.9995117
vn -0.01687622 0.02973938 0.9995117
vn 0.99853516 -0.0009765625 0.05444336
vn 0.99853516 -0.0009765625 0.05444336
vn 0.99853516 -0.0009765625 0.05444336
vn 0.99853516 5.9604645E-07 0.054595947
vn 0.01687622 7.987022E-06 -1
vn 0.01687622 7.987022E-06 -1
vn 0.01687622 7.987022E-06 -1
vn 0.01689148 2.3901463E-05 -1
vn -0.99853516 -2.0742416E-05 -0.05444336
vn -0.99853516 -2.0742416E-05 -0.05444336
vn -0.99853516 -2.0742416E-05 -0.05444336
vn -0.99853516 0.0010843277 -0.054595947
vn 0.7661133 9.4771385E-06 -0.6430664
vn 0.7661133 9.4771385E-06 -0.6430664
vn 0.7661133 9.4771385E-06 -0.6430664
vn 0.7661133 9.119511E-06 -0.6430664
vn -0.6430664 7.987022E-06 -0.7661133
vn -0.6430664 7.987022E-06 -0.7661133
vn -0.6430664 7.987022E-06 -0.7661133
vn -0.6430664 7.8082085E-06 -0.7661133
vn -0.7060547 -0.70703125 -0.038635254
vn -0.7060547 -0.70703125 -0.038635254
vn -0.7060547 -0.70703125 -0.038635254
vn -0.7060547 -0.70703125 -0.038635254
vn 0.7060547 -0.70703125 0.038635254
vn 0.7060547 -0.70703125 0.038635254
vn 0.7060547 -0.70703125 0.038635254
vn 0.7060547 -0.70703125 0.038635254
vn -0.011955261 -0.7060547 0.7080078
vn -0.011955261 -0.7060547 0.7080078
vn -0.011955261 -0.7060547 0.7080078
vn -0.011955261 -0.7060547 0.7080078
vn 0.37768555 0.00932312 0.92578125
vn 0.37768555 0.00932312 0.92578125
vn 0.37768555 0.00932312 0.92578125
vn 0.3791504 0.011520386 0.92529297
vn -0.9291992 5.8174133E-05 0.36987305
vn -0.9291992 5.8174133E-05 0.36987305
vn -0.9291992 5.8174133E-05 0.36987305
vn -0.9291992 0 0.36987305
vn -0.37768555 2.9802322E-06 -0.92578125
vn -0.37768555 2.9802322E-06 -0.92578125
vn -0.37768555 2.9802322E-06 -0.92578125
vn -0.37768555 -8.940697E-07 -0.92578125
vn 0.9291992 -1.2457371E-05 -0.36987305
vn 0.9291992 -1.2457371E-05 -0.36987305
vn 0.9291992 -1.2457371E-05 -0.36987305
vn 0.9291992 -6.181002E-05 -0.36987305
vn -0.32495117 0.008773804 0.9458008
vn -0.32495117 0.008773804 0.9458008
vn -0.32495117 0.008773804 0.9458008
vn -0.33374023 0.00705719 0.9428711
vn -0.8666992 -5.364418E-07 -0.49926758
vn -0.8666992 -5.364418E-07 -0.49926758
vn -0.8666992 -5.364418E-07 -0.49926758
vn -0.8666992 2.4437904E-06 -0.49926758
vn 0.32495117 -6.556511E-07 -0.9458008
vn 0.32495117 -6.556511E-07 -0.9458008
vn 0.32495117 -6.556511E-07 -0.9458008
vn 0.32495117 -8.523464E-06 -0.9458008
vn 0.6147461 -0.7495117 -0.24487305
vn 0.6147461 -0.7495117 -0.24487305
vn 0.6147461 -0.7495117 -0.24487305
vn 0.6147461 -0.7495117 -0.24487305
vn -0.27612305 -0.6826172 -0.6767578
vn -0.27612305 -0.6826172 -0.6767578
vn -0.27612305 -0.6826172 -0.6767578
vn -0.27612305 -0.6826172 -0.6767578
vn -0.6147461 -0.7495117 0.24487305
vn -0.6147461 -0.7495117 0.24487305
vn -0.6147461 -0.7495117 0.24487305
vn -0.6147461 -0.7495117 0.24487305
vn 0.27612305 -0.6826172 0.67626953
vn 0.27612305 -0.6826172 0.67626953
vn 0.27612305 -0.6826172 0.67626953
vn 0.27441406 -0.6899414 0.6699219
vn -0.23376465 0.00932312 0.97216797
vn -0.23376465 0.00932312 0.97216797
vn -0.23376465 0.00932312 0.97216797
vn -0.23278809 0.011520386 0.97265625
vn -0.9609375 -0.0002039671 -0.2770996
vn -0.9609375 -0.0002039671 -0.2770996
vn -0.9609375 -0.0002039671 -0.2770996
vn -0.9609375 -2.3841858E-07 -0.2770996
vn 0.23388672 3.1590462E-06 -0.97216797
vn 0.23388672 3.1590462E-06 -0.97216797
vn 0.23388672 3.1590462E-06 -0.97216797
vn 0.23388672 -4.172325E-07 -0.97216797
vn 0.9609375 -1.257658E-05 0.2770996
vn 0.9609375 -1.257658E-05 0.2770996
vn 0.9609375 -1.257658E-05 0.2770996
vn 0.9609375 0.00019872189 0.2770996
vn -0.8208008 0.008773804 0.57128906
vn -0.8208008 0.008773804 0.57128906
vn -0.8208008 0.008773804 0.57128906
vn -0.8261719 0.00705719 0.56347656
vn -0.40429688 -4.172325E-07 -0.9145508
vn -0.40429688 -4.172325E-07 -0.9145508
vn -0.40429688 -4.172325E-07 -0.9145508
vn -0.40454102 2.7418137E-06 -0.9145508
vn 0.8208008 -4.7683716E-07 -0.57128906
vn 0.8208008 -4.7683716E-07 -0.57128906
vn 0.8208008 -4.7683716E-07 -0.57128906
vn 0.8208008 -7.748604E-06 -0.57128906
vn 0.6357422 -0.75 0.18334961
vn 0.6357422 -0.75 0.18334961
vn 0.6357422 -0.75 0.18334961
vn 0.6357422 -0.75 0.18334961
vn 0.17089844 -0.6826172 -0.7104492
vn 0.17089844 -0.6826172 -0.7104492
vn 0.17089844 -0.6826172 -0.7104492
vn 0.17089844 -0.6826172 -0.7104492
vn -0.6357422 -0.75 -0.18334961
vn -0.6357422 -0.75 -0.18334961
vn -0.6357422 -0.75 -0.18334961
vn -0.6357422 -0.75 -0.18334961
vn -0.17089844 -0.6826172 0.7104492
vn -0.17089844 -0.6826172 0.7104492
vn -0.17089844 -0.6826172 0.7104492
vn -0.1685791 -0.6894531 0.70410156
vn -0.70654297 -0.70703125 -0.033111572
vn -0.70654297 -0.70703125 -0.033111572
vn -0.70654297 -0.70703125 -0.033111572
vn -0.70654297 -0.70703125 -0.033111572
vn 0.031402588 -0.70703125 -0.70654297
vn 0.031402588 -0.70703125 -0.70654297
vn 0.031402588 -0.70703125 -0.70654297
vn 0.031402588 -0.70703125 -0.70654297
vn 0.70654297 -0.70703125 0.033111572
vn 0.70654297 -0.70703125 0.033111572
vn 0.70654297 -0.70703125 0.033111572
vn 0.70654297 -0.70703125 0.033081055
vn -0.031402588 -0.70703125 0.70654297
vn -0.031402588 -0.70703125 0.70654297
vn -0.031402588 -0.70703125 0.70654297
vn -0.031402588 -0.70703125 0.70654297
vn 0.99902344 0.00027513504 0.04711914
vn 0.99902344 0.00027513504 0.04711914
vn 0.99902344 0.00027513504 0.04711914
vn 0.99902344 -2.3841858E-07 0.046783447
vn 0.044433594 5.2452087E-06 -0.99902344
vn 0.044433594 5.2452087E-06 -0.99902344
vn 0.044433594 5.2452087E-06 -0.99902344
vn 0.044403076 3.874302E-06 -0.99902344
vn -0.99902344 1.7881393E-07 -0.04711914
vn -0.99902344 1.7881393E-07 -0.04711914
vn -0.99902344 1.7881393E-07 -0.04711914
vn -0.99902344 -0.00026988983 -0.046783447
vn 0.69921875 0.005290985 0.71484375
vn 0.69921875 0.005290985 0.71484375
vn 0.69921875 0.005290985 0.71484375
vn 0.69921875 0.0052986145 0.71484375
vn 0.71484375 3.3974648E-06 -0.69921875
vn 0.71484375 3.3974648E-06 -0.69921875
vn 0.71484375 3.3974648E-06 -0.69921875
vn 0.71484375 3.6358833E-06 -0.69921875
vn -0.69921875 5.9604645E-07 -0.71484375
vn -0.69921875 5.9604645E-07 -0.71484375
vn -0.69921875 5.9604645E-07 -0.71484375
vn -0.69921875 2.682209E-06 -0.71484375
vn -0.68896484 -0.71777344 -0.09967041
vn -0.68896484 -0.71777344 -0.09967041
vn -0.68896484 -0.71777344 -0.09967041
vn -0.68896484 -0.71777344 -0.09967041
vn 0.07885742 -0.69384766 -0.7158203
vn 0.07885742 -0.69384766 -0.7158203
vn 0.07885742 -0.69384766 -0.7158203
vn 0.07885742 -0.69384766 -0.7158203
vn 0.71777344 -0.69433594 0.046173096
vn 0.71777344 -0.69433594 0.046173096
vn 0.71777344 -0.69433594 0.046173096
vn 0.71777344 -0.69433594 0.046142578
vn -0.040283203 -0.71972656 0.6928711
vn -0.040283203 -0.71972656 0.6928711
vn -0.040283203 -0.71972656 0.6928711
vn -0.040283203 -0.71972656 0.6933594
vn -0.0758667 -0.012962341 0.9970703
vn -0.0758667 -0.012962341 0.9970703
vn -0.0758667 -0.012962341 0.9970703
vn -0.0758667 -0.012962341 0.9970703
vn 0.99658203 0.017456055 0.08215332
vn 0.99658203 0.017456055 0.08215332
vn 0.99658203 0.017456055 0.08215332
vn 0.99658203 0.01737976 0.08203125
vn 0.0927124 0.018432617 -0.99560547
vn 0.0927124 0.018432617 -0.99560547
vn 0.0927124 0.018432617 -0.99560547
vn 0.0927124 0.018432617 -0.99560547
vn -0.9921875 -0.016571045 -0.12451172
vn -0.9921875 -0.016571045 -0.12451172
vn -0.9921875 -0.016571045 -0.12451172
vn -0.9921875 -0.01689148 -0.12414551
vn 0.75146484 0.02519226 -0.65966797
vn 0.75146484 0.02519226 -0.65966797
vn 0.75146484 0.02519226 -0.65966797
vn 0.75146484 0.02519226 -0.65966797
vn -0.65966797 0.00018620491 -0.75146484
vn -0.65966797 0.00018620491 -0.75146484
vn -0.65966797 0.00018620491 -0.75146484
vn -0.65966797 0.00018954277 -0.75146484
vn 0.7133789 0.3154297 -0.62597656
vn 0.7133789 0.3154297 -0.62597656
vn 0.7133789 0.3154297 -0.62597656
vn 0.7133789 0.3154297 -0.62597656
vn -0.7026367 -0.70703125 -0.08013916
vn -0.7026367 -0.70703125 -0.08013916
vn -0.7026367 -0.70703125 -0.08013916
vn -0.7026367 -0.70703125 -0.08013916
vn 0.08959961 -0.70703125 -0.7011719
vn 0.08959961 -0.70703125 -0.7011719
vn 0.08959961 -0.70703125 -0.7011719
vn 0.08959961 -0.70703125 -0.70166016
vn 0.7036133 -0.70703125 0.070251465
vn 0.7036133 -0.70703125 0.070251465
vn 0.7036133 -0.70703125 0.070251465
vn 0.7036133 -0.70703125 0.070251465
vn -0.08343506 -0.70703125 0.70214844
vn -0.08343506 -0.70703125 0.70214844
vn -0.08343506 -0.70703125 0.70214844
vn -0.08343506 -0.70703125 0.70214844
vn -0.11798096 0.0030879974 0.99316406
vn -0.11798096 0.0030879974 0.99316406
vn -0.11798096 0.0030879974 0.99316406
vn -0.11798096 0.0030879974 0.99316406
vn 0.9951172 -0.00010025501 0.099243164
vn 0.9951172 -0.00010025501 0.099243164
vn 0.9951172 -0.00010025501 0.099243164
vn 0.9951172 8.34465E-07 0.0993042
vn 0.12670898 2.3841858E-07 -0.9916992
vn 0.12670898 2.3841858E-07 -0.9916992
vn 0.12670898 2.3841858E-07 -0.9916992
vn 0.12670898 5.364418E-07 -0.9916992
vn -0.99365234 0 -0.11328125
vn -0.99365234 0 -0.11328125
vn -0.99365234 0 -0.11328125
vn -0.99365234 5.7399273E-05 -0.113342285
vn 0.6069336 0.0021839142 0.7944336
vn 0.6069336 0.0021839142 0.7944336
vn 0.6069336 0.0021839142 0.7944336
vn 0.6069336 0.0021858215 0.7944336
vn 0.7944336 8.34465E-07 -0.6069336
vn 0.7944336 8.34465E-07 -0.6069336
vn 0.7944336 8.34465E-07 -0.6069336
vn 0.7944336 1.1920929E-07 -0.6069336
vn -0.6069336 -8.34465E-07 -0.7944336
vn -0.6069336 -8.34465E-07 -0.7944336
vn -0.6069336 -8.34465E-07 -0.7944336
vn -0.6069336 0 -0.7944336
vn 0.7167969 0.43164062 -0.54785156
vn 0.7167969 0.43164062 -0.54785156
vn 0.7167969 0.43164062 -0.54785156
vn 0.7167969 0.43164062 -0.54785156
vn -0.02986145 -0.9980469 0.051818848
vn -0.02986145 -0.9980469 0.051818848
vn -0.02986145 -0.9980469 0.051818848
vn 0.006134033 -1 0.00022947788
vn 0.006134033 -1 0.00022947788
vn 0.006134033 -1 0.00022947788
vn -0 -1 -4.7683716E-07
vn -0 -1 -4.7683716E-07
vn -0 -1 -4.7683716E-07
vn 1.1920929E-07 -1 -4.172325E-07
vn -0 -1 -8.940697E-07
vn -0 -1 -8.940697E-07
vn -0 -1 -8.940697E-07
vn -0 -1 -8.940697E-07
vn 1.847744E-06 -1 -1.9073486E-06
vn 1.847744E-06 -1 -1.9073486E-06
vn 1.847744E-06 -1 -1.9073486E-06
vn 9.536743E-07 -1 -1.0728836E-06
vn -1.6093254E-06 -1 -1.7881393E-06
vn -1.6093254E-06 -1 -1.7881393E-06
vn -1.6093254E-06 -1 -1.7881393E-06
vn -3.5762787E-07 -1 -1.3113022E-06
vn -0 -1 -3.993511E-06
vn -0 -1 -3.993511E-06
vn -0 -1 -3.993511E-06
vn -0 -1 -3.993511E-06
vn -0 -1 -8.940697E-07
vn -0 -1 -8.940697E-07
vn -0 -1 -8.940697E-07
vn -0 -1 -8.940697E-07
vn 4.7683716E-07 -1 -2.5629997E-06
vn 4.7683716E-07 -1 -2.5629997E-06
vn 4.7683716E-07 -1 -2.5629997E-06
vn 4.7683716E-07 -1 -2.503395E-06
vn -0 -1 -2.4437904E-06
vn -0 -1 -2.4437904E-06
vn -0 -1 -2.4437904E-06
vn -0 -1 -2.4437904E-06
vn -0 -1 -4.7683716E-07
vn -0 -1 -4.7683716E-07
vn -0 -1 -4.7683716E-07
vn -0 -1 -4.7683716E-07
vn -0 -1 -4.7683716E-07
vn -0 -1 -4.7683716E-07
vn -0 -1 -4.7683716E-07
vn -0 -1 -4.7683716E-07
vn -0.016967773 -0.99609375 0.0848999
vn -0.016967773 -0.99609375 0.0848999
vn -0.016967773 -0.99609375 0.0848999
vn -0.016967773 -0.99609375 0.0848999
vn 7.1525574E-07 -1 -5.364418E-07
vn 7.1525574E-07 -1 -5.364418E-07
vn 7.1525574E-07 -1 -5.364418E-07
vn -1.1920929E-07 -1 -8.34465E-07
vn -1.1920929E-07 -1 -1.1920929E-06
vn -1.1920929E-07 -1 -1.1920929E-06
vn -1.1920929E-07 -1 -1.1920929E-06
vn 2.3841858E-07 -1 -6.556511E-07
vn -0 -1 -1.013279E-06
vn -0 -1 -1.013279E-06
vn -0 -1 -1.013279E-06
vn -0 -1 -1.013279E-06
vn 2.3245811E-06 -1 -4.7683716E-07
vn 2.3245811E-06 -1 -4.7683716E-07
vn 2.3245811E-06 -1 -4.7683716E-07
vn 1.2516975E-06 -1 -1.7881393E-07
vn 0.00013720989 -1 0.004180908
vn 0.00013720989 -1 0.004180908
vn 0.00013720989 -1 0.004180908
vn 0.0001373291 -1 0.004180908
vn 0.0004131794 -0.9995117 0.023269653
vn 0.0004131794 -0.9995117 0.023269653
vn 0.0004131794 -0.9995117 0.023269653
vn 0.00041294098 -0.9995117 0.023269653
vn 1.4901161E-06 -1 -5.364418E-07
vn 1.4901161E-06 -1 -5.364418E-07
vn 1.4901161E-06 -1 -5.364418E-07
vn -1.3709068E-06 -1 -1.5497208E-06
vn 3.5762787E-07 -1 -3.0994415E-06
vn 3.5762787E-07 -1 -3.0994415E-06
vn 3.5762787E-07 -1 -3.0994415E-06
vn -0 -1 -3.7550926E-06
vn -0 -1 -2.1457672E-06
vn -0 -1 -2.1457672E-06
vn -0 -1 -2.1457672E-06
vn -0.0021572113 -1 0.0016860962
vn 4.7683716E-07 -1 -1.7881393E-06
vn 4.7683716E-07 -1 -1.7881393E-06
vn 4.7683716E-07 -1 -1.7881393E-06
vn -0 -1 -1.9669533E-06
vn -0 -1 -1.013279E-06
vn -0 -1 -1.013279E-06
vn -0 -1 -1.013279E-06
vn -0 -1 -1.013279E-06
vn -0 -1 -6.556511E-07
vn -0 -1 -6.556511E-07
vn -0 -1 -6.556511E-07
vn -0 -1 -6.556511E-07
vn -1.1324883E-06 -1 -5.90086E-06
vn -1.1324883E-06 -1 -5.90086E-06
vn -1.1324883E-06 -1 -5.90086E-06
vn -1.66893E-06 -1 -6.2584877E-06
vn 1.4901161E-06 -1 -4.172325E-07
vn 1.4901161E-06 -1 -4.172325E-07
vn 1.4901161E-06 -1 -4.172325E-07
vn -1.4901161E-06 -1 -8.940697E-07
vn 0.0104522705 -1 -0.0014629364
vn 0.0104522705 -1 -0.0014629364
vn 0.0104522705 -1 -0.0014629364
vn 0.0104522705 -1 -0.0014638901
vn -2.9802322E-07 -1 -2.7418137E-06
vn -2.9802322E-07 -1 -2.7418137E-06
vn -2.9802322E-07 -1 -2.7418137E-06
vn -1.1920929E-06 -1 -3.2782555E-06
vn 1.1920929E-07 -1 -2.5629997E-06
vn 1.1920929E-07 -1 -2.5629997E-06
vn 1.1920929E-07 -1 -2.5629997E-06
vn 1.1920929E-07 -1 -2.503395E-06
vn 0.0007047653 -1 0.009552002
vn 0.0007047653 -1 0.009552002
vn 0.0007047653 -1 0.009552002
vn 0.0007042885 -1 0.009552002
vn -0 -1 -2.2053719E-06
vn -0 -1 -2.2053719E-06
vn -0 -1 -2.2053719E-06
vn -0 -1 -2.1457672E-06
vn -2.3841858E-07 -1 -2.7418137E-06
vn -2.3841858E-07 -1 -2.7418137E-06
vn -2.3841858E-07 -1 -2.7418137E-06
vn -1.013279E-06 -1 -3.0994415E-06
vn 5.364418E-07 -1 -1.6093254E-06
vn 5.364418E-07 -1 -1.6093254E-06
vn 5.364418E-07 -1 -1.6093254E-06
vn -8.940697E-07 -1 -2.1457672E-06
vn -0.00011473894 -1 0.012321472
vn -0.00011473894 -1 0.012321472
vn -0.00011473894 -1 0.012321472
vn -0.000114262104 -1 0.012321472
vn 8.165836E-06 -1 0.012321472
vn 8.165836E-06 -1 0.012321472
vn 8.165836E-06 -1 0.012321472
vn 8.165836E-06 -1 0.012321472
vn 4.4465065E-05 -1 0.012321472
vn 4.4465065E-05 -1 0.012321472
vn 4.4465065E-05 -1 0.012321472
vn 4.4941902E-05 -1 0.012313843
vn 0.0008845329 -1 0.0104599
vn 0.0008845329 -1 0.0104599
vn 0.0008845329 -1 0.0104599
vn 0.00088357925 -1 0.0104599
vn 1.5497208E-06 -1 -2.2053719E-06
vn 1.5497208E-06 -1 -2.2053719E-06
vn 1.5497208E-06 -1 -2.2053719E-06
vn 1.6093254E-06 -1 -1.9669533E-06
vn -0 -1 -1.5497208E-06
vn -0 -1 -1.5497208E-06
vn -0 -1 -1.5497208E-06
vn -0 -1 -1.5497208E-06
vn 0.00030374527 -1 0.004310608
vn 0.00030374527 -1 0.004310608
vn 0.00030374527 -1 0.004310608
vn 0.0003039837 -1 0.004310608
vn 0.00022768974 -1 0.007610321
vn 0.00022768974 -1 0.007610321
vn 0.00022768974 -1 0.007610321
vn 0.00022447109 -1 0.0076141357
vn -0 -1 -7.4505806E-06
vn -0 -1 -7.4505806E-06
vn -0 -1 -7.4505806E-06
vn 1.7881393E-07 -1 -7.688999E-06
vn -0.00021886826 -1 0.0025730133
vn -0.00021886826 -1 0.0025730133
vn -0.00021886826 -1 0.0025730133
vn -0.00022137165 -1 0.0025749207
vn -0 -1 -2.2053719E-06
vn -0 -1 -2.2053719E-06
vn -0 -1 -2.2053719E-06
vn 1.7881393E-07 -1 -2.2053719E-06
vn -0.009933472 -1 -0.0015859604
vn -0.009933472 -1 -0.0015859604
vn -0.009933472 -1 -0.0015859604
vn -0.009933472 -1 -0.0015859604
vn 1.6093254E-06 -1 -2.2053719E-06
vn 1.6093254E-06 -1 -2.2053719E-06
vn 1.6093254E-06 -1 -2.2053719E-06
vn -0 -1 -1.6093254E-06
vn 0.004135132 -0.9995117 -0.025985718
vn 0.004135132 -0.9995117 -0.025985718
vn 0.004135132 -0.9995117 -0.025985718
vn 0.004135132 -0.9995117 -0.025970459
vn 1.5497208E-06 -1 -1.7762184E-05
vn 1.5497208E-06 -1 -1.7762184E-05
vn 1.5497208E-06 -1 -1.7762184E-05
vn 7.1525574E-07 -1 -1.7106533E-05
vn 0.0001745224 -1 0.00072574615
vn 0.0001745224 -1 0.00072574615
vn 0.0001745224 -1 0.00072574615
vn 0.00015187263 -1 0.0007376671
vn -0 -1 -3.9339066E-06
vn -0 -1 -3.9339066E-06
vn -0 -1 -3.9339066E-06
vn -8.34465E-07 -1 -4.827976E-06
vn -2.6226044E-06 -1 -6.377697E-06
vn -2.6226044E-06 -1 -6.377697E-06
vn -2.6226044E-06 -1 -6.377697E-06
vn -2.6226044E-06 -1 -6.377697E-06
vn 7.748604E-07 -1 -3.2782555E-06
vn 7.748604E-07 -1 -3.2782555E-06
vn 7.748604E-07 -1 -3.2782555E-06
vn 7.748604E-07 -1 -3.2782555E-06
vn 1.6093254E-06 -1 -3.3974648E-06
vn 1.6093254E-06 -1 -3.3974648E-06
vn 1.6093254E-06 -1 -3.3974648E-06
vn -1.2516975E-06 -1 -5.3048134E-06
vn 0.018814087 -0.9995117 -0.01676941
vn 0.018814087 -0.9995117 -0.01676941
vn 0.018814087 -0.9995117 -0.01676941
vn 0.018814087 -0.9995117 -0.01676941
vn -0 -1 -4.7683716E-07
vn -0 -1 -4.7683716E-07
vn -0 -1 -4.7683716E-07
vn -0 -1 -4.7683716E-07
vn -0 1 9.536743E-07
vn -0 1 9.536743E-07
vn -0 1 9.536743E-07
vn 1.7881393E-07 1 1.013279E-06
vn -0 1 3.5762787E-07
vn -0 1 3.5762787E-07
vn -0 1 3.5762787E-07
vn -0 1 3.5762787E-07
vn -7.1525574E-07 1 2.9802322E-07
vn -7.1525574E-07 1 2.9802322E-07
vn -7.1525574E-07 1 2.9802322E-07
vn -4.172325E-07 1 0
vn 1.7881393E-07 1 1.3709068E-06
vn 1.7881393E-07 1 1.3709068E-06
vn 1.7881393E-07 1 1.3709068E-06
vn -6.556511E-07 1 1.013279E-06
vn -0 1 3.3974648E-06
vn -0 1 3.3974648E-06
vn -0 1 3.3974648E-06
vn -0 1 3.3974648E-06
vn -1.1920929E-07 1 1.1324883E-06
vn -1.1920929E-07 1 1.1324883E-06
vn -1.1920929E-07 1 1.1324883E-06
vn -0 1 1.1324883E-06
vn -2.3841858E-07 1 1.1324883E-06
vn -2.3841858E-07 1 1.1324883E-06
vn -2.3841858E-07 1 1.1324883E-06
vn 2.6226044E-06 1 4.053116E-06
vn -1.7881393E-07 1 -7.1525574E-07
vn -1.7881393E-07 1 -7.1525574E-07
vn -1.7881393E-07 1 -7.1525574E-07
vn -0 1 -3.5762787E-07
vn -0 1 3.5762787E-07
vn -0 1 3.5762787E-07
vn -0 1 3.5762787E-07
vn 2.9802322E-07 1 5.364418E-07
vn -0 1 4.172325E-07
vn -0 1 4.172325E-07
vn -0 1 4.172325E-07
vn -0 1 3.5762787E-07
vn 0.016967773 0.99609375 -0.0848999
vn 0.016967773 0.99609375 -0.0848999
vn 0.016967773 0.99609375 -0.0848999
vn 0.016967773 0.99609375 -0.0848999
vn 1.7881393E-07 1 4.7683716E-07
vn 1.7881393E-07 1 4.7683716E-07
vn 1.7881393E-07 1 4.7683716E-07
vn 6.556511E-07 1 6.556511E-07
vn -4.7683716E-07 1 1.1324883E-06
vn -4.7683716E-07 1 1.1324883E-06
vn -4.7683716E-07 1 1.1324883E-06
vn -4.7683716E-07 1 1.1324883E-06
vn -0 1 1.66893E-06
vn -0 1 1.66893E-06
vn -0 1 1.66893E-06
vn -0 1 1.66893E-06
vn -8.34465E-07 1 1.1920929E-07
vn -8.34465E-07 1 1.1920929E-07
vn -8.34465E-07 1 1.1920929E-07
vn -4.7683716E-07 1 0
vn -0.00013458729 1 -0.0041160583
vn -0.00013458729 1 -0.0041160583
vn -0.00013458729 1 -0.0041160583
vn -0.00013613701 1 -0.0041122437
vn -5.1677227E-05 1 0.011230469
vn -5.1677227E-05 1 0.011230469
vn -5.1677227E-05 1 0.011230469
vn 0.012336731 1 -0.0028305054
vn 2.0861626E-06 1 2.6226044E-06
vn 2.0861626E-06 1 2.6226044E-06
vn 2.0861626E-06 1 2.6226044E-06
vn -0 1 1.847744E-06
vn -4.172325E-07 1 4.4703484E-06
vn -4.172325E-07 1 4.4703484E-06
vn -4.172325E-07 1 4.4703484E-06
vn -2.9802322E-07 1 4.6491623E-06
vn 0.003112793 1 -0.0062675476
vn 0.003112793 1 -0.0062675476
vn 0.003112793 1 -0.0062675476
vn 4.172325E-05 1 -0.003829956
vn -0 1 2.503395E-06
vn -0 1 2.503395E-06
vn -0 1 2.503395E-06
vn -0 1 2.503395E-06
vn -1.1920929E-07 1 -2.3841858E-07
vn -1.1920929E-07 1 -2.3841858E-07
vn -1.1920929E-07 1 -2.3841858E-07
vn -0 1 -1.7881393E-07
vn -1.1920929E-07 1 2.3841858E-07
vn -1.1920929E-07 1 2.3841858E-07
vn -1.1920929E-07 1 2.3841858E-07
vn -1.1920929E-07 1 2.3841858E-07
vn 1.4305115E-06 1 5.3048134E-06
vn 1.4305115E-06 1 5.3048134E-06
vn 1.4305115E-06 1 5.3048134E-06
vn 3.5762787E-07 1 4.5895576E-06
vn 2.2053719E-06 1 1.6093254E-06
vn 2.2053719E-06 1 1.6093254E-06
vn 2.2053719E-06 1 1.6093254E-06
vn -0 1 1.2516975E-06
vn -0.0104522705 1 0.0014648438
vn -0.0104522705 1 0.0014648438
vn -0.0104522705 1 0.0014648438
vn -0.0104522705 1 0.0014648438
vn 8.940697E-07 1 4.4107437E-06
vn 8.940697E-07 1 4.4107437E-06
vn 8.940697E-07 1 4.4107437E-06
vn 6.556511E-07 1 4.2915344E-06
vn -0 1 1.7881393E-06
vn -0 1 1.7881393E-06
vn -0 1 1.7881393E-06
vn 1.7881393E-07 1 2.026558E-06
vn 0.00033974648 1 0.0075263977
vn 0.00033974648 1 0.0075263977
vn 0.00033974648 1 0.0075263977
vn 0.01007843 1 -0.0023326874
vn -0 1 1.4305115E-06
vn -0 1 1.4305115E-06
vn -0 1 1.4305115E-06
vn 2.9802322E-07 1 1.847744E-06
vn 7.1525574E-07 1 2.2649765E-06
vn 7.1525574E-07 1 2.2649765E-06
vn 7.1525574E-07 1 2.2649765E-06
vn 1.6093254E-06 1 2.7418137E-06
vn -0 1 2.503395E-06
vn -0 1 2.503395E-06
vn -0 1 2.503395E-06
vn -0 1 2.503395E-06
vn 0.00013256073 1 -0.013084412
vn 0.00013256073 1 -0.013084412
vn 0.00013256073 1 -0.013084412
vn 0.00013101101 1 -0.013084412
vn 8.285046E-06 1 -0.013084412
vn 8.285046E-06 1 -0.013084412
vn 8.285046E-06 1 -0.013084412
vn 5.841255E-06 1 -0.013084412
vn -3.2782555E-05 1 -0.013084412
vn -3.2782555E-05 1 -0.013084412
vn -3.2782555E-05 1 -0.013084412
vn -3.439188E-05 1 -0.013084412
vn 0.0005302429 1 0.00831604
vn 0.0005302429 1 0.00831604
vn 0.0005302429 1 0.00831604
vn 0.008079529 1 -0.0027446747
vn -1.3113022E-06 1 1.6093254E-06
vn -1.3113022E-06 1 1.6093254E-06
vn -1.3113022E-06 1 1.6093254E-06
vn -1.1324883E-06 1 2.682209E-06
vn 4.7683716E-07 1 9.536743E-07
vn 4.7683716E-07 1 9.536743E-07
vn 4.7683716E-07 1 9.536743E-07
vn -0 1 1.3709068E-06
vn -0.00029706955 1 -0.0042533875
vn -0.00029706955 1 -0.0042533875
vn -0.00029706955 1 -0.0042533875
vn -0.00029873848 1 -0.0042495728
vn -0.00022184849 1 -0.0076942444
vn -0.00022184849 1 -0.0076942444
vn -0.00022184849 1 -0.0076942444
vn -0.00022566319 1 -0.0076904297
vn -1.7881393E-07 1 9.059906E-06
vn -1.7881393E-07 1 9.059906E-06
vn -1.7881393E-07 1 9.059906E-06
vn -0 1 8.761883E-06
vn 9.36985E-05 1 -0.0010671616
vn 9.36985E-05 1 -0.0010671616
vn 9.36985E-05 1 -0.0010671616
vn 9.1314316E-05 1 -0.0010652542
vn -1.1920929E-07 1 1.6093254E-06
vn -1.1920929E-07 1 1.6093254E-06
vn -1.1920929E-07 1 1.6093254E-06
vn -1.1920929E-07 1 1.6093254E-06
vn 0.009918213 1 0.0014753342
vn 0.009918213 1 0.0014753342
vn 0.009918213 1 0.0014753342
vn 0.009918213 1 0.0014762878
vn -1.3113022E-06 1 1.1920929E-06
vn -1.3113022E-06 1 1.1920929E-06
vn -1.3113022E-06 1 1.1920929E-06
vn -2.9802322E-07 1 7.748604E-07
vn -0.0039749146 0.9995117 0.028289795
vn -0.0039749146 0.9995117 0.028289795
vn -0.0039749146 0.9995117 0.028289795
vn -0.0039749146 0.9995117 0.028289795
vn -8.940697E-07 1 1.1205673E-05
vn -8.940697E-07 1 1.1205673E-05
vn -8.940697E-07 1 1.1205673E-05
vn 2.3841858E-07 1 1.0251999E-05
vn -6.1154366E-05 1 -0.00030446053
vn -6.1154366E-05 1 -0.00030446053
vn -6.1154366E-05 1 -0.00030446053
vn -7.236004E-05 1 -0.00029873848
vn -0 1 4.172325E-06
vn -0 1 4.172325E-06
vn -0 1 4.172325E-06
vn -1.013279E-06 1 5.4836273E-06
vn 8.34465E-07 1 2.3841858E-06
vn 8.34465E-07 1 2.3841858E-06
vn 8.34465E-07 1 2.3841858E-06
vn 0.003276825 1 0.003314972
vn 2.861023E-06 1 7.033348E-06
vn 2.861023E-06 1 7.033348E-06
vn 2.861023E-06 1 7.033348E-06
vn 2.861023E-06 1 7.033348E-06
vn -4.7683716E-07 1 3.3974648E-06
vn -4.7683716E-07 1 3.3974648E-06
vn -4.7683716E-07 1 3.3974648E-06
vn -4.7683716E-07 1 3.3974648E-06
vn 1.9669533E-06 1 4.9471855E-06
vn 1.9669533E-06 1 4.9471855E-06
vn 1.9669533E-06 1 4.9471855E-06
vn -1.7881393E-07 1 3.516674E-06
vn -0.018814087 0.9995117 0.01676941
vn -0.018814087 0.9995117 0.01676941
vn -0.018814087 0.9995117 0.01676941
vn -0.018814087 0.9995117 0.01676941
vn -0 1 4.7683716E-07
vn -0 1 4.7683716E-07
vn -0 1 4.7683716E-07
vn 2.3841858E-07 1 6.556511E-07
vn -0.3972168 0.7915039 0.46435547
vn -0.3972168 0.7915039 0.46435547
vn -0.3972168 0.7915039 0.46435547
vn 0.46435547 0.7915039 0.3972168
vn 0.46435547 0.7915039 0.3972168
vn 0.46435547 0.7915039 0.3972168
vn -0.46435547 0.7915039 -0.3972168
vn -0.46435547 0.7915039 -0.3972168
vn -0.46435547 0.7915039 -0.3972168
vn 0.3972168 0.7915039 -0.46435547
vn 0.3972168 0.7915039 -0.46435547
vn 0.3972168 0.7915039 -0.46435547
vn 0.43774414 0.7915039 -0.42651367
vn 0.43774414 0.7915039 -0.42651367
vn 0.43774414 0.7915039 -0.42651367
vn -0.42651367 0.7915039 -0.43774414
vn -0.42651367 0.7915039 -0.43774414
vn -0.42651367 0.7915039 -0.43774414
vn 0.42651367 0.7915039 0.43774414
vn 0.42651367 0.7915039 0.43774414
vn 0.42651367 0.7915039 0.43774414
vn -0.43774414 0.7915039 0.42651367
vn -0.43774414 0.7915039 0.42651367
vn -0.43774414 0.7915039 0.42651367
vn 0.06402588 0.56689453 0.82128906
vn 0.06402588 0.56689453 0.82128906
vn 0.06402588 0.56689453 0.82128906
vn 0.06402588 0.56689453 0.82128906
vn 0.06402588 0.56689453 0.82128906
vn 0.06402588 0.56689453 0.82128906
vn -0.49536133 0.68115234 -0.5390625
vn -0.49536133 0.68115234 -0.5390625
vn -0.49536133 0.68115234 -0.5390625
vn -0.5390625 0.68115234 0.49536133
vn -0.5390625 0.68115234 0.49536133
vn -0.5390625 0.68115234 0.49536133
vn 0.5390625 0.68115234 -0.49536133
vn 0.5390625 0.68115234 -0.49536133
vn 0.5390625 0.68115234 -0.49536133
vn 0.49536133 0.68115234 0.5390625
vn 0.49536133 0.68115234 0.5390625
vn 0.49536133 0.68115234 0.5390625
vn 0.3647461 0.63623047 -0.6796875
vn 0.3647461 0.63623047 -0.6796875
vn 0.3647461 0.63623047 -0.6796875
vn -0.6669922 0.63671875 -0.38745117
vn -0.6669922 0.63671875 -0.38745117
vn -0.6669922 0.63671875 -0.38745117
vn 0.6669922 0.63671875 0.38745117
vn 0.6669922 0.63671875 0.38745117
vn 0.6669922 0.63671875 0.38745117
vn -0.3647461 0.63623047 0.6796875
vn -0.3647461 0.63623047 0.6796875
vn -0.3647461 0.63623047 0.6796875
vn -0.42016602 0.7915039 0.44384766
vn -0.42016602 0.7915039 0.44384766
vn -0.42016602 0.7915039 0.44384766
vn 0.44384766 0.7915039 0.42016602
vn 0.44384766 0.7915039 0.42016602
vn 0.44384766 0.7915039 0.42016602
vn -0.44384766 0.7915039 -0.42016602
vn -0.44384766 0.7915039 -0.42016602
vn -0.44384766 0.7915039 -0.42016602
vn 0.42016602 0.7915039 -0.44384766
vn 0.42016602 0.7915039 -0.44384766
vn 0.42016602 0.7915039 -0.44384766
vn -0.4169922 0.7915039 0.44677734
vn -0.4169922 0.7915039 0.44677734
vn -0.4169922 0.7915039 0.44677734
vn 0.44677734 0.7915039 0.4169922
vn 0.44677734 0.7915039 0.4169922
vn 0.44677734 0.7915039 0.4169922
vn -0.44677734 0.7915039 -0.4169922
vn -0.44677734 0.7915039 -0.4169922
vn -0.44677734 0.7915039 -0.4169922
vn 0.4169922 0.7915039 -0.44677734
vn 0.4169922 0.7915039 -0.44677734
vn 0.4169922 0.7915039 -0.44677734
vn -0.7314453 0.46679688 0.4970703
vn -0.7314453 0.46679688 0.4970703
vn -0.7314453 0.46679688 0.4970703
vn 0.4970703 0.46679688 0.7314453
vn 0.4970703 0.46679688 0.7314453
vn 0.4970703 0.46679688 0.7314453
vn -0.4970703 0.46679688 -0.7314453
vn -0.4970703 0.46679688 -0.7314453
vn -0.4970703 0.46679688 -0.7314453
vn 0.7314453 0.46679688 -0.4970703
vn 0.7314453 0.46679688 -0.4970703
vn 0.7314453 0.46679688 -0.4970703
vn -0.41552734 0.8413086 0.34594727
vn -0.41552734 0.8413086 0.34594727
vn -0.41552734 0.8413086 0.34594727
vn 0.39135742 0.8510742 0.34985352
vn 0.39135742 0.8510742 0.34985352
vn 0.39135742 0.8510742 0.34985352
vn -0.41552734 0.8413086 -0.34594727
vn -0.41552734 0.8413086 -0.34594727
vn -0.41552734 0.8413086 -0.34594727
vn 0.41552734 0.8413086 -0.34594727
vn 0.41552734 0.8413086 -0.34594727
vn 0.41552734 0.8413086 -0.34594727
vn -1.1920929E-07 0.6743164 0.73828125
vn -1.1920929E-07 0.6743164 0.73828125
vn -1.1920929E-07 0.6743164 0.73828125
vn -5.364418E-07 0.6743164 0.73828125
vn -5.364418E-07 0.6743164 0.73828125
vn -5.364418E-07 0.6743164 0.73828125
vn -0.6118164 0.6381836 0.46728516
vn -0.6118164 0.6381836 0.46728516
vn -0.6118164 0.6381836 0.46728516
vn 0.46728516 0.6386719 0.6118164
vn 0.46728516 0.6386719 0.6118164
vn 0.46728516 0.6386719 0.6118164
vn -0.46728516 0.6386719 -0.6118164
vn -0.46728516 0.6386719 -0.6118164
vn -0.46728516 0.6386719 -0.6118164
vn 0.6118164 0.6381836 -0.46728516
vn 0.6118164 0.6381836 -0.46728516
vn 0.6118164 0.6381836 -0.46728516
vn 0.6743164 0.6455078 -0.35839844
vn 0.6743164 0.6455078 -0.35839844
vn 0.6743164 0.6455078 -0.35839844
vn -0.6899414 0.6376953 -0.34204102
vn -0.6899414 0.6376953 -0.34204102
vn -0.6899414 0.6376953 -0.34204102
vn 0.6899414 0.6376953 0.34204102
vn 0.6899414 0.6376953 0.34204102
vn 0.6899414 0.6376953 0.34204102
vn -0.6743164 0.6455078 0.35839844
vn -0.6743164 0.6455078 0.35839844
vn -0.6743164 0.6455078 0.35839844
vn -0.34545898 0.54003906 0.7675781
vn -0.34545898 0.54003906 0.7675781
vn -0.34545898 0.54003906 0.7675781
vn 0.8183594 0.4814453 0.31396484
vn 0.8183594 0.4814453 0.31396484
vn 0.8183594 0.4814453 0.31396484
vn -0.8022461 0.4489746 -0.3930664
vn -0.8022461 0.4489746 -0.3930664
vn -0.8022461 0.4489746 -0.3930664
vn 0.36157227 0.39038086 -0.8466797
vn 0.36157227 0.39038086 -0.8466797
vn 0.36157227 0.39038086 -0.8466797
vn -0.63623047 0.46679688 0.61376953
vn -0.63623047 0.46679688 0.61376953
vn -0.63623047 0.46679688 0.61376953
vn 0.61376953 0.46704102 0.63671875
vn 0.61376953 0.46704102 0.63671875
vn 0.61376953 0.46704102 0.63671875
vn -0.61376953 0.46679688 -0.63671875
vn -0.61376953 0.46679688 -0.63671875
vn -0.61376953 0.46679688 -0.63671875
vn 0.63623047 0.46679688 -0.61376953
vn 0.63623047 0.46679688 -0.61376953
vn 0.63623047 0.46679688 -0.61376953
vn -0.4819336 0.875 0.04232788
vn -0.4819336 0.875 0.04232788
vn -0.4819336 0.875 0.04232788
vn 0.29711914 0.88623047 0.3552246
vn 0.29711914 0.88623047 0.3552246
vn 0.29711914 0.88623047 0.3552246
vn -0.32128906 0.875 -0.3618164
vn -0.32128906 0.875 -0.3618164
vn -0.32128906 0.875 -0.3618164
vn 0.4819336 0.875 -0.042297363
vn 0.4819336 0.875 -0.042297363
vn 0.4819336 0.875 -0.042297363
vn -0.08911133 0.9707031 0.2241211
vn -0.08911133 0.9707031 0.2241211
vn -0.08911133 0.9707031 0.2241211
vn -0.08911133 0.9707031 0.2241211
vn -0.08911133 0.9707031 0.2241211
vn -0.08911133 0.9707031 0.2241211
vn -0.20397949 0.8339844 0.5126953
vn -0.20397949 0.8339844 0.5126953
vn -0.20397949 0.8339844 0.5126953
vn -0.20397949 0.8339844 0.5126953
vn -0.20397949 0.8339844 0.5126953
vn -0.20397949 0.8339844 0.5126953
vn -0.63623047 0.46679688 0.6142578
vn -0.63623047 0.46679688 0.6142578
vn -0.63623047 0.46679688 0.6142578
vn 0.6142578 0.46679688 0.63623047
vn 0.6142578 0.46679688 0.63623047
vn 0.6142578 0.46679688 0.63623047
vn -0.6142578 0.46679688 -0.63623047
vn -0.6142578 0.46679688 -0.63623047
vn -0.6142578 0.46679688 -0.63623047
vn 0.63623047 0.46679688 -0.6142578
vn 0.63623047 0.46679688 -0.6142578
vn 0.63623047 0.46679688 -0.6142578
vn 0.74902344 0.20410156 0.6298828
vn 0.74902344 0.20410156 0.6298828
vn 0.74902344 0.20410156 0.6298828
vn 0.6645508 0.2915039 0.6879883
vn 0.6645508 0.2915039 0.6879883
vn 0.6645508 0.2915039 0.6879883
vn 0.91845703 0.3955078 0.00598526
vn 0.91845703 0.3955078 0.00598526
vn 0.91845703 0.3955078 0.00598526
vn 0.9663086 0.25708008 0.0010786057
vn 0.9663086 0.25708008 0.0010786057
vn 0.9663086 0.25708008 0.0010786057
vn -0.19824219 0.68115234 -0.70458984
vn -0.19824219 0.68115234 -0.70458984
vn -0.19824219 0.68115234 -0.70458984
vn -0.70458984 0.68115234 0.19824219
vn -0.70458984 0.68115234 0.19824219
vn -0.70458984 0.68115234 0.19824219
vn 0.70458984 0.68115234 -0.19824219
vn 0.70458984 0.68115234 -0.19824219
vn 0.70458984 0.68115234 -0.19824219
vn 0.19824219 0.68115234 0.70458984
vn 0.19824219 0.68115234 0.70458984
vn 0.19824219 0.68115234 0.70458984
vn 0.30395508 0.8911133 0.33666992
vn 0.30395508 0.8911133 0.33666992
vn 0.30395508 0.8911133 0.33666992
vn -0.39086914 0.85839844 0.3317871
vn -0.39086914 0.85839844 0.3317871
vn -0.39086914 0.85839844 0.3317871
vn 0.38452148 0.85498047 -0.3474121
vn 0.38452148 0.85498047 -0.3474121
vn 0.38452148 0.85498047 -0.3474121
vn -0.32641602 0.8642578 -0.3828125
vn -0.32641602 0.8642578 -0.3828125
vn -0.32641602 0.8642578 -0.3828125
vn 0.15441895 0.9873047 0.03945923
vn 0.15441895 0.9873047 0.03945923
vn 0.15441895 0.9873047 0.03945923
vn -0.37817383 0.92041016 0.09844971
vn -0.37817383 0.92041016 0.09844971
vn -0.37817383 0.92041016 0.09844971
vn 0.1105957 0.9428711 -0.31445312
vn 0.1105957 0.9428711 -0.31445312
vn 0.1105957 0.9428711 -0.31445312
vn -0.14904785 0.93652344 -0.31689453
vn -0.14904785 0.93652344 -0.31689453
vn -0.14904785 0.93652344 -0.31689453
vn 0.60546875 0.3347168 0.72216797
vn 0.60546875 0.3347168 0.72216797
vn 0.60546875 0.3347168 0.72216797
vn 0.6225586 0.36376953 0.6928711
vn 0.6225586 0.36376953 0.6928711
vn 0.6225586 0.36376953 0.6928711
vn -0.71191406 0.38085938 0.58984375
vn -0.71191406 0.38085938 0.58984375
vn -0.71191406 0.38085938 0.58984375
vn -0.7631836 0.3215332 0.5605469
vn -0.7631836 0.3215332 0.5605469
vn -0.7631836 0.3215332 0.5605469
vn 0.72802734 0.31176758 -0.61083984
vn 0.72802734 0.31176758 -0.61083984
vn 0.72802734 0.31176758 -0.61083984
vn 0.6699219 0.3671875 -0.6455078
vn 0.6699219 0.3671875 -0.6455078
vn 0.6699219 0.3671875 -0.6455078
vn -0.5991211 0.34545898 -0.72216797
vn -0.5991211 0.34545898 -0.72216797
vn -0.5991211 0.34545898 -0.72216797
vn -0.5839844 0.31762695 -0.7470703
vn -0.5839844 0.31762695 -0.7470703
vn -0.5839844 0.31762695 -0.7470703
vn -0.0020961761 0.9814453 0.19226074
vn -0.0020961761 0.9814453 0.19226074
vn -0.0020961761 0.9814453 0.19226074
vn 0.012367249 0.99853516 0.054779053
vn 0.012367249 0.99853516 0.054779053
vn 0.012367249 0.99853516 0.054779053
vn 0.17944336 0.98339844 0.016326904
vn 0.17944336 0.98339844 0.016326904
vn 0.17944336 0.98339844 0.016326904
vn -0.89453125 0.44604492 -0.032592773
vn -0.89453125 0.44604492 -0.032592773
vn -0.89453125 0.44604492 -0.032592773
vn -0.86816406 0.49536133 -0.026885986
vn -0.86816406 0.49536133 -0.026885986
vn -0.86816406 0.49536133 -0.026885986
vn 0.3876953 0.921875 0.0073661804
vn 0.3876953 0.921875 0.0073661804
vn 0.3876953 0.921875 0.0073661804
vn -0.43676758 0.7915039 0.4272461
vn -0.43676758 0.7915039 0.4272461
vn -0.43676758 0.7915039 0.4272461
vn 0.4272461 0.7915039 0.43676758
vn 0.4272461 0.7915039 0.43676758
vn 0.4272461 0.7915039 0.43676758
vn -0.4272461 0.7915039 -0.43676758
vn -0.4272461 0.7915039 -0.43676758
vn -0.4272461 0.7915039 -0.43676758
vn 0.43676758 0.7915039 -0.4272461
vn 0.43676758 0.7915039 -0.4272461
vn 0.43676758 0.7915039 -0.4272461
vn -0.5131836 0.74658203 0.42358398
vn -0.5131836 0.74658203 0.42358398
vn -0.5131836 0.74658203 0.42358398
vn 0.53564453 0.7480469 0.3918457
vn 0.53564453 0.7480469 0.3918457
vn 0.53564453 0.7480469 0.3918457
vn -0.53564453 0.7480469 -0.3918457
vn -0.53564453 0.7480469 -0.3918457
vn -0.53564453 0.7480469 -0.3918457
vn 0.5131836 0.74658203 -0.42358398
vn 0.5131836 0.74658203 -0.42358398
vn 0.5131836 0.74658203 -0.42358398
vn 0.32910156 0.8828125 0.33496094
vn 0.32910156 0.8828125 0.33496094
vn 0.32910156 0.8828125 0.33496094
vn -0.36987305 0.85498047 0.3635254
vn -0.36987305 0.85498047 0.3635254
vn -0.36987305 0.85498047 0.3635254
vn 0.5727539 0.5961914 -0.5625
vn 0.5727539 0.5961914 -0.5625
vn 0.5727539 0.5961914 -0.5625
vn -0.47973633 0.7290039 -0.48828125
vn -0.47973633 0.7290039 -0.48828125
vn -0.47973633 0.7290039 -0.48828125
vn -0.6035156 0.7973633 -0.009086609
vn -0.6035156 0.7973633 -0.009086609
vn -0.6035156 0.7973633 -0.009086609
vn -0.65283203 0.7573242 -0.013969421
vn -0.65283203 0.7573242 -0.013969421
vn -0.65283203 0.7573242 -0.013969421
vn 0.007511139 0.7241211 -0.6894531
vn 0.007511139 0.7241211 -0.6894531
vn 0.007511139 0.7241211 -0.6894531
vn 0.0034923553 0.7607422 -0.6489258
vn 0.0034923553 0.7607422 -0.6489258
vn 0.0034923553 0.7607422 -0.6489258
vn 0.5527344 0.8334961 0.008331299
vn 0.5527344 0.8334961 0.008331299
vn 0.5527344 0.8334961 0.008331299
vn 0.68896484 0.7241211 0.024536133
vn 0.68896484 0.7241211 0.024536133
vn 0.68896484 0.7241211 0.024536133
vn -0.5288086 0.74658203 0.40405273
vn -0.5288086 0.74658203 0.40405273
vn -0.5288086 0.74658203 0.40405273
vn 0.5205078 0.7480469 0.41186523
vn 0.5205078 0.7480469 0.41186523
vn 0.5205078 0.7480469 0.41186523
vn -0.5205078 0.7480469 -0.41186523
vn -0.5205078 0.7480469 -0.41186523
vn -0.5205078 0.7480469 -0.41186523
vn 0.5288086 0.74658203 -0.40405273
vn 0.5288086 0.74658203 -0.40405273
vn 0.5288086 0.74658203 -0.40405273
vn -0.4267578 0.86376953 0.2680664
vn -0.4267578 0.86376953 0.2680664
vn -0.4267578 0.86376953 0.2680664
vn 0.4020996 0.8745117 0.27124023
vn 0.4020996 0.8745117 0.27124023
vn 0.4020996 0.8745117 0.27124023
vn -0.42651367 0.86376953 -0.2680664
vn -0.42651367 0.86376953 -0.2680664
vn -0.42651367 0.86376953 -0.2680664
vn 0.4267578 0.86376953 -0.2680664
vn 0.4267578 0.86376953 -0.2680664
vn 0.4267578 0.86376953 -0.2680664
vn -4.172325E-07 0.9550781 0.29638672
vn -4.172325E-07 0.9550781 0.29638672
vn -4.172325E-07 0.9550781 0.29638672
vn -4.172325E-07 0.9550781 0.29638672
vn -4.172325E-07 0.9550781 0.29638672
vn -4.172325E-07 0.9550781 0.29638672
vn 2.9802322E-07 0.7709961 0.63720703
vn 2.9802322E-07 0.7709961 0.63720703
vn 2.9802322E-07 0.7709961 0.63720703
vn -9.536743E-07 0.7709961 0.63671875
vn -9.536743E-07 0.7709961 0.63671875
vn -9.536743E-07 0.7709961 0.63671875
vn -0.3930664 0.8964844 0.20458984
vn -0.3930664 0.8964844 0.20458984
vn -0.3930664 0.8964844 0.20458984
vn 0.34936523 0.90527344 0.24157715
vn 0.34936523 0.90527344 0.24157715
vn 0.34936523 0.90527344 0.24157715
vn -0.37231445 0.8964844 -0.24035645
vn -0.37231445 0.8964844 -0.24035645
vn -0.37231445 0.8964844 -0.24035645
vn 0.3930664 0.8964844 -0.20458984
vn 0.3930664 0.8964844 -0.20458984
vn 0.3930664 0.8964844 -0.20458984
vn -0.030838013 0.8339844 0.55078125
vn -0.030838013 0.8339844 0.55078125
vn -0.030838013 0.8339844 0.55078125
vn -0.030838013 0.8339844 0.55078125
vn -0.030838013 0.8339844 0.55078125
vn -0.030838013 0.8339844 0.55078125
vn -0.2956543 0.7915039 0.53466797
vn -0.2956543 0.7915039 0.53466797
vn -0.2956543 0.7915039 0.53466797
vn 0.53466797 0.7915039 0.2956543
vn 0.53466797 0.7915039 0.2956543
vn 0.53466797 0.7915039 0.2956543
vn -0.53466797 0.7915039 -0.2956543
vn -0.53466797 0.7915039 -0.2956543
vn -0.53466797 0.7915039 -0.2956543
vn 0.2956543 0.7915039 -0.53466797
vn 0.2956543 0.7915039 -0.53466797
vn 0.2956543 0.7915039 -0.53466797
vn -0.4177246 0.7915039 0.44604492
vn -0.4177246 0.7915039 0.44604492
vn -0.4177246 0.7915039 0.44604492
vn 0.44604492 0.7915039 0.4177246
vn 0.44604492 0.7915039 0.4177246
vn 0.44604492 0.7915039 0.4177246
vn -0.44604492 0.7915039 -0.4177246
vn -0.44604492 0.7915039 -0.4177246
vn -0.44604492 0.7915039 -0.4177246
vn 0.4177246 0.7915039 -0.44604492
vn 0.4177246 0.7915039 -0.44604492
vn 0.4177246 0.7915039 -0.44604492
vn -0.47045898 0.74072266 0.47924805
vn -0.47045898 0.74072266 0.47924805
vn -0.47045898 0.74072266 0.47924805
vn 0.5683594 0.75341797 0.33081055
vn 0.5683594 0.75341797 0.33081055
vn 0.5683594 0.75341797 0.33081055
vn -0.5839844 0.7421875 -0.32861328
vn -0.5839844 0.7421875 -0.32861328
vn -0.5839844 0.7421875 -0.32861328
vn 0.45483398 0.7519531 -0.47705078
vn 0.45483398 0.7519531 -0.47705078
vn 0.45483398 0.7519531 -0.47705078
vn -0.39038086 0.74658203 0.5385742
vn -0.39038086 0.74658203 0.5385742
vn -0.39038086 0.74658203 0.5385742
vn 0.6166992 0.7480469 0.24511719
vn 0.6166992 0.7480469 0.24511719
vn 0.6166992 0.7480469 0.24511719
vn -0.6166992 0.7480469 -0.24499512
vn -0.6166992 0.7480469 -0.24499512
vn -0.6166992 0.7480469 -0.24499512
vn 0.390625 0.74658203 -0.5385742
vn 0.390625 0.74658203 -0.5385742
vn 0.390625 0.74658203 -0.5385742
vn -0.65722656 0.46679688 0.5917969
vn -0.65722656 0.46679688 0.5917969
vn -0.65722656 0.46679688 0.5917969
vn 0.5913086 0.46704102 0.65722656
vn 0.5913086 0.46704102 0.65722656
vn 0.5913086 0.46704102 0.65722656
vn -0.5913086 0.46704102 -0.65722656
vn -0.5913086 0.46704102 -0.65722656
vn -0.5913086 0.46704102 -0.65722656
vn 0.65722656 0.46679688 -0.5917969
vn 0.65722656 0.46679688 -0.5917969
vn 0.65722656 0.46679688 -0.5917969
vn 0.15649414 0.9873047 0.030410767
vn 0.15649414 0.9873047 0.030410767
vn 0.15649414 0.9873047 0.030410767
vn -0.37182617 0.92041016 0.12023926
vn -0.37182617 0.92041016 0.12023926
vn -0.37182617 0.92041016 0.12023926
vn 0.09210205 0.9428711 -0.32055664
vn 0.09210205 0.9428711 -0.32055664
vn 0.09210205 0.9428711 -0.32055664
vn -0.16711426 0.93652344 -0.3076172
vn -0.16711426 0.93652344 -0.3076172
vn -0.16711426 0.93652344 -0.3076172
vn 0.6464844 0.3347168 0.6855469
vn 0.6464844 0.3347168 0.6855469
vn 0.6464844 0.3347168 0.6855469
vn 0.6621094 0.36376953 0.65527344
vn 0.6621094 0.36376953 0.65527344
vn 0.6621094 0.36376953 0.65527344
vn -0.6767578 0.38085938 0.6303711
vn -0.6767578 0.38085938 0.6303711
vn -0.6767578 0.38085938 0.6303711
vn -0.7290039 0.3215332 0.6040039
vn -0.7290039 0.3215332 0.6040039
vn -0.7290039 0.3215332 0.6040039
vn 0.69091797 0.31152344 -0.65234375
vn 0.69091797 0.31152344 -0.65234375
vn 0.69091797 0.31152344 -0.65234375
vn 0.6308594 0.3671875 -0.68310547
vn 0.6308594 0.3671875 -0.68310547
vn 0.6308594 0.3671875 -0.68310547
vn -0.6401367 0.34545898 -0.68603516
vn -0.6401367 0.34545898 -0.68603516
vn -0.6401367 0.34545898 -0.68603516
vn -0.62646484 0.31762695 -0.71191406
vn -0.62646484 0.31762695 -0.71191406
vn -0.62646484 0.31762695 -0.71191406
vn 0.008110046 0.9814453 0.19189453
vn 0.008110046 0.9814453 0.19189453
vn 0.008110046 0.9814453 0.19189453
vn 0.013008118 0.99853516 0.054382324
vn 0.013008118 0.99853516 0.054382324
vn 0.013008118 0.99853516 0.054382324
vn 0.18200684 0.98339844 0.0038814545
vn 0.18200684 0.98339844 0.0038814545
vn 0.18200684 0.98339844 0.0038814545
vn -0.89501953 0.44604492 0.013633728
vn -0.89501953 0.44604492 0.013633728
vn -0.89501953 0.44604492 0.013633728
vn -0.86865234 0.49536133 0.016555786
vn -0.86865234 0.49536133 0.016555786
vn -0.86865234 0.49536133 0.016555786
vn 0.39135742 0.92041016 -0.010696411
vn 0.39135742 0.92041016 -0.010696411
vn 0.39135742 0.92041016 -0.010696411
vn -0.6118164 0.46679688 0.6386719
vn -0.6118164 0.46679688 0.6386719
vn -0.6118164 0.46679688 0.6386719
vn 0.6386719 0.46704102 0.6118164
vn 0.6386719 0.46704102 0.6118164
vn 0.6386719 0.46704102 0.6118164
vn -0.6386719 0.46704102 -0.6118164
vn -0.6386719 0.46704102 -0.6118164
vn -0.6386719 0.46704102 -0.6118164
vn 0.6118164 0.46679688 -0.6386719
vn 0.6118164 0.46679688 -0.6386719
vn 0.6118164 0.46679688 -0.6386719
vn -0.31835938 0.46679688 0.8251953
vn -0.31835938 0.46679688 0.8251953
vn -0.31835938 0.46679688 0.8251953
vn 0.82470703 0.46704102 0.31860352
vn 0.82470703 0.46704102 0.31860352
vn 0.82470703 0.46704102 0.31860352
vn -0.82470703 0.46704102 -0.31860352
vn -0.82470703 0.46704102 -0.31860352
vn -0.82470703 0.46704102 -0.31860352
vn 0.31860352 0.46679688 -0.8251953
vn 0.31860352 0.46679688 -0.8251953
vn 0.31860352 0.46679688 -0.8251953
vn -0.5288086 0.74658203 0.40405273
vn -0.5288086 0.74658203 0.40405273
vn -0.5288086 0.74658203 0.40405273
vn 0.5205078 0.7480469 0.41186523
vn 0.5205078 0.7480469 0.41186523
vn 0.5205078 0.7480469 0.41186523
vn -0.5205078 0.7480469 -0.41186523
vn -0.5205078 0.7480469 -0.41186523
vn -0.5205078 0.7480469 -0.41186523
vn 0.5288086 0.74658203 -0.40405273
vn 0.5288086 0.74658203 -0.40405273
vn 0.5288086 0.74658203 -0.40405273
vn 0.29541016 0.8911133 0.34423828
vn 0.29541016 0.8911133 0.34423828
vn 0.29541016 0.8911133 0.34423828
vn -0.39916992 0.85839844 0.32177734
vn -0.39916992 0.85839844 0.32177734
vn -0.39916992 0.85839844 0.32177734
vn 0.39331055 0.85498047 -0.33764648
vn 0.39331055 0.85498047 -0.33764648
vn 0.39331055 0.85498047 -0.33764648
vn -0.31640625 0.8642578 -0.39086914
vn -0.31640625 0.8642578 -0.39086914
vn -0.31640625 0.8642578 -0.39086914
vn 0.30029297 0.8911133 0.3400879
vn 0.30029297 0.8911133 0.3400879
vn 0.30029297 0.8911133 0.3400879
vn -0.3947754 0.85839844 0.32739258
vn -0.3947754 0.85839844 0.32739258
vn -0.3947754 0.85839844 0.32739258
vn 0.38842773 0.85546875 -0.34301758
vn 0.38842773 0.85546875 -0.34301758
vn 0.38842773 0.85546875 -0.34301758
vn -0.32202148 0.8642578 -0.3864746
vn -0.32202148 0.8642578 -0.3864746
vn -0.32202148 0.8642578 -0.3864746
vn 0.30395508 0.8911133 0.33666992
vn 0.30395508 0.8911133 0.33666992
vn 0.30395508 0.8911133 0.33666992
vn -0.39086914 0.85839844 0.3317871
vn -0.39086914 0.85839844 0.3317871
vn -0.39086914 0.85839844 0.3317871
vn 0.38452148 0.85498047 -0.3474121
vn 0.38452148 0.85498047 -0.3474121
vn 0.38452148 0.85498047 -0.3474121
vn -0.32641602 0.8642578 -0.3828125
vn -0.32641602 0.8642578 -0.3828125
vn -0.32641602 0.8642578 -0.3828125
vn 0.15673828 0.9873047 0.028808594
vn 0.15673828 0.9873047 0.028808594
vn 0.15673828 0.9873047 0.028808594
vn -0.37060547 0.92041016 0.12408447
vn -0.37060547 0.92041016 0.12408447
vn -0.37060547 0.92041016 0.12408447
vn 0.08880615 0.9428711 -0.32128906
vn 0.08880615 0.9428711 -0.32128906
vn 0.08880615 0.9428711 -0.32128906
vn -0.17028809 0.93652344 -0.3059082
vn -0.17028809 0.93652344 -0.3059082
vn -0.17028809 0.93652344 -0.3059082
vn 0.6533203 0.3347168 0.67871094
vn 0.6533203 0.3347168 0.67871094
vn 0.6533203 0.3347168 0.67871094
vn 0.66845703 0.36376953 0.6484375
vn 0.66845703 0.36376953 0.6484375
vn 0.66845703 0.36376953 0.6484375
vn -0.6699219 0.38085938 0.63720703
vn -0.6699219 0.38085938 0.63720703
vn -0.6699219 0.38085938 0.63720703
vn -0.72265625 0.3215332 0.6118164
vn -0.72265625 0.3215332 0.6118164
vn -0.72265625 0.3215332 0.6118164
vn 0.6845703 0.31152344 -0.6591797
vn 0.6845703 0.31152344 -0.6591797
vn 0.6845703 0.31152344 -0.6591797
vn 0.62402344 0.3671875 -0.6899414
vn 0.62402344 0.3671875 -0.6899414
vn 0.62402344 0.3671875 -0.6899414
vn -0.64697266 0.34545898 -0.6796875
vn -0.64697266 0.34545898 -0.6796875
vn -0.64697266 0.34545898 -0.6796875
vn -0.63378906 0.31762695 -0.7050781
vn -0.63378906 0.31762695 -0.7050781
vn -0.63378906 0.31762695 -0.7050781
vn 0.011657715 0.9814453 0.1920166
vn 0.011657715 0.9814453 0.1920166
vn 0.011657715 0.9814453 0.1920166
vn 0.012008667 0.99853516 0.054534912
vn 0.012008667 0.99853516 0.054534912
vn 0.012008667 0.99853516 0.054534912
vn 0.1842041 0.98291016 -0.00034594536
vn 0.1842041 0.98291016 -0.00034594536
vn 0.1842041 0.98291016 -0.00034594536
vn -0.89453125 0.44604492 0.036010742
vn -0.89453125 0.44604492 0.036010742
vn -0.89453125 0.44604492 0.036010742
vn -0.86816406 0.4951172 0.03857422
vn -0.86816406 0.4951172 0.03857422
vn -0.86816406 0.4951172 0.03857422
vn 0.38598633 0.9223633 -0.020721436
vn 0.38598633 0.9223633 -0.020721436
vn 0.38598633 0.9223633 -0.020721436
vn -0.8720703 0.46679688 0.14685059
vn -0.8720703 0.46679688 0.14685059
vn -0.8720703 0.46679688 0.14685059
vn 0.14648438 0.46704102 0.8720703
vn 0.14648438 0.46704102 0.8720703
vn 0.14648438 0.46704102 0.8720703
vn -0.14660645 0.46704102 -0.8720703
vn -0.14660645 0.46704102 -0.8720703
vn -0.14660645 0.46704102 -0.8720703
vn 0.8720703 0.46679688 -0.14660645
vn 0.8720703 0.46679688 -0.14660645
vn 0.8720703 0.46679688 -0.14660645
vn 0.52001953 0.63671875 0.56933594
vn 0.52001953 0.63671875 0.56933594
vn 0.52001953 0.63671875 0.56933594
vn -0.52001953 0.63671875 0.56933594
vn -0.52001953 0.63671875 0.56933594
vn -0.52001953 0.63671875 0.56933594
vn 0.52001953 0.63671875 -0.56933594
vn 0.52001953 0.63671875 -0.56933594
vn 0.52001953 0.63671875 -0.56933594
vn -0.52001953 0.63671875 -0.56933594
vn -0.52001953 0.63671875 -0.56933594
vn -0.52001953 0.63671875 -0.56933594
vn -0.19445801 0.9584961 -0.20776367
vn -0.19445801 0.9584961 -0.20776367
vn -0.19445801 0.9584961 -0.20776367
vn -0.37060547 0.85839844 0.35424805
vn -0.37060547 0.85839844 0.35424805
vn -0.37060547 0.85839844 0.35424805
vn 0.36328125 0.85546875 -0.3696289
vn 0.36328125 0.85546875 -0.3696289
vn 0.36328125 0.85546875 -0.3696289
vn -0.34838867 0.8642578 -0.36279297
vn -0.34838867 0.8642578 -0.36279297
vn -0.34838867 0.8642578 -0.36279297
vn -0.0053215027 0.90527344 0.42456055
vn -0.0053215027 0.90527344 0.42456055
vn -0.0053215027 0.90527344 0.42456055
vn -0.010955811 0.9692383 -0.24511719
vn -0.010955811 0.9692383 -0.24511719
vn -0.010955811 0.9692383 -0.24511719
vn -0.37841797 0.92578125 0.0018253326
vn -0.37841797 0.92578125 0.0018253326
vn -0.37841797 0.92578125 0.0018253326
vn 0.6298828 0.77490234 -0.048187256
vn 0.6298828 0.77490234 -0.048187256
vn 0.6298828 0.77490234 -0.048187256
vn 0.03945923 0.44921875 0.8925781
vn 0.03945923 0.44921875 0.8925781
vn 0.03945923 0.44921875 0.8925781
vn 0.035736084 0.26171875 0.96435547
vn 0.035736084 0.26171875 0.96435547
vn 0.035736084 0.26171875 0.96435547
vn 0.9638672 0.25634766 -0.0690918
vn 0.9638672 0.25634766 -0.0690918
vn 0.9638672 0.25634766 -0.0690918
vn 0.89501953 0.4399414 -0.07489014
vn 0.89501953 0.4399414 -0.07489014
vn 0.89501953 0.4399414 -0.07489014
vn -0.1854248 0.9584961 -0.21582031
vn -0.1854248 0.9584961 -0.21582031
vn -0.1854248 0.9584961 -0.21582031
vn -0.38549805 0.85839844 0.33813477
vn -0.38549805 0.85839844 0.33813477
vn -0.38549805 0.85839844 0.33813477
vn 0.37890625 0.85498047 -0.35375977
vn 0.37890625 0.85498047 -0.35375977
vn 0.37890625 0.85498047 -0.35375977
vn -0.33251953 0.8642578 -0.3774414
vn -0.33251953 0.8642578 -0.3774414
vn -0.33251953 0.8642578 -0.3774414
vn -0.03918457 0.90625 0.42138672
vn -0.03918457 0.90625 0.42138672
vn -0.03918457 0.90625 0.42138672
vn -0.0012922287 0.9692383 -0.24523926
vn -0.0012922287 0.9692383 -0.24523926
vn -0.0012922287 0.9692383 -0.24523926
vn -0.375 0.9267578 -0.017852783
vn -0.375 0.9267578 -0.017852783
vn -0.375 0.9267578 -0.017852783
vn 0.62597656 0.7792969 -0.03024292
vn 0.62597656 0.7792969 -0.03024292
vn 0.62597656 0.7792969 -0.03024292
vn 0.0038986206 0.4489746 0.8935547
vn 0.0038986206 0.4489746 0.8935547
vn 0.0038986206 0.4489746 0.8935547
vn -0.0075645447 0.26171875 0.96484375
vn -0.0075645447 0.26171875 0.96484375
vn -0.0075645447 0.26171875 0.96484375
vn 0.9658203 0.25610352 -0.038116455
vn 0.9658203 0.25610352 -0.038116455
vn 0.9658203 0.25610352 -0.038116455
vn 0.89697266 0.43945312 -0.048706055
vn 0.89697266 0.43945312 -0.048706055
vn 0.89697266 0.43945312 -0.048706055
vn 0.31958008 0.8408203 0.43701172
vn 0.31958008 0.8408203 0.43701172
vn 0.31958008 0.8408203 0.43701172
vn -0.39501953 0.81396484 0.4260254
vn -0.39501953 0.81396484 0.4260254
vn -0.39501953 0.81396484 0.4260254
vn 0.39501953 0.81396484 -0.4260254
vn 0.39501953 0.81396484 -0.4260254
vn 0.39501953 0.81396484 -0.4260254
vn -0.31958008 0.8408203 -0.43701172
vn -0.31958008 0.8408203 -0.43701172
vn -0.31958008 0.8408203 -0.43701172
vn 0.46606445 0.6386719 0.6123047
vn 0.46606445 0.6386719 0.6123047
vn 0.46606445 0.6386719 0.6123047
vn -0.6948242 0.62353516 0.35791016
vn -0.6948242 0.62353516 0.35791016
vn -0.6948242 0.62353516 0.35791016
vn 0.69628906 0.62109375 -0.35961914
vn 0.69628906 0.62109375 -0.35961914
vn 0.69628906 0.62109375 -0.35961914
vn -0.46704102 0.6352539 -0.6152344
vn -0.46704102 0.6352539 -0.6152344
vn -0.46704102 0.6352539 -0.6152344
vn 0.29516602 0.8408203 0.45385742
vn 0.29516602 0.8408203 0.45385742
vn 0.29516602 0.8408203 0.45385742
vn -0.4177246 0.81396484 0.4038086
vn -0.4177246 0.81396484 0.4038086
vn -0.4177246 0.81396484 0.4038086
vn 0.4177246 0.81396484 -0.4038086
vn 0.4177246 0.81396484 -0.4038086
vn 0.4177246 0.81396484 -0.4038086
vn -0.29516602 0.8408203 -0.45385742
vn -0.29516602 0.8408203 -0.45385742
vn -0.29516602 0.8408203 -0.45385742
vn 0.33789062 0.83447266 0.43481445
vn 0.33789062 0.83447266 0.43481445
vn 0.33789062 0.83447266 0.43481445
vn -0.37695312 0.8149414 0.44018555
vn -0.37695312 0.8149414 0.44018555
vn -0.37695312 0.8149414 0.44018555
vn 0.39331055 0.8129883 -0.4296875
vn 0.39331055 0.8129883 -0.4296875
vn 0.39331055 0.8129883 -0.4296875
vn -0.32104492 0.8466797 -0.42407227
vn -0.32104492 0.8466797 -0.42407227
vn -0.32104492 0.8466797 -0.42407227
vn 0.35375977 0.8833008 0.3076172
vn 0.35375977 0.8833008 0.3076172
vn 0.35375977 0.8833008 0.3076172
vn -0.3984375 0.85839844 0.32299805
vn -0.3984375 0.85839844 0.32299805
vn -0.3984375 0.85839844 0.32299805
vn 0.3984375 0.85839844 -0.32299805
vn 0.3984375 0.85839844 -0.32299805
vn 0.3984375 0.85839844 -0.32299805
vn -0.35375977 0.8833008 -0.3076172
vn -0.35375977 0.8833008 -0.3076172
vn -0.35375977 0.8833008 -0.3076172
vn 0.35888672 0.8828125 0.30249023
vn 0.35888672 0.8828125 0.30249023
vn 0.35888672 0.8828125 0.30249023
vn -0.39233398 0.8540039 0.3413086
vn -0.39233398 0.8540039 0.3413086
vn -0.39233398 0.8540039 0.3413086
vn 0.38378906 0.86279297 -0.3293457
vn 0.38378906 0.86279297 -0.3293457
vn 0.38378906 0.86279297 -0.3293457
vn -0.36767578 0.8833008 -0.2902832
vn -0.36767578 0.8833008 -0.2902832
vn -0.36767578 0.8833008 -0.2902832
vn 0.45996094 0.7553711 0.46704102
vn 0.45996094 0.7553711 0.46704102
vn 0.45996094 0.7553711 0.46704102
vn -0.54785156 0.74658203 0.37768555
vn -0.54785156 0.74658203 0.37768555
vn -0.54785156 0.74658203 0.37768555
vn 0.54785156 0.74658203 -0.37768555
vn 0.54785156 0.74658203 -0.37768555
vn 0.54785156 0.74658203 -0.37768555
vn -0.45996094 0.7553711 -0.46704102
vn -0.45996094 0.7553711 -0.46704102
vn -0.45996094 0.7553711 -0.46704102
vn 0.5888672 0.6386719 0.49536133
vn 0.5888672 0.6386719 0.49536133
vn 0.5888672 0.6386719 0.49536133
vn -0.5996094 0.62353516 0.50146484
vn -0.5996094 0.62353516 0.50146484
vn -0.5996094 0.62353516 0.50146484
vn 0.60058594 0.62109375 -0.50341797
vn 0.60058594 0.62109375 -0.50341797
vn 0.60058594 0.62109375 -0.50341797
vn -0.5908203 0.6352539 -0.4975586
vn -0.5908203 0.6352539 -0.4975586
vn -0.5908203 0.6352539 -0.4975586
vn -0.64501953 0.46191406 -0.6088867
vn -0.64501953 0.46191406 -0.6088867
vn -0.64501953 0.46191406 -0.6088867
vn -0.69091797 0.46313477 0.5551758
vn -0.69091797 0.46313477 0.5551758
vn -0.69091797 0.46313477 0.5551758
vn 0.69091797 0.46313477 -0.5551758
vn 0.69091797 0.46313477 -0.5551758
vn 0.69091797 0.46313477 -0.5551758
vn 0.64501953 0.46191406 0.6088867
vn 0.64501953 0.46191406 0.6088867
vn 0.64501953 0.46191406 0.6088867
vn -0.5888672 0.74560547 0.31176758
vn -0.5888672 0.74560547 0.31176758
vn -0.5888672 0.74560547 0.31176758
vn 0.5551758 0.7480469 0.36401367
vn 0.5551758 0.7480469 0.36401367
vn 0.5551758 0.7480469 0.36401367
vn -0.5498047 0.71728516 -0.42822266
vn -0.5498047 0.71728516 -0.42822266
vn -0.5498047 0.71728516 -0.42822266
vn 0.44262695 0.81591797 -0.3713379
vn 0.44262695 0.81591797 -0.3713379
vn 0.44262695 0.81591797 -0.3713379
vn -0.7636719 0.07598877 0.6411133
vn -0.7636719 0.07598877 0.6411133
vn -0.7636719 0.07598877 0.6411133
vn -0.85253906 0.2631836 0.45141602
vn -0.85253906 0.2631836 0.45141602
vn -0.85253906 0.2631836 0.45141602
vn 0.61572266 0.28857422 0.73339844
vn 0.61572266 0.28857422 0.73339844
vn 0.61572266 0.28857422 0.73339844
vn 0.8334961 -0.07952881 0.5463867
vn 0.8334961 -0.07952881 0.5463867
vn 0.8334961 -0.07952881 0.5463867
vn -0.6303711 0.19592285 -0.75097656
vn -0.6303711 0.19592285 -0.75097656
vn -0.6303711 0.19592285 -0.75097656
vn -0.7890625 -0.0022735596 -0.6142578
vn -0.7890625 -0.0022735596 -0.6142578
vn -0.7890625 -0.0022735596 -0.6142578
vn -0.014167786 0.8881836 0.45922852
vn -0.014167786 0.8881836 0.45922852
vn -0.014167786 0.8881836 0.45922852
vn -0.011192322 0.85546875 0.5175781
vn -0.011192322 0.85546875 0.5175781
vn -0.011192322 0.85546875 0.5175781
vn -0.018478394 0.07324219 0.9970703
vn -0.018478394 0.07324219 0.9970703
vn -0.018478394 0.07324219 0.9970703
vn -0.03010559 0.21716309 0.97558594
vn -0.03010559 0.21716309 0.97558594
vn -0.03010559 0.21716309 0.97558594
vn 0.9609375 0.2722168 0.046691895
vn 0.9609375 0.2722168 0.046691895
vn 0.9609375 0.2722168 0.046691895
vn 0.9116211 0.40722656 0.052520752
vn 0.9116211 0.40722656 0.052520752
vn 0.9116211 0.40722656 0.052520752
vn 0.016708374 0.14135742 -0.9897461
vn 0.016708374 0.14135742 -0.9897461
vn 0.016708374 0.14135742 -0.9897461
vn 0.010765076 0.068725586 -0.9975586
vn 0.010765076 0.068725586 -0.9975586
vn 0.010765076 0.068725586 -0.9975586
vn 0.46899414 0.8408203 0.27026367
vn 0.46899414 0.8408203 0.27026367
vn 0.46899414 0.8408203 0.27026367
vn -0.18884277 0.81396484 0.5493164
vn -0.18884277 0.81396484 0.5493164
vn -0.18884277 0.81396484 0.5493164
vn 0.18884277 0.81396484 -0.5493164
vn 0.18884277 0.81396484 -0.5493164
vn 0.18884277 0.81396484 -0.5493164
vn -0.46899414 0.8408203 -0.27026367
vn -0.46899414 0.8408203 -0.27026367
vn -0.46899414 0.8408203 -0.27026367
vn 0.21899414 0.8408203 0.4951172
vn 0.21899414 0.8408203 0.4951172
vn 0.21899414 0.8408203 0.4951172
vn -0.47680664 0.81396484 0.3317871
vn -0.47680664 0.81396484 0.3317871
vn -0.47680664 0.81396484 0.3317871
vn 0.47680664 0.81396484 -0.3317871
vn 0.47680664 0.81396484 -0.3317871
vn 0.47680664 0.81396484 -0.3317871
vn -0.21899414 0.8408203 -0.4951172
vn -0.21899414 0.8408203 -0.4951172
vn -0.21899414 0.8408203 -0.4951172
vn -0.6044922 0.77734375 -0.1743164
vn -0.6044922 0.77734375 -0.1743164
vn -0.6044922 0.77734375 -0.1743164
vn 0.5576172 0.8144531 0.16088867
vn 0.5576172 0.8144531 0.16088867
vn 0.5576172 0.8144531 0.16088867
vn 0.6044922 0.7763672 0.1772461
vn 0.6044922 0.7763672 0.1772461
vn 0.6044922 0.7763672 0.1772461
vn -0.55615234 0.8149414 -0.16296387
vn -0.55615234 0.8149414 -0.16296387
vn -0.55615234 0.8149414 -0.16296387
vn -0.43676758 0.7915039 0.4272461
vn -0.43676758 0.7915039 0.4272461
vn -0.43676758 0.7915039 0.4272461
vn 0.4272461 0.7915039 0.43676758
vn 0.4272461 0.7915039 0.43676758
vn 0.4272461 0.7915039 0.43676758
vn -0.4272461 0.7915039 -0.43676758
vn -0.4272461 0.7915039 -0.43676758
vn -0.4272461 0.7915039 -0.43676758
vn 0.43676758 0.7915039 -0.4272461
vn 0.43676758 0.7915039 -0.4272461
vn 0.43676758 0.7915039 -0.4272461
vn -0.67333984 0.44433594 0.5913086
vn -0.67333984 0.44433594 0.5913086
vn -0.67333984 0.44433594 0.5913086
vn 0.57470703 0.46655273 0.6723633
vn 0.57470703 0.46655273 0.6723633
vn 0.57470703 0.46655273 0.6723633
vn -0.59228516 0.46704102 -0.6567383
vn -0.59228516 0.46704102 -0.6567383
vn -0.59228516 0.46704102 -0.6567383
vn 0.6557617 0.48901367 -0.5751953
vn 0.6557617 0.48901367 -0.5751953
vn 0.6557617 0.48901367 -0.5751953
vn -0.6118164 0.6381836 0.46728516
vn -0.6118164 0.6381836 0.46728516
vn -0.6118164 0.6381836 0.46728516
vn 0.46728516 0.6386719 0.6118164
vn 0.46728516 0.6386719 0.6118164
vn 0.46728516 0.6386719 0.6118164
vn -0.46728516 0.6386719 -0.6118164
vn -0.46728516 0.6386719 -0.6118164
vn -0.46728516 0.6386719 -0.6118164
vn 0.6118164 0.6381836 -0.46728516
vn 0.6118164 0.6381836 -0.46728516
vn 0.6118164 0.6381836 -0.46728516
vn 0.037231445 0.8779297 0.4777832
vn 0.037231445 0.8779297 0.4777832
vn 0.037231445 0.8779297 0.4777832
vn 0.037231445 0.8779297 0.4777832
vn 0.47802734 0.8779297 -0.032440186
vn 0.47802734 0.8779297 -0.032440186
vn 0.47802734 0.8779297 -0.032440186
vn 0.47802734 0.8779297 -0.032440186
vn -0.037231445 0.8779297 -0.4777832
vn -0.037231445 0.8779297 -0.4777832
vn -0.037231445 0.8779297 -0.4777832
vn -0.037231445 0.8779297 -0.4777832
vn -0.47802734 0.8779297 0.032440186
vn -0.47802734 0.8779297 0.032440186
vn -0.47802734 0.8779297 0.032440186
vn -0.47802734 0.8779297 0.032440186
vn 0.003271103 0.8779297 -0.47924805
vn 0.003271103 0.8779297 -0.47924805
vn 0.003271103 0.8779297 -0.47924805
vn 0.003271103 0.8779297 -0.47924805
vn -0.4790039 0.8774414 -0.018417358
vn -0.4790039 0.8774414 -0.018417358
vn -0.4790039 0.8774414 -0.018417358
vn -0.4790039 0.8774414 -0.018417358
vn -0.003271103 0.8779297 0.47924805
vn -0.003271103 0.8779297 0.47924805
vn -0.003271103 0.8779297 0.47924805
vn -0.003271103 0.8779297 0.47924805
vn 0.4790039 0.8774414 0.018417358
vn 0.4790039 0.8774414 0.018417358
vn 0.4790039 0.8774414 0.018417358
vn 0.4790039 0.8774414 0.018417358
vn -0.58447266 0.43725586 0.68359375
vn -0.58447266 0.43725586 0.68359375
vn -0.58447266 0.43725586 0.68359375
vn -0.58447266 0.43725586 0.68359375
vn 0.68359375 0.43725586 0.58447266
vn 0.68359375 0.43725586 0.58447266
vn 0.68359375 0.43725586 0.58447266
vn 0.68310547 0.43725586 0.58447266
vn -0.68359375 0.43725586 -0.58447266
vn -0.68359375 0.43725586 -0.58447266
vn -0.68359375 0.43725586 -0.58447266
vn -0.68359375 0.43725586 -0.58447266
vn 0.58447266 0.43725586 -0.68359375
vn 0.58447266 0.43725586 -0.68359375
vn 0.58447266 0.43725586 -0.68359375
vn 0.58447266 0.43725586 -0.68359375
vn 0.8222656 0.56640625 -0.055786133
vn 0.8222656 0.56640625 -0.055786133
vn 0.8222656 0.56640625 -0.055786133
vn 0.8222656 0.56640625 -0.055786133
vn -0.06402588 0.56640625 -0.82128906
vn -0.06402588 0.56640625 -0.82128906
vn -0.06402588 0.56640625 -0.82128906
vn -0.06402588 0.56640625 -0.82128906
vn -0.8222656 0.56689453 0.055755615
vn -0.8222656 0.56689453 0.055755615
vn -0.8222656 0.56689453 0.055755615
vn -0.8222656 0.56640625 0.055786133
vn 0.64404297 0.43725586 -0.6274414
vn 0.64404297 0.43725586 -0.6274414
vn 0.64404297 0.43725586 -0.6274414
vn 0.64404297 0.43725586 -0.6274414
vn -0.6274414 0.43725586 -0.64404297
vn -0.6274414 0.43725586 -0.64404297
vn -0.6274414 0.43725586 -0.64404297
vn -0.6274414 0.4375 -0.64404297
vn 0.6274414 0.43725586 0.64404297
vn 0.6274414 0.43725586 0.64404297
vn 0.6274414 0.43725586 0.64404297
vn 0.6274414 0.43725586 0.64404297
vn -0.64404297 0.43725586 0.6274414
vn -0.64404297 0.43725586 0.6274414
vn -0.64404297 0.43725586 0.6274414
vn -0.64404297 0.43725586 0.6274414
vn 0.005622864 0.56689453 -0.82373047
vn 0.005622864 0.56689453 -0.82373047
vn 0.005622864 0.56689453 -0.82373047
vn 0.005622864 0.56689453 -0.82373047
vn -0.8232422 0.56640625 -0.031677246
vn -0.8232422 0.56640625 -0.031677246
vn -0.8232422 0.56640625 -0.031677246
vn -0.8232422 0.56640625 -0.031677246
vn -0.005622864 0.56640625 0.82373047
vn -0.005622864 0.56640625 0.82373047
vn -0.005622864 0.56640625 0.82373047
vn -0.005622864 0.56640625 0.82373047
vn 0.8232422 0.56640625 0.031677246
vn 0.8232422 0.56640625 0.031677246
vn 0.8232422 0.56640625 0.031677246
vn 0.8232422 0.56640625 0.031677246
vn -0.60498047 0.7963867 -0.01689148
vn -0.60498047 0.7963867 -0.01689148
vn -0.60498047 0.7963867 -0.01689148
vn -0.60498047 0.7963867 -0.01689148
vn -0.0121154785 0.79589844 0.60498047
vn -0.0121154785 0.79589844 0.60498047
vn -0.0121154785 0.79589844 0.60498047
vn -0.0121154785 0.79589844 0.60498047
vn 0.60498047 0.7963867 0.01689148
vn 0.60498047 0.7963867 0.01689148
vn 0.60498047 0.7963867 0.01689148
vn 0.60498047 0.7963867 0.01689148
vn 0.0121154785 0.79589844 -0.60498047
vn 0.0121154785 0.79589844 -0.60498047
vn 0.0121154785 0.79589844 -0.60498047
vn 0.0121154785 0.7963867 -0.60498047
vn -0.63134766 0.36010742 -0.6870117
vn -0.63134766 0.36010742 -0.6870117
vn -0.63134766 0.36010742 -0.6870117
vn -0.63134766 0.36010742 -0.6870117
vn -0.6870117 0.36010742 0.63134766
vn -0.6870117 0.36010742 0.63134766
vn -0.6870117 0.36010742 0.63134766
vn -0.6870117 0.36010742 0.63134766
vn 0.6870117 0.36010742 -0.63134766
vn 0.6870117 0.36010742 -0.63134766
vn 0.6870117 0.36010742 -0.63134766
vn 0.6870117 0.36010742 -0.63134766
vn 0.63134766 0.36010742 0.6870117
vn 0.63134766 0.36010742 0.6870117
vn 0.63134766 0.36010742 0.6870117
vn 0.63134766 0.36010742 0.6870117
vn -0.8774414 0.4790039 -0.024490356
vn -0.8774414 0.4790039 -0.024490356
vn -0.8774414 0.4790039 -0.024490356
vn -0.8774414 0.4790039 -0.024490356
vn -0.017578125 0.4790039 0.8774414
vn -0.017578125 0.4790039 0.8774414
vn -0.017578125 0.4790039 0.8774414
vn -0.017578125 0.4790039 0.8774414
vn 0.8774414 0.4790039 0.024490356
vn 0.8774414 0.4790039 0.024490356
vn 0.8774414 0.4790039 0.024490356
vn 0.8774414 0.4790039 0.024490356
vn 0.017578125 0.4790039 -0.8774414
vn 0.017578125 0.4790039 -0.8774414
vn 0.017578125 0.4790039 -0.8774414
vn 0.017578125 0.4790039 -0.8774414
vn -0.18395996 0.75390625 -0.6308594
vn -0.18395996 0.75390625 -0.6308594
vn -0.18395996 0.75390625 -0.6308594
vn -0.18395996 0.75390625 -0.6308594
vn -0.6201172 0.76464844 0.17456055
vn -0.6201172 0.76464844 0.17456055
vn -0.6201172 0.76464844 0.17456055
vn -0.6201172 0.76464844 0.17456055
vn 0.18395996 0.75390625 0.6308594
vn 0.18395996 0.75390625 0.6308594
vn 0.18395996 0.75390625 0.6308594
vn 0.18395996 0.75390625 0.6308594
vn 0.6201172 0.76464844 -0.17456055
vn 0.6201172 0.76464844 -0.17456055
vn 0.6201172 0.76464844 -0.17456055
vn 0.6201172 0.76464844 -0.17456055
vn 0.45166016 0.29589844 -0.8417969
vn 0.45166016 0.29589844 -0.8417969
vn 0.45166016 0.29589844 -0.8417969
vn 0.45166016 0.29589844 -0.8417969
vn -0.8261719 0.29589844 -0.47973633
vn -0.8261719 0.29589844 -0.47973633
vn -0.8261719 0.29589844 -0.47973633
vn -0.8256836 0.29614258 -0.47973633
vn 0.8261719 0.29589844 0.47973633
vn 0.8261719 0.29589844 0.47973633
vn 0.8261719 0.29589844 0.47973633
vn 0.8261719 0.29589844 0.47973633
vn -0.45166016 0.29589844 0.8417969
vn -0.45166016 0.29589844 0.8417969
vn -0.45166016 0.29589844 0.8417969
vn -0.45166016 0.29589844 0.8417969
vn -0.25708008 0.39575195 -0.88183594
vn -0.25708008 0.39575195 -0.88183594
vn -0.25708008 0.39575195 -0.88183594
vn -0.25708008 0.39575195 -0.88183594
vn -0.87939453 0.40698242 0.24743652
vn -0.87939453 0.40698242 0.24743652
vn -0.87939453 0.40698242 0.24743652
vn -0.87939453 0.40698242 0.24743652
vn 0.25708008 0.39575195 0.88183594
vn 0.25708008 0.39575195 0.88183594
vn 0.25708008 0.39575195 0.88183594
vn 0.25708008 0.39575195 0.88183594
vn 0.87939453 0.40698242 -0.24743652
vn 0.87939453 0.40698242 -0.24743652
vn 0.87939453 0.40698242 -0.24743652
vn 0.87939453 0.40698242 -0.24743652
vn -0.004219055 0.8774414 0.4794922
vn -0.004219055 0.8774414 0.4794922
vn -0.004219055 0.8774414 0.4794922
vn -0.004219055 0.8774414 0.4794922
vn 0.4794922 0.8774414 0.0061950684
vn 0.4794922 0.8774414 0.0061950684
vn 0.4794922 0.8774414 0.0061950684
vn 0.4794922 0.8774414 0.006198883
vn 0.004219055 0.8774414 -0.4794922
vn 0.004219055 0.8774414 -0.4794922
vn 0.004219055 0.8774414 -0.4794922
vn 0.004219055 0.8774414 -0.4794922
vn -0.4794922 0.8774414 -0.0061950684
vn -0.4794922 0.8774414 -0.0061950684
vn -0.4794922 0.8774414 -0.0061950684
vn -0.4794922 0.8774414 -0.0061950684
vn -0.61816406 0.43725586 0.6533203
vn -0.61816406 0.43725586 0.6533203
vn -0.61816406 0.43725586 0.6533203
vn -0.61816406 0.43725586 0.6533203
vn 0.6533203 0.43725586 0.61816406
vn 0.6533203 0.43725586 0.61816406
vn 0.6533203 0.43725586 0.61816406
vn 0.65283203 0.43725586 0.61816406
vn -0.6533203 0.43725586 -0.61816406
vn -0.6533203 0.43725586 -0.61816406
vn -0.6533203 0.43725586 -0.61816406
vn -0.6533203 0.43725586 -0.61816406
vn 0.61816406 0.43725586 -0.6533203
vn 0.61816406 0.43725586 -0.6533203
vn 0.61816406 0.43725586 -0.6533203
vn 0.61816406 0.43725586 -0.6533203
vn -0.0072517395 0.56640625 0.82421875
vn -0.0072517395 0.56640625 0.82421875
vn -0.0072517395 0.56640625 0.82421875
vn -0.0072517395 0.56640625 0.82421875
vn 0.82421875 0.56640625 0.010650635
vn 0.82421875 0.56640625 0.010650635
vn 0.82421875 0.56640625 0.010650635
vn 0.82421875 0.56640625 0.010650635
vn 0.0072517395 0.56640625 -0.82421875
vn 0.0072517395 0.56640625 -0.82421875
vn 0.0072517395 0.56640625 -0.82421875
vn 0.007255554 0.56640625 -0.82421875
vn -0.82421875 0.56640625 -0.010650635
vn -0.82421875 0.56640625 -0.010650635
vn -0.82421875 0.56640625 -0.010650635
vn -0.82421875 0.56640625 -0.010650635
vn -0.0034370422 0.8774414 0.4794922
vn -0.0034370422 0.8774414 0.4794922
vn -0.0034370422 0.8774414 0.4794922
vn -0.0034370422 0.8774414 0.4794922
vn 0.4790039 0.8779297 -0.014846802
vn 0.4790039 0.8779297 -0.014846802
vn 0.4790039 0.8779297 -0.014846802
vn 0.4790039 0.8779297 -0.014846802
vn 0.0034370422 0.8774414 -0.4794922
vn 0.0034370422 0.8774414 -0.4794922
vn 0.0034370422 0.8774414 -0.4794922
vn 0.003435135 0.8774414 -0.4794922
vn -0.4790039 0.8779297 0.014846802
vn -0.4790039 0.8779297 0.014846802
vn -0.4790039 0.8779297 0.014846802
vn -0.4790039 0.8779297 0.014846802
vn -0.61376953 0.43725586 0.65722656
vn -0.61376953 0.43725586 0.65722656
vn -0.61376953 0.43725586 0.65722656
vn -0.61376953 0.43725586 0.65722656
vn 0.65771484 0.43725586 0.61376953
vn 0.65771484 0.43725586 0.61376953
vn 0.65771484 0.43725586 0.61376953
vn 0.65771484 0.43725586 0.61376953
vn -0.65771484 0.43725586 -0.61376953
vn -0.65771484 0.43725586 -0.61376953
vn -0.65771484 0.43725586 -0.61376953
vn -0.65771484 0.43725586 -0.61376953
vn 0.61376953 0.43725586 -0.65771484
vn 0.61376953 0.43725586 -0.65771484
vn 0.61376953 0.43725586 -0.65771484
vn 0.61376953 0.43725586 -0.65771484
vn -0.0059051514 0.56640625 0.82421875
vn -0.0059051514 0.56640625 0.82421875
vn -0.0059051514 0.56640625 0.82421875
vn -0.0059051514 0.56640625 0.82421875
vn 0.82373047 0.56640625 -0.025527954
vn 0.82373047 0.56640625 -0.025527954
vn 0.82373047 0.56640625 -0.025527954
vn 0.82373047 0.56640625 -0.025527954
vn 0.0059051514 0.56640625 -0.82421875
vn 0.0059051514 0.56640625 -0.82421875
vn 0.0059051514 0.56640625 -0.82421875
vn 0.0059051514 0.56640625 -0.82421875
vn -0.82373047 0.56689453 0.025527954
vn -0.82373047 0.56689453 0.025527954
vn -0.82373047 0.56689453 0.025527954
vn -0.82373047 0.56689453 0.025527954
vn -0.13684082 0.59814453 0.7895508
vn -0.13684082 0.59814453 0.7895508
vn -0.13684082 0.59814453 0.7895508
vn -0.13684082 0.59814453 0.7895508
vn 0.7890625 0.59814453 0.1385498
vn 0.7890625 0.59814453 0.1385498
vn 0.7890625 0.59814453 0.1385498
vn 0.7890625 0.59814453 0.1385498
vn 0.15441895 0.59814453 -0.7861328
vn 0.15441895 0.59814453 -0.7861328
vn 0.15441895 0.59814453 -0.7861328
vn 0.15441895 0.59814453 -0.7861328
vn -0.7836914 0.59814453 -0.16809082
vn -0.7836914 0.59814453 -0.16809082
vn -0.7836914 0.59814453 -0.16809082
vn -0.7836914 0.59814453 -0.16809082
vn -0.7910156 0.2915039 0.53759766
vn -0.7910156 0.2915039 0.53759766
vn -0.7910156 0.2915039 0.53759766
vn -0.7910156 0.2915039 0.53759766
vn 0.53759766 0.29125977 0.7910156
vn 0.53759766 0.29125977 0.7910156
vn 0.53759766 0.29125977 0.7910156
vn 0.53759766 0.2915039 0.7910156
vn -0.53759766 0.2915039 -0.7910156
vn -0.53759766 0.2915039 -0.7910156
vn -0.53759766 0.2915039 -0.7910156
vn -0.53759766 0.2915039 -0.7910156
vn -0.15686035 0.3955078 0.90478516
vn -0.15686035 0.3955078 0.90478516
vn -0.15686035 0.3955078 0.90478516
vn -0.15686035 0.3955078 0.90478516
vn 0.90478516 0.3955078 0.15881348
vn 0.90478516 0.3955078 0.15881348
vn 0.90478516 0.3955078 0.15881348
vn 0.90478516 0.3955078 0.15881348
vn 0.17700195 0.39575195 -0.9013672
vn 0.17700195 0.39575195 -0.9013672
vn 0.17700195 0.39575195 -0.9013672
vn 0.17700195 0.39575195 -0.9013672
vn -0.8979492 0.3955078 -0.19262695
vn -0.8979492 0.3955078 -0.19262695
vn -0.8979492 0.3955078 -0.19262695
vn -0.8979492 0.3955078 -0.19262695
vn -2.9802322E-07 0.9248047 0.3803711
vn -2.9802322E-07 0.9248047 0.3803711
vn -2.9802322E-07 0.9248047 0.3803711
vn -4.172325E-07 0.9248047 0.3803711
vn 0.4428711 0.8964844 2.2053719E-06
vn 0.4428711 0.8964844 2.2053719E-06
vn 0.4428711 0.8964844 2.2053719E-06
vn 0.4428711 0.8964844 -2.9802322E-07
vn 1.1920929E-07 0.9248047 -0.38012695
vn 1.1920929E-07 0.9248047 -0.38012695
vn 1.1920929E-07 0.9248047 -0.38012695
vn -1.7881393E-07 0.9248047 -0.3803711
vn -0.4428711 0.8964844 5.9604645E-07
vn -0.4428711 0.8964844 5.9604645E-07
vn -0.4428711 0.8964844 5.9604645E-07
vn -0.4428711 0.8964844 -1.9073486E-06
vn -0.6635742 0.50439453 0.5522461
vn -0.6635742 0.50439453 0.5522461
vn -0.6635742 0.50439453 0.5522461
vn -0.6635742 0.50439453 0.5522461
vn 0.65625 0.49902344 0.56591797
vn 0.65625 0.49902344 0.56591797
vn 0.65625 0.49902344 0.56591797
vn 0.63671875 0.52001953 0.56933594
vn -0.6635742 0.50439453 -0.5522461
vn -0.6635742 0.50439453 -0.5522461
vn -0.6635742 0.50439453 -0.5522461
vn -0.6635742 0.50439453 -0.5522461
vn 0.6635742 0.50439453 -0.5522461
vn 0.6635742 0.50439453 -0.5522461
vn 0.6635742 0.50439453 -0.5522461
vn 0.6635742 0.50439453 -0.5522461
vn 0.79589844 0.60498047 -2.3841858E-07
vn 0.79589844 0.60498047 -2.3841858E-07
vn 0.79589844 0.60498047 -2.3841858E-07
vn 0.79589844 0.60498047 1.4901161E-06
vn 2.9802322E-07 0.6743164 -0.73828125
vn 2.9802322E-07 0.6743164 -0.73828125
vn 2.9802322E-07 0.6743164 -0.73828125
vn 2.9802322E-07 0.6743164 -0.73828125
vn -0.79589844 0.60498047 -2.503395E-06
vn -0.79589844 0.60498047 -2.503395E-06
vn -0.79589844 0.60498047 -2.503395E-06
vn -0.79589844 0.60498047 1.847744E-06
vn -0.08770752 0.76123047 0.6425781
vn -0.08770752 0.76123047 0.6425781
vn -0.08770752 0.76123047 0.6425781
vn -0.08770752 0.76123047 0.6425781
vn 0.6455078 0.7607422 0.06536865
vn 0.6455078 0.7607422 0.06536865
vn 0.6455078 0.7607422 0.06536865
vn 0.6455078 0.7607422 0.06536865
vn 0.095703125 0.7607422 -0.64160156
vn 0.095703125 0.7607422 -0.64160156
vn 0.095703125 0.7607422 -0.64160156
vn 0.095703125 0.7607422 -0.64160156
vn -0.64501953 0.7607422 -0.07220459
vn -0.64501953 0.7607422 -0.07220459
vn -0.64501953 0.7607422 -0.07220459
vn -0.64501953 0.7607422 -0.07220459
vn -0.7167969 0.43164062 0.54785156
vn -0.7167969 0.43164062 0.54785156
vn -0.7167969 0.43164062 0.54785156
vn -0.7167969 0.43164062 0.54785156
vn 0.54785156 0.43164062 0.7167969
vn 0.54785156 0.43164062 0.7167969
vn 0.54785156 0.43164062 0.7167969
vn 0.5473633 0.43164062 0.7167969
vn -0.54785156 0.43164062 -0.7167969
vn -0.54785156 0.43164062 -0.7167969
vn -0.54785156 0.43164062 -0.7167969
vn -0.5473633 0.43164062 -0.7167969
vn -0.11199951 0.5605469 0.8203125
vn -0.11199951 0.5605469 0.8203125
vn -0.11199951 0.5605469 0.8203125
vn -0.11199951 0.5605469 0.8203125
vn 0.82421875 0.5605469 0.08343506
vn 0.82421875 0.5605469 0.08343506
vn 0.82421875 0.5605469 0.08343506
vn 0.82421875 0.5600586 0.08343506
vn 0.12219238 0.5605469 -0.81933594
vn 0.12219238 0.5605469 -0.81933594
vn 0.12219238 0.5605469 -0.81933594
vn 0.12219238 0.5605469 -0.81933594
vn -0.8232422 0.5605469 -0.092163086
vn -0.8232422 0.5605469 -0.092163086
vn -0.8232422 0.5605469 -0.092163086
vn -0.8232422 0.5605469 -0.092163086
vn 0.002067566 0.8774414 -0.47924805
vn 0.002067566 0.8774414 -0.47924805
vn 0.002067566 0.8774414 -0.47924805
vn 0.002067566 0.8774414 -0.47924805
vn -0.7285156 0.6845703 -0.0043258667
vn -0.7285156 0.6845703 -0.0043258667
vn -0.7285156 0.6845703 -0.0043258667
vn -0.7285156 0.6850586 -0.0043258667
vn -0.002067566 0.8774414 0.47924805
vn -0.002067566 0.8774414 0.47924805
vn -0.002067566 0.8774414 0.47924805
vn -0.002067566 0.8774414 0.47924805
vn 0.7285156 0.6845703 0.0043258667
vn 0.7285156 0.6845703 0.0043258667
vn 0.7285156 0.6845703 0.0043258667
vn 0.7285156 0.6850586 0.0043258667
vn 0.7480469 0.5317383 -0.39746094
vn 0.7480469 0.5317383 -0.39746094
vn 0.7480469 0.5317383 -0.39746094
vn 0.7480469 0.5317383 -0.39746094
vn -0.7631836 0.5239258 -0.37817383
vn -0.7631836 0.5239258 -0.37817383
vn -0.7631836 0.5239258 -0.37817383
vn -0.7631836 0.5239258 -0.37817383
vn 0.7631836 0.5239258 0.37817383
vn 0.7631836 0.5239258 0.37817383
vn 0.7631836 0.5239258 0.37817383
vn 0.7631836 0.5239258 0.37817383
vn -0.7480469 0.5317383 0.39746094
vn -0.7480469 0.5317383 0.39746094
vn -0.7480469 0.5317383 0.39746094
vn -0.7480469 0.5317383 0.39746094
vn 0.0025539398 0.80566406 -0.59228516
vn 0.0025539398 0.80566406 -0.59228516
vn 0.0025539398 0.80566406 -0.59228516
vn 0.0025539398 0.80566406 -0.59228516
vn -0.8198242 0.5727539 -0.0048675537
vn -0.8198242 0.5727539 -0.0048675537
vn -0.8198242 0.5727539 -0.0048675537
vn -0.8198242 0.5722656 -0.0048675537
vn -0.0025558472 0.80566406 0.59228516
vn -0.0025558472 0.80566406 0.59228516
vn -0.0025558472 0.80566406 0.59228516
vn -0.0025558472 0.80566406 0.59228516
vn 0.8198242 0.5727539 0.0048675537
vn 0.8198242 0.5727539 0.0048675537
vn 0.8198242 0.5727539 0.0048675537
vn 0.8198242 0.5727539 0.0048675537
vn 0.29467773 0.65478516 0.6958008
vn 0.29467773 0.65478516 0.6958008
vn 0.29467773 0.65478516 0.6958008
vn 0.29467773 0.65478516 0.6958008
vn 0.7607422 0.5595703 -0.32861328
vn 0.7607422 0.5595703 -0.32861328
vn 0.7607422 0.5595703 -0.32861328
vn 0.7607422 0.5595703 -0.32861328
vn -0.26171875 0.5366211 -0.8022461
vn -0.26171875 0.5366211 -0.8022461
vn -0.26171875 0.5366211 -0.8022461
vn -0.26171875 0.5366211 -0.8022461
vn -0.7524414 0.62939453 0.19519043
vn -0.7524414 0.62939453 0.19519043
vn -0.7524414 0.62939453 0.19519043
vn -0.7524414 0.62939453 0.19519043
vn -0.3774414 0.3713379 0.84814453
vn -0.3774414 0.3713379 0.84814453
vn -0.3774414 0.3713379 0.84814453
vn -0.3774414 0.37109375 0.8486328
vn 0.88183594 0.30786133 0.35766602
vn 0.88183594 0.30786133 0.35766602
vn 0.88183594 0.30786133 0.35766602
vn 0.88183594 0.30810547 0.35766602
vn -0.87158203 0.27270508 -0.40698242
vn -0.87158203 0.27270508 -0.40698242
vn -0.87158203 0.27270508 -0.40698242
vn -0.87158203 0.27270508 -0.40722656
vn 0.33276367 0.46142578 0.8222656
vn 0.33276367 0.46142578 0.8222656
vn 0.33276367 0.46142578 0.8222656
vn 0.33276367 0.46142578 0.8222656
vn 0.8671875 0.35229492 -0.35205078
vn 0.8671875 0.35229492 -0.35205078
vn 0.8671875 0.35229492 -0.35205078
vn 0.8671875 0.35229492 -0.35205078
vn -0.3046875 0.32592773 -0.89501953
vn -0.3046875 0.32592773 -0.89501953
vn -0.3046875 0.32592773 -0.89501953
vn -0.3046875 0.32592773 -0.89501953
vn -0.8666992 0.43237305 0.24829102
vn -0.8666992 0.43237305 0.24829102
vn -0.8666992 0.43237305 0.24829102
vn -0.8666992 0.43237305 0.24829102
vn -0.037384033 0.59814453 0.80029297
vn -0.037384033 0.59814453 0.80029297
vn -0.037384033 0.59814453 0.80029297
vn -0.037384033 0.59814453 0.80078125
vn 0.80078125 0.59814453 0.026779175
vn 0.80078125 0.59814453 0.026779175
vn 0.80078125 0.59814453 0.026779175
vn 0.80078125 0.59814453 0.026779175
vn 0.049316406 0.59814453 -0.80029297
vn 0.049316406 0.59814453 -0.80029297
vn 0.049316406 0.59814453 -0.80029297
vn 0.049316406 0.59814453 -0.7998047
vn -0.80078125 0.59814453 -0.03475952
vn -0.80078125 0.59814453 -0.03475952
vn -0.80078125 0.59814453 -0.03475952
vn -0.80078125 0.59814453 -0.03475952
vn -0.68847656 0.2915039 0.6640625
vn -0.68847656 0.2915039 0.6640625
vn -0.68847656 0.2915039 0.6640625
vn -0.68847656 0.2915039 0.6640625
vn 0.6640625 0.29125977 0.68847656
vn 0.6640625 0.29125977 0.68847656
vn 0.6640625 0.29125977 0.68847656
vn 0.6640625 0.2915039 0.68847656
vn -0.6640625 0.29125977 -0.68847656
vn -0.6640625 0.29125977 -0.68847656
vn -0.6640625 0.29125977 -0.68847656
vn -0.6640625 0.2915039 -0.68847656
vn -0.04284668 0.3955078 0.91748047
vn -0.04284668 0.3955078 0.91748047
vn -0.04284668 0.3955078 0.91748047
vn -0.04284668 0.3955078 0.91748047
vn 0.91796875 0.39575195 0.030700684
vn 0.91796875 0.39575195 0.030700684
vn 0.91796875 0.39575195 0.030700684
vn 0.91796875 0.3955078 0.030700684
vn 0.056518555 0.39526367 -0.9169922
vn 0.056518555 0.39526367 -0.9169922
vn 0.056518555 0.39526367 -0.9169922
vn 0.056518555 0.39526367 -0.9169922
vn -0.91748047 0.3955078 -0.03982544
vn -0.91748047 0.3955078 -0.03982544
vn -0.91748047 0.3955078 -0.03982544
vn -0.91748047 0.3955078 -0.03982544
vn 0.41552734 0.8964844 0.15344238
vn 0.41552734 0.8964844 0.15344238
vn 0.41552734 0.8964844 0.15344238
vn 0.41674805 0.8959961 0.1538086
vn 0.08911133 0.9707031 -0.2241211
vn 0.08911133 0.9707031 -0.2241211
vn 0.08911133 0.9707031 -0.2241211
vn 0.08911133 0.9707031 -0.2241211
vn -0.41552734 0.8964844 -0.15332031
vn -0.41552734 0.8964844 -0.15332031
vn -0.41552734 0.8964844 -0.15332031
vn -0.41552734 0.8964844 -0.15332031
vn -0.82421875 0.5620117 0.07232666
vn -0.82421875 0.5620117 0.07232666
vn -0.82421875 0.5620117 0.07232666
vn -0.82421875 0.5620117 0.07232666
vn 0.5415039 0.55908203 0.6279297
vn 0.5415039 0.55908203 0.6279297
vn 0.5415039 0.55908203 0.6279297
vn 0.5209961 0.5834961 0.6230469
vn -0.5493164 0.56152344 -0.61865234
vn -0.5493164 0.56152344 -0.61865234
vn -0.5493164 0.56152344 -0.61865234
vn -0.5493164 0.5620117 -0.61865234
vn 0.82421875 0.56152344 -0.07232666
vn 0.82421875 0.56152344 -0.07232666
vn 0.82421875 0.56152344 -0.07232666
vn 0.82421875 0.5620117 -0.07232666
vn 0.7470703 0.60498047 0.27563477
vn 0.7470703 0.60498047 0.27563477
vn 0.7470703 0.60498047 0.27563477
vn 0.7470703 0.60498047 0.27563477
vn 0.20397949 0.8339844 -0.5126953
vn 0.20397949 0.8339844 -0.5126953
vn 0.20397949 0.8339844 -0.5126953
vn 0.20397949 0.8339844 -0.5126953
vn -0.7470703 0.60498047 -0.27563477
vn -0.7470703 0.60498047 -0.27563477
vn -0.7470703 0.60498047 -0.27563477
vn -0.7470703 0.60498047 -0.27563477
vn -0.00015223026 0.59814453 0.80126953
vn -0.00015223026 0.59814453 0.80126953
vn -0.00015223026 0.59814453 0.80126953
vn -0.00015258789 0.59814453 0.80126953
vn 0.80126953 0.59814453 0.0008955002
vn 0.80126953 0.59814453 0.0008955002
vn 0.80126953 0.59814453 0.0008955002
vn 0.80126953 0.59814453 0.00089645386
vn 0.005584717 0.59814453 -0.80126953
vn 0.005584717 0.59814453 -0.80126953
vn 0.005584717 0.59814453 -0.80126953
vn 0.005584717 0.59814453 -0.80126953
vn -0.80126953 0.59814453 -0.013221741
vn -0.80126953 0.59814453 -0.013221741
vn -0.80126953 0.59814453 -0.013221741
vn -0.80126953 0.59814453 -0.013221741
vn -0.6879883 0.2915039 0.6645508
vn -0.6879883 0.2915039 0.6645508
vn -0.6879883 0.2915039 0.6645508
vn -0.6879883 0.2915039 0.6645508
vn -0.6645508 0.2915039 -0.6879883
vn -0.6645508 0.2915039 -0.6879883
vn -0.6645508 0.2915039 -0.6879883
vn -0.6645508 0.2915039 -0.6879883
vn -0.00017416477 0.3955078 0.91845703
vn -0.00017416477 0.3955078 0.91845703
vn -0.00017416477 0.3955078 0.91845703
vn -0.00017476082 0.3955078 0.91845703
vn 0.006401062 0.39575195 -0.91845703
vn 0.006401062 0.39575195 -0.91845703
vn 0.006401062 0.39575195 -0.91845703
vn 0.006401062 0.3955078 -0.91845703
vn -0.91845703 0.39575195 -0.015151978
vn -0.91845703 0.39575195 -0.015151978
vn -0.91845703 0.39575195 -0.015151978
vn -0.91845703 0.39575195 -0.015151978
vn -0.5317383 0.7963867 -0.28857422
vn -0.5317383 0.7963867 -0.28857422
vn -0.5317383 0.7963867 -0.28857422
vn -0.5317383 0.7963867 -0.28857422
vn -0.28564453 0.79589844 0.5332031
vn -0.28564453 0.79589844 0.5332031
vn -0.28564453 0.79589844 0.5332031
vn -0.28564453 0.7963867 0.5332031
vn 0.5317383 0.7963867 0.28857422
vn 0.5317383 0.7963867 0.28857422
vn 0.5317383 0.7963867 0.28857422
vn 0.5317383 0.7963867 0.28857422
vn 0.28564453 0.7963867 -0.5332031
vn 0.28564453 0.7963867 -0.5332031
vn 0.28564453 0.7963867 -0.5332031
vn 0.28564453 0.7963867 -0.5332031
vn -0.25268555 0.36010742 -0.8979492
vn -0.25268555 0.36010742 -0.8979492
vn -0.25268555 0.36010742 -0.8979492
vn -0.25268555 0.36010742 -0.8979492
vn -0.8979492 0.36010742 0.25268555
vn -0.8979492 0.36010742 0.25268555
vn -0.8979492 0.36010742 0.25268555
vn -0.8979492 0.36010742 0.25268555
vn 0.8979492 0.36010742 -0.25268555
vn 0.8979492 0.36010742 -0.25268555
vn 0.8979492 0.36010742 -0.25268555
vn 0.8979492 0.36010742 -0.25268555
vn 0.25268555 0.36010742 0.8979492
vn 0.25268555 0.36010742 0.8979492
vn 0.25268555 0.36010742 0.8979492
vn 0.25268555 0.36010742 0.8979492
vn -0.7714844 0.4790039 -0.41845703
vn -0.7714844 0.4790039 -0.41845703
vn -0.7714844 0.4790039 -0.41845703
vn -0.7714844 0.4790039 -0.41845703
vn -0.41455078 0.4790039 0.7739258
vn -0.41455078 0.4790039 0.7739258
vn -0.41455078 0.4790039 0.7739258
vn -0.41455078 0.4790039 0.7739258
vn 0.7714844 0.4790039 0.41845703
vn 0.7714844 0.4790039 0.41845703
vn 0.7714844 0.4790039 0.41845703
vn 0.7714844 0.4790039 0.41845703
vn 0.41430664 0.4790039 -0.7739258
vn 0.41430664 0.4790039 -0.7739258
vn 0.41430664 0.4790039 -0.7739258
vn 0.41430664 0.4790039 -0.7739258
vn 0.62646484 0.31811523 0.7114258
vn 0.62646484 0.31811523 0.7114258
vn 0.62646484 0.31811523 0.7114258
vn 0.62646484 0.31811523 0.7114258
vn -0.7109375 0.33374023 0.61865234
vn -0.7109375 0.33374023 0.61865234
vn -0.7109375 0.33374023 0.61865234
vn -0.7109375 0.33374023 0.61865234
vn 0.70996094 0.3227539 -0.62597656
vn 0.70996094 0.3227539 -0.62597656
vn 0.70996094 0.3227539 -0.62597656
vn 0.70996094 0.32299805 -0.62597656
vn -0.6220703 0.32177734 -0.7138672
vn -0.6220703 0.32177734 -0.7138672
vn -0.6220703 0.32177734 -0.7138672
vn -0.6220703 0.32177734 -0.7138672
vn -0.0077819824 0.9042969 0.4272461
vn -0.0077819824 0.9042969 0.4272461
vn -0.0077819824 0.9042969 0.4272461
vn -0.004573822 0.9213867 0.38867188
vn -0.6425781 0.7661133 -0.003206253
vn -0.6425781 0.7661133 -0.003206253
vn -0.6425781 0.7661133 -0.003206253
vn -0.6352539 0.77197266 -0.0030231476
vn 0.0048675537 0.89697266 -0.4416504
vn 0.0048675537 0.89697266 -0.4416504
vn 0.0048675537 0.89697266 -0.4416504
vn 0.0048446655 0.89746094 -0.44140625
vn 0.5986328 0.80078125 -0.004535675
vn 0.5986328 0.80078125 -0.004535675
vn 0.5986328 0.80078125 -0.004535675
vn 0.63623047 0.7714844 -0.0033283234
vn -0.010269165 0.4489746 0.8935547
vn -0.010269165 0.4489746 0.8935547
vn -0.010269165 0.4489746 0.8935547
vn -0.011680603 0.42871094 0.9033203
vn -0.8979492 0.44018555 -0.0018529892
vn -0.8979492 0.44018555 -0.0018529892
vn -0.8979492 0.44018555 -0.0018529892
vn -0.8979492 0.44018555 -0.0018539429
vn 0.0102005005 0.43237305 -0.90185547
vn 0.0102005005 0.43237305 -0.90185547
vn 0.0102005005 0.43237305 -0.90185547
vn 0.0102005005 0.43237305 -0.90185547
vn 0.90722656 0.4206543 -0.0017328262
vn 0.90722656 0.4206543 -0.0017328262
vn 0.90722656 0.4206543 -0.0017328262
vn 0.89746094 0.44067383 -0.0024814606
vn -0.4560547 0.88964844 -0.015602112
vn -0.4560547 0.88964844 -0.015602112
vn -0.4560547 0.88964844 -0.015602112
vn -0.46362305 0.8857422 -0.016433716
vn 6.979704E-05 0.94091797 -0.33813477
vn 6.979704E-05 0.94091797 -0.33813477
vn 6.979704E-05 0.94091797 -0.33813477
vn -0.00037121773 0.9423828 -0.33422852
vn -0.00043845177 0.45532227 0.8901367
vn -0.00043845177 0.45532227 0.8901367
vn -0.00043845177 0.45532227 0.8901367
vn -0.0012340546 0.44799805 0.89404297
vn 0.00017237663 0.4609375 -0.88720703
vn 0.00017237663 0.4609375 -0.88720703
vn 0.00017237663 0.4609375 -0.88720703
vn 0.00028324127 0.45996094 -0.8881836
vn 0.88623047 0.46313477 0.01991272
vn 0.88623047 0.46313477 0.01991272
vn 0.88623047 0.46313477 0.01991272
vn 0.9038086 0.42700195 0.024871826
vn -0.02130127 0.8774414 0.4790039
vn -0.02130127 0.8774414 0.4790039
vn -0.02130127 0.8774414 0.4790039
vn -0.02130127 0.8774414 0.4790039
vn 0.4790039 0.8774414 0.012130737
vn 0.4790039 0.8774414 0.012130737
vn 0.4790039 0.8774414 0.012130737
vn 0.4790039 0.8779297 0.012130737
vn 0.02130127 0.8774414 -0.4790039
vn 0.02130127 0.8774414 -0.4790039
vn 0.02130127 0.8774414 -0.4790039
vn 0.02130127 0.8774414 -0.4790039
vn -0.4790039 0.8774414 -0.012130737
vn -0.4790039 0.8774414 -0.012130737
vn -0.4790039 0.8774414 -0.012130737
vn -0.4790039 0.8779297 -0.012130737
vn -0.6430664 0.43725586 0.62890625
vn -0.6430664 0.43725586 0.62890625
vn -0.6430664 0.43725586 0.62890625
vn -0.6430664 0.43725586 0.62890625
vn 0.62890625 0.43725586 0.6430664
vn 0.62890625 0.43725586 0.6430664
vn 0.62890625 0.43725586 0.6430664
vn 0.62890625 0.43725586 0.6430664
vn -0.62890625 0.43725586 -0.6430664
vn -0.62890625 0.43725586 -0.6430664
vn -0.62890625 0.43725586 -0.6430664
vn -0.62890625 0.43725586 -0.6430664
vn 0.6430664 0.43725586 -0.62890625
vn 0.6430664 0.43725586 -0.62890625
vn 0.6430664 0.43725586 -0.62890625
vn 0.6430664 0.43725586 -0.62890625
vn -0.036590576 0.56640625 0.8232422
vn -0.036590576 0.56640625 0.8232422
vn -0.036590576 0.56640625 0.8232422
vn -0.036590576 0.56640625 0.8232422
vn 0.82373047 0.56640625 0.020858765
vn 0.82373047 0.56640625 0.020858765
vn 0.82373047 0.56640625 0.020858765
vn 0.82373047 0.56640625 0.020858765
vn 0.036621094 0.56640625 -0.8232422
vn 0.036621094 0.56640625 -0.8232422
vn 0.036621094 0.56640625 -0.8232422
vn 0.036621094 0.56640625 -0.8232422
vn -0.82373047 0.56640625 -0.020858765
vn -0.82373047 0.56640625 -0.020858765
vn -0.82373047 0.56640625 -0.020858765
vn -0.82373047 0.56640625 -0.020858765
vn -0.033111572 0.87646484 0.47998047
vn -0.033111572 0.87646484 0.47998047
vn -0.033111572 0.87646484 0.47998047
vn -0.033111572 0.87646484 0.47998047
vn 0.5751953 0.8178711 0.024368286
vn 0.5751953 0.8178711 0.024368286
vn 0.5751953 0.8178711 0.024368286
vn 0.5751953 0.8178711 0.024368286
vn 0.033111572 0.8769531 -0.47998047
vn 0.033111572 0.8769531 -0.47998047
vn 0.033111572 0.8769531 -0.47998047
vn 0.033111572 0.8769531 -0.47998047
vn -0.5751953 0.8178711 -0.024368286
vn -0.5751953 0.8178711 -0.024368286
vn -0.5751953 0.8178711 -0.024368286
vn -0.5751953 0.8178711 -0.024368286
vn -0.7104492 0.3881836 0.58691406
vn -0.7104492 0.3881836 0.58691406
vn -0.7104492 0.3881836 0.58691406
vn -0.7104492 0.3881836 0.58691406
vn 0.74316406 0.38964844 0.5439453
vn 0.74316406 0.38964844 0.5439453
vn 0.74316406 0.38964844 0.5439453
vn 0.74316406 0.38964844 0.5439453
vn -0.74316406 0.38964844 -0.5439453
vn -0.74316406 0.38964844 -0.5439453
vn -0.74316406 0.38964844 -0.5439453
vn -0.74316406 0.38964844 -0.54345703
vn 0.7104492 0.3881836 -0.58691406
vn 0.7104492 0.3881836 -0.58691406
vn 0.7104492 0.3881836 -0.58691406
vn 0.7104492 0.3881836 -0.58691406
vn -0.056793213 0.5649414 0.8232422
vn -0.056793213 0.5649414 0.8232422
vn -0.056793213 0.5649414 0.8232422
vn -0.056793213 0.5649414 0.8232422
vn 0.88134766 0.47070312 0.037353516
vn 0.88134766 0.47070312 0.037353516
vn 0.88134766 0.47070312 0.037353516
vn 0.88134766 0.47070312 0.037353516
vn 0.056793213 0.5649414 -0.8232422
vn 0.056793213 0.5649414 -0.8232422
vn 0.056793213 0.5649414 -0.8232422
vn 0.056793213 0.5649414 -0.8232422
vn -0.88134766 0.47070312 -0.037353516
vn -0.88134766 0.47070312 -0.037353516
vn -0.88134766 0.47070312 -0.037353516
vn -0.88134766 0.47070312 -0.037353516
vn 0.6254883 0.45141602 0.63623047
vn 0.6254883 0.45141602 0.63623047
vn 0.6254883 0.45141602 0.63623047
vn 0.6254883 0.45141602 0.63623047
vn -0.63623047 0.45141602 0.6254883
vn -0.63623047 0.45141602 0.6254883
vn -0.63623047 0.45141602 0.6254883
vn -0.63623047 0.45141602 0.6254883
vn 0.63623047 0.45141602 -0.6254883
vn 0.63623047 0.45141602 -0.6254883
vn 0.63623047 0.45141602 -0.6254883
vn 0.63623047 0.45141602 -0.6254883
vn -0.6254883 0.45141602 -0.63623047
vn -0.6254883 0.45141602 -0.63623047
vn -0.6254883 0.45141602 -0.63623047
vn -0.6254883 0.45141602 -0.63623047
vn -0.004760742 0.89941406 0.43676758
vn -0.004760742 0.89941406 0.43676758
vn -0.004760742 0.89941406 0.43676758
vn -0.004760742 0.89941406 0.43676758
vn -0.008857727 0.58203125 0.8129883
vn -0.008857727 0.58203125 0.8129883
vn -0.008857727 0.58203125 0.8129883
vn -0.008857727 0.58203125 0.8129883
vn -0.8129883 0.58203125 -0.012245178
vn -0.8129883 0.58203125 -0.012245178
vn -0.8129883 0.58203125 -0.012245178
vn -0.8129883 0.58203125 -0.012245178
vn 0.008857727 0.58203125 -0.8129883
vn 0.008857727 0.58203125 -0.8129883
vn 0.008857727 0.58203125 -0.8129883
vn 0.008857727 0.58203125 -0.8129883
vn 0.8129883 0.58203125 0.012245178
vn 0.8129883 0.58203125 0.012245178
vn 0.8129883 0.58203125 0.012245178
vn 0.8129883 0.58203125 0.012252808
vn -0.0121154785 0.8774414 0.4790039
vn -0.0121154785 0.8774414 0.4790039
vn -0.0121154785 0.8774414 0.4790039
vn -0.0121154785 0.8774414 0.4790039
vn 0.57470703 0.8183594 0.007835388
vn 0.57470703 0.8183594 0.007835388
vn 0.57470703 0.8183594 0.007835388
vn 0.57470703 0.8183594 0.007835388
vn 0.0121154785 0.8779297 -0.4790039
vn 0.0121154785 0.8779297 -0.4790039
vn 0.0121154785 0.8779297 -0.4790039
vn 0.0121154785 0.8779297 -0.4790039
vn -0.57470703 0.8183594 -0.007835388
vn -0.57470703 0.8183594 -0.007835388
vn -0.57470703 0.8183594 -0.007835388
vn -0.57470703 0.8183594 -0.007835388
vn -0.7324219 0.3881836 0.5595703
vn -0.7324219 0.3881836 0.5595703
vn -0.7324219 0.3881836 0.5595703
vn -0.7324219 0.3881836 0.5595703
vn 0.72216797 0.38964844 0.57128906
vn 0.72216797 0.38964844 0.57128906
vn 0.72216797 0.38964844 0.57128906
vn 0.72216797 0.38964844 0.57128906
vn -0.72216797 0.38964844 -0.57128906
vn -0.72216797 0.38964844 -0.57128906
vn -0.72216797 0.38964844 -0.57128906
vn -0.72216797 0.38964844 -0.57128906
vn 0.7324219 0.3881836 -0.5595703
vn 0.7324219 0.3881836 -0.5595703
vn 0.7324219 0.3881836 -0.5595703
vn 0.7324219 0.3881836 -0.5595703
vn -0.020828247 0.56640625 0.82373047
vn -0.020828247 0.56640625 0.82373047
vn -0.020828247 0.56640625 0.82373047
vn -0.020828247 0.56640625 0.82373047
vn 0.88183594 0.47143555 0.012023926
vn 0.88183594 0.47143555 0.012023926
vn 0.88183594 0.47143555 0.012023926
vn 0.88183594 0.47143555 0.012023926
vn 0.020828247 0.56640625 -0.82373047
vn 0.020828247 0.56640625 -0.82373047
vn 0.020828247 0.56640625 -0.82373047
vn 0.020828247 0.56640625 -0.82373047
vn -0.88183594 0.47143555 -0.012023926
vn -0.88183594 0.47143555 -0.012023926
vn -0.88183594 0.47143555 -0.012023926
vn -0.88183594 0.47143555 -0.012023926
vn 0.4428711 0.8964844 7.748604E-07
vn 0.4428711 0.8964844 7.748604E-07
vn 0.4428711 0.8964844 7.748604E-07
vn 0.4428711 0.8964844 -1.7881393E-07
vn -0 0.9550781 -0.29638672
vn -0 0.9550781 -0.29638672
vn -0 0.9550781 -0.29638672
vn -1.1920929E-07 0.9550781 -0.29638672
vn -0.4428711 0.8964844 2.9802322E-07
vn -0.4428711 0.8964844 2.9802322E-07
vn -0.4428711 0.8964844 2.9802322E-07
vn -0.4428711 0.8964844 -8.34465E-07
vn -0.71191406 0.5415039 0.44726562
vn -0.71191406 0.5415039 0.44726562
vn -0.71191406 0.5415039 0.44726562
vn -0.71191406 0.5415039 0.44726562
vn 0.70703125 0.5371094 0.45996094
vn 0.70703125 0.5371094 0.45996094
vn 0.70703125 0.5371094 0.45996094
vn 0.68652344 0.5605469 0.46313477
vn -0.71191406 0.5410156 -0.44726562
vn -0.71191406 0.5410156 -0.44726562
vn -0.71191406 0.5410156 -0.44726562
vn -0.71191406 0.5410156 -0.44726562
vn 0.71191406 0.5410156 -0.44726562
vn 0.71191406 0.5410156 -0.44726562
vn 0.71191406 0.5410156 -0.44726562
vn 0.71191406 0.5410156 -0.44726562
vn 0.79589844 0.60498047 0
vn 0.79589844 0.60498047 0
vn 0.79589844 0.60498047 0
vn 0.79589844 0.60498047 5.364418E-07
vn -0 0.7709961 -0.63720703
vn -0 0.7709961 -0.63720703
vn -0 0.7709961 -0.63720703
vn 1.7881393E-07 0.7709961 -0.63720703
vn -0.79589844 0.60498047 -1.1324883E-06
vn -0.79589844 0.60498047 -1.1324883E-06
vn -0.79589844 0.60498047 -1.1324883E-06
vn -0.79589844 0.60498047 8.940697E-07
vn -0.013473511 0.9707031 0.24084473
vn -0.013473511 0.9707031 0.24084473
vn -0.013473511 0.9707031 0.24084473
vn -0.013473511 0.9707031 0.24084473
vn 0.3930664 0.9194336 0.0058174133
vn 0.3930664 0.9194336 0.0058174133
vn 0.3930664 0.9194336 0.0058174133
vn 0.39453125 0.9189453 0.0058250427
vn 0.013473511 0.9707031 -0.24072266
vn 0.013473511 0.9707031 -0.24072266
vn 0.013473511 0.9707031 -0.24072266
vn 0.013473511 0.9707031 -0.24072266
vn -0.3930664 0.9194336 -0.0058059692
vn -0.3930664 0.9194336 -0.0058059692
vn -0.3930664 0.9194336 -0.0058059692
vn -0.3930664 0.9194336 -0.0058059692
vn -0.70654297 0.60498047 0.36767578
vn -0.70654297 0.60498047 0.36767578
vn -0.70654297 0.60498047 0.36767578
vn -0.70654297 0.60498047 0.36767578
vn 0.6645508 0.6010742 0.44360352
vn 0.6645508 0.6010742 0.44360352
vn 0.6645508 0.6010742 0.44360352
vn 0.64208984 0.625 0.4440918
vn -0.6689453 0.60498047 -0.43188477
vn -0.6689453 0.60498047 -0.43188477
vn -0.6689453 0.60498047 -0.43188477
vn -0.6689453 0.60498047 -0.43188477
vn 0.70654297 0.60498047 -0.36767578
vn 0.70654297 0.60498047 -0.36767578
vn 0.70654297 0.60498047 -0.36767578
vn 0.70654297 0.60498047 -0.36767578
vn 0.75146484 0.65966797 0.011123657
vn 0.75146484 0.65966797 0.011123657
vn 0.75146484 0.65966797 0.011123657
vn 0.75146484 0.65966797 0.011123657
vn 0.030838013 0.8339844 -0.55126953
vn 0.030838013 0.8339844 -0.55126953
vn 0.030838013 0.8339844 -0.55126953
vn 0.030838013 0.8339844 -0.55126953
vn -0.75146484 0.65966797 -0.01109314
vn -0.75146484 0.65966797 -0.01109314
vn -0.75146484 0.65966797 -0.01109314
vn -0.75146484 0.65966797 -0.01109314
vn 0.12524414 0.8779297 0.46264648
vn 0.12524414 0.8779297 0.46264648
vn 0.12524414 0.8779297 0.46264648
vn 0.12524414 0.8779297 0.46264648
vn 0.4658203 0.8774414 -0.11395264
vn 0.4658203 0.8774414 -0.11395264
vn 0.4658203 0.8774414 -0.11395264
vn 0.4658203 0.8774414 -0.11395264
vn -0.12524414 0.8779297 -0.46264648
vn -0.12524414 0.8779297 -0.46264648
vn -0.12524414 0.8779297 -0.46264648
vn -0.12524414 0.8779297 -0.46264648
vn -0.4658203 0.8774414 0.11395264
vn -0.4658203 0.8774414 0.11395264
vn -0.4658203 0.8774414 0.11395264
vn -0.4658203 0.8774414 0.11395264
vn -0.4350586 0.43725586 0.7871094
vn -0.4350586 0.43725586 0.7871094
vn -0.4350586 0.43725586 0.7871094
vn -0.4350586 0.43725586 0.7871094
vn 0.7871094 0.43725586 0.4350586
vn 0.7871094 0.43725586 0.4350586
vn 0.7871094 0.43725586 0.4350586
vn 0.7871094 0.4375 0.4350586
vn -0.7871094 0.43725586 -0.4350586
vn -0.7871094 0.43725586 -0.4350586
vn -0.7871094 0.43725586 -0.4350586
vn -0.7871094 0.43725586 -0.4350586
vn 0.4350586 0.43725586 -0.7871094
vn 0.4350586 0.43725586 -0.7871094
vn 0.4350586 0.43725586 -0.7871094
vn 0.4350586 0.43725586 -0.7871094
vn 0.21533203 0.56640625 0.79541016
vn 0.21533203 0.56640625 0.79541016
vn 0.21533203 0.56640625 0.79541016
vn 0.21533203 0.56640625 0.79541016
vn 0.80078125 0.56640625 -0.19592285
vn 0.80078125 0.56640625 -0.19592285
vn 0.80078125 0.56640625 -0.19592285
vn 0.80078125 0.56640625 -0.19592285
vn -0.21533203 0.56640625 -0.79541016
vn -0.21533203 0.56640625 -0.79541016
vn -0.21533203 0.56640625 -0.79541016
vn -0.21533203 0.56640625 -0.79541016
vn -0.80078125 0.56640625 0.19592285
vn -0.80078125 0.56640625 0.19592285
vn -0.80078125 0.56640625 0.19592285
vn -0.80078125 0.56640625 0.19592285
vn -0.00039052963 0.8774414 0.4794922
vn -0.00039052963 0.8774414 0.4794922
vn -0.00039052963 0.8774414 0.4794922
vn -0.00038957596 0.8774414 0.4794922
vn 0.47924805 0.8774414 -0.005126953
vn 0.47924805 0.8774414 -0.005126953
vn 0.47924805 0.8774414 -0.005126953
vn 0.47924805 0.8774414 -0.005126953
vn 0.00039100647 0.8774414 -0.4794922
vn 0.00039100647 0.8774414 -0.4794922
vn 0.00039100647 0.8774414 -0.4794922
vn 0.0003914833 0.8774414 -0.4794922
vn -0.47924805 0.8774414 0.005130768
vn -0.47924805 0.8774414 0.005130768
vn -0.47924805 0.8774414 0.005130768
vn -0.47924805 0.8774414 0.005130768
vn -0.6147461 0.43725586 0.65625
vn -0.6147461 0.43725586 0.65625
vn -0.6147461 0.43725586 0.65625
vn -0.6147461 0.43725586 0.65625
vn 0.65625 0.43725586 0.6147461
vn 0.65625 0.43725586 0.6147461
vn 0.65625 0.43725586 0.6147461
vn 0.65625 0.43725586 0.6147461
vn -0.65625 0.43725586 -0.6147461
vn -0.65625 0.43725586 -0.6147461
vn -0.65625 0.43725586 -0.6147461
vn -0.65625 0.43725586 -0.6147461
vn 0.6147461 0.43725586 -0.65625
vn 0.6147461 0.43725586 -0.65625
vn 0.6147461 0.43725586 -0.65625
vn 0.6147461 0.43725586 -0.65625
vn -0.0006661415 0.56640625 0.82421875
vn -0.0006661415 0.56640625 0.82421875
vn -0.0006661415 0.56640625 0.82421875
vn -0.0006709099 0.56640625 0.82421875
vn 0.82421875 0.56640625 -0.00881958
vn 0.82421875 0.56640625 -0.00881958
vn 0.82421875 0.56640625 -0.00881958
vn 0.82421875 0.56640625 -0.00881958
vn 0.0006709099 0.56640625 -0.82421875
vn 0.0006709099 0.56640625 -0.82421875
vn 0.0006709099 0.56640625 -0.82421875
vn 0.0006713867 0.56640625 -0.82421875
vn -0.82373047 0.56640625 0.00881958
vn -0.82373047 0.56640625 0.00881958
vn -0.82373047 0.56640625 0.00881958
vn -0.82421875 0.56640625 0.00881958
vn 0.047180176 0.8774414 0.47729492
vn 0.047180176 0.8774414 0.47729492
vn 0.047180176 0.8774414 0.47729492
vn 0.047180176 0.8774414 0.47729492
vn 0.56152344 0.82421875 -0.06964111
vn 0.56152344 0.82421875 -0.06964111
vn 0.56152344 0.82421875 -0.06964111
vn 0.56152344 0.82421875 -0.06964111
vn -0.06555176 0.8779297 -0.47460938
vn -0.06555176 0.8779297 -0.47460938
vn -0.06555176 0.8779297 -0.47460938
vn -0.06555176 0.8779297 -0.47460938
vn -0.5786133 0.8125 0.072021484
vn -0.5786133 0.8125 0.072021484
vn -0.5786133 0.8125 0.072021484
vn -0.5786133 0.8125 0.072021484
vn -0.64501953 0.38061523 0.66308594
vn -0.64501953 0.38061523 0.66308594
vn -0.64501953 0.38061523 0.66308594
vn -0.64453125 0.3803711 0.66308594
vn 0.79541016 0.3972168 0.4580078
vn 0.79541016 0.3972168 0.4580078
vn 0.79541016 0.3972168 0.4580078
vn 0.79541016 0.3972168 0.4580078
vn -0.80322266 0.38183594 -0.4567871
vn -0.80322266 0.38183594 -0.4567871
vn -0.80322266 0.38183594 -0.4567871
vn -0.80322266 0.38183594 -0.4567871
vn 0.63671875 0.39575195 -0.6616211
vn 0.63671875 0.39575195 -0.6616211
vn 0.63671875 0.39575195 -0.6616211
vn 0.63671875 0.39575195 -0.6616211
vn 0.09094238 0.56640625 0.81933594
vn 0.09094238 0.56640625 0.81933594
vn 0.09094238 0.56640625 0.81933594
vn 0.09094238 0.56640625 0.81933594
vn 0.8701172 0.4807129 -0.10803223
vn 0.8701172 0.4807129 -0.10803223
vn 0.8701172 0.4807129 -0.10803223
vn 0.8701172 0.4807129 -0.10803223
vn -0.1027832 0.56689453 -0.8173828
vn -0.1027832 0.56689453 -0.8173828
vn -0.1027832 0.56689453 -0.8173828
vn -0.1027832 0.56689453 -0.8173828
vn -0.8798828 0.4621582 0.109436035
vn -0.8798828 0.4621582 0.109436035
vn -0.8798828 0.4621582 0.109436035
vn -0.8798828 0.4621582 0.109436035
vn 0.11566162 0.8774414 0.46533203
vn 0.11566162 0.8774414 0.46533203
vn 0.11566162 0.8774414 0.46533203
vn 0.11566162 0.8774414 0.46533203
vn 0.5546875 0.8183594 -0.15063477
vn 0.5546875 0.8183594 -0.15063477
vn 0.5546875 0.8183594 -0.15063477
vn 0.5546875 0.8183594 -0.15063477
vn -0.11566162 0.8774414 -0.46533203
vn -0.11566162 0.8774414 -0.46533203
vn -0.11566162 0.8774414 -0.46533203
vn -0.11566162 0.8774414 -0.46533203
vn -0.5546875 0.8183594 0.15063477
vn -0.5546875 0.8183594 0.15063477
vn -0.5546875 0.8183594 0.15063477
vn -0.5546875 0.8183594 0.15063477
vn -0.5410156 0.3881836 0.74609375
vn -0.5410156 0.3881836 0.74609375
vn -0.5410156 0.3881836 0.74609375
vn -0.5410156 0.3881836 0.74609375
vn 0.85595703 0.38964844 0.3400879
vn 0.85595703 0.38964844 0.3400879
vn 0.85595703 0.38964844 0.3400879
vn 0.85595703 0.38964844 0.3400879
vn -0.85595703 0.38964844 -0.3400879
vn -0.85595703 0.38964844 -0.3400879
vn -0.85595703 0.38964844 -0.3400879
vn -0.85595703 0.38964844 -0.3400879
vn 0.5410156 0.3881836 -0.74609375
vn 0.5410156 0.3881836 -0.74609375
vn 0.5410156 0.3881836 -0.74609375
vn 0.5410156 0.3881836 -0.74609375
vn 0.19885254 0.56640625 0.7998047
vn 0.19885254 0.56640625 0.7998047
vn 0.19885254 0.56640625 0.7998047
vn 0.19885254 0.56640625 0.7998047
vn 0.8510742 0.47143555 -0.23120117
vn 0.8510742 0.47143555 -0.23120117
vn 0.8510742 0.47143555 -0.23120117
vn 0.8510742 0.47143555 -0.23120117
vn -0.19885254 0.56640625 -0.7998047
vn -0.19885254 0.56640625 -0.7998047
vn -0.19885254 0.56640625 -0.7998047
vn -0.19885254 0.56640625 -0.7998047
vn -0.8510742 0.47143555 0.23120117
vn -0.8510742 0.47143555 0.23120117
vn -0.8510742 0.47143555 0.23120117
vn -0.8510742 0.47143555 0.23120117
vn -0.039123535 0.59814453 0.80029297
vn -0.039123535 0.59814453 0.80029297
vn -0.039123535 0.59814453 0.80029297
vn -0.039123535 0.59814453 0.80029297
vn 0.80029297 0.59814453 0.04119873
vn 0.80029297 0.59814453 0.04119873
vn 0.80029297 0.59814453 0.04119873
vn 0.80029297 0.59814453 0.04119873
vn 0.046905518 0.59814453 -0.7998047
vn 0.046905518 0.59814453 -0.7998047
vn 0.046905518 0.59814453 -0.7998047
vn 0.046905518 0.59814453 -0.7998047
vn -0.7988281 0.59814453 -0.06378174
vn -0.7988281 0.59814453 -0.06378174
vn -0.7988281 0.59814453 -0.06378174
vn -0.7988281 0.59814453 -0.06378174
vn -0.7109375 0.2915039 0.6401367
vn -0.7109375 0.2915039 0.6401367
vn -0.7109375 0.2915039 0.6401367
vn -0.7109375 0.29125977 0.6401367
vn 0.6401367 0.29125977 0.7109375
vn 0.6401367 0.29125977 0.7109375
vn 0.6401367 0.29125977 0.7109375
vn 0.6401367 0.2915039 0.7109375
vn -0.6401367 0.29125977 -0.7109375
vn -0.6401367 0.29125977 -0.7109375
vn -0.6401367 0.29125977 -0.7109375
vn -0.63964844 0.2915039 -0.7109375
vn -0.04486084 0.3955078 0.91748047
vn -0.04486084 0.3955078 0.91748047
vn -0.04486084 0.3955078 0.91748047
vn -0.04486084 0.39575195 0.91748047
vn 0.9169922 0.39575195 0.04724121
vn 0.9169922 0.39575195 0.04724121
vn 0.9169922 0.39575195 0.04724121
vn 0.9169922 0.3955078 0.04724121
vn 0.053741455 0.39575195 -0.9169922
vn 0.053741455 0.39575195 -0.9169922
vn 0.053741455 0.39575195 -0.9169922
vn 0.053741455 0.39575195 -0.9169922
vn -0.91552734 0.3955078 -0.07312012
vn -0.91552734 0.3955078 -0.07312012
vn -0.91552734 0.3955078 -0.07312012
vn -0.91552734 0.3955078 -0.07312012
vn -0.45361328 0.8911133 0.0076141357
vn -0.45361328 0.8911133 0.0076141357
vn -0.45361328 0.8911133 0.0076141357
vn -0.46655273 0.88427734 0.007144928
vn -0.01727295 0.94140625 -0.3371582
vn -0.01727295 0.94140625 -0.3371582
vn -0.01727295 0.94140625 -0.3371582
vn -0.017410278 0.9423828 -0.33398438
vn 0.045318604 0.4555664 0.88916016
vn 0.045318604 0.4555664 0.88916016
vn 0.045318604 0.4555664 0.88916016
vn 0.044830322 0.4482422 0.8930664
vn -0.04537964 0.46118164 -0.88623047
vn -0.04537964 0.46118164 -0.88623047
vn -0.04537964 0.46118164 -0.88623047
vn -0.045318604 0.45996094 -0.88671875
vn 0.8857422 0.4633789 -0.022140503
vn 0.8857422 0.4633789 -0.022140503
vn 0.8857422 0.4633789 -0.022140503
vn 0.9038086 0.4272461 -0.01940918
vn 0.010505676 0.59814453 0.80126953
vn 0.010505676 0.59814453 0.80126953
vn 0.010505676 0.59814453 0.80126953
vn 0.010505676 0.59814453 0.80126953
vn 0.80126953 0.59814453 -0.018096924
vn 0.80126953 0.59814453 -0.018096924
vn 0.80126953 0.59814453 -0.018096924
vn 0.80126953 0.59814453 -0.018096924
vn -0.0033798218 0.59814453 -0.80126953
vn -0.0033798218 0.59814453 -0.80126953
vn -0.0033798218 0.59814453 -0.80126953
vn -0.0033798218 0.59814453 -0.80126953
vn -0.80126953 0.59814453 -0.0045280457
vn -0.80126953 0.59814453 -0.0045280457
vn -0.80126953 0.59814453 -0.0045280457
vn -0.80126953 0.59814453 -0.0045318604
vn -0.6616211 0.2915039 0.69091797
vn -0.6616211 0.2915039 0.69091797
vn -0.6616211 0.2915039 0.69091797
vn -0.6616211 0.29125977 0.69091797
vn 0.69091797 0.29125977 0.6616211
vn 0.69091797 0.29125977 0.6616211
vn 0.69091797 0.29125977 0.6616211
vn 0.69091797 0.2915039 0.6616211
vn -0.69091797 0.2915039 -0.6616211
vn -0.69091797 0.2915039 -0.6616211
vn -0.69091797 0.2915039 -0.6616211
vn -0.69091797 0.2915039 -0.6616211
vn 0.012046814 0.3955078 0.91845703
vn 0.012046814 0.3955078 0.91845703
vn 0.012046814 0.3955078 0.91845703
vn 0.012039185 0.39575195 0.91845703
vn 0.91796875 0.39575195 -0.020736694
vn 0.91796875 0.39575195 -0.020736694
vn 0.91796875 0.39575195 -0.020736694
vn 0.91796875 0.3955078 -0.020751953
vn -0.0038719177 0.3955078 -0.91845703
vn -0.0038719177 0.3955078 -0.91845703
vn -0.0038719177 0.3955078 -0.91845703
vn -0.003873825 0.3955078 -0.91845703
vn -0.91845703 0.3955078 -0.005191803
vn -0.91845703 0.3955078 -0.005191803
vn -0.91845703 0.3955078 -0.005191803
vn -0.91845703 0.3955078 -0.0051879883
vn 0.32714844 0.59814453 0.7314453
vn 0.32714844 0.59814453 0.7314453
vn 0.32714844 0.59814453 0.7314453
vn 0.32714844 0.59814453 0.7314453
vn 0.7324219 0.59814453 -0.32543945
vn 0.7324219 0.59814453 -0.32543945
vn 0.7324219 0.59814453 -0.32543945
vn 0.7324219 0.59814453 -0.3251953
vn -0.32006836 0.59814453 -0.734375
vn -0.32006836 0.59814453 -0.734375
vn -0.32006836 0.59814453 -0.734375
vn -0.32006836 0.59814453 -0.734375
vn -0.74121094 0.59814453 0.30444336
vn -0.74121094 0.59814453 0.30444336
vn -0.74121094 0.59814453 0.30444336
vn -0.74121094 0.59814453 0.30444336
vn -0.34448242 0.2915039 0.8925781
vn -0.34448242 0.2915039 0.8925781
vn -0.34448242 0.2915039 0.8925781
vn -0.34423828 0.29125977 0.8925781
vn 0.8925781 0.29125977 0.34448242
vn 0.8925781 0.29125977 0.34448242
vn 0.8925781 0.29125977 0.34448242
vn 0.8925781 0.2915039 0.34448242
vn -0.8925781 0.2915039 -0.34448242
vn -0.8925781 0.2915039 -0.34448242
vn -0.8925781 0.2915039 -0.34448242
vn -0.8925781 0.2915039 -0.34448242
vn 0.375 0.39575195 0.8383789
vn 0.375 0.39575195 0.8383789
vn 0.375 0.39575195 0.8383789
vn 0.375 0.39575195 0.8383789
vn 0.83935547 0.39575195 -0.37280273
vn 0.83935547 0.39575195 -0.37280273
vn 0.83935547 0.39575195 -0.37280273
vn 0.83935547 0.39575195 -0.37280273
vn -0.36694336 0.39575195 -0.8417969
vn -0.36694336 0.39575195 -0.8417969
vn -0.36694336 0.39575195 -0.8417969
vn -0.36694336 0.39575195 -0.8417969
vn -0.8496094 0.3955078 0.3491211
vn -0.8496094 0.3955078 0.3491211
vn -0.8496094 0.3955078 0.3491211
vn -0.8496094 0.3955078 0.3491211
vn -0.013442993 0.8774414 0.4790039
vn -0.013442993 0.8774414 0.4790039
vn -0.013442993 0.8774414 0.4790039
vn -0.013442993 0.8774414 0.4790039
vn 0.57470703 0.8183594 0.007835388
vn 0.57470703 0.8183594 0.007835388
vn 0.57470703 0.8183594 0.007835388
vn 0.57470703 0.8183594 0.007835388
vn 0.013442993 0.8774414 -0.4790039
vn 0.013442993 0.8774414 -0.4790039
vn 0.013442993 0.8774414 -0.4790039
vn 0.013442993 0.8774414 -0.4790039
vn -0.57470703 0.8183594 -0.007835388
vn -0.57470703 0.8183594 -0.007835388
vn -0.57470703 0.8183594 -0.007835388
vn -0.57470703 0.8183594 -0.007835388
vn -0.7324219 0.3881836 0.5595703
vn -0.7324219 0.3881836 0.5595703
vn -0.7324219 0.3881836 0.5595703
vn -0.7324219 0.3881836 0.5595703
vn 0.72216797 0.38964844 0.57128906
vn 0.72216797 0.38964844 0.57128906
vn 0.72216797 0.38964844 0.57128906
vn 0.72216797 0.38964844 0.57128906
vn -0.72216797 0.38964844 -0.57128906
vn -0.72216797 0.38964844 -0.57128906
vn -0.72216797 0.38964844 -0.57128906
vn -0.72216797 0.38964844 -0.57128906
vn 0.7324219 0.3881836 -0.5595703
vn 0.7324219 0.3881836 -0.5595703
vn 0.7324219 0.3881836 -0.5595703
vn 0.7324219 0.3881836 -0.5595703
vn -0.023117065 0.56640625 0.82373047
vn -0.023117065 0.56640625 0.82373047
vn -0.023117065 0.56640625 0.82373047
vn -0.023117065 0.56640625 0.82373047
vn 0.88183594 0.47143555 0.012023926
vn 0.88183594 0.47143555 0.012023926
vn 0.88183594 0.47143555 0.012023926
vn 0.88183594 0.47143555 0.012023926
vn 0.023117065 0.56640625 -0.82373047
vn 0.023117065 0.56640625 -0.82373047
vn 0.023117065 0.56640625 -0.82373047
vn 0.023117065 0.56640625 -0.82373047
vn -0.88183594 0.47143555 -0.012023926
vn -0.88183594 0.47143555 -0.012023926
vn -0.88183594 0.47143555 -0.012023926
vn -0.88183594 0.47143555 -0.012023926
vn 0.60839844 0.31811523 0.7270508
vn 0.60839844 0.31811523 0.7270508
vn 0.60839844 0.31811523 0.7270508
vn 0.60839844 0.31811523 0.7270508
vn -0.7265625 0.33374023 0.60058594
vn -0.7265625 0.33374023 0.60058594
vn -0.7265625 0.33374023 0.60058594
vn -0.7265625 0.33374023 0.60058594
vn 0.72558594 0.3227539 -0.60791016
vn 0.72558594 0.3227539 -0.60791016
vn 0.72558594 0.3227539 -0.60791016
vn 0.72558594 0.32299805 -0.60791016
vn -0.6035156 0.32177734 -0.7294922
vn -0.6035156 0.32177734 -0.7294922
vn -0.6035156 0.32177734 -0.7294922
vn -0.6035156 0.32177734 -0.7294922
vn -0.012802124 0.9038086 0.42797852
vn -0.012802124 0.9038086 0.42797852
vn -0.012802124 0.9038086 0.42797852
vn -0.009162903 0.9213867 0.3881836
vn -0.6381836 0.76953125 -0.025726318
vn -0.6381836 0.76953125 -0.025726318
vn -0.6381836 0.76953125 -0.025726318
vn -0.6386719 0.76904297 -0.025787354
vn 0.010238647 0.8964844 -0.4423828
vn 0.010238647 0.8964844 -0.4423828
vn 0.010238647 0.8964844 -0.4423828
vn 0.010070801 0.89746094 -0.44067383
vn 0.60498047 0.7963867 0.0020103455
vn 0.60498047 0.7963867 0.0020103455
vn 0.60498047 0.7963867 0.0020103455
vn 0.63183594 0.77490234 0.00541687
vn -0.021072388 0.44873047 0.8935547
vn -0.021072388 0.44873047 0.8935547
vn -0.021072388 0.44873047 0.8935547
vn -0.022537231 0.42822266 0.9033203
vn -0.89746094 0.44018555 -0.028259277
vn -0.89746094 0.44018555 -0.028259277
vn -0.89746094 0.44018555 -0.028259277
vn -0.89746094 0.44018555 -0.028274536
vn 0.021118164 0.43188477 -0.90185547
vn 0.021118164 0.43188477 -0.90185547
vn 0.021118164 0.43188477 -0.90185547
vn 0.021118164 0.43188477 -0.90185547
vn 0.90722656 0.42041016 0.017913818
vn 0.90722656 0.42041016 0.017913818
vn 0.90722656 0.42041016 0.017913818
vn 0.89746094 0.4404297 0.0154418945
vn 0.61816406 0.31811523 0.71875
vn 0.61816406 0.31811523 0.71875
vn 0.61816406 0.31811523 0.71875
vn 0.61816406 0.31811523 0.71875
vn -0.7182617 0.33374023 0.61083984
vn -0.7182617 0.33374023 0.61083984
vn -0.7182617 0.33374023 0.61083984
vn -0.7182617 0.33374023 0.61083984
vn 0.7167969 0.3227539 -0.6176758
vn 0.7167969 0.3227539 -0.6176758
vn 0.7167969 0.3227539 -0.6176758
vn 0.7167969 0.32299805 -0.6176758
vn -0.61376953 0.32177734 -0.7207031
vn -0.61376953 0.32177734 -0.7207031
vn -0.61376953 0.32177734 -0.7207031
vn -0.61376953 0.32177734 -0.7207031
vn -0.012313843 0.9042969 0.42700195
vn -0.012313843 0.9042969 0.42700195
vn -0.012313843 0.9042969 0.42700195
vn -0.007785797 0.9213867 0.38842773
vn -0.6381836 0.76953125 -0.016799927
vn -0.6381836 0.76953125 -0.016799927
vn -0.6381836 0.76953125 -0.016799927
vn -0.63916016 0.76904297 -0.016860962
vn 0.00844574 0.89697266 -0.44189453
vn 0.00844574 0.89697266 -0.44189453
vn 0.00844574 0.89697266 -0.44189453
vn 0.008361816 0.89746094 -0.4411621
vn 0.60498047 0.7963867 -0.006439209
vn 0.60498047 0.7963867 -0.006439209
vn 0.60498047 0.7963867 -0.006439209
vn 0.63183594 0.77490234 -0.003419876
vn -0.01763916 0.4489746 0.8935547
vn -0.01763916 0.4489746 0.8935547
vn -0.01763916 0.4489746 0.8935547
vn -0.019592285 0.4284668 0.9033203
vn -0.8979492 0.44018555 -0.015731812
vn -0.8979492 0.44018555 -0.015731812
vn -0.8979492 0.44018555 -0.015731812
vn -0.8979492 0.44018555 -0.015731812
vn 0.017578125 0.4321289 -0.9013672
vn 0.017578125 0.4321289 -0.9013672
vn 0.017578125 0.4321289 -0.9013672
vn 0.017578125 0.4321289 -0.9013672
vn 0.90722656 0.42041016 0.0052223206
vn 0.90722656 0.42041016 0.0052223206
vn 0.90722656 0.42041016 0.0052223206
vn 0.8979492 0.4404297 0.0029010773
vn 0.62646484 0.31811523 0.7114258
vn 0.62646484 0.31811523 0.7114258
vn 0.62646484 0.31811523 0.7114258
vn 0.62646484 0.31811523 0.7114258
vn -0.7109375 0.33374023 0.61865234
vn -0.7109375 0.33374023 0.61865234
vn -0.7109375 0.33374023 0.61865234
vn -0.7109375 0.33374023 0.61865234
vn 0.70996094 0.3227539 -0.62597656
vn 0.70996094 0.3227539 -0.62597656
vn 0.70996094 0.3227539 -0.62597656
vn 0.70996094 0.32299805 -0.62597656
vn -0.6220703 0.32177734 -0.7138672
vn -0.6220703 0.32177734 -0.7138672
vn -0.6220703 0.32177734 -0.7138672
vn -0.6220703 0.32177734 -0.7138672
vn -0.0077819824 0.9042969 0.4272461
vn -0.0077819824 0.9042969 0.4272461
vn -0.0077819824 0.9042969 0.4272461
vn -0.004573822 0.9213867 0.38867188
vn -0.6386719 0.76953125 -0.009521484
vn -0.6386719 0.76953125 -0.009521484
vn -0.6386719 0.76953125 -0.009521484
vn -0.63916016 0.76904297 -0.009567261
vn 0.0048675537 0.89697266 -0.4416504
vn 0.0048675537 0.89697266 -0.4416504
vn 0.0048675537 0.89697266 -0.4416504
vn 0.0048446655 0.89746094 -0.44140625
vn 0.6044922 0.7963867 -0.013336182
vn 0.6044922 0.7963867 -0.013336182
vn 0.6044922 0.7963867 -0.013336182
vn 0.63183594 0.77490234 -0.010627747
vn -0.010269165 0.4489746 0.8935547
vn -0.010269165 0.4489746 0.8935547
vn -0.010269165 0.4489746 0.8935547
vn -0.011680603 0.42871094 0.9033203
vn -0.8979492 0.44018555 -0.00548172
vn -0.8979492 0.44018555 -0.00548172
vn -0.8979492 0.44018555 -0.00548172
vn -0.8979492 0.44018555 -0.00548172
vn 0.0102005005 0.43237305 -0.90185547
vn 0.0102005005 0.43237305 -0.90185547
vn 0.0102005005 0.43237305 -0.90185547
vn 0.0102005005 0.43237305 -0.90185547
vn 0.90722656 0.42041016 -0.0051231384
vn 0.90722656 0.42041016 -0.0051231384
vn 0.90722656 0.42041016 -0.0051231384
vn 0.8979492 0.4404297 -0.007335663
vn -0.45898438 0.8881836 0.01927185
vn -0.45898438 0.8881836 0.01927185
vn -0.45898438 0.8881836 0.01927185
vn -0.46044922 0.88720703 0.019256592
vn -0.02293396 0.94091797 -0.33740234
vn -0.02293396 0.94091797 -0.33740234
vn -0.02293396 0.94091797 -0.33740234
vn -0.022964478 0.9423828 -0.3334961
vn 0.06021118 0.45532227 0.8881836
vn 0.06021118 0.45532227 0.8881836
vn 0.06021118 0.45532227 0.8881836
vn 0.059936523 0.44799805 0.89208984
vn -0.06021118 0.4609375 -0.8852539
vn -0.06021118 0.4609375 -0.8852539
vn -0.06021118 0.4609375 -0.8852539
vn -0.060180664 0.45996094 -0.8857422
vn 0.8852539 0.46313477 -0.045135498
vn 0.8852539 0.46313477 -0.045135498
vn 0.8852539 0.46313477 -0.045135498
vn 0.9033203 0.4267578 -0.042541504
vn -0.46240234 0.59814453 0.6542969
vn -0.46240234 0.59814453 0.6542969
vn -0.46240234 0.59814453 0.6542969
vn -0.46240234 0.59814453 0.6542969
vn 0.67089844 0.59765625 0.4387207
vn 0.67089844 0.59765625 0.4387207
vn 0.67089844 0.59765625 0.4387207
vn 0.67089844 0.59814453 0.4387207
vn 0.46875 0.59814453 -0.64990234
vn 0.46875 0.59814453 -0.64990234
vn 0.46875 0.59814453 -0.64990234
vn 0.46875 0.59814453 -0.64990234
vn -0.66015625 0.59814453 -0.45410156
vn -0.66015625 0.59814453 -0.45410156
vn -0.66015625 0.59814453 -0.45410156
vn -0.66015625 0.59814453 -0.45410156
vn -0.9433594 0.2915039 0.15856934
vn -0.9433594 0.2915039 0.15856934
vn -0.9433594 0.2915039 0.15856934
vn -0.9433594 0.29125977 0.15881348
vn 0.1586914 0.29125977 0.9433594
vn 0.1586914 0.29125977 0.9433594
vn 0.1586914 0.29125977 0.9433594
vn 0.15856934 0.2915039 0.9433594
vn -0.15856934 0.2915039 -0.9433594
vn -0.15856934 0.2915039 -0.9433594
vn -0.15856934 0.2915039 -0.9433594
vn -0.15856934 0.2915039 -0.9433594
vn -0.52978516 0.39575195 0.75
vn -0.52978516 0.39575195 0.75
vn -0.52978516 0.39575195 0.75
vn -0.52978516 0.39575195 0.75
vn 0.7685547 0.3955078 0.5029297
vn 0.7685547 0.3955078 0.5029297
vn 0.7685547 0.3955078 0.5029297
vn 0.7685547 0.39526367 0.5029297
vn 0.5371094 0.39575195 -0.7446289
vn 0.5371094 0.39575195 -0.7446289
vn 0.5371094 0.39575195 -0.7446289
vn 0.5371094 0.39575195 -0.7446289
vn -0.75683594 0.3955078 -0.5205078
vn -0.75683594 0.3955078 -0.5205078
vn -0.75683594 0.3955078 -0.5205078
vn -0.75683594 0.39575195 -0.5205078
vn 0.63134766 0.35327148 0.6904297
vn 0.63134766 0.35327148 0.6904297
vn 0.63134766 0.35327148 0.6904297
vn 0.63134766 0.35327148 0.6904297
vn -0.63134766 0.35302734 0.6904297
vn -0.63134766 0.35302734 0.6904297
vn -0.63134766 0.35302734 0.6904297
vn -0.6308594 0.35327148 0.6904297
vn 0.63134766 0.35302734 -0.6904297
vn 0.63134766 0.35302734 -0.6904297
vn 0.63134766 0.35302734 -0.6904297
vn 0.63134766 0.35302734 -0.6904297
vn -0.63134766 0.35302734 -0.6904297
vn -0.63134766 0.35302734 -0.6904297
vn -0.63134766 0.35302734 -0.6904297
vn -0.63134766 0.35302734 -0.6904297
vn 1.7881393E-07 0.74560547 0.6665039
vn 1.7881393E-07 0.74560547 0.6665039
vn 1.7881393E-07 0.74560547 0.6665039
vn 4.7683716E-07 0.74560547 0.6665039
vn -0.6328125 0.77441406 9.536743E-07
vn -0.6328125 0.77441406 9.536743E-07
vn -0.6328125 0.77441406 9.536743E-07
vn -0.6328125 0.77441406 2.3245811E-06
vn -2.9802322E-07 0.74560547 -0.6665039
vn -2.9802322E-07 0.74560547 -0.6665039
vn -2.9802322E-07 0.74560547 -0.6665039
vn -1.1920929E-07 0.74560547 -0.6665039
vn 0.6328125 0.77441406 4.7683716E-07
vn 0.6328125 0.77441406 4.7683716E-07
vn 0.6328125 0.77441406 4.7683716E-07
vn 0.6328125 0.77441406 -3.5762787E-07
vn 2.3841858E-07 0.45532227 0.8901367
vn 2.3841858E-07 0.45532227 0.8901367
vn 2.3841858E-07 0.45532227 0.8901367
vn 2.3841858E-07 0.45532227 0.8901367
vn -0.8725586 0.48828125 4.7683716E-07
vn -0.8725586 0.48828125 4.7683716E-07
vn -0.8725586 0.48828125 4.7683716E-07
vn -0.8725586 0.48828125 6.556511E-07
vn -2.9802322E-07 0.45532227 -0.8901367
vn -2.9802322E-07 0.45532227 -0.8901367
vn -2.9802322E-07 0.45532227 -0.8901367
vn -4.172325E-07 0.45532227 -0.8901367
vn 0.8725586 0.48828125 -2.3841858E-07
vn 0.8725586 0.48828125 -2.3841858E-07
vn 0.8725586 0.48828125 -2.3841858E-07
vn 0.8725586 0.48828125 2.9802322E-07
vn 0.69091797 0.18859863 0.6982422
vn 0.69091797 0.18859863 0.6982422
vn 0.69091797 0.18859863 0.6982422
vn 0.69091797 0.18859863 0.6982422
vn -0.67333984 0.33374023 0.65966797
vn -0.67333984 0.33374023 0.65966797
vn -0.67333984 0.33374023 0.65966797
vn -0.67333984 0.33374023 0.65966797
vn 0.671875 0.3227539 -0.6669922
vn 0.671875 0.3227539 -0.6669922
vn 0.671875 0.3227539 -0.6669922
vn 0.6713867 0.32299805 -0.6669922
vn -0.66308594 0.32177734 -0.67578125
vn -0.66308594 0.32177734 -0.67578125
vn -0.66308594 0.32177734 -0.67578125
vn -0.66308594 0.32177734 -0.67578125
vn -0.6455078 0.7626953 0.04220581
vn -0.6455078 0.7626953 0.04220581
vn -0.6455078 0.7626953 0.04220581
vn -0.6298828 0.7753906 0.041534424
vn -0.019622803 0.89746094 -0.4411621
vn -0.019622803 0.89746094 -0.4411621
vn -0.019622803 0.89746094 -0.4411621
vn -0.019622803 0.89697266 -0.4411621
vn -0.8959961 0.4399414 0.061279297
vn -0.8959961 0.4399414 0.061279297
vn -0.8959961 0.4399414 0.061279297
vn -0.8959961 0.4399414 0.061279297
vn -0.039916992 0.43237305 -0.9008789
vn -0.039916992 0.43237305 -0.9008789
vn -0.039916992 0.43237305 -0.9008789
vn -0.039916992 0.43237305 -0.9008789
vn 0.66015625 0.18859863 0.7270508
vn 0.66015625 0.18859863 0.7270508
vn 0.66015625 0.18859863 0.7270508
vn 0.66015625 0.18859863 0.7270508
vn -0.7011719 0.33374023 0.6303711
vn -0.7011719 0.33374023 0.6303711
vn -0.7011719 0.33374023 0.6303711
vn -0.7006836 0.33398438 0.6303711
vn 0.69970703 0.3227539 -0.63720703
vn 0.69970703 0.3227539 -0.63720703
vn 0.69970703 0.3227539 -0.63720703
vn 0.69970703 0.32299805 -0.63720703
vn -0.6333008 0.32177734 -0.7036133
vn -0.6333008 0.32177734 -0.7036133
vn -0.6333008 0.32177734 -0.7036133
vn -0.6333008 0.32177734 -0.7036133
vn -0.6489258 0.7607422 0.018508911
vn -0.6489258 0.7607422 0.018508911
vn -0.6489258 0.7607422 0.018508911
vn -0.62890625 0.77734375 0.018371582
vn -0.0021419525 0.89697266 -0.4416504
vn -0.0021419525 0.89697266 -0.4416504
vn -0.0021419525 0.89697266 -0.4416504
vn -0.0021591187 0.89746094 -0.44140625
vn -0.89746094 0.43969727 0.030258179
vn -0.89746094 0.43969727 0.030258179
vn -0.89746094 0.43969727 0.030258179
vn -0.89746094 0.43969727 0.030258179
vn -0.0041007996 0.43237305 -0.90185547
vn -0.0041007996 0.43237305 -0.90185547
vn -0.0041007996 0.43237305 -0.90185547
vn -0.0041007996 0.43237305 -0.90185547
vn 0.5073242 0.51220703 0.6933594
vn 0.5073242 0.51220703 0.6933594
vn 0.5073242 0.51220703 0.6933594
vn 0.5073242 0.51220703 0.6933594
vn -0.58740234 0.50341797 0.63378906
vn -0.58740234 0.50341797 0.63378906
vn -0.58740234 0.50341797 0.63378906
vn -0.58740234 0.50341797 0.63378906
vn 0.58740234 0.50341797 -0.63378906
vn 0.58740234 0.50341797 -0.63378906
vn 0.58740234 0.50341797 -0.63378906
vn 0.58740234 0.50341797 -0.63378906
vn -0.5073242 0.51220703 -0.6933594
vn -0.5073242 0.51220703 -0.6933594
vn -0.5073242 0.51220703 -0.6933594
vn -0.5073242 0.51220703 -0.6933594
vn -0.011764526 0.84765625 0.53027344
vn -0.011764526 0.84765625 0.53027344
vn -0.011764526 0.84765625 0.53027344
vn -0.009963989 0.85839844 0.5126953
vn -0.6220703 0.78271484 -0.02331543
vn -0.6220703 0.78271484 -0.02331543
vn -0.6220703 0.78271484 -0.02331543
vn -0.58496094 0.8105469 -0.025817871
vn 0.011764526 0.84765625 -0.53027344
vn 0.011764526 0.84765625 -0.53027344
vn 0.011764526 0.84765625 -0.53027344
vn 0.009963989 0.85839844 -0.5126953
vn 0.58691406 0.8095703 0.022018433
vn 0.58691406 0.8095703 0.022018433
vn 0.58691406 0.8095703 0.022018433
vn 0.6230469 0.7817383 0.027526855
vn -0.017623901 0.6069336 0.7944336
vn -0.017623901 0.6069336 0.7944336
vn -0.017623901 0.6069336 0.7944336
vn -0.017608643 0.6069336 0.7944336
vn -0.73339844 0.6791992 -0.027496338
vn -0.73339844 0.6791992 -0.027496338
vn -0.73339844 0.6791992 -0.027496338
vn -0.73339844 0.6791992 -0.027496338
vn 0.017623901 0.6069336 -0.7944336
vn 0.017623901 0.6069336 -0.7944336
vn 0.017623901 0.6069336 -0.7944336
vn 0.017623901 0.6069336 -0.7944336
vn 0.73339844 0.6791992 0.027511597
vn 0.73339844 0.6791992 0.027511597
vn 0.73339844 0.6791992 0.027511597
vn 0.73339844 0.6791992 0.027511597
vn 0.54248047 0.44433594 0.7128906
vn 0.54248047 0.44433594 0.7128906
vn 0.54248047 0.44433594 0.7128906
vn 0.54248047 0.44433594 0.7128906
vn -0.8027344 0.43017578 0.41333008
vn -0.8027344 0.43017578 0.41333008
vn -0.8027344 0.43017578 0.41333008
vn -0.8027344 0.43017578 0.41333008
vn 0.80371094 0.42626953 -0.41479492
vn 0.80371094 0.42626953 -0.41479492
vn 0.80371094 0.42626953 -0.41479492
vn 0.80371094 0.42651367 -0.41479492
vn -0.54345703 0.43945312 -0.71533203
vn -0.54345703 0.43945312 -0.71533203
vn -0.54345703 0.43945312 -0.71533203
vn -0.54345703 0.43945312 -0.71533203
vn -0.0904541 0.7841797 0.61376953
vn -0.0904541 0.7841797 0.61376953
vn -0.0904541 0.7841797 0.61376953
vn -0.0904541 0.7841797 0.61376953
vn -0.6879883 0.72314453 -0.06402588
vn -0.6879883 0.72314453 -0.06402588
vn -0.6879883 0.72314453 -0.06402588
vn -0.6879883 0.72314453 -0.06402588
vn 0.09082031 0.7817383 -0.6171875
vn 0.09082031 0.7817383 -0.6171875
vn 0.09082031 0.7817383 -0.6171875
vn 0.09088135 0.7817383 -0.6171875
vn 0.6879883 0.72265625 0.0625
vn 0.6879883 0.72265625 0.0625
vn 0.6879883 0.72265625 0.0625
vn 0.6879883 0.72265625 0.0625
vn -0.11633301 0.60253906 0.7895508
vn -0.11633301 0.60253906 0.7895508
vn -0.11633301 0.60253906 0.7895508
vn -0.11633301 0.60253906 0.7895508
vn -0.84472656 0.5292969 -0.07824707
vn -0.84472656 0.5292969 -0.07824707
vn -0.84472656 0.5292969 -0.07824707
vn -0.84472656 0.5292969 -0.07824707
vn 0.116760254 0.59765625 -0.79296875
vn 0.116760254 0.59765625 -0.79296875
vn 0.116760254 0.59765625 -0.79296875
vn 0.116760254 0.59765625 -0.79296875
vn 0.84521484 0.5292969 0.07714844
vn 0.84521484 0.5292969 0.07714844
vn 0.84521484 0.5292969 0.07714844
vn 0.84521484 0.5292969 0.07714844
vn 0.46826172 0.51220703 0.72021484
vn 0.46826172 0.51220703 0.72021484
vn 0.46826172 0.51220703 0.72021484
vn 0.46826172 0.51220703 0.72021484
vn -0.62158203 0.50341797 0.60058594
vn -0.62158203 0.50341797 0.60058594
vn -0.62158203 0.50341797 0.60058594
vn -0.62158203 0.50341797 0.60058594
vn 0.62158203 0.50341797 -0.60058594
vn 0.62158203 0.50341797 -0.60058594
vn 0.62158203 0.50341797 -0.60058594
vn 0.62109375 0.50341797 -0.60058594
vn -0.46826172 0.51220703 -0.72021484
vn -0.46826172 0.51220703 -0.72021484
vn -0.46826172 0.51220703 -0.72021484
vn -0.46826172 0.51220703 -0.72021484
vn -0.04449463 0.84814453 0.5283203
vn -0.04449463 0.84814453 0.5283203
vn -0.04449463 0.84814453 0.5283203
vn -0.04135132 0.85839844 0.51171875
vn -0.6035156 0.7973633 -0.0026569366
vn -0.6035156 0.7973633 -0.0026569366
vn -0.6035156 0.7973633 -0.0026569366
vn -0.6113281 0.7910156 -0.0025043488
vn 0.04449463 0.84814453 -0.5283203
vn 0.04449463 0.84814453 -0.5283203
vn 0.04449463 0.84814453 -0.5283203
vn 0.04135132 0.85839844 -0.51171875
vn 0.6113281 0.7915039 0.002691269
vn 0.6113281 0.7915039 0.002691269
vn 0.6113281 0.7915039 0.002691269
vn 0.6035156 0.7973633 0.0024757385
vn -0.066711426 0.6069336 0.7919922
vn -0.066711426 0.6069336 0.7919922
vn -0.066711426 0.6069336 0.7919922
vn -0.066711426 0.6069336 0.7919922
vn -0.73583984 0.6767578 -0.003238678
vn -0.73583984 0.6767578 -0.003238678
vn -0.73583984 0.6767578 -0.003238678
vn -0.73583984 0.6767578 -0.003238678
vn 0.066711426 0.6069336 -0.7919922
vn 0.066711426 0.6069336 -0.7919922
vn 0.066711426 0.6069336 -0.7919922
vn 0.066711426 0.6069336 -0.7919922
vn 0.73583984 0.6767578 0.0032405853
vn 0.73583984 0.6767578 0.0032405853
vn 0.73583984 0.6767578 0.0032405853
vn 0.73583984 0.6772461 0.0032405853
vn 0.52783203 0.5024414 0.6845703
vn 0.52783203 0.5024414 0.6845703
vn 0.52783203 0.5024414 0.6845703
vn 0.52783203 0.5024414 0.6845703
vn -0.5678711 0.5048828 0.6503906
vn -0.5678711 0.5048828 0.6503906
vn -0.5678711 0.5048828 0.6503906
vn -0.5678711 0.5048828 0.6503906
vn 0.5776367 0.50146484 -0.6435547
vn 0.5776367 0.50146484 -0.6435547
vn 0.5776367 0.50146484 -0.6435547
vn 0.5776367 0.50146484 -0.6435547
vn -0.5175781 0.5214844 -0.67822266
vn -0.5175781 0.5214844 -0.67822266
vn -0.5175781 0.5214844 -0.67822266
vn -0.5175781 0.5214844 -0.67822266
vn 0.012435913 0.84375 0.5366211
vn 0.012435913 0.84375 0.5366211
vn 0.012435913 0.84375 0.5366211
vn 0.013870239 0.85546875 0.5175781
vn -0.61328125 0.79003906 -0.0009994507
vn -0.61328125 0.79003906 -0.0009994507
vn -0.61328125 0.79003906 -0.0009994507
vn -0.5800781 0.8144531 -0.0016841888
vn 0.004459381 0.85058594 -0.5258789
vn 0.004459381 0.85058594 -0.5258789
vn 0.004459381 0.85058594 -0.5258789
vn 0.0032520294 0.8623047 -0.50683594
vn 0.5996094 0.80029297 0.00340271
vn 0.5996094 0.80029297 0.00340271
vn 0.5996094 0.80029297 0.00340271
vn 0.62646484 0.7792969 0.0041885376
vn 0.012016296 0.6015625 0.7988281
vn 0.012016296 0.6015625 0.7988281
vn 0.012016296 0.6015625 0.7988281
vn 0.012016296 0.6015625 0.7988281
vn -0.7270508 0.68652344 -0.0015707016
vn -0.7270508 0.68652344 -0.0015707016
vn -0.7270508 0.68652344 -0.0015707016
vn -0.7270508 0.68652344 -0.0015697479
vn 8.1539154E-05 0.6118164 -0.7910156
vn 8.1539154E-05 0.6118164 -0.7910156
vn 8.1539154E-05 0.6118164 -0.7910156
vn 8.225441E-05 0.6118164 -0.7910156
vn 0.74072266 0.671875 0.0037136078
vn 0.74072266 0.671875 0.0037136078
vn 0.74072266 0.671875 0.0037136078
vn 0.74072266 0.671875 0.0037136078
vn 0.6113281 0.5859375 0.5317383
vn 0.6113281 0.5859375 0.5317383
vn 0.6113281 0.5859375 0.5317383
vn 0.6113281 0.5859375 0.5317383
vn -0.6376953 0.57128906 0.51708984
vn -0.6376953 0.57128906 0.51708984
vn -0.6376953 0.57128906 0.51708984
vn -0.6376953 0.57128906 0.51708984
vn 0.6376953 0.57128906 -0.51708984
vn 0.6376953 0.57128906 -0.51708984
vn 0.6376953 0.57128906 -0.51708984
vn 0.6376953 0.57128906 -0.51708984
vn -0.6113281 0.5859375 -0.5317383
vn -0.6113281 0.5859375 -0.5317383
vn -0.6113281 0.5859375 -0.5317383
vn -0.6113281 0.5859375 -0.5317383
vn 0.004650116 0.91796875 0.39697266
vn 0.004650116 0.91796875 0.39697266
vn 0.004650116 0.91796875 0.39697266
vn 0.005695343 0.9238281 0.3828125
vn -0.6201172 0.78466797 0.006374359
vn -0.6201172 0.78466797 0.006374359
vn -0.6201172 0.78466797 0.006374359
vn -0.58935547 0.8076172 0.0053596497
vn -0.004650116 0.91796875 -0.39697266
vn -0.004650116 0.91796875 -0.39697266
vn -0.004650116 0.91796875 -0.39697266
vn -0.005695343 0.9238281 -0.3828125
vn 0.58984375 0.8076172 -0.006061554
vn 0.58984375 0.8076172 -0.006061554
vn 0.58984375 0.8076172 -0.006061554
vn 0.6201172 0.7841797 -0.0056381226
vn 0.007865906 0.74121094 0.6713867
vn 0.007865906 0.74121094 0.6713867
vn 0.007865906 0.74121094 0.6713867
vn 0.007865906 0.74121094 0.6713867
vn -0.7338867 0.6791992 0.007545471
vn -0.7338867 0.6791992 0.007545471
vn -0.7338867 0.6791992 0.007545471
vn -0.7338867 0.6791992 0.007545471
vn -0.007865906 0.74121094 -0.6713867
vn -0.007865906 0.74121094 -0.6713867
vn -0.007865906 0.74121094 -0.6713867
vn -0.007865906 0.74121094 -0.6713867
vn 0.7338867 0.6791992 -0.0075416565
vn 0.7338867 0.6791992 -0.0075416565
vn 0.7338867 0.6791992 -0.0075416565
vn 0.7338867 0.6791992 -0.0075416565
vn 0.625 0.5854492 0.5161133
vn 0.625 0.5854492 0.5161133
vn 0.625 0.5854492 0.5161133
vn 0.625 0.5854492 0.5161133
vn -0.62402344 0.5644531 0.54052734
vn -0.62402344 0.5644531 0.54052734
vn -0.62402344 0.5644531 0.54052734
vn -0.62402344 0.5644531 0.54052734
vn 0.61816406 0.578125 -0.53271484
vn 0.61816406 0.578125 -0.53271484
vn 0.61816406 0.578125 -0.53271484
vn 0.61816406 0.578125 -0.53271484
vn -0.6308594 0.5864258 -0.5083008
vn -0.6308594 0.5864258 -0.5083008
vn -0.6308594 0.5864258 -0.5083008
vn -0.6308594 0.5864258 -0.5083008
vn 0.012252808 0.91503906 0.40307617
vn 0.012252808 0.91503906 0.40307617
vn 0.012252808 0.91503906 0.40307617
vn 0.012763977 0.9213867 0.38891602
vn -0.6010742 0.7963867 0.0680542
vn -0.6010742 0.7963867 0.0680542
vn -0.6010742 0.7963867 0.0680542
vn -0.6152344 0.78515625 0.070129395
vn -0.021316528 0.92041016 -0.39013672
vn -0.021316528 0.92041016 -0.39013672
vn -0.021316528 0.92041016 -0.39013672
vn -0.021896362 0.92626953 -0.37597656
vn 0.58935547 0.8076172 -0.025680542
vn 0.58935547 0.8076172 -0.025680542
vn 0.58935547 0.8076172 -0.025680542
vn 0.6123047 0.79003906 -0.02583313
vn 0.024734497 0.7363281 0.67578125
vn 0.024734497 0.7363281 0.67578125
vn 0.024734497 0.7363281 0.67578125
vn 0.024734497 0.7363281 0.67578125
vn -0.73535156 0.67333984 0.07543945
vn -0.73535156 0.67333984 0.07543945
vn -0.73535156 0.67333984 0.07543945
vn -0.73535156 0.67333984 0.07543945
vn -0.032073975 0.74560547 -0.66552734
vn -0.032073975 0.74560547 -0.66552734
vn -0.032073975 0.74560547 -0.66552734
vn -0.032073975 0.74560547 -0.66552734
vn 0.7294922 0.6826172 -0.040008545
vn 0.7294922 0.6826172 -0.040008545
vn 0.7294922 0.6826172 -0.040008545
vn 0.7294922 0.6826172 -0.040008545
vn 0.65722656 0.35131836 0.6669922
vn 0.65722656 0.35131836 0.6669922
vn 0.65722656 0.35131836 0.6669922
vn 0.6567383 0.35131836 0.6669922
vn -0.77441406 0.3395996 0.5341797
vn -0.77441406 0.3395996 0.5341797
vn -0.77441406 0.3395996 0.5341797
vn -0.77441406 0.3395996 0.5341797
vn 0.77441406 0.3395996 -0.5341797
vn 0.77441406 0.3395996 -0.5341797
vn 0.77441406 0.3395996 -0.5341797
vn 0.77441406 0.3395996 -0.5341797
vn -0.6567383 0.35131836 -0.6669922
vn -0.6567383 0.35131836 -0.6669922
vn -0.6567383 0.35131836 -0.6669922
vn -0.6567383 0.35131836 -0.6669922
vn 0.01525116 0.79052734 0.6123047
vn 0.01525116 0.79052734 0.6123047
vn 0.01525116 0.79052734 0.6123047
vn 0.015594482 0.7919922 0.6098633
vn -0.7421875 0.67041016 0.013793945
vn -0.7421875 0.67041016 0.013793945
vn -0.7421875 0.67041016 0.013793945
vn -0.7207031 0.6933594 0.016479492
vn -0.00687027 0.7919922 -0.61035156
vn -0.00687027 0.7919922 -0.61035156
vn -0.00687027 0.7919922 -0.61035156
vn -0.0066604614 0.7910156 -0.6118164
vn 0.7290039 0.68408203 0.022140503
vn 0.7290039 0.68408203 0.022140503
vn 0.7290039 0.68408203 0.022140503
vn 0.7324219 0.68066406 0.022705078
vn 0.021636963 0.49487305 0.86865234
vn 0.021636963 0.49487305 0.86865234
vn 0.021636963 0.49487305 0.86865234
vn 0.021636963 0.49487305 0.86865234
vn -0.90283203 0.42993164 0.016784668
vn -0.90283203 0.42993164 0.016784668
vn -0.90283203 0.42993164 0.016784668
vn -0.90283203 0.42993164 0.016784668
vn -0.009780884 0.49536133 -0.86865234
vn -0.009780884 0.49536133 -0.86865234
vn -0.009780884 0.49536133 -0.86865234
vn -0.009780884 0.49536133 -0.86865234
vn 0.9013672 0.43188477 0.027374268
vn 0.9013672 0.43188477 0.027374268
vn 0.9013672 0.43188477 0.027374268
vn 0.9013672 0.43188477 0.027359009
vn 0.6855469 0.44433594 0.57666016
vn 0.6855469 0.44433594 0.57666016
vn 0.6855469 0.44433594 0.57666016
vn 0.6855469 0.44433594 0.57666016
vn -0.6923828 0.43017578 0.57958984
vn -0.6923828 0.43017578 0.57958984
vn -0.6923828 0.43017578 0.57958984
vn -0.6923828 0.43017578 0.57958984
vn 0.6933594 0.42651367 -0.5810547
vn 0.6933594 0.42651367 -0.5810547
vn 0.6933594 0.42651367 -0.5810547
vn 0.6933594 0.42651367 -0.5810547
vn -0.6870117 0.43945312 -0.5786133
vn -0.6870117 0.43945312 -0.5786133
vn -0.6870117 0.43945312 -0.5786133
vn -0.6870117 0.43945312 -0.5786133
vn 0.052978516 0.7841797 0.61865234
vn 0.052978516 0.7841797 0.61865234
vn 0.052978516 0.7841797 0.61865234
vn 0.052978516 0.7841797 0.61865234
vn -0.68652344 0.72509766 0.049621582
vn -0.68652344 0.72509766 0.049621582
vn -0.68652344 0.72509766 0.049621582
vn -0.68652344 0.72509766 0.049621582
vn -0.032440186 0.7817383 -0.6225586
vn -0.032440186 0.7817383 -0.6225586
vn -0.032440186 0.7817383 -0.6225586
vn -0.032440186 0.7817383 -0.6225586
vn 0.68652344 0.72558594 -0.04827881
vn 0.68652344 0.72558594 -0.04827881
vn 0.68652344 0.72558594 -0.04827881
vn 0.68652344 0.72558594 -0.04827881
vn 0.06817627 0.60253906 0.79541016
vn 0.06817627 0.60253906 0.79541016
vn 0.06817627 0.60253906 0.79541016
vn 0.06817627 0.60253906 0.79541016
vn -0.84472656 0.5317383 0.061157227
vn -0.84472656 0.5317383 0.061157227
vn -0.84472656 0.5317383 0.061157227
vn -0.84472656 0.5317383 0.061157227
vn -0.04168701 0.59814453 -0.80029297
vn -0.04168701 0.59814453 -0.80029297
vn -0.04168701 0.59814453 -0.80029297
vn -0.04168701 0.59814453 -0.80029297
vn 0.84472656 0.53222656 -0.059295654
vn 0.84472656 0.53222656 -0.059295654
vn 0.84472656 0.53222656 -0.059295654
vn 0.84472656 0.53222656 -0.059295654
vn -0.68896484 0.32055664 -0.6503906
vn -0.68896484 0.32055664 -0.6503906
vn -0.68896484 0.32055664 -0.6503906
vn -0.68896484 0.32055664 -0.6503906
vn -0.73828125 0.32128906 0.5932617
vn -0.73828125 0.32128906 0.5932617
vn -0.73828125 0.32128906 0.5932617
vn -0.73828125 0.32128906 0.5932617
vn 0.73828125 0.32128906 -0.5932617
vn 0.73828125 0.32128906 -0.5932617
vn 0.73828125 0.32128906 -0.5932617
vn 0.73828125 0.32128906 -0.5932617
vn 0.68896484 0.3203125 0.6503906
vn 0.68896484 0.3203125 0.6503906
vn 0.68896484 0.3203125 0.6503906
vn 0.68896484 0.3203125 0.6503906
vn -0.82177734 0.56884766 -0.031311035
vn -0.82177734 0.56884766 -0.031311035
vn -0.82177734 0.56884766 -0.031311035
vn -0.82177734 0.56884766 -0.031311035
vn -0.01512146 0.62158203 0.7832031
vn -0.01512146 0.62158203 0.7832031
vn -0.01512146 0.62158203 0.7832031
vn -0.01512146 0.62158203 0.7832031
vn 0.82177734 0.56884766 0.031311035
vn 0.82177734 0.56884766 0.031311035
vn 0.82177734 0.56884766 0.031311035
vn 0.82177734 0.56884766 0.031311035
vn 0.01512146 0.62158203 -0.7832031
vn 0.01512146 0.62158203 -0.7832031
vn 0.01512146 0.62158203 -0.7832031
vn 0.01512146 0.62158203 -0.7832031
vn -0.9116211 0.4099121 -0.034729004
vn -0.9116211 0.4099121 -0.034729004
vn -0.9116211 0.4099121 -0.034729004
vn -0.9116211 0.4099121 -0.034729004
vn -0.017166138 0.45825195 0.8886719
vn -0.017166138 0.45825195 0.8886719
vn -0.017166138 0.45825195 0.8886719
vn -0.017166138 0.45825195 0.8886719
vn 0.9116211 0.4099121 0.034729004
vn 0.9116211 0.4099121 0.034729004
vn 0.9116211 0.4099121 0.034729004
vn 0.9116211 0.4099121 0.034729004
vn 0.017166138 0.45825195 -0.8886719
vn 0.017166138 0.45825195 -0.8886719
vn 0.017166138 0.45825195 -0.8886719
vn 0.017166138 0.45825195 -0.8886719
vn 0.765625 -0.035461426 -0.6425781
vn 0.765625 -0.035461426 -0.6425781
vn 0.765625 -0.035461426 -0.6425781
vn 0.765625 -0.035491943 -0.6425781
vn 0.62841797 0.77685547 0.036224365
vn 0.62841797 0.77685547 0.036224365
vn 0.62841797 0.77685547 0.036224365
vn 0.62109375 0.7832031 0.036315918
vn 0.005832672 0.8413086 -0.54052734
vn 0.005832672 0.8413086 -0.54052734
vn 0.005832672 0.8413086 -0.54052734
vn 0.008468628 0.8652344 -0.50146484
vn -0.63623047 0.7709961 -0.034820557
vn -0.63623047 0.7709961 -0.034820557
vn -0.63623047 0.7709961 -0.034820557
vn -0.64208984 0.765625 -0.034729004
vn -0.9560547 0.28930664 -0.052093506
vn -0.9560547 0.28930664 -0.052093506
vn -0.9560547 0.28930664 -0.052093506
vn -0.9550781 0.29174805 -0.05227661
vn 0.7441406 0.51220703 0.42871094
vn 0.7441406 0.51220703 0.42871094
vn 0.7441406 0.51220703 0.42871094
vn 0.7441406 0.51220703 0.42871094
vn -0.28076172 0.50341797 0.8173828
vn -0.28076172 0.50341797 0.8173828
vn -0.28076172 0.50341797 0.8173828
vn -0.28076172 0.50341797 0.8173828
vn 0.28076172 0.50341797 -0.8173828
vn 0.28076172 0.50341797 -0.8173828
vn 0.28076172 0.50341797 -0.8173828
vn 0.28076172 0.50341797 -0.8173828
vn -0.7441406 0.51220703 -0.42871094
vn -0.7441406 0.51220703 -0.42871094
vn -0.7441406 0.51220703 -0.42871094
vn -0.7441406 0.51220703 -0.42871094
vn 0.20031738 0.84814453 0.4909668
vn 0.20031738 0.84814453 0.4909668
vn 0.20031738 0.84814453 0.4909668
vn 0.19555664 0.85839844 0.47460938
vn -0.578125 0.78271484 0.23022461
vn -0.578125 0.78271484 0.23022461
vn -0.578125 0.78271484 0.23022461
vn -0.54541016 0.8105469 0.21313477
vn -0.20031738 0.84814453 -0.4909668
vn -0.20031738 0.84814453 -0.4909668
vn -0.20031738 0.84814453 -0.4909668
vn -0.19555664 0.85839844 -0.47460938
vn 0.54541016 0.8095703 -0.21728516
vn 0.54541016 0.8095703 -0.21728516
vn 0.54541016 0.8095703 -0.21728516
vn 0.5810547 0.7817383 -0.22692871
vn 0.30029297 0.6069336 0.73583984
vn 0.30029297 0.6069336 0.73583984
vn 0.30029297 0.6069336 0.73583984
vn 0.30029297 0.6069336 0.73583984
vn -0.6816406 0.6791992 0.27148438
vn -0.6816406 0.6791992 0.27148438
vn -0.6816406 0.6791992 0.27148438
vn -0.6816406 0.6791992 0.27148438
vn -0.30029297 0.6069336 -0.73583984
vn -0.30029297 0.6069336 -0.73583984
vn -0.30029297 0.6069336 -0.73583984
vn -0.30029297 0.6069336 -0.73583984
vn 0.6816406 0.6791992 -0.27148438
vn 0.6816406 0.6791992 -0.27148438
vn 0.6816406 0.6791992 -0.27148438
vn 0.6816406 0.6791992 -0.27148438
vn 0.3474121 0.51220703 0.78564453
vn 0.3474121 0.51220703 0.78564453
vn 0.3474121 0.51220703 0.78564453
vn 0.3474121 0.51220703 0.78564453
vn -0.70947266 0.50341797 0.49365234
vn -0.70947266 0.50341797 0.49365234
vn -0.70947266 0.50341797 0.49365234
vn -0.70947266 0.50341797 0.49365234
vn 0.70947266 0.50341797 -0.49365234
vn 0.70947266 0.50341797 -0.49365234
vn 0.70947266 0.50341797 -0.49365234
vn 0.70947266 0.50341797 -0.49365234
vn -0.3474121 0.51220703 -0.78564453
vn -0.3474121 0.51220703 -0.78564453
vn -0.3474121 0.51220703 -0.78564453
vn -0.3474121 0.51220703 -0.78564453
vn -0.12408447 0.84765625 0.5161133
vn -0.12408447 0.84765625 0.5161133
vn -0.12408447 0.84765625 0.5161133
vn -0.11859131 0.85839844 0.4987793
vn 0.12408447 0.84765625 -0.5161133
vn 0.12408447 0.84765625 -0.5161133
vn 0.12408447 0.84765625 -0.5161133
vn 0.11859131 0.85839844 -0.4987793
vn -0.18579102 0.6069336 0.7729492
vn -0.18579102 0.6069336 0.7729492
vn -0.18579102 0.6069336 0.7729492
vn -0.18579102 0.6069336 0.7729492
vn -0.7050781 0.6796875 -0.20336914
vn -0.7050781 0.6796875 -0.20336914
vn -0.7050781 0.6796875 -0.20336914
vn -0.7050781 0.6796875 -0.20336914
vn 0.18579102 0.6069336 -0.7729492
vn 0.18579102 0.6069336 -0.7729492
vn 0.18579102 0.6069336 -0.7729492
vn 0.18579102 0.6069336 -0.7729492
vn 0.7050781 0.6796875 0.20336914
vn 0.7050781 0.6796875 0.20336914
vn 0.7050781 0.6796875 0.20336914
vn 0.7050781 0.6796875 0.20336914
vn -0.02130127 0.8774414 0.4790039
vn -0.02130127 0.8774414 0.4790039
vn -0.02130127 0.8774414 0.4790039
vn -0.02130127 0.8774414 0.4790039
vn 0.4790039 0.8774414 0.022583008
vn 0.4790039 0.8774414 0.022583008
vn 0.4790039 0.8774414 0.022583008
vn 0.47875977 0.8774414 0.022583008
vn 0.02130127 0.8774414 -0.4790039
vn 0.02130127 0.8774414 -0.4790039
vn 0.02130127 0.8774414 -0.4790039
vn 0.02130127 0.8774414 -0.4790039
vn -0.4790039 0.8774414 -0.022583008
vn -0.4790039 0.8774414 -0.022583008
vn -0.4790039 0.8774414 -0.022583008
vn -0.47875977 0.8774414 -0.022583008
vn -0.6430664 0.43725586 0.62890625
vn -0.6430664 0.43725586 0.62890625
vn -0.6430664 0.43725586 0.62890625
vn -0.6430664 0.43725586 0.62890625
vn 0.62890625 0.43725586 0.6430664
vn 0.62890625 0.43725586 0.6430664
vn 0.62890625 0.43725586 0.6430664
vn 0.62890625 0.43725586 0.6430664
vn -0.62890625 0.43725586 -0.6430664
vn -0.62890625 0.43725586 -0.6430664
vn -0.62890625 0.43725586 -0.6430664
vn -0.62890625 0.43725586 -0.6430664
vn 0.6430664 0.43725586 -0.62890625
vn 0.6430664 0.43725586 -0.62890625
vn 0.6430664 0.43725586 -0.62890625
vn 0.6430664 0.43725586 -0.62890625
vn -0.036590576 0.56640625 0.8232422
vn -0.036590576 0.56640625 0.8232422
vn -0.036590576 0.56640625 0.8232422
vn -0.036590576 0.56640625 0.8232422
vn 0.8232422 0.56640625 0.03881836
vn 0.8232422 0.56640625 0.03881836
vn 0.8232422 0.56640625 0.03881836
vn 0.8232422 0.56640625 0.03881836
vn 0.036621094 0.56640625 -0.8232422
vn 0.036621094 0.56640625 -0.8232422
vn 0.036621094 0.56640625 -0.8232422
vn 0.036621094 0.56640625 -0.8232422
vn -0.8232422 0.56640625 -0.03881836
vn -0.8232422 0.56640625 -0.03881836
vn -0.8232422 0.56640625 -0.03881836
vn -0.8232422 0.56640625 -0.03881836
vn -0.07196045 0.5834961 0.80908203
vn -0.07196045 0.5834961 0.80908203
vn -0.07196045 0.5834961 0.80908203
vn -0.07196045 0.5834961 0.80908203
vn 0.7871094 0.6118164 0.0758667
vn 0.7871094 0.6118164 0.0758667
vn 0.7871094 0.6118164 0.0758667
vn 0.7871094 0.6118164 0.0758667
vn 0.06304932 0.61279297 -0.78759766
vn 0.06304932 0.61279297 -0.78759766
vn 0.06304932 0.61279297 -0.78759766
vn 0.06304932 0.61279297 -0.78759766
vn -0.8066406 0.5839844 -0.08984375
vn -0.8066406 0.5839844 -0.08984375
vn -0.8066406 0.5839844 -0.08984375
vn -0.8066406 0.5839844 -0.089782715
vn -0.7241211 0.26733398 0.6357422
vn -0.7241211 0.26733398 0.6357422
vn -0.7241211 0.26733398 0.6357422
vn -0.7241211 0.26708984 0.6357422
vn 0.6254883 0.29101562 0.7236328
vn 0.6254883 0.29101562 0.7236328
vn 0.6254883 0.29101562 0.7236328
vn 0.6254883 0.29125977 0.7236328
vn -0.63671875 0.2915039 -0.7138672
vn -0.63671875 0.2915039 -0.7138672
vn -0.63671875 0.2915039 -0.7138672
vn -0.63671875 0.2915039 -0.7138672
vn -0.07702637 0.37890625 0.9223633
vn -0.07702637 0.37890625 0.9223633
vn -0.07702637 0.37890625 0.9223633
vn -0.07702637 0.37890625 0.9223633
vn 0.90771484 0.41137695 0.082092285
vn 0.90771484 0.41137695 0.082092285
vn 0.90771484 0.41137695 0.082092285
vn 0.90771484 0.41137695 0.082092285
vn 0.077697754 0.41235352 -0.90771484
vn 0.077697754 0.41235352 -0.90771484
vn 0.077697754 0.41235352 -0.90771484
vn 0.077697754 0.41235352 -0.90771484
vn -0.9189453 0.37963867 -0.107788086
vn -0.9189453 0.37963867 -0.107788086
vn -0.9189453 0.37963867 -0.107788086
vn -0.9189453 0.37963867 -0.107788086
vn -0.076538086 0.7607422 0.64404297
vn -0.076538086 0.7607422 0.64404297
vn -0.076538086 0.7607422 0.64404297
vn -0.076538086 0.7607422 0.64404297
vn 0.6459961 0.7607422 0.06439209
vn 0.6459961 0.7607422 0.06439209
vn 0.6459961 0.7607422 0.06439209
vn 0.6455078 0.7607422 0.06439209
vn 0.082214355 0.7607422 -0.6435547
vn 0.082214355 0.7607422 -0.6435547
vn 0.082214355 0.7607422 -0.6435547
vn 0.082214355 0.76123047 -0.6435547
vn -0.64453125 0.7607422 -0.07348633
vn -0.64453125 0.7607422 -0.07348633
vn -0.64453125 0.7607422 -0.07348633
vn -0.64453125 0.7607422 -0.07348633
vn -0.7167969 0.43164062 0.54785156
vn -0.7167969 0.43164062 0.54785156
vn -0.7167969 0.43164062 0.54785156
vn -0.7167969 0.43164062 0.54785156
vn 0.54785156 0.43164062 0.7167969
vn 0.54785156 0.43164062 0.7167969
vn 0.54785156 0.43164062 0.7167969
vn 0.5473633 0.43164062 0.7167969
vn -0.54785156 0.43164062 -0.7167969
vn -0.54785156 0.43164062 -0.7167969
vn -0.54785156 0.43164062 -0.7167969
vn -0.5473633 0.43164062 -0.7167969
vn -0.097717285 0.5605469 0.8222656
vn -0.097717285 0.5605469 0.8222656
vn -0.097717285 0.5605469 0.8222656
vn -0.097717285 0.5605469 0.8222656
vn 0.82421875 0.5600586 0.082214355
vn 0.82421875 0.5600586 0.082214355
vn 0.82421875 0.5600586 0.082214355
vn 0.82421875 0.5600586 0.082214355
vn 0.10491943 0.5605469 -0.82128906
vn 0.10491943 0.5605469 -0.82128906
vn 0.10491943 0.5605469 -0.82128906
vn 0.10491943 0.5605469 -0.82128906
vn -0.8227539 0.5605469 -0.093811035
vn -0.8227539 0.5605469 -0.093811035
vn -0.8227539 0.5605469 -0.093811035
vn -0.8227539 0.5605469 -0.093811035
g A006_F003_0
f 3/3/3 2/2/2 1/1/1
f 6/6/6 5/5/5 4/4/4
f 9/9/9 8/8/8 7/7/7
f 12/12/12 11/11/11 10/10/10
f 15/15/15 14/14/14 13/13/13
f 18/18/18 17/17/17 16/16/16
f 21/21/21 20/20/20 19/19/19
f 24/24/24 23/23/23 22/22/22
f 27/27/27 26/26/26 25/25/25
f 30/30/30 29/29/29 28/28/28
f 33/33/33 32/32/32 31/31/31
f 36/36/36 35/35/35 34/34/34
f 39/39/39 38/38/38 37/37/37
f 42/42/42 41/41/41 40/40/40
f 45/45/45 44/44/44 43/43/43
f 48/48/48 47/47/47 46/46/46
f 51/51/51 50/50/50 49/49/49
f 54/54/54 53/53/53 52/52/52
f 57/57/57 56/56/56 55/55/55
f 60/60/60 59/59/59 58/58/58
f 63/63/63 62/62/62 61/61/61
f 66/66/66 65/65/65 64/64/64
f 69/69/69 68/68/68 67/67/67
f 72/72/72 71/71/71 70/70/70
f 75/75/75 74/74/74 73/73/73
f 78/78/78 77/77/77 76/76/76
f 81/81/81 80/80/80 79/79/79
f 84/84/84 83/83/83 82/82/82
f 87/87/87 86/86/86 85/85/85
f 90/90/90 89/89/89 88/88/88
f 93/93/93 92/92/92 91/91/91
f 96/96/96 95/95/95 94/94/94
f 99/99/99 98/98/98 97/97/97
f 102/102/102 101/101/101 100/100/100
f 105/105/105 104/104/104 103/103/103
f 108/108/108 107/107/107 106/106/106
f 111/111/111 110/110/110 109/109/109
f 114/114/114 113/113/113 112/112/112
f 117/117/117 116/116/116 115/115/115
f 120/120/120 119/119/119 118/118/118
f 123/123/123 122/122/122 121/121/121
f 126/126/126 125/125/125 124/124/124
f 129/129/129 128/128/128 127/127/127
f 132/132/132 131/131/131 130/130/130
f 135/135/135 134/134/134 133/133/133
f 138/138/138 137/137/137 136/136/136
f 141/141/141 140/140/140 139/139/139
f 144/144/144 143/143/143 142/142/142
f 147/147/147 146/146/146 145/145/145
f 150/150/150 149/149/149 148/148/148
f 153/153/153 152/152/152 151/151/151
f 156/156/156 155/155/155 154/154/154
f 159/159/159 158/158/158 157/157/157
f 162/162/162 161/161/161 160/160/160
f 165/165/165 164/164/164 163/163/163
f 168/168/168 167/167/167 166/166/166
f 171/171/171 170/170/170 169/169/169
f 174/174/174 173/173/173 172/172/172
f 177/177/177 176/176/176 175/175/175
f 180/180/180 179/179/179 178/178/178
f 183/183/183 182/182/182 181/181/181
f 186/186/186 185/185/185 184/184/184
f 189/189/189 188/188/188 187/187/187
f 192/192/192 191/191/191 190/190/190
f 195/195/195 194/194/194 193/193/193
f 198/198/198 197/197/197 196/196/196
f 201/201/201 200/200/200 199/199/199
f 204/204/204 203/203/203 202/202/202
f 207/207/207 206/206/206 205/205/205
f 210/210/210 209/209/209 208/208/208
f 213/213/213 212/212/212 211/211/211
f 216/216/216 215/215/215 214/214/214
f 219/219/219 218/218/218 217/217/217
f 222/222/222 221/221/221 220/220/220
f 225/225/225 224/224/224 223/223/223
f 228/228/228 227/227/227 226/226/226
f 231/231/231 230/230/230 229/229/229
f 234/234/234 233/233/233 232/232/232
f 237/237/237 236/236/236 235/235/235
f 240/240/240 239/239/239 238/238/238
f 243/243/243 242/242/242 241/241/241
f 246/246/246 245/245/245 244/244/244
f 249/249/249 248/248/248 247/247/247
f 252/252/252 251/251/251 250/250/250
f 255/255/255 254/254/254 253/253/253
f 258/258/258 257/257/257 256/256/256
f 261/261/261 260/260/260 259/259/259
f 264/264/264 263/263/263 262/262/262
f 267/267/267 266/266/266 265/265/265
f 270/270/270 269/269/269 268/268/268
f 273/273/273 272/272/272 271/271/271
f 276/276/276 275/275/275 274/274/274
f 279/279/279 278/278/278 277/277/277
f 282/282/282 281/281/281 280/280/280
f 285/285/285 284/284/284 283/283/283
f 288/288/288 287/287/287 286/286/286
f 291/291/291 290/290/290 289/289/289
f 294/294/294 293/293/293 292/292/292
f 297/297/297 296/296/296 295/295/295
f 300/300/300 299/299/299 298/298/298
f 303/303/303 302/302/302 301/301/301
f 306/306/306 305/305/305 304/304/304
f 309/309/309 308/308/308 307/307/307
f 312/312/312 311/311/311 310/310/310
f 315/315/315 314/314/314 313/313/313
f 318/318/318 317/317/317 316/316/316
f 321/321/321 320/320/320 319/319/319
f 324/324/324 323/323/323 322/322/322
f 327/327/327 326/326/326 325/325/325
f 330/330/330 329/329/329 328/328/328
f 333/333/333 332/332/332 331/331/331
f 336/336/336 335/335/335 334/334/334
f 339/339/339 338/338/338 337/337/337
f 342/342/342 341/341/341 340/340/340
f 345/345/345 344/344/344 343/343/343
f 348/348/348 347/347/347 346/346/346
f 351/351/351 350/350/350 349/349/349
f 354/354/354 353/353/353 352/352/352
f 357/357/357 356/356/356 355/355/355
f 360/360/360 359/359/359 358/358/358
f 363/363/363 362/362/362 361/361/361
f 366/366/366 365/365/365 364/364/364
f 369/369/369 368/368/368 367/367/367
f 372/372/372 371/371/371 370/370/370
f 375/375/375 374/374/374 373/373/373
f 378/378/378 377/377/377 376/376/376
f 381/381/381 380/380/380 379/379/379
f 384/384/384 383/383/383 382/382/382
f 387/387/387 386/386/386 385/385/385
f 390/390/390 389/389/389 388/388/388
f 393/393/393 392/392/392 391/391/391
f 396/396/396 395/395/395 394/394/394
f 399/399/399 398/398/398 397/397/397
f 402/402/402 401/401/401 400/400/400
f 405/405/405 404/404/404 403/403/403
f 408/408/408 407/407/407 406/406/406
f 411/411/411 410/410/410 409/409/409
f 414/414/414 413/413/413 412/412/412
f 417/417/417 416/416/416 415/415/415
f 420/420/420 419/419/419 418/418/418
f 423/423/423 422/422/422 421/421/421
f 426/426/426 425/425/425 424/424/424
f 429/429/429 428/428/428 427/427/427
f 432/432/432 431/431/431 430/430/430
f 435/435/435 434/434/434 433/433/433
f 438/438/438 437/437/437 436/436/436
f 441/441/441 440/440/440 439/439/439
f 444/444/444 443/443/443 442/442/442
f 447/447/447 446/446/446 445/445/445
f 450/450/450 449/449/449 448/448/448
f 453/453/453 452/452/452 451/451/451
f 456/456/456 455/455/455 454/454/454
f 459/459/459 458/458/458 457/457/457
f 462/462/462 461/461/461 460/460/460
f 465/465/465 464/464/464 463/463/463
f 468/468/468 467/467/467 466/466/466
f 471/471/471 470/470/470 469/469/469
f 474/474/474 473/473/473 472/472/472
f 477/477/477 476/476/476 475/475/475
f 480/480/480 479/479/479 478/478/478
f 483/483/483 482/482/482 481/481/481
f 486/486/486 485/485/485 484/484/484
f 489/489/489 488/488/488 487/487/487
f 492/492/492 491/491/491 490/490/490
f 495/495/495 494/494/494 493/493/493
f 498/498/498 497/497/497 496/496/496
f 501/501/501 500/500/500 499/499/499
f 504/504/504 503/503/503 502/502/502
f 507/507/507 506/506/506 505/505/505
f 510/510/510 509/509/509 508/508/508
f 513/513/513 512/512/512 511/511/511
f 516/516/516 515/515/515 514/514/514
f 519/519/519 518/518/518 517/517/517
f 522/522/522 521/521/521 520/520/520
f 525/525/525 524/524/524 523/523/523
f 528/528/528 527/527/527 526/526/526
f 531/531/531 530/530/530 529/529/529
f 534/534/534 533/533/533 532/532/532
f 537/537/537 536/536/536 535/535/535
f 540/540/540 539/539/539 538/538/538
f 543/543/543 542/542/542 541/541/541
f 546/546/546 545/545/545 544/544/544
f 549/549/549 548/548/548 547/547/547
f 552/552/552 551/551/551 550/550/550
f 555/555/555 554/554/554 553/553/553
f 558/558/558 557/557/557 556/556/556
f 561/561/561 560/560/560 559/559/559
f 564/564/564 563/563/563 562/562/562
f 567/567/567 566/566/566 565/565/565
f 570/570/570 569/569/569 568/568/568
f 573/573/573 572/572/572 571/571/571
f 576/576/576 575/575/575 574/574/574
f 579/579/579 578/578/578 577/577/577
f 582/582/582 581/581/581 580/580/580
f 585/585/585 584/584/584 583/583/583
f 588/588/588 587/587/587 586/586/586
f 591/591/591 590/590/590 589/589/589
f 594/594/594 593/593/593 592/592/592
f 597/597/597 596/596/596 595/595/595
f 600/600/600 599/599/599 598/598/598
f 603/603/603 602/602/602 601/601/601
f 606/606/606 605/605/605 604/604/604
f 609/609/609 608/608/608 607/607/607
f 612/612/612 611/611/611 610/610/610
f 615/615/615 614/614/614 613/613/613
f 618/618/618 617/617/617 616/616/616
f 621/621/621 620/620/620 619/619/619
f 624/624/624 623/623/623 622/622/622
f 627/627/627 626/626/626 625/625/625
f 630/630/630 629/629/629 628/628/628
f 633/633/633 632/632/632 631/631/631
f 636/636/636 635/635/635 634/634/634
f 639/639/639 638/638/638 637/637/637
f 642/642/642 641/641/641 640/640/640
f 645/645/645 644/644/644 643/643/643
f 648/648/648 647/647/647 646/646/646
f 651/651/651 650/650/650 649/649/649
f 654/654/654 653/653/653 652/652/652
f 657/657/657 656/656/656 655/655/655
f 660/660/660 659/659/659 658/658/658
f 663/663/663 662/662/662 661/661/661
f 666/666/666 665/665/665 664/664/664
f 669/669/669 668/668/668 667/667/667
f 672/672/672 671/671/671 670/670/670
f 675/675/675 674/674/674 673/673/673
f 678/678/678 677/677/677 676/676/676
f 681/681/681 680/680/680 679/679/679
f 684/684/684 683/683/683 682/682/682
f 687/687/687 686/686/686 685/685/685
f 690/690/690 689/689/689 688/688/688
f 693/693/693 692/692/692 691/691/691
f 696/696/696 695/695/695 694/694/694
f 699/699/699 698/698/698 697/697/697
f 702/702/702 701/701/701 700/700/700
f 705/705/705 704/704/704 703/703/703
f 708/708/708 707/707/707 706/706/706
f 711/711/711 710/710/710 709/709/709
f 714/714/714 713/713/713 712/712/712
f 717/717/717 716/716/716 715/715/715
f 720/720/720 719/719/719 718/718/718
f 723/723/723 722/722/722 721/721/721
f 726/726/726 725/725/725 724/724/724
f 729/729/729 728/728/728 727/727/727
f 732/732/732 731/731/731 730/730/730
f 735/735/735 734/734/734 733/733/733
f 738/738/738 737/737/737 736/736/736
f 741/741/741 740/740/740 739/739/739
f 744/744/744 743/743/743 742/742/742
f 747/747/747 746/746/746 745/745/745
f 750/750/750 749/749/749 748/748/748
f 753/753/753 752/752/752 751/751/751
f 756/756/756 755/755/755 754/754/754
f 759/759/759 758/758/758 757/757/757
f 762/762/762 761/761/761 760/760/760
f 765/765/765 764/764/764 763/763/763
f 768/768/768 767/767/767 766/766/766
f 771/771/771 770/770/770 769/769/769
f 774/774/774 773/773/773 772/772/772
f 777/777/777 776/776/776 775/775/775
f 780/780/780 779/779/779 778/778/778
f 783/783/783 782/782/782 781/781/781
f 786/786/786 785/785/785 784/784/784
f 789/789/789 788/788/788 787/787/787
f 792/792/792 791/791/791 790/790/790
f 795/795/795 794/794/794 793/793/793
f 798/798/798 797/797/797 796/796/796
f 801/801/801 800/800/800 799/799/799
f 804/804/804 803/803/803 802/802/802
f 807/807/807 806/806/806 805/805/805
f 810/810/810 809/809/809 808/808/808
f 813/813/813 812/812/812 811/811/811
f 816/816/816 815/815/815 814/814/814
f 819/819/819 818/818/818 817/817/817
f 822/822/822 821/821/821 820/820/820
f 825/825/825 824/824/824 823/823/823
f 828/828/828 827/827/827 826/826/826
f 831/831/831 830/830/830 829/829/829
f 834/834/834 833/833/833 832/832/832
f 837/837/837 836/836/836 835/835/835
f 840/840/840 839/839/839 838/838/838
f 843/843/843 842/842/842 841/841/841
f 846/846/846 845/845/845 844/844/844
f 849/849/849 848/848/848 847/847/847
f 852/852/852 851/851/851 850/850/850
f 855/855/855 854/854/854 853/853/853
f 858/858/858 857/857/857 856/856/856
f 861/861/861 860/860/860 859/859/859
f 864/864/864 863/863/863 862/862/862
f 867/867/867 866/866/866 865/865/865
f 870/870/870 869/869/869 868/868/868
f 873/873/873 872/872/872 871/871/871
f 876/876/876 875/875/875 874/874/874
f 879/879/879 878/878/878 877/877/877
f 882/882/882 881/881/881 880/880/880
f 885/885/885 884/884/884 883/883/883
f 888/888/888 887/887/887 886/886/886
f 891/891/891 890/890/890 889/889/889
f 894/894/894 893/893/893 892/892/892
f 897/897/897 896/896/896 895/895/895
f 900/900/900 899/899/899 898/898/898
f 903/903/903 902/902/902 901/901/901
f 906/906/906 905/905/905 904/904/904
f 909/909/909 908/908/908 907/907/907
f 912/912/912 911/911/911 910/910/910
f 915/915/915 914/914/914 913/913/913
f 918/918/918 917/917/917 916/916/916
f 921/921/921 920/920/920 919/919/919
f 924/924/924 923/923/923 922/922/922
f 927/927/927 926/926/926 925/925/925
f 930/930/930 929/929/929 928/928/928
f 933/933/933 932/932/932 931/931/931
f 936/936/936 935/935/935 934/934/934
f 939/939/939 938/938/938 937/937/937
f 942/942/942 941/941/941 940/940/940
f 945/945/945 944/944/944 943/943/943
f 948/948/948 947/947/947 946/946/946
f 951/951/951 950/950/950 949/949/949
f 954/954/954 953/953/953 952/952/952
f 957/957/957 956/956/956 955/955/955
f 960/960/960 959/959/959 958/958/958
f 963/963/963 962/962/962 961/961/961
f 966/966/966 965/965/965 964/964/964
f 969/969/969 968/968/968 967/967/967
f 972/972/972 971/971/971 970/970/970
f 975/975/975 974/974/974 973/973/973
f 978/978/978 977/977/977 976/976/976
f 981/981/981 980/980/980 979/979/979
f 984/984/984 983/983/983 982/982/982
f 987/987/987 986/986/986 985/985/985
f 990/990/990 989/989/989 988/988/988
f 993/993/993 992/992/992 991/991/991
f 996/996/996 995/995/995 994/994/994
f 999/999/999 998/998/998 997/997/997
f 1002/1002/1002 1001/1001/1001 1000/1000/1000
f 1005/1005/1005 1004/1004/1004 1003/1003/1003
f 1008/1008/1008 1007/1007/1007 1006/1006/1006
f 1011/1011/1011 1010/1010/1010 1009/1009/1009
f 1014/1014/1014 1013/1013/1013 1012/1012/1012
f 1017/1017/1017 1016/1016/1016 1015/1015/1015
f 1020/1020/1020 1019/1019/1019 1018/1018/1018
f 1023/1023/1023 1022/1022/1022 1021/1021/1021
f 1026/1026/1026 1025/1025/1025 1024/1024/1024
f 1029/1029/1029 1028/1028/1028 1027/1027/1027
f 1032/1032/1032 1031/1031/1031 1030/1030/1030
f 1035/1035/1035 1034/1034/1034 1033/1033/1033
f 1038/1038/1038 1037/1037/1037 1036/1036/1036
f 1041/1041/1041 1040/1040/1040 1039/1039/1039
f 1044/1044/1044 1043/1043/1043 1042/1042/1042
f 1047/1047/1047 1046/1046/1046 1045/1045/1045
f 1050/1050/1050 1049/1049/1049 1048/1048/1048
f 1053/1053/1053 1052/1052/1052 1051/1051/1051
f 1056/1056/1056 1055/1055/1055 1054/1054/1054
f 1059/1059/1059 1058/1058/1058 1057/1057/1057
f 1062/1062/1062 1061/1061/1061 1060/1060/1060
f 1065/1065/1065 1064/1064/1064 1063/1063/1063
f 1068/1068/1068 1067/1067/1067 1066/1066/1066
f 1071/1071/1071 1070/1070/1070 1069/1069/1069
f 1074/1074/1074 1073/1073/1073 1072/1072/1072
f 1077/1077/1077 1076/1076/1076 1075/1075/1075
f 1080/1080/1080 1079/1079/1079 1078/1078/1078
f 1083/1083/1083 1082/1082/1082 1081/1081/1081
f 1086/1086/1086 1085/1085/1085 1084/1084/1084
f 1089/1089/1089 1088/1088/1088 1087/1087/1087
f 1092/1092/1092 1091/1091/1091 1090/1090/1090
f 1095/1095/1095 1094/1094/1094 1093/1093/1093
f 1098/1098/1098 1097/1097/1097 1096/1096/1096
f 1101/1101/1101 1100/1100/1100 1099/1099/1099
f 1104/1104/1104 1103/1103/1103 1102/1102/1102
f 1107/1107/1107 1106/1106/1106 1105/1105/1105
f 1110/1110/1110 1109/1109/1109 1108/1108/1108
f 1113/1113/1113 1112/1112/1112 1111/1111/1111
f 1116/1116/1116 1115/1115/1115 1114/1114/1114
f 1119/1119/1119 1118/1118/1118 1117/1117/1117
f 1122/1122/1122 1121/1121/1121 1120/1120/1120
f 1125/1125/1125 1124/1124/1124 1123/1123/1123
f 1128/1128/1128 1127/1127/1127 1126/1126/1126
f 1131/1131/1131 1130/1130/1130 1129/1129/1129
f 1134/1134/1134 1133/1133/1133 1132/1132/1132
f 1137/1137/1137 1136/1136/1136 1135/1135/1135
f 1140/1140/1140 1139/1139/1139 1138/1138/1138
f 1143/1143/1143 1142/1142/1142 1141/1141/1141
f 1146/1146/1146 1145/1145/1145 1144/1144/1144
f 1149/1149/1149 1148/1148/1148 1147/1147/1147
f 1152/1152/1152 1151/1151/1151 1150/1150/1150
f 1155/1155/1155 1154/1154/1154 1153/1153/1153
f 1158/1158/1158 1157/1157/1157 1156/1156/1156
f 1161/1161/1161 1160/1160/1160 1159/1159/1159
f 1164/1164/1164 1163/1163/1163 1162/1162/1162
f 1167/1167/1167 1166/1166/1166 1165/1165/1165
f 1170/1170/1170 1169/1169/1169 1168/1168/1168
f 1173/1173/1173 1172/1172/1172 1171/1171/1171
f 1176/1176/1176 1175/1175/1175 1174/1174/1174
f 1179/1179/1179 1178/1178/1178 1177/1177/1177
f 1182/1182/1182 1181/1181/1181 1180/1180/1180
f 1185/1185/1185 1184/1184/1184 1183/1183/1183
f 1188/1188/1188 1187/1187/1187 1186/1186/1186
f 1191/1191/1191 1190/1190/1190 1189/1189/1189
f 1194/1194/1194 1193/1193/1193 1192/1192/1192
f 1197/1197/1197 1196/1196/1196 1195/1195/1195
f 1200/1200/1200 1199/1199/1199 1198/1198/1198
f 1203/1203/1203 1202/1202/1202 1201/1201/1201
f 1206/1206/1206 1205/1205/1205 1204/1204/1204
f 1209/1209/1209 1208/1208/1208 1207/1207/1207
f 1212/1212/1212 1211/1211/1211 1210/1210/1210
f 1215/1215/1215 1214/1214/1214 1213/1213/1213
f 1218/1218/1218 1217/1217/1217 1216/1216/1216
f 1221/1221/1221 1220/1220/1220 1219/1219/1219
f 1224/1224/1224 1223/1223/1223 1222/1222/1222
f 1227/1227/1227 1226/1226/1226 1225/1225/1225
f 1230/1230/1230 1229/1229/1229 1228/1228/1228
f 1233/1233/1233 1232/1232/1232 1231/1231/1231
f 1232/1232/1232 1233/1233/1233 1234/1234/1234
f 1237/1237/1237 1236/1236/1236 1235/1235/1235
f 1236/1236/1236 1237/1237/1237 1238/1238/1238
f 1241/1241/1241 1240/1240/1240 1239/1239/1239
f 1240/1240/1240 1241/1241/1241 1242/1242/1242
f 1245/1245/1245 1244/1244/1244 1243/1243/1243
f 1244/1244/1244 1245/1245/1245 1246/1246/1246
f 1249/1249/1249 1248/1248/1248 1247/1247/1247
f 1248/1248/1248 1249/1249/1249 1250/1250/1250
f 1253/1253/1253 1252/1252/1252 1251/1251/1251
f 1252/1252/1252 1253/1253/1253 1254/1254/1254
f 1257/1257/1257 1256/1256/1256 1255/1255/1255
f 1256/1256/1256 1257/1257/1257 1258/1258/1258
f 1261/1261/1261 1260/1260/1260 1259/1259/1259
f 1260/1260/1260 1261/1261/1261 1262/1262/1262
f 1265/1265/1265 1264/1264/1264 1263/1263/1263
f 1264/1264/1264 1265/1265/1265 1266/1266/1266
f 1269/1269/1269 1268/1268/1268 1267/1267/1267
f 1268/1268/1268 1269/1269/1269 1270/1270/1270
f 1273/1273/1273 1272/1272/1272 1271/1271/1271
f 1272/1272/1272 1273/1273/1273 1274/1274/1274
f 1277/1277/1277 1276/1276/1276 1275/1275/1275
f 1276/1276/1276 1277/1277/1277 1278/1278/1278
f 1281/1281/1281 1280/1280/1280 1279/1279/1279
f 1280/1280/1280 1281/1281/1281 1282/1282/1282
f 1285/1285/1285 1284/1284/1284 1283/1283/1283
f 1284/1284/1284 1285/1285/1285 1286/1286/1286
f 1289/1289/1289 1288/1288/1288 1287/1287/1287
f 1288/1288/1288 1289/1289/1289 1290/1290/1290
f 1293/1293/1293 1292/1292/1292 1291/1291/1291
f 1292/1292/1292 1293/1293/1293 1294/1294/1294
f 1297/1297/1297 1296/1296/1296 1295/1295/1295
f 1296/1296/1296 1297/1297/1297 1298/1298/1298
f 1301/1301/1301 1300/1300/1300 1299/1299/1299
f 1300/1300/1300 1301/1301/1301 1302/1302/1302
f 1305/1305/1305 1304/1304/1304 1303/1303/1303
f 1304/1304/1304 1305/1305/1305 1306/1306/1306
f 1309/1309/1309 1308/1308/1308 1307/1307/1307
f 1308/1308/1308 1309/1309/1309 1310/1310/1310
f 1313/1313/1313 1312/1312/1312 1311/1311/1311
f 1312/1312/1312 1313/1313/1313 1314/1314/1314
f 1317/1317/1317 1316/1316/1316 1315/1315/1315
f 1316/1316/1316 1317/1317/1317 1318/1318/1318
f 1321/1321/1321 1320/1320/1320 1319/1319/1319
f 1320/1320/1320 1321/1321/1321 1322/1322/1322
f 1325/1325/1325 1324/1324/1324 1323/1323/1323
f 1324/1324/1324 1325/1325/1325 1326/1326/1326
f 1329/1329/1329 1328/1328/1328 1327/1327/1327
f 1328/1328/1328 1329/1329/1329 1330/1330/1330
f 1333/1333/1333 1332/1332/1332 1331/1331/1331
f 1332/1332/1332 1333/1333/1333 1334/1334/1334
f 1337/1337/1337 1336/1336/1336 1335/1335/1335
f 1336/1336/1336 1337/1337/1337 1338/1338/1338
f 1341/1341/1341 1340/1340/1340 1339/1339/1339
f 1340/1340/1340 1341/1341/1341 1342/1342/1342
f 1345/1345/1345 1344/1344/1344 1343/1343/1343
f 1344/1344/1344 1345/1345/1345 1346/1346/1346
f 1349/1349/1349 1348/1348/1348 1347/1347/1347
f 1348/1348/1348 1349/1349/1349 1350/1350/1350
f 1353/1353/1353 1352/1352/1352 1351/1351/1351
f 1352/1352/1352 1353/1353/1353 1354/1354/1354
f 1357/1357/1357 1356/1356/1356 1355/1355/1355
f 1356/1356/1356 1357/1357/1357 1358/1358/1358
f 1361/1361/1361 1360/1360/1360 1359/1359/1359
f 1360/1360/1360 1361/1361/1361 1362/1362/1362
f 1365/1365/1365 1364/1364/1364 1363/1363/1363
f 1364/1364/1364 1365/1365/1365 1366/1366/1366
f 1369/1369/1369 1368/1368/1368 1367/1367/1367
f 1368/1368/1368 1369/1369/1369 1370/1370/1370
f 1373/1373/1373 1372/1372/1372 1371/1371/1371
f 1372/1372/1372 1373/1373/1373 1374/1374/1374
f 1377/1377/1377 1376/1376/1376 1375/1375/1375
f 1376/1376/1376 1377/1377/1377 1378/1378/1378
f 1381/1381/1381 1380/1380/1380 1379/1379/1379
f 1380/1380/1380 1381/1381/1381 1382/1382/1382
f 1385/1385/1385 1384/1384/1384 1383/1383/1383
f 1384/1384/1384 1385/1385/1385 1386/1386/1386
f 1389/1389/1389 1388/1388/1388 1387/1387/1387
f 1388/1388/1388 1389/1389/1389 1390/1390/1390
f 1393/1393/1393 1392/1392/1392 1391/1391/1391
f 1392/1392/1392 1393/1393/1393 1394/1394/1394
f 1397/1397/1397 1396/1396/1396 1395/1395/1395
f 1396/1396/1396 1397/1397/1397 1398/1398/1398
f 1401/1401/1401 1400/1400/1400 1399/1399/1399
f 1400/1400/1400 1401/1401/1401 1402/1402/1402
f 1405/1405/1405 1404/1404/1404 1403/1403/1403
f 1404/1404/1404 1405/1405/1405 1406/1406/1406
f 1409/1409/1409 1408/1408/1408 1407/1407/1407
f 1408/1408/1408 1409/1409/1409 1410/1410/1410
f 1413/1413/1413 1412/1412/1412 1411/1411/1411
f 1412/1412/1412 1413/1413/1413 1414/1414/1414
f 1417/1417/1417 1416/1416/1416 1415/1415/1415
f 1416/1416/1416 1417/1417/1417 1418/1418/1418
f 1421/1421/1421 1420/1420/1420 1419/1419/1419
f 1420/1420/1420 1421/1421/1421 1422/1422/1422
f 1425/1425/1425 1424/1424/1424 1423/1423/1423
f 1424/1424/1424 1425/1425/1425 1426/1426/1426
f 1429/1429/1429 1428/1428/1428 1427/1427/1427
f 1428/1428/1428 1429/1429/1429 1430/1430/1430
f 1433/1433/1433 1432/1432/1432 1431/1431/1431
f 1432/1432/1432 1433/1433/1433 1434/1434/1434
f 1437/1437/1437 1436/1436/1436 1435/1435/1435
f 1436/1436/1436 1437/1437/1437 1438/1438/1438
f 1441/1441/1441 1440/1440/1440 1439/1439/1439
f 1440/1440/1440 1441/1441/1441 1442/1442/1442
f 1445/1445/1445 1444/1444/1444 1443/1443/1443
f 1444/1444/1444 1445/1445/1445 1446/1446/1446
f 1449/1449/1449 1448/1448/1448 1447/1447/1447
f 1448/1448/1448 1449/1449/1449 1450/1450/1450
f 1453/1453/1453 1452/1452/1452 1451/1451/1451
f 1452/1452/1452 1453/1453/1453 1454/1454/1454
f 1457/1457/1457 1456/1456/1456 1455/1455/1455
f 1456/1456/1456 1457/1457/1457 1458/1458/1458
f 1461/1461/1461 1460/1460/1460 1459/1459/1459
f 1460/1460/1460 1461/1461/1461 1462/1462/1462
f 1465/1465/1465 1464/1464/1464 1463/1463/1463
f 1464/1464/1464 1465/1465/1465 1466/1466/1466
f 1469/1469/1469 1468/1468/1468 1467/1467/1467
f 1468/1468/1468 1469/1469/1469 1470/1470/1470
f 1473/1473/1473 1472/1472/1472 1471/1471/1471
f 1472/1472/1472 1473/1473/1473 1474/1474/1474
f 1477/1477/1477 1476/1476/1476 1475/1475/1475
f 1476/1476/1476 1477/1477/1477 1478/1478/1478
f 1481/1481/1481 1480/1480/1480 1479/1479/1479
f 1480/1480/1480 1481/1481/1481 1482/1482/1482
f 1485/1485/1485 1484/1484/1484 1483/1483/1483
f 1484/1484/1484 1485/1485/1485 1486/1486/1486
f 1489/1489/1489 1488/1488/1488 1487/1487/1487
f 1488/1488/1488 1489/1489/1489 1490/1490/1490
f 1493/1493/1493 1492/1492/1492 1491/1491/1491
f 1492/1492/1492 1493/1493/1493 1494/1494/1494
f 1497/1497/1497 1496/1496/1496 1495/1495/1495
f 1496/1496/1496 1497/1497/1497 1498/1498/1498
f 1501/1501/1501 1500/1500/1500 1499/1499/1499
f 1500/1500/1500 1501/1501/1501 1502/1502/1502
f 1505/1505/1505 1504/1504/1504 1503/1503/1503
f 1504/1504/1504 1505/1505/1505 1506/1506/1506
f 1509/1509/1509 1508/1508/1508 1507/1507/1507
f 1508/1508/1508 1509/1509/1509 1510/1510/1510
f 1513/1513/1513 1512/1512/1512 1511/1511/1511
f 1512/1512/1512 1513/1513/1513 1514/1514/1514
f 1517/1517/1517 1516/1516/1516 1515/1515/1515
f 1516/1516/1516 1517/1517/1517 1518/1518/1518
f 1521/1521/1521 1520/1520/1520 1519/1519/1519
f 1520/1520/1520 1521/1521/1521 1522/1522/1522
f 1525/1525/1525 1524/1524/1524 1523/1523/1523
f 1524/1524/1524 1525/1525/1525 1526/1526/1526
f 1529/1529/1529 1528/1528/1528 1527/1527/1527
f 1528/1528/1528 1529/1529/1529 1530/1530/1530
f 1533/1533/1533 1532/1532/1532 1531/1531/1531
f 1532/1532/1532 1533/1533/1533 1534/1534/1534
f 1537/1537/1537 1536/1536/1536 1535/1535/1535
f 1538/1538/1538 1536/1536/1536 1537/1537/1537
f 1541/1541/1541 1540/1540/1540 1539/1539/1539
f 1540/1540/1540 1541/1541/1541 1542/1542/1542
f 1545/1545/1545 1544/1544/1544 1543/1543/1543
f 1544/1544/1544 1545/1545/1545 1546/1546/1546
f 1549/1549/1549 1548/1548/1548 1547/1547/1547
f 1548/1548/1548 1549/1549/1549 1550/1550/1550
f 1553/1553/1553 1552/1552/1552 1551/1551/1551
f 1552/1552/1552 1553/1553/1553 1554/1554/1554
f 1557/1557/1557 1556/1556/1556 1555/1555/1555
f 1556/1556/1556 1557/1557/1557 1558/1558/1558
f 1561/1561/1561 1560/1560/1560 1559/1559/1559
f 1560/1560/1560 1561/1561/1561 1562/1562/1562
f 1565/1565/1565 1564/1564/1564 1563/1563/1563
f 1564/1564/1564 1565/1565/1565 1566/1566/1566
f 1569/1569/1569 1568/1568/1568 1567/1567/1567
f 1568/1568/1568 1569/1569/1569 1570/1570/1570
f 1573/1573/1573 1572/1572/1572 1571/1571/1571
f 1572/1572/1572 1573/1573/1573 1574/1574/1574
f 1577/1577/1577 1576/1576/1576 1575/1575/1575
f 1576/1576/1576 1577/1577/1577 1578/1578/1578
f 1581/1581/1581 1580/1580/1580 1579/1579/1579
f 1580/1580/1580 1581/1581/1581 1582/1582/1582
f 1585/1585/1585 1584/1584/1584 1583/1583/1583
f 1584/1584/1584 1585/1585/1585 1586/1586/1586
f 1589/1589/1589 1588/1588/1588 1587/1587/1587
f 1588/1588/1588 1589/1589/1589 1590/1590/1590
f 1593/1593/1593 1592/1592/1592 1591/1591/1591
f 1592/1592/1592 1593/1593/1593 1594/1594/1594
f 1597/1597/1597 1596/1596/1596 1595/1595/1595
f 1596/1596/1596 1597/1597/1597 1598/1598/1598
f 1601/1601/1601 1600/1600/1600 1599/1599/1599
f 1600/1600/1600 1601/1601/1601 1602/1602/1602
f 1605/1605/1605 1604/1604/1604 1603/1603/1603
f 1604/1604/1604 1605/1605/1605 1606/1606/1606
f 1609/1609/1609 1608/1608/1608 1607/1607/1607
f 1608/1608/1608 1609/1609/1609 1610/1610/1610
f 1613/1613/1613 1612/1612/1612 1611/1611/1611
f 1612/1612/1612 1613/1613/1613 1614/1614/1614
f 1617/1617/1617 1616/1616/1616 1615/1615/1615
f 1616/1616/1616 1617/1617/1617 1618/1618/1618
f 1621/1621/1621 1620/1620/1620 1619/1619/1619
f 1620/1620/1620 1621/1621/1621 1622/1622/1622
f 1625/1625/1625 1624/1624/1624 1623/1623/1623
f 1626/1626/1626 1624/1624/1624 1625/1625/1625
f 1629/1629/1629 1628/1628/1628 1627/1627/1627
f 1628/1628/1628 1629/1629/1629 1630/1630/1630
f 1633/1633/1633 1632/1632/1632 1631/1631/1631
f 1632/1632/1632 1633/1633/1633 1634/1634/1634
f 1637/1637/1637 1636/1636/1636 1635/1635/1635
f 1636/1636/1636 1637/1637/1637 1638/1638/1638
f 1641/1641/1641 1640/1640/1640 1639/1639/1639
f 1640/1640/1640 1641/1641/1641 1642/1642/1642
f 1645/1645/1645 1644/1644/1644 1643/1643/1643
f 1644/1644/1644 1645/1645/1645 1646/1646/1646
f 1649/1649/1649 1648/1648/1648 1647/1647/1647
f 1648/1648/1648 1649/1649/1649 1650/1650/1650
f 1653/1653/1653 1652/1652/1652 1651/1651/1651
f 1652/1652/1652 1653/1653/1653 1654/1654/1654
f 1657/1657/1657 1656/1656/1656 1655/1655/1655
f 1656/1656/1656 1657/1657/1657 1658/1658/1658
f 1661/1661/1661 1660/1660/1660 1659/1659/1659
f 1660/1660/1660 1661/1661/1661 1662/1662/1662
f 1665/1665/1665 1664/1664/1664 1663/1663/1663
f 1664/1664/1664 1665/1665/1665 1666/1666/1666
f 1669/1669/1669 1668/1668/1668 1667/1667/1667
f 1668/1668/1668 1669/1669/1669 1670/1670/1670
f 1673/1673/1673 1672/1672/1672 1671/1671/1671
f 1672/1672/1672 1673/1673/1673 1674/1674/1674
f 1677/1677/1677 1676/1676/1676 1675/1675/1675
f 1676/1676/1676 1677/1677/1677 1678/1678/1678
f 1681/1681/1681 1680/1680/1680 1679/1679/1679
f 1680/1680/1680 1681/1681/1681 1682/1682/1682
f 1685/1685/1685 1684/1684/1684 1683/1683/1683
f 1684/1684/1684 1685/1685/1685 1686/1686/1686
f 1689/1689/1689 1688/1688/1688 1687/1687/1687
f 1688/1688/1688 1689/1689/1689 1690/1690/1690
f 1693/1693/1693 1692/1692/1692 1691/1691/1691
f 1692/1692/1692 1693/1693/1693 1694/1694/1694
f 1697/1697/1697 1696/1696/1696 1695/1695/1695
f 1696/1696/1696 1697/1697/1697 1698/1698/1698
f 1701/1701/1701 1700/1700/1700 1699/1699/1699
f 1700/1700/1700 1701/1701/1701 1702/1702/1702
f 1705/1705/1705 1704/1704/1704 1703/1703/1703
f 1706/1706/1706 1704/1704/1704 1705/1705/1705
f 1709/1709/1709 1708/1708/1708 1707/1707/1707
f 1708/1708/1708 1709/1709/1709 1710/1710/1710
f 1713/1713/1713 1712/1712/1712 1711/1711/1711
f 1712/1712/1712 1713/1713/1713 1714/1714/1714
f 1717/1717/1717 1716/1716/1716 1715/1715/1715
f 1716/1716/1716 1717/1717/1717 1718/1718/1718
f 1721/1721/1721 1720/1720/1720 1719/1719/1719
f 1720/1720/1720 1721/1721/1721 1722/1722/1722
f 1725/1725/1725 1724/1724/1724 1723/1723/1723
f 1724/1724/1724 1725/1725/1725 1726/1726/1726
f 1729/1729/1729 1728/1728/1728 1727/1727/1727
f 1728/1728/1728 1729/1729/1729 1730/1730/1730
f 1733/1733/1733 1732/1732/1732 1731/1731/1731
f 1732/1732/1732 1733/1733/1733 1734/1734/1734
f 1737/1737/1737 1736/1736/1736 1735/1735/1735
f 1736/1736/1736 1737/1737/1737 1738/1738/1738
f 1741/1741/1741 1740/1740/1740 1739/1739/1739
f 1740/1740/1740 1741/1741/1741 1742/1742/1742
f 1745/1745/1745 1744/1744/1744 1743/1743/1743
f 1744/1744/1744 1745/1745/1745 1746/1746/1746
f 1749/1749/1749 1748/1748/1748 1747/1747/1747
f 1748/1748/1748 1749/1749/1749 1750/1750/1750
f 1753/1753/1753 1752/1752/1752 1751/1751/1751
f 1754/1754/1754 1752/1752/1752 1753/1753/1753
f 1757/1757/1757 1756/1756/1756 1755/1755/1755
f 1756/1756/1756 1757/1757/1757 1758/1758/1758
f 1761/1761/1761 1760/1760/1760 1759/1759/1759
f 1760/1760/1760 1761/1761/1761 1762/1762/1762
f 1765/1765/1765 1764/1764/1764 1763/1763/1763
f 1764/1764/1764 1765/1765/1765 1766/1766/1766
f 1769/1769/1769 1768/1768/1768 1767/1767/1767
f 1768/1768/1768 1769/1769/1769 1770/1770/1770
f 1773/1773/1773 1772/1772/1772 1771/1771/1771
f 1772/1772/1772 1773/1773/1773 1774/1774/1774
f 1777/1777/1777 1776/1776/1776 1775/1775/1775
f 1776/1776/1776 1777/1777/1777 1778/1778/1778
f 1781/1781/1781 1780/1780/1780 1779/1779/1779
f 1780/1780/1780 1781/1781/1781 1782/1782/1782
f 1785/1785/1785 1784/1784/1784 1783/1783/1783
f 1784/1784/1784 1785/1785/1785 1786/1786/1786
f 1789/1789/1789 1788/1788/1788 1787/1787/1787
f 1788/1788/1788 1789/1789/1789 1790/1790/1790
f 1793/1793/1793 1792/1792/1792 1791/1791/1791
f 1792/1792/1792 1793/1793/1793 1794/1794/1794
f 1797/1797/1797 1796/1796/1796 1795/1795/1795
f 1796/1796/1796 1797/1797/1797 1798/1798/1798
f 1801/1801/1801 1800/1800/1800 1799/1799/1799
f 1800/1800/1800 1801/1801/1801 1802/1802/1802
f 1805/1805/1805 1804/1804/1804 1803/1803/1803
f 1804/1804/1804 1805/1805/1805 1806/1806/1806
f 1809/1809/1809 1808/1808/1808 1807/1807/1807
f 1808/1808/1808 1809/1809/1809 1810/1810/1810
f 1813/1813/1813 1812/1812/1812 1811/1811/1811
f 1812/1812/1812 1813/1813/1813 1814/1814/1814
f 1817/1817/1817 1816/1816/1816 1815/1815/1815
f 1816/1816/1816 1817/1817/1817 1818/1818/1818
f 1821/1821/1821 1820/1820/1820 1819/1819/1819
f 1820/1820/1820 1821/1821/1821 1822/1822/1822
f 1825/1825/1825 1824/1824/1824 1823/1823/1823
f 1824/1824/1824 1825/1825/1825 1826/1826/1826
f 1829/1829/1829 1828/1828/1828 1827/1827/1827
f 1830/1830/1830 1828/1828/1828 1829/1829/1829
f 1833/1833/1833 1832/1832/1832 1831/1831/1831
f 1832/1832/1832 1833/1833/1833 1834/1834/1834
f 1837/1837/1837 1836/1836/1836 1835/1835/1835
f 1836/1836/1836 1837/1837/1837 1838/1838/1838
f 1841/1841/1841 1840/1840/1840 1839/1839/1839
f 1840/1840/1840 1841/1841/1841 1842/1842/1842
f 1845/1845/1845 1844/1844/1844 1843/1843/1843
f 1844/1844/1844 1845/1845/1845 1846/1846/1846
f 1849/1849/1849 1848/1848/1848 1847/1847/1847
f 1848/1848/1848 1849/1849/1849 1850/1850/1850
f 1853/1853/1853 1852/1852/1852 1851/1851/1851
f 1852/1852/1852 1853/1853/1853 1854/1854/1854
f 1857/1857/1857 1856/1856/1856 1855/1855/1855
f 1856/1856/1856 1857/1857/1857 1858/1858/1858
f 1861/1861/1861 1860/1860/1860 1859/1859/1859
f 1860/1860/1860 1861/1861/1861 1862/1862/1862
f 1865/1865/1865 1864/1864/1864 1863/1863/1863
f 1864/1864/1864 1865/1865/1865 1866/1866/1866
f 1869/1869/1869 1868/1868/1868 1867/1867/1867
f 1868/1868/1868 1869/1869/1869 1870/1870/1870
f 1873/1873/1873 1872/1872/1872 1871/1871/1871
f 1872/1872/1872 1873/1873/1873 1874/1874/1874
f 1877/1877/1877 1876/1876/1876 1875/1875/1875
f 1876/1876/1876 1877/1877/1877 1878/1878/1878
f 1881/1881/1881 1880/1880/1880 1879/1879/1879
f 1880/1880/1880 1881/1881/1881 1882/1882/1882
f 1885/1885/1885 1884/1884/1884 1883/1883/1883
f 1884/1884/1884 1885/1885/1885 1886/1886/1886
f 1889/1889/1889 1888/1888/1888 1887/1887/1887
f 1888/1888/1888 1889/1889/1889 1890/1890/1890
f 1893/1893/1893 1892/1892/1892 1891/1891/1891
f 1892/1892/1892 1893/1893/1893 1894/1894/1894
f 1897/1897/1897 1896/1896/1896 1895/1895/1895
f 1896/1896/1896 1897/1897/1897 1898/1898/1898
f 1901/1901/1901 1900/1900/1900 1899/1899/1899
f 1900/1900/1900 1901/1901/1901 1902/1902/1902
f 1905/1905/1905 1904/1904/1904 1903/1903/1903
f 1904/1904/1904 1905/1905/1905 1906/1906/1906
f 1909/1909/1909 1908/1908/1908 1907/1907/1907
f 1908/1908/1908 1909/1909/1909 1910/1910/1910
f 1913/1913/1913 1912/1912/1912 1911/1911/1911
f 1912/1912/1912 1913/1913/1913 1914/1914/1914
f 1917/1917/1917 1916/1916/1916 1915/1915/1915
f 1916/1916/1916 1917/1917/1917 1918/1918/1918
f 1921/1921/1921 1920/1920/1920 1919/1919/1919
f 1920/1920/1920 1921/1921/1921 1922/1922/1922
f 1925/1925/1925 1924/1924/1924 1923/1923/1923
f 1924/1924/1924 1925/1925/1925 1926/1926/1926
f 1929/1929/1929 1928/1928/1928 1927/1927/1927
f 1928/1928/1928 1929/1929/1929 1930/1930/1930
f 1933/1933/1933 1932/1932/1932 1931/1931/1931
f 1932/1932/1932 1933/1933/1933 1934/1934/1934
f 1937/1937/1937 1936/1936/1936 1935/1935/1935
f 1936/1936/1936 1937/1937/1937 1938/1938/1938
f 1941/1941/1941 1940/1940/1940 1939/1939/1939
f 1940/1940/1940 1941/1941/1941 1942/1942/1942
f 1945/1945/1945 1944/1944/1944 1943/1943/1943
f 1944/1944/1944 1945/1945/1945 1946/1946/1946
f 1949/1949/1949 1948/1948/1948 1947/1947/1947
f 1948/1948/1948 1949/1949/1949 1950/1950/1950
f 1953/1953/1953 1952/1952/1952 1951/1951/1951
f 1952/1952/1952 1953/1953/1953 1954/1954/1954
f 1957/1957/1957 1956/1956/1956 1955/1955/1955
f 1956/1956/1956 1957/1957/1957 1958/1958/1958
f 1961/1961/1961 1960/1960/1960 1959/1959/1959
f 1960/1960/1960 1961/1961/1961 1962/1962/1962
f 1965/1965/1965 1964/1964/1964 1963/1963/1963
f 1964/1964/1964 1965/1965/1965 1966/1966/1966
f 1969/1969/1969 1968/1968/1968 1967/1967/1967
f 1968/1968/1968 1969/1969/1969 1970/1970/1970
f 1973/1973/1973 1972/1972/1972 1971/1971/1971
f 1972/1972/1972 1973/1973/1973 1974/1974/1974
f 1977/1977/1977 1976/1976/1976 1975/1975/1975
f 1976/1976/1976 1977/1977/1977 1978/1978/1978
f 1981/1981/1981 1980/1980/1980 1979/1979/1979
f 1980/1980/1980 1981/1981/1981 1982/1982/1982
f 1985/1985/1985 1984/1984/1984 1983/1983/1983
f 1984/1984/1984 1985/1985/1985 1986/1986/1986
f 1989/1989/1989 1988/1988/1988 1987/1987/1987
f 1988/1988/1988 1989/1989/1989 1990/1990/1990
f 1993/1993/1993 1992/1992/1992 1991/1991/1991
f 1992/1992/1992 1993/1993/1993 1994/1994/1994
f 1997/1997/1997 1996/1996/1996 1995/1995/1995
f 1996/1996/1996 1997/1997/1997 1998/1998/1998
f 2001/2001/2001 2000/2000/2000 1999/1999/1999
f 2000/2000/2000 2001/2001/2001 2002/2002/2002
f 2005/2005/2005 2004/2004/2004 2003/2003/2003
f 2004/2004/2004 2005/2005/2005 2006/2006/2006
f 2009/2009/2009 2008/2008/2008 2007/2007/2007
f 2008/2008/2008 2009/2009/2009 2010/2010/2010
f 2013/2013/2013 2012/2012/2012 2011/2011/2011
f 2012/2012/2012 2013/2013/2013 2014/2014/2014
f 2017/2017/2017 2016/2016/2016 2015/2015/2015
f 2016/2016/2016 2017/2017/2017 2018/2018/2018
f 2021/2021/2021 2020/2020/2020 2019/2019/2019
f 2020/2020/2020 2021/2021/2021 2022/2022/2022
f 2025/2025/2025 2024/2024/2024 2023/2023/2023
f 2024/2024/2024 2025/2025/2025 2026/2026/2026
f 2029/2029/2029 2028/2028/2028 2027/2027/2027
f 2028/2028/2028 2029/2029/2029 2030/2030/2030
f 2033/2033/2033 2032/2032/2032 2031/2031/2031
f 2032/2032/2032 2033/2033/2033 2034/2034/2034
f 2037/2037/2037 2036/2036/2036 2035/2035/2035
f 2036/2036/2036 2037/2037/2037 2038/2038/2038
f 2041/2041/2041 2040/2040/2040 2039/2039/2039
f 2040/2040/2040 2041/2041/2041 2042/2042/2042
f 2045/2045/2045 2044/2044/2044 2043/2043/2043
f 2044/2044/2044 2045/2045/2045 2046/2046/2046
f 2049/2049/2049 2048/2048/2048 2047/2047/2047
f 2048/2048/2048 2049/2049/2049 2050/2050/2050
f 2053/2053/2053 2052/2052/2052 2051/2051/2051
f 2052/2052/2052 2053/2053/2053 2054/2054/2054
f 2057/2057/2057 2056/2056/2056 2055/2055/2055
f 2056/2056/2056 2057/2057/2057 2058/2058/2058
f 2061/2061/2061 2060/2060/2060 2059/2059/2059
f 2060/2060/2060 2061/2061/2061 2062/2062/2062
f 2065/2065/2065 2064/2064/2064 2063/2063/2063
f 2064/2064/2064 2065/2065/2065 2066/2066/2066
f 2069/2069/2069 2068/2068/2068 2067/2067/2067
f 2068/2068/2068 2069/2069/2069 2070/2070/2070
f 2073/2073/2073 2072/2072/2072 2071/2071/2071
f 2072/2072/2072 2073/2073/2073 2074/2074/2074
f 2077/2077/2077 2076/2076/2076 2075/2075/2075
f 2076/2076/2076 2077/2077/2077 2078/2078/2078
f 2081/2081/2081 2080/2080/2080 2079/2079/2079
f 2080/2080/2080 2081/2081/2081 2082/2082/2082
f 2085/2085/2085 2084/2084/2084 2083/2083/2083
f 2084/2084/2084 2085/2085/2085 2086/2086/2086
f 2089/2089/2089 2088/2088/2088 2087/2087/2087
f 2088/2088/2088 2089/2089/2089 2090/2090/2090
f 2093/2093/2093 2092/2092/2092 2091/2091/2091
f 2092/2092/2092 2093/2093/2093 2094/2094/2094
f 2097/2097/2097 2096/2096/2096 2095/2095/2095
f 2096/2096/2096 2097/2097/2097 2098/2098/2098
f 2101/2101/2101 2100/2100/2100 2099/2099/2099
f 2100/2100/2100 2101/2101/2101 2102/2102/2102
f 2105/2105/2105 2104/2104/2104 2103/2103/2103
f 2104/2104/2104 2105/2105/2105 2106/2106/2106
f 2109/2109/2109 2108/2108/2108 2107/2107/2107
f 2108/2108/2108 2109/2109/2109 2110/2110/2110
f 2113/2113/2113 2112/2112/2112 2111/2111/2111
f 2112/2112/2112 2113/2113/2113 2114/2114/2114
f 2117/2117/2117 2116/2116/2116 2115/2115/2115
f 2116/2116/2116 2117/2117/2117 2118/2118/2118
f 2121/2121/2121 2120/2120/2120 2119/2119/2119
f 2120/2120/2120 2121/2121/2121 2122/2122/2122
f 2125/2125/2125 2124/2124/2124 2123/2123/2123
f 2124/2124/2124 2125/2125/2125 2126/2126/2126
f 2129/2129/2129 2128/2128/2128 2127/2127/2127
f 2128/2128/2128 2129/2129/2129 2130/2130/2130
f 2133/2133/2133 2132/2132/2132 2131/2131/2131
f 2132/2132/2132 2133/2133/2133 2134/2134/2134
f 2137/2137/2137 2136/2136/2136 2135/2135/2135
f 2136/2136/2136 2137/2137/2137 2138/2138/2138
f 2141/2141/2141 2140/2140/2140 2139/2139/2139
f 2140/2140/2140 2141/2141/2141 2142/2142/2142
f 2145/2145/2145 2144/2144/2144 2143/2143/2143
f 2144/2144/2144 2145/2145/2145 2146/2146/2146
f 2149/2149/2149 2148/2148/2148 2147/2147/2147
f 2148/2148/2148 2149/2149/2149 2150/2150/2150
f 2153/2153/2153 2152/2152/2152 2151/2151/2151
f 2152/2152/2152 2153/2153/2153 2154/2154/2154
f 2157/2157/2157 2156/2156/2156 2155/2155/2155
f 2156/2156/2156 2157/2157/2157 2158/2158/2158
f 2161/2161/2161 2160/2160/2160 2159/2159/2159
f 2160/2160/2160 2161/2161/2161 2162/2162/2162
f 2165/2165/2165 2164/2164/2164 2163/2163/2163
f 2164/2164/2164 2165/2165/2165 2166/2166/2166
f 2169/2169/2169 2168/2168/2168 2167/2167/2167
f 2168/2168/2168 2169/2169/2169 2170/2170/2170
f 2173/2173/2173 2172/2172/2172 2171/2171/2171
f 2172/2172/2172 2173/2173/2173 2174/2174/2174
f 2177/2177/2177 2176/2176/2176 2175/2175/2175
f 2176/2176/2176 2177/2177/2177 2178/2178/2178
f 2181/2181/2181 2180/2180/2180 2179/2179/2179
f 2180/2180/2180 2181/2181/2181 2182/2182/2182
f 2185/2185/2185 2184/2184/2184 2183/2183/2183
f 2184/2184/2184 2185/2185/2185 2186/2186/2186
f 2189/2189/2189 2188/2188/2188 2187/2187/2187
f 2188/2188/2188 2189/2189/2189 2190/2190/2190
f 2193/2193/2193 2192/2192/2192 2191/2191/2191
f 2192/2192/2192 2193/2193/2193 2194/2194/2194
f 2197/2197/2197 2196/2196/2196 2195/2195/2195
f 2196/2196/2196 2197/2197/2197 2198/2198/2198
f 2201/2201/2201 2200/2200/2200 2199/2199/2199
f 2200/2200/2200 2201/2201/2201 2202/2202/2202
f 2205/2205/2205 2204/2204/2204 2203/2203/2203
f 2204/2204/2204 2205/2205/2205 2206/2206/2206
f 2209/2209/2209 2208/2208/2208 2207/2207/2207
f 2208/2208/2208 2209/2209/2209 2210/2210/2210
f 2213/2213/2213 2212/2212/2212 2211/2211/2211
f 2212/2212/2212 2213/2213/2213 2214/2214/2214
f 2217/2217/2217 2216/2216/2216 2215/2215/2215
f 2216/2216/2216 2217/2217/2217 2218/2218/2218
f 2221/2221/2221 2220/2220/2220 2219/2219/2219
f 2220/2220/2220 2221/2221/2221 2222/2222/2222
f 2225/2225/2225 2224/2224/2224 2223/2223/2223
f 2224/2224/2224 2225/2225/2225 2226/2226/2226
f 2229/2229/2229 2228/2228/2228 2227/2227/2227
f 2228/2228/2228 2229/2229/2229 2230/2230/2230
f 2233/2233/2233 2232/2232/2232 2231/2231/2231
f 2232/2232/2232 2233/2233/2233 2234/2234/2234
f 2237/2237/2237 2236/2236/2236 2235/2235/2235
f 2236/2236/2236 2237/2237/2237 2238/2238/2238
f 2241/2241/2241 2240/2240/2240 2239/2239/2239
f 2240/2240/2240 2241/2241/2241 2242/2242/2242
f 2245/2245/2245 2244/2244/2244 2243/2243/2243
f 2244/2244/2244 2245/2245/2245 2246/2246/2246
f 2249/2249/2249 2248/2248/2248 2247/2247/2247
f 2248/2248/2248 2249/2249/2249 2250/2250/2250
f 2253/2253/2253 2252/2252/2252 2251/2251/2251
f 2252/2252/2252 2253/2253/2253 2254/2254/2254
f 2257/2257/2257 2256/2256/2256 2255/2255/2255
f 2256/2256/2256 2257/2257/2257 2258/2258/2258
f 2261/2261/2261 2260/2260/2260 2259/2259/2259
f 2260/2260/2260 2261/2261/2261 2262/2262/2262
f 2265/2265/2265 2264/2264/2264 2263/2263/2263
f 2264/2264/2264 2265/2265/2265 2266/2266/2266
f 2269/2269/2269 2268/2268/2268 2267/2267/2267
f 2268/2268/2268 2269/2269/2269 2270/2270/2270
f 2273/2273/2273 2272/2272/2272 2271/2271/2271
f 2272/2272/2272 2273/2273/2273 2274/2274/2274
f 2277/2277/2277 2276/2276/2276 2275/2275/2275
f 2276/2276/2276 2277/2277/2277 2278/2278/2278
f 2281/2281/2281 2280/2280/2280 2279/2279/2279
f 2280/2280/2280 2281/2281/2281 2282/2282/2282
f 2285/2285/2285 2284/2284/2284 2283/2283/2283
f 2284/2284/2284 2285/2285/2285 2286/2286/2286
f 2289/2289/2289 2288/2288/2288 2287/2287/2287
f 2288/2288/2288 2289/2289/2289 2290/2290/2290
f 2293/2293/2293 2292/2292/2292 2291/2291/2291
f 2292/2292/2292 2293/2293/2293 2294/2294/2294
f 2297/2297/2297 2296/2296/2296 2295/2295/2295
f 2296/2296/2296 2297/2297/2297 2298/2298/2298
f 2301/2301/2301 2300/2300/2300 2299/2299/2299
f 2300/2300/2300 2301/2301/2301 2302/2302/2302
f 2305/2305/2305 2304/2304/2304 2303/2303/2303
f 2304/2304/2304 2305/2305/2305 2306/2306/2306
f 2309/2309/2309 2308/2308/2308 2307/2307/2307
f 2308/2308/2308 2309/2309/2309 2310/2310/2310
f 2313/2313/2313 2312/2312/2312 2311/2311/2311
f 2312/2312/2312 2313/2313/2313 2314/2314/2314
f 2317/2317/2317 2316/2316/2316 2315/2315/2315
f 2316/2316/2316 2317/2317/2317 2318/2318/2318
f 2321/2321/2321 2320/2320/2320 2319/2319/2319
f 2320/2320/2320 2321/2321/2321 2322/2322/2322
f 2325/2325/2325 2324/2324/2324 2323/2323/2323
f 2324/2324/2324 2325/2325/2325 2326/2326/2326
f 2329/2329/2329 2328/2328/2328 2327/2327/2327
f 2328/2328/2328 2329/2329/2329 2330/2330/2330
f 2333/2333/2333 2332/2332/2332 2331/2331/2331
f 2332/2332/2332 2333/2333/2333 2334/2334/2334
f 2337/2337/2337 2336/2336/2336 2335/2335/2335
f 2336/2336/2336 2337/2337/2337 2338/2338/2338
f 2341/2341/2341 2340/2340/2340 2339/2339/2339
f 2340/2340/2340 2341/2341/2341 2342/2342/2342
f 2345/2345/2345 2344/2344/2344 2343/2343/2343
f 2344/2344/2344 2345/2345/2345 2346/2346/2346
f 2349/2349/2349 2348/2348/2348 2347/2347/2347
f 2348/2348/2348 2349/2349/2349 2350/2350/2350
f 2353/2353/2353 2352/2352/2352 2351/2351/2351
f 2352/2352/2352 2353/2353/2353 2354/2354/2354
f 2357/2357/2357 2356/2356/2356 2355/2355/2355
f 2356/2356/2356 2357/2357/2357 2358/2358/2358
f 2361/2361/2361 2360/2360/2360 2359/2359/2359
f 2360/2360/2360 2361/2361/2361 2362/2362/2362
f 2365/2365/2365 2364/2364/2364 2363/2363/2363
f 2364/2364/2364 2365/2365/2365 2366/2366/2366
f 2369/2369/2369 2368/2368/2368 2367/2367/2367
f 2368/2368/2368 2369/2369/2369 2370/2370/2370
f 2373/2373/2373 2372/2372/2372 2371/2371/2371
f 2372/2372/2372 2373/2373/2373 2374/2374/2374
f 2377/2377/2377 2376/2376/2376 2375/2375/2375
f 2376/2376/2376 2377/2377/2377 2378/2378/2378
f 2381/2381/2381 2380/2380/2380 2379/2379/2379
f 2380/2380/2380 2381/2381/2381 2382/2382/2382
f 2385/2385/2385 2384/2384/2384 2383/2383/2383
f 2384/2384/2384 2385/2385/2385 2386/2386/2386
f 2389/2389/2389 2388/2388/2388 2387/2387/2387
f 2388/2388/2388 2389/2389/2389 2390/2390/2390
f 2393/2393/2393 2392/2392/2392 2391/2391/2391
f 2392/2392/2392 2393/2393/2393 2394/2394/2394
f 2397/2397/2397 2396/2396/2396 2395/2395/2395
f 2396/2396/2396 2397/2397/2397 2398/2398/2398
f 2401/2401/2401 2400/2400/2400 2399/2399/2399
f 2400/2400/2400 2401/2401/2401 2402/2402/2402
f 2405/2405/2405 2404/2404/2404 2403/2403/2403
f 2404/2404/2404 2405/2405/2405 2406/2406/2406
f 2409/2409/2409 2408/2408/2408 2407/2407/2407
f 2410/2410/2410 2408/2408/2408 2409/2409/2409
f 2413/2413/2413 2412/2412/2412 2411/2411/2411
f 2412/2412/2412 2413/2413/2413 2414/2414/2414
f 2417/2417/2417 2416/2416/2416 2415/2415/2415
f 2416/2416/2416 2417/2417/2417 2418/2418/2418
f 2421/2421/2421 2420/2420/2420 2419/2419/2419
f 2420/2420/2420 2421/2421/2421 2422/2422/2422
f 2425/2425/2425 2424/2424/2424 2423/2423/2423
f 2424/2424/2424 2425/2425/2425 2426/2426/2426
f 2429/2429/2429 2428/2428/2428 2427/2427/2427
f 2428/2428/2428 2429/2429/2429 2430/2430/2430
f 2433/2433/2433 2432/2432/2432 2431/2431/2431
f 2432/2432/2432 2433/2433/2433 2434/2434/2434
f 2437/2437/2437 2436/2436/2436 2435/2435/2435
f 2436/2436/2436 2437/2437/2437 2438/2438/2438
f 2441/2441/2441 2440/2440/2440 2439/2439/2439
f 2440/2440/2440 2441/2441/2441 2442/2442/2442
f 2445/2445/2445 2444/2444/2444 2443/2443/2443
f 2444/2444/2444 2445/2445/2445 2446/2446/2446
f 2449/2449/2449 2448/2448/2448 2447/2447/2447
f 2448/2448/2448 2449/2449/2449 2450/2450/2450
f 2453/2453/2453 2452/2452/2452 2451/2451/2451
f 2452/2452/2452 2453/2453/2453 2454/2454/2454
f 2457/2457/2457 2456/2456/2456 2455/2455/2455
f 2456/2456/2456 2457/2457/2457 2458/2458/2458
f 2461/2461/2461 2460/2460/2460 2459/2459/2459
f 2460/2460/2460 2461/2461/2461 2462/2462/2462
f 2465/2465/2465 2464/2464/2464 2463/2463/2463
f 2464/2464/2464 2465/2465/2465 2466/2466/2466
f 2469/2469/2469 2468/2468/2468 2467/2467/2467
f 2468/2468/2468 2469/2469/2469 2470/2470/2470
f 2473/2473/2473 2472/2472/2472 2471/2471/2471
f 2472/2472/2472 2473/2473/2473 2474/2474/2474
f 2477/2477/2477 2476/2476/2476 2475/2475/2475
f 2476/2476/2476 2477/2477/2477 2478/2478/2478
f 2481/2481/2481 2480/2480/2480 2479/2479/2479
f 2480/2480/2480 2481/2481/2481 2482/2482/2482
f 2485/2485/2485 2484/2484/2484 2483/2483/2483
f 2484/2484/2484 2485/2485/2485 2486/2486/2486
f 2489/2489/2489 2488/2488/2488 2487/2487/2487
f 2488/2488/2488 2489/2489/2489 2490/2490/2490
f 2493/2493/2493 2492/2492/2492 2491/2491/2491
f 2492/2492/2492 2493/2493/2493 2494/2494/2494
f 2497/2497/2497 2496/2496/2496 2495/2495/2495
f 2498/2498/2498 2496/2496/2496 2497/2497/2497
f 2501/2501/2501 2500/2500/2500 2499/2499/2499
f 2500/2500/2500 2501/2501/2501 2502/2502/2502
f 2505/2505/2505 2504/2504/2504 2503/2503/2503
f 2504/2504/2504 2505/2505/2505 2506/2506/2506
f 2509/2509/2509 2508/2508/2508 2507/2507/2507
f 2508/2508/2508 2509/2509/2509 2510/2510/2510
f 2513/2513/2513 2512/2512/2512 2511/2511/2511
f 2512/2512/2512 2513/2513/2513 2514/2514/2514
f 2517/2517/2517 2516/2516/2516 2515/2515/2515
f 2516/2516/2516 2517/2517/2517 2518/2518/2518
f 2521/2521/2521 2520/2520/2520 2519/2519/2519
f 2520/2520/2520 2521/2521/2521 2522/2522/2522
f 2525/2525/2525 2524/2524/2524 2523/2523/2523
f 2524/2524/2524 2525/2525/2525 2526/2526/2526
f 2529/2529/2529 2528/2528/2528 2527/2527/2527
f 2528/2528/2528 2529/2529/2529 2530/2530/2530
f 2533/2533/2533 2532/2532/2532 2531/2531/2531
f 2532/2532/2532 2533/2533/2533 2534/2534/2534
f 2537/2537/2537 2536/2536/2536 2535/2535/2535
f 2536/2536/2536 2537/2537/2537 2538/2538/2538
f 2541/2541/2541 2540/2540/2540 2539/2539/2539
f 2540/2540/2540 2541/2541/2541 2542/2542/2542
f 2545/2545/2545 2544/2544/2544 2543/2543/2543
f 2546/2546/2546 2544/2544/2544 2545/2545/2545
f 2549/2549/2549 2548/2548/2548 2547/2547/2547
f 2548/2548/2548 2549/2549/2549 2550/2550/2550
f 2553/2553/2553 2552/2552/2552 2551/2551/2551
f 2552/2552/2552 2553/2553/2553 2554/2554/2554
f 2557/2557/2557 2556/2556/2556 2555/2555/2555
f 2556/2556/2556 2557/2557/2557 2558/2558/2558
f 2561/2561/2561 2560/2560/2560 2559/2559/2559
f 2560/2560/2560 2561/2561/2561 2562/2562/2562
f 2565/2565/2565 2564/2564/2564 2563/2563/2563
f 2564/2564/2564 2565/2565/2565 2566/2566/2566
f 2569/2569/2569 2568/2568/2568 2567/2567/2567
f 2568/2568/2568 2569/2569/2569 2570/2570/2570
f 2573/2573/2573 2572/2572/2572 2571/2571/2571
f 2572/2572/2572 2573/2573/2573 2574/2574/2574
f 2577/2577/2577 2576/2576/2576 2575/2575/2575
f 2576/2576/2576 2577/2577/2577 2578/2578/2578
f 2581/2581/2581 2580/2580/2580 2579/2579/2579
f 2580/2580/2580 2581/2581/2581 2582/2582/2582
f 2585/2585/2585 2584/2584/2584 2583/2583/2583
f 2584/2584/2584 2585/2585/2585 2586/2586/2586
f 2589/2589/2589 2588/2588/2588 2587/2587/2587
f 2588/2588/2588 2589/2589/2589 2590/2590/2590
f 2593/2593/2593 2592/2592/2592 2591/2591/2591
f 2592/2592/2592 2593/2593/2593 2594/2594/2594
f 2597/2597/2597 2596/2596/2596 2595/2595/2595
f 2596/2596/2596 2597/2597/2597 2598/2598/2598
f 2601/2601/2601 2600/2600/2600 2599/2599/2599
f 2600/2600/2600 2601/2601/2601 2602/2602/2602
f 2605/2605/2605 2604/2604/2604 2603/2603/2603
f 2604/2604/2604 2605/2605/2605 2606/2606/2606
f 2609/2609/2609 2608/2608/2608 2607/2607/2607
f 2608/2608/2608 2609/2609/2609 2610/2610/2610
f 2613/2613/2613 2612/2612/2612 2611/2611/2611
f 2612/2612/2612 2613/2613/2613 2614/2614/2614
f 2617/2617/2617 2616/2616/2616 2615/2615/2615
f 2616/2616/2616 2617/2617/2617 2618/2618/2618
f 2621/2621/2621 2620/2620/2620 2619/2619/2619
f 2620/2620/2620 2621/2621/2621 2622/2622/2622
f 2625/2625/2625 2624/2624/2624 2623/2623/2623
f 2624/2624/2624 2625/2625/2625 2626/2626/2626
f 2629/2629/2629 2628/2628/2628 2627/2627/2627
f 2628/2628/2628 2629/2629/2629 2630/2630/2630
f 2633/2633/2633 2632/2632/2632 2631/2631/2631
f 2632/2632/2632 2633/2633/2633 2634/2634/2634
f 2637/2637/2637 2636/2636/2636 2635/2635/2635
f 2636/2636/2636 2637/2637/2637 2638/2638/2638
f 2641/2641/2641 2640/2640/2640 2639/2639/2639
f 2640/2640/2640 2641/2641/2641 2642/2642/2642
f 2645/2645/2645 2644/2644/2644 2643/2643/2643
f 2644/2644/2644 2645/2645/2645 2646/2646/2646
f 2649/2649/2649 2648/2648/2648 2647/2647/2647
f 2648/2648/2648 2649/2649/2649 2650/2650/2650
f 2653/2653/2653 2652/2652/2652 2651/2651/2651
f 2652/2652/2652 2653/2653/2653 2654/2654/2654
f 2657/2657/2657 2656/2656/2656 2655/2655/2655
f 2656/2656/2656 2657/2657/2657 2658/2658/2658
f 2661/2661/2661 2660/2660/2660 2659/2659/2659
f 2660/2660/2660 2661/2661/2661 2662/2662/2662
f 2665/2665/2665 2664/2664/2664 2663/2663/2663
f 2664/2664/2664 2665/2665/2665 2666/2666/2666
f 2669/2669/2669 2668/2668/2668 2667/2667/2667
f 2668/2668/2668 2669/2669/2669 2670/2670/2670
f 2673/2673/2673 2672/2672/2672 2671/2671/2671
f 2672/2672/2672 2673/2673/2673 2674/2674/2674
f 2677/2677/2677 2676/2676/2676 2675/2675/2675
f 2676/2676/2676 2677/2677/2677 2678/2678/2678
f 2681/2681/2681 2680/2680/2680 2679/2679/2679
f 2680/2680/2680 2681/2681/2681 2682/2682/2682
f 2685/2685/2685 2684/2684/2684 2683/2683/2683
f 2684/2684/2684 2685/2685/2685 2686/2686/2686
f 2689/2689/2689 2688/2688/2688 2687/2687/2687
f 2688/2688/2688 2689/2689/2689 2690/2690/2690
f 2693/2693/2693 2692/2692/2692 2691/2691/2691
f 2692/2692/2692 2693/2693/2693 2694/2694/2694
f 2697/2697/2697 2696/2696/2696 2695/2695/2695
f 2696/2696/2696 2697/2697/2697 2698/2698/2698
f 2701/2701/2701 2700/2700/2700 2699/2699/2699
f 2700/2700/2700 2701/2701/2701 2702/2702/2702
f 2705/2705/2705 2704/2704/2704 2703/2703/2703
f 2704/2704/2704 2705/2705/2705 2706/2706/2706
f 2709/2709/2709 2708/2708/2708 2707/2707/2707
f 2708/2708/2708 2709/2709/2709 2710/2710/2710
f 2713/2713/2713 2712/2712/2712 2711/2711/2711
f 2712/2712/2712 2713/2713/2713 2714/2714/2714
f 2717/2717/2717 2716/2716/2716 2715/2715/2715
f 2716/2716/2716 2717/2717/2717 2718/2718/2718
f 2721/2721/2721 2720/2720/2720 2719/2719/2719
f 2720/2720/2720 2721/2721/2721 2722/2722/2722
f 2725/2725/2725 2724/2724/2724 2723/2723/2723
f 2724/2724/2724 2725/2725/2725 2726/2726/2726
f 2729/2729/2729 2728/2728/2728 2727/2727/2727
f 2728/2728/2728 2729/2729/2729 2730/2730/2730
f 2733/2733/2733 2732/2732/2732 2731/2731/2731
f 2732/2732/2732 2733/2733/2733 2734/2734/2734
f 2737/2737/2737 2736/2736/2736 2735/2735/2735
f 2736/2736/2736 2737/2737/2737 2738/2738/2738
f 2741/2741/2741 2740/2740/2740 2739/2739/2739
f 2740/2740/2740 2741/2741/2741 2742/2742/2742
f 2745/2745/2745 2744/2744/2744 2743/2743/2743
f 2744/2744/2744 2745/2745/2745 2746/2746/2746
f 2749/2749/2749 2748/2748/2748 2747/2747/2747
f 2748/2748/2748 2749/2749/2749 2750/2750/2750
f 2753/2753/2753 2752/2752/2752 2751/2751/2751
f 2752/2752/2752 2753/2753/2753 2754/2754/2754
f 2757/2757/2757 2756/2756/2756 2755/2755/2755
f 2756/2756/2756 2757/2757/2757 2758/2758/2758
f 2761/2761/2761 2760/2760/2760 2759/2759/2759
f 2760/2760/2760 2761/2761/2761 2762/2762/2762
f 2765/2765/2765 2764/2764/2764 2763/2763/2763
f 2764/2764/2764 2765/2765/2765 2766/2766/2766
f 2769/2769/2769 2768/2768/2768 2767/2767/2767
f 2768/2768/2768 2769/2769/2769 2770/2770/2770
f 2773/2773/2773 2772/2772/2772 2771/2771/2771
f 2772/2772/2772 2773/2773/2773 2774/2774/2774
f 2777/2777/2777 2776/2776/2776 2775/2775/2775
f 2776/2776/2776 2777/2777/2777 2778/2778/2778
f 2781/2781/2781 2780/2780/2780 2779/2779/2779
f 2780/2780/2780 2781/2781/2781 2782/2782/2782
f 2785/2785/2785 2784/2784/2784 2783/2783/2783
f 2784/2784/2784 2785/2785/2785 2786/2786/2786
f 2789/2789/2789 2788/2788/2788 2787/2787/2787
f 2788/2788/2788 2789/2789/2789 2790/2790/2790
f 2793/2793/2793 2792/2792/2792 2791/2791/2791
f 2794/2794/2794 2792/2792/2792 2793/2793/2793
f 2797/2797/2797 2796/2796/2796 2795/2795/2795
f 2796/2796/2796 2797/2797/2797 2798/2798/2798
f 2801/2801/2801 2800/2800/2800 2799/2799/2799
f 2800/2800/2800 2801/2801/2801 2802/2802/2802
f 2805/2805/2805 2804/2804/2804 2803/2803/2803
f 2804/2804/2804 2805/2805/2805 2806/2806/2806
f 2809/2809/2809 2808/2808/2808 2807/2807/2807
f 2808/2808/2808 2809/2809/2809 2810/2810/2810
f 2813/2813/2813 2812/2812/2812 2811/2811/2811
f 2812/2812/2812 2813/2813/2813 2814/2814/2814
f 2817/2817/2817 2816/2816/2816 2815/2815/2815
f 2816/2816/2816 2817/2817/2817 2818/2818/2818
f 2821/2821/2821 2820/2820/2820 2819/2819/2819
f 2820/2820/2820 2821/2821/2821 2822/2822/2822
f 2825/2825/2825 2824/2824/2824 2823/2823/2823
f 2824/2824/2824 2825/2825/2825 2826/2826/2826
f 2829/2829/2829 2828/2828/2828 2827/2827/2827
f 2828/2828/2828 2829/2829/2829 2830/2830/2830
f 2833/2833/2833 2832/2832/2832 2831/2831/2831
f 2832/2832/2832 2833/2833/2833 2834/2834/2834
f 2837/2837/2837 2836/2836/2836 2835/2835/2835
f 2836/2836/2836 2837/2837/2837 2838/2838/2838
f 2841/2841/2841 2840/2840/2840 2839/2839/2839
f 2840/2840/2840 2841/2841/2841 2842/2842/2842
f 2845/2845/2845 2844/2844/2844 2843/2843/2843
f 2844/2844/2844 2845/2845/2845 2846/2846/2846
f 2849/2849/2849 2848/2848/2848 2847/2847/2847
f 2848/2848/2848 2849/2849/2849 2850/2850/2850
f 2853/2853/2853 2852/2852/2852 2851/2851/2851
f 2852/2852/2852 2853/2853/2853 2854/2854/2854
f 2857/2857/2857 2856/2856/2856 2855/2855/2855
f 2856/2856/2856 2857/2857/2857 2858/2858/2858
f 2861/2861/2861 2860/2860/2860 2859/2859/2859
f 2860/2860/2860 2861/2861/2861 2862/2862/2862
f 2865/2865/2865 2864/2864/2864 2863/2863/2863
f 2864/2864/2864 2865/2865/2865 2866/2866/2866
f 2869/2869/2869 2868/2868/2868 2867/2867/2867
f 2868/2868/2868 2869/2869/2869 2870/2870/2870
f 2873/2873/2873 2872/2872/2872 2871/2871/2871
f 2872/2872/2872 2873/2873/2873 2874/2874/2874
f 2877/2877/2877 2876/2876/2876 2875/2875/2875
f 2876/2876/2876 2877/2877/2877 2878/2878/2878
f 2881/2881/2881 2880/2880/2880 2879/2879/2879
f 2880/2880/2880 2881/2881/2881 2882/2882/2882
f 2885/2885/2885 2884/2884/2884 2883/2883/2883
f 2884/2884/2884 2885/2885/2885 2886/2886/2886
f 2889/2889/2889 2888/2888/2888 2887/2887/2887
f 2888/2888/2888 2889/2889/2889 2890/2890/2890
f 2893/2893/2893 2892/2892/2892 2891/2891/2891
f 2892/2892/2892 2893/2893/2893 2894/2894/2894
f 2897/2897/2897 2896/2896/2896 2895/2895/2895
f 2896/2896/2896 2897/2897/2897 2898/2898/2898
f 2901/2901/2901 2900/2900/2900 2899/2899/2899
f 2900/2900/2900 2901/2901/2901 2902/2902/2902
f 2905/2905/2905 2904/2904/2904 2903/2903/2903
f 2904/2904/2904 2905/2905/2905 2906/2906/2906
f 2909/2909/2909 2908/2908/2908 2907/2907/2907
f 2908/2908/2908 2909/2909/2909 2910/2910/2910
f 2913/2913/2913 2912/2912/2912 2911/2911/2911
f 2912/2912/2912 2913/2913/2913 2914/2914/2914
f 2917/2917/2917 2916/2916/2916 2915/2915/2915
f 2916/2916/2916 2917/2917/2917 2918/2918/2918
f 2921/2921/2921 2920/2920/2920 2919/2919/2919
f 2920/2920/2920 2921/2921/2921 2922/2922/2922
f 2925/2925/2925 2924/2924/2924 2923/2923/2923
f 2924/2924/2924 2925/2925/2925 2926/2926/2926
f 2929/2929/2929 2928/2928/2928 2927/2927/2927
f 2928/2928/2928 2929/2929/2929 2930/2930/2930
f 2933/2933/2933 2932/2932/2932 2931/2931/2931
f 2932/2932/2932 2933/2933/2933 2934/2934/2934
f 2937/2937/2937 2936/2936/2936 2935/2935/2935
f 2936/2936/2936 2937/2937/2937 2938/2938/2938
f 2941/2941/2941 2940/2940/2940 2939/2939/2939
f 2940/2940/2940 2941/2941/2941 2942/2942/2942
f 2945/2945/2945 2944/2944/2944 2943/2943/2943
f 2944/2944/2944 2945/2945/2945 2946/2946/2946
f 2949/2949/2949 2948/2948/2948 2947/2947/2947
f 2948/2948/2948 2949/2949/2949 2950/2950/2950
f 2953/2953/2953 2952/2952/2952 2951/2951/2951
f 2952/2952/2952 2953/2953/2953 2954/2954/2954
f 2957/2957/2957 2956/2956/2956 2955/2955/2955
f 2956/2956/2956 2957/2957/2957 2958/2958/2958
f 2961/2961/2961 2960/2960/2960 2959/2959/2959
f 2960/2960/2960 2961/2961/2961 2962/2962/2962
f 2965/2965/2965 2964/2964/2964 2963/2963/2963
f 2964/2964/2964 2965/2965/2965 2966/2966/2966
f 2969/2969/2969 2968/2968/2968 2967/2967/2967
f 2968/2968/2968 2969/2969/2969 2970/2970/2970
f 2973/2973/2973 2972/2972/2972 2971/2971/2971
f 2972/2972/2972 2973/2973/2973 2974/2974/2974
f 2977/2977/2977 2976/2976/2976 2975/2975/2975
f 2976/2976/2976 2977/2977/2977 2978/2978/2978
f 2981/2981/2981 2980/2980/2980 2979/2979/2979
f 2980/2980/2980 2981/2981/2981 2982/2982/2982
f 2985/2985/2985 2984/2984/2984 2983/2983/2983
f 2984/2984/2984 2985/2985/2985 2986/2986/2986
f 2989/2989/2989 2988/2988/2988 2987/2987/2987
f 2988/2988/2988 2989/2989/2989 2990/2990/2990
f 2993/2993/2993 2992/2992/2992 2991/2991/2991
f 2992/2992/2992 2993/2993/2993 2994/2994/2994
f 2997/2997/2997 2996/2996/2996 2995/2995/2995
f 2996/2996/2996 2997/2997/2997 2998/2998/2998
f 3001/3001/3001 3000/3000/3000 2999/2999/2999
f 3000/3000/3000 3001/3001/3001 3002/3002/3002
f 3005/3005/3005 3004/3004/3004 3003/3003/3003
f 3004/3004/3004 3005/3005/3005 3006/3006/3006
f 3009/3009/3009 3008/3008/3008 3007/3007/3007
f 3008/3008/3008 3009/3009/3009 3010/3010/3010
f 3013/3013/3013 3012/3012/3012 3011/3011/3011
f 3012/3012/3012 3013/3013/3013 3014/3014/3014
f 3017/3017/3017 3016/3016/3016 3015/3015/3015
f 3016/3016/3016 3017/3017/3017 3018/3018/3018
f 3021/3021/3021 3020/3020/3020 3019/3019/3019
f 3020/3020/3020 3021/3021/3021 3022/3022/3022
f 3025/3025/3025 3024/3024/3024 3023/3023/3023
f 3024/3024/3024 3025/3025/3025 3026/3026/3026
f 3029/3029/3029 3028/3028/3028 3027/3027/3027
f 3028/3028/3028 3029/3029/3029 3030/3030/3030
f 3033/3033/3033 3032/3032/3032 3031/3031/3031
f 3032/3032/3032 3033/3033/3033 3034/3034/3034
f 3037/3037/3037 3036/3036/3036 3035/3035/3035
f 3036/3036/3036 3037/3037/3037 3038/3038/3038
f 3041/3041/3041 3040/3040/3040 3039/3039/3039
f 3040/3040/3040 3041/3041/3041 3042/3042/3042
f 3045/3045/3045 3044/3044/3044 3043/3043/3043
f 3044/3044/3044 3045/3045/3045 3046/3046/3046
f 3049/3049/3049 3048/3048/3048 3047/3047/3047
f 3048/3048/3048 3049/3049/3049 3050/3050/3050
f 3053/3053/3053 3052/3052/3052 3051/3051/3051
f 3052/3052/3052 3053/3053/3053 3054/3054/3054
f 3057/3057/3057 3056/3056/3056 3055/3055/3055
f 3056/3056/3056 3057/3057/3057 3058/3058/3058
f 3061/3061/3061 3060/3060/3060 3059/3059/3059
f 3060/3060/3060 3061/3061/3061 3062/3062/3062
f 3065/3065/3065 3064/3064/3064 3063/3063/3063
f 3064/3064/3064 3065/3065/3065 3066/3066/3066
f 3069/3069/3069 3068/3068/3068 3067/3067/3067
f 3068/3068/3068 3069/3069/3069 3070/3070/3070
f 3073/3073/3073 3072/3072/3072 3071/3071/3071
f 3072/3072/3072 3073/3073/3073 3074/3074/3074
f 3077/3077/3077 3076/3076/3076 3075/3075/3075
f 3076/3076/3076 3077/3077/3077 3078/3078/3078
f 3081/3081/3081 3080/3080/3080 3079/3079/3079
f 3080/3080/3080 3081/3081/3081 3082/3082/3082
f 3085/3085/3085 3084/3084/3084 3083/3083/3083
f 3084/3084/3084 3085/3085/3085 3086/3086/3086
f 3089/3089/3089 3088/3088/3088 3087/3087/3087
f 3088/3088/3088 3089/3089/3089 3090/3090/3090
f 3093/3093/3093 3092/3092/3092 3091/3091/3091
f 3092/3092/3092 3093/3093/3093 3094/3094/3094
f 3097/3097/3097 3096/3096/3096 3095/3095/3095
f 3096/3096/3096 3097/3097/3097 3098/3098/3098
f 3101/3101/3101 3100/3100/3100 3099/3099/3099
f 3100/3100/3100 3101/3101/3101 3102/3102/3102
f 3105/3105/3105 3104/3104/3104 3103/3103/3103
f 3104/3104/3104 3105/3105/3105 3106/3106/3106
f 3109/3109/3109 3108/3108/3108 3107/3107/3107
f 3108/3108/3108 3109/3109/3109 3110/3110/3110
f 3113/3113/3113 3112/3112/3112 3111/3111/3111
f 3112/3112/3112 3113/3113/3113 3114/3114/3114
f 3117/3117/3117 3116/3116/3116 3115/3115/3115
f 3116/3116/3116 3117/3117/3117 3118/3118/3118
f 3121/3121/3121 3120/3120/3120 3119/3119/3119
f 3120/3120/3120 3121/3121/3121 3122/3122/3122
f 3125/3125/3125 3124/3124/3124 3123/3123/3123
f 3124/3124/3124 3125/3125/3125 3126/3126/3126
f 3129/3129/3129 3128/3128/3128 3127/3127/3127
f 3128/3128/3128 3129/3129/3129 3130/3130/3130
f 3133/3133/3133 3132/3132/3132 3131/3131/3131
f 3132/3132/3132 3133/3133/3133 3134/3134/3134
f 3137/3137/3137 3136/3136/3136 3135/3135/3135
f 3136/3136/3136 3137/3137/3137 3138/3138/3138
f 3141/3141/3141 3140/3140/3140 3139/3139/3139
f 3140/3140/3140 3141/3141/3141 3142/3142/3142
f 3145/3145/3145 3144/3144/3144 3143/3143/3143
f 3144/3144/3144 3145/3145/3145 3146/3146/3146
f 3149/3149/3149 3148/3148/3148 3147/3147/3147
f 3148/3148/3148 3149/3149/3149 3150/3150/3150
f 3153/3153/3153 3152/3152/3152 3151/3151/3151
f 3152/3152/3152 3153/3153/3153 3154/3154/3154
f 3157/3157/3157 3156/3156/3156 3155/3155/3155
f 3156/3156/3156 3157/3157/3157 3158/3158/3158
f 3161/3161/3161 3160/3160/3160 3159/3159/3159
f 3160/3160/3160 3161/3161/3161 3162/3162/3162
f 3165/3165/3165 3164/3164/3164 3163/3163/3163
f 3164/3164/3164 3165/3165/3165 3166/3166/3166
f 3169/3169/3169 3168/3168/3168 3167/3167/3167
f 3168/3168/3168 3169/3169/3169 3170/3170/3170
f 3173/3173/3173 3172/3172/3172 3171/3171/3171
f 3172/3172/3172 3173/3173/3173 3174/3174/3174
f 3177/3177/3177 3176/3176/3176 3175/3175/3175
f 3176/3176/3176 3177/3177/3177 3178/3178/3178
f 3181/3181/3181 3180/3180/3180 3179/3179/3179
f 3180/3180/3180 3181/3181/3181 3182/3182/3182
f 3185/3185/3185 3184/3184/3184 3183/3183/3183
f 3184/3184/3184 3185/3185/3185 3186/3186/3186
f 3189/3189/3189 3188/3188/3188 3187/3187/3187
f 3188/3188/3188 3189/3189/3189 3190/3190/3190
f 3193/3193/3193 3192/3192/3192 3191/3191/3191
f 3192/3192/3192 3193/3193/3193 3194/3194/3194
f 3197/3197/3197 3196/3196/3196 3195/3195/3195
f 3196/3196/3196 3197/3197/3197 3198/3198/3198
f 3201/3201/3201 3200/3200/3200 3199/3199/3199
f 3200/3200/3200 3201/3201/3201 3202/3202/3202
f 3205/3205/3205 3204/3204/3204 3203/3203/3203
f 3204/3204/3204 3205/3205/3205 3206/3206/3206
f 3209/3209/3209 3208/3208/3208 3207/3207/3207
f 3208/3208/3208 3209/3209/3209 3210/3210/3210
f 3213/3213/3213 3212/3212/3212 3211/3211/3211
f 3212/3212/3212 3213/3213/3213 3214/3214/3214
f 3217/3217/3217 3216/3216/3216 3215/3215/3215
f 3216/3216/3216 3217/3217/3217 3218/3218/3218
f 3221/3221/3221 3220/3220/3220 3219/3219/3219
f 3220/3220/3220 3221/3221/3221 3222/3222/3222
f 3225/3225/3225 3224/3224/3224 3223/3223/3223
f 3224/3224/3224 3225/3225/3225 3226/3226/3226
f 3229/3229/3229 3228/3228/3228 3227/3227/3227
f 3228/3228/3228 3229/3229/3229 3230/3230/3230
f 3233/3233/3233 3232/3232/3232 3231/3231/3231
f 3232/3232/3232 3233/3233/3233 3234/3234/3234
f 3237/3237/3237 3236/3236/3236 3235/3235/3235
f 3236/3236/3236 3237/3237/3237 3238/3238/3238
f 3241/3241/3241 3240/3240/3240 3239/3239/3239
f 3240/3240/3240 3241/3241/3241 3242/3242/3242
f 3245/3245/3245 3244/3244/3244 3243/3243/3243
f 3244/3244/3244 3245/3245/3245 3246/3246/3246
f 3249/3249/3249 3248/3248/3248 3247/3247/3247
f 3248/3248/3248 3249/3249/3249 3250/3250/3250
f 3253/3253/3253 3252/3252/3252 3251/3251/3251
f 3252/3252/3252 3253/3253/3253 3254/3254/3254
f 3257/3257/3257 3256/3256/3256 3255/3255/3255
f 3256/3256/3256 3257/3257/3257 3258/3258/3258
f 3261/3261/3261 3260/3260/3260 3259/3259/3259
f 3260/3260/3260 3261/3261/3261 3262/3262/3262
f 3265/3265/3265 3264/3264/3264 3263/3263/3263
f 3264/3264/3264 3265/3265/3265 3266/3266/3266
f 3269/3269/3269 3268/3268/3268 3267/3267/3267
f 3268/3268/3268 3269/3269/3269 3270/3270/3270
f 3273/3273/3273 3272/3272/3272 3271/3271/3271
f 3272/3272/3272 3273/3273/3273 3274/3274/3274
f 3277/3277/3277 3276/3276/3276 3275/3275/3275
f 3276/3276/3276 3277/3277/3277 3278/3278/3278
f 3281/3281/3281 3280/3280/3280 3279/3279/3279
f 3280/3280/3280 3281/3281/3281 3282/3282/3282
f 3285/3285/3285 3284/3284/3284 3283/3283/3283
f 3284/3284/3284 3285/3285/3285 3286/3286/3286
f 3289/3289/3289 3288/3288/3288 3287/3287/3287
f 3288/3288/3288 3289/3289/3289 3290/3290/3290
f 3293/3293/3293 3292/3292/3292 3291/3291/3291
f 3292/3292/3292 3293/3293/3293 3294/3294/3294
f 3297/3297/3297 3296/3296/3296 3295/3295/3295
f 3296/3296/3296 3297/3297/3297 3298/3298/3298
f 3301/3301/3301 3300/3300/3300 3299/3299/3299
f 3300/3300/3300 3301/3301/3301 3302/3302/3302
f 3305/3305/3305 3304/3304/3304 3303/3303/3303
f 3304/3304/3304 3305/3305/3305 3306/3306/3306
f 3309/3309/3309 3308/3308/3308 3307/3307/3307
f 3308/3308/3308 3309/3309/3309 3310/3310/3310
f 3313/3313/3313 3312/3312/3312 3311/3311/3311
f 3312/3312/3312 3313/3313/3313 3314/3314/3314
f 3317/3317/3317 3316/3316/3316 3315/3315/3315
f 3316/3316/3316 3317/3317/3317 3318/3318/3318
f 3321/3321/3321 3320/3320/3320 3319/3319/3319
f 3320/3320/3320 3321/3321/3321 3322/3322/3322
f 3325/3325/3325 3324/3324/3324 3323/3323/3323
f 3324/3324/3324 3325/3325/3325 3326/3326/3326
f 3329/3329/3329 3328/3328/3328 3327/3327/3327
f 3328/3328/3328 3329/3329/3329 3330/3330/3330
f 3333/3333/3333 3332/3332/3332 3331/3331/3331
f 3332/3332/3332 3333/3333/3333 3334/3334/3334
f 3337/3337/3337 3336/3336/3336 3335/3335/3335
f 3336/3336/3336 3337/3337/3337 3338/3338/3338
f 3341/3341/3341 3340/3340/3340 3339/3339/3339
f 3340/3340/3340 3341/3341/3341 3342/3342/3342
f 3345/3345/3345 3344/3344/3344 3343/3343/3343
f 3344/3344/3344 3345/3345/3345 3346/3346/3346
f 3349/3349/3349 3348/3348/3348 3347/3347/3347
f 3348/3348/3348 3349/3349/3349 3350/3350/3350
f 3353/3353/3353 3352/3352/3352 3351/3351/3351
f 3352/3352/3352 3353/3353/3353 3354/3354/3354
f 3357/3357/3357 3356/3356/3356 3355/3355/3355
f 3356/3356/3356 3357/3357/3357 3358/3358/3358
f 3361/3361/3361 3360/3360/3360 3359/3359/3359
f 3360/3360/3360 3361/3361/3361 3362/3362/3362
f 3365/3365/3365 3364/3364/3364 3363/3363/3363
f 3364/3364/3364 3365/3365/3365 3366/3366/3366
f 3369/3369/3369 3368/3368/3368 3367/3367/3367
f 3368/3368/3368 3369/3369/3369 3370/3370/3370
f 3373/3373/3373 3372/3372/3372 3371/3371/3371
f 3372/3372/3372 3373/3373/3373 3374/3374/3374
f 3377/3377/3377 3376/3376/3376 3375/3375/3375
f 3376/3376/3376 3377/3377/3377 3378/3378/3378
f 3381/3381/3381 3380/3380/3380 3379/3379/3379
f 3380/3380/3380 3381/3381/3381 3382/3382/3382
f 3385/3385/3385 3384/3384/3384 3383/3383/3383
f 3384/3384/3384 3385/3385/3385 3386/3386/3386
f 3389/3389/3389 3388/3388/3388 3387/3387/3387
f 3388/3388/3388 3389/3389/3389 3390/3390/3390
f 3393/3393/3393 3392/3392/3392 3391/3391/3391
f 3392/3392/3392 3393/3393/3393 3394/3394/3394
f 3397/3397/3397 3396/3396/3396 3395/3395/3395
f 3396/3396/3396 3397/3397/3397 3398/3398/3398
f 3401/3401/3401 3400/3400/3400 3399/3399/3399
f 3400/3400/3400 3401/3401/3401 3402/3402/3402
f 3405/3405/3405 3404/3404/3404 3403/3403/3403
f 3404/3404/3404 3405/3405/3405 3406/3406/3406
f 3409/3409/3409 3408/3408/3408 3407/3407/3407
f 3408/3408/3408 3409/3409/3409 3410/3410/3410
f 3413/3413/3413 3412/3412/3412 3411/3411/3411
f 3412/3412/3412 3413/3413/3413 3414/3414/3414
f 3417/3417/3417 3416/3416/3416 3415/3415/3415
f 3416/3416/3416 3417/3417/3417 3418/3418/3418
f 3421/3421/3421 3420/3420/3420 3419/3419/3419
f 3420/3420/3420 3421/3421/3421 3422/3422/3422
f 3425/3425/3425 3424/3424/3424 3423/3423/3423
f 3424/3424/3424 3425/3425/3425 3426/3426/3426
f 3429/3429/3429 3428/3428/3428 3427/3427/3427
f 3428/3428/3428 3429/3429/3429 3430/3430/3430
f 3433/3433/3433 3432/3432/3432 3431/3431/3431
f 3432/3432/3432 3433/3433/3433 3434/3434/3434
f 3437/3437/3437 3436/3436/3436 3435/3435/3435
f 3436/3436/3436 3437/3437/3437 3438/3438/3438
f 3441/3441/3441 3440/3440/3440 3439/3439/3439
f 3440/3440/3440 3441/3441/3441 3442/3442/3442
f 3445/3445/3445 3444/3444/3444 3443/3443/3443
f 3444/3444/3444 3445/3445/3445 3446/3446/3446
f 3449/3449/3449 3448/3448/3448 3447/3447/3447
f 3448/3448/3448 3449/3449/3449 3450/3450/3450
f 3453/3453/3453 3452/3452/3452 3451/3451/3451
f 3452/3452/3452 3453/3453/3453 3454/3454/3454
f 3457/3457/3457 3456/3456/3456 3455/3455/3455
f 3456/3456/3456 3457/3457/3457 3458/3458/3458
f 3461/3461/3461 3460/3460/3460 3459/3459/3459
f 3460/3460/3460 3461/3461/3461 3462/3462/3462
f 3465/3465/3465 3464/3464/3464 3463/3463/3463
f 3464/3464/3464 3465/3465/3465 3466/3466/3466
f 3469/3469/3469 3468/3468/3468 3467/3467/3467
f 3468/3468/3468 3469/3469/3469 3470/3470/3470
f 3473/3473/3473 3472/3472/3472 3471/3471/3471
f 3472/3472/3472 3473/3473/3473 3474/3474/3474
f 3477/3477/3477 3476/3476/3476 3475/3475/3475
f 3476/3476/3476 3477/3477/3477 3478/3478/3478
f 3481/3481/3481 3480/3480/3480 3479/3479/3479
f 3480/3480/3480 3481/3481/3481 3482/3482/3482
f 3485/3485/3485 3484/3484/3484 3483/3483/3483
f 3486/3486/3486 3484/3484/3484 3485/3485/3485
f 3489/3489/3489 3488/3488/3488 3487/3487/3487
f 3488/3488/3488 3489/3489/3489 3490/3490/3490
f 3493/3493/3493 3492/3492/3492 3491/3491/3491
f 3492/3492/3492 3493/3493/3493 3494/3494/3494
f 3497/3497/3497 3496/3496/3496 3495/3495/3495
f 3496/3496/3496 3497/3497/3497 3498/3498/3498
f 3501/3501/3501 3500/3500/3500 3499/3499/3499
f 3500/3500/3500 3501/3501/3501 3502/3502/3502
f 3505/3505/3505 3504/3504/3504 3503/3503/3503
f 3504/3504/3504 3505/3505/3505 3506/3506/3506
f 3509/3509/3509 3508/3508/3508 3507/3507/3507
f 3508/3508/3508 3509/3509/3509 3510/3510/3510
f 3513/3513/3513 3512/3512/3512 3511/3511/3511
f 3512/3512/3512 3513/3513/3513 3514/3514/3514
f 3517/3517/3517 3516/3516/3516 3515/3515/3515
f 3516/3516/3516 3517/3517/3517 3518/3518/3518
f 3521/3521/3521 3520/3520/3520 3519/3519/3519
f 3520/3520/3520 3521/3521/3521 3522/3522/3522
f 3525/3525/3525 3524/3524/3524 3523/3523/3523
f 3524/3524/3524 3525/3525/3525 3526/3526/3526
f 3529/3529/3529 3528/3528/3528 3527/3527/3527
f 3528/3528/3528 3529/3529/3529 3530/3530/3530
f 3533/3533/3533 3532/3532/3532 3531/3531/3531
f 3534/3534/3534 3532/3532/3532 3533/3533/3533
g A006_F003_1
f 3537/3537/3537 3536/3536/3536 3535/3535/3535
f 3540/3540/3540 3539/3539/3539 3538/3538/3538
f 3543/3543/3543 3542/3542/3542 3541/3541/3541
f 3542/3542/3542 3543/3543/3543 3544/3544/3544
f 3547/3547/3547 3546/3546/3546 3545/3545/3545
f 3546/3546/3546 3547/3547/3547 3548/3548/3548
f 3551/3551/3551 3550/3550/3550 3549/3549/3549
f 3550/3550/3550 3551/3551/3551 3552/3552/3552
f 3555/3555/3555 3554/3554/3554 3553/3553/3553
f 3554/3554/3554 3555/3555/3555 3556/3556/3556
f 3559/3559/3559 3558/3558/3558 3557/3557/3557
f 3558/3558/3558 3559/3559/3559 3560/3560/3560
f 3563/3563/3563 3562/3562/3562 3561/3561/3561
f 3562/3562/3562 3563/3563/3563 3564/3564/3564
f 3567/3567/3567 3566/3566/3566 3565/3565/3565
f 3566/3566/3566 3567/3567/3567 3568/3568/3568
f 3571/3571/3571 3570/3570/3570 3569/3569/3569
f 3570/3570/3570 3571/3571/3571 3572/3572/3572
f 3575/3575/3575 3574/3574/3574 3573/3573/3573
f 3574/3574/3574 3575/3575/3575 3576/3576/3576
f 3579/3579/3579 3578/3578/3578 3577/3577/3577
f 3578/3578/3578 3579/3579/3579 3580/3580/3580
f 3583/3583/3583 3582/3582/3582 3581/3581/3581
f 3582/3582/3582 3583/3583/3583 3584/3584/3584
f 3587/3587/3587 3586/3586/3586 3585/3585/3585
f 3586/3586/3586 3587/3587/3587 3588/3588/3588
f 3591/3591/3591 3590/3590/3590 3589/3589/3589
f 3590/3590/3590 3591/3591/3591 3592/3592/3592
f 3595/3595/3595 3594/3594/3594 3593/3593/3593
f 3594/3594/3594 3595/3595/3595 3596/3596/3596
f 3599/3599/3599 3598/3598/3598 3597/3597/3597
f 3598/3598/3598 3599/3599/3599 3600/3600/3600
f 3603/3603/3603 3602/3602/3602 3601/3601/3601
f 3602/3602/3602 3603/3603/3603 3604/3604/3604
f 3607/3607/3607 3606/3606/3606 3605/3605/3605
f 3606/3606/3606 3607/3607/3607 3608/3608/3608
f 3611/3611/3611 3610/3610/3610 3609/3609/3609
f 3610/3610/3610 3611/3611/3611 3612/3612/3612
f 3615/3615/3615 3614/3614/3614 3613/3613/3613
f 3614/3614/3614 3615/3615/3615 3616/3616/3616
f 3619/3619/3619 3618/3618/3618 3617/3617/3617
f 3618/3618/3618 3619/3619/3619 3620/3620/3620
f 3623/3623/3623 3622/3622/3622 3621/3621/3621
f 3622/3622/3622 3623/3623/3623 3624/3624/3624
f 3627/3627/3627 3626/3626/3626 3625/3625/3625
f 3626/3626/3626 3627/3627/3627 3628/3628/3628
f 3631/3631/3631 3630/3630/3630 3629/3629/3629
f 3630/3630/3630 3631/3631/3631 3632/3632/3632
f 3635/3635/3635 3634/3634/3634 3633/3633/3633
f 3634/3634/3634 3635/3635/3635 3636/3636/3636
f 3639/3639/3639 3638/3638/3638 3637/3637/3637
f 3638/3638/3638 3639/3639/3639 3640/3640/3640
f 3643/3643/3643 3642/3642/3642 3641/3641/3641
f 3642/3642/3642 3643/3643/3643 3644/3644/3644
f 3647/3647/3647 3646/3646/3646 3645/3645/3645
f 3646/3646/3646 3647/3647/3647 3648/3648/3648
f 3651/3651/3651 3650/3650/3650 3649/3649/3649
f 3650/3650/3650 3651/3651/3651 3652/3652/3652
f 3655/3655/3655 3654/3654/3654 3653/3653/3653
f 3654/3654/3654 3655/3655/3655 3656/3656/3656
f 3659/3659/3659 3658/3658/3658 3657/3657/3657
f 3658/3658/3658 3659/3659/3659 3660/3660/3660
f 3663/3663/3663 3662/3662/3662 3661/3661/3661
f 3662/3662/3662 3663/3663/3663 3664/3664/3664
f 3667/3667/3667 3666/3666/3666 3665/3665/3665
f 3666/3666/3666 3667/3667/3667 3668/3668/3668
f 3671/3671/3671 3670/3670/3670 3669/3669/3669
f 3670/3670/3670 3671/3671/3671 3672/3672/3672
f 3675/3675/3675 3674/3674/3674 3673/3673/3673
f 3674/3674/3674 3675/3675/3675 3676/3676/3676
f 3679/3679/3679 3678/3678/3678 3677/3677/3677
f 3678/3678/3678 3679/3679/3679 3680/3680/3680
f 3683/3683/3683 3682/3682/3682 3681/3681/3681
f 3682/3682/3682 3683/3683/3683 3684/3684/3684
f 3687/3687/3687 3686/3686/3686 3685/3685/3685
f 3686/3686/3686 3687/3687/3687 3688/3688/3688
f 3691/3691/3691 3690/3690/3690 3689/3689/3689
f 3690/3690/3690 3691/3691/3691 3692/3692/3692
f 3695/3695/3695 3694/3694/3694 3693/3693/3693
f 3694/3694/3694 3695/3695/3695 3696/3696/3696
f 3699/3699/3699 3698/3698/3698 3697/3697/3697
f 3698/3698/3698 3699/3699/3699 3700/3700/3700
f 3703/3703/3703 3702/3702/3702 3701/3701/3701
f 3702/3702/3702 3703/3703/3703 3704/3704/3704
f 3707/3707/3707 3706/3706/3706 3705/3705/3705
f 3706/3706/3706 3707/3707/3707 3708/3708/3708
f 3711/3711/3711 3710/3710/3710 3709/3709/3709
f 3710/3710/3710 3711/3711/3711 3712/3712/3712
f 3715/3715/3715 3714/3714/3714 3713/3713/3713
f 3714/3714/3714 3715/3715/3715 3716/3716/3716
f 3719/3719/3719 3718/3718/3718 3717/3717/3717
f 3718/3718/3718 3719/3719/3719 3720/3720/3720
f 3723/3723/3723 3722/3722/3722 3721/3721/3721
f 3722/3722/3722 3723/3723/3723 3724/3724/3724
f 3727/3727/3727 3726/3726/3726 3725/3725/3725
f 3726/3726/3726 3727/3727/3727 3728/3728/3728
f 3731/3731/3731 3730/3730/3730 3729/3729/3729
f 3730/3730/3730 3731/3731/3731 3732/3732/3732
f 3735/3735/3735 3734/3734/3734 3733/3733/3733
f 3734/3734/3734 3735/3735/3735 3736/3736/3736
f 3739/3739/3739 3738/3738/3738 3737/3737/3737
f 3738/3738/3738 3739/3739/3739 3740/3740/3740
f 3743/3743/3743 3742/3742/3742 3741/3741/3741
f 3742/3742/3742 3743/3743/3743 3744/3744/3744
f 3747/3747/3747 3746/3746/3746 3745/3745/3745
f 3746/3746/3746 3747/3747/3747 3748/3748/3748
f 3751/3751/3751 3750/3750/3750 3749/3749/3749
f 3750/3750/3750 3751/3751/3751 3752/3752/3752
f 3755/3755/3755 3754/3754/3754 3753/3753/3753
f 3754/3754/3754 3755/3755/3755 3756/3756/3756
g A006_F003_2
f 3759/3759/3759 3758/3758/3758 3757/3757/3757
f 3758/3758/3758 3759/3759/3759 3760/3760/3760
f 3763/3763/3763 3762/3762/3762 3761/3761/3761
f 3762/3762/3762 3763/3763/3763 3764/3764/3764
f 3767/3767/3767 3766/3766/3766 3765/3765/3765
f 3766/3766/3766 3767/3767/3767 3768/3768/3768
f 3771/3771/3771 3770/3770/3770 3769/3769/3769
f 3770/3770/3770 3771/3771/3771 3772/3772/3772
f 3775/3775/3775 3774/3774/3774 3773/3773/3773
f 3774/3774/3774 3775/3775/3775 3776/3776/3776
f 3779/3779/3779 3778/3778/3778 3777/3777/3777
f 3778/3778/3778 3779/3779/3779 3780/3780/3780
f 3783/3783/3783 3782/3782/3782 3781/3781/3781
f 3782/3782/3782 3783/3783/3783 3784/3784/3784
f 3787/3787/3787 3786/3786/3786 3785/3785/3785
f 3786/3786/3786 3787/3787/3787 3788/3788/3788
f 3791/3791/3791 3790/3790/3790 3789/3789/3789
f 3790/3790/3790 3791/3791/3791 3792/3792/3792
f 3795/3795/3795 3794/3794/3794 3793/3793/3793
f 3794/3794/3794 3795/3795/3795 3796/3796/3796
f 3799/3799/3799 3798/3798/3798 3797/3797/3797
f 3798/3798/3798 3799/3799/3799 3800/3800/3800
f 3803/3803/3803 3802/3802/3802 3801/3801/3801
f 3802/3802/3802 3803/3803/3803 3804/3804/3804
f 3807/3807/3807 3806/3806/3806 3805/3805/3805
f 3806/3806/3806 3807/3807/3807 3808/3808/3808
f 3811/3811/3811 3810/3810/3810 3809/3809/3809
f 3810/3810/3810 3811/3811/3811 3812/3812/3812
f 3815/3815/3815 3814/3814/3814 3813/3813/3813
f 3814/3814/3814 3815/3815/3815 3816/3816/3816
f 3819/3819/3819 3818/3818/3818 3817/3817/3817
f 3818/3818/3818 3819/3819/3819 3820/3820/3820
f 3823/3823/3823 3822/3822/3822 3821/3821/3821
f 3822/3822/3822 3823/3823/3823 3824/3824/3824
f 3827/3827/3827 3826/3826/3826 3825/3825/3825
f 3826/3826/3826 3827/3827/3827 3828/3828/3828
f 3831/3831/3831 3830/3830/3830 3829/3829/3829
f 3830/3830/3830 3831/3831/3831 3832/3832/3832
f 3835/3835/3835 3834/3834/3834 3833/3833/3833
f 3834/3834/3834 3835/3835/3835 3836/3836/3836
f 3839/3839/3839 3838/3838/3838 3837/3837/3837
f 3838/3838/3838 3839/3839/3839 3840/3840/3840
f 3843/3843/3843 3842/3842/3842 3841/3841/3841
f 3842/3842/3842 3843/3843/3843 3844/3844/3844
f 3847/3847/3847 3846/3846/3846 3845/3845/3845
f 3846/3846/3846 3847/3847/3847 3848/3848/3848
f 3851/3851/3851 3850/3850/3850 3849/3849/3849
f 3850/3850/3850 3851/3851/3851 3852/3852/3852
f 3855/3855/3855 3854/3854/3854 3853/3853/3853
f 3854/3854/3854 3855/3855/3855 3856/3856/3856
f 3859/3859/3859 3858/3858/3858 3857/3857/3857
f 3858/3858/3858 3859/3859/3859 3860/3860/3860
f 3863/3863/3863 3862/3862/3862 3861/3861/3861
f 3862/3862/3862 3863/3863/3863 3864/3864/3864
f 3867/3867/3867 3866/3866/3866 3865/3865/3865
f 3866/3866/3866 3867/3867/3867 3868/3868/3868
f 3871/3871/3871 3870/3870/3870 3869/3869/3869
f 3870/3870/3870 3871/3871/3871 3872/3872/3872
f 3875/3875/3875 3874/3874/3874 3873/3873/3873
f 3874/3874/3874 3875/3875/3875 3876/3876/3876
f 3879/3879/3879 3878/3878/3878 3877/3877/3877
f 3878/3878/3878 3879/3879/3879 3880/3880/3880
f 3883/3883/3883 3882/3882/3882 3881/3881/3881
f 3882/3882/3882 3883/3883/3883 3884/3884/3884
f 3887/3887/3887 3886/3886/3886 3885/3885/3885
f 3886/3886/3886 3887/3887/3887 3888/3888/3888
f 3891/3891/3891 3890/3890/3890 3889/3889/3889
f 3890/3890/3890 3891/3891/3891 3892/3892/3892
f 3895/3895/3895 3894/3894/3894 3893/3893/3893
f 3894/3894/3894 3895/3895/3895 3896/3896/3896
f 3899/3899/3899 3898/3898/3898 3897/3897/3897
f 3898/3898/3898 3899/3899/3899 3900/3900/3900
f 3903/3903/3903 3902/3902/3902 3901/3901/3901
f 3902/3902/3902 3903/3903/3903 3904/3904/3904
f 3907/3907/3907 3906/3906/3906 3905/3905/3905
f 3906/3906/3906 3907/3907/3907 3908/3908/3908
f 3911/3911/3911 3910/3910/3910 3909/3909/3909
f 3910/3910/3910 3911/3911/3911 3912/3912/3912
f 3915/3915/3915 3914/3914/3914 3913/3913/3913
f 3914/3914/3914 3915/3915/3915 3916/3916/3916
f 3919/3919/3919 3918/3918/3918 3917/3917/3917
f 3918/3918/3918 3919/3919/3919 3920/3920/3920
f 3923/3923/3923 3922/3922/3922 3921/3921/3921
f 3922/3922/3922 3923/3923/3923 3924/3924/3924
f 3927/3927/3927 3926/3926/3926 3925/3925/3925
f 3926/3926/3926 3927/3927/3927 3928/3928/3928
f 3931/3931/3931 3930/3930/3930 3929/3929/3929
f 3930/3930/3930 3931/3931/3931 3932/3932/3932
f 3935/3935/3935 3934/3934/3934 3933/3933/3933
f 3934/3934/3934 3935/3935/3935 3936/3936/3936
f 3939/3939/3939 3938/3938/3938 3937/3937/3937
f 3938/3938/3938 3939/3939/3939 3940/3940/3940
f 3943/3943/3943 3942/3942/3942 3941/3941/3941
f 3942/3942/3942 3943/3943/3943 3944/3944/3944
f 3947/3947/3947 3946/3946/3946 3945/3945/3945
f 3946/3946/3946 3947/3947/3947 3948/3948/3948
f 3951/3951/3951 3950/3950/3950 3949/3949/3949
f 3950/3950/3950 3951/3951/3951 3952/3952/3952
f 3955/3955/3955 3954/3954/3954 3953/3953/3953
f 3954/3954/3954 3955/3955/3955 3956/3956/3956
f 3959/3959/3959 3958/3958/3958 3957/3957/3957
f 3958/3958/3958 3959/3959/3959 3960/3960/3960
f 3963/3963/3963 3962/3962/3962 3961/3961/3961
f 3962/3962/3962 3963/3963/3963 3964/3964/3964
f 3967/3967/3967 3966/3966/3966 3965/3965/3965
f 3966/3966/3966 3967/3967/3967 3968/3968/3968
f 3971/3971/3971 3970/3970/3970 3969/3969/3969
f 3970/3970/3970 3971/3971/3971 3972/3972/3972
f 3975/3975/3975 3974/3974/3974 3973/3973/3973
f 3974/3974/3974 3975/3975/3975 3976/3976/3976
g A006_F003_3
f 3979/3979/3979 3978/3978/3978 3977/3977/3977
f 3982/3982/3982 3981/3981/3981 3980/3980/3980
f 3985/3985/3985 3984/3984/3984 3983/3983/3983
f 3988/3988/3988 3987/3987/3987 3986/3986/3986
f 3991/3991/3991 3990/3990/3990 3989/3989/3989
f 3994/3994/3994 3993/3993/3993 3992/3992/3992
f 3997/3997/3997 3996/3996/3996 3995/3995/3995
f 4000/4000/4000 3999/3999/3999 3998/3998/3998
f 4003/4003/4003 4002/4002/4002 4001/4001/4001
f 4006/4006/4006 4005/4005/4005 4004/4004/4004
f 4009/4009/4009 4008/4008/4008 4007/4007/4007
f 4012/4012/4012 4011/4011/4011 4010/4010/4010
f 4015/4015/4015 4014/4014/4014 4013/4013/4013
f 4018/4018/4018 4017/4017/4017 4016/4016/4016
f 4021/4021/4021 4020/4020/4020 4019/4019/4019
f 4024/4024/4024 4023/4023/4023 4022/4022/4022
f 4027/4027/4027 4026/4026/4026 4025/4025/4025
f 4030/4030/4030 4029/4029/4029 4028/4028/4028
f 4033/4033/4033 4032/4032/4032 4031/4031/4031
f 4036/4036/4036 4035/4035/4035 4034/4034/4034
f 4039/4039/4039 4038/4038/4038 4037/4037/4037
f 4042/4042/4042 4041/4041/4041 4040/4040/4040
f 4045/4045/4045 4044/4044/4044 4043/4043/4043
f 4048/4048/4048 4047/4047/4047 4046/4046/4046
f 4051/4051/4051 4050/4050/4050 4049/4049/4049
f 4054/4054/4054 4053/4053/4053 4052/4052/4052
f 4057/4057/4057 4056/4056/4056 4055/4055/4055
f 4060/4060/4060 4059/4059/4059 4058/4058/4058
f 4063/4063/4063 4062/4062/4062 4061/4061/4061
f 4066/4066/4066 4065/4065/4065 4064/4064/4064
f 4069/4069/4069 4068/4068/4068 4067/4067/4067
f 4072/4072/4072 4071/4071/4071 4070/4070/4070
f 4075/4075/4075 4074/4074/4074 4073/4073/4073
f 4078/4078/4078 4077/4077/4077 4076/4076/4076
f 4081/4081/4081 4080/4080/4080 4079/4079/4079
f 4084/4084/4084 4083/4083/4083 4082/4082/4082
f 4087/4087/4087 4086/4086/4086 4085/4085/4085
f 4090/4090/4090 4089/4089/4089 4088/4088/4088
f 4093/4093/4093 4092/4092/4092 4091/4091/4091
f 4096/4096/4096 4095/4095/4095 4094/4094/4094
f 4099/4099/4099 4098/4098/4098 4097/4097/4097
f 4102/4102/4102 4101/4101/4101 4100/4100/4100
f 4105/4105/4105 4104/4104/4104 4103/4103/4103
f 4108/4108/4108 4107/4107/4107 4106/4106/4106
f 4111/4111/4111 4110/4110/4110 4109/4109/4109
f 4114/4114/4114 4113/4113/4113 4112/4112/4112
f 4117/4117/4117 4116/4116/4116 4115/4115/4115
f 4120/4120/4120 4119/4119/4119 4118/4118/4118
f 4123/4123/4123 4122/4122/4122 4121/4121/4121
f 4126/4126/4126 4125/4125/4125 4124/4124/4124
f 4129/4129/4129 4128/4128/4128 4127/4127/4127
f 4132/4132/4132 4131/4131/4131 4130/4130/4130
f 4135/4135/4135 4134/4134/4134 4133/4133/4133
f 4138/4138/4138 4137/4137/4137 4136/4136/4136
f 4141/4141/4141 4140/4140/4140 4139/4139/4139
f 4144/4144/4144 4143/4143/4143 4142/4142/4142
f 4147/4147/4147 4146/4146/4146 4145/4145/4145
f 4150/4150/4150 4149/4149/4149 4148/4148/4148
f 4153/4153/4153 4152/4152/4152 4151/4151/4151
f 4156/4156/4156 4155/4155/4155 4154/4154/4154
f 4159/4159/4159 4158/4158/4158 4157/4157/4157
f 4162/4162/4162 4161/4161/4161 4160/4160/4160
f 4165/4165/4165 4164/4164/4164 4163/4163/4163
f 4168/4168/4168 4167/4167/4167 4166/4166/4166
f 4171/4171/4171 4170/4170/4170 4169/4169/4169
f 4174/4174/4174 4173/4173/4173 4172/4172/4172
f 4177/4177/4177 4176/4176/4176 4175/4175/4175
f 4180/4180/4180 4179/4179/4179 4178/4178/4178
f 4183/4183/4183 4182/4182/4182 4181/4181/4181
f 4186/4186/4186 4185/4185/4185 4184/4184/4184
f 4189/4189/4189 4188/4188/4188 4187/4187/4187
f 4192/4192/4192 4191/4191/4191 4190/4190/4190
f 4195/4195/4195 4194/4194/4194 4193/4193/4193
f 4198/4198/4198 4197/4197/4197 4196/4196/4196
f 4201/4201/4201 4200/4200/4200 4199/4199/4199
f 4204/4204/4204 4203/4203/4203 4202/4202/4202
f 4207/4207/4207 4206/4206/4206 4205/4205/4205
f 4210/4210/4210 4209/4209/4209 4208/4208/4208
f 4213/4213/4213 4212/4212/4212 4211/4211/4211
f 4216/4216/4216 4215/4215/4215 4214/4214/4214
f 4219/4219/4219 4218/4218/4218 4217/4217/4217
f 4222/4222/4222 4221/4221/4221 4220/4220/4220
f 4225/4225/4225 4224/4224/4224 4223/4223/4223
f 4228/4228/4228 4227/4227/4227 4226/4226/4226
f 4231/4231/4231 4230/4230/4230 4229/4229/4229
f 4234/4234/4234 4233/4233/4233 4232/4232/4232
f 4237/4237/4237 4236/4236/4236 4235/4235/4235
f 4240/4240/4240 4239/4239/4239 4238/4238/4238
f 4243/4243/4243 4242/4242/4242 4241/4241/4241
f 4246/4246/4246 4245/4245/4245 4244/4244/4244
f 4249/4249/4249 4248/4248/4248 4247/4247/4247
f 4252/4252/4252 4251/4251/4251 4250/4250/4250
f 4255/4255/4255 4254/4254/4254 4253/4253/4253
f 4258/4258/4258 4257/4257/4257 4256/4256/4256
f 4261/4261/4261 4260/4260/4260 4259/4259/4259
f 4264/4264/4264 4263/4263/4263 4262/4262/4262
f 4267/4267/4267 4266/4266/4266 4265/4265/4265
f 4270/4270/4270 4269/4269/4269 4268/4268/4268
f 4273/4273/4273 4272/4272/4272 4271/4271/4271
f 4276/4276/4276 4275/4275/4275 4274/4274/4274
f 4279/4279/4279 4278/4278/4278 4277/4277/4277
f 4282/4282/4282 4281/4281/4281 4280/4280/4280
f 4285/4285/4285 4284/4284/4284 4283/4283/4283
f 4288/4288/4288 4287/4287/4287 4286/4286/4286
f 4291/4291/4291 4290/4290/4290 4289/4289/4289
f 4294/4294/4294 4293/4293/4293 4292/4292/4292
f 4297/4297/4297 4296/4296/4296 4295/4295/4295
f 4300/4300/4300 4299/4299/4299 4298/4298/4298
f 4303/4303/4303 4302/4302/4302 4301/4301/4301
f 4306/4306/4306 4305/4305/4305 4304/4304/4304
f 4309/4309/4309 4308/4308/4308 4307/4307/4307
f 4312/4312/4312 4311/4311/4311 4310/4310/4310
f 4315/4315/4315 4314/4314/4314 4313/4313/4313
f 4318/4318/4318 4317/4317/4317 4316/4316/4316
f 4321/4321/4321 4320/4320/4320 4319/4319/4319
f 4324/4324/4324 4323/4323/4323 4322/4322/4322
f 4327/4327/4327 4326/4326/4326 4325/4325/4325
f 4330/4330/4330 4329/4329/4329 4328/4328/4328
f 4333/4333/4333 4332/4332/4332 4331/4331/4331
f 4336/4336/4336 4335/4335/4335 4334/4334/4334
f 4339/4339/4339 4338/4338/4338 4337/4337/4337
f 4342/4342/4342 4341/4341/4341 4340/4340/4340
f 4345/4345/4345 4344/4344/4344 4343/4343/4343
f 4348/4348/4348 4347/4347/4347 4346/4346/4346
f 4351/4351/4351 4350/4350/4350 4349/4349/4349
f 4354/4354/4354 4353/4353/4353 4352/4352/4352
f 4357/4357/4357 4356/4356/4356 4355/4355/4355
f 4360/4360/4360 4359/4359/4359 4358/4358/4358
f 4363/4363/4363 4362/4362/4362 4361/4361/4361
f 4366/4366/4366 4365/4365/4365 4364/4364/4364
f 4369/4369/4369 4368/4368/4368 4367/4367/4367
f 4372/4372/4372 4371/4371/4371 4370/4370/4370
f 4375/4375/4375 4374/4374/4374 4373/4373/4373
f 4378/4378/4378 4377/4377/4377 4376/4376/4376
f 4381/4381/4381 4380/4380/4380 4379/4379/4379
f 4384/4384/4384 4383/4383/4383 4382/4382/4382
f 4387/4387/4387 4386/4386/4386 4385/4385/4385
f 4390/4390/4390 4389/4389/4389 4388/4388/4388
f 4393/4393/4393 4392/4392/4392 4391/4391/4391
f 4396/4396/4396 4395/4395/4395 4394/4394/4394
f 4399/4399/4399 4398/4398/4398 4397/4397/4397
f 4402/4402/4402 4401/4401/4401 4400/4400/4400
f 4405/4405/4405 4404/4404/4404 4403/4403/4403
f 4408/4408/4408 4407/4407/4407 4406/4406/4406
f 4411/4411/4411 4410/4410/4410 4409/4409/4409
f 4414/4414/4414 4413/4413/4413 4412/4412/4412
f 4417/4417/4417 4416/4416/4416 4415/4415/4415
f 4420/4420/4420 4419/4419/4419 4418/4418/4418
f 4423/4423/4423 4422/4422/4422 4421/4421/4421
f 4426/4426/4426 4425/4425/4425 4424/4424/4424
f 4429/4429/4429 4428/4428/4428 4427/4427/4427
f 4432/4432/4432 4431/4431/4431 4430/4430/4430
f 4435/4435/4435 4434/4434/4434 4433/4433/4433
f 4438/4438/4438 4437/4437/4437 4436/4436/4436
f 4441/4441/4441 4440/4440/4440 4439/4439/4439
f 4444/4444/4444 4443/4443/4443 4442/4442/4442
f 4447/4447/4447 4446/4446/4446 4445/4445/4445
f 4450/4450/4450 4449/4449/4449 4448/4448/4448
f 4453/4453/4453 4452/4452/4452 4451/4451/4451
f 4456/4456/4456 4455/4455/4455 4454/4454/4454
f 4459/4459/4459 4458/4458/4458 4457/4457/4457
f 4462/4462/4462 4461/4461/4461 4460/4460/4460
f 4465/4465/4465 4464/4464/4464 4463/4463/4463
f 4468/4468/4468 4467/4467/4467 4466/4466/4466
f 4471/4471/4471 4470/4470/4470 4469/4469/4469
f 4474/4474/4474 4473/4473/4473 4472/4472/4472
f 4477/4477/4477 4476/4476/4476 4475/4475/4475
f 4480/4480/4480 4479/4479/4479 4478/4478/4478
f 4483/4483/4483 4482/4482/4482 4481/4481/4481
f 4486/4486/4486 4485/4485/4485 4484/4484/4484
f 4489/4489/4489 4488/4488/4488 4487/4487/4487
f 4492/4492/4492 4491/4491/4491 4490/4490/4490
f 4495/4495/4495 4494/4494/4494 4493/4493/4493
f 4498/4498/4498 4497/4497/4497 4496/4496/4496
f 4501/4501/4501 4500/4500/4500 4499/4499/4499
f 4504/4504/4504 4503/4503/4503 4502/4502/4502
f 4507/4507/4507 4506/4506/4506 4505/4505/4505
f 4510/4510/4510 4509/4509/4509 4508/4508/4508
f 4513/4513/4513 4512/4512/4512 4511/4511/4511
f 4516/4516/4516 4515/4515/4515 4514/4514/4514
f 4519/4519/4519 4518/4518/4518 4517/4517/4517
f 4522/4522/4522 4521/4521/4521 4520/4520/4520
f 4525/4525/4525 4524/4524/4524 4523/4523/4523
f 4528/4528/4528 4527/4527/4527 4526/4526/4526
f 4531/4531/4531 4530/4530/4530 4529/4529/4529
f 4534/4534/4534 4533/4533/4533 4532/4532/4532
f 4537/4537/4537 4536/4536/4536 4535/4535/4535
f 4540/4540/4540 4539/4539/4539 4538/4538/4538
f 4543/4543/4543 4542/4542/4542 4541/4541/4541
f 4546/4546/4546 4545/4545/4545 4544/4544/4544
f 4549/4549/4549 4548/4548/4548 4547/4547/4547
f 4552/4552/4552 4551/4551/4551 4550/4550/4550
f 4555/4555/4555 4554/4554/4554 4553/4553/4553
f 4558/4558/4558 4557/4557/4557 4556/4556/4556
f 4561/4561/4561 4560/4560/4560 4559/4559/4559
f 4564/4564/4564 4563/4563/4563 4562/4562/4562
f 4567/4567/4567 4566/4566/4566 4565/4565/4565
f 4570/4570/4570 4569/4569/4569 4568/4568/4568
f 4573/4573/4573 4572/4572/4572 4571/4571/4571
f 4576/4576/4576 4575/4575/4575 4574/4574/4574
f 4579/4579/4579 4578/4578/4578 4577/4577/4577
f 4582/4582/4582 4581/4581/4581 4580/4580/4580
f 4585/4585/4585 4584/4584/4584 4583/4583/4583
f 4588/4588/4588 4587/4587/4587 4586/4586/4586
f 4591/4591/4591 4590/4590/4590 4589/4589/4589
f 4594/4594/4594 4593/4593/4593 4592/4592/4592
f 4597/4597/4597 4596/4596/4596 4595/4595/4595
f 4600/4600/4600 4599/4599/4599 4598/4598/4598
f 4603/4603/4603 4602/4602/4602 4601/4601/4601
f 4606/4606/4606 4605/4605/4605 4604/4604/4604
f 4609/4609/4609 4608/4608/4608 4607/4607/4607
f 4612/4612/4612 4611/4611/4611 4610/4610/4610
f 4615/4615/4615 4614/4614/4614 4613/4613/4613
f 4618/4618/4618 4617/4617/4617 4616/4616/4616
f 4621/4621/4621 4620/4620/4620 4619/4619/4619
f 4624/4624/4624 4623/4623/4623 4622/4622/4622
f 4627/4627/4627 4626/4626/4626 4625/4625/4625
f 4630/4630/4630 4629/4629/4629 4628/4628/4628
f 4633/4633/4633 4632/4632/4632 4631/4631/4631
f 4636/4636/4636 4635/4635/4635 4634/4634/4634
f 4639/4639/4639 4638/4638/4638 4637/4637/4637
f 4642/4642/4642 4641/4641/4641 4640/4640/4640
f 4645/4645/4645 4644/4644/4644 4643/4643/4643
f 4648/4648/4648 4647/4647/4647 4646/4646/4646
f 4651/4651/4651 4650/4650/4650 4649/4649/4649
f 4654/4654/4654 4653/4653/4653 4652/4652/4652
f 4657/4657/4657 4656/4656/4656 4655/4655/4655
f 4660/4660/4660 4659/4659/4659 4658/4658/4658
f 4663/4663/4663 4662/4662/4662 4661/4661/4661
f 4666/4666/4666 4665/4665/4665 4664/4664/4664
f 4669/4669/4669 4668/4668/4668 4667/4667/4667
f 4672/4672/4672 4671/4671/4671 4670/4670/4670
f 4675/4675/4675 4674/4674/4674 4673/4673/4673
f 4678/4678/4678 4677/4677/4677 4676/4676/4676
f 4681/4681/4681 4680/4680/4680 4679/4679/4679
f 4684/4684/4684 4683/4683/4683 4682/4682/4682
f 4687/4687/4687 4686/4686/4686 4685/4685/4685
f 4690/4690/4690 4689/4689/4689 4688/4688/4688
f 4693/4693/4693 4692/4692/4692 4691/4691/4691
f 4696/4696/4696 4695/4695/4695 4694/4694/4694
f 4699/4699/4699 4698/4698/4698 4697/4697/4697
f 4702/4702/4702 4701/4701/4701 4700/4700/4700
f 4705/4705/4705 4704/4704/4704 4703/4703/4703
f 4708/4708/4708 4707/4707/4707 4706/4706/4706
f 4711/4711/4711 4710/4710/4710 4709/4709/4709
f 4714/4714/4714 4713/4713/4713 4712/4712/4712
f 4717/4717/4717 4716/4716/4716 4715/4715/4715
f 4720/4720/4720 4719/4719/4719 4718/4718/4718
f 4723/4723/4723 4722/4722/4722 4721/4721/4721
f 4726/4726/4726 4725/4725/4725 4724/4724/4724
f 4729/4729/4729 4728/4728/4728 4727/4727/4727
f 4732/4732/4732 4731/4731/4731 4730/4730/4730
f 4735/4735/4735 4734/4734/4734 4733/4733/4733
f 4738/4738/4738 4737/4737/4737 4736/4736/4736
f 4741/4741/4741 4740/4740/4740 4739/4739/4739
f 4744/4744/4744 4743/4743/4743 4742/4742/4742
f 4747/4747/4747 4746/4746/4746 4745/4745/4745
f 4750/4750/4750 4749/4749/4749 4748/4748/4748
f 4753/4753/4753 4752/4752/4752 4751/4751/4751
f 4756/4756/4756 4755/4755/4755 4754/4754/4754
f 4759/4759/4759 4758/4758/4758 4757/4757/4757
f 4762/4762/4762 4761/4761/4761 4760/4760/4760
f 4765/4765/4765 4764/4764/4764 4763/4763/4763
f 4768/4768/4768 4767/4767/4767 4766/4766/4766
f 4771/4771/4771 4770/4770/4770 4769/4769/4769
f 4774/4774/4774 4773/4773/4773 4772/4772/4772
f 4777/4777/4777 4776/4776/4776 4775/4775/4775
f 4780/4780/4780 4779/4779/4779 4778/4778/4778
f 4783/4783/4783 4782/4782/4782 4781/4781/4781
f 4786/4786/4786 4785/4785/4785 4784/4784/4784
f 4789/4789/4789 4788/4788/4788 4787/4787/4787
f 4792/4792/4792 4791/4791/4791 4790/4790/4790
f 4795/4795/4795 4794/4794/4794 4793/4793/4793
f 4798/4798/4798 4797/4797/4797 4796/4796/4796
f 4801/4801/4801 4800/4800/4800 4799/4799/4799
f 4804/4804/4804 4803/4803/4803 4802/4802/4802
f 4807/4807/4807 4806/4806/4806 4805/4805/4805
f 4810/4810/4810 4809/4809/4809 4808/4808/4808
f 4813/4813/4813 4812/4812/4812 4811/4811/4811
f 4816/4816/4816 4815/4815/4815 4814/4814/4814
f 4819/4819/4819 4818/4818/4818 4817/4817/4817
f 4822/4822/4822 4821/4821/4821 4820/4820/4820
f 4825/4825/4825 4824/4824/4824 4823/4823/4823
f 4828/4828/4828 4827/4827/4827 4826/4826/4826
f 4831/4831/4831 4830/4830/4830 4829/4829/4829
f 4834/4834/4834 4833/4833/4833 4832/4832/4832
f 4837/4837/4837 4836/4836/4836 4835/4835/4835
f 4840/4840/4840 4839/4839/4839 4838/4838/4838
f 4843/4843/4843 4842/4842/4842 4841/4841/4841
f 4846/4846/4846 4845/4845/4845 4844/4844/4844
f 4849/4849/4849 4848/4848/4848 4847/4847/4847
f 4852/4852/4852 4851/4851/4851 4850/4850/4850
f 4855/4855/4855 4854/4854/4854 4853/4853/4853
f 4858/4858/4858 4857/4857/4857 4856/4856/4856
f 4861/4861/4861 4860/4860/4860 4859/4859/4859
f 4864/4864/4864 4863/4863/4863 4862/4862/4862
f 4867/4867/4867 4866/4866/4866 4865/4865/4865
f 4870/4870/4870 4869/4869/4869 4868/4868/4868
f 4873/4873/4873 4872/4872/4872 4871/4871/4871
f 4876/4876/4876 4875/4875/4875 4874/4874/4874
f 4879/4879/4879 4878/4878/4878 4877/4877/4877
f 4882/4882/4882 4881/4881/4881 4880/4880/4880
f 4885/4885/4885 4884/4884/4884 4883/4883/4883
f 4888/4888/4888 4887/4887/4887 4886/4886/4886
f 4891/4891/4891 4890/4890/4890 4889/4889/4889
f 4894/4894/4894 4893/4893/4893 4892/4892/4892
f 4897/4897/4897 4896/4896/4896 4895/4895/4895
f 4900/4900/4900 4899/4899/4899 4898/4898/4898
f 4903/4903/4903 4902/4902/4902 4901/4901/4901
f 4906/4906/4906 4905/4905/4905 4904/4904/4904
f 4909/4909/4909 4908/4908/4908 4907/4907/4907
f 4912/4912/4912 4911/4911/4911 4910/4910/4910
f 4915/4915/4915 4914/4914/4914 4913/4913/4913
f 4918/4918/4918 4917/4917/4917 4916/4916/4916
f 4921/4921/4921 4920/4920/4920 4919/4919/4919
f 4924/4924/4924 4923/4923/4923 4922/4922/4922
f 4927/4927/4927 4926/4926/4926 4925/4925/4925
f 4930/4930/4930 4929/4929/4929 4928/4928/4928
f 4933/4933/4933 4932/4932/4932 4931/4931/4931
f 4936/4936/4936 4935/4935/4935 4934/4934/4934
f 4939/4939/4939 4938/4938/4938 4937/4937/4937
f 4938/4938/4938 4939/4939/4939 4940/4940/4940
f 4943/4943/4943 4942/4942/4942 4941/4941/4941
f 4942/4942/4942 4943/4943/4943 4944/4944/4944
f 4947/4947/4947 4946/4946/4946 4945/4945/4945
f 4946/4946/4946 4947/4947/4947 4948/4948/4948
f 4951/4951/4951 4950/4950/4950 4949/4949/4949
f 4950/4950/4950 4951/4951/4951 4952/4952/4952
f 4955/4955/4955 4954/4954/4954 4953/4953/4953
f 4954/4954/4954 4955/4955/4955 4956/4956/4956
f 4959/4959/4959 4958/4958/4958 4957/4957/4957
f 4958/4958/4958 4959/4959/4959 4960/4960/4960
f 4963/4963/4963 4962/4962/4962 4961/4961/4961
f 4962/4962/4962 4963/4963/4963 4964/4964/4964
f 4967/4967/4967 4966/4966/4966 4965/4965/4965
f 4966/4966/4966 4967/4967/4967 4968/4968/4968
f 4971/4971/4971 4970/4970/4970 4969/4969/4969
f 4970/4970/4970 4971/4971/4971 4972/4972/4972
f 4975/4975/4975 4974/4974/4974 4973/4973/4973
f 4974/4974/4974 4975/4975/4975 4976/4976/4976
f 4979/4979/4979 4978/4978/4978 4977/4977/4977
f 4978/4978/4978 4979/4979/4979 4980/4980/4980
f 4983/4983/4983 4982/4982/4982 4981/4981/4981
f 4982/4982/4982 4983/4983/4983 4984/4984/4984
f 4987/4987/4987 4986/4986/4986 4985/4985/4985
f 4986/4986/4986 4987/4987/4987 4988/4988/4988
f 4991/4991/4991 4990/4990/4990 4989/4989/4989
f 4990/4990/4990 4991/4991/4991 4992/4992/4992
f 4995/4995/4995 4994/4994/4994 4993/4993/4993
f 4994/4994/4994 4995/4995/4995 4996/4996/4996
f 4999/4999/4999 4998/4998/4998 4997/4997/4997
f 4998/4998/4998 4999/4999/4999 5000/5000/5000
f 5003/5003/5003 5002/5002/5002 5001/5001/5001
f 5002/5002/5002 5003/5003/5003 5004/5004/5004
f 5007/5007/5007 5006/5006/5006 5005/5005/5005
f 5006/5006/5006 5007/5007/5007 5008/5008/5008
f 5011/5011/5011 5010/5010/5010 5009/5009/5009
f 5010/5010/5010 5011/5011/5011 5012/5012/5012
f 5015/5015/5015 5014/5014/5014 5013/5013/5013
f 5014/5014/5014 5015/5015/5015 5016/5016/5016
f 5019/5019/5019 5018/5018/5018 5017/5017/5017
f 5018/5018/5018 5019/5019/5019 5020/5020/5020
f 5023/5023/5023 5022/5022/5022 5021/5021/5021
f 5022/5022/5022 5023/5023/5023 5024/5024/5024
f 5027/5027/5027 5026/5026/5026 5025/5025/5025
f 5026/5026/5026 5027/5027/5027 5028/5028/5028
f 5031/5031/5031 5030/5030/5030 5029/5029/5029
f 5030/5030/5030 5031/5031/5031 5032/5032/5032
f 5035/5035/5035 5034/5034/5034 5033/5033/5033
f 5034/5034/5034 5035/5035/5035 5036/5036/5036
f 5039/5039/5039 5038/5038/5038 5037/5037/5037
f 5038/5038/5038 5039/5039/5039 5040/5040/5040
f 5043/5043/5043 5042/5042/5042 5041/5041/5041
f 5042/5042/5042 5043/5043/5043 5044/5044/5044
f 5047/5047/5047 5046/5046/5046 5045/5045/5045
f 5046/5046/5046 5047/5047/5047 5048/5048/5048
f 5051/5051/5051 5050/5050/5050 5049/5049/5049
f 5050/5050/5050 5051/5051/5051 5052/5052/5052
f 5055/5055/5055 5054/5054/5054 5053/5053/5053
f 5054/5054/5054 5055/5055/5055 5056/5056/5056
f 5059/5059/5059 5058/5058/5058 5057/5057/5057
f 5058/5058/5058 5059/5059/5059 5060/5060/5060
f 5063/5063/5063 5062/5062/5062 5061/5061/5061
f 5062/5062/5062 5063/5063/5063 5064/5064/5064
f 5067/5067/5067 5066/5066/5066 5065/5065/5065
f 5066/5066/5066 5067/5067/5067 5068/5068/5068
f 5071/5071/5071 5070/5070/5070 5069/5069/5069
f 5070/5070/5070 5071/5071/5071 5072/5072/5072
f 5075/5075/5075 5074/5074/5074 5073/5073/5073
f 5074/5074/5074 5075/5075/5075 5076/5076/5076
f 5079/5079/5079 5078/5078/5078 5077/5077/5077
f 5078/5078/5078 5079/5079/5079 5080/5080/5080
f 5083/5083/5083 5082/5082/5082 5081/5081/5081
f 5082/5082/5082 5083/5083/5083 5084/5084/5084
f 5087/5087/5087 5086/5086/5086 5085/5085/5085
f 5086/5086/5086 5087/5087/5087 5088/5088/5088
f 5091/5091/5091 5090/5090/5090 5089/5089/5089
f 5090/5090/5090 5091/5091/5091 5092/5092/5092
f 5095/5095/5095 5094/5094/5094 5093/5093/5093
f 5094/5094/5094 5095/5095/5095 5096/5096/5096
f 5099/5099/5099 5098/5098/5098 5097/5097/5097
f 5098/5098/5098 5099/5099/5099 5100/5100/5100
f 5103/5103/5103 5102/5102/5102 5101/5101/5101
f 5102/5102/5102 5103/5103/5103 5104/5104/5104
f 5107/5107/5107 5106/5106/5106 5105/5105/5105
f 5106/5106/5106 5107/5107/5107 5108/5108/5108
f 5111/5111/5111 5110/5110/5110 5109/5109/5109
f 5110/5110/5110 5111/5111/5111 5112/5112/5112
f 5115/5115/5115 5114/5114/5114 5113/5113/5113
f 5114/5114/5114 5115/5115/5115 5116/5116/5116
f 5119/5119/5119 5118/5118/5118 5117/5117/5117
f 5118/5118/5118 5119/5119/5119 5120/5120/5120
f 5123/5123/5123 5122/5122/5122 5121/5121/5121
f 5122/5122/5122 5123/5123/5123 5124/5124/5124
f 5127/5127/5127 5126/5126/5126 5125/5125/5125
f 5126/5126/5126 5127/5127/5127 5128/5128/5128
f 5131/5131/5131 5130/5130/5130 5129/5129/5129
f 5130/5130/5130 5131/5131/5131 5132/5132/5132
f 5135/5135/5135 5134/5134/5134 5133/5133/5133
f 5134/5134/5134 5135/5135/5135 5136/5136/5136
f 5139/5139/5139 5138/5138/5138 5137/5137/5137
f 5138/5138/5138 5139/5139/5139 5140/5140/5140
f 5143/5143/5143 5142/5142/5142 5141/5141/5141
f 5142/5142/5142 5143/5143/5143 5144/5144/5144
f 5147/5147/5147 5146/5146/5146 5145/5145/5145
f 5146/5146/5146 5147/5147/5147 5148/5148/5148
f 5151/5151/5151 5150/5150/5150 5149/5149/5149
f 5150/5150/5150 5151/5151/5151 5152/5152/5152
f 5155/5155/5155 5154/5154/5154 5153/5153/5153
f 5154/5154/5154 5155/5155/5155 5156/5156/5156
f 5159/5159/5159 5158/5158/5158 5157/5157/5157
f 5158/5158/5158 5159/5159/5159 5160/5160/5160
f 5163/5163/5163 5162/5162/5162 5161/5161/5161
f 5162/5162/5162 5163/5163/5163 5164/5164/5164
f 5167/5167/5167 5166/5166/5166 5165/5165/5165
f 5166/5166/5166 5167/5167/5167 5168/5168/5168
f 5171/5171/5171 5170/5170/5170 5169/5169/5169
f 5170/5170/5170 5171/5171/5171 5172/5172/5172
f 5175/5175/5175 5174/5174/5174 5173/5173/5173
f 5174/5174/5174 5175/5175/5175 5176/5176/5176
f 5179/5179/5179 5178/5178/5178 5177/5177/5177
f 5178/5178/5178 5179/5179/5179 5180/5180/5180
f 5183/5183/5183 5182/5182/5182 5181/5181/5181
f 5182/5182/5182 5183/5183/5183 5184/5184/5184
f 5187/5187/5187 5186/5186/5186 5185/5185/5185
f 5186/5186/5186 5187/5187/5187 5188/5188/5188
f 5191/5191/5191 5190/5190/5190 5189/5189/5189
f 5190/5190/5190 5191/5191/5191 5192/5192/5192
f 5195/5195/5195 5194/5194/5194 5193/5193/5193
f 5194/5194/5194 5195/5195/5195 5196/5196/5196
f 5199/5199/5199 5198/5198/5198 5197/5197/5197
f 5198/5198/5198 5199/5199/5199 5200/5200/5200
f 5203/5203/5203 5202/5202/5202 5201/5201/5201
f 5202/5202/5202 5203/5203/5203 5204/5204/5204
f 5207/5207/5207 5206/5206/5206 5205/5205/5205
f 5206/5206/5206 5207/5207/5207 5208/5208/5208
f 5211/5211/5211 5210/5210/5210 5209/5209/5209
f 5210/5210/5210 5211/5211/5211 5212/5212/5212
f 5215/5215/5215 5214/5214/5214 5213/5213/5213
f 5214/5214/5214 5215/5215/5215 5216/5216/5216
f 5219/5219/5219 5218/5218/5218 5217/5217/5217
f 5218/5218/5218 5219/5219/5219 5220/5220/5220
f 5223/5223/5223 5222/5222/5222 5221/5221/5221
f 5222/5222/5222 5223/5223/5223 5224/5224/5224
f 5227/5227/5227 5226/5226/5226 5225/5225/5225
f 5226/5226/5226 5227/5227/5227 5228/5228/5228
f 5231/5231/5231 5230/5230/5230 5229/5229/5229
f 5230/5230/5230 5231/5231/5231 5232/5232/5232
f 5235/5235/5235 5234/5234/5234 5233/5233/5233
f 5234/5234/5234 5235/5235/5235 5236/5236/5236
f 5239/5239/5239 5238/5238/5238 5237/5237/5237
f 5238/5238/5238 5239/5239/5239 5240/5240/5240
f 5243/5243/5243 5242/5242/5242 5241/5241/5241
f 5242/5242/5242 5243/5243/5243 5244/5244/5244
f 5247/5247/5247 5246/5246/5246 5245/5245/5245
f 5246/5246/5246 5247/5247/5247 5248/5248/5248
f 5251/5251/5251 5250/5250/5250 5249/5249/5249
f 5250/5250/5250 5251/5251/5251 5252/5252/5252
f 5255/5255/5255 5254/5254/5254 5253/5253/5253
f 5254/5254/5254 5255/5255/5255 5256/5256/5256
f 5259/5259/5259 5258/5258/5258 5257/5257/5257
f 5258/5258/5258 5259/5259/5259 5260/5260/5260
f 5263/5263/5263 5262/5262/5262 5261/5261/5261
f 5262/5262/5262 5263/5263/5263 5264/5264/5264
f 5267/5267/5267 5266/5266/5266 5265/5265/5265
f 5266/5266/5266 5267/5267/5267 5268/5268/5268
f 5271/5271/5271 5270/5270/5270 5269/5269/5269
f 5270/5270/5270 5271/5271/5271 5272/5272/5272
f 5275/5275/5275 5274/5274/5274 5273/5273/5273
f 5274/5274/5274 5275/5275/5275 5276/5276/5276
f 5279/5279/5279 5278/5278/5278 5277/5277/5277
f 5278/5278/5278 5279/5279/5279 5280/5280/5280
f 5283/5283/5283 5282/5282/5282 5281/5281/5281
f 5282/5282/5282 5283/5283/5283 5284/5284/5284
f 5287/5287/5287 5286/5286/5286 5285/5285/5285
f 5286/5286/5286 5287/5287/5287 5288/5288/5288
f 5291/5291/5291 5290/5290/5290 5289/5289/5289
f 5290/5290/5290 5291/5291/5291 5292/5292/5292
f 5295/5295/5295 5294/5294/5294 5293/5293/5293
f 5294/5294/5294 5295/5295/5295 5296/5296/5296
f 5299/5299/5299 5298/5298/5298 5297/5297/5297
f 5298/5298/5298 5299/5299/5299 5300/5300/5300
f 5303/5303/5303 5302/5302/5302 5301/5301/5301
f 5302/5302/5302 5303/5303/5303 5304/5304/5304
f 5307/5307/5307 5306/5306/5306 5305/5305/5305
f 5306/5306/5306 5307/5307/5307 5308/5308/5308
f 5311/5311/5311 5310/5310/5310 5309/5309/5309
f 5310/5310/5310 5311/5311/5311 5312/5312/5312
f 5315/5315/5315 5314/5314/5314 5313/5313/5313
f 5314/5314/5314 5315/5315/5315 5316/5316/5316
f 5319/5319/5319 5318/5318/5318 5317/5317/5317
f 5318/5318/5318 5319/5319/5319 5320/5320/5320
f 5323/5323/5323 5322/5322/5322 5321/5321/5321
f 5322/5322/5322 5323/5323/5323 5324/5324/5324
f 5327/5327/5327 5326/5326/5326 5325/5325/5325
f 5326/5326/5326 5327/5327/5327 5328/5328/5328
f 5331/5331/5331 5330/5330/5330 5329/5329/5329
f 5330/5330/5330 5331/5331/5331 5332/5332/5332
f 5335/5335/5335 5334/5334/5334 5333/5333/5333
f 5334/5334/5334 5335/5335/5335 5336/5336/5336
f 5339/5339/5339 5338/5338/5338 5337/5337/5337
f 5338/5338/5338 5339/5339/5339 5340/5340/5340
f 5343/5343/5343 5342/5342/5342 5341/5341/5341
f 5342/5342/5342 5343/5343/5343 5344/5344/5344
f 5347/5347/5347 5346/5346/5346 5345/5345/5345
f 5346/5346/5346 5347/5347/5347 5348/5348/5348
f 5351/5351/5351 5350/5350/5350 5349/5349/5349
f 5350/5350/5350 5351/5351/5351 5352/5352/5352
f 5355/5355/5355 5354/5354/5354 5353/5353/5353
f 5354/5354/5354 5355/5355/5355 5356/5356/5356
f 5359/5359/5359 5358/5358/5358 5357/5357/5357
f 5358/5358/5358 5359/5359/5359 5360/5360/5360
f 5363/5363/5363 5362/5362/5362 5361/5361/5361
f 5362/5362/5362 5363/5363/5363 5364/5364/5364
f 5367/5367/5367 5366/5366/5366 5365/5365/5365
f 5366/5366/5366 5367/5367/5367 5368/5368/5368
f 5371/5371/5371 5370/5370/5370 5369/5369/5369
f 5370/5370/5370 5371/5371/5371 5372/5372/5372
f 5375/5375/5375 5374/5374/5374 5373/5373/5373
f 5374/5374/5374 5375/5375/5375 5376/5376/5376
f 5379/5379/5379 5378/5378/5378 5377/5377/5377
f 5378/5378/5378 5379/5379/5379 5380/5380/5380
f 5383/5383/5383 5382/5382/5382 5381/5381/5381
f 5382/5382/5382 5383/5383/5383 5384/5384/5384
f 5387/5387/5387 5386/5386/5386 5385/5385/5385
f 5386/5386/5386 5387/5387/5387 5388/5388/5388
f 5391/5391/5391 5390/5390/5390 5389/5389/5389
f 5390/5390/5390 5391/5391/5391 5392/5392/5392
f 5395/5395/5395 5394/5394/5394 5393/5393/5393
f 5394/5394/5394 5395/5395/5395 5396/5396/5396
f 5399/5399/5399 5398/5398/5398 5397/5397/5397
f 5398/5398/5398 5399/5399/5399 5400/5400/5400
f 5403/5403/5403 5402/5402/5402 5401/5401/5401
f 5402/5402/5402 5403/5403/5403 5404/5404/5404
f 5407/5407/5407 5406/5406/5406 5405/5405/5405
f 5406/5406/5406 5407/5407/5407 5408/5408/5408
f 5411/5411/5411 5410/5410/5410 5409/5409/5409
f 5410/5410/5410 5411/5411/5411 5412/5412/5412
f 5415/5415/5415 5414/5414/5414 5413/5413/5413
f 5414/5414/5414 5415/5415/5415 5416/5416/5416
f 5419/5419/5419 5418/5418/5418 5417/5417/5417
f 5418/5418/5418 5419/5419/5419 5420/5420/5420
f 5423/5423/5423 5422/5422/5422 5421/5421/5421
f 5422/5422/5422 5423/5423/5423 5424/5424/5424
f 5427/5427/5427 5426/5426/5426 5425/5425/5425
f 5426/5426/5426 5427/5427/5427 5428/5428/5428
f 5431/5431/5431 5430/5430/5430 5429/5429/5429
f 5430/5430/5430 5431/5431/5431 5432/5432/5432
f 5435/5435/5435 5434/5434/5434 5433/5433/5433
f 5434/5434/5434 5435/5435/5435 5436/5436/5436
f 5439/5439/5439 5438/5438/5438 5437/5437/5437
f 5438/5438/5438 5439/5439/5439 5440/5440/5440
f 5443/5443/5443 5442/5442/5442 5441/5441/5441
f 5442/5442/5442 5443/5443/5443 5444/5444/5444
f 5447/5447/5447 5446/5446/5446 5445/5445/5445
f 5446/5446/5446 5447/5447/5447 5448/5448/5448
f 5451/5451/5451 5450/5450/5450 5449/5449/5449
f 5450/5450/5450 5451/5451/5451 5452/5452/5452
f 5455/5455/5455 5454/5454/5454 5453/5453/5453
f 5454/5454/5454 5455/5455/5455 5456/5456/5456
f 5459/5459/5459 5458/5458/5458 5457/5457/5457
f 5458/5458/5458 5459/5459/5459 5460/5460/5460
f 5463/5463/5463 5462/5462/5462 5461/5461/5461
f 5462/5462/5462 5463/5463/5463 5464/5464/5464
f 5467/5467/5467 5466/5466/5466 5465/5465/5465
f 5466/5466/5466 5467/5467/5467 5468/5468/5468
f 5471/5471/5471 5470/5470/5470 5469/5469/5469
f 5470/5470/5470 5471/5471/5471 5472/5472/5472
f 5475/5475/5475 5474/5474/5474 5473/5473/5473
f 5474/5474/5474 5475/5475/5475 5476/5476/5476
f 5479/5479/5479 5478/5478/5478 5477/5477/5477
f 5478/5478/5478 5479/5479/5479 5480/5480/5480
f 5483/5483/5483 5482/5482/5482 5481/5481/5481
f 5482/5482/5482 5483/5483/5483 5484/5484/5484
f 5487/5487/5487 5486/5486/5486 5485/5485/5485
f 5486/5486/5486 5487/5487/5487 5488/5488/5488
f 5491/5491/5491 5490/5490/5490 5489/5489/5489
f 5490/5490/5490 5491/5491/5491 5492/5492/5492
f 5495/5495/5495 5494/5494/5494 5493/5493/5493
f 5494/5494/5494 5495/5495/5495 5496/5496/5496
f 5499/5499/5499 5498/5498/5498 5497/5497/5497
f 5498/5498/5498 5499/5499/5499 5500/5500/5500
f 5503/5503/5503 5502/5502/5502 5501/5501/5501
f 5502/5502/5502 5503/5503/5503 5504/5504/5504
f 5507/5507/5507 5506/5506/5506 5505/5505/5505
f 5506/5506/5506 5507/5507/5507 5508/5508/5508
f 5511/5511/5511 5510/5510/5510 5509/5509/5509
f 5510/5510/5510 5511/5511/5511 5512/5512/5512
f 5515/5515/5515 5514/5514/5514 5513/5513/5513
f 5514/5514/5514 5515/5515/5515 5516/5516/5516
f 5519/5519/5519 5518/5518/5518 5517/5517/5517
f 5518/5518/5518 5519/5519/5519 5520/5520/5520
f 5523/5523/5523 5522/5522/5522 5521/5521/5521
f 5522/5522/5522 5523/5523/5523 5524/5524/5524
f 5527/5527/5527 5526/5526/5526 5525/5525/5525
f 5526/5526/5526 5527/5527/5527 5528/5528/5528
f 5531/5531/5531 5530/5530/5530 5529/5529/5529
f 5530/5530/5530 5531/5531/5531 5532/5532/5532
f 5535/5535/5535 5534/5534/5534 5533/5533/5533
f 5534/5534/5534 5535/5535/5535 5536/5536/5536
f 5539/5539/5539 5538/5538/5538 5537/5537/5537
f 5538/5538/5538 5539/5539/5539 5540/5540/5540
f 5543/5543/5543 5542/5542/5542 5541/5541/5541
f 5542/5542/5542 5543/5543/5543 5544/5544/5544
f 5547/5547/5547 5546/5546/5546 5545/5545/5545
f 5546/5546/5546 5547/5547/5547 5548/5548/5548
f 5551/5551/5551 5550/5550/5550 5549/5549/5549
f 5550/5550/5550 5551/5551/5551 5552/5552/5552
f 5555/5555/5555 5554/5554/5554 5553/5553/5553
f 5554/5554/5554 5555/5555/5555 5556/5556/5556
f 5559/5559/5559 5558/5558/5558 5557/5557/5557
f 5558/5558/5558 5559/5559/5559 5560/5560/5560
f 5563/5563/5563 5562/5562/5562 5561/5561/5561
f 5562/5562/5562 5563/5563/5563 5564/5564/5564
f 5567/5567/5567 5566/5566/5566 5565/5565/5565
f 5566/5566/5566 5567/5567/5567 5568/5568/5568
f 5571/5571/5571 5570/5570/5570 5569/5569/5569
f 5570/5570/5570 5571/5571/5571 5572/5572/5572
f 5575/5575/5575 5574/5574/5574 5573/5573/5573
f 5574/5574/5574 5575/5575/5575 5576/5576/5576
f 5579/5579/5579 5578/5578/5578 5577/5577/5577
f 5578/5578/5578 5579/5579/5579 5580/5580/5580
f 5583/5583/5583 5582/5582/5582 5581/5581/5581
f 5582/5582/5582 5583/5583/5583 5584/5584/5584
f 5587/5587/5587 5586/5586/5586 5585/5585/5585
f 5586/5586/5586 5587/5587/5587 5588/5588/5588
f 5591/5591/5591 5590/5590/5590 5589/5589/5589
f 5590/5590/5590 5591/5591/5591 5592/5592/5592
f 5595/5595/5595 5594/5594/5594 5593/5593/5593
f 5594/5594/5594 5595/5595/5595 5596/5596/5596
f 5599/5599/5599 5598/5598/5598 5597/5597/5597
f 5598/5598/5598 5599/5599/5599 5600/5600/5600
f 5603/5603/5603 5602/5602/5602 5601/5601/5601
f 5602/5602/5602 5603/5603/5603 5604/5604/5604
f 5607/5607/5607 5606/5606/5606 5605/5605/5605
f 5606/5606/5606 5607/5607/5607 5608/5608/5608
f 5611/5611/5611 5610/5610/5610 5609/5609/5609
f 5610/5610/5610 5611/5611/5611 5612/5612/5612
f 5615/5615/5615 5614/5614/5614 5613/5613/5613
f 5614/5614/5614 5615/5615/5615 5616/5616/5616
f 5619/5619/5619 5618/5618/5618 5617/5617/5617
f 5618/5618/5618 5619/5619/5619 5620/5620/5620
f 5623/5623/5623 5622/5622/5622 5621/5621/5621
f 5622/5622/5622 5623/5623/5623 5624/5624/5624
f 5627/5627/5627 5626/5626/5626 5625/5625/5625
f 5626/5626/5626 5627/5627/5627 5628/5628/5628
f 5631/5631/5631 5630/5630/5630 5629/5629/5629
f 5630/5630/5630 5631/5631/5631 5632/5632/5632
f 5635/5635/5635 5634/5634/5634 5633/5633/5633
f 5634/5634/5634 5635/5635/5635 5636/5636/5636
f 5639/5639/5639 5638/5638/5638 5637/5637/5637
f 5638/5638/5638 5639/5639/5639 5640/5640/5640
f 5643/5643/5643 5642/5642/5642 5641/5641/5641
f 5642/5642/5642 5643/5643/5643 5644/5644/5644
f 5647/5647/5647 5646/5646/5646 5645/5645/5645
f 5646/5646/5646 5647/5647/5647 5648/5648/5648
f 5651/5651/5651 5650/5650/5650 5649/5649/5649
f 5650/5650/5650 5651/5651/5651 5652/5652/5652
f 5655/5655/5655 5654/5654/5654 5653/5653/5653
f 5654/5654/5654 5655/5655/5655 5656/5656/5656
f 5659/5659/5659 5658/5658/5658 5657/5657/5657
f 5658/5658/5658 5659/5659/5659 5660/5660/5660
f 5663/5663/5663 5662/5662/5662 5661/5661/5661
f 5662/5662/5662 5663/5663/5663 5664/5664/5664
f 5667/5667/5667 5666/5666/5666 5665/5665/5665
f 5666/5666/5666 5667/5667/5667 5668/5668/5668
f 5671/5671/5671 5670/5670/5670 5669/5669/5669
f 5670/5670/5670 5671/5671/5671 5672/5672/5672
f 5675/5675/5675 5674/5674/5674 5673/5673/5673
f 5674/5674/5674 5675/5675/5675 5676/5676/5676
f 5679/5679/5679 5678/5678/5678 5677/5677/5677
f 5678/5678/5678 5679/5679/5679 5680/5680/5680
f 5683/5683/5683 5682/5682/5682 5681/5681/5681
f 5682/5682/5682 5683/5683/5683 5684/5684/5684
f 5687/5687/5687 5686/5686/5686 5685/5685/5685
f 5686/5686/5686 5687/5687/5687 5688/5688/5688
f 5691/5691/5691 5690/5690/5690 5689/5689/5689
f 5690/5690/5690 5691/5691/5691 5692/5692/5692
f 5695/5695/5695 5694/5694/5694 5693/5693/5693
f 5694/5694/5694 5695/5695/5695 5696/5696/5696
f 5699/5699/5699 5698/5698/5698 5697/5697/5697
f 5698/5698/5698 5699/5699/5699 5700/5700/5700
f 5703/5703/5703 5702/5702/5702 5701/5701/5701
f 5702/5702/5702 5703/5703/5703 5704/5704/5704
f 5707/5707/5707 5706/5706/5706 5705/5705/5705
f 5706/5706/5706 5707/5707/5707 5708/5708/5708
f 5711/5711/5711 5710/5710/5710 5709/5709/5709
f 5710/5710/5710 5711/5711/5711 5712/5712/5712
f 5715/5715/5715 5714/5714/5714 5713/5713/5713
f 5714/5714/5714 5715/5715/5715 5716/5716/5716
f 5719/5719/5719 5718/5718/5718 5717/5717/5717
f 5718/5718/5718 5719/5719/5719 5720/5720/5720
f 5723/5723/5723 5722/5722/5722 5721/5721/5721
f 5722/5722/5722 5723/5723/5723 5724/5724/5724
f 5727/5727/5727 5726/5726/5726 5725/5725/5725
f 5726/5726/5726 5727/5727/5727 5728/5728/5728
f 5731/5731/5731 5730/5730/5730 5729/5729/5729
f 5730/5730/5730 5731/5731/5731 5732/5732/5732
f 5735/5735/5735 5734/5734/5734 5733/5733/5733
f 5734/5734/5734 5735/5735/5735 5736/5736/5736
f 5739/5739/5739 5738/5738/5738 5737/5737/5737
f 5738/5738/5738 5739/5739/5739 5740/5740/5740
f 5743/5743/5743 5742/5742/5742 5741/5741/5741
f 5742/5742/5742 5743/5743/5743 5744/5744/5744
f 5747/5747/5747 5746/5746/5746 5745/5745/5745
f 5746/5746/5746 5747/5747/5747 5748/5748/5748
f 5751/5751/5751 5750/5750/5750 5749/5749/5749
f 5750/5750/5750 5751/5751/5751 5752/5752/5752
f 5755/5755/5755 5754/5754/5754 5753/5753/5753
f 5754/5754/5754 5755/5755/5755 5756/5756/5756
f 5759/5759/5759 5758/5758/5758 5757/5757/5757
f 5758/5758/5758 5759/5759/5759 5760/5760/5760
f 5763/5763/5763 5762/5762/5762 5761/5761/5761
f 5762/5762/5762 5763/5763/5763 5764/5764/5764
f 5767/5767/5767 5766/5766/5766 5765/5765/5765
f 5766/5766/5766 5767/5767/5767 5768/5768/5768
f 5771/5771/5771 5770/5770/5770 5769/5769/5769
f 5770/5770/5770 5771/5771/5771 5772/5772/5772
f 5775/5775/5775 5774/5774/5774 5773/5773/5773
f 5774/5774/5774 5775/5775/5775 5776/5776/5776
f 5779/5779/5779 5778/5778/5778 5777/5777/5777
f 5778/5778/5778 5779/5779/5779 5780/5780/5780
f 5783/5783/5783 5782/5782/5782 5781/5781/5781
f 5782/5782/5782 5783/5783/5783 5784/5784/5784
f 5787/5787/5787 5786/5786/5786 5785/5785/5785
f 5786/5786/5786 5787/5787/5787 5788/5788/5788
f 5791/5791/5791 5790/5790/5790 5789/5789/5789
f 5790/5790/5790 5791/5791/5791 5792/5792/5792
f 5795/5795/5795 5794/5794/5794 5793/5793/5793
f 5794/5794/5794 5795/5795/5795 5796/5796/5796
f 5799/5799/5799 5798/5798/5798 5797/5797/5797
f 5798/5798/5798 5799/5799/5799 5800/5800/5800
f 5803/5803/5803 5802/5802/5802 5801/5801/5801
f 5802/5802/5802 5803/5803/5803 5804/5804/5804
f 5807/5807/5807 5806/5806/5806 5805/5805/5805
f 5806/5806/5806 5807/5807/5807 5808/5808/5808
f 5811/5811/5811 5810/5810/5810 5809/5809/5809
f 5810/5810/5810 5811/5811/5811 5812/5812/5812
f 5815/5815/5815 5814/5814/5814 5813/5813/5813
f 5814/5814/5814 5815/5815/5815 5816/5816/5816
f 5819/5819/5819 5818/5818/5818 5817/5817/5817
f 5818/5818/5818 5819/5819/5819 5820/5820/5820
f 5823/5823/5823 5822/5822/5822 5821/5821/5821
f 5822/5822/5822 5823/5823/5823 5824/5824/5824
f 5827/5827/5827 5826/5826/5826 5825/5825/5825
f 5826/5826/5826 5827/5827/5827 5828/5828/5828
f 5831/5831/5831 5830/5830/5830 5829/5829/5829
f 5830/5830/5830 5831/5831/5831 5832/5832/5832
f 5835/5835/5835 5834/5834/5834 5833/5833/5833
f 5834/5834/5834 5835/5835/5835 5836/5836/5836
f 5839/5839/5839 5838/5838/5838 5837/5837/5837
f 5838/5838/5838 5839/5839/5839 5840/5840/5840
f 5843/5843/5843 5842/5842/5842 5841/5841/5841
f 5842/5842/5842 5843/5843/5843 5844/5844/5844
f 5847/5847/5847 5846/5846/5846 5845/5845/5845
f 5846/5846/5846 5847/5847/5847 5848/5848/5848
f 5851/5851/5851 5850/5850/5850 5849/5849/5849
f 5850/5850/5850 5851/5851/5851 5852/5852/5852
f 5855/5855/5855 5854/5854/5854 5853/5853/5853
f 5854/5854/5854 5855/5855/5855 5856/5856/5856
f 5859/5859/5859 5858/5858/5858 5857/5857/5857
f 5858/5858/5858 5859/5859/5859 5860/5860/5860
f 5863/5863/5863 5862/5862/5862 5861/5861/5861
f 5862/5862/5862 5863/5863/5863 5864/5864/5864
f 5867/5867/5867 5866/5866/5866 5865/5865/5865
f 5866/5866/5866 5867/5867/5867 5868/5868/5868
f 5871/5871/5871 5870/5870/5870 5869/5869/5869
f 5870/5870/5870 5871/5871/5871 5872/5872/5872
f 5875/5875/5875 5874/5874/5874 5873/5873/5873
f 5874/5874/5874 5875/5875/5875 5876/5876/5876
f 5879/5879/5879 5878/5878/5878 5877/5877/5877
f 5878/5878/5878 5879/5879/5879 5880/5880/5880
f 5883/5883/5883 5882/5882/5882 5881/5881/5881
f 5882/5882/5882 5883/5883/5883 5884/5884/5884
f 5887/5887/5887 5886/5886/5886 5885/5885/5885
f 5886/5886/5886 5887/5887/5887 5888/5888/5888
f 5891/5891/5891 5890/5890/5890 5889/5889/5889
f 5890/5890/5890 5891/5891/5891 5892/5892/5892
f 5895/5895/5895 5894/5894/5894 5893/5893/5893
f 5894/5894/5894 5895/5895/5895 5896/5896/5896
f 5899/5899/5899 5898/5898/5898 5897/5897/5897
f 5898/5898/5898 5899/5899/5899 5900/5900/5900
f 5903/5903/5903 5902/5902/5902 5901/5901/5901
f 5902/5902/5902 5903/5903/5903 5904/5904/5904
f 5907/5907/5907 5906/5906/5906 5905/5905/5905
f 5906/5906/5906 5907/5907/5907 5908/5908/5908
f 5911/5911/5911 5910/5910/5910 5909/5909/5909
f 5910/5910/5910 5911/5911/5911 5912/5912/5912
f 5915/5915/5915 5914/5914/5914 5913/5913/5913
f 5914/5914/5914 5915/5915/5915 5916/5916/5916
f 5919/5919/5919 5918/5918/5918 5917/5917/5917
f 5918/5918/5918 5919/5919/5919 5920/5920/5920
f 5923/5923/5923 5922/5922/5922 5921/5921/5921
f 5922/5922/5922 5923/5923/5923 5924/5924/5924
f 5927/5927/5927 5926/5926/5926 5925/5925/5925
f 5926/5926/5926 5927/5927/5927 5928/5928/5928
f 5931/5931/5931 5930/5930/5930 5929/5929/5929
f 5930/5930/5930 5931/5931/5931 5932/5932/5932
f 5935/5935/5935 5934/5934/5934 5933/5933/5933
f 5934/5934/5934 5935/5935/5935 5936/5936/5936
f 5939/5939/5939 5938/5938/5938 5937/5937/5937
f 5938/5938/5938 5939/5939/5939 5940/5940/5940
f 5943/5943/5943 5942/5942/5942 5941/5941/5941
f 5942/5942/5942 5943/5943/5943 5944/5944/5944
f 5947/5947/5947 5946/5946/5946 5945/5945/5945
f 5946/5946/5946 5947/5947/5947 5948/5948/5948
f 5951/5951/5951 5950/5950/5950 5949/5949/5949
f 5950/5950/5950 5951/5951/5951 5952/5952/5952
f 5955/5955/5955 5954/5954/5954 5953/5953/5953
f 5954/5954/5954 5955/5955/5955 5956/5956/5956
f 5959/5959/5959 5958/5958/5958 5957/5957/5957
f 5958/5958/5958 5959/5959/5959 5960/5960/5960
f 5963/5963/5963 5962/5962/5962 5961/5961/5961
f 5962/5962/5962 5963/5963/5963 5964/5964/5964
f 5967/5967/5967 5966/5966/5966 5965/5965/5965
f 5966/5966/5966 5967/5967/5967 5968/5968/5968
f 5971/5971/5971 5970/5970/5970 5969/5969/5969
f 5970/5970/5970 5971/5971/5971 5972/5972/5972
f 5975/5975/5975 5974/5974/5974 5973/5973/5973
f 5974/5974/5974 5975/5975/5975 5976/5976/5976
f 5979/5979/5979 5978/5978/5978 5977/5977/5977
f 5978/5978/5978 5979/5979/5979 5980/5980/5980
f 5983/5983/5983 5982/5982/5982 5981/5981/5981
f 5982/5982/5982 5983/5983/5983 5984/5984/5984
f 5987/5987/5987 5986/5986/5986 5985/5985/5985
f 5986/5986/5986 5987/5987/5987 5988/5988/5988
f 5991/5991/5991 5990/5990/5990 5989/5989/5989
f 5990/5990/5990 5991/5991/5991 5992/5992/5992
f 5995/5995/5995 5994/5994/5994 5993/5993/5993
f 5994/5994/5994 5995/5995/5995 5996/5996/5996
f 5999/5999/5999 5998/5998/5998 5997/5997/5997
f 5998/5998/5998 5999/5999/5999 6000/6000/6000
f 6003/6003/6003 6002/6002/6002 6001/6001/6001
f 6002/6002/6002 6003/6003/6003 6004/6004/6004
f 6007/6007/6007 6006/6006/6006 6005/6005/6005
f 6006/6006/6006 6007/6007/6007 6008/6008/6008
f 6011/6011/6011 6010/6010/6010 6009/6009/6009
f 6010/6010/6010 6011/6011/6011 6012/6012/6012
f 6015/6015/6015 6014/6014/6014 6013/6013/6013
f 6014/6014/6014 6015/6015/6015 6016/6016/6016
f 6019/6019/6019 6018/6018/6018 6017/6017/6017
f 6018/6018/6018 6019/6019/6019 6020/6020/6020
f 6023/6023/6023 6022/6022/6022 6021/6021/6021
f 6022/6022/6022 6023/6023/6023 6024/6024/6024
f 6027/6027/6027 6026/6026/6026 6025/6025/6025
f 6026/6026/6026 6027/6027/6027 6028/6028/6028
f 6031/6031/6031 6030/6030/6030 6029/6029/6029
f 6030/6030/6030 6031/6031/6031 6032/6032/6032
f 6035/6035/6035 6034/6034/6034 6033/6033/6033
f 6034/6034/6034 6035/6035/6035 6036/6036/6036
f 6039/6039/6039 6038/6038/6038 6037/6037/6037
f 6038/6038/6038 6039/6039/6039 6040/6040/6040
f 6043/6043/6043 6042/6042/6042 6041/6041/6041
f 6042/6042/6042 6043/6043/6043 6044/6044/6044
f 6047/6047/6047 6046/6046/6046 6045/6045/6045
f 6046/6046/6046 6047/6047/6047 6048/6048/6048
f 6051/6051/6051 6050/6050/6050 6049/6049/6049
f 6050/6050/6050 6051/6051/6051 6052/6052/6052
f 6055/6055/6055 6054/6054/6054 6053/6053/6053
f 6054/6054/6054 6055/6055/6055 6056/6056/6056
f 6059/6059/6059 6058/6058/6058 6057/6057/6057
f 6058/6058/6058 6059/6059/6059 6060/6060/6060
f 6063/6063/6063 6062/6062/6062 6061/6061/6061
f 6062/6062/6062 6063/6063/6063 6064/6064/6064
f 6067/6067/6067 6066/6066/6066 6065/6065/6065
f 6066/6066/6066 6067/6067/6067 6068/6068/6068
f 6071/6071/6071 6070/6070/6070 6069/6069/6069
f 6070/6070/6070 6071/6071/6071 6072/6072/6072
f 6075/6075/6075 6074/6074/6074 6073/6073/6073
f 6074/6074/6074 6075/6075/6075 6076/6076/6076
f 6079/6079/6079 6078/6078/6078 6077/6077/6077
f 6078/6078/6078 6079/6079/6079 6080/6080/6080
f 6083/6083/6083 6082/6082/6082 6081/6081/6081
f 6082/6082/6082 6083/6083/6083 6084/6084/6084
f 6087/6087/6087 6086/6086/6086 6085/6085/6085
f 6086/6086/6086 6087/6087/6087 6088/6088/6088
f 6091/6091/6091 6090/6090/6090 6089/6089/6089
f 6090/6090/6090 6091/6091/6091 6092/6092/6092
f 6095/6095/6095 6094/6094/6094 6093/6093/6093
f 6094/6094/6094 6095/6095/6095 6096/6096/6096
f 6099/6099/6099 6098/6098/6098 6097/6097/6097
f 6098/6098/6098 6099/6099/6099 6100/6100/6100
f 6103/6103/6103 6102/6102/6102 6101/6101/6101
f 6102/6102/6102 6103/6103/6103 6104/6104/6104
f 6107/6107/6107 6106/6106/6106 6105/6105/6105
f 6106/6106/6106 6107/6107/6107 6108/6108/6108
f 6111/6111/6111 6110/6110/6110 6109/6109/6109
f 6110/6110/6110 6111/6111/6111 6112/6112/6112
f 6115/6115/6115 6114/6114/6114 6113/6113/6113
f 6114/6114/6114 6115/6115/6115 6116/6116/6116
f 6119/6119/6119 6118/6118/6118 6117/6117/6117
f 6118/6118/6118 6119/6119/6119 6120/6120/6120
f 6123/6123/6123 6122/6122/6122 6121/6121/6121
f 6122/6122/6122 6123/6123/6123 6124/6124/6124
f 6127/6127/6127 6126/6126/6126 6125/6125/6125
f 6126/6126/6126 6127/6127/6127 6128/6128/6128
f 6131/6131/6131 6130/6130/6130 6129/6129/6129
f 6130/6130/6130 6131/6131/6131 6132/6132/6132
f 6135/6135/6135 6134/6134/6134 6133/6133/6133
f 6134/6134/6134 6135/6135/6135 6136/6136/6136
f 6139/6139/6139 6138/6138/6138 6137/6137/6137
f 6138/6138/6138 6139/6139/6139 6140/6140/6140
f 6143/6143/6143 6142/6142/6142 6141/6141/6141
f 6142/6142/6142 6143/6143/6143 6144/6144/6144
f 6147/6147/6147 6146/6146/6146 6145/6145/6145
f 6146/6146/6146 6147/6147/6147 6148/6148/6148
f 6151/6151/6151 6150/6150/6150 6149/6149/6149
f 6150/6150/6150 6151/6151/6151 6152/6152/6152
f 6155/6155/6155 6154/6154/6154 6153/6153/6153
f 6154/6154/6154 6155/6155/6155 6156/6156/6156
f 6159/6159/6159 6158/6158/6158 6157/6157/6157
f 6158/6158/6158 6159/6159/6159 6160/6160/6160
f 6163/6163/6163 6162/6162/6162 6161/6161/6161
f 6162/6162/6162 6163/6163/6163 6164/6164/6164
f 6167/6167/6167 6166/6166/6166 6165/6165/6165
f 6166/6166/6166 6167/6167/6167 6168/6168/6168
f 6171/6171/6171 6170/6170/6170 6169/6169/6169
f 6170/6170/6170 6171/6171/6171 6172/6172/6172
f 6175/6175/6175 6174/6174/6174 6173/6173/6173
f 6174/6174/6174 6175/6175/6175 6176/6176/6176
f 6179/6179/6179 6178/6178/6178 6177/6177/6177
f 6178/6178/6178 6179/6179/6179 6180/6180/6180
f 6183/6183/6183 6182/6182/6182 6181/6181/6181
f 6182/6182/6182 6183/6183/6183 6184/6184/6184
f 6187/6187/6187 6186/6186/6186 6185/6185/6185
f 6186/6186/6186 6187/6187/6187 6188/6188/6188
f 6191/6191/6191 6190/6190/6190 6189/6189/6189
f 6190/6190/6190 6191/6191/6191 6192/6192/6192
f 6195/6195/6195 6194/6194/6194 6193/6193/6193
f 6194/6194/6194 6195/6195/6195 6196/6196/6196
f 6199/6199/6199 6198/6198/6198 6197/6197/6197
f 6198/6198/6198 6199/6199/6199 6200/6200/6200
f 6203/6203/6203 6202/6202/6202 6201/6201/6201
f 6202/6202/6202 6203/6203/6203 6204/6204/6204
f 6207/6207/6207 6206/6206/6206 6205/6205/6205
f 6206/6206/6206 6207/6207/6207 6208/6208/6208
f 6211/6211/6211 6210/6210/6210 6209/6209/6209
f 6210/6210/6210 6211/6211/6211 6212/6212/6212
f 6215/6215/6215 6214/6214/6214 6213/6213/6213
f 6214/6214/6214 6215/6215/6215 6216/6216/6216
f 6219/6219/6219 6218/6218/6218 6217/6217/6217
f 6218/6218/6218 6219/6219/6219 6220/6220/6220
f 6223/6223/6223 6222/6222/6222 6221/6221/6221
f 6222/6222/6222 6223/6223/6223 6224/6224/6224
f 6227/6227/6227 6226/6226/6226 6225/6225/6225
f 6226/6226/6226 6227/6227/6227 6228/6228/6228
f 6231/6231/6231 6230/6230/6230 6229/6229/6229
f 6230/6230/6230 6231/6231/6231 6232/6232/6232
f 6235/6235/6235 6234/6234/6234 6233/6233/6233
f 6234/6234/6234 6235/6235/6235 6236/6236/6236
f 6239/6239/6239 6238/6238/6238 6237/6237/6237
f 6238/6238/6238 6239/6239/6239 6240/6240/6240
f 6243/6243/6243 6242/6242/6242 6241/6241/6241
f 6242/6242/6242 6243/6243/6243 6244/6244/6244
f 6247/6247/6247 6246/6246/6246 6245/6245/6245
f 6246/6246/6246 6247/6247/6247 6248/6248/6248
f 6251/6251/6251 6250/6250/6250 6249/6249/6249
f 6250/6250/6250 6251/6251/6251 6252/6252/6252
f 6255/6255/6255 6254/6254/6254 6253/6253/6253
f 6254/6254/6254 6255/6255/6255 6256/6256/6256
f 6259/6259/6259 6258/6258/6258 6257/6257/6257
f 6258/6258/6258 6259/6259/6259 6260/6260/6260
f 6263/6263/6263 6262/6262/6262 6261/6261/6261
f 6262/6262/6262 6263/6263/6263 6264/6264/6264
f 6267/6267/6267 6266/6266/6266 6265/6265/6265
f 6266/6266/6266 6267/6267/6267 6268/6268/6268
f 6271/6271/6271 6270/6270/6270 6269/6269/6269
f 6270/6270/6270 6271/6271/6271 6272/6272/6272
f 6275/6275/6275 6274/6274/6274 6273/6273/6273
f 6274/6274/6274 6275/6275/6275 6276/6276/6276
f 6279/6279/6279 6278/6278/6278 6277/6277/6277
f 6278/6278/6278 6279/6279/6279 6280/6280/6280
f 6283/6283/6283 6282/6282/6282 6281/6281/6281
f 6282/6282/6282 6283/6283/6283 6284/6284/6284
f 6287/6287/6287 6286/6286/6286 6285/6285/6285
f 6286/6286/6286 6287/6287/6287 6288/6288/6288
f 6291/6291/6291 6290/6290/6290 6289/6289/6289
f 6290/6290/6290 6291/6291/6291 6292/6292/6292
f 6295/6295/6295 6294/6294/6294 6293/6293/6293
f 6294/6294/6294 6295/6295/6295 6296/6296/6296
f 6299/6299/6299 6298/6298/6298 6297/6297/6297
f 6298/6298/6298 6299/6299/6299 6300/6300/6300
f 6303/6303/6303 6302/6302/6302 6301/6301/6301
f 6302/6302/6302 6303/6303/6303 6304/6304/6304
f 6307/6307/6307 6306/6306/6306 6305/6305/6305
f 6306/6306/6306 6307/6307/6307 6308/6308/6308
f 6311/6311/6311 6310/6310/6310 6309/6309/6309
f 6310/6310/6310 6311/6311/6311 6312/6312/6312
f 6315/6315/6315 6314/6314/6314 6313/6313/6313
f 6314/6314/6314 6315/6315/6315 6316/6316/6316
f 6319/6319/6319 6318/6318/6318 6317/6317/6317
f 6318/6318/6318 6319/6319/6319 6320/6320/6320
f 6323/6323/6323 6322/6322/6322 6321/6321/6321
f 6322/6322/6322 6323/6323/6323 6324/6324/6324
f 6327/6327/6327 6326/6326/6326 6325/6325/6325
f 6326/6326/6326 6327/6327/6327 6328/6328/6328
f 6331/6331/6331 6330/6330/6330 6329/6329/6329
f 6330/6330/6330 6331/6331/6331 6332/6332/6332
f 6335/6335/6335 6334/6334/6334 6333/6333/6333
f 6334/6334/6334 6335/6335/6335 6336/6336/6336
f 6339/6339/6339 6338/6338/6338 6337/6337/6337
f 6338/6338/6338 6339/6339/6339 6340/6340/6340
f 6343/6343/6343 6342/6342/6342 6341/6341/6341
f 6342/6342/6342 6343/6343/6343 6344/6344/6344
f 6347/6347/6347 6346/6346/6346 6345/6345/6345
f 6346/6346/6346 6347/6347/6347 6348/6348/6348
f 6351/6351/6351 6350/6350/6350 6349/6349/6349
f 6350/6350/6350 6351/6351/6351 6352/6352/6352
f 6355/6355/6355 6354/6354/6354 6353/6353/6353
f 6354/6354/6354 6355/6355/6355 6356/6356/6356
f 6359/6359/6359 6358/6358/6358 6357/6357/6357
f 6358/6358/6358 6359/6359/6359 6360/6360/6360
f 6363/6363/6363 6362/6362/6362 6361/6361/6361
f 6362/6362/6362 6363/6363/6363 6364/6364/6364
f 6367/6367/6367 6366/6366/6366 6365/6365/6365
f 6366/6366/6366 6367/6367/6367 6368/6368/6368
f 6371/6371/6371 6370/6370/6370 6369/6369/6369
f 6370/6370/6370 6371/6371/6371 6372/6372/6372
f 6375/6375/6375 6374/6374/6374 6373/6373/6373
f 6374/6374/6374 6375/6375/6375 6376/6376/6376
f 6379/6379/6379 6378/6378/6378 6377/6377/6377
f 6378/6378/6378 6379/6379/6379 6380/6380/6380
f 6383/6383/6383 6382/6382/6382 6381/6381/6381
f 6382/6382/6382 6383/6383/6383 6384/6384/6384
f 6387/6387/6387 6386/6386/6386 6385/6385/6385
f 6386/6386/6386 6387/6387/6387 6388/6388/6388
f 6391/6391/6391 6390/6390/6390 6389/6389/6389
f 6390/6390/6390 6391/6391/6391 6392/6392/6392
f 6395/6395/6395 6394/6394/6394 6393/6393/6393
f 6394/6394/6394 6395/6395/6395 6396/6396/6396
f 6399/6399/6399 6398/6398/6398 6397/6397/6397
f 6398/6398/6398 6399/6399/6399 6400/6400/6400
f 6403/6403/6403 6402/6402/6402 6401/6401/6401
f 6402/6402/6402 6403/6403/6403 6404/6404/6404
f 6407/6407/6407 6406/6406/6406 6405/6405/6405
f 6406/6406/6406 6407/6407/6407 6408/6408/6408
f 6411/6411/6411 6410/6410/6410 6409/6409/6409
f 6410/6410/6410 6411/6411/6411 6412/6412/6412
f 6415/6415/6415 6414/6414/6414 6413/6413/6413
f 6414/6414/6414 6415/6415/6415 6416/6416/6416
f 6419/6419/6419 6418/6418/6418 6417/6417/6417
f 6418/6418/6418 6419/6419/6419 6420/6420/6420
f 6423/6423/6423 6422/6422/6422 6421/6421/6421
f 6422/6422/6422 6423/6423/6423 6424/6424/6424
f 6427/6427/6427 6426/6426/6426 6425/6425/6425
f 6426/6426/6426 6427/6427/6427 6428/6428/6428
f 6431/6431/6431 6430/6430/6430 6429/6429/6429
f 6430/6430/6430 6431/6431/6431 6432/6432/6432
f 6435/6435/6435 6434/6434/6434 6433/6433/6433
f 6434/6434/6434 6435/6435/6435 6436/6436/6436
f 6439/6439/6439 6438/6438/6438 6437/6437/6437
f 6438/6438/6438 6439/6439/6439 6440/6440/6440
f 6443/6443/6443 6442/6442/6442 6441/6441/6441
f 6442/6442/6442 6443/6443/6443 6444/6444/6444
f 6447/6447/6447 6446/6446/6446 6445/6445/6445
f 6446/6446/6446 6447/6447/6447 6448/6448/6448
f 6451/6451/6451 6450/6450/6450 6449/6449/6449
f 6450/6450/6450 6451/6451/6451 6452/6452/6452
f 6455/6455/6455 6454/6454/6454 6453/6453/6453
f 6454/6454/6454 6455/6455/6455 6456/6456/6456
f 6459/6459/6459 6458/6458/6458 6457/6457/6457
f 6458/6458/6458 6459/6459/6459 6460/6460/6460
f 6463/6463/6463 6462/6462/6462 6461/6461/6461
f 6462/6462/6462 6463/6463/6463 6464/6464/6464
f 6467/6467/6467 6466/6466/6466 6465/6465/6465
f 6466/6466/6466 6467/6467/6467 6468/6468/6468
f 6471/6471/6471 6470/6470/6470 6469/6469/6469
f 6470/6470/6470 6471/6471/6471 6472/6472/6472
f 6475/6475/6475 6474/6474/6474 6473/6473/6473
f 6474/6474/6474 6475/6475/6475 6476/6476/6476
f 6479/6479/6479 6478/6478/6478 6477/6477/6477
f 6478/6478/6478 6479/6479/6479 6480/6480/6480
f 6483/6483/6483 6482/6482/6482 6481/6481/6481
f 6482/6482/6482 6483/6483/6483 6484/6484/6484
f 6487/6487/6487 6486/6486/6486 6485/6485/6485
f 6486/6486/6486 6487/6487/6487 6488/6488/6488
f 6491/6491/6491 6490/6490/6490 6489/6489/6489
f 6490/6490/6490 6491/6491/6491 6492/6492/6492
f 6495/6495/6495 6494/6494/6494 6493/6493/6493
f 6494/6494/6494 6495/6495/6495 6496/6496/6496
f 6499/6499/6499 6498/6498/6498 6497/6497/6497
f 6498/6498/6498 6499/6499/6499 6500/6500/6500
f 6503/6503/6503 6502/6502/6502 6501/6501/6501
f 6502/6502/6502 6503/6503/6503 6504/6504/6504
f 6507/6507/6507 6506/6506/6506 6505/6505/6505
f 6506/6506/6506 6507/6507/6507 6508/6508/6508
f 6511/6511/6511 6510/6510/6510 6509/6509/6509
f 6510/6510/6510 6511/6511/6511 6512/6512/6512
f 6515/6515/6515 6514/6514/6514 6513/6513/6513
f 6514/6514/6514 6515/6515/6515 6516/6516/6516
f 6519/6519/6519 6518/6518/6518 6517/6517/6517
f 6518/6518/6518 6519/6519/6519 6520/6520/6520
f 6523/6523/6523 6522/6522/6522 6521/6521/6521
f 6522/6522/6522 6523/6523/6523 6524/6524/6524
f 6527/6527/6527 6526/6526/6526 6525/6525/6525
f 6526/6526/6526 6527/6527/6527 6528/6528/6528
f 6531/6531/6531 6530/6530/6530 6529/6529/6529
f 6530/6530/6530 6531/6531/6531 6532/6532/6532
f 6535/6535/6535 6534/6534/6534 6533/6533/6533
f 6534/6534/6534 6535/6535/6535 6536/6536/6536
f 6539/6539/6539 6538/6538/6538 6537/6537/6537
f 6538/6538/6538 6539/6539/6539 6540/6540/6540
f 6543/6543/6543 6542/6542/6542 6541/6541/6541
f 6542/6542/6542 6543/6543/6543 6544/6544/6544
f 6547/6547/6547 6546/6546/6546 6545/6545/6545
f 6546/6546/6546 6547/6547/6547 6548/6548/6548
f 6551/6551/6551 6550/6550/6550 6549/6549/6549
f 6550/6550/6550 6551/6551/6551 6552/6552/6552
f 6555/6555/6555 6554/6554/6554 6553/6553/6553
f 6554/6554/6554 6555/6555/6555 6556/6556/6556
f 6559/6559/6559 6558/6558/6558 6557/6557/6557
f 6558/6558/6558 6559/6559/6559 6560/6560/6560
f 6563/6563/6563 6562/6562/6562 6561/6561/6561
f 6562/6562/6562 6563/6563/6563 6564/6564/6564
f 6567/6567/6567 6566/6566/6566 6565/6565/6565
f 6566/6566/6566 6567/6567/6567 6568/6568/6568
f 6571/6571/6571 6570/6570/6570 6569/6569/6569
f 6570/6570/6570 6571/6571/6571 6572/6572/6572
f 6575/6575/6575 6574/6574/6574 6573/6573/6573
f 6574/6574/6574 6575/6575/6575 6576/6576/6576
f 6579/6579/6579 6578/6578/6578 6577/6577/6577
f 6578/6578/6578 6579/6579/6579 6580/6580/6580
f 6583/6583/6583 6582/6582/6582 6581/6581/6581
f 6582/6582/6582 6583/6583/6583 6584/6584/6584
f 6587/6587/6587 6586/6586/6586 6585/6585/6585
f 6586/6586/6586 6587/6587/6587 6588/6588/6588
f 6591/6591/6591 6590/6590/6590 6589/6589/6589
f 6590/6590/6590 6591/6591/6591 6592/6592/6592
f 6595/6595/6595 6594/6594/6594 6593/6593/6593
f 6594/6594/6594 6595/6595/6595 6596/6596/6596
f 6599/6599/6599 6598/6598/6598 6597/6597/6597
f 6598/6598/6598 6599/6599/6599 6600/6600/6600
f 6603/6603/6603 6602/6602/6602 6601/6601/6601
f 6602/6602/6602 6603/6603/6603 6604/6604/6604
f 6607/6607/6607 6606/6606/6606 6605/6605/6605
f 6606/6606/6606 6607/6607/6607 6608/6608/6608
f 6611/6611/6611 6610/6610/6610 6609/6609/6609
f 6610/6610/6610 6611/6611/6611 6612/6612/6612
f 6615/6615/6615 6614/6614/6614 6613/6613/6613
f 6614/6614/6614 6615/6615/6615 6616/6616/6616
f 6619/6619/6619 6618/6618/6618 6617/6617/6617
f 6618/6618/6618 6619/6619/6619 6620/6620/6620
f 6623/6623/6623 6622/6622/6622 6621/6621/6621
f 6622/6622/6622 6623/6623/6623 6624/6624/6624
f 6627/6627/6627 6626/6626/6626 6625/6625/6625
f 6626/6626/6626 6627/6627/6627 6628/6628/6628
f 6631/6631/6631 6630/6630/6630 6629/6629/6629
f 6630/6630/6630 6631/6631/6631 6632/6632/6632
f 6635/6635/6635 6634/6634/6634 6633/6633/6633
f 6634/6634/6634 6635/6635/6635 6636/6636/6636
f 6639/6639/6639 6638/6638/6638 6637/6637/6637
f 6638/6638/6638 6639/6639/6639 6640/6640/6640
f 6643/6643/6643 6642/6642/6642 6641/6641/6641
f 6642/6642/6642 6643/6643/6643 6644/6644/6644
f 6647/6647/6647 6646/6646/6646 6645/6645/6645
f 6646/6646/6646 6647/6647/6647 6648/6648/6648
f 6651/6651/6651 6650/6650/6650 6649/6649/6649
f 6650/6650/6650 6651/6651/6651 6652/6652/6652
f 6655/6655/6655 6654/6654/6654 6653/6653/6653
f 6654/6654/6654 6655/6655/6655 6656/6656/6656
f 6659/6659/6659 6658/6658/6658 6657/6657/6657
f 6658/6658/6658 6659/6659/6659 6660/6660/6660
f 6663/6663/6663 6662/6662/6662 6661/6661/6661
f 6662/6662/6662 6663/6663/6663 6664/6664/6664
f 6667/6667/6667 6666/6666/6666 6665/6665/6665
f 6666/6666/6666 6667/6667/6667 6668/6668/6668
f 6671/6671/6671 6670/6670/6670 6669/6669/6669
f 6670/6670/6670 6671/6671/6671 6672/6672/6672
f 6675/6675/6675 6674/6674/6674 6673/6673/6673
f 6674/6674/6674 6675/6675/6675 6676/6676/6676
f 6679/6679/6679 6678/6678/6678 6677/6677/6677
f 6678/6678/6678 6680/6680/6680 6677/6677/6677
f 6683/6683/6683 6682/6682/6682 6681/6681/6681
f 6682/6682/6682 6683/6683/6683 6684/6684/6684
f 6687/6687/6687 6686/6686/6686 6685/6685/6685
f 6686/6686/6686 6687/6687/6687 6688/6688/6688
f 6691/6691/6691 6690/6690/6690 6689/6689/6689
f 6690/6690/6690 6691/6691/6691 6692/6692/6692
f 6695/6695/6695 6694/6694/6694 6693/6693/6693
f 6694/6694/6694 6695/6695/6695 6696/6696/6696
f 6699/6699/6699 6698/6698/6698 6697/6697/6697
f 6698/6698/6698 6699/6699/6699 6700/6700/6700
f 6703/6703/6703 6702/6702/6702 6701/6701/6701
f 6702/6702/6702 6703/6703/6703 6704/6704/6704
f 6707/6707/6707 6706/6706/6706 6705/6705/6705
f 6706/6706/6706 6707/6707/6707 6708/6708/6708
f 6711/6711/6711 6710/6710/6710 6709/6709/6709
f 6710/6710/6710 6711/6711/6711 6712/6712/6712
f 6715/6715/6715 6714/6714/6714 6713/6713/6713
f 6714/6714/6714 6715/6715/6715 6716/6716/6716
f 6719/6719/6719 6718/6718/6718 6717/6717/6717
f 6718/6718/6718 6719/6719/6719 6720/6720/6720
f 6723/6723/6723 6722/6722/6722 6721/6721/6721
f 6722/6722/6722 6723/6723/6723 6724/6724/6724
f 6727/6727/6727 6726/6726/6726 6725/6725/6725
f 6726/6726/6726 6727/6727/6727 6728/6728/6728
f 6731/6731/6731 6730/6730/6730 6729/6729/6729
f 6730/6730/6730 6731/6731/6731 6732/6732/6732
f 6735/6735/6735 6734/6734/6734 6733/6733/6733
f 6734/6734/6734 6735/6735/6735 6736/6736/6736
f 6739/6739/6739 6738/6738/6738 6737/6737/6737
f 6738/6738/6738 6739/6739/6739 6740/6740/6740
f 6743/6743/6743 6742/6742/6742 6741/6741/6741
f 6742/6742/6742 6743/6743/6743 6744/6744/6744
f 6747/6747/6747 6746/6746/6746 6745/6745/6745
f 6746/6746/6746 6747/6747/6747 6748/6748/6748
f 6751/6751/6751 6750/6750/6750 6749/6749/6749
f 6750/6750/6750 6751/6751/6751 6752/6752/6752
f 6755/6755/6755 6754/6754/6754 6753/6753/6753
f 6754/6754/6754 6755/6755/6755 6756/6756/6756
f 6759/6759/6759 6758/6758/6758 6757/6757/6757
f 6758/6758/6758 6759/6759/6759 6760/6760/6760
f 6763/6763/6763 6762/6762/6762 6761/6761/6761
f 6762/6762/6762 6763/6763/6763 6764/6764/6764
f 6767/6767/6767 6766/6766/6766 6765/6765/6765
f 6766/6766/6766 6767/6767/6767 6768/6768/6768
f 6771/6771/6771 6770/6770/6770 6769/6769/6769
f 6770/6770/6770 6771/6771/6771 6772/6772/6772
f 6775/6775/6775 6774/6774/6774 6773/6773/6773
f 6774/6774/6774 6776/6776/6776 6773/6773/6773
f 6779/6779/6779 6778/6778/6778 6777/6777/6777
f 6778/6778/6778 6779/6779/6779 6780/6780/6780
f 6783/6783/6783 6782/6782/6782 6781/6781/6781
f 6782/6782/6782 6783/6783/6783 6784/6784/6784
f 6787/6787/6787 6786/6786/6786 6785/6785/6785
f 6786/6786/6786 6787/6787/6787 6788/6788/6788
f 6791/6791/6791 6790/6790/6790 6789/6789/6789
f 6790/6790/6790 6791/6791/6791 6792/6792/6792
f 6795/6795/6795 6794/6794/6794 6793/6793/6793
f 6794/6794/6794 6795/6795/6795 6796/6796/6796
f 6799/6799/6799 6798/6798/6798 6797/6797/6797
f 6798/6798/6798 6799/6799/6799 6800/6800/6800
f 6803/6803/6803 6802/6802/6802 6801/6801/6801
f 6802/6802/6802 6803/6803/6803 6804/6804/6804
f 6807/6807/6807 6806/6806/6806 6805/6805/6805
f 6806/6806/6806 6807/6807/6807 6808/6808/6808
f 6811/6811/6811 6810/6810/6810 6809/6809/6809
f 6810/6810/6810 6811/6811/6811 6812/6812/6812
f 6815/6815/6815 6814/6814/6814 6813/6813/6813
f 6814/6814/6814 6815/6815/6815 6816/6816/6816
f 6819/6819/6819 6818/6818/6818 6817/6817/6817
f 6818/6818/6818 6819/6819/6819 6820/6820/6820
f 6823/6823/6823 6822/6822/6822 6821/6821/6821
f 6822/6822/6822 6824/6824/6824 6821/6821/6821
f 6827/6827/6827 6826/6826/6826 6825/6825/6825
f 6826/6826/6826 6827/6827/6827 6828/6828/6828
f 6831/6831/6831 6830/6830/6830 6829/6829/6829
f 6830/6830/6830 6831/6831/6831 6832/6832/6832
f 6835/6835/6835 6834/6834/6834 6833/6833/6833
f 6834/6834/6834 6835/6835/6835 6836/6836/6836
f 6839/6839/6839 6838/6838/6838 6837/6837/6837
f 6838/6838/6838 6839/6839/6839 6840/6840/6840
f 6843/6843/6843 6842/6842/6842 6841/6841/6841
f 6842/6842/6842 6843/6843/6843 6844/6844/6844
f 6847/6847/6847 6846/6846/6846 6845/6845/6845
f 6846/6846/6846 6847/6847/6847 6848/6848/6848
f 6851/6851/6851 6850/6850/6850 6849/6849/6849
f 6850/6850/6850 6851/6851/6851 6852/6852/6852
f 6855/6855/6855 6854/6854/6854 6853/6853/6853
f 6854/6854/6854 6855/6855/6855 6856/6856/6856
f 6859/6859/6859 6858/6858/6858 6857/6857/6857
f 6858/6858/6858 6859/6859/6859 6860/6860/6860
f 6863/6863/6863 6862/6862/6862 6861/6861/6861
f 6862/6862/6862 6863/6863/6863 6864/6864/6864
f 6867/6867/6867 6866/6866/6866 6865/6865/6865
f 6866/6866/6866 6867/6867/6867 6868/6868/6868
f 6871/6871/6871 6870/6870/6870 6869/6869/6869
f 6870/6870/6870 6872/6872/6872 6869/6869/6869
f 6875/6875/6875 6874/6874/6874 6873/6873/6873
f 6874/6874/6874 6875/6875/6875 6876/6876/6876
f 6879/6879/6879 6878/6878/6878 6877/6877/6877
f 6878/6878/6878 6879/6879/6879 6880/6880/6880
f 6883/6883/6883 6882/6882/6882 6881/6881/6881
f 6882/6882/6882 6883/6883/6883 6884/6884/6884
f 6887/6887/6887 6886/6886/6886 6885/6885/6885
f 6886/6886/6886 6887/6887/6887 6888/6888/6888
f 6891/6891/6891 6890/6890/6890 6889/6889/6889
f 6890/6890/6890 6891/6891/6891 6892/6892/6892
f 6895/6895/6895 6894/6894/6894 6893/6893/6893
f 6894/6894/6894 6895/6895/6895 6896/6896/6896
f 6899/6899/6899 6898/6898/6898 6897/6897/6897
f 6898/6898/6898 6899/6899/6899 6900/6900/6900
f 6903/6903/6903 6902/6902/6902 6901/6901/6901
f 6902/6902/6902 6903/6903/6903 6904/6904/6904
f 6907/6907/6907 6906/6906/6906 6905/6905/6905
f 6906/6906/6906 6907/6907/6907 6908/6908/6908
f 6911/6911/6911 6910/6910/6910 6909/6909/6909
f 6910/6910/6910 6911/6911/6911 6912/6912/6912
f 6915/6915/6915 6914/6914/6914 6913/6913/6913
f 6914/6914/6914 6915/6915/6915 6916/6916/6916
f 6919/6919/6919 6918/6918/6918 6917/6917/6917
f 6918/6918/6918 6920/6920/6920 6917/6917/6917
f 6923/6923/6923 6922/6922/6922 6921/6921/6921
f 6922/6922/6922 6923/6923/6923 6924/6924/6924
f 6927/6927/6927 6926/6926/6926 6925/6925/6925
f 6926/6926/6926 6927/6927/6927 6928/6928/6928
f 6931/6931/6931 6930/6930/6930 6929/6929/6929
f 6930/6930/6930 6931/6931/6931 6932/6932/6932
f 6935/6935/6935 6934/6934/6934 6933/6933/6933
f 6934/6934/6934 6935/6935/6935 6936/6936/6936
f 6939/6939/6939 6938/6938/6938 6937/6937/6937
f 6938/6938/6938 6939/6939/6939 6940/6940/6940
f 6943/6943/6943 6942/6942/6942 6941/6941/6941
f 6942/6942/6942 6943/6943/6943 6944/6944/6944
f 6947/6947/6947 6946/6946/6946 6945/6945/6945
f 6946/6946/6946 6947/6947/6947 6948/6948/6948
f 6951/6951/6951 6950/6950/6950 6949/6949/6949
f 6950/6950/6950 6951/6951/6951 6952/6952/6952
f 6955/6955/6955 6954/6954/6954 6953/6953/6953
f 6954/6954/6954 6955/6955/6955 6956/6956/6956
f 6959/6959/6959 6958/6958/6958 6957/6957/6957
f 6958/6958/6958 6959/6959/6959 6960/6960/6960
f 6963/6963/6963 6962/6962/6962 6961/6961/6961
f 6962/6962/6962 6963/6963/6963 6964/6964/6964
f 6967/6967/6967 6966/6966/6966 6965/6965/6965
f 6966/6966/6966 6967/6967/6967 6968/6968/6968
f 6971/6971/6971 6970/6970/6970 6969/6969/6969
f 6970/6970/6970 6971/6971/6971 6972/6972/6972
f 6975/6975/6975 6974/6974/6974 6973/6973/6973
f 6974/6974/6974 6975/6975/6975 6976/6976/6976
f 6979/6979/6979 6978/6978/6978 6977/6977/6977
f 6978/6978/6978 6979/6979/6979 6980/6980/6980
f 6983/6983/6983 6982/6982/6982 6981/6981/6981
f 6982/6982/6982 6983/6983/6983 6984/6984/6984
f 6987/6987/6987 6986/6986/6986 6985/6985/6985
f 6986/6986/6986 6987/6987/6987 6988/6988/6988
f 6991/6991/6991 6990/6990/6990 6989/6989/6989
f 6990/6990/6990 6991/6991/6991 6992/6992/6992
f 6995/6995/6995 6994/6994/6994 6993/6993/6993
f 6994/6994/6994 6995/6995/6995 6996/6996/6996
f 6999/6999/6999 6998/6998/6998 6997/6997/6997
f 6998/6998/6998 6999/6999/6999 7000/7000/7000
f 7003/7003/7003 7002/7002/7002 7001/7001/7001
f 7002/7002/7002 7003/7003/7003 7004/7004/7004
f 7007/7007/7007 7006/7006/7006 7005/7005/7005
f 7006/7006/7006 7007/7007/7007 7008/7008/7008
f 7011/7011/7011 7010/7010/7010 7009/7009/7009
f 7010/7010/7010 7011/7011/7011 7012/7012/7012
f 7015/7015/7015 7014/7014/7014 7013/7013/7013
f 7014/7014/7014 7015/7015/7015 7016/7016/7016
f 7019/7019/7019 7018/7018/7018 7017/7017/7017
f 7018/7018/7018 7019/7019/7019 7020/7020/7020
f 7023/7023/7023 7022/7022/7022 7021/7021/7021
f 7022/7022/7022 7023/7023/7023 7024/7024/7024
f 7027/7027/7027 7026/7026/7026 7025/7025/7025
f 7026/7026/7026 7027/7027/7027 7028/7028/7028
f 7031/7031/7031 7030/7030/7030 7029/7029/7029
f 7030/7030/7030 7031/7031/7031 7032/7032/7032
f 7035/7035/7035 7034/7034/7034 7033/7033/7033
f 7034/7034/7034 7035/7035/7035 7036/7036/7036
f 7039/7039/7039 7038/7038/7038 7037/7037/7037
f 7038/7038/7038 7039/7039/7039 7040/7040/7040
f 7043/7043/7043 7042/7042/7042 7041/7041/7041
f 7042/7042/7042 7043/7043/7043 7044/7044/7044
f 7047/7047/7047 7046/7046/7046 7045/7045/7045
f 7046/7046/7046 7047/7047/7047 7048/7048/7048
f 7051/7051/7051 7050/7050/7050 7049/7049/7049
f 7050/7050/7050 7051/7051/7051 7052/7052/7052
f 7055/7055/7055 7054/7054/7054 7053/7053/7053
f 7054/7054/7054 7055/7055/7055 7056/7056/7056
f 7059/7059/7059 7058/7058/7058 7057/7057/7057
f 7058/7058/7058 7059/7059/7059 7060/7060/7060
f 7063/7063/7063 7062/7062/7062 7061/7061/7061
f 7062/7062/7062 7063/7063/7063 7064/7064/7064
f 7067/7067/7067 7066/7066/7066 7065/7065/7065
f 7066/7066/7066 7067/7067/7067 7068/7068/7068
f 7071/7071/7071 7070/7070/7070 7069/7069/7069
f 7070/7070/7070 7071/7071/7071 7072/7072/7072
f 7075/7075/7075 7074/7074/7074 7073/7073/7073
f 7074/7074/7074 7075/7075/7075 7076/7076/7076
f 7079/7079/7079 7078/7078/7078 7077/7077/7077
f 7078/7078/7078 7079/7079/7079 7080/7080/7080
f 7083/7083/7083 7082/7082/7082 7081/7081/7081
f 7082/7082/7082 7083/7083/7083 7084/7084/7084
f 7087/7087/7087 7086/7086/7086 7085/7085/7085
f 7086/7086/7086 7087/7087/7087 7088/7088/7088
f 7091/7091/7091 7090/7090/7090 7089/7089/7089
f 7090/7090/7090 7091/7091/7091 7092/7092/7092
f 7095/7095/7095 7094/7094/7094 7093/7093/7093
f 7094/7094/7094 7095/7095/7095 7096/7096/7096
f 7099/7099/7099 7098/7098/7098 7097/7097/7097
f 7098/7098/7098 7099/7099/7099 7100/7100/7100
f 7103/7103/7103 7102/7102/7102 7101/7101/7101
f 7102/7102/7102 7103/7103/7103 7104/7104/7104
f 7107/7107/7107 7106/7106/7106 7105/7105/7105
f 7106/7106/7106 7107/7107/7107 7108/7108/7108
f 7111/7111/7111 7110/7110/7110 7109/7109/7109
f 7110/7110/7110 7111/7111/7111 7112/7112/7112
f 7115/7115/7115 7114/7114/7114 7113/7113/7113
f 7114/7114/7114 7115/7115/7115 7116/7116/7116
f 7119/7119/7119 7118/7118/7118 7117/7117/7117
f 7118/7118/7118 7119/7119/7119 7120/7120/7120
f 7123/7123/7123 7122/7122/7122 7121/7121/7121
f 7122/7122/7122 7123/7123/7123 7124/7124/7124
f 7127/7127/7127 7126/7126/7126 7125/7125/7125
f 7126/7126/7126 7127/7127/7127 7128/7128/7128
f 7131/7131/7131 7130/7130/7130 7129/7129/7129
f 7130/7130/7130 7132/7132/7132 7129/7129/7129
f 7135/7135/7135 7134/7134/7134 7133/7133/7133
f 7134/7134/7134 7135/7135/7135 7136/7136/7136
f 7139/7139/7139 7138/7138/7138 7137/7137/7137
f 7138/7138/7138 7139/7139/7139 7140/7140/7140
f 7143/7143/7143 7142/7142/7142 7141/7141/7141
f 7142/7142/7142 7143/7143/7143 7144/7144/7144
f 7147/7147/7147 7146/7146/7146 7145/7145/7145
f 7146/7146/7146 7147/7147/7147 7148/7148/7148
f 7151/7151/7151 7150/7150/7150 7149/7149/7149
f 7150/7150/7150 7151/7151/7151 7152/7152/7152
f 7155/7155/7155 7154/7154/7154 7153/7153/7153
f 7154/7154/7154 7155/7155/7155 7156/7156/7156
f 7159/7159/7159 7158/7158/7158 7157/7157/7157
f 7158/7158/7158 7159/7159/7159 7160/7160/7160
f 7163/7163/7163 7162/7162/7162 7161/7161/7161
f 7162/7162/7162 7163/7163/7163 7164/7164/7164
f 7167/7167/7167 7166/7166/7166 7165/7165/7165
f 7166/7166/7166 7167/7167/7167 7168/7168/7168
f 7171/7171/7171 7170/7170/7170 7169/7169/7169
f 7170/7170/7170 7171/7171/7171 7172/7172/7172
f 7175/7175/7175 7174/7174/7174 7173/7173/7173
f 7174/7174/7174 7175/7175/7175 7176/7176/7176
f 7179/7179/7179 7178/7178/7178 7177/7177/7177
f 7178/7178/7178 7179/7179/7179 7180/7180/7180
f 7183/7183/7183 7182/7182/7182 7181/7181/7181
f 7182/7182/7182 7183/7183/7183 7184/7184/7184
f 7187/7187/7187 7186/7186/7186 7185/7185/7185
f 7186/7186/7186 7187/7187/7187 7188/7188/7188
f 7191/7191/7191 7190/7190/7190 7189/7189/7189
f 7190/7190/7190 7191/7191/7191 7192/7192/7192
f 7195/7195/7195 7194/7194/7194 7193/7193/7193
f 7194/7194/7194 7195/7195/7195 7196/7196/7196
f 7199/7199/7199 7198/7198/7198 7197/7197/7197
f 7198/7198/7198 7199/7199/7199 7200/7200/7200
f 7203/7203/7203 7202/7202/7202 7201/7201/7201
f 7202/7202/7202 7203/7203/7203 7204/7204/7204
f 7207/7207/7207 7206/7206/7206 7205/7205/7205
f 7206/7206/7206 7207/7207/7207 7208/7208/7208
f 7211/7211/7211 7210/7210/7210 7209/7209/7209
f 7210/7210/7210 7211/7211/7211 7212/7212/7212
f 7215/7215/7215 7214/7214/7214 7213/7213/7213
f 7214/7214/7214 7215/7215/7215 7216/7216/7216
f 7219/7219/7219 7218/7218/7218 7217/7217/7217
f 7218/7218/7218 7219/7219/7219 7220/7220/7220
f 7223/7223/7223 7222/7222/7222 7221/7221/7221
f 7222/7222/7222 7223/7223/7223 7224/7224/7224
f 7227/7227/7227 7226/7226/7226 7225/7225/7225
f 7226/7226/7226 7227/7227/7227 7228/7228/7228
f 7231/7231/7231 7230/7230/7230 7229/7229/7229
f 7230/7230/7230 7231/7231/7231 7232/7232/7232
f 7235/7235/7235 7234/7234/7234 7233/7233/7233
f 7234/7234/7234 7235/7235/7235 7236/7236/7236
f 7239/7239/7239 7238/7238/7238 7237/7237/7237
f 7238/7238/7238 7239/7239/7239 7240/7240/7240
f 7243/7243/7243 7242/7242/7242 7241/7241/7241
f 7242/7242/7242 7243/7243/7243 7244/7244/7244
f 7247/7247/7247 7246/7246/7246 7245/7245/7245
f 7246/7246/7246 7247/7247/7247 7248/7248/7248
f 7251/7251/7251 7250/7250/7250 7249/7249/7249
f 7250/7250/7250 7251/7251/7251 7252/7252/7252
f 7255/7255/7255 7254/7254/7254 7253/7253/7253
f 7254/7254/7254 7255/7255/7255 7256/7256/7256
f 7259/7259/7259 7258/7258/7258 7257/7257/7257
f 7258/7258/7258 7259/7259/7259 7260/7260/7260
f 7263/7263/7263 7262/7262/7262 7261/7261/7261
f 7262/7262/7262 7263/7263/7263 7264/7264/7264
f 7267/7267/7267 7266/7266/7266 7265/7265/7265
f 7266/7266/7266 7267/7267/7267 7268/7268/7268
f 7271/7271/7271 7270/7270/7270 7269/7269/7269
f 7270/7270/7270 7271/7271/7271 7272/7272/7272
f 7275/7275/7275 7274/7274/7274 7273/7273/7273
f 7274/7274/7274 7275/7275/7275 7276/7276/7276
f 7279/7279/7279 7278/7278/7278 7277/7277/7277
f 7278/7278/7278 7279/7279/7279 7280/7280/7280
f 7283/7283/7283 7282/7282/7282 7281/7281/7281
f 7282/7282/7282 7283/7283/7283 7284/7284/7284
f 7287/7287/7287 7286/7286/7286 7285/7285/7285
f 7286/7286/7286 7287/7287/7287 7288/7288/7288
f 7291/7291/7291 7290/7290/7290 7289/7289/7289
f 7290/7290/7290 7291/7291/7291 7292/7292/7292
f 7295/7295/7295 7294/7294/7294 7293/7293/7293
f 7294/7294/7294 7295/7295/7295 7296/7296/7296
f 7299/7299/7299 7298/7298/7298 7297/7297/7297
f 7298/7298/7298 7299/7299/7299 7300/7300/7300
f 7303/7303/7303 7302/7302/7302 7301/7301/7301
f 7302/7302/7302 7303/7303/7303 7304/7304/7304
f 7307/7307/7307 7306/7306/7306 7305/7305/7305
f 7306/7306/7306 7307/7307/7307 7308/7308/7308
f 7311/7311/7311 7310/7310/7310 7309/7309/7309
f 7310/7310/7310 7311/7311/7311 7312/7312/7312
f 7315/7315/7315 7314/7314/7314 7313/7313/7313
f 7314/7314/7314 7315/7315/7315 7316/7316/7316
f 7319/7319/7319 7318/7318/7318 7317/7317/7317
f 7318/7318/7318 7319/7319/7319 7320/7320/7320
f 7323/7323/7323 7322/7322/7322 7321/7321/7321
f 7322/7322/7322 7323/7323/7323 7324/7324/7324
f 7327/7327/7327 7326/7326/7326 7325/7325/7325
f 7326/7326/7326 7327/7327/7327 7328/7328/7328
f 7331/7331/7331 7330/7330/7330 7329/7329/7329
f 7330/7330/7330 7331/7331/7331 7332/7332/7332
