g A003_F002
v -1.0364916 -2.1228125 -9.42924
v -1.0366309 -3.6645164 -9.412203
v -1.2401391 -2.1228125 -9.636506
v -1.2402905 -3.6645164 -9.61947
v -1.2401391 -2.1228125 -9.636506
v -1.0366309 -3.6645164 -9.412203
v 1.7029883 -3.6645164 -9.388715
v 1.7031323 -2.1228125 -9.405749
v 1.9102441 -3.6645164 -9.592377
v 1.9104004 -2.1228125 -9.609414
v 1.9102441 -3.6645164 -9.592377
v 1.7031323 -2.1228125 -9.405749
v 1.9102441 -3.6645164 -9.592377
v 1.6376318 -3.8036914 -9.727227
v 1.7029883 -3.6645164 -9.388715
v -1.2402905 -3.6645164 -9.61947
v -1.0366309 -3.6645164 -9.412203
v -1.0025024 -3.8036914 -9.749635
v 1.7469262 -3.664511 -12.485092
v 1.7451196 -3.8082256 -12.2796335
v 1.9505786 -3.664511 -12.277834
v -0.99268794 -3.664511 -12.508581
v -1.1999487 -3.664511 -12.304924
v -0.95969236 -3.803686 -12.300324
v 1.7451196 -3.8082256 -12.2796335
v 1.6376318 -3.8036914 -9.727227
v 1.9505786 -3.664511 -12.277834
v 1.9102441 -3.6645164 -9.592377
v 1.9505786 -3.664511 -12.277834
v 1.6376318 -3.8036914 -9.727227
v 10.853928 -0.78639644 10.959922
v 10.854976 5.4899216 10.893503
v 11.177937 -0.78972656 10.67979
v 11.178998 5.486594 10.613374
v 11.177937 -0.78972656 10.67979
v 10.854976 5.4899216 10.893503
v 11.177937 -0.78972656 10.67979
v 10.875913 -0.9919202 10.661535
v 10.853928 -0.78639644 10.959922
v 5.2636967 -0.79150754 10.526757
v 5.5438385 -0.78750855 10.8507595
v 5.565838 -0.9930322 10.552375
v 11.024446 -0.8441223 4.067174
v 11.002569 -1.0423181 4.3729005
v 11.304578 -0.8401282 4.391157
v 5.7143607 -0.84523314 3.9580162
v 5.390347 -0.8419067 4.238133
v 5.6924734 -1.0434302 4.26374
v 12.013511 -0.9061438 6.45996
v 11.991718 3.502744 6.360906
v 12.123728 -0.91303706 6.0712633
v 12.101954 3.4958544 5.972195
v 12.123728 -0.91303706 6.0712633
v 11.991718 3.502744 6.360906
v 9.725396 3.3757665 -0.54391176
v 9.742259 -1.0335633 -0.46320862
v 10.036253 3.3873987 -0.38449463
v 10.022765 -1.0282702 -0.30145386
v 10.036253 3.3873987 -0.38449463
v 9.742259 -1.0335633 -0.46320862
v 12.123728 -0.91303706 6.0712633
v 11.955329 -1.0641516 6.243239
v 12.013511 -0.9061438 6.45996
v 2.9126172 -0.89852536 9.443853
v 3.2447412 -0.8919006 9.713851
v 3.186565 -1.0499096 9.497118
v 9.742259 -1.0335633 -0.46320862
v 9.80276 -1.1807153 -0.23771118
v 10.022765 -1.0282702 -0.30145386
v 0.97349364 -1.01932 2.790683
v 0.81166255 -1.0137585 3.071145
v 1.0339819 -1.1664734 3.016181
v 5.7446184 -3.4122436 -9.522136
v 5.7450356 -2.6568701 -9.5672
v 5.9631877 -3.4145024 -9.713593
v 5.9636173 -2.6591258 -9.758655
v 5.9631877 -3.4145024 -9.713593
v 5.7450356 -2.6568701 -9.5672
v 5.9631877 -3.4145024 -9.713593
v 5.758222 -3.5516686 -9.72465
v 5.7446184 -3.4122436 -9.522136
v 1.4799633 -3.4157097 -9.78714
v 1.6714282 -3.4129968 -9.568574
v 1.685039 -3.5524218 -9.771089
v 5.773034 -3.4514093 -12.708081
v 5.7595353 -3.5858624 -12.500581
v 5.9644914 -3.4486992 -12.489526
v 1.6998438 -3.4521637 -12.754509
v 1.481272 -3.4499054 -12.563064
v 1.6863427 -3.5866168 -12.547016
v 3.6087255 -2.3602917 6.926035
v 3.5904882 1.8066894 6.884838
v 3.728635 -2.36255 6.661367
v 3.710405 1.8044336 6.6201653
v 3.728635 -2.36255 6.661367
v 3.5904882 1.8066894 6.884838
v 3.728635 -2.36255 6.661367
v 3.5374217 -2.4997168 6.7360044
v 3.6087255 -2.3602917 6.926035
v -4.8920946 -2.3637598 10.468486
v -4.627417 -2.361046 10.588388
v -4.6987157 -2.5004723 10.39835
v 0.04812622 -2.3994517 -0.97248656
v 0.12159058 -2.5339062 -0.77795774
v 0.31279173 -2.3967407 -0.85259396
v -8.188012 -2.4002063 2.6898754
v -8.307929 -2.3979492 2.9545374
v -8.114555 -2.5346618 2.8843994
v 5.4804 -3.3413537 -3.5841734
v 5.4761314 -0.6584204 -3.6290355
v 5.6778846 -3.3436108 -3.7973144
v 5.6736264 -0.66067624 -3.8421764
v 5.6778846 -3.3436108 -3.7973144
v 5.4761314 -0.6584204 -3.6290355
v 5.6778846 -3.3436108 -3.7973144
v 5.4728775 -3.4807775 -3.7870054
v 5.4804 -3.3413537 -3.5841734
v -1.4235754 -3.3448198 -3.2224414
v -1.2104223 -3.3421063 -3.0249646
v -1.2179407 -3.4815326 -3.2277966
v 5.4908624 -3.3805182 -11.639018
v 5.4785876 -3.5149713 -11.43144
v 5.683599 -3.377807 -11.421589
v -1.22255 -3.3812714 -11.738906
v -1.4399927 -3.3790143 -11.546174
v -1.234834 -3.5157256 -11.531333
v -0.3143872 -2.9716516 -10.836914
v -0.33546874 -1.3388757 -10.871006
v -0.18325928 -2.9731653 -11.002177
v -0.20433106 -1.340387 -11.036267
v -0.18325928 -2.9731653 -11.002177
v -0.33546874 -1.3388757 -10.871006
v -0.18325928 -2.9731653 -11.002177
v -0.3310913 -3.064979 -10.983333
v -0.3143872 -2.9716516 -10.836914
v -2.2600744 -2.9739733 -10.682907
v -2.0948095 -2.9721558 -10.551782
v -2.1115124 -3.0654845 -10.698198
v -0.639707 -2.997871 -12.7829485
v -0.6222778 -3.08787 -12.632985
v -0.47445312 -2.9960558 -12.651829
v -2.4201293 -2.998374 -12.4978075
v -2.5512621 -2.9968626 -12.332556
v -2.4027076 -3.088374 -12.347852
v -4.0195155 -5.203081 -3.4075902
v -4.108534 -1.3648486 -3.440305
v -3.8626866 -5.2045946 -3.5486963
v -3.9516978 -1.3663598 -3.5814085
v -3.8626866 -5.2045946 -3.5486963
v -4.108534 -1.3648486 -3.440305
v -3.8626866 -5.2045946 -3.5486963
v -4.0115952 -5.296409 -3.554746
v -4.0195155 -5.203081 -3.4075902
v -6.485173 -5.205403 -3.560216
v -6.34406 -5.203585 -3.4033885
v -6.33613 -5.2969146 -3.550543
v -3.896709 -5.2292986 -11.09091
v -3.9045067 -5.319297 -10.940142
v -3.7556055 -5.227483 -10.934094
v -6.221257 -5.2298017 -11.086704
v -6.378083 -5.2282896 -10.945608
v -6.229055 -5.319801 -10.935937
v -0.44905517 -5.1855726 -2.5782251
v -0.44883054 -2.3127418 -2.627644
v -0.21034911 -5.1880493 -2.7893555
v -0.21011353 -2.3152149 -2.8387706
v -0.21034911 -5.1880493 -2.7893555
v -0.44883054 -2.3127418 -2.627644
v -0.21034911 -5.1880493 -2.7893555
v -0.43519896 -5.3384886 -2.8004029
v -0.44905517 -5.1855726 -2.5782251
v -5.279337 -5.189375 -2.842854
v -5.068197 -5.1864 -2.6041527
v -5.0543323 -5.339314 -2.8263304
v -0.39820188 -5.228524 -11.301433
v -0.4119165 -5.375986 -11.0737915
v -0.18707275 -5.2255516 -11.062746
v -5.0173497 -5.2293506 -11.3273535
v -5.256056 -5.2268763 -11.116238
v -5.031068 -5.376815 -11.099719
v 7.169186 -1.1629333 6.478253
v 7.0541553 0.63335323 6.478085
v 7.2890306 -1.1647668 6.252172
v 7.1740074 0.6315222 6.2520056
v 7.2890306 -1.1647668 6.252172
v 7.0541553 0.63335323 6.478085
v 7.2890306 -1.1647668 6.252172
v 7.116888 -1.2761315 6.307332
v 7.169186 -1.1629333 6.478253
v -0.52932125 -1.165747 9.008026
v -0.30323485 -1.1635437 9.127867
v -0.35552245 -1.2767419 8.9569435
v 2.9811597 -1.194729 -5.6580443
v 3.0351038 -1.3038915 -5.483059
v 3.207235 -1.1925293 -5.538215
v -4.491255 -1.1953393 -3.0084252
v -4.6111097 -1.193512 -2.7823534
v -4.4373217 -1.3045068 -2.8334398
v -0.18901977 -2.7372594 4.5672617
v -0.19118042 -0.35746947 4.522255
v 0.01822998 -2.739519 4.363601
v 0.016070556 -0.35972533 4.3185925
v 0.01822998 -2.739519 4.363601
v -0.19118042 -0.35746947 4.522255
v 0.01822998 -2.739519 4.363601
v -0.18703735 -2.8766844 4.364304
v -0.18901977 -2.7372594 4.5672617
v -9.359619 -2.7407262 4.817435
v -9.1559515 -2.7380152 5.0246735
v -9.1539545 -2.8774388 4.821714
v -0.46059936 -2.7764196 -3.8194373
v -0.4621924 -2.910874 -3.61151
v -0.25693482 -2.7737083 -3.6122093
v -9.427534 -2.7771728 -3.362025
v -9.634785 -2.7749157 -3.1583703
v -9.429135 -2.9116282 -3.1541016
v 5.508127 -2.8878734 -0.5260986
v 5.499772 0.49834716 -0.4818219
v 5.2592087 -2.8901317 -0.3762152
v 5.250841 0.49609253 -0.3319397
v 5.2592087 -2.8901317 -0.3762152
v 5.499772 0.49834716 -0.4818219
v 5.2592087 -2.8901317 -0.3762152
v 5.459006 -3.0272985 -0.32916686
v 5.508127 -2.8878734 -0.5260986
v 11.921071 -2.8913414 0.9548913
v 11.771174 -2.8886292 0.7059686
v 11.722044 -3.0280542 0.9029089
v 4.3399425 -2.9270372 4.8507447
v 4.3898387 -3.0614917 4.648884
v 4.1900487 -2.924325 4.601843
v 10.602984 -2.9277904 6.082807
v 10.851912 -2.9255333 5.9329267
v 10.652885 -3.0622466 5.880951
v 9.86862 -1.0162634 5.0974956
v 9.793187 2.6594348 5.267357
v 9.612905 -1.019231 4.772678
v 9.537476 2.6564708 4.942506
v 9.612905 -1.019231 4.772678
v 9.793187 2.6594348 5.267357
v 9.612905 -1.019231 4.772678
v 9.581894 -1.1991491 5.0630693
v 9.86862 -1.0162634 5.0974956
v 8.786128 -1.0208154 12.804746
v 9.110947 -1.0172546 12.549016
v 8.824236 -1.2001404 12.514555
v -1.9481213 -1.0676465 4.075658
v -1.6543237 -1.2440039 4.1103253
v -1.6233264 -1.0640857 3.81994
v -2.7057872 -1.0686315 11.527175
v -2.4500916 -1.065669 11.851996
v -2.411985 -1.2449914 11.561846
v -9.900126 -1.9969739 6.5850053
v -10.149602 -1.9980115 6.514826
v -9.898416 0.39187133 6.723311
v -10.147888 0.3908325 6.6531267
v -9.898416 0.39187133 6.723311
v -10.149602 -1.9980115 6.514826
v -10.149602 -1.9980115 6.514826
v -9.900126 -1.9969739 6.5850053
v -9.987466 -2.1763635 6.419598
v -5.981289 -1.8427807 4.276136
v -6.1387353 -2.030725 4.360095
v -6.0513964 -1.8513342 4.5254836
v -12.552339 -2.003805 1.4911718
v -12.622446 -2.0123596 1.7405249
v -12.460324 -2.1907177 1.6453089
v -8.6522455 -1.8560046 -0.47957334
v -8.560207 -2.04291 -0.3254419
v -8.402773 -1.854967 -0.4093939
v 12.293537 -0.5457837 4.1873765
v 12.059544 -0.53350705 4.427734
v 12.51426 1.7542809 4.156331
v 12.28027 1.7665576 4.3966794
v 12.51426 1.7542809 4.156331
v 12.059544 -0.53350705 4.427734
v 3.676765 1.8247119 -1.6017578
v 3.442783 1.8369873 -1.3614062
v 3.4363794 -0.47455564 -1.5704577
v 3.2023852 -0.46227905 -1.3301061
v 3.4363794 -0.47455564 -1.5704577
v 3.442783 1.8369873 -1.3614062
v 12.059544 -0.53350705 4.427734
v 12.293537 -0.5457837 4.1873765
v 12.046665 -0.7731555 4.1930485
v 12.161438 -0.56020874 -1.2403954
v 12.154851 -0.794823 -1.0004406
v 12.401715 -0.5674512 -1.0061108
v 2.961394 -0.44060057 3.8670166
v 3.201665 -0.44784302 4.1012983
v 3.1887841 -0.6875 3.8666155
v 3.2023852 -0.46227905 -1.3301061
v 3.4297888 -0.7091687 -1.3305163
v 3.4363794 -0.47455564 -1.5704577
v -4.0089025 -5.8351808 1.9297339
v -4.1374354 -5.825968 1.7132989
v -3.9576514 -2.593081 1.9363378
v -4.0861816 -2.5838683 1.7199035
v -3.9576514 -2.593081 1.9363378
v -4.1374354 -5.825968 1.7132989
v -4.1374354 -5.825968 1.7132989
v -4.0089025 -5.8351808 1.9297339
v -3.9648645 -6.0058103 1.7497302
v 1.8257763 -5.8460083 3.2694573
v 1.6531787 -6.0220714 3.2178893
v 1.6091467 -5.8514423 3.397885
v -2.6475928 -5.756245 -3.8030932
v -2.8588245 -5.761679 -3.6659656
v -2.6849182 -5.941529 -3.636582
v 3.006184 -5.772512 -2.4667382
v 2.9688694 -5.957789 -2.3002183
v 3.1434119 -5.781726 -2.2557092
v -2.0670862 -5.5547338 -0.45334837
v -2.235133 -2.5564122 -0.49910095
v -1.8025317 -5.5575147 -0.736347
v -1.970559 -2.559187 -0.78209716
v -1.8025317 -5.5575147 -0.736347
v -2.235133 -2.5564122 -0.49910095
v -1.8025317 -5.5575147 -0.736347
v -2.0759106 -5.7261157 -0.723822
v -2.0670862 -5.5547338 -0.45334837
v -7.027178 -5.558999 -0.20839477
v -6.7441797 -5.5556602 0.05616028
v -6.7529855 -5.727043 -0.2143103
v -2.3734264 -5.6028814 -4.063536
v -2.3638036 -5.768148 -3.7864673
v -2.0904405 -5.599547 -3.7989988
v -7.0505075 -5.6038046 -3.554016
v -7.315078 -5.6010303 -3.2710326
v -7.0408936 -5.7690744 -3.2769556
v 2.5192578 -1.7794579 -6.561422
v 2.5221996 -3.244837 -6.5490427
v 2.334519 -1.7794579 -6.6753955
v 2.337456 -3.244837 -6.6630173
v 2.334519 -1.7794579 -6.6753955
v 2.5221996 -3.244837 -6.5490427
v 7.195769 -3.244837 -7.870298
v 7.1928306 -1.7794579 -7.882678
v 7.309734 -3.24484 -8.055041
v 7.3068066 -1.7794579 -8.067424
v 7.309734 -3.24484 -8.055041
v 7.1928306 -1.7794579 -7.882678
v 7.309734 -3.24484 -8.055041
v 7.0879035 -3.4092865 -8.10417
v 7.195769 -3.244837 -7.870298
v 2.337456 -3.244837 -6.6630173
v 2.5221996 -3.244837 -6.5490427
v 2.486692 -3.4092853 -6.799902
v 6.437813 -3.2448285 -11.297744
v 6.4732013 -3.4146416 -11.148386
v 6.6225524 -3.2448285 -11.183777
v 1.7232813 -3.2448285 -10.140569
v 1.6093163 -3.2448273 -9.955825
v 1.784419 -3.409276 -9.9954
v 6.4732013 -3.4146416 -11.148386
v 7.0879035 -3.4092865 -8.10417
v 6.6225524 -3.2448285 -11.183777
v 7.309734 -3.24484 -8.055041
v 6.6225524 -3.2448285 -11.183777
v 7.0879035 -3.4092865 -8.10417
v 5.168647 -0.90582275 -3.5203588
v 5.1694036 0.31235594 -3.5330603
v 5.3310113 -0.90582395 -3.6644275
v 5.331776 0.31235594 -3.6771288
v 5.3310113 -0.90582395 -3.6644275
v 5.1694036 0.31235594 -3.5330603
v 5.3310113 -0.90582395 -3.6644275
v 5.1327477 -1.0702722 -3.7753954
v 5.168647 -0.90582275 -3.5203588
v -1.4953357 -0.90582275 -3.9052417
v -1.3512597 -0.90582275 -3.7428637
v -1.3129822 -1.070271 -3.9933167
v 5.2311015 -0.9058142 -10.265825
v 5.2219462 -1.0756274 -10.112607
v 5.375161 -0.9058142 -10.1034565
v -1.2888086 -0.9058142 -10.48833
v -1.4511791 -0.905813 -10.344265
v -1.2721045 -1.0702612 -10.331701
v 5.2219462 -1.0756274 -10.112607
v 5.1327477 -1.0702722 -3.7753954
v 5.375161 -0.9058142 -10.1034565
v 5.3310113 -0.90582395 -3.6644275
v 5.375161 -0.9058142 -10.1034565
v 5.1327477 -1.0702722 -3.7753954
v 6.8391953 -1.863833 11.47676
v 6.8290734 4.412485 11.411108
v 7.1115575 -1.8671631 11.1461935
v 7.1014495 4.4091578 11.080544
v 7.1115575 -1.8671631 11.1461935
v 6.8290734 4.412485 11.411108
v 7.1115575 -1.8671631 11.1461935
v 6.810757 -2.0693567 11.178921
v 6.8391953 -1.863833 11.47676
v 0.25250855 -1.868944 12.159452
v 0.5830835 -1.8649462 12.431807
v 0.55466187 -2.0704687 12.133965
v 5.8497334 -1.9215587 4.6532717
v 5.8795104 -2.1197546 4.958329
v 6.1802955 -1.9175646 4.9256086
v -0.4063745 -1.9226696 5.6083207
v -0.6787439 -1.9193432 5.938874
v -0.37660766 -2.1208665 5.9133782
v -0.5565625 -4.156385 -10.613987
v -0.9524658 -4.151605 -10.973701
v -0.95490235 -4.518769 -10.624761
v -4.530991 -4.1540036 -10.677163
v -4.133076 -4.516864 -10.675261
v -4.1306443 -4.1497035 -11.024197
v -0.97789794 -4.304977 -3.1191492
v -0.5775488 -4.3006773 -3.4661717
v -0.9758789 -4.663056 -3.476942
v -4.156074 -4.3030725 -3.169646
v -4.1540675 -4.6611524 -3.5274389
v -4.5519676 -4.298294 -3.5293505
v -4.548257 -0.03760376 -3.4486632
v -4.1523585 -0.042384032 -3.0889587
v -4.5519676 -4.298294 -3.5293505
v -4.156074 -4.3030725 -3.169646
v -4.5519676 -4.298294 -3.5293505
v -4.1523585 -0.042384032 -3.0889587
v 2.0770323 -2.9390733 -8.342038
v 2.3044446 -2.9390733 -8.044391
v 2.3064563 -3.2341466 -8.339456
v 4.9108534 -2.9390733 -8.266455
v 4.681449 -3.2341454 -8.269028
v 4.679437 -2.9390733 -7.9739685
v 2.401007 -2.9390612 -12.220207
v 2.1695812 -2.9390624 -11.92773
v 2.3990052 -3.2341344 -11.925154
v 4.7759995 -2.9390612 -12.149785
v 4.773998 -3.2341352 -11.854729
v 5.0034018 -2.939065 -11.852146
v 2.3044446 -2.9390733 -8.044391
v 2.0770323 -2.9390733 -8.342038
v 2.3050401 -0.24979858 -8.068858
v 2.077638 -0.24979858 -8.3665085
v 2.3050401 -0.24979858 -8.068858
v 2.0770323 -2.9390733 -8.342038
v 2.4014368 -0.24978149 -12.220193
v 2.1700208 -0.24978393 -11.927714
v 2.401007 -2.9390612 -12.220207
v 2.1695812 -2.9390624 -11.92773
v 2.401007 -2.9390612 -12.220207
v 2.1700208 -0.24978393 -11.927714
v 1.7508801 -4.469367 0.37284362
v 1.9864306 -4.46937 0.79170406
v 2.0247056 -4.8615046 0.40144348
v 5.885789 -4.469369 0.8535223
v 5.6119742 -4.861505 0.8249377
v 5.5737066 -4.46937 1.2151947
v 2.6094177 -4.4693513 -4.7238793
v 2.2973402 -4.469354 -4.362225
v 2.5711682 -4.8614902 -4.3336353
v 6.196692 -4.469352 -4.3003907
v 6.1584406 -4.861491 -3.910139
v 6.4322476 -4.4693565 -3.881543
v 5.5768914 -1.7173975 1.1828357
v 5.8889647 -1.7173963 0.82116634
v 5.5737066 -4.46937 1.2151947
v 5.885789 -4.469369 0.8535223
v 5.5737066 -4.46937 1.2151947
v 5.8889647 -1.7173963 0.82116634
v 1.9864306 -4.46937 0.79170406
v 1.7508801 -4.469367 0.37284362
v 1.9895984 -1.7173975 0.75934875
v 1.7540526 -1.7173963 0.34048522
v 1.9895984 -1.7173975 0.75934875
v 1.7508801 -4.469367 0.37284362
v 2.609414 -1.7173742 -4.7238607
v 2.2973363 -1.7173779 -4.3622046
v 2.6094177 -4.4693513 -4.7238793
v 2.2973402 -4.469354 -4.362225
v 2.6094177 -4.4693513 -4.7238793
v 2.2973363 -1.7173779 -4.3622046
v 4.112608 -3.1252837 -1.7094897
v 4.2347517 -3.125285 -1.4476465
v 4.275479 -3.3610504 -1.6798632
v 7.5278134 -3.1252837 -1.0472229
v 7.3649573 -3.3610497 -1.0768384
v 7.3242345 -3.125285 -0.84462035
v 5.0115595 -3.1252747 -5.4761305
v 4.80799 -3.1252759 -5.2735386
v 4.9708414 -3.361041 -5.243921
v 8.101045 -3.125274 -4.873108
v 8.060334 -3.361041 -4.640891
v 8.223176 -3.125277 -4.611272
v 7.3276134 -0.67516357 -0.8638739
v 7.531183 -0.67516357 -1.0664771
v 7.3242345 -3.125285 -0.84462035
v 7.5278134 -3.1252837 -1.0472229
v 7.3242345 -3.125285 -0.84462035
v 7.531183 -0.67516357 -1.0664771
v 4.2347517 -3.125285 -1.4476465
v 4.112608 -3.1252837 -1.7094897
v 4.2381253 -0.67516476 -1.4668982
v 4.1159916 -0.67516357 -1.7287439
v 4.2381253 -0.67516476 -1.4668982
v 4.112608 -3.1252837 -1.7094897
v 5.0115595 -0.67515135 -5.476119
v 4.80798 -0.6751526 -5.273525
v 5.0115595 -3.1252747 -5.4761305
v 4.80799 -3.1252759 -5.2735386
v 5.0115595 -3.1252747 -5.4761305
v 4.80798 -0.6751526 -5.273525
v -4.075978 -3.5103838 -4.947722
v -4.523929 -3.5058239 -5.192002
v -4.447627 -3.856046 -4.86802
v -11.612929 -3.5081115 -3.1667993
v -11.243674 -3.854232 -3.254625
v -11.319983 -3.50401 -3.578606
v -2.7769678 -3.6521192 2.1226099
v -2.4840174 -3.6480162 1.7108148
v -2.8556578 -3.9936736 1.7905205
v -9.573017 -3.6503026 3.7360077
v -9.651716 -3.9918602 3.403917
v -10.020962 -3.6457458 3.4917326
v -9.999357 -1.3912598 3.5656865
v -9.551404 -1.3958191 3.8099616
v -10.020962 -3.6457458 3.4917326
v -9.573017 -3.6503026 3.7360077
v -10.020962 -3.6457458 3.4917326
v -9.551404 -1.3958191 3.8099616
v -5.706278 -2.936765 -9.712659
v -6.1021814 -2.931985 -10.072372
v -6.1046176 -3.2991486 -9.723433
v -10.390356 -2.9343834 -9.775835
v -9.992441 -3.2972429 -9.773934
v -9.990009 -2.930083 -10.122869
v -6.1276135 -3.085357 0.4912213
v -5.7272644 -3.081057 0.14419861
v -6.125594 -3.443435 0.13342895
v -10.015439 -3.0834527 0.44072387
v -10.0134325 -3.441532 0.08293091
v -10.411333 -3.0786743 0.08101928
v -10.407621 -1.824735 0.16170593
v -10.0117235 -1.8295153 0.5214099
v -10.411333 -3.0786743 0.08101928
v -10.015439 -3.0834527 0.44072387
v -10.411333 -3.0786743 0.08101928
v -10.0117235 -1.8295153 0.5214099
v 7.4470854 -3.3085315 -3.763551
v 7.447183 -1.5724548 -3.7762744
v 7.601803 -3.308534 -3.9158044
v 7.60191 -1.5724548 -3.9285278
v 7.601803 -3.308534 -3.9158044
v 7.447183 -1.5724548 -3.7762744
v 7.601803 -3.308534 -3.9158044
v 7.398078 -3.472981 -4.016394
v 7.4470854 -3.3085315 -3.763551
v 2.4410326 -3.3085315 -3.7491503
v 2.5932884 -3.3085315 -3.5944238
v 2.618601 -3.4729795 -3.8465173
v 7.5236297 -3.308523 -8.365859
v 7.522394 -3.478336 -8.212373
v 7.6758776 -3.308523 -8.211139
v 2.6691613 -3.308523 -8.365847
v 2.5144446 -3.3085217 -8.2135935
v 2.6939294 -3.47297 -8.21029
v 7.522394 -3.478336 -8.212373
v 7.398078 -3.472981 -4.016394
v 7.6758776 -3.308523 -8.211139
v 7.601803 -3.308534 -3.9158044
v 7.6758776 -3.308523 -8.211139
v 7.398078 -3.472981 -4.016394
v -4.159535 -2.7357957 -7.9736886
v -4.160155 -1.789569 -8.008608
v -3.9953954 -2.7375464 -8.116326
v -3.994823 -1.7913171 -8.124006
v -3.9953954 -2.7375464 -8.116326
v -4.160155 -1.789569 -8.008608
v -3.9953954 -2.7375464 -8.116326
v -4.1532407 -2.843856 -8.093354
v -4.159535 -2.7357957 -7.9736886
v -8.452422 -2.7384813 -8.092675
v -8.299501 -2.7363794 -7.9410644
v -8.293203 -2.844441 -8.098249
v -4.160773 -2.7661474 -11.73833
v -4.1722765 -2.870354 -11.577582
v -4.0134864 -2.7640452 -11.567983
v -8.299927 -2.7667308 -11.732078
v -8.470293 -2.764983 -11.584795
v -8.31144 -2.87094 -11.57133
v -4.1532407 -2.843856 -8.093354
v -8.293203 -2.844441 -8.098249
v -4.159535 -2.7357957 -7.9736886
v -8.299501 -2.7363794 -7.9410644
v -4.159535 -2.7357957 -7.9736886
v -8.293203 -2.844441 -8.098249
v -8.552739 -4.5952153 -1.1901087
v -8.372707 -4.595217 -0.9641272
v -8.387453 -4.8309817 -1.199425
v -5.649277 -4.595216 -1.27552
v -5.814541 -4.8309813 -1.2661963
v -5.7997828 -4.595217 -1.030896
v -8.532507 -4.5952067 -4.2975354
v -8.683005 -4.5952086 -4.052926
v -8.517749 -4.830974 -4.0622473
v -5.9595847 -4.5952067 -4.3643103
v -5.944814 -4.8309746 -4.129015
v -5.779563 -4.5952106 -4.1383324
v -5.801007 -2.2439744 -1.0504076
v -5.6505103 -2.2439744 -1.2950281
v -5.7997828 -4.595217 -1.030896
v -5.649277 -4.595216 -1.27552
v -5.7997828 -4.595217 -1.030896
v -5.6505103 -2.2439744 -1.2950281
v -8.372707 -4.595217 -0.9641272
v -8.552739 -4.5952153 -1.1901087
v -8.373933 -2.2439744 -0.98363525
v -8.55396 -2.2439733 -1.2096215
v -8.373933 -2.2439744 -0.98363525
v -8.552739 -4.5952153 -1.1901087
v -8.532502 -2.2439623 -4.2975245
v -8.683018 -2.243965 -4.0529137
v -8.532507 -4.5952067 -4.2975354
v -8.683005 -4.5952086 -4.052926
v -8.532507 -4.5952067 -4.2975354
v -8.683018 -2.243965 -4.0529137
v -4.7979712 -1.7921996 -1.8780224
v -4.483835 -1.7921984 -1.673988
v -4.580992 -2.087273 -1.9526062
v -2.470061 -1.7921996 -2.6274035
v -2.6870165 -2.0872717 -2.5528162
v -2.5898607 -1.7921984 -2.2742028
v -5.2317896 -1.7921875 -4.0603905
v -5.3516016 -1.7921886 -3.707196
v -5.1346264 -2.0872607 -3.781787
v -3.3378148 -1.7921875 -4.6606054
v -3.2406507 -2.0872607 -4.3819995
v -3.0236926 -1.79219 -4.456576
v -2.597495 0.8970752 -2.2974596
v -2.477705 0.8970752 -2.6506555
v -2.5898607 -1.7921984 -2.2742028
v -2.470061 -1.7921996 -2.6274035
v -2.5898607 -1.7921984 -2.2742028
v -2.477705 0.8970752 -2.6506555
v -4.483835 -1.7921984 -1.673988
v -4.7979712 -1.7921996 -1.8780224
v -4.491488 0.8970752 -1.6972363
v -4.805614 0.8970752 -1.9012743
v -4.491488 0.8970752 -1.6972363
v -4.7979712 -1.7921996 -1.8780224
v -5.2313795 0.8970923 -4.0605197
v -5.351183 0.89708984 -3.707329
v -5.2317896 -1.7921875 -4.0603905
v -5.3516016 -1.7921886 -3.707196
v -5.2317896 -1.7921875 -4.0603905
v -5.351183 0.89708984 -3.707329
v 2.3097315 -1.8663305 -0.40004882
v 2.5929956 -1.8663293 -0.154953
v 2.534873 -2.1614037 -0.44424316
v 6.583141 -1.8663305 -1.1642102
v 6.3580203 -2.1614025 -1.1200098
v 6.416143 -1.8663305 -0.8307232
v 1.8370972 -1.8663183 -4.2629185
v 1.6700854 -1.8663195 -3.9294395
v 1.8952246 -2.1613915 -3.97364
v 5.6602435 -1.8663183 -4.9386888
v 5.718373 -2.1613927 -4.6494093
v 5.9434953 -1.8663219 -4.6935997
v 2.5929956 -1.8663293 -0.154953
v 2.3097315 -1.8663305 -0.40004882
v 2.5885937 0.82294434 -0.17902832
v 2.305344 0.82294434 -0.424129
v 2.5885937 0.82294434 -0.17902832
v 2.3097315 -1.8663305 -0.40004882
v 1.8375195 0.8229614 -4.262992
v 1.6705176 0.82295895 -3.9295154
v 1.8370972 -1.8663183 -4.2629185
v 1.6700854 -1.8663195 -3.9294395
v 1.8370972 -1.8663183 -4.2629185
v 1.6705176 0.82295895 -3.9295154
v -11.086999 -3.7421265 -3.0900817
v -10.891087 -3.7421265 -2.8668702
v -10.905378 -3.976084 -3.1003907
v -7.3754516 -3.7421265 -3.161892
v -7.5570602 -3.9760833 -3.151577
v -7.5427685 -3.7421257 -2.9180615
v -10.949238 -3.7421167 -4.848906
v -11.116562 -3.7421172 -4.605083
v -10.934937 -3.9760742 -4.615398
v -7.600925 -3.7421167 -4.9000974
v -7.5866256 -3.9760747 -4.666587
v -7.405012 -3.7421184 -4.676893
v -7.543601 -2.0089185 -2.9374511
v -7.3762913 -2.0089185 -3.1812816
v -7.5427685 -3.7421257 -2.9180615
v -7.3754516 -3.7421265 -3.161892
v -7.5427685 -3.7421257 -2.9180615
v -7.3762913 -2.0089185 -3.1812816
v -10.891087 -3.7421265 -2.8668702
v -11.086999 -3.7421265 -3.0900817
v -10.891929 -2.0089185 -2.8862572
v -11.087842 -2.0089185 -3.1094701
v -10.891929 -2.0089185 -2.8862572
v -11.086999 -3.7421265 -3.0900817
v -10.948896 -2.0089061 -4.8489184
v -11.116216 -2.0089073 -4.605095
v -10.949238 -3.7421167 -4.848906
v -11.116562 -3.7421172 -4.605083
v -10.949238 -3.7421167 -4.848906
v -11.116216 -2.0089073 -4.605095
v 2.8229175 -1.8923937 0.0039001463
v 2.6737695 -1.8860546 -0.17554687
v 2.8186157 -0.0604895 0.18303588
v 2.6883838 -0.05414917 -0.05155273
v 2.8186157 -0.0604895 0.18303588
v 2.6737695 -1.8860546 -0.17554687
v 2.6737695 -1.8860546 -0.17554687
v 2.8229175 -1.8923937 0.0039001463
v 2.8750489 -2.0772545 -0.18356629
v 10.225446 -1.8926574 1.9172357
v 10.042894 -2.0808678 1.8599695
v 9.990777 -1.8960071 2.0474274
v 4.135994 -1.8792809 -4.3076024
v 3.9013238 -1.8826294 -4.1774106
v 4.0836687 -2.0738366 -4.1302967
v 11.295005 -1.8812414 -2.216687
v 11.242693 -2.075792 -2.0393689
v 11.425236 -1.887583 -1.982102
v 1.7031323 -2.1228125 -9.405749
v 1.7029883 -3.6645164 -9.388715
v -1.0364916 -2.1228125 -9.42924
v -1.0366309 -3.6645164 -9.412203
v -1.2401391 -2.1228125 -9.636506
v -1.2402905 -3.6645164 -9.61947
v -1.1999536 -2.1228075 -12.304921
v -1.1999487 -3.664511 -12.304924
v -0.99268794 -2.1228075 -12.508579
v -0.99268794 -3.664511 -12.508581
v 1.746936 -2.1228075 -12.485087
v 1.7469262 -3.664511 -12.485092
v 1.9505883 -2.1228075 -12.277832
v 1.9505786 -3.664511 -12.277834
v 1.9104004 -2.1228125 -9.609414
v 1.9102441 -3.6645164 -9.592377
v -1.1999536 -2.1228075 -12.304921
v -1.1999487 -3.664511 -12.304924
v -0.99268794 -2.1228075 -12.508579
v -0.99268794 -3.664511 -12.508581
v 1.746936 -2.1228075 -12.485087
v 1.7469262 -3.664511 -12.485092
v 1.9505883 -2.1228075 -12.277832
v 1.9505786 -3.664511 -12.277834
v -0.95969236 -3.803686 -12.300324
v 1.7451196 -3.8082256 -12.2796335
v -0.99268794 -3.664511 -12.508581
v 1.7469262 -3.664511 -12.485092
v -1.0025024 -3.8036914 -9.749635
v -0.95969236 -3.803686 -12.300324
v -1.2402905 -3.6645164 -9.61947
v -1.1999487 -3.664511 -12.304924
v 1.6376318 -3.8036914 -9.727227
v -1.0025024 -3.8036914 -9.749635
v 1.7029883 -3.6645164 -9.388715
v -1.0366309 -3.6645164 -9.412203
v 10.854976 5.4899216 10.893503
v 10.853928 -0.78639644 10.959922
v 5.5448713 5.488794 10.78435
v 5.5438385 -0.78750855 10.8507595
v 5.2647443 5.4848 10.460354
v 5.2636967 -0.79150754 10.526757
v 5.3895683 5.4347043 4.196782
v 5.390347 -0.8419067 4.238133
v 5.7135916 5.431377 3.9166636
v 5.7143607 -0.84523314 3.9580162
v 11.023686 5.4324903 4.0258274
v 11.024446 -0.8441223 4.067174
v 11.303818 5.4364867 4.3498135
v 11.304578 -0.8401282 4.391157
v 11.178998 5.486594 10.613374
v 11.177937 -0.78972656 10.67979
v 5.5448713 5.488794 10.78435
v 5.5438385 -0.78750855 10.8507595
v 5.2647443 5.4848 10.460354
v 5.2636967 -0.79150754 10.526757
v 5.3895683 5.4347043 4.196782
v 5.390347 -0.8419067 4.238133
v 5.7135916 5.431377 3.9166636
v 5.7143607 -0.84523314 3.9580162
v 11.023686 5.4324903 4.0258274
v 11.024446 -0.8441223 4.067174
v 11.303818 5.4364867 4.3498135
v 11.304578 -0.8401282 4.391157
v 11.002569 -1.0423181 4.3729005
v 10.875913 -0.9919202 10.661535
v 11.304578 -0.8401282 4.391157
v 11.177937 -0.78972656 10.67979
v 5.6924734 -1.0434302 4.26374
v 11.002569 -1.0423181 4.3729005
v 5.7143607 -0.84523314 3.9580162
v 11.024446 -0.8441223 4.067174
v 5.565838 -0.9930322 10.552375
v 5.6924734 -1.0434302 4.26374
v 5.2636967 -0.79150754 10.526757
v 5.390347 -0.8419067 4.238133
v 10.875913 -0.9919202 10.661535
v 5.565838 -0.9930322 10.552375
v 10.853928 -0.78639644 10.959922
v 5.5438385 -0.78750855 10.8507595
v 11.991718 3.502744 6.360906
v 12.013511 -0.9061438 6.45996
v 3.2229466 3.5169764 9.614801
v 3.2447412 -0.8919006 9.713851
v 2.8908324 3.510354 9.344805
v 2.9126172 -0.89852536 9.443853
v 0.7947827 3.3955688 2.990437
v 0.81166255 -1.0137585 3.071145
v 0.95662594 3.390006 2.7099767
v 0.97349364 -1.01932 2.790683
v 9.725396 3.3757665 -0.54391176
v 9.742259 -1.0335633 -0.46320862
v 10.036253 3.3873987 -0.38449463
v 10.022765 -1.0282702 -0.30145386
v 12.101954 3.4958544 5.972195
v 12.123728 -0.91303706 6.0712633
v 3.2229466 3.5169764 9.614801
v 3.2447412 -0.8919006 9.713851
v 2.8908324 3.510354 9.344805
v 2.9126172 -0.89852536 9.443853
v 0.7947827 3.3955688 2.990437
v 0.81166255 -1.0137585 3.071145
v 0.95662594 3.390006 2.7099767
v 0.97349364 -1.01932 2.790683
v 9.80276 -1.1807153 -0.23771118
v 11.955329 -1.0641516 6.243239
v 10.022765 -1.0282702 -0.30145386
v 12.123728 -0.91303706 6.0712633
v 1.0339819 -1.1664734 3.016181
v 9.80276 -1.1807153 -0.23771118
v 0.97349364 -1.01932 2.790683
v 9.742259 -1.0335633 -0.46320862
v 3.186565 -1.0499096 9.497118
v 1.0339819 -1.1664734 3.016181
v 2.9126172 -0.89852536 9.443853
v 0.81166255 -1.0137585 3.071145
v 11.955329 -1.0641516 6.243239
v 3.186565 -1.0499096 9.497118
v 12.013511 -0.9061438 6.45996
v 3.2447412 -0.8919006 9.713851
v 5.7450356 -2.6568701 -9.5672
v 5.7446184 -3.4122436 -9.522136
v 1.6718383 -2.6576343 -9.613626
v 1.6714282 -3.4129968 -9.568574
v 1.4803808 -2.6603441 -9.83219
v 1.4799633 -3.4157097 -9.78714
v 1.4805615 -2.694325 -12.591115
v 1.481272 -3.4499054 -12.563064
v 1.6991405 -2.6965833 -12.78256
v 1.6998438 -3.4521637 -12.754509
v 5.772338 -2.6958275 -12.736125
v 5.773034 -3.4514093 -12.708081
v 5.9637957 -2.6931164 -12.517568
v 5.9644914 -3.4486992 -12.489526
v 5.9636173 -2.6591258 -9.758655
v 5.9631877 -3.4145024 -9.713593
v 1.6718383 -2.6576343 -9.613626
v 1.6714282 -3.4129968 -9.568574
v 1.4803808 -2.6603441 -9.83219
v 1.4799633 -3.4157097 -9.78714
v 1.4805615 -2.694325 -12.591115
v 1.481272 -3.4499054 -12.563064
v 1.6991405 -2.6965833 -12.78256
v 1.6998438 -3.4521637 -12.754509
v 5.772338 -2.6958275 -12.736125
v 5.773034 -3.4514093 -12.708081
v 5.9637957 -2.6931164 -12.517568
v 5.9644914 -3.4486992 -12.489526
v 5.7595353 -3.5858624 -12.500581
v 5.758222 -3.5516686 -9.72465
v 5.9644914 -3.4486992 -12.489526
v 5.9631877 -3.4145024 -9.713593
v 1.6863427 -3.5866168 -12.547016
v 5.7595353 -3.5858624 -12.500581
v 1.6998438 -3.4521637 -12.754509
v 5.773034 -3.4514093 -12.708081
v 1.685039 -3.5524218 -9.771089
v 1.6863427 -3.5866168 -12.547016
v 1.4799633 -3.4157097 -9.78714
v 1.481272 -3.4499054 -12.563064
v 5.758222 -3.5516686 -9.72465
v 1.685039 -3.5524218 -9.771089
v 5.7446184 -3.4122436 -9.522136
v 1.6714282 -3.4129968 -9.568574
v 3.5904882 1.8066894 6.884838
v 3.6087255 -2.3602917 6.926035
v -4.645659 1.805924 10.547202
v -4.627417 -2.361046 10.588388
v -4.9103317 1.8032129 10.427298
v -4.8920946 -2.3637598 10.468486
v -8.320166 1.7692382 2.9292912
v -8.307929 -2.3979492 2.9545374
v -8.200244 1.7669799 2.664626
v -8.188012 -2.4002063 2.6898754
v 0.03590454 1.7677356 -0.9977282
v 0.04812622 -2.3994517 -0.97248656
v 0.30057007 1.7704468 -0.8778369
v 0.31279173 -2.3967407 -0.85259396
v 3.710405 1.8044336 6.6201653
v 3.728635 -2.36255 6.661367
v -4.645659 1.805924 10.547202
v -4.627417 -2.361046 10.588388
v -4.9103317 1.8032129 10.427298
v -4.8920946 -2.3637598 10.468486
v -8.320166 1.7692382 2.9292912
v -8.307929 -2.3979492 2.9545374
v -8.200244 1.7669799 2.664626
v -8.188012 -2.4002063 2.6898754
v 0.03590454 1.7677356 -0.9977282
v 0.04812622 -2.3994517 -0.97248656
v 0.30057007 1.7704468 -0.8778369
v 0.31279173 -2.3967407 -0.85259396
v 0.12159058 -2.5339062 -0.77795774
v 3.5374217 -2.4997168 6.7360044
v 0.31279173 -2.3967407 -0.85259396
v 3.728635 -2.36255 6.661367
v -8.114555 -2.5346618 2.8843994
v 0.12159058 -2.5339062 -0.77795774
v -8.188012 -2.4002063 2.6898754
v 0.04812622 -2.3994517 -0.97248656
v -4.6987157 -2.5004723 10.39835
v -8.114555 -2.5346618 2.8843994
v -4.8920946 -2.3637598 10.468486
v -8.307929 -2.3979492 2.9545374
v 3.5374217 -2.4997168 6.7360044
v -4.6987157 -2.5004723 10.39835
v 3.6087255 -2.3602917 6.926035
v -4.627417 -2.361046 10.588388
v 5.4761314 -0.6584204 -3.6290355
v 5.4804 -3.3413537 -3.5841734
v -1.2147033 -0.6591846 -3.0698144
v -1.2104223 -3.3421063 -3.0249646
v -1.4278406 -0.6618945 -3.2672875
v -1.4235754 -3.3448198 -3.2224414
v -1.4408642 -0.6958752 -11.574221
v -1.4399927 -3.3790143 -11.546174
v -1.2234167 -0.6981335 -11.766948
v -1.22255 -3.3812714 -11.738906
v 5.4900007 -0.6973779 -11.667053
v 5.4908624 -3.3805182 -11.639018
v 5.6827397 -0.69466674 -11.449626
v 5.683599 -3.377807 -11.421589
v 5.6736264 -0.66067624 -3.8421764
v 5.6778846 -3.3436108 -3.7973144
v -1.2147033 -0.6591846 -3.0698144
v -1.2104223 -3.3421063 -3.0249646
v -1.4278406 -0.6618945 -3.2672875
v -1.4235754 -3.3448198 -3.2224414
v -1.4408642 -0.6958752 -11.574221
v -1.4399927 -3.3790143 -11.546174
v -1.2234167 -0.6981335 -11.766948
v -1.22255 -3.3812714 -11.738906
v 5.4900007 -0.6973779 -11.667053
v 5.4908624 -3.3805182 -11.639018
v 5.6827397 -0.69466674 -11.449626
v 5.683599 -3.377807 -11.421589
v 5.4785876 -3.5149713 -11.43144
v 5.4728775 -3.4807775 -3.7870054
v 5.683599 -3.377807 -11.421589
v 5.6778846 -3.3436108 -3.7973144
v -1.234834 -3.5157256 -11.531333
v 5.4785876 -3.5149713 -11.43144
v -1.22255 -3.3812714 -11.738906
v 5.4908624 -3.3805182 -11.639018
v -1.2179407 -3.4815326 -3.2277966
v -1.234834 -3.5157256 -11.531333
v -1.4235754 -3.3448198 -3.2224414
v -1.4399927 -3.3790143 -11.546174
v 5.4728775 -3.4807775 -3.7870054
v -1.2179407 -3.4815326 -3.2277966
v 5.4804 -3.3413537 -3.5841734
v -1.2104223 -3.3421063 -3.0249646
v -0.33546874 -1.3388757 -10.871006
v -0.3143872 -2.9716516 -10.836914
v -2.1003954 -1.3393896 -10.584016
v -2.0948095 -2.9721558 -10.551782
v -2.2656531 -1.3412012 -10.715141
v -2.2600744 -2.9739733 -10.682907
v -2.5554333 -1.3639466 -12.352507
v -2.5512621 -2.9968626 -12.332556
v -2.4242957 -1.3654578 -12.517758
v -2.4201293 -2.998374 -12.4978075
v -0.65936524 -1.3649523 -12.804746
v -0.639707 -2.997871 -12.7829485
v -0.4941089 -1.3631384 -12.673628
v -0.47445312 -2.9960558 -12.651829
v -0.20433106 -1.340387 -11.036267
v -0.18325928 -2.9731653 -11.002177
v -2.1003954 -1.3393896 -10.584016
v -2.0948095 -2.9721558 -10.551782
v -2.2656531 -1.3412012 -10.715141
v -2.2600744 -2.9739733 -10.682907
v -2.5554333 -1.3639466 -12.352507
v -2.5512621 -2.9968626 -12.332556
v -2.4242957 -1.3654578 -12.517758
v -2.4201293 -2.998374 -12.4978075
v -0.65936524 -1.3649523 -12.804746
v -0.639707 -2.997871 -12.7829485
v -0.4941089 -1.3631384 -12.673628
v -0.47445312 -2.9960558 -12.651829
v -0.6222778 -3.08787 -12.632985
v -0.3310913 -3.064979 -10.983333
v -0.47445312 -2.9960558 -12.651829
v -0.18325928 -2.9731653 -11.002177
v -2.4027076 -3.088374 -12.347852
v -0.6222778 -3.08787 -12.632985
v -2.4201293 -2.998374 -12.4978075
v -0.639707 -2.997871 -12.7829485
v -2.1115124 -3.0654845 -10.698198
v -2.4027076 -3.088374 -12.347852
v -2.2600744 -2.9739733 -10.682907
v -2.5512621 -2.9968626 -12.332556
v -0.3310913 -3.064979 -10.983333
v -2.1115124 -3.0654845 -10.698198
v -0.3143872 -2.9716516 -10.836914
v -2.0948095 -2.9721558 -10.551782
v -4.108534 -1.3648486 -3.440305
v -4.0195155 -5.203081 -3.4075902
v -6.344197 -1.3653625 -3.4360986
v -6.34406 -5.203585 -3.4033885
v -6.4853 -1.367174 -3.5929222
v -6.485173 -5.205403 -3.560216
v -6.3788743 -1.3899182 -10.965966
v -6.378083 -5.2282896 -10.945608
v -6.2220383 -1.3914294 -11.107065
v -6.221257 -5.2298017 -11.086704
v -3.986372 -1.3909241 -11.111264
v -3.896709 -5.2292986 -11.09091
v -3.8452685 -1.3891101 -10.954448
v -3.7556055 -5.227483 -10.934094
v -3.9516978 -1.3663598 -3.5814085
v -3.8626866 -5.2045946 -3.5486963
v -6.344197 -1.3653625 -3.4360986
v -6.34406 -5.203585 -3.4033885
v -6.4853 -1.367174 -3.5929222
v -6.485173 -5.205403 -3.560216
v -6.3788743 -1.3899182 -10.965966
v -6.378083 -5.2282896 -10.945608
v -6.2220383 -1.3914294 -11.107065
v -6.221257 -5.2298017 -11.086704
v -3.986372 -1.3909241 -11.111264
v -3.896709 -5.2292986 -11.09091
v -3.8452685 -1.3891101 -10.954448
v -3.7556055 -5.227483 -10.934094
v -3.9045067 -5.319297 -10.940142
v -4.0115952 -5.296409 -3.554746
v -3.7556055 -5.227483 -10.934094
v -3.8626866 -5.2045946 -3.5486963
v -6.229055 -5.319801 -10.935937
v -3.9045067 -5.319297 -10.940142
v -6.221257 -5.2298017 -11.086704
v -3.896709 -5.2292986 -11.09091
v -6.33613 -5.2969146 -3.550543
v -6.229055 -5.319801 -10.935937
v -6.485173 -5.205403 -3.560216
v -6.378083 -5.2282896 -10.945608
v -4.0115952 -5.296409 -3.554746
v -6.33613 -5.2969146 -3.550543
v -4.0195155 -5.203081 -3.4075902
v -6.34406 -5.203585 -3.4033885
v -0.44883054 -2.3127418 -2.627644
v -0.44905517 -5.1855726 -2.5782251
v -5.06798 -2.313579 -2.6535583
v -5.068197 -5.1864 -2.6041527
v -5.2791147 -2.3165514 -2.8922594
v -5.279337 -5.189375 -2.842854
v -5.2569838 -2.3538158 -11.146992
v -5.256056 -5.2268763 -11.116238
v -5.0182676 -2.3562927 -11.358115
v -5.0173497 -5.2293506 -11.3273535
v -0.39911255 -2.355465 -11.332188
v -0.39820188 -5.228524 -11.301433
v -0.1879834 -2.3524926 -11.093501
v -0.18707275 -5.2255516 -11.062746
v -0.21011353 -2.3152149 -2.8387706
v -0.21034911 -5.1880493 -2.7893555
v -5.06798 -2.313579 -2.6535583
v -5.068197 -5.1864 -2.6041527
v -5.2791147 -2.3165514 -2.8922594
v -5.279337 -5.189375 -2.842854
v -5.2569838 -2.3538158 -11.146992
v -5.256056 -5.2268763 -11.116238
v -5.0182676 -2.3562927 -11.358115
v -5.0173497 -5.2293506 -11.3273535
v -0.39911255 -2.355465 -11.332188
v -0.39820188 -5.228524 -11.301433
v -0.1879834 -2.3524926 -11.093501
v -0.18707275 -5.2255516 -11.062746
v -0.4119165 -5.375986 -11.0737915
v -0.43519896 -5.3384886 -2.8004029
v -0.18707275 -5.2255516 -11.062746
v -0.21034911 -5.1880493 -2.7893555
v -5.031068 -5.376815 -11.099719
v -0.4119165 -5.375986 -11.0737915
v -5.0173497 -5.2293506 -11.3273535
v -0.39820188 -5.228524 -11.301433
v -5.0543323 -5.339314 -2.8263304
v -5.031068 -5.376815 -11.099719
v -5.279337 -5.189375 -2.842854
v -5.256056 -5.2268763 -11.116238
v -0.43519896 -5.3384886 -2.8004029
v -5.0543323 -5.339314 -2.8263304
v -0.44905517 -5.1855726 -2.5782251
v -5.068197 -5.1864 -2.6041527
v 7.0541553 0.63335323 6.478085
v 7.169186 -1.1629333 6.478253
v -0.3170227 0.63273436 9.090675
v -0.30323485 -1.1635437 9.127867
v -0.5430969 0.63053465 8.970833
v -0.52932125 -1.165747 9.008026
v -4.6204834 0.60295653 -2.8052099
v -4.6111097 -1.193512 -2.7823534
v -4.500631 0.6011218 -3.031283
v -4.491255 -1.1953393 -3.0084252
v 2.8705492 0.60173583 -5.6438622
v 2.9811597 -1.194729 -5.6580443
v 3.0966222 0.60393554 -5.5240283
v 3.207235 -1.1925293 -5.538215
v 7.1740074 0.6315222 6.2520056
v 7.2890306 -1.1647668 6.252172
v -0.3170227 0.63273436 9.090675
v -0.30323485 -1.1635437 9.127867
v -0.5430969 0.63053465 8.970833
v -0.52932125 -1.165747 9.008026
v -4.6204834 0.60295653 -2.8052099
v -4.6111097 -1.193512 -2.7823534
v -4.500631 0.6011218 -3.031283
v -4.491255 -1.1953393 -3.0084252
v 2.8705492 0.60173583 -5.6438622
v 2.9811597 -1.194729 -5.6580443
v 3.0966222 0.60393554 -5.5240283
v 3.207235 -1.1925293 -5.538215
v 3.0351038 -1.3038915 -5.483059
v 7.116888 -1.2761315 6.307332
v 3.207235 -1.1925293 -5.538215
v 7.2890306 -1.1647668 6.252172
v -4.4373217 -1.3045068 -2.8334398
v 3.0351038 -1.3038915 -5.483059
v -4.491255 -1.1953393 -3.0084252
v 2.9811597 -1.194729 -5.6580443
v -0.35552245 -1.2767419 8.9569435
v -4.4373217 -1.3045068 -2.8334398
v -0.52932125 -1.165747 9.008026
v -4.6111097 -1.193512 -2.7823534
v 7.116888 -1.2761315 6.307332
v -0.35552245 -1.2767419 8.9569435
v 7.169186 -1.1629333 6.478253
v -0.30323485 -1.1635437 9.127867
v -0.19118042 -0.35746947 4.522255
v -0.18901977 -2.7372594 4.5672617
v -9.158125 -0.35823363 4.9796686
v -9.1559515 -2.7380152 5.0246735
v -9.361787 -0.3609436 4.7724333
v -9.359619 -2.7407262 4.817435
v -9.637099 -0.3949243 -3.1863353
v -9.634785 -2.7749157 -3.1583703
v -9.429838 -0.3971826 -3.3899877
v -9.427534 -2.7771728 -3.362025
v -0.4629016 -0.396427 -3.8473973
v -0.46059936 -2.7764196 -3.8194373
v -0.25924072 -0.39371458 -3.6401672
v -0.25693482 -2.7737083 -3.6122093
v 0.016070556 -0.35972533 4.3185925
v 0.01822998 -2.739519 4.363601
v -9.158125 -0.35823363 4.9796686
v -9.1559515 -2.7380152 5.0246735
v -9.361787 -0.3609436 4.7724333
v -9.359619 -2.7407262 4.817435
v -9.637099 -0.3949243 -3.1863353
v -9.634785 -2.7749157 -3.1583703
v -9.429838 -0.3971826 -3.3899877
v -9.427534 -2.7771728 -3.362025
v -0.4629016 -0.396427 -3.8473973
v -0.46059936 -2.7764196 -3.8194373
v -0.25924072 -0.39371458 -3.6401672
v -0.25693482 -2.7737083 -3.6122093
v -0.4621924 -2.910874 -3.61151
v -0.18703735 -2.8766844 4.364304
v -0.25693482 -2.7737083 -3.6122093
v 0.01822998 -2.739519 4.363601
v -9.429135 -2.9116282 -3.1541016
v -0.4621924 -2.910874 -3.61151
v -9.427534 -2.7771728 -3.362025
v -0.46059936 -2.7764196 -3.8194373
v -9.1539545 -2.8774388 4.821714
v -9.429135 -2.9116282 -3.1541016
v -9.359619 -2.7407262 4.817435
v -9.634785 -2.7749157 -3.1583703
v -0.18703735 -2.8766844 4.364304
v -9.1539545 -2.8774388 4.821714
v -0.18901977 -2.7372594 4.5672617
v -9.1559515 -2.7380152 5.0246735
v 5.499772 0.49834716 -0.4818219
v 5.508127 -2.8878734 -0.5260986
v 11.762822 0.4975781 0.750238
v 11.771174 -2.8886292 0.7059686
v 11.912715 0.49486816 0.9991559
v 11.921071 -2.8913414 0.9548913
v 10.847656 0.46088988 5.9606633
v 10.851912 -2.9255333 5.9329267
v 10.598729 0.45863158 6.110542
v 10.602984 -2.9277904 6.082807
v 4.3356833 0.45938963 4.878469
v 4.3399425 -2.9270372 4.8507447
v 4.185791 0.46210083 4.6295643
v 4.1900487 -2.924325 4.601843
v 5.250841 0.49609253 -0.3319397
v 5.2592087 -2.8901317 -0.3762152
v 11.762822 0.4975781 0.750238
v 11.771174 -2.8886292 0.7059686
v 11.912715 0.49486816 0.9991559
v 11.921071 -2.8913414 0.9548913
v 10.847656 0.46088988 5.9606633
v 10.851912 -2.9255333 5.9329267
v 10.598729 0.45863158 6.110542
v 10.602984 -2.9277904 6.082807
v 4.3356833 0.45938963 4.878469
v 4.3399425 -2.9270372 4.8507447
v 4.185791 0.46210083 4.6295643
v 4.1900487 -2.924325 4.601843
v 4.3898387 -3.0614917 4.648884
v 5.459006 -3.0272985 -0.32916686
v 4.1900487 -2.924325 4.601843
v 5.2592087 -2.8901317 -0.3762152
v 10.652885 -3.0622466 5.880951
v 4.3898387 -3.0614917 4.648884
v 10.602984 -2.9277904 6.082807
v 4.3399425 -2.9270372 4.8507447
v 11.722044 -3.0280542 0.9029089
v 10.652885 -3.0622466 5.880951
v 11.921071 -2.8913414 0.9548913
v 10.851912 -2.9255333 5.9329267
v 5.459006 -3.0272985 -0.32916686
v 11.722044 -3.0280542 0.9029089
v 5.508127 -2.8878734 -0.5260986
v 11.771174 -2.8886292 0.7059686
v 9.793187 2.6594348 5.267357
v 9.86862 -1.0162634 5.0974956
v 9.046976 2.6584253 12.545071
v 9.110947 -1.0172546 12.549016
v 8.722159 2.6548767 12.800786
v 8.786128 -1.0208154 12.804746
v -2.4900146 2.6103027 11.85092
v -2.4500916 -1.065669 11.851996
v -2.7457104 2.6073413 11.526076
v -2.7057872 -1.0686315 11.527175
v -1.9994812 2.6083324 4.2483606
v -1.9481213 -1.0676465 4.075658
v -1.6746862 2.6118872 3.9926536
v -1.6233264 -1.0640857 3.81994
v 9.537476 2.6564708 4.942506
v 9.612905 -1.019231 4.772678
v 9.046976 2.6584253 12.545071
v 9.110947 -1.0172546 12.549016
v 8.722159 2.6548767 12.800786
v 8.786128 -1.0208154 12.804746
v -2.4900146 2.6103027 11.85092
v -2.4500916 -1.065669 11.851996
v -2.7457104 2.6073413 11.526076
v -2.7057872 -1.0686315 11.527175
v -1.9994812 2.6083324 4.2483606
v -1.9481213 -1.0676465 4.075658
v -1.6746862 2.6118872 3.9926536
v -1.6233264 -1.0640857 3.81994
v -1.6543237 -1.2440039 4.1103253
v 9.581894 -1.1991491 5.0630693
v -1.6233264 -1.0640857 3.81994
v 9.612905 -1.019231 4.772678
v -2.411985 -1.2449914 11.561846
v -1.6543237 -1.2440039 4.1103253
v -2.7057872 -1.0686315 11.527175
v -1.9481213 -1.0676465 4.075658
v 8.824236 -1.2001404 12.514555
v -2.411985 -1.2449914 11.561846
v 8.786128 -1.0208154 12.804746
v -2.4500916 -1.065669 11.851996
v 9.581894 -1.1991491 5.0630693
v 8.824236 -1.2001404 12.514555
v 9.86862 -1.0162634 5.0974956
v 9.110947 -1.0172546 12.549016
v -9.898416 0.39187133 6.723311
v -6.049675 0.53750366 4.663793
v -9.900126 -1.9969739 6.5850053
v -6.0513964 -1.8513342 4.5254836
v -5.9795775 0.54606444 4.414441
v -8.393625 0.53357667 -0.25783446
v -5.981289 -1.8427807 4.276136
v -8.402773 -1.854967 -0.4093939
v -8.643093 0.5325378 -0.32800904
v -12.543186 0.38473877 1.6427343
v -8.6522455 -1.8560046 -0.47957334
v -12.552339 -2.003805 1.4911718
v -12.613286 0.37617674 1.8920801
v -10.147888 0.3908325 6.6531267
v -12.622446 -2.0123596 1.7405249
v -10.149602 -1.9980115 6.514826
v -6.049675 0.53750366 4.663793
v -5.9795775 0.54606444 4.414441
v -6.0513964 -1.8513342 4.5254836
v -5.981289 -1.8427807 4.276136
v -8.393625 0.53357667 -0.25783446
v -8.643093 0.5325378 -0.32800904
v -8.402773 -1.854967 -0.4093939
v -8.6522455 -1.8560046 -0.47957334
v -12.543186 0.38473877 1.6427343
v -12.613286 0.37617674 1.8920801
v -12.552339 -2.003805 1.4911718
v -12.622446 -2.0123596 1.7405249
v -12.460324 -2.1907177 1.6453089
v -12.622446 -2.0123596 1.7405249
v -9.987466 -2.1763635 6.419598
v -10.149602 -1.9980115 6.514826
v -8.560207 -2.04291 -0.3254419
v -8.6522455 -1.8560046 -0.47957334
v -12.460324 -2.1907177 1.6453089
v -12.552339 -2.003805 1.4911718
v -6.1387353 -2.030725 4.360095
v -5.981289 -1.8427807 4.276136
v -8.560207 -2.04291 -0.3254419
v -8.402773 -1.854967 -0.4093939
v -9.987466 -2.1763635 6.419598
v -9.900126 -1.9969739 6.5850053
v -6.1387353 -2.030725 4.360095
v -6.0513964 -1.8513342 4.5254836
v 12.51426 1.7542809 4.156331
v 12.622446 1.7326025 -1.0371802
v 12.293537 -0.5457837 4.1873765
v 12.401715 -0.5674512 -1.0061108
v 12.382158 1.7398535 -1.2714416
v 3.676765 1.8247119 -1.6017578
v 12.161438 -0.56020874 -1.2403954
v 3.4363794 -0.47455564 -1.5704577
v 3.442783 1.8369873 -1.3614062
v 3.201787 1.8586645 3.8357012
v 3.2023852 -0.46227905 -1.3301061
v 2.961394 -0.44060057 3.8670166
v 3.4420605 1.851416 4.0699754
v 12.28027 1.7665576 4.3966794
v 3.201665 -0.44784302 4.1012983
v 12.059544 -0.53350705 4.427734
v 12.622446 1.7326025 -1.0371802
v 12.382158 1.7398535 -1.2714416
v 12.401715 -0.5674512 -1.0061108
v 12.161438 -0.56020874 -1.2403954
v 3.201787 1.8586645 3.8357012
v 3.4420605 1.851416 4.0699754
v 2.961394 -0.44060057 3.8670166
v 3.201665 -0.44784302 4.1012983
v 3.1887841 -0.6875 3.8666155
v 3.201665 -0.44784302 4.1012983
v 12.046665 -0.7731555 4.1930485
v 12.059544 -0.53350705 4.427734
v 3.4297888 -0.7091687 -1.3305163
v 3.2023852 -0.46227905 -1.3301061
v 3.1887841 -0.6875 3.8666155
v 2.961394 -0.44060057 3.8670166
v 12.154851 -0.794823 -1.0004406
v 12.161438 -0.56020874 -1.2403954
v 3.4297888 -0.7091687 -1.3305163
v 3.4363794 -0.47455564 -1.5704577
v 12.046665 -0.7731555 4.1930485
v 12.293537 -0.5457837 4.1873765
v 12.154851 -0.794823 -1.0004406
v 12.401715 -0.5674512 -1.0061108
v -3.9576514 -2.593081 1.9363378
v 1.660404 -2.6093504 3.4044976
v -4.0089025 -5.8351808 1.9297339
v 1.6091467 -5.8514423 3.397885
v 1.8770336 -2.6039085 3.2760644
v 3.1991441 -2.5402257 -2.2336168
v 1.8257763 -5.8460083 3.2694573
v 3.1434119 -5.781726 -2.2557092
v 3.0619128 -2.531013 -2.44464
v -2.591859 -2.5147448 -3.7809985
v 3.006184 -5.772512 -2.4667382
v -2.6475928 -5.756245 -3.8030932
v -2.8030896 -2.5201855 -3.6438732
v -4.0861816 -2.5838683 1.7199035
v -2.8588245 -5.761679 -3.6659656
v -4.1374354 -5.825968 1.7132989
v 1.660404 -2.6093504 3.4044976
v 1.8770336 -2.6039085 3.2760644
v 1.6091467 -5.8514423 3.397885
v 1.8257763 -5.8460083 3.2694573
v 3.1991441 -2.5402257 -2.2336168
v 3.0619128 -2.531013 -2.44464
v 3.1434119 -5.781726 -2.2557092
v 3.006184 -5.772512 -2.4667382
v -2.591859 -2.5147448 -3.7809985
v -2.8030896 -2.5201855 -3.6438732
v -2.6475928 -5.756245 -3.8030932
v -2.8588245 -5.761679 -3.6659656
v -2.6849182 -5.941529 -3.636582
v -2.8588245 -5.761679 -3.6659656
v -3.9648645 -6.0058103 1.7497302
v -4.1374354 -5.825968 1.7132989
v 2.9688694 -5.957789 -2.3002183
v 3.006184 -5.772512 -2.4667382
v -2.6849182 -5.941529 -3.636582
v -2.6475928 -5.756245 -3.8030932
v 1.6531787 -6.0220714 3.2178893
v 1.8257763 -5.8460083 3.2694573
v 2.9688694 -5.957789 -2.3002183
v 3.1434119 -5.781726 -2.2557092
v -3.9648645 -6.0058103 1.7497302
v -4.0089025 -5.8351808 1.9297339
v 1.6531787 -6.0220714 3.2178893
v 1.6091467 -5.8514423 3.397885
v -2.235133 -2.5564122 -0.49910095
v -2.0670862 -5.5547338 -0.45334837
v -6.749609 -2.5573559 -0.0036663818
v -6.7441797 -5.5556602 0.05616028
v -7.0326 -2.5606835 -0.26821837
v -7.027178 -5.558999 -0.20839477
v -7.319746 -2.60245 -3.308159
v -7.315078 -5.6010303 -3.2710326
v -7.0551734 -2.6052246 -3.5911424
v -7.0505075 -5.6038046 -3.554016
v -2.540692 -2.604297 -4.0865674
v -2.3734264 -5.6028814 -4.063536
v -2.2576916 -2.6009655 -3.8220313
v -2.0904405 -5.599547 -3.7989988
v -1.970559 -2.559187 -0.78209716
v -1.8025317 -5.5575147 -0.736347
v -6.749609 -2.5573559 -0.0036663818
v -6.7441797 -5.5556602 0.05616028
v -7.0326 -2.5606835 -0.26821837
v -7.027178 -5.558999 -0.20839477
v -7.319746 -2.60245 -3.308159
v -7.315078 -5.6010303 -3.2710326
v -7.0551734 -2.6052246 -3.5911424
v -7.0505075 -5.6038046 -3.554016
v -2.540692 -2.604297 -4.0865674
v -2.3734264 -5.6028814 -4.063536
v -2.2576916 -2.6009655 -3.8220313
v -2.0904405 -5.599547 -3.7989988
v -2.3638036 -5.768148 -3.7864673
v -2.0759106 -5.7261157 -0.723822
v -2.0904405 -5.599547 -3.7989988
v -1.8025317 -5.5575147 -0.736347
v -7.0408936 -5.7690744 -3.2769556
v -2.3638036 -5.768148 -3.7864673
v -7.0505075 -5.6038046 -3.554016
v -2.3734264 -5.6028814 -4.063536
v -6.7529855 -5.727043 -0.2143103
v -7.0408936 -5.7690744 -3.2769556
v -7.027178 -5.558999 -0.20839477
v -7.315078 -5.6010303 -3.2710326
v -2.0759106 -5.7261157 -0.723822
v -6.7529855 -5.727043 -0.2143103
v -2.0670862 -5.5547338 -0.45334837
v -6.7441797 -5.5556602 0.05616028
v 7.1928306 -1.7794579 -7.882678
v 7.195769 -3.244837 -7.870298
v 2.5192578 -1.7794579 -6.561422
v 2.5221996 -3.244837 -6.5490427
v 2.334519 -1.7794579 -6.6753955
v 2.337456 -3.244837 -6.6630173
v 1.6093163 -1.779447 -9.95582
v 1.6093163 -3.2448273 -9.955825
v 1.7232813 -1.7794482 -10.140569
v 1.7232813 -3.2448285 -10.140569
v 6.4378233 -1.7794495 -11.297742
v 6.437813 -3.2448285 -11.297744
v 6.6225605 -1.7794482 -11.183774
v 6.6225524 -3.2448285 -11.183777
v 7.3068066 -1.7794579 -8.067424
v 7.309734 -3.24484 -8.055041
v 1.6093163 -1.779447 -9.95582
v 1.6093163 -3.2448273 -9.955825
v 1.7232813 -1.7794482 -10.140569
v 1.7232813 -3.2448285 -10.140569
v 6.4378233 -1.7794495 -11.297742
v 6.437813 -3.2448285 -11.297744
v 6.6225605 -1.7794482 -11.183774
v 6.6225524 -3.2448285 -11.183777
v 1.784419 -3.409276 -9.9954
v 6.4732013 -3.4146416 -11.148386
v 1.7232813 -3.2448285 -10.140569
v 6.437813 -3.2448285 -11.297744
v 2.486692 -3.4092853 -6.799902
v 1.784419 -3.409276 -9.9954
v 2.337456 -3.244837 -6.6630173
v 1.6093163 -3.2448273 -9.955825
v 7.0879035 -3.4092865 -8.10417
v 2.486692 -3.4092853 -6.799902
v 7.195769 -3.244837 -7.870298
v 2.5221996 -3.244837 -6.5490427
v 5.1694036 0.31235594 -3.5330603
v 5.168647 -0.90582275 -3.5203588
v -1.3505163 0.31235594 -3.7555664
v -1.3512597 -0.90582275 -3.7428637
v -1.4945728 0.31235594 -3.917943
v -1.4953357 -0.90582275 -3.9052417
v -1.4511817 0.31236815 -10.344261
v -1.4511791 -0.905813 -10.344265
v -1.2888086 0.31236693 -10.48833
v -1.2888086 -0.9058142 -10.48833
v 5.231112 0.31236693 -10.2658205
v 5.2311015 -0.9058142 -10.265825
v 5.375169 0.31236693 -10.103453
v 5.375161 -0.9058142 -10.1034565
v 5.331776 0.31235594 -3.6771288
v 5.3310113 -0.90582395 -3.6644275
v -1.3505163 0.31235594 -3.7555664
v -1.3512597 -0.90582275 -3.7428637
v -1.4945728 0.31235594 -3.917943
v -1.4953357 -0.90582275 -3.9052417
v -1.4511817 0.31236815 -10.344261
v -1.4511791 -0.905813 -10.344265
v -1.2888086 0.31236693 -10.48833
v -1.2888086 -0.9058142 -10.48833
v 5.231112 0.31236693 -10.2658205
v 5.2311015 -0.9058142 -10.265825
v 5.375169 0.31236693 -10.103453
v 5.375161 -0.9058142 -10.1034565
v -1.2721045 -1.0702612 -10.331701
v 5.2219462 -1.0756274 -10.112607
v -1.2888086 -0.9058142 -10.48833
v 5.2311015 -0.9058142 -10.265825
v -1.3129822 -1.070271 -3.9933167
v -1.2721045 -1.0702612 -10.331701
v -1.4953357 -0.90582275 -3.9052417
v -1.4511791 -0.905813 -10.344265
v 5.1327477 -1.0702722 -3.7753954
v -1.3129822 -1.070271 -3.9933167
v 5.168647 -0.90582275 -3.5203588
v -1.3512597 -0.90582275 -3.7428637
v 6.8290734 4.412485 11.411108
v 6.8391953 -1.863833 11.47676
v 0.57294923 4.4113574 12.366167
v 0.5830835 -1.8649462 12.431807
v 0.24239013 4.4073634 12.093816
v 0.25250855 -1.868944 12.159452
v -0.68645626 4.357268 5.89824
v -0.6787439 -1.9193432 5.938874
v -0.41407713 4.353939 5.5676847
v -0.4063745 -1.9226696 5.6083207
v 5.84204 4.3550534 4.61264
v 5.8497334 -1.9215587 4.6532717
v 6.1726036 4.3590503 4.8849792
v 6.1802955 -1.9175646 4.9256086
v 7.1014495 4.4091578 11.080544
v 7.1115575 -1.8671631 11.1461935
v 0.57294923 4.4113574 12.366167
v 0.5830835 -1.8649462 12.431807
v 0.24239013 4.4073634 12.093816
v 0.25250855 -1.868944 12.159452
v -0.68645626 4.357268 5.89824
v -0.6787439 -1.9193432 5.938874
v -0.41407713 4.353939 5.5676847
v -0.4063745 -1.9226696 5.6083207
v 5.84204 4.3550534 4.61264
v 5.8497334 -1.9215587 4.6532717
v 6.1726036 4.3590503 4.8849792
v 6.1802955 -1.9175646 4.9256086
v 5.8795104 -2.1197546 4.958329
v 6.810757 -2.0693567 11.178921
v 6.1802955 -1.9175646 4.9256086
v 7.1115575 -1.8671631 11.1461935
v -0.37660766 -2.1208665 5.9133782
v 5.8795104 -2.1197546 4.958329
v -0.4063745 -1.9226696 5.6083207
v 5.8497334 -1.9215587 4.6532717
v 0.55466187 -2.0704687 12.133965
v -0.37660766 -2.1208665 5.9133782
v 0.25250855 -1.868944 12.159452
v -0.6787439 -1.9193432 5.938874
v 6.810757 -2.0693567 11.178921
v 0.55466187 -2.0704687 12.133965
v 6.8391953 -1.863833 11.47676
v 0.5830835 -1.8649462 12.431807
v -0.9758789 -4.663056 -3.476942
v -0.5775488 -4.3006773 -3.4661717
v -0.95490235 -4.518769 -10.624761
v -0.5565625 -4.156385 -10.613987
v -4.1540675 -4.6611524 -3.5274389
v -4.156074 -4.3030725 -3.169646
v -0.9758789 -4.663056 -3.476942
v -0.97789794 -4.304977 -3.1191492
v -4.133076 -4.516864 -10.675261
v -4.530991 -4.1540036 -10.677163
v -4.1540675 -4.6611524 -3.5274389
v -4.5519676 -4.298294 -3.5293505
v -0.95490235 -4.518769 -10.624761
v -0.9524658 -4.151605 -10.973701
v -4.133076 -4.516864 -10.675261
v -4.1306443 -4.1497035 -11.024197
v -0.9489209 0.10871094 -10.863688
v -4.1271286 0.11061523 -10.9141865
v -0.9524658 -4.151605 -10.973701
v -4.1306443 -4.1497035 -11.024197
v -4.527461 0.106313474 -10.567153
v -4.548257 -0.03760376 -3.4486632
v -4.530991 -4.1540036 -10.677163
v -4.5519676 -4.298294 -3.5293505
v -4.1523585 -0.042384032 -3.0889587
v -0.974165 -0.04428833 -3.038458
v -4.156074 -4.3030725 -3.169646
v -0.97789794 -4.304977 -3.1191492
v -0.57383054 -0.039986573 -3.3854785
v -0.55302733 0.10393066 -10.503972
v -0.5775488 -4.3006773 -3.4661717
v -0.5565625 -4.156385 -10.613987
v -4.1271286 0.11061523 -10.9141865
v -4.527461 0.106313474 -10.567153
v -4.1306443 -4.1497035 -11.024197
v -4.530991 -4.1540036 -10.677163
v -0.9524658 -4.151605 -10.973701
v -0.5565625 -4.156385 -10.613987
v -0.9489209 0.10871094 -10.863688
v -0.55302733 0.10393066 -10.503972
v -0.974165 -0.04428833 -3.038458
v -0.57383054 -0.039986573 -3.3854785
v -0.97789794 -4.304977 -3.1191492
v -0.5775488 -4.3006773 -3.4661717
v 2.3990052 -3.2341344 -11.925154
v 2.1695812 -2.9390624 -11.92773
v 2.3064563 -3.2341466 -8.339456
v 2.0770323 -2.9390733 -8.342038
v 4.773998 -3.2341352 -11.854729
v 4.7759995 -2.9390612 -12.149785
v 2.3990052 -3.2341344 -11.925154
v 2.401007 -2.9390612 -12.220207
v 4.681449 -3.2341454 -8.269028
v 4.9108534 -2.9390733 -8.266455
v 4.773998 -3.2341352 -11.854729
v 5.0034018 -2.939065 -11.852146
v 2.3064563 -3.2341466 -8.339456
v 2.3044446 -2.9390733 -8.044391
v 4.681449 -3.2341454 -8.269028
v 4.679437 -2.9390733 -7.9739685
v 2.3050401 -0.24979858 -8.068858
v 4.6800523 -0.24979858 -7.9984384
v 2.3044446 -2.9390733 -8.044391
v 4.679437 -2.9390733 -7.9739685
v 4.9114585 -0.24979858 -8.290925
v 5.0038414 -0.24978393 -11.852129
v 4.9108534 -2.9390733 -8.266455
v 5.0034018 -2.939065 -11.852146
v 4.776429 -0.24978149 -12.149765
v 2.4014368 -0.24978149 -12.220193
v 4.7759995 -2.9390612 -12.149785
v 2.401007 -2.9390612 -12.220207
v 2.1700208 -0.24978393 -11.927714
v 2.077638 -0.24979858 -8.3665085
v 2.1695812 -2.9390624 -11.92773
v 2.0770323 -2.9390733 -8.342038
v 4.6800523 -0.24979858 -7.9984384
v 4.9114585 -0.24979858 -8.290925
v 4.679437 -2.9390733 -7.9739685
v 4.9108534 -2.9390733 -8.266455
v 5.0038414 -0.24978393 -11.852129
v 4.776429 -0.24978149 -12.149765
v 5.0034018 -2.939065 -11.852146
v 4.7759995 -2.9390612 -12.149785
v 2.5711682 -4.8614902 -4.3336353
v 2.2973402 -4.469354 -4.362225
v 2.0247056 -4.8615046 0.40144348
v 1.7508801 -4.469367 0.37284362
v 6.1584406 -4.861491 -3.910139
v 6.196692 -4.469352 -4.3003907
v 2.5711682 -4.8614902 -4.3336353
v 2.6094177 -4.4693513 -4.7238793
v 5.6119742 -4.861505 0.8249377
v 5.885789 -4.469369 0.8535223
v 6.1584406 -4.861491 -3.910139
v 6.4322476 -4.4693565 -3.881543
v 2.0247056 -4.8615046 0.40144348
v 1.9864306 -4.46937 0.79170406
v 5.6119742 -4.861505 0.8249377
v 5.5737066 -4.46937 1.2151947
v 1.9895984 -1.7173975 0.75934875
v 5.5768914 -1.7173975 1.1828357
v 1.9864306 -4.46937 0.79170406
v 5.5737066 -4.46937 1.2151947
v 5.8889647 -1.7173963 0.82116634
v 6.4322414 -1.7173779 -3.8815184
v 5.885789 -4.469369 0.8535223
v 6.4322476 -4.4693565 -3.881543
v 6.196688 -1.7173742 -4.3003635
v 2.609414 -1.7173742 -4.7238607
v 6.196692 -4.469352 -4.3003907
v 2.6094177 -4.4693513 -4.7238793
v 2.2973363 -1.7173779 -4.3622046
v 1.7540526 -1.7173963 0.34048522
v 2.2973402 -4.469354 -4.362225
v 1.7508801 -4.469367 0.37284362
v 6.4322414 -1.7173779 -3.8815184
v 6.196688 -1.7173742 -4.3003635
v 6.4322476 -4.4693565 -3.881543
v 6.196692 -4.469352 -4.3003907
v 4.9708414 -3.361041 -5.243921
v 4.80799 -3.1252759 -5.2735386
v 4.275479 -3.3610504 -1.6798632
v 4.112608 -3.1252837 -1.7094897
v 8.060334 -3.361041 -4.640891
v 8.101045 -3.125274 -4.873108
v 4.9708414 -3.361041 -5.243921
v 5.0115595 -3.1252747 -5.4761305
v 7.3649573 -3.3610497 -1.0768384
v 7.5278134 -3.1252837 -1.0472229
v 8.060334 -3.361041 -4.640891
v 8.223176 -3.125277 -4.611272
v 4.275479 -3.3610504 -1.6798632
v 4.2347517 -3.125285 -1.4476465
v 7.3649573 -3.3610497 -1.0768384
v 7.3242345 -3.125285 -0.84462035
v 4.2381253 -0.67516476 -1.4668982
v 7.3276134 -0.67516357 -0.8638739
v 4.2347517 -3.125285 -1.4476465
v 7.3242345 -3.125285 -0.84462035
v 7.531183 -0.67516357 -1.0664771
v 8.223168 -0.6751538 -4.611261
v 7.5278134 -3.1252837 -1.0472229
v 8.223176 -3.125277 -4.611272
v 8.101043 -0.67515135 -4.8730917
v 5.0115595 -0.67515135 -5.476119
v 8.101045 -3.125274 -4.873108
v 5.0115595 -3.1252747 -5.4761305
v 4.80798 -0.6751526 -5.273525
v 4.1159916 -0.67516357 -1.7287439
v 4.80799 -3.1252759 -5.2735386
v 4.112608 -3.1252837 -1.7094897
v 8.223168 -0.6751538 -4.611261
v 8.101043 -0.67515135 -4.8730917
v 8.223176 -3.125277 -4.611272
v 8.101045 -3.125274 -4.873108
v -2.8556578 -3.9936736 1.7905205
v -2.4840174 -3.6480162 1.7108148
v -4.447627 -3.856046 -4.86802
v -4.075978 -3.5103838 -4.947722
v -9.651716 -3.9918602 3.403917
v -9.573017 -3.6503026 3.7360077
v -2.8556578 -3.9936736 1.7905205
v -2.7769678 -3.6521192 2.1226099
v -11.243674 -3.854232 -3.254625
v -11.612929 -3.5081115 -3.1667993
v -9.651716 -3.9918602 3.403917
v -10.020962 -3.6457458 3.4917326
v -4.447627 -3.856046 -4.86802
v -4.523929 -3.5058239 -5.192002
v -11.243674 -3.854232 -3.254625
v -11.319983 -3.50401 -3.578606
v -4.4958754 -1.2516955 -5.09083
v -11.291955 -1.2498791 -3.4774268
v -4.523929 -3.5058239 -5.192002
v -11.319983 -3.50401 -3.578606
v -11.584885 -1.2539831 -3.0656238
v -9.999357 -1.3912598 3.5656865
v -11.612929 -3.5081115 -3.1667993
v -10.020962 -3.6457458 3.4917326
v -9.551404 -1.3958191 3.8099616
v -2.755343 -1.3976355 2.1965642
v -9.573017 -3.6503026 3.7360077
v -2.7769678 -3.6521192 2.1226099
v -2.4624047 -1.3935326 1.7847729
v -4.047932 -1.2562561 -4.846545
v -2.4840174 -3.6480162 1.7108148
v -4.075978 -3.5103838 -4.947722
v -11.291955 -1.2498791 -3.4774268
v -11.584885 -1.2539831 -3.0656238
v -11.319983 -3.50401 -3.578606
v -11.612929 -3.5081115 -3.1667993
v -4.523929 -3.5058239 -5.192002
v -4.075978 -3.5103838 -4.947722
v -4.4958754 -1.2516955 -5.09083
v -4.047932 -1.2562561 -4.846545
v -2.755343 -1.3976355 2.1965642
v -2.4624047 -1.3935326 1.7847729
v -2.7769678 -3.6521192 2.1226099
v -2.4840174 -3.6480162 1.7108148
v -6.125594 -3.443435 0.13342895
v -5.7272644 -3.081057 0.14419861
v -6.1046176 -3.2991486 -9.723433
v -5.706278 -2.936765 -9.712659
v -10.0134325 -3.441532 0.08293091
v -10.015439 -3.0834527 0.44072387
v -6.125594 -3.443435 0.13342895
v -6.1276135 -3.085357 0.4912213
v -9.992441 -3.2972429 -9.773934
v -10.390356 -2.9343834 -9.775835
v -10.0134325 -3.441532 0.08293091
v -10.411333 -3.0786743 0.08101928
v -6.1046176 -3.2991486 -9.723433
v -6.1021814 -2.931985 -10.072372
v -9.992441 -3.2972429 -9.773934
v -9.990009 -2.930083 -10.122869
v -6.098636 -1.6784204 -9.96236
v -9.986494 -1.676516 -10.012858
v -6.1021814 -2.931985 -10.072372
v -9.990009 -2.930083 -10.122869
v -10.386826 -1.6808178 -9.665825
v -10.407621 -1.824735 0.16170593
v -10.390356 -2.9343834 -9.775835
v -10.411333 -3.0786743 0.08101928
v -10.0117235 -1.8295153 0.5214099
v -6.1238804 -1.8314196 0.571911
v -10.015439 -3.0834527 0.44072387
v -6.1276135 -3.085357 0.4912213
v -5.723546 -1.8271179 0.22489074
v -5.7027426 -1.6832006 -9.602644
v -5.7272644 -3.081057 0.14419861
v -5.706278 -2.936765 -9.712659
v -9.986494 -1.676516 -10.012858
v -10.386826 -1.6808178 -9.665825
v -9.990009 -2.930083 -10.122869
v -10.390356 -2.9343834 -9.775835
v -6.1021814 -2.931985 -10.072372
v -5.706278 -2.936765 -9.712659
v -6.098636 -1.6784204 -9.96236
v -5.7027426 -1.6832006 -9.602644
v -6.1238804 -1.8314196 0.571911
v -5.723546 -1.8271179 0.22489074
v -6.1276135 -3.085357 0.4912213
v -5.7272644 -3.081057 0.14419861
v 7.447183 -1.5724548 -3.7762744
v 7.4470854 -3.3085315 -3.763551
v 2.5933814 -1.5724548 -3.6071472
v 2.5932884 -3.3085315 -3.5944238
v 2.4411364 -1.5724548 -3.7618725
v 2.4410326 -3.3085315 -3.7491503
v 2.514442 -1.5724438 -8.21359
v 2.5144446 -3.3085217 -8.2135935
v 2.6691613 -1.572445 -8.365846
v 2.6691613 -3.308523 -8.365847
v 7.523639 -1.572445 -8.365854
v 7.5236297 -3.308523 -8.365859
v 7.6758847 -1.572445 -8.211136
v 7.6758776 -3.308523 -8.211139
v 7.60191 -1.5724548 -3.9285278
v 7.601803 -3.308534 -3.9158044
v 2.5933814 -1.5724548 -3.6071472
v 2.5932884 -3.3085315 -3.5944238
v 2.4411364 -1.5724548 -3.7618725
v 2.4410326 -3.3085315 -3.7491503
v 2.514442 -1.5724438 -8.21359
v 2.5144446 -3.3085217 -8.2135935
v 2.6691613 -1.572445 -8.365846
v 2.6691613 -3.308523 -8.365847
v 7.523639 -1.572445 -8.365854
v 7.5236297 -3.308523 -8.365859
v 7.6758847 -1.572445 -8.211136
v 7.6758776 -3.308523 -8.211139
v 2.6939294 -3.47297 -8.21029
v 7.522394 -3.478336 -8.212373
v 2.6691613 -3.308523 -8.365847
v 7.5236297 -3.308523 -8.365859
v 2.618601 -3.4729795 -3.8465173
v 2.6939294 -3.47297 -8.21029
v 2.4410326 -3.3085315 -3.7491503
v 2.5144446 -3.3085217 -8.2135935
v 7.398078 -3.472981 -4.016394
v 2.618601 -3.4729795 -3.8465173
v 7.4470854 -3.3085315 -3.763551
v 2.5932884 -3.3085315 -3.5944238
v -4.160155 -1.789569 -8.008608
v -4.159535 -2.7357957 -7.9736886
v -8.300127 -1.7901598 -7.9759827
v -8.299501 -2.7363794 -7.9410644
v -8.453042 -1.7922595 -8.127591
v -8.452422 -2.7384813 -8.092675
v -8.470703 -1.8185986 -11.606541
v -8.470293 -2.764983 -11.584795
v -8.300332 -1.8203503 -11.75382
v -8.299927 -2.7667308 -11.732078
v -4.161172 -1.8197632 -11.760071
v -4.160773 -2.7661474 -11.73833
v -4.013884 -1.817661 -11.589724
v -4.0134864 -2.7640452 -11.567983
v -3.994823 -1.7913171 -8.124006
v -3.9953954 -2.7375464 -8.116326
v -8.300127 -1.7901598 -7.9759827
v -8.299501 -2.7363794 -7.9410644
v -8.453042 -1.7922595 -8.127591
v -8.452422 -2.7384813 -8.092675
v -8.470703 -1.8185986 -11.606541
v -8.470293 -2.764983 -11.584795
v -8.300332 -1.8203503 -11.75382
v -8.299927 -2.7667308 -11.732078
v -4.161172 -1.8197632 -11.760071
v -4.160773 -2.7661474 -11.73833
v -4.013884 -1.817661 -11.589724
v -4.0134864 -2.7640452 -11.567983
v -4.1722765 -2.870354 -11.577582
v -4.1532407 -2.843856 -8.093354
v -4.0134864 -2.7640452 -11.567983
v -3.9953954 -2.7375464 -8.116326
v -8.31144 -2.87094 -11.57133
v -4.1722765 -2.870354 -11.577582
v -8.299927 -2.7667308 -11.732078
v -4.160773 -2.7661474 -11.73833
v -8.293203 -2.844441 -8.098249
v -8.31144 -2.87094 -11.57133
v -8.452422 -2.7384813 -8.092675
v -8.470293 -2.764983 -11.584795
v -8.517749 -4.830974 -4.0622473
v -8.683005 -4.5952086 -4.052926
v -8.387453 -4.8309817 -1.199425
v -8.552739 -4.5952153 -1.1901087
v -5.944814 -4.8309746 -4.129015
v -5.9595847 -4.5952067 -4.3643103
v -8.517749 -4.830974 -4.0622473
v -8.532507 -4.5952067 -4.2975354
v -5.814541 -4.8309813 -1.2661963
v -5.649277 -4.595216 -1.27552
v -5.944814 -4.8309746 -4.129015
v -5.779563 -4.5952106 -4.1383324
v -8.387453 -4.8309817 -1.199425
v -8.372707 -4.595217 -0.9641272
v -5.814541 -4.8309813 -1.2661963
v -5.7997828 -4.595217 -1.030896
v -8.373933 -2.2439744 -0.98363525
v -5.801007 -2.2439744 -1.0504076
v -8.372707 -4.595217 -0.9641272
v -5.7997828 -4.595217 -1.030896
v -5.6505103 -2.2439744 -1.2950281
v -5.7795677 -2.243965 -4.138319
v -5.649277 -4.595216 -1.27552
v -5.779563 -4.5952106 -4.1383324
v -5.9595847 -2.243961 -4.3642945
v -8.532502 -2.2439623 -4.2975245
v -5.9595847 -4.5952067 -4.3643103
v -8.532507 -4.5952067 -4.2975354
v -8.683018 -2.243965 -4.0529137
v -8.55396 -2.2439733 -1.2096215
v -8.683005 -4.5952086 -4.052926
v -8.552739 -4.5952153 -1.1901087
v -5.7795677 -2.243965 -4.138319
v -5.9595847 -2.243961 -4.3642945
v -5.779563 -4.5952106 -4.1383324
v -5.9595847 -4.5952067 -4.3643103
v -5.1346264 -2.0872607 -3.781787
v -5.3516016 -1.7921886 -3.707196
v -4.580992 -2.087273 -1.9526062
v -4.7979712 -1.7921996 -1.8780224
v -3.2406507 -2.0872607 -4.3819995
v -3.3378148 -1.7921875 -4.6606054
v -5.1346264 -2.0872607 -3.781787
v -5.2317896 -1.7921875 -4.0603905
v -2.6870165 -2.0872717 -2.5528162
v -2.470061 -1.7921996 -2.6274035
v -3.2406507 -2.0872607 -4.3819995
v -3.0236926 -1.79219 -4.456576
v -4.580992 -2.087273 -1.9526062
v -4.483835 -1.7921984 -1.673988
v -2.6870165 -2.0872717 -2.5528162
v -2.5898607 -1.7921984 -2.2742028
v -4.491488 0.8970752 -1.6972363
v -2.597495 0.8970752 -2.2974596
v -4.483835 -1.7921984 -1.673988
v -2.5898607 -1.7921984 -2.2742028
v -2.477705 0.8970752 -2.6506555
v -3.0232713 0.89708984 -4.4567075
v -2.470061 -1.7921996 -2.6274035
v -3.0236926 -1.79219 -4.456576
v -3.3374047 0.8970923 -4.66073
v -5.2313795 0.8970923 -4.0605197
v -3.3378148 -1.7921875 -4.6606054
v -5.2317896 -1.7921875 -4.0603905
v -5.351183 0.89708984 -3.707329
v -4.805614 0.8970752 -1.9012743
v -5.3516016 -1.7921886 -3.707196
v -4.7979712 -1.7921996 -1.8780224
v -3.0232713 0.89708984 -4.4567075
v -3.3374047 0.8970923 -4.66073
v -3.0236926 -1.79219 -4.456576
v -3.3378148 -1.7921875 -4.6606054
v 1.8952246 -2.1613915 -3.97364
v 1.6700854 -1.8663195 -3.9294395
v 2.534873 -2.1614037 -0.44424316
v 2.3097315 -1.8663305 -0.40004882
v 5.718373 -2.1613927 -4.6494093
v 5.6602435 -1.8663183 -4.9386888
v 1.8952246 -2.1613915 -3.97364
v 1.8370972 -1.8663183 -4.2629185
v 6.3580203 -2.1614025 -1.1200098
v 6.583141 -1.8663305 -1.1642102
v 5.718373 -2.1613927 -4.6494093
v 5.9434953 -1.8663219 -4.6935997
v 2.534873 -2.1614037 -0.44424316
v 2.5929956 -1.8663293 -0.154953
v 6.3580203 -2.1614025 -1.1200098
v 6.416143 -1.8663305 -0.8307232
v 2.5885937 0.82294434 -0.17902832
v 6.4117618 0.82294434 -0.8548059
v 2.5929956 -1.8663293 -0.154953
v 6.416143 -1.8663305 -0.8307232
v 6.5787497 0.82294434 -1.188291
v 5.9439287 0.82295895 -4.693673
v 6.583141 -1.8663305 -1.1642102
v 5.9434953 -1.8663219 -4.6935997
v 5.6606674 0.8229614 -4.9387574
v 1.8375195 0.8229614 -4.262992
v 5.6602435 -1.8663183 -4.9386888
v 1.8370972 -1.8663183 -4.2629185
v 1.6705176 0.82295895 -3.9295154
v 2.305344 0.82294434 -0.424129
v 1.6700854 -1.8663195 -3.9294395
v 2.3097315 -1.8663305 -0.40004882
v 6.4117618 0.82294434 -0.8548059
v 6.5787497 0.82294434 -1.188291
v 6.416143 -1.8663305 -0.8307232
v 6.583141 -1.8663305 -1.1642102
v 5.9439287 0.82295895 -4.693673
v 5.6606674 0.8229614 -4.9387574
v 5.9434953 -1.8663219 -4.6935997
v 5.6602435 -1.8663183 -4.9386888
v -10.934937 -3.9760742 -4.615398
v -11.116562 -3.7421172 -4.605083
v -10.905378 -3.976084 -3.1003907
v -11.086999 -3.7421265 -3.0900817
v -7.5866256 -3.9760747 -4.666587
v -7.600925 -3.7421167 -4.9000974
v -10.934937 -3.9760742 -4.615398
v -10.949238 -3.7421167 -4.848906
v -7.5570602 -3.9760833 -3.151577
v -7.3754516 -3.7421265 -3.161892
v -7.5866256 -3.9760747 -4.666587
v -7.405012 -3.7421184 -4.676893
v -10.905378 -3.976084 -3.1003907
v -10.891087 -3.7421265 -2.8668702
v -7.5570602 -3.9760833 -3.151577
v -7.5427685 -3.7421257 -2.9180615
v -10.891929 -2.0089185 -2.8862572
v -7.543601 -2.0089185 -2.9374511
v -10.891087 -3.7421265 -2.8668702
v -7.5427685 -3.7421257 -2.9180615
v -7.3762913 -2.0089185 -3.1812816
v -7.404663 -2.0089073 -4.676903
v -7.3754516 -3.7421265 -3.161892
v -7.405012 -3.7421184 -4.676893
v -7.600586 -2.0089061 -4.900105
v -10.948896 -2.0089061 -4.8489184
v -7.600925 -3.7421167 -4.9000974
v -10.949238 -3.7421167 -4.848906
v -11.116216 -2.0089073 -4.605095
v -11.087842 -2.0089185 -3.1094701
v -11.116562 -3.7421172 -4.605083
v -11.086999 -3.7421265 -3.0900817
v -7.404663 -2.0089073 -4.676903
v -7.600586 -2.0089061 -4.900105
v -7.405012 -3.7421184 -4.676893
v -7.600925 -3.7421167 -4.9000974
v 2.8186157 -0.0604895 0.18303588
v 10.005394 -0.06411133 2.171433
v 2.8229175 -1.8923937 0.0039001463
v 9.990777 -1.8960071 2.0474274
v 10.240055 -0.060755614 2.0412328
v 11.4355135 -0.056070555 -1.8429797
v 10.225446 -1.8926574 1.9172357
v 11.425236 -1.887583 -1.982102
v 11.305285 -0.049731445 -2.077555
v 4.1462774 -0.047770996 -4.1684766
v 11.295005 -1.8812414 -2.216687
v 4.135994 -1.8792809 -4.3076024
v 3.9116142 -0.051126707 -4.038284
v 2.6883838 -0.05414917 -0.05155273
v 3.9013238 -1.8826294 -4.1774106
v 2.6737695 -1.8860546 -0.17554687
v 10.005394 -0.06411133 2.171433
v 10.240055 -0.060755614 2.0412328
v 9.990777 -1.8960071 2.0474274
v 10.225446 -1.8926574 1.9172357
v 11.4355135 -0.056070555 -1.8429797
v 11.305285 -0.049731445 -2.077555
v 11.425236 -1.887583 -1.982102
v 11.295005 -1.8812414 -2.216687
v 4.1462774 -0.047770996 -4.1684766
v 3.9116142 -0.051126707 -4.038284
v 4.135994 -1.8792809 -4.3076024
v 3.9013238 -1.8826294 -4.1774106
v 4.0836687 -2.0738366 -4.1302967
v 3.9013238 -1.8826294 -4.1774106
v 2.8750489 -2.0772545 -0.18356629
v 2.6737695 -1.8860546 -0.17554687
v 11.242693 -2.075792 -2.0393689
v 11.295005 -1.8812414 -2.216687
v 4.0836687 -2.0738366 -4.1302967
v 4.135994 -1.8792809 -4.3076024
v 10.042894 -2.0808678 1.8599695
v 10.225446 -1.8926574 1.9172357
v 11.242693 -2.075792 -2.0393689
v 11.425236 -1.887583 -1.982102
v 2.8750489 -2.0772545 -0.18356629
v 2.8229175 -1.8923937 0.0039001463
v 10.042894 -2.0808678 1.8599695
v 9.990777 -1.8960071 2.0474274
v -1.0025024 -3.8036914 -9.749635
v 1.6376318 -3.8036914 -9.727227
v -0.95969236 -3.803686 -12.300324
v 1.7451196 -3.8082256 -12.2796335
v 5.565838 -0.9930322 10.552375
v 10.875913 -0.9919202 10.661535
v 5.6924734 -1.0434302 4.26374
v 11.002569 -1.0423181 4.3729005
v 3.186565 -1.0499096 9.497118
v 11.955329 -1.0641516 6.243239
v 1.0339819 -1.1664734 3.016181
v 9.80276 -1.1807153 -0.23771118
v 1.685039 -3.5524218 -9.771089
v 5.758222 -3.5516686 -9.72465
v 1.6863427 -3.5866168 -12.547016
v 5.7595353 -3.5858624 -12.500581
v -4.6987157 -2.5004723 10.39835
v 3.5374217 -2.4997168 6.7360044
v -8.114555 -2.5346618 2.8843994
v 0.12159058 -2.5339062 -0.77795774
v -1.2179407 -3.4815326 -3.2277966
v 5.4728775 -3.4807775 -3.7870054
v -1.234834 -3.5157256 -11.531333
v 5.4785876 -3.5149713 -11.43144
v -2.1115124 -3.0654845 -10.698198
v -0.3310913 -3.064979 -10.983333
v -2.4027076 -3.088374 -12.347852
v -0.6222778 -3.08787 -12.632985
v -6.33613 -5.2969146 -3.550543
v -4.0115952 -5.296409 -3.554746
v -6.229055 -5.319801 -10.935937
v -3.9045067 -5.319297 -10.940142
v -5.0543323 -5.339314 -2.8263304
v -0.43519896 -5.3384886 -2.8004029
v -5.031068 -5.376815 -11.099719
v -0.4119165 -5.375986 -11.0737915
v -0.35552245 -1.2767419 8.9569435
v 7.116888 -1.2761315 6.307332
v -4.4373217 -1.3045068 -2.8334398
v 3.0351038 -1.3038915 -5.483059
v -9.1539545 -2.8774388 4.821714
v -0.18703735 -2.8766844 4.364304
v -9.429135 -2.9116282 -3.1541016
v -0.4621924 -2.910874 -3.61151
v 11.722044 -3.0280542 0.9029089
v 5.459006 -3.0272985 -0.32916686
v 10.652885 -3.0622466 5.880951
v 4.3898387 -3.0614917 4.648884
v 8.824236 -1.2001404 12.514555
v 9.581894 -1.1991491 5.0630693
v -2.411985 -1.2449914 11.561846
v -1.6543237 -1.2440039 4.1103253
v -6.1387353 -2.030725 4.360095
v -8.560207 -2.04291 -0.3254419
v -9.987466 -2.1763635 6.419598
v -12.460324 -2.1907177 1.6453089
v 12.154851 -0.794823 -1.0004406
v 3.4297888 -0.7091687 -1.3305163
v 12.046665 -0.7731555 4.1930485
v 3.1887841 -0.6875 3.8666155
v 1.6531787 -6.0220714 3.2178893
v 2.9688694 -5.957789 -2.3002183
v -3.9648645 -6.0058103 1.7497302
v -2.6849182 -5.941529 -3.636582
v -6.7529855 -5.727043 -0.2143103
v -2.0759106 -5.7261157 -0.723822
v -7.0408936 -5.7690744 -3.2769556
v -2.3638036 -5.768148 -3.7864673
v 2.486692 -3.4092853 -6.799902
v 7.0879035 -3.4092865 -8.10417
v 1.784419 -3.409276 -9.9954
v 6.4732013 -3.4146416 -11.148386
v -1.3129822 -1.070271 -3.9933167
v 5.1327477 -1.0702722 -3.7753954
v -1.2721045 -1.0702612 -10.331701
v 5.2219462 -1.0756274 -10.112607
v 0.55466187 -2.0704687 12.133965
v 6.810757 -2.0693567 11.178921
v -0.37660766 -2.1208665 5.9133782
v 5.8795104 -2.1197546 4.958329
v -4.133076 -4.516864 -10.675261
v -4.1540675 -4.6611524 -3.5274389
v -0.95490235 -4.518769 -10.624761
v -0.9758789 -4.663056 -3.476942
v 4.681449 -3.2341454 -8.269028
v 4.773998 -3.2341352 -11.854729
v 2.3064563 -3.2341466 -8.339456
v 2.3990052 -3.2341344 -11.925154
v 5.6119742 -4.861505 0.8249377
v 6.1584406 -4.861491 -3.910139
v 2.0247056 -4.8615046 0.40144348
v 2.5711682 -4.8614902 -4.3336353
v 7.3649573 -3.3610497 -1.0768384
v 8.060334 -3.361041 -4.640891
v 4.275479 -3.3610504 -1.6798632
v 4.9708414 -3.361041 -5.243921
v -11.243674 -3.854232 -3.254625
v -9.651716 -3.9918602 3.403917
v -4.447627 -3.856046 -4.86802
v -2.8556578 -3.9936736 1.7905205
v -9.992441 -3.2972429 -9.773934
v -10.0134325 -3.441532 0.08293091
v -6.1046176 -3.2991486 -9.723433
v -6.125594 -3.443435 0.13342895
v 2.618601 -3.4729795 -3.8465173
v 7.398078 -3.472981 -4.016394
v 2.6939294 -3.47297 -8.21029
v 7.522394 -3.478336 -8.212373
v -8.293203 -2.844441 -8.098249
v -4.1532407 -2.843856 -8.093354
v -8.31144 -2.87094 -11.57133
v -4.1722765 -2.870354 -11.577582
v -5.814541 -4.8309813 -1.2661963
v -5.944814 -4.8309746 -4.129015
v -8.387453 -4.8309817 -1.199425
v -8.517749 -4.830974 -4.0622473
v -2.6870165 -2.0872717 -2.5528162
v -3.2406507 -2.0872607 -4.3819995
v -4.580992 -2.087273 -1.9526062
v -5.1346264 -2.0872607 -3.781787
v 6.3580203 -2.1614025 -1.1200098
v 5.718373 -2.1613927 -4.6494093
v 2.534873 -2.1614037 -0.44424316
v 1.8952246 -2.1613915 -3.97364
v -7.5570602 -3.9760833 -3.151577
v -7.5866256 -3.9760747 -4.666587
v -10.905378 -3.976084 -3.1003907
v -10.934937 -3.9760742 -4.615398
v 10.042894 -2.0808678 1.8599695
v 11.242693 -2.075792 -2.0393689
v 2.8750489 -2.0772545 -0.18356629
v 4.0836687 -2.0738366 -4.1302967
v 1.637793 -1.8652111 -9.744006
v 1.807666 -1.9792444 -9.610312
v 1.7040405 -1.9792467 -9.508486
v -1.0023535 -1.8652111 -9.766409
v -1.0355835 -1.9792467 -9.531973
v -1.1374146 -1.9792455 -9.635598
v 1.7451293 -1.8814343 -12.279631
v 1.7460278 -1.9792358 -12.38236
v 1.8478637 -1.9792395 -12.278735
v -0.9596875 -1.8748559 -12.283335
v -1.0972216 -1.9792383 -12.304018
v -0.99358886 -1.9792358 -12.405849
v -1.0972216 -1.9792383 -12.304018
v -0.9596875 -1.8748559 -12.283335
v -1.1374146 -1.9792455 -9.635598
v -1.0023535 -1.8652111 -9.766409
v -1.1374146 -1.9792455 -9.635598
v -0.9596875 -1.8748559 -12.283335
v 1.7460278 -1.9792358 -12.38236
v 1.7451293 -1.8814343 -12.279631
v -0.99358886 -1.9792358 -12.405849
v -0.9596875 -1.8748559 -12.283335
v -0.99358886 -1.9792358 -12.405849
v 1.7451293 -1.8814343 -12.279631
v 1.807666 -1.9792444 -9.610312
v 1.637793 -1.8652111 -9.744006
v 1.8478637 -1.9792395 -12.278735
v 1.7451293 -1.8814343 -12.279631
v 1.8478637 -1.9792395 -12.278735
v 1.637793 -1.8652111 -9.744006
v 10.822122 6.0220704 10.500678
v 11.027898 5.817727 10.599738
v 10.865901 5.8193893 10.739804
v 5.627239 6.0062633 10.3939495
v 5.5558014 5.7949657 10.630642
v 5.4157257 5.7929664 10.468652
v 10.941188 6.002656 4.388566
v 11.012661 5.742324 4.174179
v 11.152741 5.7443185 4.3361697
v 5.746297 6.002573 4.2818174
v 5.5405645 5.742873 4.205077
v 5.7025714 5.741211 4.065018
v 5.5405645 5.742873 4.205077
v 5.746297 6.002573 4.2818174
v 5.4157257 5.7929664 10.468652
v 5.627239 6.0062633 10.3939495
v 5.4157257 5.7929664 10.468652
v 5.746297 6.002573 4.2818174
v 11.027898 5.817727 10.599738
v 10.822122 6.0220704 10.500678
v 11.152741 5.7443185 4.3361697
v 10.941188 6.002656 4.388566
v 11.152741 5.7443185 4.3361697
v 10.822122 6.0220704 10.500678
v 11.729611 3.835925 6.0144005
v 11.990431 3.6620336 5.998049
v 11.961114 3.6803734 6.2463512
v 3.1540747 3.8507543 9.224555
v 3.1922631 3.7470996 9.499633
v 3.0004003 3.7431226 9.310524
v 9.79137 3.760874 -0.16726196
v 9.7540455 3.6113172 -0.4379669
v 9.914789 3.6139526 -0.36022642
v 1.1054639 3.7757506 3.05973
v 0.9043628 3.6283374 2.9561498
v 0.98527586 3.625558 2.8159168
v 11.991718 3.502744 6.360906
v 11.961114 3.6803734 6.2463512
v 12.101954 3.4958544 5.972195
v 11.990431 3.6620336 5.998049
v 12.101954 3.4958544 5.972195
v 11.961114 3.6803734 6.2463512
v 2.8908324 3.510354 9.344805
v 3.0004003 3.7431226 9.310524
v 3.2229466 3.5169764 9.614801
v 3.1922631 3.7470996 9.499633
v 3.2229466 3.5169764 9.614801
v 3.0004003 3.7431226 9.310524
v 3.1922631 3.7470996 9.499633
v 3.1540747 3.8507543 9.224555
v 11.961114 3.6803734 6.2463512
v 11.729611 3.835925 6.0144005
v 11.961114 3.6803734 6.2463512
v 3.1540747 3.8507543 9.224555
v 0.9043628 3.6283374 2.9561498
v 1.1054639 3.7757506 3.05973
v 3.0004003 3.7431226 9.310524
v 3.1540747 3.8507543 9.224555
v 3.0004003 3.7431226 9.310524
v 1.1054639 3.7757506 3.05973
v 11.990431 3.6620336 5.998049
v 11.729611 3.835925 6.0144005
v 9.79137 3.760874 -0.16726196
v 3.2229466 3.5169764 9.614801
v 3.1922631 3.7470996 9.499633
v 11.991718 3.502744 6.360906
v 11.961114 3.6803734 6.2463512
v 11.991718 3.502744 6.360906
v 3.1922631 3.7470996 9.499633
v 12.101954 3.4958544 5.972195
v 11.990431 3.6620336 5.998049
v 10.036253 3.3873987 -0.38449463
v 9.914789 3.6139526 -0.36022642
v 10.036253 3.3873987 -0.38449463
v 11.990431 3.6620336 5.998049
v 5.72049 -2.3337023 -9.916255
v 5.861054 -2.437937 -9.767241
v 5.7517767 -2.4368103 -9.671514
v 1.7254639 -2.3344324 -9.961545
v 1.6785742 -2.4499304 -9.717944
v 1.5828418 -2.4512866 -9.827222
v 5.7185884 -2.3661194 -12.393195
v 5.7655096 -2.4856384 -12.635434
v 5.8612494 -2.4842858 -12.526162
v 1.7235571 -2.3668432 -12.4384985
v 1.5830323 -2.485266 -12.586144
v 1.6923169 -2.486394 -12.6818695
v 3.4238818 2.1298609 6.577131
v 3.6134617 1.9877417 6.654733
v 3.5535154 1.9888672 6.787066
v -4.740615 2.1291285 10.208223
v -4.682632 2.0136304 10.449424
v -4.8149753 2.0122728 10.389478
v 0.12868285 2.0974414 -0.66324216
v 0.071300045 1.9779223 -0.9032202
v 0.20363891 1.9792749 -0.84327877
v -8.03582 2.0967162 2.96784
v -8.224805 1.9782934 2.8914654
v -8.164848 1.9771655 2.7591338
v -4.682632 2.0136304 10.449424
v -4.740615 2.1291285 10.208223
v 3.5535154 1.9888672 6.787066
v 3.4238818 2.1298609 6.577131
v 3.5535154 1.9888672 6.787066
v -4.740615 2.1291285 10.208223
v 3.6134617 1.9877417 6.654733
v 3.4238818 2.1298609 6.577131
v 0.20363891 1.9792749 -0.84327877
v 0.12868285 2.0974414 -0.66324216
v 0.20363891 1.9792749 -0.84327877
v 3.4238818 2.1298609 6.577131
v -4.645659 1.805924 10.547202
v -4.682632 2.0136304 10.449424
v 3.5904882 1.8066894 6.884838
v 3.5535154 1.9888672 6.787066
v 3.5904882 1.8066894 6.884838
v -4.682632 2.0136304 10.449424
v 3.710405 1.8044336 6.6201653
v 3.6134617 1.9877417 6.654733
v 0.30057007 1.7704468 -0.8778369
v 0.20363891 1.9792749 -0.84327877
v 0.30057007 1.7704468 -0.8778369
v 3.6134617 1.9877417 6.654733
v 5.4154334 -0.33525267 -3.9736497
v 5.570727 -0.45964476 -3.8400548
v 5.4719934 -0.45851928 -3.7334888
v -1.1975354 -0.33598265 -3.4214232
v -1.2188451 -0.45148072 -3.1742675
v -1.3254187 -0.45283812 -3.2730005
v 5.4382706 -0.36766967 -11.323815
v 5.4837637 -0.4871887 -11.566325
v 5.580144 -0.48583618 -11.457617
v -1.1969763 -0.36839354 -11.423037
v -1.3383703 -0.4868164 -11.569853
v -1.2296484 -0.48794433 -11.666221
v -0.39853758 -1.177965 -11.117111
v -0.27870116 -1.1979406 -11.02902
v -0.34426513 -1.1879711 -10.946391
v -2.107484 -1.1570423 -10.839504
v -2.1091967 -1.1915954 -10.659399
v -2.191825 -1.2106897 -10.724958
v -0.6530163 -1.1615906 -12.5528
v -0.6511096 -1.224469 -12.731938
v -0.5684692 -1.2053747 -12.666379
v -2.3619714 -1.1616955 -12.275203
v -2.481599 -1.2145861 -12.362324
v -2.416029 -1.2245556 -12.444953
v -0.33546874 -1.3388757 -10.871006
v -0.34426513 -1.1879711 -10.946391
v -0.20433106 -1.340387 -11.036267
v -0.27870116 -1.1979406 -11.02902
v -0.20433106 -1.340387 -11.036267
v -0.34426513 -1.1879711 -10.946391
v -2.2656531 -1.3412012 -10.715141
v -2.191825 -1.2106897 -10.724958
v -2.1003954 -1.3393896 -10.584016
v -2.1091967 -1.1915954 -10.659399
v -2.1003954 -1.3393896 -10.584016
v -2.191825 -1.2106897 -10.724958
v -0.4941089 -1.3631384 -12.673628
v -0.5684692 -1.2053747 -12.666379
v -0.65936524 -1.3649523 -12.804746
v -0.6511096 -1.224469 -12.731938
v -0.65936524 -1.3649523 -12.804746
v -0.5684692 -1.2053747 -12.666379
v -2.4242957 -1.3654578 -12.517758
v -2.416029 -1.2245556 -12.444953
v -2.5554333 -1.3639466 -12.352507
v -2.481599 -1.2145861 -12.362324
v -2.5554333 -1.3639466 -12.352507
v -2.416029 -1.2245556 -12.444953
v -2.1091967 -1.1915954 -10.659399
v -2.107484 -1.1570423 -10.839504
v -0.34426513 -1.1879711 -10.946391
v -0.39853758 -1.177965 -11.117111
v -0.34426513 -1.1879711 -10.946391
v -2.107484 -1.1570423 -10.839504
v -0.27870116 -1.1979406 -11.02902
v -0.39853758 -1.177965 -11.117111
v -0.6530163 -1.1615906 -12.5528
v -2.5554333 -1.3639466 -12.352507
v -2.481599 -1.2145861 -12.362324
v -2.2656531 -1.3412012 -10.715141
v -2.191825 -1.2106897 -10.724958
v -2.2656531 -1.3412012 -10.715141
v -2.481599 -1.2145861 -12.362324
v -0.27870116 -1.1979406 -11.02902
v -0.6530163 -1.1615906 -12.5528
v -0.5684692 -1.2053747 -12.666379
v 11.990431 3.6620336 5.998049
v 9.79137 3.760874 -0.16726196
v 9.914789 3.6139526 -0.36022642
v -4.1297226 -1.203938 -3.6934764
v -4.0262365 -1.2239136 -3.5866528
v -4.104647 -1.2139441 -3.5160985
v -6.308622 -1.1830151 -3.6891966
v -6.340315 -1.2175683 -3.5118968
v -6.4108667 -1.2366626 -3.590305
v -4.0220823 -1.1875622 -10.861782
v -3.9903588 -1.2504406 -11.0381
v -3.9197998 -1.2313464 -10.959692
v -6.2009935 -1.1876673 -10.8575115
v -6.304431 -1.2405578 -10.963349
v -6.226013 -1.2505273 -11.033896
v -4.108534 -1.3648486 -3.440305
v -4.104647 -1.2139441 -3.5160985
v -3.9516978 -1.3663598 -3.5814085
v -4.0262365 -1.2239136 -3.5866528
v -3.9516978 -1.3663598 -3.5814085
v -4.104647 -1.2139441 -3.5160985
v -6.4853 -1.367174 -3.5929222
v -6.4108667 -1.2366626 -3.590305
v -6.344197 -1.3653625 -3.4360986
v -6.340315 -1.2175683 -3.5118968
v -6.344197 -1.3653625 -3.4360986
v -6.4108667 -1.2366626 -3.590305
v -3.8452685 -1.3891101 -10.954448
v -3.9197998 -1.2313464 -10.959692
v -3.986372 -1.3909241 -11.111264
v -3.9903588 -1.2504406 -11.0381
v -3.986372 -1.3909241 -11.111264
v -3.9197998 -1.2313464 -10.959692
v -6.2220383 -1.3914294 -11.107065
v -6.226013 -1.2505273 -11.033896
v -6.3788743 -1.3899182 -10.965966
v -6.304431 -1.2405578 -10.963349
v -6.3788743 -1.3899182 -10.965966
v -6.226013 -1.2505273 -11.033896
v -6.340315 -1.2175683 -3.5118968
v -6.308622 -1.1830151 -3.6891966
v -4.104647 -1.2139441 -3.5160985
v -4.1297226 -1.203938 -3.6934764
v -4.104647 -1.2139441 -3.5160985
v -6.308622 -1.1830151 -3.6891966
v -4.0262365 -1.2239136 -3.5866528
v -4.1297226 -1.203938 -3.6934764
v -4.0220823 -1.1875622 -10.861782
v -6.3788743 -1.3899182 -10.965966
v -6.304431 -1.2405578 -10.963349
v -6.4853 -1.367174 -3.5929222
v -6.4108667 -1.2366626 -3.590305
v -6.4853 -1.367174 -3.5929222
v -6.304431 -1.2405578 -10.963349
v -4.0262365 -1.2239136 -3.5866528
v -4.0220823 -1.1875622 -10.861782
v -3.9197998 -1.2313464 -10.959692
v -0.47758788 -1.9583056 -3.0103393
v -0.32264036 -1.891748 -2.84765
v -0.44198608 -1.8905114 -2.742085
v -5.0109997 -1.9591064 -3.035415
v -5.061144 -2.085781 -2.7680078
v -5.166715 -2.0872667 -2.8873487
v -0.45625854 -1.9938586 -10.955803
v -0.4060742 -2.1249413 -11.221725
v -0.3004956 -2.1234581 -11.102383
v -4.9896765 -1.9946545 -10.980898
v -5.1445737 -2.1245325 -11.142087
v -5.025221 -2.125769 -11.247646
v -5.061144 -2.085781 -2.7680078
v -5.0109997 -1.9591064 -3.035415
v -0.44198608 -1.8905114 -2.742085
v -0.47758788 -1.9583056 -3.0103393
v -0.44198608 -1.8905114 -2.742085
v -5.0109997 -1.9591064 -3.035415
v -0.32264036 -1.891748 -2.84765
v -0.47758788 -1.9583056 -3.0103393
v -0.3004956 -2.1234581 -11.102383
v -0.45625854 -1.9938586 -10.955803
v -0.3004956 -2.1234581 -11.102383
v -0.47758788 -1.9583056 -3.0103393
v -5.06798 -2.313579 -2.6535583
v -5.061144 -2.085781 -2.7680078
v -0.44883054 -2.3127418 -2.627644
v -0.44198608 -1.8905114 -2.742085
v -0.44883054 -2.3127418 -2.627644
v -5.061144 -2.085781 -2.7680078
v -0.21011353 -2.3152149 -2.8387706
v -0.32264036 -1.891748 -2.84765
v -0.1879834 -2.3524926 -11.093501
v -0.3004956 -2.1234581 -11.102383
v -0.1879834 -2.3524926 -11.093501
v -0.32264036 -1.891748 -2.84765
v 6.924528 0.82852536 6.19853
v 7.0869193 0.80429685 6.277092
v 7.0269995 0.8163879 6.3901315
v -0.3819629 0.85390013 8.787549
v -0.34418458 0.81199336 9.002715
v -0.45722044 0.7888342 8.9428005
v 2.933827 0.84839356 -5.344807
v 2.8964942 0.7721289 -5.558861
v 3.0095372 0.7952893 -5.4989476
v -4.3726745 0.84826535 -2.7557971
v -4.534602 0.7841125 -2.833247
v -4.4746766 0.77202266 -2.9462829
v 7.0541553 0.63335323 6.478085
v 7.0269995 0.8163879 6.3901315
v 7.1740074 0.6315222 6.2520056
v 7.0869193 0.80429685 6.277092
v 7.1740074 0.6315222 6.2520056
v 7.0269995 0.8163879 6.3901315
v -0.5430969 0.63053465 8.970833
v -0.45722044 0.7888342 8.9428005
v -0.3170227 0.63273436 9.090675
v -0.34418458 0.81199336 9.002715
v -0.3170227 0.63273436 9.090675
v -0.45722044 0.7888342 8.9428005
v 3.0966222 0.60393554 -5.5240283
v 3.0095372 0.7952893 -5.4989476
v 2.8705492 0.60173583 -5.6438622
v 2.8964942 0.7721289 -5.558861
v 2.8705492 0.60173583 -5.6438622
v 3.0095372 0.7952893 -5.4989476
v -4.500631 0.6011218 -3.031283
v -4.4746766 0.77202266 -2.9462829
v -4.6204834 0.60295653 -2.8052099
v -4.534602 0.7841125 -2.833247
v -4.6204834 0.60295653 -2.8052099
v -4.4746766 0.77202266 -2.9462829
v -0.34418458 0.81199336 9.002715
v -0.3819629 0.85390013 8.787549
v 7.0269995 0.8163879 6.3901315
v 6.924528 0.82852536 6.19853
v 7.0269995 0.8163879 6.3901315
v -0.3819629 0.85390013 8.787549
v 7.0869193 0.80429685 6.277092
v 6.924528 0.82852536 6.19853
v 2.933827 0.84839356 -5.344807
v -4.6204834 0.60295653 -2.8052099
v -4.534602 0.7841125 -2.833247
v -0.5430969 0.63053465 8.970833
v -0.45722044 0.7888342 8.9428005
v -0.5430969 0.63053465 8.970833
v -4.534602 0.7841125 -2.833247
v 7.0869193 0.80429685 6.277092
v 2.933827 0.84839356 -5.344807
v 3.0095372 0.7952893 -5.4989476
v -0.23567992 -0.034300536 4.1751733
v -0.08680908 0.026385497 4.3158937
v -0.19042724 0.027513428 4.4177265
v -9.124512 -0.035030518 4.6292505
v -9.157363 -0.15052857 4.875135
v -9.259213 -0.15188599 4.7715244
v -0.49692017 -0.06671875 -3.501952
v -0.46395263 -0.18623778 -3.7464867
v -0.3621118 -0.18488525 -3.6428697
v -9.385761 -0.06744385 -3.047893
v -9.534512 -0.1858667 -3.1872473
v -9.430893 -0.18699463 -3.2890747
v -9.157363 -0.15052857 4.875135
v -9.124512 -0.035030518 4.6292505
v -0.19042724 0.027513428 4.4177265
v -0.23567992 -0.034300536 4.1751733
v -0.19042724 0.027513428 4.4177265
v -9.124512 -0.035030518 4.6292505
v -0.08680908 0.026385497 4.3158937
v -0.23567992 -0.034300536 4.1751733
v -0.3621118 -0.18488525 -3.6428697
v -0.49692017 -0.06671875 -3.501952
v -0.3621118 -0.18488525 -3.6428697
v -0.23567992 -0.034300536 4.1751733
v -9.158125 -0.35823363 4.9796686
v -9.157363 -0.15052857 4.875135
v -0.19118042 -0.35746947 4.522255
v -0.19042724 0.027513428 4.4177265
v -0.19118042 -0.35746947 4.522255
v -9.157363 -0.15052857 4.875135
v 0.016070556 -0.35972533 4.3185925
v -0.08680908 0.026385497 4.3158937
v -0.25924072 -0.39371458 -3.6401672
v -0.3621118 -0.18488525 -3.6428697
v -0.25924072 -0.39371458 -3.6401672
v -0.08680908 0.026385497 4.3158937
v 5.4623437 0.82151854 -0.13391541
v 5.350279 0.6793994 -0.30538756
v 5.4747324 0.6805249 -0.3803375
v 11.648652 0.8207824 1.0832361
v 11.737781 0.70528316 0.8517291
v 11.812736 0.70392823 0.9761865
v 4.4490943 0.7890942 4.5504003
v 4.360166 0.66957515 4.7805634
v 4.2852135 0.67092896 4.6561103
v 10.635407 0.7883679 5.7675705
v 10.747673 0.66994506 5.9376965
v 10.623215 0.6688171 6.012635
v 11.737781 0.70528316 0.8517291
v 11.648652 0.8207824 1.0832361
v 5.4747324 0.6805249 -0.3803375
v 5.4623437 0.82151854 -0.13391541
v 5.4747324 0.6805249 -0.3803375
v 11.648652 0.8207824 1.0832361
v 5.350279 0.6793994 -0.30538756
v 5.4623437 0.82151854 -0.13391541
v 4.2852135 0.67092896 4.6561103
v 4.4490943 0.7890942 4.5504003
v 4.2852135 0.67092896 4.6561103
v 5.4623437 0.82151854 -0.13391541
v 11.762822 0.4975781 0.750238
v 11.737781 0.70528316 0.8517291
v 5.499772 0.49834716 -0.4818219
v 5.4747324 0.6805249 -0.3803375
v 5.499772 0.49834716 -0.4818219
v 11.737781 0.70528316 0.8517291
v 5.250841 0.49609253 -0.3319397
v 5.350279 0.6793994 -0.30538756
v 4.185791 0.46210083 4.6295643
v 4.2852135 0.67092896 4.6561103
v 4.185791 0.46210083 4.6295643
v 5.350279 0.6793994 -0.30538756
v 9.295416 2.9747522 5.276176
v 9.517619 2.9356115 5.087579
v 9.645484 2.9551451 5.24999
v 8.55665 3.0157495 12.442912
v 8.899264 2.948043 12.527717
v 8.736853 2.9106226 12.655576
v -1.5162524 3.0068383 4.350312
v -1.8569385 2.883623 4.265578
v -1.6945349 2.9210374 4.137705
v -2.2550292 3.0066295 11.51707
v -2.4753027 2.9029858 11.705701
v -2.6031482 2.8834522 11.543283
v 9.793187 2.6594348 5.267357
v 9.645484 2.9551451 5.24999
v 9.537476 2.6564708 4.942506
v 9.517619 2.9356115 5.087579
v 9.537476 2.6564708 4.942506
v 9.645484 2.9551451 5.24999
v 8.722159 2.6548767 12.800786
v 8.736853 2.9106226 12.655576
v 9.046976 2.6584253 12.545071
v 8.899264 2.948043 12.527717
v 9.046976 2.6584253 12.545071
v 8.736853 2.9106226 12.655576
v -1.6746862 2.6118872 3.9926536
v -1.6945349 2.9210374 4.137705
v -1.9994812 2.6083324 4.2483606
v -1.8569385 2.883623 4.265578
v -1.9994812 2.6083324 4.2483606
v -1.6945349 2.9210374 4.137705
v -2.7457104 2.6073413 11.526076
v -2.6031482 2.8834522 11.543283
v -2.4900146 2.6103027 11.85092
v -2.4753027 2.9029858 11.705701
v -2.4900146 2.6103027 11.85092
v -2.6031482 2.8834522 11.543283
v 8.899264 2.948043 12.527717
v 8.55665 3.0157495 12.442912
v 9.645484 2.9551451 5.24999
v 9.295416 2.9747522 5.276176
v 9.645484 2.9551451 5.24999
v 8.55665 3.0157495 12.442912
v 9.517619 2.9356115 5.087579
v 9.295416 2.9747522 5.276176
v -1.5162524 3.0068383 4.350312
v -2.4900146 2.6103027 11.85092
v -2.4753027 2.9029858 11.705701
v 8.722159 2.6548767 12.800786
v 8.736853 2.9106226 12.655576
v 8.722159 2.6548767 12.800786
v -2.4753027 2.9029858 11.705701
v 9.517619 2.9356115 5.087579
v -1.5162524 3.0068383 4.350312
v -1.6945349 2.9210374 4.137705
v -9.963454 0.67825806 6.4568133
v -9.944968 0.5269092 6.6475153
v -10.0696945 0.5263928 6.612425
v -6.257854 0.81960326 4.477553
v -6.0611715 0.6768249 4.463326
v -6.0962205 0.67254514 4.5879974
v -12.347761 0.66021115 1.8402172
v -12.5351 0.5117395 1.8513794
v -12.500046 0.51601315 1.7267016
v -8.590813 0.8037121 -0.050269164
v -8.599954 0.6638122 -0.24404296
v -8.475222 0.6643274 -0.2089569
v 12.178238 2.1284301 4.051795
v 12.4027605 1.9315685 4.1559305
v 12.285767 1.9377099 4.2760906
v 12.289241 2.1090221 -0.92911434
v 12.390812 1.9135181 -1.154718
v 12.510949 1.9098938 -1.0375818
v 3.5544384 2.2044725 3.7223406
v 3.447561 2.0225708 3.9493976
v 3.327422 2.0261877 3.832257
v 3.7982543 2.1850464 -1.2621765
v 3.5684178 2.004508 -1.3648547
v 3.6854002 1.9983642 -1.4850243
v -3.816361 -2.312302 1.7132269
v -3.9356053 -2.4600365 1.85562
v -3.9998717 -2.4554272 1.747406
v 1.6470801 -2.3268688 3.141969
v 1.7907556 -2.4735816 3.2595677
v 1.682445 -2.4763036 3.323781
v -2.5672154 -2.255238 -3.5041113
v -2.715747 -2.3917432 -3.6199048
v -2.6101208 -2.3890295 -3.6884656
v 2.9304821 -2.2698145 -2.2008545
v 3.0436523 -2.4052978 -2.3521118
v 3.1122692 -2.4099083 -2.246599
v -2.3139977 -2.2609265 -0.95891964
v -2.1077538 -2.2976086 -0.77988034
v -2.2400305 -2.2793016 -0.63838375
v -6.7246213 -2.2225049 -0.47234252
v -6.7545166 -2.285957 -0.14295226
v -6.8960104 -2.3210204 -0.27522215
v -2.566494 -2.2308557 -3.6244836
v -2.5363927 -2.3463233 -3.9520812
v -2.394878 -2.3112597 -3.8198144
v -6.977129 -2.2310498 -3.1379273
v -7.1831417 -2.3281739 -3.3151636
v -7.050862 -2.3464818 -3.4566526
v -2.235133 -2.5564122 -0.49910095
v -2.2400305 -2.2793016 -0.63838375
v -1.970559 -2.559187 -0.78209716
v -2.1077538 -2.2976086 -0.77988034
v -1.970559 -2.559187 -0.78209716
v -2.2400305 -2.2793016 -0.63838375
v -7.0326 -2.5606835 -0.26821837
v -6.8960104 -2.3210204 -0.27522215
v -6.749609 -2.5573559 -0.0036663818
v -6.7545166 -2.285957 -0.14295226
v -6.749609 -2.5573559 -0.0036663818
v -6.8960104 -2.3210204 -0.27522215
v -2.2576916 -2.6009655 -3.8220313
v -2.394878 -2.3112597 -3.8198144
v -2.540692 -2.604297 -4.0865674
v -2.5363927 -2.3463233 -3.9520812
v -2.540692 -2.604297 -4.0865674
v -2.394878 -2.3112597 -3.8198144
v -7.0551734 -2.6052246 -3.5911424
v -7.050862 -2.3464818 -3.4566526
v -7.319746 -2.60245 -3.308159
v -7.1831417 -2.3281739 -3.3151636
v -7.319746 -2.60245 -3.308159
v -7.050862 -2.3464818 -3.4566526
v -6.7545166 -2.285957 -0.14295226
v -6.7246213 -2.2225049 -0.47234252
v -2.2400305 -2.2793016 -0.63838375
v -2.3139977 -2.2609265 -0.95891964
v -2.2400305 -2.2793016 -0.63838375
v -6.7246213 -2.2225049 -0.47234252
v -2.1077538 -2.2976086 -0.77988034
v -2.3139977 -2.2609265 -0.95891964
v -2.566494 -2.2308557 -3.6244836
v -7.319746 -2.60245 -3.308159
v -7.1831417 -2.3281739 -3.3151636
v -7.0326 -2.5606835 -0.26821837
v -6.8960104 -2.3210204 -0.27522215
v -7.0326 -2.5606835 -0.26821837
v -7.1831417 -2.3281739 -3.3151636
v -2.1077538 -2.2976086 -0.77988034
v -2.566494 -2.2308557 -3.6244836
v -2.394878 -2.3112597 -3.8198144
v 7.0990086 -1.4809216 -8.059571
v 7.2321253 -1.6098205 -8.049728
v 7.175147 -1.609823 -7.9573593
v 2.497788 -1.4809216 -6.7553
v 2.501565 -1.609823 -6.6361046
v 2.4091966 -1.609823 -6.6930857
v 1.7898974 -1.4827905 -9.973137
v 1.6839917 -1.6098071 -9.9735155
v 1.7409766 -1.6098046 -10.065888
v 6.6225605 -1.7794482 -11.183774
v 6.5478854 -1.6098071 -11.166086
v 6.4378233 -1.7794495 -11.297742
v 6.378214 -1.6098046 -11.203767
v 6.3684735 -1.4840661 -11.122241
v 1.7409766 -1.6098046 -10.065888
v 1.7898974 -1.4827905 -9.973137
v 1.7409766 -1.6098046 -10.065888
v 6.3684735 -1.4840661 -11.122241
v 7.2321253 -1.6098205 -8.049728
v 7.0990086 -1.4809216 -8.059571
v 6.5478854 -1.6098071 -11.166086
v 5.1305327 0.61101073 -3.7294896
v 5.2551665 0.4819934 -3.681704
v 5.173986 0.48199096 -3.6096728
v -1.3152112 0.61101073 -3.9474084
v -1.3459338 0.48199096 -3.8321812
v -1.4179711 0.48199096 -3.9133618
v 5.2219534 0.60754025 -10.112605
v 5.226527 0.48201048 -10.189214
v 5.298564 0.48200804 -10.108029
v -1.273269 0.60894775 -10.308803
v -1.3745703 0.48200804 -10.339687
v -1.2933874 0.48201048 -10.411721
v 5.226527 0.48201048 -10.189214
v 5.2219534 0.60754025 -10.112605
v -1.2933874 0.48201048 -10.411721
v -1.273269 0.60894775 -10.308803
v -1.2933874 0.48201048 -10.411721
v 5.2219534 0.60754025 -10.112605
v 6.5478854 -1.6098071 -11.166086
v 7.0990086 -1.4809216 -8.059571
v 6.3684735 -1.4840661 -11.122241
v 6.7307153 4.9446335 11.02938
v 6.9502053 4.7402906 11.092475
v 6.8140316 4.741953 11.257758
v 0.58858395 4.9288254 11.967478
v 0.55791014 4.7175293 12.212808
v 0.3926196 4.7155294 12.07664
v 5.821631 4.9252195 4.9840813
v 5.8560843 4.6648874 4.7607355
v 6.02138 4.666882 4.896901
v -0.32051268 4.9251356 5.9221606
v -0.53621095 4.6654367 5.8810596
v -0.40002564 4.6637745 5.7157836
v -0.53621095 4.6654367 5.8810596
v -0.32051268 4.9251356 5.9221606
v 0.3926196 4.7155294 12.07664
v 0.58858395 4.9288254 11.967478
v 0.3926196 4.7155294 12.07664
v -0.32051268 4.9251356 5.9221606
v 6.9502053 4.7402906 11.092475
v 6.7307153 4.9446335 11.02938
v 6.02138 4.666882 4.896901
v 5.821631 4.9252195 4.9840813
v 6.02138 4.666882 4.896901
v 6.7307153 4.9446335 11.02938
v -0.95094234 0.46678343 -10.505886
v -0.9498877 0.3700708 -10.683774
v -0.75194335 0.3676843 -10.503923
v -4.1291404 0.46868896 -10.556392
v -4.328262 0.3698242 -10.560771
v -4.128076 0.3719751 -10.734277
v -0.9717529 0.3228711 -3.387389
v -0.77273434 0.22376586 -3.3854284
v -0.9729077 0.22161987 -3.2119164
v -4.149951 0.3247754 -3.4378905
v -4.1510935 0.22352295 -3.262418
v -4.3490524 0.22590941 -3.442273
v 2.307052 0.045273438 -8.363926
v 2.306046 -0.035272215 -8.216399
v 2.192345 -0.035268553 -8.365217
v 4.6820545 0.045273438 -8.293501
v 4.7967615 -0.035272215 -8.29221
v 4.6810484 -0.035270996 -8.145971
v 2.3994348 0.045289304 -11.925134
v 2.2847278 -0.035257567 -11.926423
v 2.400431 -0.035252687 -12.072666
v 4.774437 0.045289304 -11.85471
v 4.775433 -0.035252687 -12.002238
v 4.8891344 -0.035257567 -11.853417
v 2.0278661 -1.3252599 0.36908203
v 2.0087316 -1.4323022 0.56420714
v 1.8909607 -1.4322962 0.35478392
v 5.615147 -1.3252612 0.79257506
v 5.752061 -1.432301 0.8068762
v 5.5960183 -1.432301 0.9877032
v 2.5711572 -1.3252405 -4.333605
v 2.4342418 -1.4322827 -4.347905
v 2.5902808 -1.4322754 -4.5287375
v 6.158437 -1.3252417 -3.910111
v 6.177556 -1.4322754 -4.1052394
v 6.295337 -1.4322839 -3.895813
v 4.2788434 -0.43939817 -1.6991259
v 4.258477 -0.5037561 -1.5830163
v 4.1974225 -0.5037512 -1.7139294
v 7.368336 -0.43939817 -1.0960974
v 7.4497666 -0.50375485 -1.081283
v 7.347975 -0.50375366 -0.979989
v 4.9708366 -0.4393872 -5.243906
v 4.889406 -0.5037439 -5.258718
v 4.991188 -0.50374025 -5.360017
v 8.060332 -0.4393872 -4.6408763
v 8.080679 -0.50374025 -4.7569885
v 8.14175 -0.5037451 -4.6260657
v -4.4171886 -0.91014767 -4.7587266
v -4.456262 -1.0023962 -4.92385
v -4.232292 -1.0046729 -4.8017125
v -11.213259 -0.9083301 -3.1453333
v -11.39881 -1.0026318 -3.1045604
v -11.252324 -1.0005798 -3.3104541
v -2.8316722 -1.0474182 1.8725952
v -2.6467578 -1.1419506 1.8296032
v -2.7932286 -1.1439978 2.0355017
v -9.627737 -1.0456017 3.485993
v -9.589292 -1.1421814 3.6488953
v -9.813273 -1.1399059 3.5267596
v -6.100658 -1.3203479 -9.604558
v -6.099603 -1.4170605 -9.782446
v -5.901659 -1.419447 -9.602595
v -9.988505 -1.3184423 -9.655064
v -10.187627 -1.4173071 -9.659443
v -9.987441 -1.4151562 -9.832949
v -6.1214685 -1.4642602 0.22298034
v -5.9224496 -1.5633655 0.22494079
v -6.122623 -1.5655115 0.39845276
v -10.009316 -1.462356 0.17247924
v -10.010459 -1.5636084 0.34795165
v -10.208418 -1.5612218 0.16809691
v 7.398231 -1.2739197 -3.9704344
v 7.525164 -1.4028174 -3.9291441
v 7.4478106 -1.4028198 -3.8530176
v 2.618744 -1.2739197 -3.8005552
v 2.5940013 -1.4028198 -3.6838963
v 2.517877 -1.4028198 -3.7612524
v 2.6939452 -1.2757874 -8.187362
v 2.5911841 -1.4028039 -8.212974
v 2.6685448 -1.4028015 -8.289102
v 7.6758847 -1.572445 -8.211136
v 7.599146 -1.4028039 -8.211758
v 7.523639 -1.572445 -8.365854
v 7.443347 -1.4028015 -8.288796
v 7.414455 -1.277063 -8.211944
v 2.6685448 -1.4028015 -8.289102
v 2.6939452 -1.2757874 -8.187362
v 2.6685448 -1.4028015 -8.289102
v 7.414455 -1.277063 -8.211944
v 7.525164 -1.4028174 -3.9291441
v 7.398231 -1.2739197 -3.9704344
v 7.599146 -1.4028039 -8.211758
v 7.599146 -1.4028039 -8.211758
v 7.398231 -1.2739197 -3.9704344
v 7.414455 -1.277063 -8.211944
v -4.186493 -1.5390979 -8.241008
v -4.074464 -1.6373205 -8.160895
v -4.1571217 -1.6364465 -8.089568
v -8.265879 -1.5396643 -8.24666
v -8.297094 -1.6291809 -8.056946
v -8.373559 -1.6302307 -8.173471
v -4.2045507 -1.5642236 -11.49456
v -4.1812587 -1.6568555 -11.68207
v -4.093318 -1.6558081 -11.553098
v -8.283139 -1.5647851 -11.487043
v -8.391309 -1.6565673 -11.563313
v -8.298008 -1.6574414 -11.67582
v -4.160155 -1.789569 -8.008608
v -4.1571217 -1.6364465 -8.089568
v -3.994823 -1.7913171 -8.124006
v -4.074464 -1.6373205 -8.160895
v -3.994823 -1.7913171 -8.124006
v -4.1571217 -1.6364465 -8.089568
v -8.453042 -1.7922595 -8.127591
v -8.373559 -1.6302307 -8.173471
v -8.300127 -1.7901598 -7.9759827
v -8.297094 -1.6291809 -8.056946
v -8.300127 -1.7901598 -7.9759827
v -8.373559 -1.6302307 -8.173471
v -4.013884 -1.817661 -11.589724
v -4.093318 -1.6558081 -11.553098
v -4.161172 -1.8197632 -11.760071
v -4.1812587 -1.6568555 -11.68207
v -4.161172 -1.8197632 -11.760071
v -4.093318 -1.6558081 -11.553098
v -8.300332 -1.8203503 -11.75382
v -8.298008 -1.6574414 -11.67582
v -8.470703 -1.8185986 -11.606541
v -8.391309 -1.6565673 -11.563313
v -8.470703 -1.8185986 -11.606541
v -8.298008 -1.6574414 -11.67582
v -8.297094 -1.6291809 -8.056946
v -8.265879 -1.5396643 -8.24666
v -4.1571217 -1.6364465 -8.089568
v -4.186493 -1.5390979 -8.241008
v -4.1571217 -1.6364465 -8.089568
v -8.265879 -1.5396643 -8.24666
v -8.388699 -2.0082092 -1.2189416
v -8.381321 -2.0725658 -1.1012915
v -8.471323 -2.0725622 -1.2142773
v -5.815764 -2.0082092 -1.2857116
v -5.733127 -2.0725658 -1.2903662
v -5.8083873 -2.0725646 -1.1680627
v -8.517752 -2.0081983 -4.0622315
v -8.600383 -2.0725548 -4.0575743
v -8.525139 -2.0725513 -4.17988
v -5.944814 -2.0081983 -4.129001
v -5.952208 -2.0725513 -4.2466493
v -5.862191 -2.072556 -4.133657
v -4.5886474 1.1921471 -1.9758557
v -4.5400696 1.1116016 -1.8365514
v -4.697131 1.1116052 -1.9385644
v -2.6946607 1.1921471 -2.5760705
v -2.5861766 1.1116016 -2.6133606
v -2.6460826 1.1116028 -2.4367652
v -5.134215 1.1921631 -3.7819116
v -5.2426987 1.1116161 -3.7446203
v -5.1828036 1.111621 -3.921217
v -3.2402306 1.1921631 -4.382128
v -3.2888172 1.111621 -4.5214295
v -3.1317554 1.1116161 -4.419415
v 2.5304735 1.1180164 -0.4683209
v 2.5595336 1.0374707 -0.32368103
v 2.4179077 1.0374744 -0.44622496
v 6.353629 1.1180164 -1.1440905
v 6.4661956 1.0374707 -1.1661878
v 6.3826904 1.0374719 -0.99944943
v 1.8956518 1.1180322 -3.9737084
v 1.783086 1.0374854 -3.9516113
v 1.866582 1.0374902 -4.118352
v 5.7188067 1.1180322 -4.6494784
v 5.689737 1.0374902 -4.79412
v 5.831364 1.0374854 -4.671573
v -10.906225 -1.7749621 -3.1197789
v -10.899075 -1.8388244 -3.0030224
v -10.997033 -1.838822 -3.114624
v -7.557903 -1.7749621 -3.170968
v -7.4670944 -1.8388244 -3.1761205
v -7.5507565 -1.8388244 -3.0542114
v -10.934597 -1.7749487 -4.615405
v -11.025403 -1.8388134 -4.61025
v -10.941752 -1.8388097 -4.732163
v -7.5862765 -1.7749487 -4.6665955
v -7.593423 -1.8388097 -4.7833495
v -7.495471 -1.8388134 -4.671748
v 2.976433 0.2346936 -0.054921262
v 2.8447974 0.0798584 0.095521845
v 2.7796924 0.08303223 -0.021763915
v 9.999771 0.2324231 1.8867205
v 10.1489105 0.0779187 2.0188298
v 10.031577 0.076240234 2.0839214
v 4.152449 0.23334228 -3.8767443
v 4.0029154 0.08605713 -4.008501
v 4.120247 0.08772827 -4.0735984
v 11.148017 0.23271972 -1.832583
v 11.279253 0.0857666 -1.9826819
v 11.344371 0.08259277 -1.8653919
v 1.7031323 -2.1228125 -9.405749
v 1.7040405 -1.9792467 -9.508486
v 1.9104004 -2.1228125 -9.609414
v 1.807666 -1.9792444 -9.610312
v -1.2401391 -2.1228125 -9.636506
v -1.1374146 -1.9792455 -9.635598
v -1.0364916 -2.1228125 -9.42924
v -1.0355835 -1.9792467 -9.531973
v 1.9505883 -2.1228075 -12.277832
v 1.8478637 -1.9792395 -12.278735
v 1.746936 -2.1228075 -12.485087
v 1.7460278 -1.9792358 -12.38236
v -0.99268794 -2.1228075 -12.508579
v -0.99358886 -1.9792358 -12.405849
v -1.1999536 -2.1228075 -12.304921
v -1.0972216 -1.9792383 -12.304018
v -1.0355835 -1.9792467 -9.531973
v -1.0023535 -1.8652111 -9.766409
v 1.7040405 -1.9792467 -9.508486
v 1.637793 -1.8652111 -9.744006
v -1.0364916 -2.1228125 -9.42924
v -1.0355835 -1.9792467 -9.531973
v 1.7031323 -2.1228125 -9.405749
v 1.7040405 -1.9792467 -9.508486
v -1.1999536 -2.1228075 -12.304921
v -1.0972216 -1.9792383 -12.304018
v -1.2401391 -2.1228125 -9.636506
v -1.1374146 -1.9792455 -9.635598
v 1.746936 -2.1228075 -12.485087
v 1.7460278 -1.9792358 -12.38236
v -0.99268794 -2.1228075 -12.508579
v -0.99358886 -1.9792358 -12.405849
v 1.9104004 -2.1228125 -9.609414
v 1.807666 -1.9792444 -9.610312
v 1.9505883 -2.1228075 -12.277832
v 1.8478637 -1.9792395 -12.278735
v 10.854976 5.4899216 10.893503
v 10.865901 5.8193893 10.739804
v 11.178998 5.486594 10.613374
v 11.027898 5.817727 10.599738
v 5.2647443 5.4848 10.460354
v 5.4157257 5.7929664 10.468652
v 5.5448713 5.488794 10.78435
v 5.5558014 5.7949657 10.630642
v 11.303818 5.4364867 4.3498135
v 11.152741 5.7443185 4.3361697
v 11.023686 5.4324903 4.0258274
v 11.012661 5.742324 4.174179
v 5.7135916 5.431377 3.9166636
v 5.7025714 5.741211 4.065018
v 5.3895683 5.4347043 4.196782
v 5.5405645 5.742873 4.205077
v 5.5558014 5.7949657 10.630642
v 5.627239 6.0062633 10.3939495
v 10.865901 5.8193893 10.739804
v 10.822122 6.0220704 10.500678
v 11.012661 5.742324 4.174179
v 10.941188 6.002656 4.388566
v 5.7025714 5.741211 4.065018
v 5.746297 6.002573 4.2818174
v 5.5448713 5.488794 10.78435
v 5.5558014 5.7949657 10.630642
v 10.854976 5.4899216 10.893503
v 10.865901 5.8193893 10.739804
v 5.3895683 5.4347043 4.196782
v 5.5405645 5.742873 4.205077
v 5.2647443 5.4848 10.460354
v 5.4157257 5.7929664 10.468652
v 11.023686 5.4324903 4.0258274
v 11.012661 5.742324 4.174179
v 5.7135916 5.431377 3.9166636
v 5.7025714 5.741211 4.065018
v 11.178998 5.486594 10.613374
v 11.027898 5.817727 10.599738
v 11.303818 5.4364867 4.3498135
v 11.152741 5.7443185 4.3361697
v 10.036253 3.3873987 -0.38449463
v 9.914789 3.6139526 -0.36022642
v 9.725396 3.3757665 -0.54391176
v 9.7540455 3.6113172 -0.4379669
v 0.95662594 3.390006 2.7099767
v 0.98527586 3.625558 2.8159168
v 0.7947827 3.3955688 2.990437
v 0.9043628 3.6283374 2.9561498
v 9.7540455 3.6113172 -0.4379669
v 9.79137 3.760874 -0.16726196
v 0.98527586 3.625558 2.8159168
v 1.1054639 3.7757506 3.05973
v 0.7947827 3.3955688 2.990437
v 0.9043628 3.6283374 2.9561498
v 2.8908324 3.510354 9.344805
v 3.0004003 3.7431226 9.310524
v 9.725396 3.3757665 -0.54391176
v 9.7540455 3.6113172 -0.4379669
v 0.95662594 3.390006 2.7099767
v 0.98527586 3.625558 2.8159168
v 5.7450356 -2.6568701 -9.5672
v 5.7517767 -2.4368103 -9.671514
v 5.9636173 -2.6591258 -9.758655
v 5.861054 -2.437937 -9.767241
v 1.4803808 -2.6603441 -9.83219
v 1.5828418 -2.4512866 -9.827222
v 1.6718383 -2.6576343 -9.613626
v 1.6785742 -2.4499304 -9.717944
v 5.9637957 -2.6931164 -12.517568
v 5.8612494 -2.4842858 -12.526162
v 5.772338 -2.6958275 -12.736125
v 5.7655096 -2.4856384 -12.635434
v 1.6991405 -2.6965833 -12.78256
v 1.6923169 -2.486394 -12.6818695
v 1.4805615 -2.694325 -12.591115
v 1.5830323 -2.485266 -12.586144
v 1.6785742 -2.4499304 -9.717944
v 1.7254639 -2.3344324 -9.961545
v 5.7517767 -2.4368103 -9.671514
v 5.72049 -2.3337023 -9.916255
v 1.5830323 -2.485266 -12.586144
v 1.7235571 -2.3668432 -12.4384985
v 1.5828418 -2.4512866 -9.827222
v 1.7254639 -2.3344324 -9.961545
v 5.7655096 -2.4856384 -12.635434
v 5.7185884 -2.3661194 -12.393195
v 1.6923169 -2.486394 -12.6818695
v 1.7235571 -2.3668432 -12.4384985
v 5.861054 -2.437937 -9.767241
v 5.72049 -2.3337023 -9.916255
v 5.8612494 -2.4842858 -12.526162
v 5.7185884 -2.3661194 -12.393195
v 1.6718383 -2.6576343 -9.613626
v 1.6785742 -2.4499304 -9.717944
v 5.7450356 -2.6568701 -9.5672
v 5.7517767 -2.4368103 -9.671514
v 1.4805615 -2.694325 -12.591115
v 1.5830323 -2.485266 -12.586144
v 1.4803808 -2.6603441 -9.83219
v 1.5828418 -2.4512866 -9.827222
v 5.772338 -2.6958275 -12.736125
v 5.7655096 -2.4856384 -12.635434
v 1.6991405 -2.6965833 -12.78256
v 1.6923169 -2.486394 -12.6818695
v 5.9636173 -2.6591258 -9.758655
v 5.861054 -2.437937 -9.767241
v 5.9637957 -2.6931164 -12.517568
v 5.8612494 -2.4842858 -12.526162
v 3.5904882 1.8066894 6.884838
v 3.5535154 1.9888672 6.787066
v 3.710405 1.8044336 6.6201653
v 3.6134617 1.9877417 6.654733
v -4.9103317 1.8032129 10.427298
v -4.8149753 2.0122728 10.389478
v -4.645659 1.805924 10.547202
v -4.682632 2.0136304 10.449424
v 0.30057007 1.7704468 -0.8778369
v 0.20363891 1.9792749 -0.84327877
v 0.03590454 1.7677356 -0.9977282
v 0.071300045 1.9779223 -0.9032202
v -8.200244 1.7669799 2.664626
v -8.164848 1.9771655 2.7591338
v -8.320166 1.7692382 2.9292912
v -8.224805 1.9782934 2.8914654
v -8.224805 1.9782934 2.8914654
v -8.03582 2.0967162 2.96784
v -4.8149753 2.0122728 10.389478
v -4.740615 2.1291285 10.208223
v 0.071300045 1.9779223 -0.9032202
v 0.12868285 2.0974414 -0.66324216
v -8.164848 1.9771655 2.7591338
v -8.03582 2.0967162 2.96784
v -8.320166 1.7692382 2.9292912
v -8.224805 1.9782934 2.8914654
v -4.9103317 1.8032129 10.427298
v -4.8149753 2.0122728 10.389478
v 0.03590454 1.7677356 -0.9977282
v 0.071300045 1.9779223 -0.9032202
v -8.200244 1.7669799 2.664626
v -8.164848 1.9771655 2.7591338
v 5.4761314 -0.6584204 -3.6290355
v 5.4719934 -0.45851928 -3.7334888
v 5.6736264 -0.66067624 -3.8421764
v 5.570727 -0.45964476 -3.8400548
v -1.4278406 -0.6618945 -3.2672875
v -1.3254187 -0.45283812 -3.2730005
v -1.2147033 -0.6591846 -3.0698144
v -1.2188451 -0.45148072 -3.1742675
v 5.6827397 -0.69466674 -11.449626
v 5.580144 -0.48583618 -11.457617
v 5.4900007 -0.6973779 -11.667053
v 5.4837637 -0.4871887 -11.566325
v -1.2234167 -0.6981335 -11.766948
v -1.2296484 -0.48794433 -11.666221
v -1.4408642 -0.6958752 -11.574221
v -1.3383703 -0.4868164 -11.569853
v -1.2188451 -0.45148072 -3.1742675
v -1.1975354 -0.33598265 -3.4214232
v 5.4719934 -0.45851928 -3.7334888
v 5.4154334 -0.33525267 -3.9736497
v -1.3383703 -0.4868164 -11.569853
v -1.1969763 -0.36839354 -11.423037
v -1.3254187 -0.45283812 -3.2730005
v -1.1975354 -0.33598265 -3.4214232
v 5.4837637 -0.4871887 -11.566325
v 5.4382706 -0.36766967 -11.323815
v -1.2296484 -0.48794433 -11.666221
v -1.1969763 -0.36839354 -11.423037
v 5.570727 -0.45964476 -3.8400548
v 5.4154334 -0.33525267 -3.9736497
v 5.580144 -0.48583618 -11.457617
v 5.4382706 -0.36766967 -11.323815
v -1.2147033 -0.6591846 -3.0698144
v -1.2188451 -0.45148072 -3.1742675
v 5.4761314 -0.6584204 -3.6290355
v 5.4719934 -0.45851928 -3.7334888
v -1.4408642 -0.6958752 -11.574221
v -1.3383703 -0.4868164 -11.569853
v -1.4278406 -0.6618945 -3.2672875
v -1.3254187 -0.45283812 -3.2730005
v 5.4900007 -0.6973779 -11.667053
v 5.4837637 -0.4871887 -11.566325
v -1.2234167 -0.6981335 -11.766948
v -1.2296484 -0.48794433 -11.666221
v 5.6736264 -0.66067624 -3.8421764
v 5.570727 -0.45964476 -3.8400548
v 5.6827397 -0.69466674 -11.449626
v 5.580144 -0.48583618 -11.457617
v -2.481599 -1.2145861 -12.362324
v -2.3619714 -1.1616955 -12.275203
v -2.191825 -1.2106897 -10.724958
v -2.107484 -1.1570423 -10.839504
v -0.6511096 -1.224469 -12.731938
v -0.6530163 -1.1615906 -12.5528
v -2.416029 -1.2245556 -12.444953
v -2.3619714 -1.1616955 -12.275203
v -2.1003954 -1.3393896 -10.584016
v -2.1091967 -1.1915954 -10.659399
v -0.33546874 -1.3388757 -10.871006
v -0.34426513 -1.1879711 -10.946391
v -0.65936524 -1.3649523 -12.804746
v -0.6511096 -1.224469 -12.731938
v -2.4242957 -1.3654578 -12.517758
v -2.416029 -1.2245556 -12.444953
v -0.20433106 -1.340387 -11.036267
v -0.27870116 -1.1979406 -11.02902
v -0.4941089 -1.3631384 -12.673628
v -0.5684692 -1.2053747 -12.666379
v -6.304431 -1.2405578 -10.963349
v -6.2009935 -1.1876673 -10.8575115
v -6.4108667 -1.2366626 -3.590305
v -6.308622 -1.1830151 -3.6891966
v -3.9903588 -1.2504406 -11.0381
v -4.0220823 -1.1875622 -10.861782
v -6.226013 -1.2505273 -11.033896
v -6.2009935 -1.1876673 -10.8575115
v -6.344197 -1.3653625 -3.4360986
v -6.340315 -1.2175683 -3.5118968
v -4.108534 -1.3648486 -3.440305
v -4.104647 -1.2139441 -3.5160985
v -3.986372 -1.3909241 -11.111264
v -3.9903588 -1.2504406 -11.0381
v -6.2220383 -1.3914294 -11.107065
v -6.226013 -1.2505273 -11.033896
v -3.9516978 -1.3663598 -3.5814085
v -4.0262365 -1.2239136 -3.5866528
v -3.8452685 -1.3891101 -10.954448
v -3.9197998 -1.2313464 -10.959692
v -0.44883054 -2.3127418 -2.627644
v -0.44198608 -1.8905114 -2.742085
v -0.21011353 -2.3152149 -2.8387706
v -0.32264036 -1.891748 -2.84765
v -5.2791147 -2.3165514 -2.8922594
v -5.166715 -2.0872667 -2.8873487
v -5.06798 -2.313579 -2.6535583
v -5.061144 -2.085781 -2.7680078
v -0.1879834 -2.3524926 -11.093501
v -0.3004956 -2.1234581 -11.102383
v -0.39911255 -2.355465 -11.332188
v -0.4060742 -2.1249413 -11.221725
v -5.0182676 -2.3562927 -11.358115
v -5.025221 -2.125769 -11.247646
v -5.2569838 -2.3538158 -11.146992
v -5.1445737 -2.1245325 -11.142087
v -5.1445737 -2.1245325 -11.142087
v -4.9896765 -1.9946545 -10.980898
v -5.166715 -2.0872667 -2.8873487
v -5.0109997 -1.9591064 -3.035415
v -0.4060742 -2.1249413 -11.221725
v -0.45625854 -1.9938586 -10.955803
v -5.025221 -2.125769 -11.247646
v -4.9896765 -1.9946545 -10.980898
v -5.2569838 -2.3538158 -11.146992
v -5.1445737 -2.1245325 -11.142087
v -5.2791147 -2.3165514 -2.8922594
v -5.166715 -2.0872667 -2.8873487
v -0.39911255 -2.355465 -11.332188
v -0.4060742 -2.1249413 -11.221725
v -5.0182676 -2.3562927 -11.358115
v -5.025221 -2.125769 -11.247646
v -4.534602 0.7841125 -2.833247
v -4.3726745 0.84826535 -2.7557971
v -0.45722044 0.7888342 8.9428005
v -0.3819629 0.85390013 8.787549
v 2.8964942 0.7721289 -5.558861
v 2.933827 0.84839356 -5.344807
v -4.4746766 0.77202266 -2.9462829
v -4.3726745 0.84826535 -2.7557971
v -0.3170227 0.63273436 9.090675
v -0.34418458 0.81199336 9.002715
v 7.0541553 0.63335323 6.478085
v 7.0269995 0.8163879 6.3901315
v 2.8705492 0.60173583 -5.6438622
v 2.8964942 0.7721289 -5.558861
v -4.500631 0.6011218 -3.031283
v -4.4746766 0.77202266 -2.9462829
v 7.1740074 0.6315222 6.2520056
v 7.0869193 0.80429685 6.277092
v 3.0966222 0.60393554 -5.5240283
v 3.0095372 0.7952893 -5.4989476
v -0.19118042 -0.35746947 4.522255
v -0.19042724 0.027513428 4.4177265
v 0.016070556 -0.35972533 4.3185925
v -0.08680908 0.026385497 4.3158937
v -9.361787 -0.3609436 4.7724333
v -9.259213 -0.15188599 4.7715244
v -9.158125 -0.35823363 4.9796686
v -9.157363 -0.15052857 4.875135
v -0.25924072 -0.39371458 -3.6401672
v -0.3621118 -0.18488525 -3.6428697
v -0.4629016 -0.396427 -3.8473973
v -0.46395263 -0.18623778 -3.7464867
v -9.429838 -0.3971826 -3.3899877
v -9.430893 -0.18699463 -3.2890747
v -9.637099 -0.3949243 -3.1863353
v -9.534512 -0.1858667 -3.1872473
v -9.534512 -0.1858667 -3.1872473
v -9.385761 -0.06744385 -3.047893
v -9.259213 -0.15188599 4.7715244
v -9.124512 -0.035030518 4.6292505
v -0.46395263 -0.18623778 -3.7464867
v -0.49692017 -0.06671875 -3.501952
v -9.430893 -0.18699463 -3.2890747
v -9.385761 -0.06744385 -3.047893
v -9.637099 -0.3949243 -3.1863353
v -9.534512 -0.1858667 -3.1872473
v -9.361787 -0.3609436 4.7724333
v -9.259213 -0.15188599 4.7715244
v -0.4629016 -0.396427 -3.8473973
v -0.46395263 -0.18623778 -3.7464867
v -9.429838 -0.3971826 -3.3899877
v -9.430893 -0.18699463 -3.2890747
v 5.499772 0.49834716 -0.4818219
v 5.4747324 0.6805249 -0.3803375
v 5.250841 0.49609253 -0.3319397
v 5.350279 0.6793994 -0.30538756
v 11.912715 0.49486816 0.9991559
v 11.812736 0.70392823 0.9761865
v 11.762822 0.4975781 0.750238
v 11.737781 0.70528316 0.8517291
v 4.185791 0.46210083 4.6295643
v 4.2852135 0.67092896 4.6561103
v 4.3356833 0.45938963 4.878469
v 4.360166 0.66957515 4.7805634
v 10.598729 0.45863158 6.110542
v 10.623215 0.6688171 6.012635
v 10.847656 0.46088988 5.9606633
v 10.747673 0.66994506 5.9376965
v 10.747673 0.66994506 5.9376965
v 10.635407 0.7883679 5.7675705
v 11.812736 0.70392823 0.9761865
v 11.648652 0.8207824 1.0832361
v 4.360166 0.66957515 4.7805634
v 4.4490943 0.7890942 4.5504003
v 10.623215 0.6688171 6.012635
v 10.635407 0.7883679 5.7675705
v 10.847656 0.46088988 5.9606633
v 10.747673 0.66994506 5.9376965
v 11.912715 0.49486816 0.9991559
v 11.812736 0.70392823 0.9761865
v 4.3356833 0.45938963 4.878469
v 4.360166 0.66957515 4.7805634
v 10.598729 0.45863158 6.110542
v 10.623215 0.6688171 6.012635
v -2.4753027 2.9029858 11.705701
v -2.2550292 3.0066295 11.51707
v 8.736853 2.9106226 12.655576
v 8.55665 3.0157495 12.442912
v -1.8569385 2.883623 4.265578
v -1.5162524 3.0068383 4.350312
v -2.6031482 2.8834522 11.543283
v -2.2550292 3.0066295 11.51707
v 9.046976 2.6584253 12.545071
v 8.899264 2.948043 12.527717
v 9.793187 2.6594348 5.267357
v 9.645484 2.9551451 5.24999
v -1.9994812 2.6083324 4.2483606
v -1.8569385 2.883623 4.265578
v -2.7457104 2.6073413 11.526076
v -2.6031482 2.8834522 11.543283
v 9.537476 2.6564708 4.942506
v 9.517619 2.9356115 5.087579
v -1.6746862 2.6118872 3.9926536
v -1.6945349 2.9210374 4.137705
v -9.898416 0.39187133 6.723311
v -10.147888 0.3908325 6.6531267
v -9.944968 0.5269092 6.6475153
v -10.0696945 0.5263928 6.612425
v -5.9795775 0.54606444 4.414441
v -6.049675 0.53750366 4.663793
v -6.0611715 0.6768249 4.463326
v -6.0962205 0.67254514 4.5879974
v -12.613286 0.37617674 1.8920801
v -12.543186 0.38473877 1.6427343
v -12.5351 0.5117395 1.8513794
v -12.500046 0.51601315 1.7267016
v -8.643093 0.5325378 -0.32800904
v -8.393625 0.53357667 -0.25783446
v -8.599954 0.6638122 -0.24404296
v -8.475222 0.6643274 -0.2089569
v -6.0962205 0.67254514 4.5879974
v -9.944968 0.5269092 6.6475153
v -6.257854 0.81960326 4.477553
v -9.963454 0.67825806 6.4568133
v -8.475222 0.6643274 -0.2089569
v -6.0611715 0.6768249 4.463326
v -8.590813 0.8037121 -0.050269164
v -6.257854 0.81960326 4.477553
v -12.500046 0.51601315 1.7267016
v -8.599954 0.6638122 -0.24404296
v -12.347761 0.66021115 1.8402172
v -8.590813 0.8037121 -0.050269164
v -10.0696945 0.5263928 6.612425
v -12.5351 0.5117395 1.8513794
v -9.963454 0.67825806 6.4568133
v -12.347761 0.66021115 1.8402172
v -6.049675 0.53750366 4.663793
v -9.898416 0.39187133 6.723311
v -6.0962205 0.67254514 4.5879974
v -9.944968 0.5269092 6.6475153
v -8.393625 0.53357667 -0.25783446
v -5.9795775 0.54606444 4.414441
v -8.475222 0.6643274 -0.2089569
v -6.0611715 0.6768249 4.463326
v -12.543186 0.38473877 1.6427343
v -8.643093 0.5325378 -0.32800904
v -12.500046 0.51601315 1.7267016
v -8.599954 0.6638122 -0.24404296
v -10.147888 0.3908325 6.6531267
v -12.613286 0.37617674 1.8920801
v -10.0696945 0.5263928 6.612425
v -12.5351 0.5117395 1.8513794
v 12.51426 1.7542809 4.156331
v 12.28027 1.7665576 4.3966794
v 12.4027605 1.9315685 4.1559305
v 12.285767 1.9377099 4.2760906
v 12.382158 1.7398535 -1.2714416
v 12.622446 1.7326025 -1.0371802
v 12.390812 1.9135181 -1.154718
v 12.510949 1.9098938 -1.0375818
v 3.4420605 1.851416 4.0699754
v 3.201787 1.8586645 3.8357012
v 3.447561 2.0225708 3.9493976
v 3.327422 2.0261877 3.832257
v 3.442783 1.8369873 -1.3614062
v 3.676765 1.8247119 -1.6017578
v 3.5684178 2.004508 -1.3648547
v 3.6854002 1.9983642 -1.4850243
v 12.510949 1.9098938 -1.0375818
v 12.4027605 1.9315685 4.1559305
v 12.289241 2.1090221 -0.92911434
v 12.178238 2.1284301 4.051795
v 3.6854002 1.9983642 -1.4850243
v 12.390812 1.9135181 -1.154718
v 3.7982543 2.1850464 -1.2621765
v 12.289241 2.1090221 -0.92911434
v 3.327422 2.0261877 3.832257
v 3.5684178 2.004508 -1.3648547
v 3.5544384 2.2044725 3.7223406
v 3.7982543 2.1850464 -1.2621765
v 12.285767 1.9377099 4.2760906
v 3.447561 2.0225708 3.9493976
v 12.178238 2.1284301 4.051795
v 3.5544384 2.2044725 3.7223406
v 12.622446 1.7326025 -1.0371802
v 12.51426 1.7542809 4.156331
v 12.510949 1.9098938 -1.0375818
v 12.4027605 1.9315685 4.1559305
v 3.676765 1.8247119 -1.6017578
v 12.382158 1.7398535 -1.2714416
v 3.6854002 1.9983642 -1.4850243
v 12.390812 1.9135181 -1.154718
v 3.201787 1.8586645 3.8357012
v 3.442783 1.8369873 -1.3614062
v 3.327422 2.0261877 3.832257
v 3.5684178 2.004508 -1.3648547
v 12.28027 1.7665576 4.3966794
v 3.4420605 1.851416 4.0699754
v 12.285767 1.9377099 4.2760906
v 3.447561 2.0225708 3.9493976
v -3.9576514 -2.593081 1.9363378
v -4.0861816 -2.5838683 1.7199035
v -3.9356053 -2.4600365 1.85562
v -3.9998717 -2.4554272 1.747406
v 1.8770336 -2.6039085 3.2760644
v 1.660404 -2.6093504 3.4044976
v 1.7907556 -2.4735816 3.2595677
v 1.682445 -2.4763036 3.323781
v -2.8030896 -2.5201855 -3.6438732
v -2.591859 -2.5147448 -3.7809985
v -2.715747 -2.3917432 -3.6199048
v -2.6101208 -2.3890295 -3.6884656
v 3.0619128 -2.531013 -2.44464
v 3.1991441 -2.5402257 -2.2336168
v 3.0436523 -2.4052978 -2.3521118
v 3.1122692 -2.4099083 -2.246599
v 1.682445 -2.4763036 3.323781
v -3.9356053 -2.4600365 1.85562
v 1.6470801 -2.3268688 3.141969
v -3.816361 -2.312302 1.7132269
v 3.1122692 -2.4099083 -2.246599
v 1.7907556 -2.4735816 3.2595677
v 2.9304821 -2.2698145 -2.2008545
v 1.6470801 -2.3268688 3.141969
v -2.6101208 -2.3890295 -3.6884656
v 3.0436523 -2.4052978 -2.3521118
v -2.5672154 -2.255238 -3.5041113
v 2.9304821 -2.2698145 -2.2008545
v -3.9998717 -2.4554272 1.747406
v -2.715747 -2.3917432 -3.6199048
v -3.816361 -2.312302 1.7132269
v -2.5672154 -2.255238 -3.5041113
v 1.660404 -2.6093504 3.4044976
v -3.9576514 -2.593081 1.9363378
v 1.682445 -2.4763036 3.323781
v -3.9356053 -2.4600365 1.85562
v 3.1991441 -2.5402257 -2.2336168
v 1.8770336 -2.6039085 3.2760644
v 3.1122692 -2.4099083 -2.246599
v 1.7907556 -2.4735816 3.2595677
v -2.591859 -2.5147448 -3.7809985
v 3.0619128 -2.531013 -2.44464
v -2.6101208 -2.3890295 -3.6884656
v 3.0436523 -2.4052978 -2.3521118
v -4.0861816 -2.5838683 1.7199035
v -2.8030896 -2.5201855 -3.6438732
v -3.9998717 -2.4554272 1.747406
v -2.715747 -2.3917432 -3.6199048
v -7.1831417 -2.3281739 -3.3151636
v -6.977129 -2.2310498 -3.1379273
v -6.8960104 -2.3210204 -0.27522215
v -6.7246213 -2.2225049 -0.47234252
v -2.5363927 -2.3463233 -3.9520812
v -2.566494 -2.2308557 -3.6244836
v -7.050862 -2.3464818 -3.4566526
v -6.977129 -2.2310498 -3.1379273
v -6.749609 -2.5573559 -0.0036663818
v -6.7545166 -2.285957 -0.14295226
v -2.235133 -2.5564122 -0.49910095
v -2.2400305 -2.2793016 -0.63838375
v -2.540692 -2.604297 -4.0865674
v -2.5363927 -2.3463233 -3.9520812
v -7.0551734 -2.6052246 -3.5911424
v -7.050862 -2.3464818 -3.4566526
v -1.970559 -2.559187 -0.78209716
v -2.1077538 -2.2976086 -0.77988034
v -2.2576916 -2.6009655 -3.8220313
v -2.394878 -2.3112597 -3.8198144
v 6.3684735 -1.4840661 -11.122241
v 6.378214 -1.6098046 -11.203767
v 6.5478854 -1.6098071 -11.166086
v 6.4378233 -1.7794495 -11.297742
v 7.1928306 -1.7794579 -7.882678
v 7.175147 -1.609823 -7.9573593
v 7.3068066 -1.7794579 -8.067424
v 7.2321253 -1.6098205 -8.049728
v 2.334519 -1.7794579 -6.6753955
v 2.4091966 -1.609823 -6.6930857
v 2.5192578 -1.7794579 -6.561422
v 2.501565 -1.609823 -6.6361046
v 1.7232813 -1.7794482 -10.140569
v 1.7409766 -1.6098046 -10.065888
v 1.6093163 -1.779447 -9.95582
v 1.6839917 -1.6098071 -9.9735155
v 2.501565 -1.609823 -6.6361046
v 2.497788 -1.4809216 -6.7553
v 7.175147 -1.609823 -7.9573593
v 7.0990086 -1.4809216 -8.059571
v 1.6839917 -1.6098071 -9.9735155
v 1.7898974 -1.4827905 -9.973137
v 2.4091966 -1.609823 -6.6930857
v 2.497788 -1.4809216 -6.7553
v 2.5192578 -1.7794579 -6.561422
v 2.501565 -1.609823 -6.6361046
v 7.1928306 -1.7794579 -7.882678
v 7.175147 -1.609823 -7.9573593
v 1.6093163 -1.779447 -9.95582
v 1.6839917 -1.6098071 -9.9735155
v 2.334519 -1.7794579 -6.6753955
v 2.4091966 -1.609823 -6.6930857
v 6.4378233 -1.7794495 -11.297742
v 6.378214 -1.6098046 -11.203767
v 1.7232813 -1.7794482 -10.140569
v 1.7409766 -1.6098046 -10.065888
v 7.3068066 -1.7794579 -8.067424
v 7.2321253 -1.6098205 -8.049728
v 6.6225605 -1.7794482 -11.183774
v 6.5478854 -1.6098071 -11.166086
v 5.1694036 0.31235594 -3.5330603
v 5.173986 0.48199096 -3.6096728
v 5.331776 0.31235594 -3.6771288
v 5.2551665 0.4819934 -3.681704
v -1.4945728 0.31235594 -3.917943
v -1.4179711 0.48199096 -3.9133618
v -1.3505163 0.31235594 -3.7555664
v -1.3459338 0.48199096 -3.8321812
v 5.375169 0.31236693 -10.103453
v 5.298564 0.48200804 -10.108029
v 5.231112 0.31236693 -10.2658205
v 5.226527 0.48201048 -10.189214
v -1.2888086 0.31236693 -10.48833
v -1.2933874 0.48201048 -10.411721
v -1.4511817 0.31236815 -10.344261
v -1.3745703 0.48200804 -10.339687
v -1.3459338 0.48199096 -3.8321812
v -1.3152112 0.61101073 -3.9474084
v 5.173986 0.48199096 -3.6096728
v 5.1305327 0.61101073 -3.7294896
v -1.3745703 0.48200804 -10.339687
v -1.273269 0.60894775 -10.308803
v -1.4179711 0.48199096 -3.9133618
v -1.3152112 0.61101073 -3.9474084
v 5.2551665 0.4819934 -3.681704
v 5.1305327 0.61101073 -3.7294896
v 5.2219534 0.60754025 -10.112605
v 5.298564 0.48200804 -10.108029
v -1.3505163 0.31235594 -3.7555664
v -1.3459338 0.48199096 -3.8321812
v 5.1694036 0.31235594 -3.5330603
v 5.173986 0.48199096 -3.6096728
v -1.4511817 0.31236815 -10.344261
v -1.3745703 0.48200804 -10.339687
v -1.4945728 0.31235594 -3.917943
v -1.4179711 0.48199096 -3.9133618
v 5.231112 0.31236693 -10.2658205
v 5.226527 0.48201048 -10.189214
v -1.2888086 0.31236693 -10.48833
v -1.2933874 0.48201048 -10.411721
v 5.331776 0.31235594 -3.6771288
v 5.2551665 0.4819934 -3.681704
v 5.375169 0.31236693 -10.103453
v 5.298564 0.48200804 -10.108029
v 6.8290734 4.412485 11.411108
v 6.8140316 4.741953 11.257758
v 7.1014495 4.4091578 11.080544
v 6.9502053 4.7402906 11.092475
v 0.24239013 4.4073634 12.093816
v 0.3926196 4.7155294 12.07664
v 0.57294923 4.4113574 12.366167
v 0.55791014 4.7175293 12.212808
v 6.1726036 4.3590503 4.8849792
v 6.02138 4.666882 4.896901
v 5.84204 4.3550534 4.61264
v 5.8560843 4.6648874 4.7607355
v -0.41407713 4.353939 5.5676847
v -0.40002564 4.6637745 5.7157836
v -0.68645626 4.357268 5.89824
v -0.53621095 4.6654367 5.8810596
v 0.55791014 4.7175293 12.212808
v 0.58858395 4.9288254 11.967478
v 6.8140316 4.741953 11.257758
v 6.7307153 4.9446335 11.02938
v 5.8560843 4.6648874 4.7607355
v 5.821631 4.9252195 4.9840813
v -0.40002564 4.6637745 5.7157836
v -0.32051268 4.9251356 5.9221606
v 0.57294923 4.4113574 12.366167
v 0.55791014 4.7175293 12.212808
v 6.8290734 4.412485 11.411108
v 6.8140316 4.741953 11.257758
v -0.68645626 4.357268 5.89824
v -0.53621095 4.6654367 5.8810596
v 0.24239013 4.4073634 12.093816
v 0.3926196 4.7155294 12.07664
v 5.84204 4.3550534 4.61264
v 5.8560843 4.6648874 4.7607355
v -0.41407713 4.353939 5.5676847
v -0.40002564 4.6637745 5.7157836
v 7.1014495 4.4091578 11.080544
v 6.9502053 4.7402906 11.092475
v 6.1726036 4.3590503 4.8849792
v 6.02138 4.666882 4.896901
v -4.128076 0.3719751 -10.734277
v -0.9498877 0.3700708 -10.683774
v -4.1291404 0.46868896 -10.556392
v -0.95094234 0.46678343 -10.505886
v -4.3490524 0.22590941 -3.442273
v -4.328262 0.3698242 -10.560771
v -4.149951 0.3247754 -3.4378905
v -4.1291404 0.46868896 -10.556392
v -0.9729077 0.22161987 -3.2119164
v -4.1510935 0.22352295 -3.262418
v -0.9717529 0.3228711 -3.387389
v -4.149951 0.3247754 -3.4378905
v -0.75194335 0.3676843 -10.503923
v -0.77273434 0.22376586 -3.3854284
v -0.95094234 0.46678343 -10.505886
v -0.9717529 0.3228711 -3.387389
v -0.9489209 0.10871094 -10.863688
v -0.55302733 0.10393066 -10.503972
v -0.9498877 0.3700708 -10.683774
v -0.75194335 0.3676843 -10.503923
v -4.527461 0.106313474 -10.567153
v -4.1271286 0.11061523 -10.9141865
v -4.328262 0.3698242 -10.560771
v -4.128076 0.3719751 -10.734277
v -0.57383054 -0.039986573 -3.3854785
v -0.974165 -0.04428833 -3.038458
v -0.77273434 0.22376586 -3.3854284
v -0.9729077 0.22161987 -3.2119164
v -4.1523585 -0.042384032 -3.0889587
v -4.548257 -0.03760376 -3.4486632
v -4.1510935 0.22352295 -3.262418
v -4.3490524 0.22590941 -3.442273
v -4.1271286 0.11061523 -10.9141865
v -0.9489209 0.10871094 -10.863688
v -4.128076 0.3719751 -10.734277
v -0.9498877 0.3700708 -10.683774
v -4.548257 -0.03760376 -3.4486632
v -4.527461 0.106313474 -10.567153
v -4.3490524 0.22590941 -3.442273
v -4.328262 0.3698242 -10.560771
v -0.974165 -0.04428833 -3.038458
v -4.1523585 -0.042384032 -3.0889587
v -0.9729077 0.22161987 -3.2119164
v -4.1510935 0.22352295 -3.262418
v -0.55302733 0.10393066 -10.503972
v -0.57383054 -0.039986573 -3.3854785
v -0.75194335 0.3676843 -10.503923
v -0.77273434 0.22376586 -3.3854284
v 4.6810484 -0.035270996 -8.145971
v 2.306046 -0.035272215 -8.216399
v 4.6820545 0.045273438 -8.293501
v 2.307052 0.045273438 -8.363926
v 4.8891344 -0.035257567 -11.853417
v 4.7967615 -0.035272215 -8.29221
v 4.774437 0.045289304 -11.85471
v 4.6820545 0.045273438 -8.293501
v 2.400431 -0.035252687 -12.072666
v 4.775433 -0.035252687 -12.002238
v 2.3994348 0.045289304 -11.925134
v 4.774437 0.045289304 -11.85471
v 2.192345 -0.035268553 -8.365217
v 2.2847278 -0.035257567 -11.926423
v 2.307052 0.045273438 -8.363926
v 2.3994348 0.045289304 -11.925134
v 2.3050401 -0.24979858 -8.068858
v 2.077638 -0.24979858 -8.3665085
v 2.306046 -0.035272215 -8.216399
v 2.192345 -0.035268553 -8.365217
v 4.9114585 -0.24979858 -8.290925
v 4.6800523 -0.24979858 -7.9984384
v 4.7967615 -0.035272215 -8.29221
v 4.6810484 -0.035270996 -8.145971
v 2.1700208 -0.24978393 -11.927714
v 2.4014368 -0.24978149 -12.220193
v 2.2847278 -0.035257567 -11.926423
v 2.400431 -0.035252687 -12.072666
v 4.776429 -0.24978149 -12.149765
v 5.0038414 -0.24978393 -11.852129
v 4.775433 -0.035252687 -12.002238
v 4.8891344 -0.035257567 -11.853417
v 4.6800523 -0.24979858 -7.9984384
v 2.3050401 -0.24979858 -8.068858
v 4.6810484 -0.035270996 -8.145971
v 2.306046 -0.035272215 -8.216399
v 5.0038414 -0.24978393 -11.852129
v 4.9114585 -0.24979858 -8.290925
v 4.8891344 -0.035257567 -11.853417
v 4.7967615 -0.035272215 -8.29221
v 2.4014368 -0.24978149 -12.220193
v 4.776429 -0.24978149 -12.149765
v 2.400431 -0.035252687 -12.072666
v 4.775433 -0.035252687 -12.002238
v 2.077638 -0.24979858 -8.3665085
v 2.1700208 -0.24978393 -11.927714
v 2.192345 -0.035268553 -8.365217
v 2.2847278 -0.035257567 -11.926423
v 5.5960183 -1.432301 0.9877032
v 2.0087316 -1.4323022 0.56420714
v 5.615147 -1.3252612 0.79257506
v 2.0278661 -1.3252599 0.36908203
v 6.295337 -1.4322839 -3.895813
v 5.752061 -1.432301 0.8068762
v 6.158437 -1.3252417 -3.910111
v 5.615147 -1.3252612 0.79257506
v 2.5902808 -1.4322754 -4.5287375
v 6.177556 -1.4322754 -4.1052394
v 2.5711572 -1.3252405 -4.333605
v 6.158437 -1.3252417 -3.910111
v 1.8909607 -1.4322962 0.35478392
v 2.4342418 -1.4322827 -4.347905
v 2.0278661 -1.3252599 0.36908203
v 2.5711572 -1.3252405 -4.333605
v 1.9895984 -1.7173975 0.75934875
v 1.7540526 -1.7173963 0.34048522
v 2.0087316 -1.4323022 0.56420714
v 1.8909607 -1.4322962 0.35478392
v 5.8889647 -1.7173963 0.82116634
v 5.5768914 -1.7173975 1.1828357
v 5.752061 -1.432301 0.8068762
v 5.5960183 -1.432301 0.9877032
v 2.2973363 -1.7173779 -4.3622046
v 2.609414 -1.7173742 -4.7238607
v 2.4342418 -1.4322827 -4.347905
v 2.5902808 -1.4322754 -4.5287375
v 6.196688 -1.7173742 -4.3003635
v 6.4322414 -1.7173779 -3.8815184
v 6.177556 -1.4322754 -4.1052394
v 6.295337 -1.4322839 -3.895813
v 5.5768914 -1.7173975 1.1828357
v 1.9895984 -1.7173975 0.75934875
v 5.5960183 -1.432301 0.9877032
v 2.0087316 -1.4323022 0.56420714
v 6.4322414 -1.7173779 -3.8815184
v 5.8889647 -1.7173963 0.82116634
v 6.295337 -1.4322839 -3.895813
v 5.752061 -1.432301 0.8068762
v 2.609414 -1.7173742 -4.7238607
v 6.196688 -1.7173742 -4.3003635
v 2.5902808 -1.4322754 -4.5287375
v 6.177556 -1.4322754 -4.1052394
v 1.7540526 -1.7173963 0.34048522
v 2.2973363 -1.7173779 -4.3622046
v 1.8909607 -1.4322962 0.35478392
v 2.4342418 -1.4322827 -4.347905
v 7.347975 -0.50375366 -0.979989
v 4.258477 -0.5037561 -1.5830163
v 7.368336 -0.43939817 -1.0960974
v 4.2788434 -0.43939817 -1.6991259
v 8.14175 -0.5037451 -4.6260657
v 7.4497666 -0.50375485 -1.081283
v 8.060332 -0.4393872 -4.6408763
v 7.368336 -0.43939817 -1.0960974
v 4.991188 -0.50374025 -5.360017
v 8.080679 -0.50374025 -4.7569885
v 4.9708366 -0.4393872 -5.243906
v 8.060332 -0.4393872 -4.6408763
v 4.1974225 -0.5037512 -1.7139294
v 4.889406 -0.5037439 -5.258718
v 4.2788434 -0.43939817 -1.6991259
v 4.9708366 -0.4393872 -5.243906
v 4.2381253 -0.67516476 -1.4668982
v 4.1159916 -0.67516357 -1.7287439
v 4.258477 -0.5037561 -1.5830163
v 4.1974225 -0.5037512 -1.7139294
v 7.531183 -0.67516357 -1.0664771
v 7.3276134 -0.67516357 -0.8638739
v 7.4497666 -0.50375485 -1.081283
v 7.347975 -0.50375366 -0.979989
v 4.80798 -0.6751526 -5.273525
v 5.0115595 -0.67515135 -5.476119
v 4.889406 -0.5037439 -5.258718
v 4.991188 -0.50374025 -5.360017
v 8.101043 -0.67515135 -4.8730917
v 8.223168 -0.6751538 -4.611261
v 8.080679 -0.50374025 -4.7569885
v 8.14175 -0.5037451 -4.6260657
v 7.3276134 -0.67516357 -0.8638739
v 4.2381253 -0.67516476 -1.4668982
v 7.347975 -0.50375366 -0.979989
v 4.258477 -0.5037561 -1.5830163
v 8.223168 -0.6751538 -4.611261
v 7.531183 -0.67516357 -1.0664771
v 8.14175 -0.5037451 -4.6260657
v 7.4497666 -0.50375485 -1.081283
v 5.0115595 -0.67515135 -5.476119
v 8.101043 -0.67515135 -4.8730917
v 4.991188 -0.50374025 -5.360017
v 8.080679 -0.50374025 -4.7569885
v 4.1159916 -0.67516357 -1.7287439
v 4.80798 -0.6751526 -5.273525
v 4.1974225 -0.5037512 -1.7139294
v 4.889406 -0.5037439 -5.258718
v -11.252324 -1.0005798 -3.3104541
v -4.456262 -1.0023962 -4.92385
v -11.213259 -0.9083301 -3.1453333
v -4.4171886 -0.91014767 -4.7587266
v -9.813273 -1.1399059 3.5267596
v -11.39881 -1.0026318 -3.1045604
v -9.627737 -1.0456017 3.485993
v -11.213259 -0.9083301 -3.1453333
v -2.7932286 -1.1439978 2.0355017
v -9.589292 -1.1421814 3.6488953
v -2.8316722 -1.0474182 1.8725952
v -9.627737 -1.0456017 3.485993
v -4.232292 -1.0046729 -4.8017125
v -2.6467578 -1.1419506 1.8296032
v -4.4171886 -0.91014767 -4.7587266
v -2.8316722 -1.0474182 1.8725952
v -4.4958754 -1.2516955 -5.09083
v -4.047932 -1.2562561 -4.846545
v -4.456262 -1.0023962 -4.92385
v -4.232292 -1.0046729 -4.8017125
v -11.584885 -1.2539831 -3.0656238
v -11.291955 -1.2498791 -3.4774268
v -11.39881 -1.0026318 -3.1045604
v -11.252324 -1.0005798 -3.3104541
v -2.4624047 -1.3935326 1.7847729
v -2.755343 -1.3976355 2.1965642
v -2.6467578 -1.1419506 1.8296032
v -2.7932286 -1.1439978 2.0355017
v -9.551404 -1.3958191 3.8099616
v -9.999357 -1.3912598 3.5656865
v -9.589292 -1.1421814 3.6488953
v -9.813273 -1.1399059 3.5267596
v -11.291955 -1.2498791 -3.4774268
v -4.4958754 -1.2516955 -5.09083
v -11.252324 -1.0005798 -3.3104541
v -4.456262 -1.0023962 -4.92385
v -9.999357 -1.3912598 3.5656865
v -11.584885 -1.2539831 -3.0656238
v -9.813273 -1.1399059 3.5267596
v -11.39881 -1.0026318 -3.1045604
v -2.755343 -1.3976355 2.1965642
v -9.551404 -1.3958191 3.8099616
v -2.7932286 -1.1439978 2.0355017
v -9.589292 -1.1421814 3.6488953
v -4.047932 -1.2562561 -4.846545
v -2.4624047 -1.3935326 1.7847729
v -4.232292 -1.0046729 -4.8017125
v -2.6467578 -1.1419506 1.8296032
v -9.987441 -1.4151562 -9.832949
v -6.099603 -1.4170605 -9.782446
v -9.988505 -1.3184423 -9.655064
v -6.100658 -1.3203479 -9.604558
v -10.208418 -1.5612218 0.16809691
v -10.187627 -1.4173071 -9.659443
v -10.009316 -1.462356 0.17247924
v -9.988505 -1.3184423 -9.655064
v -6.122623 -1.5655115 0.39845276
v -10.010459 -1.5636084 0.34795165
v -6.1214685 -1.4642602 0.22298034
v -10.009316 -1.462356 0.17247924
v -5.901659 -1.419447 -9.602595
v -5.9224496 -1.5633655 0.22494079
v -6.100658 -1.3203479 -9.604558
v -6.1214685 -1.4642602 0.22298034
v -6.098636 -1.6784204 -9.96236
v -5.7027426 -1.6832006 -9.602644
v -6.099603 -1.4170605 -9.782446
v -5.901659 -1.419447 -9.602595
v -10.386826 -1.6808178 -9.665825
v -9.986494 -1.676516 -10.012858
v -10.187627 -1.4173071 -9.659443
v -9.987441 -1.4151562 -9.832949
v -5.723546 -1.8271179 0.22489074
v -6.1238804 -1.8314196 0.571911
v -5.9224496 -1.5633655 0.22494079
v -6.122623 -1.5655115 0.39845276
v -10.0117235 -1.8295153 0.5214099
v -10.407621 -1.824735 0.16170593
v -10.010459 -1.5636084 0.34795165
v -10.208418 -1.5612218 0.16809691
v -9.986494 -1.676516 -10.012858
v -6.098636 -1.6784204 -9.96236
v -9.987441 -1.4151562 -9.832949
v -6.099603 -1.4170605 -9.782446
v -10.407621 -1.824735 0.16170593
v -10.386826 -1.6808178 -9.665825
v -10.208418 -1.5612218 0.16809691
v -10.187627 -1.4173071 -9.659443
v -6.1238804 -1.8314196 0.571911
v -10.0117235 -1.8295153 0.5214099
v -6.122623 -1.5655115 0.39845276
v -10.010459 -1.5636084 0.34795165
v -5.7027426 -1.6832006 -9.602644
v -5.723546 -1.8271179 0.22489074
v -5.901659 -1.419447 -9.602595
v -5.9224496 -1.5633655 0.22494079
v 7.414455 -1.277063 -8.211944
v 7.443347 -1.4028015 -8.288796
v 7.599146 -1.4028039 -8.211758
v 7.523639 -1.572445 -8.365854
v 7.447183 -1.5724548 -3.7762744
v 7.4478106 -1.4028198 -3.8530176
v 7.60191 -1.5724548 -3.9285278
v 7.525164 -1.4028174 -3.9291441
v 2.4411364 -1.5724548 -3.7618725
v 2.517877 -1.4028198 -3.7612524
v 2.5933814 -1.5724548 -3.6071472
v 2.5940013 -1.4028198 -3.6838963
v 2.6691613 -1.572445 -8.365846
v 2.6685448 -1.4028015 -8.289102
v 2.514442 -1.5724438 -8.21359
v 2.5911841 -1.4028039 -8.212974
v 2.5940013 -1.4028198 -3.6838963
v 2.618744 -1.2739197 -3.8005552
v 7.4478106 -1.4028198 -3.8530176
v 7.398231 -1.2739197 -3.9704344
v 2.5911841 -1.4028039 -8.212974
v 2.6939452 -1.2757874 -8.187362
v 2.517877 -1.4028198 -3.7612524
v 2.618744 -1.2739197 -3.8005552
v 2.5933814 -1.5724548 -3.6071472
v 2.5940013 -1.4028198 -3.6838963
v 7.447183 -1.5724548 -3.7762744
v 7.4478106 -1.4028198 -3.8530176
v 2.514442 -1.5724438 -8.21359
v 2.5911841 -1.4028039 -8.212974
v 2.4411364 -1.5724548 -3.7618725
v 2.517877 -1.4028198 -3.7612524
v 7.523639 -1.572445 -8.365854
v 7.443347 -1.4028015 -8.288796
v 2.6691613 -1.572445 -8.365846
v 2.6685448 -1.4028015 -8.289102
v 7.60191 -1.5724548 -3.9285278
v 7.525164 -1.4028174 -3.9291441
v 7.6758847 -1.572445 -8.211136
v 7.599146 -1.4028039 -8.211758
v -8.391309 -1.6565673 -11.563313
v -8.283139 -1.5647851 -11.487043
v -8.373559 -1.6302307 -8.173471
v -8.265879 -1.5396643 -8.24666
v -4.1812587 -1.6568555 -11.68207
v -4.2045507 -1.5642236 -11.49456
v -8.298008 -1.6574414 -11.67582
v -8.283139 -1.5647851 -11.487043
v -4.074464 -1.6373205 -8.160895
v -4.186493 -1.5390979 -8.241008
v -4.093318 -1.6558081 -11.553098
v -4.2045507 -1.5642236 -11.49456
v -8.300127 -1.7901598 -7.9759827
v -8.297094 -1.6291809 -8.056946
v -4.160155 -1.789569 -8.008608
v -4.1571217 -1.6364465 -8.089568
v -8.470703 -1.8185986 -11.606541
v -8.391309 -1.6565673 -11.563313
v -8.453042 -1.7922595 -8.127591
v -8.373559 -1.6302307 -8.173471
v -4.161172 -1.8197632 -11.760071
v -4.1812587 -1.6568555 -11.68207
v -8.300332 -1.8203503 -11.75382
v -8.298008 -1.6574414 -11.67582
v -3.994823 -1.7913171 -8.124006
v -4.074464 -1.6373205 -8.160895
v -4.013884 -1.817661 -11.589724
v -4.093318 -1.6558081 -11.553098
v -5.8083873 -2.0725646 -1.1680627
v -8.381321 -2.0725658 -1.1012915
v -5.815764 -2.0082092 -1.2857116
v -8.388699 -2.0082092 -1.2189416
v -5.862191 -2.072556 -4.133657
v -5.733127 -2.0725658 -1.2903662
v -5.944814 -2.0081983 -4.129001
v -5.815764 -2.0082092 -1.2857116
v -8.525139 -2.0725513 -4.17988
v -5.952208 -2.0725513 -4.2466493
v -8.517752 -2.0081983 -4.0622315
v -5.944814 -2.0081983 -4.129001
v -8.471323 -2.0725622 -1.2142773
v -8.600383 -2.0725548 -4.0575743
v -8.388699 -2.0082092 -1.2189416
v -8.517752 -2.0081983 -4.0622315
v -8.373933 -2.2439744 -0.98363525
v -8.55396 -2.2439733 -1.2096215
v -8.381321 -2.0725658 -1.1012915
v -8.471323 -2.0725622 -1.2142773
v -5.6505103 -2.2439744 -1.2950281
v -5.801007 -2.2439744 -1.0504076
v -5.733127 -2.0725658 -1.2903662
v -5.8083873 -2.0725646 -1.1680627
v -8.683018 -2.243965 -4.0529137
v -8.532502 -2.2439623 -4.2975245
v -8.600383 -2.0725548 -4.0575743
v -8.525139 -2.0725513 -4.17988
v -5.9595847 -2.243961 -4.3642945
v -5.7795677 -2.243965 -4.138319
v -5.952208 -2.0725513 -4.2466493
v -5.862191 -2.072556 -4.133657
v -5.801007 -2.2439744 -1.0504076
v -8.373933 -2.2439744 -0.98363525
v -5.8083873 -2.0725646 -1.1680627
v -8.381321 -2.0725658 -1.1012915
v -5.7795677 -2.243965 -4.138319
v -5.6505103 -2.2439744 -1.2950281
v -5.862191 -2.072556 -4.133657
v -5.733127 -2.0725658 -1.2903662
v -8.532502 -2.2439623 -4.2975245
v -5.9595847 -2.243961 -4.3642945
v -8.525139 -2.0725513 -4.17988
v -5.952208 -2.0725513 -4.2466493
v -8.55396 -2.2439733 -1.2096215
v -8.683018 -2.243965 -4.0529137
v -8.471323 -2.0725622 -1.2142773
v -8.600383 -2.0725548 -4.0575743
v -2.6460826 1.1116028 -2.4367652
v -4.5400696 1.1116016 -1.8365514
v -2.6946607 1.1921471 -2.5760705
v -4.5886474 1.1921471 -1.9758557
v -3.1317554 1.1116161 -4.419415
v -2.5861766 1.1116016 -2.6133606
v -3.2402306 1.1921631 -4.382128
v -2.6946607 1.1921471 -2.5760705
v -5.1828036 1.111621 -3.921217
v -3.2888172 1.111621 -4.5214295
v -5.134215 1.1921631 -3.7819116
v -3.2402306 1.1921631 -4.382128
v -4.697131 1.1116052 -1.9385644
v -5.2426987 1.1116161 -3.7446203
v -4.5886474 1.1921471 -1.9758557
v -5.134215 1.1921631 -3.7819116
v -4.491488 0.8970752 -1.6972363
v -4.805614 0.8970752 -1.9012743
v -4.5400696 1.1116016 -1.8365514
v -4.697131 1.1116052 -1.9385644
v -2.477705 0.8970752 -2.6506555
v -2.597495 0.8970752 -2.2974596
v -2.5861766 1.1116016 -2.6133606
v -2.6460826 1.1116028 -2.4367652
v -5.351183 0.89708984 -3.707329
v -5.2313795 0.8970923 -4.0605197
v -5.2426987 1.1116161 -3.7446203
v -5.1828036 1.111621 -3.921217
v -3.3374047 0.8970923 -4.66073
v -3.0232713 0.89708984 -4.4567075
v -3.2888172 1.111621 -4.5214295
v -3.1317554 1.1116161 -4.419415
v -2.597495 0.8970752 -2.2974596
v -4.491488 0.8970752 -1.6972363
v -2.6460826 1.1116028 -2.4367652
v -4.5400696 1.1116016 -1.8365514
v -3.0232713 0.89708984 -4.4567075
v -2.477705 0.8970752 -2.6506555
v -3.1317554 1.1116161 -4.419415
v -2.5861766 1.1116016 -2.6133606
v -5.2313795 0.8970923 -4.0605197
v -3.3374047 0.8970923 -4.66073
v -5.1828036 1.111621 -3.921217
v -3.2888172 1.111621 -4.5214295
v -4.805614 0.8970752 -1.9012743
v -5.351183 0.89708984 -3.707329
v -4.697131 1.1116052 -1.9385644
v -5.2426987 1.1116161 -3.7446203
v 6.3826904 1.0374719 -0.99944943
v 2.5595336 1.0374707 -0.32368103
v 6.353629 1.1180164 -1.1440905
v 2.5304735 1.1180164 -0.4683209
v 5.831364 1.0374854 -4.671573
v 6.4661956 1.0374707 -1.1661878
v 5.7188067 1.1180322 -4.6494784
v 6.353629 1.1180164 -1.1440905
v 1.866582 1.0374902 -4.118352
v 5.689737 1.0374902 -4.79412
v 1.8956518 1.1180322 -3.9737084
v 5.7188067 1.1180322 -4.6494784
v 2.4179077 1.0374744 -0.44622496
v 1.783086 1.0374854 -3.9516113
v 2.5304735 1.1180164 -0.4683209
v 1.8956518 1.1180322 -3.9737084
v 2.5885937 0.82294434 -0.17902832
v 2.305344 0.82294434 -0.424129
v 2.5595336 1.0374707 -0.32368103
v 2.4179077 1.0374744 -0.44622496
v 6.5787497 0.82294434 -1.188291
v 6.4117618 0.82294434 -0.8548059
v 6.4661956 1.0374707 -1.1661878
v 6.3826904 1.0374719 -0.99944943
v 1.6705176 0.82295895 -3.9295154
v 1.8375195 0.8229614 -4.262992
v 1.783086 1.0374854 -3.9516113
v 1.866582 1.0374902 -4.118352
v 5.6606674 0.8229614 -4.9387574
v 5.9439287 0.82295895 -4.693673
v 5.689737 1.0374902 -4.79412
v 5.831364 1.0374854 -4.671573
v 6.4117618 0.82294434 -0.8548059
v 2.5885937 0.82294434 -0.17902832
v 6.3826904 1.0374719 -0.99944943
v 2.5595336 1.0374707 -0.32368103
v 5.9439287 0.82295895 -4.693673
v 6.5787497 0.82294434 -1.188291
v 5.831364 1.0374854 -4.671573
v 6.4661956 1.0374707 -1.1661878
v 1.8375195 0.8229614 -4.262992
v 5.6606674 0.8229614 -4.9387574
v 1.866582 1.0374902 -4.118352
v 5.689737 1.0374902 -4.79412
v 2.305344 0.82294434 -0.424129
v 1.6705176 0.82295895 -3.9295154
v 2.4179077 1.0374744 -0.44622496
v 1.783086 1.0374854 -3.9516113
v -7.5507565 -1.8388244 -3.0542114
v -10.899075 -1.8388244 -3.0030224
v -7.557903 -1.7749621 -3.170968
v -10.906225 -1.7749621 -3.1197789
v -7.495471 -1.8388134 -4.671748
v -7.4670944 -1.8388244 -3.1761205
v -7.5862765 -1.7749487 -4.6665955
v -7.557903 -1.7749621 -3.170968
v -10.941752 -1.8388097 -4.732163
v -7.593423 -1.8388097 -4.7833495
v -10.934597 -1.7749487 -4.615405
v -7.5862765 -1.7749487 -4.6665955
v -10.997033 -1.838822 -3.114624
v -11.025403 -1.8388134 -4.61025
v -10.906225 -1.7749621 -3.1197789
v -10.934597 -1.7749487 -4.615405
v -10.891929 -2.0089185 -2.8862572
v -11.087842 -2.0089185 -3.1094701
v -10.899075 -1.8388244 -3.0030224
v -10.997033 -1.838822 -3.114624
v -7.3762913 -2.0089185 -3.1812816
v -7.543601 -2.0089185 -2.9374511
v -7.4670944 -1.8388244 -3.1761205
v -7.5507565 -1.8388244 -3.0542114
v -11.116216 -2.0089073 -4.605095
v -10.948896 -2.0089061 -4.8489184
v -11.025403 -1.8388134 -4.61025
v -10.941752 -1.8388097 -4.732163
v -7.600586 -2.0089061 -4.900105
v -7.404663 -2.0089073 -4.676903
v -7.593423 -1.8388097 -4.7833495
v -7.495471 -1.8388134 -4.671748
v -7.543601 -2.0089185 -2.9374511
v -10.891929 -2.0089185 -2.8862572
v -7.5507565 -1.8388244 -3.0542114
v -10.899075 -1.8388244 -3.0030224
v -7.404663 -2.0089073 -4.676903
v -7.3762913 -2.0089185 -3.1812816
v -7.495471 -1.8388134 -4.671748
v -7.4670944 -1.8388244 -3.1761205
v -10.948896 -2.0089061 -4.8489184
v -7.600586 -2.0089061 -4.900105
v -10.941752 -1.8388097 -4.732163
v -7.593423 -1.8388097 -4.7833495
v -11.087842 -2.0089185 -3.1094701
v -11.116216 -2.0089073 -4.605095
v -10.997033 -1.838822 -3.114624
v -11.025403 -1.8388134 -4.61025
v 2.8186157 -0.0604895 0.18303588
v 2.6883838 -0.05414917 -0.05155273
v 2.8447974 0.0798584 0.095521845
v 2.7796924 0.08303223 -0.021763915
v 10.240055 -0.060755614 2.0412328
v 10.005394 -0.06411133 2.171433
v 10.1489105 0.0779187 2.0188298
v 10.031577 0.076240234 2.0839214
v 3.9116142 -0.051126707 -4.038284
v 4.1462774 -0.047770996 -4.1684766
v 4.0029154 0.08605713 -4.008501
v 4.120247 0.08772827 -4.0735984
v 11.305285 -0.049731445 -2.077555
v 11.4355135 -0.056070555 -1.8429797
v 11.279253 0.0857666 -1.9826819
v 11.344371 0.08259277 -1.8653919
v 10.031577 0.076240234 2.0839214
v 2.8447974 0.0798584 0.095521845
v 9.999771 0.2324231 1.8867205
v 2.976433 0.2346936 -0.054921262
v 11.344371 0.08259277 -1.8653919
v 10.1489105 0.0779187 2.0188298
v 11.148017 0.23271972 -1.832583
v 9.999771 0.2324231 1.8867205
v 4.120247 0.08772827 -4.0735984
v 11.279253 0.0857666 -1.9826819
v 4.152449 0.23334228 -3.8767443
v 11.148017 0.23271972 -1.832583
v 2.7796924 0.08303223 -0.021763915
v 4.0029154 0.08605713 -4.008501
v 2.976433 0.2346936 -0.054921262
v 4.152449 0.23334228 -3.8767443
v 10.005394 -0.06411133 2.171433
v 2.8186157 -0.0604895 0.18303588
v 10.031577 0.076240234 2.0839214
v 2.8447974 0.0798584 0.095521845
v 11.4355135 -0.056070555 -1.8429797
v 10.240055 -0.060755614 2.0412328
v 11.344371 0.08259277 -1.8653919
v 10.1489105 0.0779187 2.0188298
v 4.1462774 -0.047770996 -4.1684766
v 11.305285 -0.049731445 -2.077555
v 4.120247 0.08772827 -4.0735984
v 11.279253 0.0857666 -1.9826819
v 2.6883838 -0.05414917 -0.05155273
v 3.9116142 -0.051126707 -4.038284
v 2.7796924 0.08303223 -0.021763915
v 4.0029154 0.08605713 -4.008501
v 1.7451293 -1.8814343 -12.279631
v 1.637793 -1.8652111 -9.744006
v -0.9596875 -1.8748559 -12.283335
v -1.0023535 -1.8652111 -9.766409
v 10.941188 6.002656 4.388566
v 10.822122 6.0220704 10.500678
v 5.746297 6.002573 4.2818174
v 5.627239 6.0062633 10.3939495
v 9.79137 3.760874 -0.16726196
v 11.729611 3.835925 6.0144005
v 1.1054639 3.7757506 3.05973
v 3.1540747 3.8507543 9.224555
v 5.7185884 -2.3661194 -12.393195
v 5.72049 -2.3337023 -9.916255
v 1.7235571 -2.3668432 -12.4384985
v 1.7254639 -2.3344324 -9.961545
v 0.12868285 2.0974414 -0.66324216
v 3.4238818 2.1298609 6.577131
v -8.03582 2.0967162 2.96784
v -4.740615 2.1291285 10.208223
v 5.4382706 -0.36766967 -11.323815
v 5.4154334 -0.33525267 -3.9736497
v -1.1969763 -0.36839354 -11.423037
v -1.1975354 -0.33598265 -3.4214232
v -0.6530163 -1.1615906 -12.5528
v -0.39853758 -1.177965 -11.117111
v -2.3619714 -1.1616955 -12.275203
v -2.107484 -1.1570423 -10.839504
v -4.0220823 -1.1875622 -10.861782
v -4.1297226 -1.203938 -3.6934764
v -6.2009935 -1.1876673 -10.8575115
v -6.308622 -1.1830151 -3.6891966
v -0.45625854 -1.9938586 -10.955803
v -0.47758788 -1.9583056 -3.0103393
v -4.9896765 -1.9946545 -10.980898
v -5.0109997 -1.9591064 -3.035415
v 2.933827 0.84839356 -5.344807
v 6.924528 0.82852536 6.19853
v -4.3726745 0.84826535 -2.7557971
v -0.3819629 0.85390013 8.787549
v -0.49692017 -0.06671875 -3.501952
v -0.23567992 -0.034300536 4.1751733
v -9.385761 -0.06744385 -3.047893
v -9.124512 -0.035030518 4.6292505
v 4.4490943 0.7890942 4.5504003
v 5.4623437 0.82151854 -0.13391541
v 10.635407 0.7883679 5.7675705
v 11.648652 0.8207824 1.0832361
v -1.5162524 3.0068383 4.350312
v 9.295416 2.9747522 5.276176
v -2.2550292 3.0066295 11.51707
v 8.55665 3.0157495 12.442912
v -12.347761 0.66021115 1.8402172
v -8.590813 0.8037121 -0.050269164
v -9.963454 0.67825806 6.4568133
v -6.257854 0.81960326 4.477553
v 3.5544384 2.2044725 3.7223406
v 3.7982543 2.1850464 -1.2621765
v 12.178238 2.1284301 4.051795
v 12.289241 2.1090221 -0.92911434
v -2.5672154 -2.255238 -3.5041113
v 2.9304821 -2.2698145 -2.2008545
v -3.816361 -2.312302 1.7132269
v 1.6470801 -2.3268688 3.141969
v -2.566494 -2.2308557 -3.6244836
v -2.3139977 -2.2609265 -0.95891964
v -6.977129 -2.2310498 -3.1379273
v -6.7246213 -2.2225049 -0.47234252
v 6.3684735 -1.4840661 -11.122241
v 7.0990086 -1.4809216 -8.059571
v 1.7898974 -1.4827905 -9.973137
v 2.497788 -1.4809216 -6.7553
v 5.2219534 0.60754025 -10.112605
v 5.1305327 0.61101073 -3.7294896
v -1.273269 0.60894775 -10.308803
v -1.3152112 0.61101073 -3.9474084
v 5.821631 4.9252195 4.9840813
v 6.7307153 4.9446335 11.02938
v -0.32051268 4.9251356 5.9221606
v 0.58858395 4.9288254 11.967478
v -0.9717529 0.3228711 -3.387389
v -4.149951 0.3247754 -3.4378905
v -0.95094234 0.46678343 -10.505886
v -4.1291404 0.46868896 -10.556392
v 2.3994348 0.045289304 -11.925134
v 4.774437 0.045289304 -11.85471
v 2.307052 0.045273438 -8.363926
v 4.6820545 0.045273438 -8.293501
v 2.5711572 -1.3252405 -4.333605
v 6.158437 -1.3252417 -3.910111
v 2.0278661 -1.3252599 0.36908203
v 5.615147 -1.3252612 0.79257506
v 4.9708366 -0.4393872 -5.243906
v 8.060332 -0.4393872 -4.6408763
v 4.2788434 -0.43939817 -1.6991259
v 7.368336 -0.43939817 -1.0960974
v -2.8316722 -1.0474182 1.8725952
v -9.627737 -1.0456017 3.485993
v -4.4171886 -0.91014767 -4.7587266
v -11.213259 -0.9083301 -3.1453333
v -6.1214685 -1.4642602 0.22298034
v -10.009316 -1.462356 0.17247924
v -6.100658 -1.3203479 -9.604558
v -9.988505 -1.3184423 -9.655064
v 7.414455 -1.277063 -8.211944
v 7.398231 -1.2739197 -3.9704344
v 2.6939452 -1.2757874 -8.187362
v 2.618744 -1.2739197 -3.8005552
v -4.2045507 -1.5642236 -11.49456
v -4.186493 -1.5390979 -8.241008
v -8.283139 -1.5647851 -11.487043
v -8.265879 -1.5396643 -8.24666
v -8.517752 -2.0081983 -4.0622315
v -5.944814 -2.0081983 -4.129001
v -8.388699 -2.0082092 -1.2189416
v -5.815764 -2.0082092 -1.2857116
v -5.134215 1.1921631 -3.7819116
v -3.2402306 1.1921631 -4.382128
v -4.5886474 1.1921471 -1.9758557
v -2.6946607 1.1921471 -2.5760705
v 1.8956518 1.1180322 -3.9737084
v 5.7188067 1.1180322 -4.6494784
v 2.5304735 1.1180164 -0.4683209
v 6.353629 1.1180164 -1.1440905
v -10.934597 -1.7749487 -4.615405
v -7.5862765 -1.7749487 -4.6665955
v -10.906225 -1.7749621 -3.1197789
v -7.557903 -1.7749621 -3.170968
v 4.152449 0.23334228 -3.8767443
v 11.148017 0.23271972 -1.832583
v 2.976433 0.2346936 -0.054921262
v 9.999771 0.2324231 1.8867205
vt -13.0078125 -9.9453125
vt -13.0234375 -10.1171875
vt -13.046875 -9.9453125
vt -13.046875 -10.1171875
vt -13.046875 -9.9453125
vt -13.0234375 -10.1171875
vt -14 -10.1328125
vt -14.015625 -9.9609375
vt -13.9765625 -10.125
vt -13.9765625 -9.953125
vt -13.9765625 -10.125
vt -14.015625 -9.9609375
vt -13.9765625 -10.125
vt -13.9609375 -10.15625
vt -14 -10.1328125
vt -13.046875 -10.1171875
vt -13.0234375 -10.1171875
vt -13.0390625 -10.1484375
vt -13.65625 -10.125
vt -13.6640625 -10.1484375
vt -13.6796875 -10.125
vt -13.359375 -10.1171875
vt -13.3359375 -10.1171875
vt -13.34375 -10.1484375
vt -13.6640625 -10.1484375
vt -13.9609375 -10.15625
vt -13.6796875 -10.125
vt -13.9765625 -10.125
vt -13.6796875 -10.125
vt -13.9609375 -10.15625
vt -10.625 -13.46875
vt -10.6328125 -12.765625
vt -10.5859375 -13.453125
vt -10.5859375 -12.765625
vt -10.5859375 -13.453125
vt -10.6328125 -12.765625
vt -10.5859375 -13.453125
vt -10.5859375 -13.4921875
vt -10.625 -13.46875
vt -8.5546875 -13.4375
vt -8.5234375 -13.4375
vt -8.5390625 -13.4765625
vt -9.859375 -13.4609375
vt -9.8671875 -13.5
vt -9.890625 -13.4609375
vt -9.28125 -13.4453125
vt -9.2421875 -13.4453125
vt -9.2578125 -13.484375
vt -11.1875 -10.8671875
vt -11.234375 -10.375
vt -11.1484375 -10.859375
vt -11.1875 -10.375
vt -11.1484375 -10.859375
vt -11.234375 -10.375
vt -10.4140625 -10.3046875
vt -10.390625 -10.7890625
vt -10.453125 -10.3046875
vt -10.4140625 -10.796875
vt -10.453125 -10.3046875
vt -10.390625 -10.7890625
vt -11.1484375 -10.859375
vt -11.15625 -10.8828125
vt -11.1875 -10.8671875
vt -8.6015625 -10.7421875
vt -8.5703125 -10.734375
vt -8.578125 -10.765625
vt -10.390625 -10.7890625
vt -10.3984375 -10.8203125
vt -10.4140625 -10.796875
vt -9.3671875 -10.75
vt -9.3359375 -10.75
vt -9.34375 -10.78125
vt -13.5234375 -7.3945312
vt -13.53125 -7.3085938
vt -13.4921875 -7.3867188
vt -13.4921875 -7.3046875
vt -13.4921875 -7.3867188
vt -13.53125 -7.3085938
vt -13.4921875 -7.3867188
vt -13.4921875 -7.4140625
vt -13.5234375 -7.3945312
vt -12.3984375 -7.3789062
vt -12.3671875 -7.3789062
vt -12.3828125 -7.4023438
vt -13.1640625 -7.3867188
vt -13.171875 -7.4140625
vt -13.1875 -7.390625
vt -12.71875 -7.3828125
vt -12.6953125 -7.3789062
vt -12.703125 -7.40625
vt -18.53125 -6.7109375
vt -18.53125 -6.2460938
vt -18.515625 -6.703125
vt -18.5 -6.2460938
vt -18.515625 -6.703125
vt -18.53125 -6.2460938
vt -18.515625 -6.703125
vt -18.515625 -6.7304688
vt -18.53125 -6.7109375
vt -15.65625 -6.6914062
vt -15.6328125 -6.6914062
vt -15.6484375 -6.7148438
vt -17.578125 -6.7070312
vt -17.578125 -6.7304688
vt -17.59375 -6.7070312
vt -16.59375 -6.6953125
vt -16.5625 -6.6953125
vt -16.578125 -6.71875
vt -17.546875 -12.28125
vt -17.546875 -11.984375
vt -17.515625 -12.28125
vt -17.515625 -11.984375
vt -17.515625 -12.28125
vt -17.546875 -11.984375
vt -17.515625 -12.28125
vt -17.515625 -12.3046875
vt -17.546875 -12.28125
vt -14.9765625 -12.265625
vt -14.953125 -12.265625
vt -14.96875 -12.2890625
vt -16.65625 -12.28125
vt -16.65625 -12.3046875
vt -16.671875 -12.28125
vt -15.9140625 -12.2734375
vt -15.890625 -12.265625
vt -15.8984375 -12.296875
vt -13.890625 -10.4609375
vt -13.8984375 -10.2734375
vt -13.8671875 -10.453125
vt -13.875 -10.2734375
vt -13.8671875 -10.453125
vt -13.8984375 -10.2734375
vt -13.8671875 -10.453125
vt -13.8671875 -10.46875
vt -13.890625 -10.4609375
vt -13.2734375 -10.4453125
vt -13.2578125 -10.4453125
vt -13.265625 -10.4609375
vt -13.6640625 -10.4453125
vt -13.671875 -10.4609375
vt -13.6875 -10.4453125
vt -13.46875 -10.4375
vt -13.453125 -10.4375
vt -13.4609375 -10.4609375
vt -17.4375 -7.5664062
vt -17.453125 -7.140625
vt -17.421875 -7.5625
vt -17.421875 -7.140625
vt -17.421875 -7.5625
vt -17.453125 -7.140625
vt -17.421875 -7.5625
vt -17.421875 -7.5820312
vt -17.4375 -7.5664062
vt -15.5078125 -7.5625
vt -15.4921875 -7.5625
vt -15.5 -7.578125
vt -16.59375 -7.5664062
vt -16.59375 -7.5820312
vt -16.609375 -7.5664062
vt -16.34375 -7.5625
vt -16.328125 -7.5625
vt -16.328125 -7.5820312
vt -13.9765625 -6.9375
vt -13.9765625 -6.6171875
vt -13.9453125 -6.9296875
vt -13.9453125 -6.6132812
vt -13.9453125 -6.9296875
vt -13.9765625 -6.6171875
vt -13.9453125 -6.9296875
vt -13.9453125 -6.9570312
vt -13.9765625 -6.9375
vt -11.5703125 -6.9257812
vt -11.5390625 -6.9257812
vt -11.5546875 -6.953125
vt -13.0078125 -6.9335938
vt -13.015625 -6.9609375
vt -13.03125 -6.9335938
vt -12.5 -6.9296875
vt -12.4765625 -6.9296875
vt -12.484375 -6.9570312
vt -18.5625 -8.421875
vt -18.578125 -8.21875
vt -18.546875 -8.421875
vt -18.546875 -8.21875
vt -18.546875 -8.421875
vt -18.578125 -8.21875
vt -18.546875 -8.421875
vt -18.546875 -8.4375
vt -18.5625 -8.421875
vt -14.8828125 -8.390625
vt -14.859375 -8.390625
vt -14.875 -8.4140625
vt -17.140625 -8.421875
vt -17.15625 -8.4453125
vt -17.171875 -8.421875
vt -16.28125 -8.3984375
vt -16.25 -8.390625
vt -16.265625 -8.4140625
vt -18.609375 -5.7109375
vt -18.625 -5.4414062
vt -18.59375 -5.703125
vt -18.59375 -5.4414062
vt -18.59375 -5.703125
vt -18.625 -5.4414062
vt -18.59375 -5.703125
vt -18.59375 -5.7265625
vt -18.609375 -5.7109375
vt -15.796875 -5.6875
vt -15.7734375 -5.6875
vt -15.7890625 -5.7109375
vt -17.6875 -5.703125
vt -17.6875 -5.7304688
vt -17.703125 -5.7070312
vt -16.703125 -5.6914062
vt -16.671875 -5.6914062
vt -16.6875 -5.7148438
vt -12.3515625 -14.40625
vt -12.359375 -14.0234375
vt -12.328125 -14.3984375
vt -12.3203125 -14.0234375
vt -12.328125 -14.3984375
vt -12.359375 -14.0234375
vt -12.328125 -14.3984375
vt -12.328125 -14.421875
vt -12.3515625 -14.40625
vt -10.4609375 -14.421875
vt -10.4375 -14.421875
vt -10.453125 -14.4453125
vt -11.7421875 -14.3984375
vt -11.75 -14.4296875
vt -11.765625 -14.3984375
vt -11.0390625 -14.40625
vt -11.015625 -14.40625
vt -11.03125 -14.4296875
vt -9.828125 -6.8867188
vt -9.828125 -6.4765625
vt -9.7890625 -6.8828125
vt -9.78125 -6.4765625
vt -9.7890625 -6.8828125
vt -9.828125 -6.4765625
vt -9.7890625 -6.8828125
vt -9.7890625 -6.9179688
vt -9.828125 -6.8867188
vt -6.4296875 -6.9609375
vt -6.3945312 -6.9648438
vt -6.4140625 -6.9960938
vt -8.515625 -6.9023438
vt -8.5234375 -6.9375
vt -8.546875 -6.9023438
vt -7.6953125 -6.90625
vt -7.6640625 -6.90625
vt -7.6757812 -6.9414062
vt -7.2539062 -8.8828125
vt -7.28125 -8.8828125
vt -7.234375 -8.6171875
vt -7.2617188 -8.6171875
vt -7.234375 -8.6171875
vt -7.28125 -8.8828125
vt -7.28125 -8.8828125
vt -7.2539062 -8.8828125
vt -7.28125 -8.90625
vt -8.9609375 -8.875
vt -8.9765625 -8.8984375
vt -8.984375 -8.875
vt -7.890625 -8.8828125
vt -7.8710938 -8.8828125
vt -7.8828125 -8.90625
vt -8.3671875 -8.875
vt -8.3828125 -8.8984375
vt -8.390625 -8.875
vt -6.109375 -7.8125
vt -6.140625 -7.8046875
vt -6.0859375 -7.5546875
vt -6.1210938 -7.5507812
vt -6.0859375 -7.5546875
vt -6.140625 -7.8046875
vt -7.7460938 -7.5625
vt -7.7109375 -7.5625
vt -7.734375 -7.8164062
vt -7.7070312 -7.8164062
vt -7.734375 -7.8164062
vt -7.7109375 -7.5625
vt -6.140625 -7.8046875
vt -6.109375 -7.8125
vt -6.140625 -7.8398438
vt -8.6875 -7.8007812
vt -8.7109375 -7.8359375
vt -8.71875 -7.8007812
vt -7.1445312 -7.8125
vt -7.1171875 -7.8125
vt -7.1328125 -7.8476562
vt -7.7070312 -7.8164062
vt -7.7265625 -7.8515625
vt -7.734375 -7.8164062
vt -6.296875 -6.1132812
vt -6.3203125 -6.1054688
vt -6.2929688 -5.75
vt -6.3203125 -5.75
vt -6.2929688 -5.75
vt -6.3203125 -6.1054688
vt -6.3203125 -6.1054688
vt -6.296875 -6.1132812
vt -6.3203125 -6.1328125
vt -8.234375 -6.1015625
vt -8.2421875 -6.1289062
vt -8.25 -6.1015625
vt -6.9492188 -6.0976562
vt -6.9296875 -6.1015625
vt -6.9453125 -6.125
vt -7.5859375 -6.09375
vt -7.6015625 -6.1210938
vt -7.609375 -6.09375
vt -14.0859375 -9.8359375
vt -14.09375 -9.5
vt -14.046875 -9.828125
vt -14.0546875 -9.4921875
vt -14.046875 -9.828125
vt -14.09375 -9.5
vt -14.046875 -9.828125
vt -14.046875 -9.859375
vt -14.0859375 -9.8359375
vt -12.8046875 -9.8046875
vt -12.7734375 -9.8125
vt -12.7890625 -9.84375
vt -13.6796875 -9.8203125
vt -13.6875 -9.8515625
vt -13.7109375 -9.8203125
vt -13.171875 -9.8125
vt -13.1328125 -9.8125
vt -13.1484375 -9.84375
vt -15.5546875 -10.421875
vt -15.5625 -10.5859375
vt -15.578125 -10.421875
vt -15.578125 -10.5859375
vt -15.578125 -10.421875
vt -15.5625 -10.5859375
vt -16.890625 -10.59375
vt -16.890625 -10.4296875
vt -16.859375 -10.5859375
vt -16.859375 -10.4296875
vt -16.859375 -10.5859375
vt -16.890625 -10.4296875
vt -16.859375 -10.5859375
vt -16.859375 -10.6171875
vt -16.890625 -10.59375
vt -15.578125 -10.5859375
vt -15.5625 -10.5859375
vt -15.5703125 -10.6171875
vt -16.5 -10.59375
vt -16.5 -10.6171875
vt -16.515625 -10.59375
vt -15.9609375 -10.5859375
vt -15.9453125 -10.5859375
vt -15.953125 -10.609375
vt -16.5 -10.6171875
vt -16.859375 -10.6171875
vt -16.515625 -10.59375
vt -16.859375 -10.5859375
vt -16.515625 -10.59375
vt -16.859375 -10.6171875
vt -17.609375 -8.7890625
vt -17.625 -8.65625
vt -17.59375 -8.7890625
vt -17.59375 -8.65625
vt -17.59375 -8.7890625
vt -17.625 -8.65625
vt -17.59375 -8.7890625
vt -17.578125 -8.8125
vt -17.609375 -8.7890625
vt -15.421875 -8.78125
vt -15.40625 -8.78125
vt -15.421875 -8.8125
vt -16.859375 -8.7890625
vt -16.875 -8.8125
vt -16.875 -8.7890625
vt -16.140625 -8.7890625
vt -16.125 -8.78125
vt -16.140625 -8.8125
vt -16.875 -8.8125
vt -17.578125 -8.8125
vt -16.875 -8.7890625
vt -17.59375 -8.7890625
vt -16.875 -8.7890625
vt -17.578125 -8.8125
vt -10.859375 -12.3359375
vt -10.8515625 -11.6328125
vt -10.8125 -12.328125
vt -10.8125 -11.6328125
vt -10.8125 -12.328125
vt -10.8515625 -11.6328125
vt -10.8125 -12.328125
vt -10.8125 -12.3671875
vt -10.859375 -12.3359375
vt -8.671875 -12.3125
vt -8.640625 -12.3125
vt -8.65625 -12.3515625
vt -10.0859375 -12.328125
vt -10.09375 -12.3671875
vt -10.125 -12.328125
vt -9.390625 -12.3203125
vt -9.359375 -12.3203125
vt -9.375 -12.359375
vt -4.859375 -10.5234375
vt -4.8164062 -10.53125
vt -4.8398438 -10.5859375
vt -4.4296875 -10.546875
vt -4.4609375 -10.6015625
vt -4.4765625 -10.546875
vt -5.6757812 -10.5390625
vt -5.6328125 -10.5390625
vt -5.6523438 -10.59375
vt -3.59375 -10.5859375
vt -3.6464844 -10.625
vt -3.6484375 -10.5703125
vt -3.6289062 -10.1015625
vt -3.5683594 -10.1015625
vt -3.6484375 -10.5703125
vt -3.59375 -10.5859375
vt -3.6484375 -10.5703125
vt -3.5683594 -10.1015625
vt -3.3203125 -8.6171875
vt -3.28125 -8.6171875
vt -3.3222656 -8.65625
vt -4.421875 -8.609375
vt -4.4375 -8.6484375
vt -4.453125 -8.609375
vt -3.7460938 -8.609375
vt -3.7148438 -8.6171875
vt -3.734375 -8.65625
vt -4 -8.609375
vt -4.0195312 -8.6484375
vt -4.03125 -8.609375
vt -3.28125 -8.6171875
vt -3.3203125 -8.6171875
vt -3.28125 -8.3203125
vt -3.3222656 -8.3203125
vt -3.28125 -8.3203125
vt -3.3203125 -8.6171875
vt -3.7402344 -8.3125
vt -3.7089844 -8.3125
vt -3.7460938 -8.609375
vt -3.7148438 -8.6171875
vt -3.7460938 -8.609375
vt -3.7089844 -8.3125
vt -6.6171875 -4.5
vt -6.5664062 -4.5039062
vt -6.6210938 -4.5507812
vt -8.125 -4.4882812
vt -8.1484375 -4.5429688
vt -8.1640625 -4.4882812
vt -7.1796875 -4.4921875
vt -7.140625 -4.5
vt -7.1679688 -4.5507812
vt -7.5703125 -4.4882812
vt -7.5976562 -4.5429688
vt -7.609375 -4.4882812
vt -8.1796875 -4.1875
vt -8.125 -4.1835938
vt -8.1640625 -4.4882812
vt -8.125 -4.4882812
vt -8.1640625 -4.4882812
vt -8.125 -4.1835938
vt -6.5664062 -4.5039062
vt -6.6171875 -4.5
vt -6.5664062 -4.1953125
vt -6.6171875 -4.1953125
vt -6.5664062 -4.1953125
vt -6.6171875 -4.5
vt -7.171875 -4.1914062
vt -7.1328125 -4.1914062
vt -7.1796875 -4.4921875
vt -7.140625 -4.5
vt -7.1796875 -4.4921875
vt -7.1328125 -4.1914062
vt -7.0039062 -3.6816406
vt -6.9726562 -3.6855469
vt -7.0039062 -3.7109375
vt -8.1875 -3.671875
vt -8.1953125 -3.703125
vt -8.2109375 -3.6699219
vt -7.4296875 -3.6777344
vt -7.4023438 -3.6796875
vt -7.4179688 -3.7109375
vt -7.7695312 -3.6699219
vt -7.7851562 -3.703125
vt -7.7929688 -3.671875
vt -8.21875 -3.4003906
vt -8.1875 -3.4003906
vt -8.2109375 -3.6699219
vt -8.1875 -3.671875
vt -8.2109375 -3.6699219
vt -8.1875 -3.4003906
vt -6.9726562 -3.6855469
vt -7.0039062 -3.6816406
vt -6.9726562 -3.4121094
vt -7.0039062 -3.4101562
vt -6.9726562 -3.4121094
vt -7.0039062 -3.6816406
vt -7.421875 -3.40625
vt -7.3984375 -3.4082031
vt -7.4296875 -3.6777344
vt -7.4023438 -3.6796875
vt -7.4296875 -3.6777344
vt -7.3984375 -3.4082031
vt -5.0117188 -12.8046875
vt -4.96875 -12.8046875
vt -4.9921875 -12.859375
vt -4.1640625 -12.8046875
vt -4.1914062 -12.859375
vt -4.2070312 -12.8046875
vt -5.8007812 -12.796875
vt -5.7539062 -12.796875
vt -5.7773438 -12.8515625
vt -3.3652344 -12.8359375
vt -3.4140625 -12.875
vt -3.4160156 -12.8203125
vt -3.3984375 -12.5703125
vt -3.3398438 -12.578125
vt -3.4160156 -12.8203125
vt -3.3652344 -12.8359375
vt -3.4160156 -12.8203125
vt -3.3398438 -12.578125
vt -4.8476562 -11.6796875
vt -4.8007812 -11.6875
vt -4.828125 -11.7421875
vt -4.3398438 -11.6953125
vt -4.3671875 -11.75
vt -4.3828125 -11.6953125
vt -5.96875 -11.703125
vt -5.921875 -11.6953125
vt -5.9453125 -11.75
vt -3.2050781 -11.7265625
vt -3.2558594 -11.765625
vt -3.2578125 -11.7109375
vt -3.2402344 -11.5703125
vt -3.1757812 -11.5859375
vt -3.2578125 -11.7109375
vt -3.2050781 -11.7265625
vt -3.2578125 -11.7109375
vt -3.1757812 -11.5859375
vt -17.34375 -10.0390625
vt -17.34375 -9.84375
vt -17.328125 -10.03125
vt -17.328125 -9.84375
vt -17.328125 -10.03125
vt -17.34375 -9.84375
vt -17.328125 -10.03125
vt -17.3125 -10.0625
vt -17.34375 -10.0390625
vt -15.796875 -10.03125
vt -15.78125 -10.03125
vt -15.7890625 -10.0625
vt -16.828125 -10.0390625
vt -16.84375 -10.0625
vt -16.859375 -10.0390625
vt -16.296875 -10.03125
vt -16.28125 -10.03125
vt -16.296875 -10.0546875
vt -16.84375 -10.0625
vt -17.3125 -10.0625
vt -16.859375 -10.0390625
vt -17.328125 -10.03125
vt -16.859375 -10.0390625
vt -17.3125 -10.0625
vt -10.5625 -14.125
vt -10.5625 -14.015625
vt -10.5390625 -14.125
vt -10.5390625 -14.015625
vt -10.5390625 -14.125
vt -10.5625 -14.015625
vt -10.5390625 -14.125
vt -10.5390625 -14.140625
vt -10.5625 -14.125
vt -9.2890625 -14.1171875
vt -9.2734375 -14.1171875
vt -9.28125 -14.140625
vt -10.140625 -14.125
vt -10.1484375 -14.140625
vt -10.15625 -14.125
vt -9.6875 -14.125
vt -9.671875 -14.125
vt -9.671875 -14.140625
vt -8.8203125 -14.140625
vt -9.28125 -14.140625
vt -8.8203125 -14.125
vt -9.2734375 -14.1171875
vt -8.8203125 -14.125
vt -9.28125 -14.140625
vt -7.2109375 -5.2070312
vt -7.1796875 -5.2109375
vt -7.2109375 -5.234375
vt -8.1640625 -5.203125
vt -8.171875 -5.234375
vt -8.1875 -5.1992188
vt -7.5507812 -5.203125
vt -7.5273438 -5.2070312
vt -7.5429688 -5.2382812
vt -7.828125 -5.1992188
vt -7.84375 -5.234375
vt -7.8515625 -5.203125
vt -8.1875 -4.9414062
vt -8.1640625 -4.9414062
vt -8.1875 -5.1992188
vt -8.1640625 -5.203125
vt -8.1875 -5.1992188
vt -8.1640625 -4.9414062
vt -7.1796875 -5.2109375
vt -7.2109375 -5.2070312
vt -7.1796875 -4.9453125
vt -7.2109375 -4.9453125
vt -7.1796875 -4.9453125
vt -7.2109375 -5.2070312
vt -7.546875 -4.9453125
vt -7.5234375 -4.9453125
vt -7.5507812 -5.203125
vt -7.5273438 -5.2070312
vt -7.5507812 -5.203125
vt -7.5234375 -4.9453125
vt -3.5722656 -8.0625
vt -3.5351562 -8.0703125
vt -3.5742188 -8.1015625
vt -4.2617188 -8.0546875
vt -4.2734375 -8.09375
vt -4.2929688 -8.0546875
vt -3.8125 -8.0546875
vt -3.78125 -8.0546875
vt -3.8027344 -8.09375
vt -4.0234375 -8.046875
vt -4.0429688 -8.09375
vt -4.0546875 -8.0546875
vt -4.3007812 -7.7578125
vt -4.2578125 -7.7539062
vt -4.2929688 -8.0546875
vt -4.2617188 -8.0546875
vt -4.2929688 -8.0546875
vt -4.2578125 -7.7539062
vt -3.5351562 -8.0703125
vt -3.5722656 -8.0625
vt -3.5234375 -7.765625
vt -3.5644531 -7.765625
vt -3.5234375 -7.765625
vt -3.5722656 -8.0625
vt -3.8046875 -7.7578125
vt -3.7675781 -7.7578125
vt -3.8125 -8.0546875
vt -3.78125 -8.0546875
vt -3.8125 -8.0546875
vt -3.7675781 -7.7578125
vt -3.1992188 -9.375
vt -3.1601562 -9.375
vt -3.2011719 -9.4140625
vt -4.46875 -9.3671875
vt -4.484375 -9.40625
vt -4.5039062 -9.3671875
vt -3.625 -9.3671875
vt -3.5917969 -9.375
vt -3.6152344 -9.4140625
vt -4.046875 -9.3671875
vt -4.0664062 -9.40625
vt -4.078125 -9.3671875
vt -3.1601562 -9.375
vt -3.1992188 -9.375
vt -3.1542969 -9.078125
vt -3.1972656 -9.078125
vt -3.1542969 -9.078125
vt -3.1992188 -9.375
vt -3.6191406 -9.0703125
vt -3.5878906 -9.0703125
vt -3.625 -9.3671875
vt -3.5917969 -9.375
vt -3.625 -9.3671875
vt -3.5878906 -9.0703125
vt -3.5214844 -7.2421875
vt -3.4921875 -7.2460938
vt -3.5234375 -7.2773438
vt -4.265625 -7.2382812
vt -4.2773438 -7.2695312
vt -4.2890625 -7.234375
vt -3.7128906 -7.2382812
vt -3.6875 -7.2421875
vt -3.7050781 -7.2734375
vt -4.078125 -7.234375
vt -4.09375 -7.2695312
vt -4.1015625 -7.2382812
vt -4.2929688 -7.046875
vt -4.2617188 -7.046875
vt -4.2890625 -7.234375
vt -4.265625 -7.2382812
vt -4.2890625 -7.234375
vt -4.2617188 -7.046875
vt -3.4921875 -7.2460938
vt -3.5214844 -7.2421875
vt -3.4921875 -7.0507812
vt -3.5234375 -7.0507812
vt -3.4921875 -7.0507812
vt -3.5214844 -7.2421875
vt -3.7089844 -7.046875
vt -3.6835938 -7.0507812
vt -3.7128906 -7.2382812
vt -3.6875 -7.2421875
vt -3.7128906 -7.2382812
vt -3.6835938 -7.0507812
vt -7.4570312 -9.5
vt -7.4804688 -9.5
vt -7.4414062 -9.296875
vt -7.46875 -9.296875
vt -7.4414062 -9.296875
vt -7.4804688 -9.5
vt -7.4804688 -9.5
vt -7.4570312 -9.5
vt -7.4882812 -9.5234375
vt -9.2421875 -9.4921875
vt -9.2578125 -9.515625
vt -9.265625 -9.4921875
vt -7.9609375 -9.5
vt -7.9414062 -9.5
vt -7.953125 -9.5234375
vt -8.7734375 -9.4921875
vt -8.7890625 -9.515625
vt -8.796875 -9.4921875
vt -12.7109375 -9.9765625
vt -12.734375 -10.1484375
vt -13.0078125 -9.9453125
vt -13.0234375 -10.1171875
vt -13.046875 -9.9453125
vt -13.046875 -10.1171875
vt -13.3359375 -9.9453125
vt -13.3359375 -10.1171875
vt -13.3671875 -9.9453125
vt -13.359375 -10.1171875
vt -13.6640625 -9.953125
vt -13.65625 -10.125
vt -13.6875 -9.953125
vt -13.6796875 -10.125
vt -13.9765625 -9.953125
vt -13.9765625 -10.125
vt -13.3359375 -9.9453125
vt -13.3359375 -10.1171875
vt -13.3671875 -9.9453125
vt -13.359375 -10.1171875
vt -13.6640625 -9.953125
vt -13.65625 -10.125
vt -13.6875 -9.953125
vt -13.6796875 -10.125
vt -13.34375 -10.1484375
vt -13.6640625 -10.1484375
vt -13.359375 -10.1171875
vt -13.65625 -10.125
vt -13.0390625 -10.1484375
vt -13.34375 -10.1484375
vt -13.046875 -10.1171875
vt -13.3359375 -10.1171875
vt -12.75 -10.1875
vt -13.0390625 -10.1484375
vt -12.734375 -10.1484375
vt -13.0234375 -10.1171875
vt -7.9375 -12.75
vt -7.9453125 -13.4453125
vt -8.5234375 -12.75
vt -8.5234375 -13.4375
vt -8.5703125 -12.75
vt -8.5546875 -13.4375
vt -9.25 -12.75
vt -9.2421875 -13.4453125
vt -9.2890625 -12.75
vt -9.28125 -13.4453125
vt -9.8671875 -12.765625
vt -9.859375 -13.4609375
vt -9.8984375 -12.765625
vt -9.890625 -13.4609375
vt -10.5859375 -12.765625
vt -10.5859375 -13.453125
vt -8.5234375 -12.75
vt -8.5234375 -13.4375
vt -8.5703125 -12.75
vt -8.5546875 -13.4375
vt -9.25 -12.75
vt -9.2421875 -13.4453125
vt -9.2890625 -12.75
vt -9.28125 -13.4453125
vt -9.8671875 -12.765625
vt -9.859375 -13.4609375
vt -9.8984375 -12.765625
vt -9.890625 -13.4609375
vt -9.8671875 -13.5
vt -10.5859375 -13.4921875
vt -9.890625 -13.4609375
vt -10.5859375 -13.453125
vt -9.2578125 -13.484375
vt -9.8671875 -13.5
vt -9.28125 -13.4453125
vt -9.859375 -13.4609375
vt -8.5390625 -13.4765625
vt -9.2578125 -13.484375
vt -8.5546875 -13.4375
vt -9.2421875 -13.4453125
vt -7.9453125 -13.484375
vt -8.5390625 -13.4765625
vt -7.9453125 -13.4453125
vt -8.5234375 -13.4375
vt -7.5390625 -10.25
vt -7.5390625 -10.734375
vt -8.5703125 -10.25
vt -8.5703125 -10.734375
vt -8.6171875 -10.25
vt -8.6015625 -10.7421875
vt -9.3515625 -10.265625
vt -9.3359375 -10.75
vt -9.3828125 -10.265625
vt -9.3671875 -10.75
vt -10.4140625 -10.3046875
vt -10.390625 -10.7890625
vt -10.453125 -10.3046875
vt -10.4140625 -10.796875
vt -11.1875 -10.375
vt -11.1484375 -10.859375
vt -8.5703125 -10.25
vt -8.5703125 -10.734375
vt -8.6171875 -10.25
vt -8.6015625 -10.7421875
vt -9.3515625 -10.265625
vt -9.3359375 -10.75
vt -9.3828125 -10.265625
vt -9.3671875 -10.75
vt -10.3984375 -10.8203125
vt -11.15625 -10.8828125
vt -10.4140625 -10.796875
vt -11.1484375 -10.859375
vt -9.34375 -10.78125
vt -10.3984375 -10.8203125
vt -9.3671875 -10.75
vt -10.390625 -10.7890625
vt -8.578125 -10.765625
vt -9.34375 -10.78125
vt -8.6015625 -10.7421875
vt -9.3359375 -10.75
vt -7.5429688 -10.765625
vt -8.578125 -10.765625
vt -7.5390625 -10.734375
vt -8.5703125 -10.734375
vt -11.921875 -7.3125
vt -11.9296875 -7.3945312
vt -12.3671875 -7.2929688
vt -12.3671875 -7.3789062
vt -12.3984375 -7.2929688
vt -12.3984375 -7.3789062
vt -12.703125 -7.296875
vt -12.6953125 -7.3789062
vt -12.7265625 -7.296875
vt -12.71875 -7.3828125
vt -13.171875 -7.3046875
vt -13.1640625 -7.3867188
vt -13.1953125 -7.3085938
vt -13.1875 -7.390625
vt -13.4921875 -7.3046875
vt -13.4921875 -7.3867188
vt -12.3671875 -7.2929688
vt -12.3671875 -7.3789062
vt -12.3984375 -7.2929688
vt -12.3984375 -7.3789062
vt -12.703125 -7.296875
vt -12.6953125 -7.3789062
vt -12.7265625 -7.296875
vt -12.71875 -7.3828125
vt -13.171875 -7.3046875
vt -13.1640625 -7.3867188
vt -13.1953125 -7.3085938
vt -13.1875 -7.390625
vt -13.171875 -7.4140625
vt -13.4921875 -7.4140625
vt -13.1875 -7.390625
vt -13.4921875 -7.3867188
vt -12.703125 -7.40625
vt -13.171875 -7.4140625
vt -12.71875 -7.3828125
vt -13.1640625 -7.3867188
vt -12.3828125 -7.4023438
vt -12.703125 -7.40625
vt -12.3984375 -7.3789062
vt -12.6953125 -7.3789062
vt -11.9296875 -7.421875
vt -12.3828125 -7.4023438
vt -11.9296875 -7.3945312
vt -12.3671875 -7.3789062
vt -14.6328125 -6.2460938
vt -14.6484375 -6.7070312
vt -15.6328125 -6.2304688
vt -15.6328125 -6.6914062
vt -15.6640625 -6.2304688
vt -15.65625 -6.6914062
vt -16.5625 -6.234375
vt -16.5625 -6.6953125
vt -16.59375 -6.234375
vt -16.59375 -6.6953125
vt -17.578125 -6.2460938
vt -17.578125 -6.7070312
vt -17.609375 -6.2460938
vt -17.59375 -6.7070312
vt -18.5 -6.2460938
vt -18.515625 -6.703125
vt -15.6328125 -6.2304688
vt -15.6328125 -6.6914062
vt -15.6640625 -6.2304688
vt -15.65625 -6.6914062
vt -16.5625 -6.234375
vt -16.5625 -6.6953125
vt -16.59375 -6.234375
vt -16.59375 -6.6953125
vt -17.578125 -6.2460938
vt -17.578125 -6.7070312
vt -17.609375 -6.2460938
vt -17.59375 -6.7070312
vt -17.578125 -6.7304688
vt -18.515625 -6.7304688
vt -17.59375 -6.7070312
vt -18.515625 -6.703125
vt -16.578125 -6.71875
vt -17.578125 -6.7304688
vt -16.59375 -6.6953125
vt -17.578125 -6.7070312
vt -15.6484375 -6.7148438
vt -16.578125 -6.71875
vt -15.65625 -6.6914062
vt -16.5625 -6.6953125
vt -14.6484375 -6.734375
vt -15.6484375 -6.7148438
vt -14.6484375 -6.7070312
vt -15.6328125 -6.6914062
vt -14.2109375 -11.9921875
vt -14.21875 -12.2890625
vt -14.953125 -11.96875
vt -14.953125 -12.265625
vt -14.984375 -11.96875
vt -14.9765625 -12.265625
vt -15.8984375 -11.9765625
vt -15.890625 -12.265625
vt -15.921875 -11.9765625
vt -15.9140625 -12.2734375
vt -16.65625 -11.984375
vt -16.65625 -12.28125
vt -16.6875 -11.984375
vt -16.671875 -12.28125
vt -17.515625 -11.984375
vt -17.515625 -12.28125
vt -14.953125 -11.96875
vt -14.953125 -12.265625
vt -14.984375 -11.96875
vt -14.9765625 -12.265625
vt -15.8984375 -11.9765625
vt -15.890625 -12.265625
vt -15.921875 -11.9765625
vt -15.9140625 -12.2734375
vt -16.65625 -11.984375
vt -16.65625 -12.28125
vt -16.6875 -11.984375
vt -16.671875 -12.28125
vt -16.65625 -12.3046875
vt -17.515625 -12.3046875
vt -16.671875 -12.28125
vt -17.515625 -12.28125
vt -15.8984375 -12.296875
vt -16.65625 -12.3046875
vt -15.9140625 -12.2734375
vt -16.65625 -12.28125
vt -14.96875 -12.2890625
vt -15.8984375 -12.296875
vt -14.9765625 -12.265625
vt -15.890625 -12.265625
vt -14.2265625 -12.3125
vt -14.96875 -12.2890625
vt -14.21875 -12.2890625
vt -14.953125 -12.265625
vt -13.046875 -10.2734375
vt -13.0625 -10.453125
vt -13.25 -10.265625
vt -13.2578125 -10.4453125
vt -13.2734375 -10.265625
vt -13.2734375 -10.4453125
vt -13.453125 -10.2578125
vt -13.453125 -10.4375
vt -13.4765625 -10.2578125
vt -13.46875 -10.4375
vt -13.671875 -10.265625
vt -13.6640625 -10.4453125
vt -13.6953125 -10.265625
vt -13.6875 -10.4453125
vt -13.875 -10.2734375
vt -13.8671875 -10.453125
vt -13.25 -10.265625
vt -13.2578125 -10.4453125
vt -13.2734375 -10.265625
vt -13.2734375 -10.4453125
vt -13.453125 -10.2578125
vt -13.453125 -10.4375
vt -13.4765625 -10.2578125
vt -13.46875 -10.4375
vt -13.671875 -10.265625
vt -13.6640625 -10.4453125
vt -13.6953125 -10.265625
vt -13.6875 -10.4453125
vt -13.671875 -10.4609375
vt -13.8671875 -10.46875
vt -13.6875 -10.4453125
vt -13.8671875 -10.453125
vt -13.4609375 -10.4609375
vt -13.671875 -10.4609375
vt -13.46875 -10.4375
vt -13.6640625 -10.4453125
vt -13.265625 -10.4609375
vt -13.4609375 -10.4609375
vt -13.2734375 -10.4453125
vt -13.453125 -10.4375
vt -13.0625 -10.4765625
vt -13.265625 -10.4609375
vt -13.0625 -10.453125
vt -13.2578125 -10.4453125
vt -15.25 -7.1367188
vt -15.2421875 -7.5625
vt -15.4921875 -7.1367188
vt -15.4921875 -7.5625
vt -15.515625 -7.1367188
vt -15.5078125 -7.5625
vt -16.328125 -7.140625
vt -16.328125 -7.5625
vt -16.34375 -7.140625
vt -16.34375 -7.5625
vt -16.59375 -7.140625
vt -16.59375 -7.5664062
vt -16.609375 -7.140625
vt -16.609375 -7.5664062
vt -17.421875 -7.140625
vt -17.421875 -7.5625
vt -15.4921875 -7.1367188
vt -15.4921875 -7.5625
vt -15.515625 -7.1367188
vt -15.5078125 -7.5625
vt -16.328125 -7.140625
vt -16.328125 -7.5625
vt -16.34375 -7.140625
vt -16.34375 -7.5625
vt -16.59375 -7.140625
vt -16.59375 -7.5664062
vt -16.609375 -7.140625
vt -16.609375 -7.5664062
vt -16.59375 -7.5820312
vt -17.421875 -7.5820312
vt -16.609375 -7.5664062
vt -17.421875 -7.5625
vt -16.328125 -7.5820312
vt -16.59375 -7.5820312
vt -16.34375 -7.5625
vt -16.59375 -7.5664062
vt -15.5 -7.578125
vt -16.328125 -7.5820312
vt -15.5078125 -7.5625
vt -16.328125 -7.5625
vt -15.2421875 -7.578125
vt -15.5 -7.578125
vt -15.2421875 -7.5625
vt -15.4921875 -7.5625
vt -11.0390625 -6.6054688
vt -11.0390625 -6.921875
vt -11.546875 -6.609375
vt -11.5390625 -6.9257812
vt -11.578125 -6.609375
vt -11.5703125 -6.9257812
vt -12.4765625 -6.6132812
vt -12.4765625 -6.9296875
vt -12.5078125 -6.6132812
vt -12.5 -6.9296875
vt -13.0078125 -6.6171875
vt -13.0078125 -6.9335938
vt -13.0390625 -6.6171875
vt -13.03125 -6.9335938
vt -13.9453125 -6.6132812
vt -13.9453125 -6.9296875
vt -11.546875 -6.609375
vt -11.5390625 -6.9257812
vt -11.578125 -6.609375
vt -11.5703125 -6.9257812
vt -12.4765625 -6.6132812
vt -12.4765625 -6.9296875
vt -12.5078125 -6.6132812
vt -12.5 -6.9296875
vt -13.0078125 -6.6171875
vt -13.0078125 -6.9335938
vt -13.0390625 -6.6171875
vt -13.03125 -6.9335938
vt -13.015625 -6.9609375
vt -13.9453125 -6.9570312
vt -13.03125 -6.9335938
vt -13.9453125 -6.9296875
vt -12.484375 -6.9570312
vt -13.015625 -6.9609375
vt -12.5 -6.9296875
vt -13.0078125 -6.9335938
vt -11.5546875 -6.953125
vt -12.484375 -6.9570312
vt -11.5703125 -6.9257812
vt -12.4765625 -6.9296875
vt -11.0390625 -6.953125
vt -11.5546875 -6.953125
vt -11.0390625 -6.921875
vt -11.5390625 -6.9257812
vt -14 -8.2265625
vt -13.9921875 -8.4296875
vt -14.859375 -8.1953125
vt -14.859375 -8.390625
vt -14.890625 -8.1953125
vt -14.8828125 -8.390625
vt -16.265625 -8.1953125
vt -16.25 -8.390625
vt -16.28125 -8.1953125
vt -16.28125 -8.3984375
vt -17.140625 -8.21875
vt -17.140625 -8.421875
vt -17.171875 -8.2265625
vt -17.171875 -8.421875
vt -18.546875 -8.21875
vt -18.546875 -8.421875
vt -14.859375 -8.1953125
vt -14.859375 -8.390625
vt -14.890625 -8.1953125
vt -14.8828125 -8.390625
vt -16.265625 -8.1953125
vt -16.25 -8.390625
vt -16.28125 -8.1953125
vt -16.28125 -8.3984375
vt -17.140625 -8.21875
vt -17.140625 -8.421875
vt -17.171875 -8.2265625
vt -17.171875 -8.421875
vt -17.15625 -8.4453125
vt -18.546875 -8.4375
vt -17.171875 -8.421875
vt -18.546875 -8.421875
vt -16.265625 -8.4140625
vt -17.15625 -8.4453125
vt -16.28125 -8.3984375
vt -17.140625 -8.421875
vt -14.875 -8.4140625
vt -16.265625 -8.4140625
vt -14.8828125 -8.390625
vt -16.25 -8.390625
vt -14 -8.453125
vt -14.875 -8.4140625
vt -13.9921875 -8.4296875
vt -14.859375 -8.390625
vt -14.7890625 -5.4335938
vt -14.7890625 -5.6953125
vt -15.7734375 -5.421875
vt -15.7734375 -5.6875
vt -15.8046875 -5.421875
vt -15.796875 -5.6875
vt -16.671875 -5.4257812
vt -16.671875 -5.6914062
vt -16.703125 -5.4296875
vt -16.703125 -5.6914062
vt -17.6875 -5.4414062
vt -17.6875 -5.703125
vt -17.71875 -5.4414062
vt -17.703125 -5.7070312
vt -18.59375 -5.4414062
vt -18.59375 -5.703125
vt -15.7734375 -5.421875
vt -15.7734375 -5.6875
vt -15.8046875 -5.421875
vt -15.796875 -5.6875
vt -16.671875 -5.4257812
vt -16.671875 -5.6914062
vt -16.703125 -5.4296875
vt -16.703125 -5.6914062
vt -17.6875 -5.4414062
vt -17.6875 -5.703125
vt -17.71875 -5.4414062
vt -17.703125 -5.7070312
vt -17.6875 -5.7304688
vt -18.59375 -5.7265625
vt -17.703125 -5.7070312
vt -18.59375 -5.703125
vt -16.6875 -5.7148438
vt -17.6875 -5.7304688
vt -16.703125 -5.6914062
vt -17.6875 -5.703125
vt -15.7890625 -5.7109375
vt -16.6875 -5.7148438
vt -15.796875 -5.6875
vt -16.671875 -5.6914062
vt -14.7890625 -5.7226562
vt -15.7890625 -5.7109375
vt -14.7890625 -5.6953125
vt -15.7734375 -5.6875
vt -9.71875 -14.09375
vt -9.7421875 -14.46875
vt -10.421875 -14.046875
vt -10.4375 -14.421875
vt -10.453125 -14.046875
vt -10.4609375 -14.421875
vt -11.015625 -14.03125
vt -11.015625 -14.40625
vt -11.0390625 -14.03125
vt -11.0390625 -14.40625
vt -11.7421875 -14.0234375
vt -11.7421875 -14.3984375
vt -11.765625 -14.0234375
vt -11.765625 -14.3984375
vt -12.3203125 -14.0234375
vt -12.328125 -14.3984375
vt -10.421875 -14.046875
vt -10.4375 -14.421875
vt -10.453125 -14.046875
vt -10.4609375 -14.421875
vt -11.015625 -14.03125
vt -11.015625 -14.40625
vt -11.0390625 -14.03125
vt -11.0390625 -14.40625
vt -11.7421875 -14.0234375
vt -11.7421875 -14.3984375
vt -11.765625 -14.0234375
vt -11.765625 -14.3984375
vt -11.75 -14.4296875
vt -12.328125 -14.421875
vt -11.765625 -14.3984375
vt -12.328125 -14.3984375
vt -11.03125 -14.4296875
vt -11.75 -14.4296875
vt -11.0390625 -14.40625
vt -11.7421875 -14.3984375
vt -10.453125 -14.4453125
vt -11.03125 -14.4296875
vt -10.4609375 -14.421875
vt -11.015625 -14.40625
vt -9.75 -14.4921875
vt -10.453125 -14.4453125
vt -9.7421875 -14.46875
vt -10.4375 -14.421875
vt -5.5664062 -6.6210938
vt -5.578125 -7.0273438
vt -6.3710938 -6.5585938
vt -6.3945312 -6.9648438
vt -6.4140625 -6.5546875
vt -6.4296875 -6.9609375
vt -7.6523438 -6.5
vt -7.6640625 -6.90625
vt -7.6953125 -6.5
vt -7.6953125 -6.90625
vt -8.5 -6.4960938
vt -8.515625 -6.9023438
vt -8.5390625 -6.4960938
vt -8.546875 -6.9023438
vt -9.78125 -6.4765625
vt -9.7890625 -6.8828125
vt -6.3710938 -6.5585938
vt -6.3945312 -6.9648438
vt -6.4140625 -6.5546875
vt -6.4296875 -6.9609375
vt -7.6523438 -6.5
vt -7.6640625 -6.90625
vt -7.6953125 -6.5
vt -7.6953125 -6.90625
vt -8.5 -6.4960938
vt -8.515625 -6.9023438
vt -8.5390625 -6.4960938
vt -8.546875 -6.9023438
vt -8.5234375 -6.9375
vt -9.7890625 -6.9179688
vt -8.546875 -6.9023438
vt -9.7890625 -6.8828125
vt -7.6757812 -6.9414062
vt -8.5234375 -6.9375
vt -7.6953125 -6.90625
vt -8.515625 -6.9023438
vt -6.4140625 -6.9960938
vt -7.6757812 -6.9414062
vt -6.4296875 -6.9609375
vt -7.6640625 -6.90625
vt -5.5859375 -7.0664062
vt -6.4140625 -6.9960938
vt -5.578125 -7.0273438
vt -6.3945312 -6.9648438
vt -9.4765625 -8.640625
vt -9 -8.609375
vt -9.4609375 -8.90625
vt -8.984375 -8.875
vt -8.9765625 -8.609375
vt -8.3984375 -8.609375
vt -8.9609375 -8.875
vt -8.390625 -8.875
vt -8.3671875 -8.609375
vt -7.8828125 -8.6171875
vt -8.3671875 -8.875
vt -7.890625 -8.8828125
vt -7.8554688 -8.6171875
vt -7.2617188 -8.6171875
vt -7.8710938 -8.8828125
vt -7.28125 -8.8828125
vt -9 -8.609375
vt -8.9765625 -8.609375
vt -8.984375 -8.875
vt -8.9609375 -8.875
vt -8.3984375 -8.609375
vt -8.3671875 -8.609375
vt -8.390625 -8.875
vt -8.3671875 -8.875
vt -7.8828125 -8.6171875
vt -7.8554688 -8.6171875
vt -7.890625 -8.8828125
vt -7.8710938 -8.8828125
vt -7.8828125 -8.90625
vt -7.8710938 -8.8828125
vt -7.28125 -8.90625
vt -7.28125 -8.8828125
vt -8.3828125 -8.8984375
vt -8.3671875 -8.875
vt -7.8828125 -8.90625
vt -7.890625 -8.8828125
vt -8.9765625 -8.8984375
vt -8.9609375 -8.875
vt -8.3828125 -8.8984375
vt -8.390625 -8.875
vt -9.4609375 -8.9296875
vt -9.4609375 -8.90625
vt -8.9765625 -8.8984375
vt -8.984375 -8.875
vt -9.2890625 -7.546875
vt -8.71875 -7.546875
vt -9.2890625 -7.8007812
vt -8.71875 -7.8007812
vt -8.6953125 -7.546875
vt -7.7460938 -7.5625
vt -8.6875 -7.8007812
vt -7.734375 -7.8164062
vt -7.7109375 -7.5625
vt -7.140625 -7.5585938
vt -7.7070312 -7.8164062
vt -7.1445312 -7.8125
vt -7.0976562 -7.5585938
vt -6.1210938 -7.5507812
vt -7.1171875 -7.8125
vt -6.140625 -7.8046875
vt -8.71875 -7.546875
vt -8.6953125 -7.546875
vt -8.71875 -7.8007812
vt -8.6875 -7.8007812
vt -7.140625 -7.5585938
vt -7.0976562 -7.5585938
vt -7.1445312 -7.8125
vt -7.1171875 -7.8125
vt -7.1328125 -7.8476562
vt -7.1171875 -7.8125
vt -6.140625 -7.8398438
vt -6.140625 -7.8046875
vt -7.7265625 -7.8515625
vt -7.7070312 -7.8164062
vt -7.1328125 -7.8476562
vt -7.1445312 -7.8125
vt -8.7109375 -7.8359375
vt -8.6875 -7.8007812
vt -7.7265625 -7.8515625
vt -7.734375 -7.8164062
vt -9.2890625 -7.8398438
vt -9.2890625 -7.8007812
vt -8.7109375 -7.8359375
vt -8.71875 -7.8007812
vt -8.890625 -5.7617188
vt -8.2578125 -5.7460938
vt -8.890625 -6.1171875
vt -8.25 -6.1015625
vt -8.2265625 -5.7421875
vt -7.609375 -5.7382812
vt -8.234375 -6.1015625
vt -7.609375 -6.09375
vt -7.5859375 -5.7382812
vt -6.9492188 -5.7421875
vt -7.5859375 -6.09375
vt -6.9492188 -6.0976562
vt -6.9257812 -5.7421875
vt -6.3203125 -5.75
vt -6.9296875 -6.1015625
vt -6.3203125 -6.1054688
vt -8.2578125 -5.7460938
vt -8.2265625 -5.7421875
vt -8.25 -6.1015625
vt -8.234375 -6.1015625
vt -7.609375 -5.7382812
vt -7.5859375 -5.7382812
vt -7.609375 -6.09375
vt -7.5859375 -6.09375
vt -6.9492188 -5.7421875
vt -6.9257812 -5.7421875
vt -6.9492188 -6.0976562
vt -6.9296875 -6.1015625
vt -6.9453125 -6.125
vt -6.9296875 -6.1015625
vt -6.3203125 -6.1328125
vt -6.3203125 -6.1054688
vt -7.6015625 -6.1210938
vt -7.5859375 -6.09375
vt -6.9453125 -6.125
vt -6.9492188 -6.0976562
vt -8.2421875 -6.1289062
vt -8.234375 -6.1015625
vt -7.6015625 -6.1210938
vt -7.609375 -6.09375
vt -8.8828125 -6.1445312
vt -8.890625 -6.1171875
vt -8.2421875 -6.1289062
vt -8.25 -6.1015625
vt -12.265625 -9.5
vt -12.2578125 -9.828125
vt -12.765625 -9.4765625
vt -12.7734375 -9.8125
vt -12.8046875 -9.4765625
vt -12.8046875 -9.8046875
vt -13.140625 -9.484375
vt -13.1328125 -9.8125
vt -13.1796875 -9.4765625
vt -13.171875 -9.8125
vt -13.671875 -9.4921875
vt -13.6796875 -9.8203125
vt -13.71875 -9.484375
vt -13.7109375 -9.8203125
vt -14.0546875 -9.4921875
vt -14.046875 -9.828125
vt -12.765625 -9.4765625
vt -12.7734375 -9.8125
vt -12.8046875 -9.4765625
vt -12.8046875 -9.8046875
vt -13.140625 -9.484375
vt -13.1328125 -9.8125
vt -13.1796875 -9.4765625
vt -13.171875 -9.8125
vt -13.671875 -9.4921875
vt -13.6796875 -9.8203125
vt -13.71875 -9.484375
vt -13.7109375 -9.8203125
vt -13.6875 -9.8515625
vt -14.046875 -9.859375
vt -13.7109375 -9.8203125
vt -14.046875 -9.828125
vt -13.1484375 -9.84375
vt -13.6875 -9.8515625
vt -13.171875 -9.8125
vt -13.6796875 -9.8203125
vt -12.7890625 -9.84375
vt -13.1484375 -9.84375
vt -12.8046875 -9.8046875
vt -13.1328125 -9.8125
vt -12.265625 -9.8671875
vt -12.7890625 -9.84375
vt -12.2578125 -9.828125
vt -12.7734375 -9.8125
vt -15.0234375 -10.4453125
vt -15.03125 -10.609375
vt -15.5546875 -10.421875
vt -15.5625 -10.5859375
vt -15.578125 -10.421875
vt -15.578125 -10.5859375
vt -15.9453125 -10.421875
vt -15.9453125 -10.5859375
vt -15.9609375 -10.421875
vt -15.9609375 -10.5859375
vt -16.5 -10.4296875
vt -16.5 -10.59375
vt -16.515625 -10.4296875
vt -16.515625 -10.59375
vt -16.859375 -10.4296875
vt -16.859375 -10.5859375
vt -15.9453125 -10.421875
vt -15.9453125 -10.5859375
vt -15.9609375 -10.421875
vt -15.9609375 -10.5859375
vt -16.5 -10.4296875
vt -16.5 -10.59375
vt -16.515625 -10.4296875
vt -16.515625 -10.59375
vt -15.953125 -10.609375
vt -16.5 -10.6171875
vt -15.9609375 -10.5859375
vt -16.5 -10.59375
vt -15.5703125 -10.6171875
vt -15.953125 -10.609375
vt -15.578125 -10.5859375
vt -15.9453125 -10.5859375
vt -15.0390625 -10.640625
vt -15.5703125 -10.6171875
vt -15.03125 -10.609375
vt -15.5625 -10.5859375
vt -14.6875 -8.6640625
vt -14.6953125 -8.796875
vt -15.40625 -8.6484375
vt -15.40625 -8.78125
vt -15.4296875 -8.6484375
vt -15.421875 -8.78125
vt -16.125 -8.6484375
vt -16.125 -8.78125
vt -16.15625 -8.6484375
vt -16.140625 -8.7890625
vt -16.859375 -8.65625
vt -16.859375 -8.7890625
vt -16.890625 -8.65625
vt -16.875 -8.7890625
vt -17.59375 -8.65625
vt -17.59375 -8.7890625
vt -15.40625 -8.6484375
vt -15.40625 -8.78125
vt -15.4296875 -8.6484375
vt -15.421875 -8.78125
vt -16.125 -8.6484375
vt -16.125 -8.78125
vt -16.15625 -8.6484375
vt -16.140625 -8.7890625
vt -16.859375 -8.65625
vt -16.859375 -8.7890625
vt -16.890625 -8.65625
vt -16.875 -8.7890625
vt -16.140625 -8.8125
vt -16.875 -8.8125
vt -16.140625 -8.7890625
vt -16.859375 -8.7890625
vt -15.421875 -8.8125
vt -16.140625 -8.8125
vt -15.421875 -8.78125
vt -16.125 -8.78125
vt -14.703125 -8.8359375
vt -15.421875 -8.8125
vt -14.6953125 -8.796875
vt -15.40625 -8.78125
vt -7.9335938 -11.640625
vt -7.9492188 -12.328125
vt -8.6328125 -11.625
vt -8.640625 -12.3125
vt -8.6796875 -11.625
vt -8.671875 -12.3125
vt -9.3671875 -11.625
vt -9.359375 -12.3203125
vt -9.40625 -11.625
vt -9.390625 -12.3203125
vt -10.09375 -11.640625
vt -10.0859375 -12.328125
vt -10.125 -11.640625
vt -10.125 -12.328125
vt -10.8125 -11.6328125
vt -10.8125 -12.328125
vt -8.6328125 -11.625
vt -8.640625 -12.3125
vt -8.6796875 -11.625
vt -8.671875 -12.3125
vt -9.3671875 -11.625
vt -9.359375 -12.3203125
vt -9.40625 -11.625
vt -9.390625 -12.3203125
vt -10.09375 -11.640625
vt -10.0859375 -12.328125
vt -10.125 -11.640625
vt -10.125 -12.328125
vt -10.09375 -12.3671875
vt -10.8125 -12.3671875
vt -10.125 -12.328125
vt -10.8125 -12.328125
vt -9.375 -12.359375
vt -10.09375 -12.3671875
vt -9.390625 -12.3203125
vt -10.0859375 -12.328125
vt -8.65625 -12.3515625
vt -9.375 -12.359375
vt -8.671875 -12.3125
vt -9.359375 -12.3203125
vt -7.953125 -12.3671875
vt -8.65625 -12.3515625
vt -7.9492188 -12.328125
vt -8.640625 -12.3125
vt -5.6523438 -10.59375
vt -5.6328125 -10.5390625
vt -4.8398438 -10.5859375
vt -4.859375 -10.5234375
vt -6.0078125 -10.625
vt -6.015625 -10.5703125
vt -5.6523438 -10.59375
vt -5.6757812 -10.5390625
vt -4.4609375 -10.6015625
vt -4.4296875 -10.546875
vt -3.6464844 -10.625
vt -3.6484375 -10.5703125
vt -4.8398438 -10.5859375
vt -4.8164062 -10.53125
vt -4.4609375 -10.6015625
vt -4.4765625 -10.546875
vt -4.8007812 -10.0546875
vt -4.453125 -10.078125
vt -4.8164062 -10.53125
vt -4.4765625 -10.546875
vt -4.40625 -10.078125
vt -3.6289062 -10.1015625
vt -4.4296875 -10.546875
vt -3.6484375 -10.5703125
vt -6.0507812 -10.1015625
vt -5.703125 -10.0703125
vt -6.015625 -10.5703125
vt -5.6757812 -10.5390625
vt -5.6445312 -10.0703125
vt -4.859375 -10.0546875
vt -5.6328125 -10.5390625
vt -4.859375 -10.5234375
vt -4.453125 -10.078125
vt -4.40625 -10.078125
vt -4.4765625 -10.546875
vt -4.4296875 -10.546875
vt -4.8164062 -10.53125
vt -4.859375 -10.5234375
vt -4.8007812 -10.0546875
vt -4.859375 -10.0546875
vt -5.703125 -10.0703125
vt -5.6445312 -10.0703125
vt -5.6757812 -10.5390625
vt -5.6328125 -10.5390625
vt -3.734375 -8.65625
vt -3.7148438 -8.6171875
vt -3.3222656 -8.65625
vt -3.3203125 -8.6171875
vt -4.0195312 -8.6484375
vt -4 -8.609375
vt -3.734375 -8.65625
vt -3.7460938 -8.609375
vt -4.4375 -8.6484375
vt -4.421875 -8.609375
vt -4.0195312 -8.6484375
vt -4.03125 -8.609375
vt -4.703125 -8.6640625
vt -4.7070312 -8.6171875
vt -4.4375 -8.6484375
vt -4.453125 -8.609375
vt -4.7148438 -8.3203125
vt -4.453125 -8.3125
vt -4.7070312 -8.6171875
vt -4.453125 -8.609375
vt -4.4179688 -8.3125
vt -4.03125 -8.3125
vt -4.421875 -8.609375
vt -4.03125 -8.609375
vt -3.9960938 -8.3125
vt -3.7402344 -8.3125
vt -4 -8.609375
vt -3.7460938 -8.609375
vt -3.7089844 -8.3125
vt -3.3222656 -8.3203125
vt -3.7148438 -8.6171875
vt -3.3203125 -8.6171875
vt -4.453125 -8.3125
vt -4.4179688 -8.3125
vt -4.453125 -8.609375
vt -4.421875 -8.609375
vt -4.03125 -8.3125
vt -3.9960938 -8.3125
vt -4.03125 -8.609375
vt -4 -8.609375
vt -7.1679688 -4.5507812
vt -7.140625 -4.5
vt -6.6210938 -4.5507812
vt -6.6171875 -4.5
vt -7.5976562 -4.5429688
vt -7.5703125 -4.4882812
vt -7.1679688 -4.5507812
vt -7.1796875 -4.4921875
vt -8.1484375 -4.5429688
vt -8.125 -4.4882812
vt -7.5976562 -4.5429688
vt -7.609375 -4.4882812
vt -8.546875 -4.578125
vt -8.5546875 -4.515625
vt -8.1484375 -4.5429688
vt -8.1640625 -4.4882812
vt -8.578125 -4.2109375
vt -8.1796875 -4.1875
vt -8.5546875 -4.515625
vt -8.1640625 -4.4882812
vt -8.125 -4.1835938
vt -7.6054688 -4.1875
vt -8.125 -4.4882812
vt -7.609375 -4.4882812
vt -7.5625 -4.1835938
vt -7.171875 -4.1914062
vt -7.5703125 -4.4882812
vt -7.1796875 -4.4921875
vt -7.1328125 -4.1914062
vt -6.6171875 -4.1953125
vt -7.140625 -4.5
vt -6.6171875 -4.5
vt -7.6054688 -4.1875
vt -7.5625 -4.1835938
vt -7.609375 -4.4882812
vt -7.5703125 -4.4882812
vt -7.4179688 -3.7109375
vt -7.4023438 -3.6796875
vt -7.0039062 -3.7109375
vt -7.0039062 -3.6816406
vt -7.7851562 -3.703125
vt -7.7695312 -3.6699219
vt -7.4179688 -3.7109375
vt -7.4296875 -3.6777344
vt -8.1953125 -3.703125
vt -8.1875 -3.671875
vt -7.7851562 -3.703125
vt -7.7929688 -3.671875
vt -8.546875 -3.7285156
vt -8.5546875 -3.6914062
vt -8.1953125 -3.703125
vt -8.2109375 -3.6699219
vt -8.5703125 -3.421875
vt -8.21875 -3.4003906
vt -8.5546875 -3.6914062
vt -8.2109375 -3.6699219
vt -8.1875 -3.4003906
vt -7.7929688 -3.4003906
vt -8.1875 -3.671875
vt -7.7929688 -3.671875
vt -7.765625 -3.4003906
vt -7.421875 -3.40625
vt -7.7695312 -3.6699219
vt -7.4296875 -3.6777344
vt -7.3984375 -3.4082031
vt -7.0039062 -3.4101562
vt -7.4023438 -3.6796875
vt -7.0039062 -3.6816406
vt -7.7929688 -3.4003906
vt -7.765625 -3.4003906
vt -7.7929688 -3.671875
vt -7.7695312 -3.6699219
vt -5.7773438 -12.8515625
vt -5.7539062 -12.796875
vt -4.9921875 -12.859375
vt -5.0117188 -12.8046875
vt -6.5507812 -12.890625
vt -6.5585938 -12.8359375
vt -5.7773438 -12.8515625
vt -5.8007812 -12.796875
vt -4.1914062 -12.859375
vt -4.1640625 -12.8046875
vt -3.4140625 -12.875
vt -3.4160156 -12.8203125
vt -4.9921875 -12.859375
vt -4.96875 -12.8046875
vt -4.1914062 -12.859375
vt -4.2070312 -12.8046875
vt -4.9609375 -12.5546875
vt -4.1992188 -12.5546875
vt -4.96875 -12.8046875
vt -4.2070312 -12.8046875
vt -4.1484375 -12.5546875
vt -3.3984375 -12.5703125
vt -4.1640625 -12.8046875
vt -3.4160156 -12.8203125
vt -6.5742188 -12.5859375
vt -5.8046875 -12.5546875
vt -6.5585938 -12.8359375
vt -5.8007812 -12.796875
vt -5.7539062 -12.546875
vt -5.0078125 -12.5546875
vt -5.7539062 -12.796875
vt -5.0117188 -12.8046875
vt -4.1992188 -12.5546875
vt -4.1484375 -12.5546875
vt -4.2070312 -12.8046875
vt -4.1640625 -12.8046875
vt -4.96875 -12.8046875
vt -5.0117188 -12.8046875
vt -4.9609375 -12.5546875
vt -5.0078125 -12.5546875
vt -5.8046875 -12.5546875
vt -5.7539062 -12.546875
vt -5.8007812 -12.796875
vt -5.7539062 -12.796875
vt -5.9453125 -11.75
vt -5.921875 -11.6953125
vt -4.828125 -11.7421875
vt -4.8476562 -11.6796875
vt -6.375 -11.8046875
vt -6.3867188 -11.75
vt -5.9453125 -11.75
vt -5.96875 -11.703125
vt -4.3671875 -11.75
vt -4.3398438 -11.6953125
vt -3.2558594 -11.765625
vt -3.2578125 -11.7109375
vt -4.828125 -11.7421875
vt -4.8007812 -11.6875
vt -4.3671875 -11.75
vt -4.3828125 -11.6953125
vt -4.796875 -11.546875
vt -4.375 -11.5546875
vt -4.8007812 -11.6875
vt -4.3828125 -11.6953125
vt -4.3203125 -11.5546875
vt -3.2402344 -11.5703125
vt -4.3398438 -11.6953125
vt -3.2578125 -11.7109375
vt -6.40625 -11.609375
vt -5.9804688 -11.5625
vt -6.3867188 -11.75
vt -5.96875 -11.703125
vt -5.9296875 -11.5625
vt -4.8515625 -11.546875
vt -5.921875 -11.6953125
vt -4.8476562 -11.6796875
vt -4.375 -11.5546875
vt -4.3203125 -11.5546875
vt -4.3828125 -11.6953125
vt -4.3398438 -11.6953125
vt -4.8007812 -11.6875
vt -4.8476562 -11.6796875
vt -4.796875 -11.546875
vt -4.8515625 -11.546875
vt -5.9804688 -11.5625
vt -5.9296875 -11.5625
vt -5.96875 -11.703125
vt -5.921875 -11.6953125
vt -15.2421875 -9.859375
vt -15.25 -10.046875
vt -15.7734375 -9.8359375
vt -15.78125 -10.03125
vt -15.796875 -9.8359375
vt -15.796875 -10.03125
vt -16.28125 -9.84375
vt -16.28125 -10.03125
vt -16.3125 -9.84375
vt -16.296875 -10.03125
vt -16.84375 -9.84375
vt -16.828125 -10.0390625
vt -16.859375 -9.84375
vt -16.859375 -10.0390625
vt -17.328125 -9.84375
vt -17.328125 -10.03125
vt -15.7734375 -9.8359375
vt -15.78125 -10.03125
vt -15.796875 -9.8359375
vt -15.796875 -10.03125
vt -16.28125 -9.84375
vt -16.28125 -10.03125
vt -16.3125 -9.84375
vt -16.296875 -10.03125
vt -16.84375 -9.84375
vt -16.828125 -10.0390625
vt -16.859375 -9.84375
vt -16.859375 -10.0390625
vt -16.296875 -10.0546875
vt -16.84375 -10.0625
vt -16.296875 -10.03125
vt -16.828125 -10.0390625
vt -15.7890625 -10.0625
vt -16.296875 -10.0546875
vt -15.796875 -10.03125
vt -16.28125 -10.03125
vt -15.2578125 -10.0859375
vt -15.7890625 -10.0625
vt -15.25 -10.046875
vt -15.78125 -10.03125
vt -8.8125 -14.015625
vt -8.8203125 -14.125
vt -9.2734375 -14.015625
vt -9.2734375 -14.1171875
vt -9.2890625 -14.015625
vt -9.2890625 -14.1171875
vt -9.671875 -14.015625
vt -9.671875 -14.125
vt -9.6953125 -14.015625
vt -9.6875 -14.125
vt -10.140625 -14.015625
vt -10.140625 -14.125
vt -10.1640625 -14.015625
vt -10.15625 -14.125
vt -10.5390625 -14.015625
vt -10.5390625 -14.125
vt -9.2734375 -14.015625
vt -9.2734375 -14.1171875
vt -9.2890625 -14.015625
vt -9.2890625 -14.1171875
vt -9.671875 -14.015625
vt -9.671875 -14.125
vt -9.6953125 -14.015625
vt -9.6875 -14.125
vt -10.140625 -14.015625
vt -10.140625 -14.125
vt -10.1640625 -14.015625
vt -10.15625 -14.125
vt -10.1484375 -14.140625
vt -10.5390625 -14.140625
vt -10.15625 -14.125
vt -10.5390625 -14.125
vt -9.671875 -14.140625
vt -10.1484375 -14.140625
vt -9.6875 -14.125
vt -10.140625 -14.125
vt -9.28125 -14.140625
vt -9.671875 -14.140625
vt -9.2890625 -14.1171875
vt -9.671875 -14.125
vt -7.5429688 -5.2382812
vt -7.5273438 -5.2070312
vt -7.2109375 -5.234375
vt -7.2109375 -5.2070312
vt -7.84375 -5.234375
vt -7.828125 -5.1992188
vt -7.5429688 -5.2382812
vt -7.5507812 -5.203125
vt -8.171875 -5.234375
vt -8.1640625 -5.203125
vt -7.84375 -5.234375
vt -7.8515625 -5.203125
vt -8.4609375 -5.2460938
vt -8.46875 -5.2109375
vt -8.171875 -5.234375
vt -8.1875 -5.1992188
vt -8.4765625 -4.9492188
vt -8.1875 -4.9414062
vt -8.46875 -5.2109375
vt -8.1875 -5.1992188
vt -8.1640625 -4.9414062
vt -7.8515625 -4.9414062
vt -8.1640625 -5.203125
vt -7.8515625 -5.203125
vt -7.8242188 -4.9414062
vt -7.546875 -4.9453125
vt -7.828125 -5.1992188
vt -7.5507812 -5.203125
vt -7.5234375 -4.9453125
vt -7.2109375 -4.9453125
vt -7.5273438 -5.2070312
vt -7.2109375 -5.2070312
vt -7.8515625 -4.9414062
vt -7.8242188 -4.9414062
vt -7.8515625 -5.203125
vt -7.828125 -5.1992188
vt -3.8027344 -8.09375
vt -3.78125 -8.0546875
vt -3.5742188 -8.1015625
vt -3.5722656 -8.0625
vt -4.0429688 -8.09375
vt -4.0234375 -8.046875
vt -3.8027344 -8.09375
vt -3.8125 -8.0546875
vt -4.2734375 -8.09375
vt -4.2617188 -8.0546875
vt -4.0429688 -8.09375
vt -4.0546875 -8.0546875
vt -4.4960938 -8.1171875
vt -4.5039062 -8.0703125
vt -4.2734375 -8.09375
vt -4.2929688 -8.0546875
vt -4.5234375 -7.7734375
vt -4.3007812 -7.7578125
vt -4.5039062 -8.0703125
vt -4.2929688 -8.0546875
vt -4.2578125 -7.7539062
vt -4.0546875 -7.7539062
vt -4.2617188 -8.0546875
vt -4.0546875 -8.0546875
vt -4.015625 -7.7539062
vt -3.8046875 -7.7578125
vt -4.0234375 -8.046875
vt -3.8125 -8.0546875
vt -3.7675781 -7.7578125
vt -3.5644531 -7.765625
vt -3.78125 -8.0546875
vt -3.5722656 -8.0625
vt -4.0546875 -7.7539062
vt -4.015625 -7.7539062
vt -4.0546875 -8.0546875
vt -4.0234375 -8.046875
vt -3.6152344 -9.4140625
vt -3.5917969 -9.375
vt -3.2011719 -9.4140625
vt -3.1992188 -9.375
vt -4.0664062 -9.40625
vt -4.046875 -9.3671875
vt -3.6152344 -9.4140625
vt -3.625 -9.3671875
vt -4.484375 -9.40625
vt -4.46875 -9.3671875
vt -4.0664062 -9.40625
vt -4.078125 -9.3671875
vt -4.9179688 -9.4296875
vt -4.921875 -9.3828125
vt -4.484375 -9.40625
vt -4.5039062 -9.3671875
vt -4.9335938 -9.0859375
vt -4.5039062 -9.0703125
vt -4.921875 -9.3828125
vt -4.5039062 -9.3671875
vt -4.4648438 -9.0703125
vt -4.078125 -9.0703125
vt -4.46875 -9.3671875
vt -4.078125 -9.3671875
vt -4.0429688 -9.0703125
vt -3.6191406 -9.0703125
vt -4.046875 -9.3671875
vt -3.625 -9.3671875
vt -3.5878906 -9.0703125
vt -3.1972656 -9.078125
vt -3.5917969 -9.375
vt -3.1992188 -9.375
vt -4.5039062 -9.0703125
vt -4.4648438 -9.0703125
vt -4.5039062 -9.3671875
vt -4.46875 -9.3671875
vt -4.078125 -9.0703125
vt -4.0429688 -9.0703125
vt -4.078125 -9.3671875
vt -4.046875 -9.3671875
vt -3.7050781 -7.2734375
vt -3.6875 -7.2421875
vt -3.5234375 -7.2773438
vt -3.5214844 -7.2421875
vt -4.09375 -7.2695312
vt -4.078125 -7.234375
vt -3.7050781 -7.2734375
vt -3.7128906 -7.2382812
vt -4.2773438 -7.2695312
vt -4.265625 -7.2382812
vt -4.09375 -7.2695312
vt -4.1015625 -7.2382812
vt -4.6484375 -7.2890625
vt -4.6523438 -7.2539062
vt -4.2773438 -7.2695312
vt -4.2890625 -7.234375
vt -4.6601562 -7.0625
vt -4.2929688 -7.046875
vt -4.6523438 -7.2539062
vt -4.2890625 -7.234375
vt -4.2617188 -7.046875
vt -4.1015625 -7.046875
vt -4.265625 -7.2382812
vt -4.1015625 -7.2382812
vt -4.0742188 -7.046875
vt -3.7089844 -7.046875
vt -4.078125 -7.234375
vt -3.7128906 -7.2382812
vt -3.6835938 -7.0507812
vt -3.5234375 -7.0507812
vt -3.6875 -7.2421875
vt -3.5214844 -7.2421875
vt -4.1015625 -7.046875
vt -4.0742188 -7.046875
vt -4.1015625 -7.2382812
vt -4.078125 -7.234375
vt -10.09375 -9.3203125
vt -9.2734375 -9.2890625
vt -10.0859375 -9.5234375
vt -9.265625 -9.4921875
vt -9.25 -9.2890625
vt -8.8046875 -9.2890625
vt -9.2421875 -9.4921875
vt -8.796875 -9.4921875
vt -8.78125 -9.2890625
vt -7.9570312 -9.296875
vt -8.7734375 -9.4921875
vt -7.9609375 -9.5
vt -7.9257812 -9.296875
vt -7.46875 -9.296875
vt -7.9414062 -9.5
vt -7.4804688 -9.5
vt -9.2734375 -9.2890625
vt -9.25 -9.2890625
vt -9.265625 -9.4921875
vt -9.2421875 -9.4921875
vt -8.8046875 -9.2890625
vt -8.78125 -9.2890625
vt -8.796875 -9.4921875
vt -8.7734375 -9.4921875
vt -7.9570312 -9.296875
vt -7.9257812 -9.296875
vt -7.9609375 -9.5
vt -7.9414062 -9.5
vt -7.953125 -9.5234375
vt -7.9414062 -9.5
vt -7.4882812 -9.5234375
vt -7.4804688 -9.5
vt -8.7890625 -9.515625
vt -8.7734375 -9.4921875
vt -7.953125 -9.5234375
vt -7.9609375 -9.5
vt -9.2578125 -9.515625
vt -9.2421875 -9.4921875
vt -8.7890625 -9.515625
vt -8.796875 -9.4921875
vt -10.078125 -9.546875
vt -10.0859375 -9.5234375
vt -9.2578125 -9.515625
vt -9.265625 -9.4921875
vt 7.9257812 -0.3178711
vt 7.90625 -0.60839844
vt 7.6445312 -0.2998047
vt 7.625 -0.59765625
vt 7.7421875 0.026611328
vt 7.7382812 -0.5595703
vt 7.046875 0.03338623
vt 7.0429688 -0.5527344
vt 8.078125 -1.7919922
vt 8.0390625 -2.8222656
vt 7.3242188 -1.7880859
vt 7.28125 -2.8183594
vt 5.578125 0.0635376
vt 5.5546875 -0.3852539
vt 5.2734375 0.08325195
vt 5.2460938 -0.36547852
vt 6.65625 -1.2080078
vt 6.640625 -2.203125
vt 5.7460938 -1.1835938
vt 5.7304688 -2.1777344
vt 4.9570312 -0.98095703
vt 4.8867188 -1.71875
vt 4.0429688 -0.9692383
vt 4.046875 -1.7099609
vt 6.109375 0.04449463
vt 6.1054688 -0.15441895
vt 5.9257812 0.050201416
vt 5.921875 -0.14880371
vt 4.90625 -2.15625
vt 4.9023438 -2.4121094
vt 4.0898438 -2.1621094
vt 4.0898438 -2.4179688
vt 6.1367188 0.0814209
vt 6.1132812 -0.42773438
vt 5.2265625 0.12915039
vt 5.203125 -0.3798828
vt 6.1835938 -1.3144531
vt 6.1679688 -2.1894531
vt 4.8046875 -1.3027344
vt 4.7929688 -2.1777344
vt 6.3085938 -0.2861328
vt 6.2851562 -1.2763672
vt 5.4257812 -0.28027344
vt 5.4023438 -1.2705078
vt 6.984375 -1.4970703
vt 6.9648438 -2.2011719
vt 6.4257812 -1.4902344
vt 6.4023438 -2.1933594
vt 7.0117188 -0.21691895
vt 7.015625 -1.0429688
vt 5.765625 -0.20117188
vt 5.7695312 -1.0273438
vt 8.9765625 -1.1425781
vt 9.0078125 -1.7246094
vt 8.5 -1.1572266
vt 8.5234375 -1.75
vt 7.6875 -0.27978516
vt 7.7226562 -1.2421875
vt 7.1132812 -0.2919922
vt 7.1484375 -1.2695312
vt 6.7421875 0.0927124
vt 6.7382812 -0.5332031
vt 6.1015625 0.08166504
vt 6.0976562 -0.5292969
vt 7.953125 -0.38891602
vt 7.9375 -0.90771484
vt 7.6132812 -0.38427734
vt 7.5976562 -0.9033203
vt 4.6953125 -2.3671875
vt 4.6601562 -2.8945312
vt 4.3359375 -2.3632812
vt 4.3164062 -2.8945312
vt 4.75 -0.119628906
vt 4.7539062 -0.8310547
vt 4.0507812 -0.1071167
vt 4.0546875 -0.82421875
vt 7.7460938 0.08276367
vt 7.734375 -0.61572266
vt 7.0507812 0.08947754
vt 7.0429688 -0.6088867
vt 8.546875 -3.9296875
vt 8.578125 -3.1425781
vt 8.890625 -3.9394531
vt 8.9296875 -3.1523438
vt 9.3515625 -2.90625
vt 9.359375 -3.3007812
vt 9.0859375 -2.9140625
vt 9.1015625 -3.3085938
vt 9.421875 -2.84375
vt 9.421875 -3.3691406
vt 9.0234375 -2.8457031
vt 9.0234375 -3.3710938
vt 9.3984375 -2.90625
vt 9.3984375 -3.3066406
vt 9.046875 -2.9082031
vt 9.0546875 -3.3085938
vt 8.3359375 -3.9023438
vt 8.3671875 -3.1464844
vt 9.1015625 -3.9355469
vt 9.1328125 -3.1796875
vt 8.4921875 -4.078125
vt 8.546875 -2.9902344
vt 8.921875 -4.09375
vt 8.9765625 -3.0058594
vt 4.7578125 -2.3710938
vt 4.71875 -2.8964844
vt 4.2773438 -2.359375
vt 4.2539062 -2.8925781
vt 4.1953125 -2.0371094
vt 4.1992188 -1.5800781
vt 4.578125 -2.0410156
vt 4.5820312 -1.5849609
vt 9.3671875 -2.9472656
vt 9.3671875 -3.2636719
vt 9.0859375 -2.953125
vt 9.0859375 -3.2675781
vt 9.328125 -3
vt 9.3359375 -3.2109375
vt 9.109375 -3.0058594
vt 9.1171875 -3.2148438
vt 9.4375 -2.9082031
vt 9.4375 -3.3027344
vt 9.0078125 -2.9121094
vt 9.015625 -3.3085938
vt 9.4140625 -3.0273438
vt 9.40625 -3.1933594
vt 9.0390625 -3.0214844
vt 9.0390625 -3.1875
vt 8.890625 -0.4025879
vt 8.9140625 -0.8520508
vt 8.0703125 -0.4375
vt 8.09375 -0.89208984
vt 0.0016212463 0.9428711
vt 0.00982666 0.6533203
vt 0.0016212463 0.6533203
vt 0.010345459 0.9428711
vt 0.01537323 0.6533203
vt 0.005710602 0.6533203
vt 0.011741638 0.9428711
vt 0.0137786865 0.6533203
vt 0.0045433044 0.6533203
vt 0.019012451 0.9428711
vt 0.022155762 0.6533203
vt 0.012458801 0.6533203
vt 0.022155762 0.6533203
vt 0.019012451 0.9428711
vt 0.45874023 0.6533203
vt 0.4633789 0.9428711
vt 0.45874023 0.6533203
vt 0.019012451 0.9428711
vt 0.0137786865 0.6533203
vt 0.011741638 0.9428711
vt 0.37182617 0.6533203
vt 0.37841797 0.9428711
vt 0.37182617 0.6533203
vt 0.011741638 0.9428711
vt 0.00982666 0.6533203
vt 0.0016212463 0.9428711
vt 0.4482422 0.6533203
vt 0.4555664 0.9428711
vt 0.4482422 0.6533203
vt 0.0016212463 0.9428711
vt 0.0016212463 0.9428711
vt 0.00982666 0.6533203
vt 0.0016212463 0.6533203
vt 0.010345459 0.9428711
vt 0.01537323 0.6533203
vt 0.005710602 0.6533203
vt 0.011741638 0.9428711
vt 0.0137786865 0.6533203
vt 0.0045433044 0.6533203
vt 0.019012451 0.9428711
vt 0.022155762 0.6533203
vt 0.012458801 0.6533203
vt 0.022155762 0.6533203
vt 0.019012451 0.9428711
vt 0.45874023 0.6533203
vt 0.4633789 0.9428711
vt 0.45874023 0.6533203
vt 0.019012451 0.9428711
vt 0.00982666 0.6533203
vt 0.0016212463 0.9428711
vt 0.4482422 0.6533203
vt 0.4555664 0.9428711
vt 0.4482422 0.6533203
vt 0.0016212463 0.9428711
vt 0.0016212463 0.9428711
vt 0.00982666 0.6533203
vt 0.0016212463 0.6533203
vt 0.010345459 0.9428711
vt 0.01537323 0.6533203
vt 0.005710602 0.6533203
vt 0.011741638 0.9428711
vt 0.0137786865 0.6533203
vt 0.0045433044 0.6533203
vt 0.019012451 0.9428711
vt 0.022155762 0.6533203
vt 0.012458801 0.6533203
vt 0.0016212463 0.04699707
vt 0.0016212463 0.6533203
vt 0.00982666 0.04699707
vt 0.00982666 0.6533203
vt 0.00982666 0.04699707
vt 0.0016212463 0.6533203
vt 0.005256653 0.04699707
vt 0.005710602 0.6533203
vt 0.020462036 0.04699707
vt 0.01537323 0.6533203
vt 0.020462036 0.04699707
vt 0.005710602 0.6533203
vt 0.01537323 0.6533203
vt 0.010345459 0.9428711
vt 0.3720703 0.6533203
vt 0.3720703 0.9428711
vt 0.3720703 0.6533203
vt 0.010345459 0.9428711
vt 0.022155762 0.6533203
vt 0.019012451 0.9428711
vt 0.45874023 0.6533203
vt 0.4633789 0.9428711
vt 0.45874023 0.6533203
vt 0.019012451 0.9428711
vt 0.00982666 0.6533203
vt 0.0016212463 0.9428711
vt 0.4555664 0.9428711
vt 0.020462036 0.04699707
vt 0.01537323 0.6533203
vt 0.3720703 0.04699707
vt 0.3720703 0.6533203
vt 0.3720703 0.04699707
vt 0.01537323 0.6533203
vt 0.00982666 0.04699707
vt 0.00982666 0.6533203
vt 0.44433594 0.04699707
vt 0.4482422 0.6533203
vt 0.44433594 0.04699707
vt 0.00982666 0.6533203
vt 0.0016212463 0.9428711
vt 0.00982666 0.6533203
vt 0.0016212463 0.6533203
vt 0.010345459 0.9428711
vt 0.01537323 0.6533203
vt 0.005710602 0.6533203
vt 0.011741638 0.9428711
vt 0.0137786865 0.6533203
vt 0.0045433044 0.6533203
vt 0.019012451 0.9428711
vt 0.022155762 0.6533203
vt 0.012458801 0.6533203
vt 0.0016212463 0.9428711
vt 0.00982666 0.6533203
vt 0.0016212463 0.6533203
vt 0.010345459 0.9428711
vt 0.01537323 0.6533203
vt 0.005710602 0.6533203
vt 0.011741638 0.9428711
vt 0.0137786865 0.6533203
vt 0.0045433044 0.6533203
vt 0.019012451 0.9428711
vt 0.022155762 0.6533203
vt 0.012458801 0.6533203
vt 0.01537323 0.6533203
vt 0.010345459 0.9428711
vt 0.3720703 0.6533203
vt 0.3720703 0.9428711
vt 0.3720703 0.6533203
vt 0.010345459 0.9428711
vt 0.00982666 0.6533203
vt 0.0016212463 0.9428711
vt 0.4482422 0.6533203
vt 0.4555664 0.9428711
vt 0.4482422 0.6533203
vt 0.0016212463 0.9428711
vt 0.020462036 0.04699707
vt 0.01537323 0.6533203
vt 0.3720703 0.04699707
vt 0.3720703 0.6533203
vt 0.3720703 0.04699707
vt 0.01537323 0.6533203
vt 0.00982666 0.04699707
vt 0.00982666 0.6533203
vt 0.44433594 0.04699707
vt 0.4482422 0.6533203
vt 0.44433594 0.04699707
vt 0.00982666 0.6533203
vt 0.0016212463 0.9428711
vt 0.00982666 0.6533203
vt 0.0016212463 0.6533203
vt 0.010345459 0.9428711
vt 0.01537323 0.6533203
vt 0.005710602 0.6533203
vt 0.011741638 0.9428711
vt 0.0137786865 0.6533203
vt 0.0045433044 0.6533203
vt 0.019012451 0.9428711
vt 0.022155762 0.6533203
vt 0.012458801 0.6533203
vt 0.0016212463 0.9428711
vt 0.00982666 0.6533203
vt 0.0016212463 0.6533203
vt 0.010345459 0.9428711
vt 0.01537323 0.6533203
vt 0.005710602 0.6533203
vt 0.011741638 0.9428711
vt 0.0137786865 0.6533203
vt 0.0045433044 0.6533203
vt 0.019012451 0.9428711
vt 0.022155762 0.6533203
vt 0.012458801 0.6533203
vt 0.0016212463 0.04699707
vt 0.0016212463 0.6533203
vt 0.00982666 0.04699707
vt 0.00982666 0.6533203
vt 0.00982666 0.04699707
vt 0.0016212463 0.6533203
vt 0.005256653 0.04699707
vt 0.005710602 0.6533203
vt 0.020462036 0.04699707
vt 0.01537323 0.6533203
vt 0.020462036 0.04699707
vt 0.005710602 0.6533203
vt 0.00070619583 0.04699707
vt 0.0045433044 0.6533203
vt 0.016036987 0.04699707
vt 0.0137786865 0.6533203
vt 0.016036987 0.04699707
vt 0.0045433044 0.6533203
vt 0.010597229 0.04699707
vt 0.012458801 0.6533203
vt 0.025527954 0.04699707
vt 0.022155762 0.6533203
vt 0.025527954 0.04699707
vt 0.012458801 0.6533203
vt 0.01537323 0.6533203
vt 0.010345459 0.9428711
vt 0.3720703 0.6533203
vt 0.3720703 0.9428711
vt 0.3720703 0.6533203
vt 0.010345459 0.9428711
vt 0.00982666 0.6533203
vt 0.0016212463 0.9428711
vt 0.4555664 0.9428711
vt 0.025527954 0.04699707
vt 0.022155762 0.6533203
vt 0.45825195 0.04699707
vt 0.45874023 0.6533203
vt 0.45825195 0.04699707
vt 0.022155762 0.6533203
vt 0.00982666 0.6533203
vt 0.4555664 0.9428711
vt 0.4482422 0.6533203
vt 0.00982666 0.6533203
vt 0.4555664 0.9428711
vt 0.4482422 0.6533203
vt 0.0016212463 0.9428711
vt 0.00982666 0.6533203
vt 0.0016212463 0.6533203
vt 0.010345459 0.9428711
vt 0.01537323 0.6533203
vt 0.005710602 0.6533203
vt 0.011741638 0.9428711
vt 0.0137786865 0.6533203
vt 0.0045433044 0.6533203
vt 0.019012451 0.9428711
vt 0.022155762 0.6533203
vt 0.012458801 0.6533203
vt 0.0016212463 0.04699707
vt 0.0016212463 0.6533203
vt 0.00982666 0.04699707
vt 0.00982666 0.6533203
vt 0.00982666 0.04699707
vt 0.0016212463 0.6533203
vt 0.005256653 0.04699707
vt 0.005710602 0.6533203
vt 0.020462036 0.04699707
vt 0.01537323 0.6533203
vt 0.020462036 0.04699707
vt 0.005710602 0.6533203
vt 0.00070619583 0.04699707
vt 0.0045433044 0.6533203
vt 0.016036987 0.04699707
vt 0.0137786865 0.6533203
vt 0.016036987 0.04699707
vt 0.0045433044 0.6533203
vt 0.010597229 0.04699707
vt 0.012458801 0.6533203
vt 0.025527954 0.04699707
vt 0.022155762 0.6533203
vt 0.025527954 0.04699707
vt 0.012458801 0.6533203
vt 0.01537323 0.6533203
vt 0.010345459 0.9428711
vt 0.3720703 0.6533203
vt 0.3720703 0.9428711
vt 0.3720703 0.6533203
vt 0.010345459 0.9428711
vt 0.00982666 0.6533203
vt 0.0016212463 0.9428711
vt 0.4555664 0.9428711
vt 0.025527954 0.04699707
vt 0.022155762 0.6533203
vt 0.45825195 0.04699707
vt 0.45874023 0.6533203
vt 0.45825195 0.04699707
vt 0.022155762 0.6533203
vt 0.00982666 0.6533203
vt 0.4555664 0.9428711
vt 0.4482422 0.6533203
vt 0.0016212463 0.9428711
vt 0.00982666 0.6533203
vt 0.0016212463 0.6533203
vt 0.010345459 0.9428711
vt 0.01537323 0.6533203
vt 0.005710602 0.6533203
vt 0.011741638 0.9428711
vt 0.0137786865 0.6533203
vt 0.0045433044 0.6533203
vt 0.019012451 0.9428711
vt 0.022155762 0.6533203
vt 0.012458801 0.6533203
vt 0.01537323 0.6533203
vt 0.010345459 0.9428711
vt 0.3720703 0.6533203
vt 0.3720703 0.9428711
vt 0.3720703 0.6533203
vt 0.010345459 0.9428711
vt 0.00982666 0.6533203
vt 0.0016212463 0.9428711
vt 0.4482422 0.6533203
vt 0.4555664 0.9428711
vt 0.4482422 0.6533203
vt 0.0016212463 0.9428711
vt 0.020462036 0.04699707
vt 0.01537323 0.6533203
vt 0.3720703 0.04699707
vt 0.3720703 0.6533203
vt 0.3720703 0.04699707
vt 0.01537323 0.6533203
vt 0.00982666 0.04699707
vt 0.00982666 0.6533203
vt 0.44433594 0.04699707
vt 0.4482422 0.6533203
vt 0.44433594 0.04699707
vt 0.00982666 0.6533203
vt 0.0016212463 0.9428711
vt 0.00982666 0.6533203
vt 0.0016212463 0.6533203
vt 0.010345459 0.9428711
vt 0.01537323 0.6533203
vt 0.005710602 0.6533203
vt 0.011741638 0.9428711
vt 0.0137786865 0.6533203
vt 0.0045433044 0.6533203
vt 0.019012451 0.9428711
vt 0.022155762 0.6533203
vt 0.012458801 0.6533203
vt 0.0016212463 0.04699707
vt 0.0016212463 0.6533203
vt 0.00982666 0.04699707
vt 0.00982666 0.6533203
vt 0.00982666 0.04699707
vt 0.0016212463 0.6533203
vt 0.005256653 0.04699707
vt 0.005710602 0.6533203
vt 0.020462036 0.04699707
vt 0.01537323 0.6533203
vt 0.020462036 0.04699707
vt 0.005710602 0.6533203
vt 0.00070619583 0.04699707
vt 0.0045433044 0.6533203
vt 0.016036987 0.04699707
vt 0.0137786865 0.6533203
vt 0.016036987 0.04699707
vt 0.0045433044 0.6533203
vt 0.010597229 0.04699707
vt 0.012458801 0.6533203
vt 0.025527954 0.04699707
vt 0.022155762 0.6533203
vt 0.025527954 0.04699707
vt 0.012458801 0.6533203
vt 0.01537323 0.6533203
vt 0.010345459 0.9428711
vt 0.3720703 0.6533203
vt 0.3720703 0.9428711
vt 0.3720703 0.6533203
vt 0.010345459 0.9428711
vt 0.00982666 0.6533203
vt 0.0016212463 0.9428711
vt 0.4555664 0.9428711
vt 0.025527954 0.04699707
vt 0.022155762 0.6533203
vt 0.45825195 0.04699707
vt 0.45874023 0.6533203
vt 0.45825195 0.04699707
vt 0.022155762 0.6533203
vt 0.00982666 0.6533203
vt 0.4555664 0.9428711
vt 0.4482422 0.6533203
vt 0.0016212463 0.9428711
vt 0.00982666 0.6533203
vt 0.0016212463 0.6533203
vt 0.010345459 0.9428711
vt 0.01537323 0.6533203
vt 0.005710602 0.6533203
vt 0.011741638 0.9428711
vt 0.0137786865 0.6533203
vt 0.0045433044 0.6533203
vt 0.019012451 0.9428711
vt 0.022155762 0.6533203
vt 0.012458801 0.6533203
vt 0.01537323 0.6533203
vt 0.010345459 0.9428711
vt 0.3720703 0.6533203
vt 0.3720703 0.9428711
vt 0.3720703 0.6533203
vt 0.010345459 0.9428711
vt 0.00982666 0.6533203
vt 0.0016212463 0.9428711
vt 0.4482422 0.6533203
vt 0.4555664 0.9428711
vt 0.4482422 0.6533203
vt 0.0016212463 0.9428711
vt 0.020462036 0.04699707
vt 0.01537323 0.6533203
vt 0.3720703 0.04699707
vt 0.3720703 0.6533203
vt 0.3720703 0.04699707
vt 0.01537323 0.6533203
vt 0.00982666 0.04699707
vt 0.00982666 0.6533203
vt 0.44433594 0.04699707
vt 0.4482422 0.6533203
vt 0.44433594 0.04699707
vt 0.00982666 0.6533203
vt 0.0016212463 0.9428711
vt 0.00982666 0.6533203
vt 0.0016212463 0.6533203
vt 0.010345459 0.9428711
vt 0.01537323 0.6533203
vt 0.005710602 0.6533203
vt 0.011741638 0.9428711
vt 0.0137786865 0.6533203
vt 0.0045433044 0.6533203
vt 0.019012451 0.9428711
vt 0.022155762 0.6533203
vt 0.012458801 0.6533203
vt 0.01537323 0.6533203
vt 0.010345459 0.9428711
vt 0.3720703 0.6533203
vt 0.3720703 0.9428711
vt 0.3720703 0.6533203
vt 0.010345459 0.9428711
vt 0.00982666 0.6533203
vt 0.0016212463 0.9428711
vt 0.4482422 0.6533203
vt 0.4555664 0.9428711
vt 0.4482422 0.6533203
vt 0.0016212463 0.9428711
vt 0.020462036 0.04699707
vt 0.01537323 0.6533203
vt 0.3720703 0.04699707
vt 0.3720703 0.6533203
vt 0.3720703 0.04699707
vt 0.01537323 0.6533203
vt 0.00982666 0.04699707
vt 0.00982666 0.6533203
vt 0.44433594 0.04699707
vt 0.4482422 0.6533203
vt 0.44433594 0.04699707
vt 0.00982666 0.6533203
vt 0.0016212463 0.9428711
vt 0.00982666 0.6533203
vt 0.0016212463 0.6533203
vt 0.010345459 0.9428711
vt 0.01537323 0.6533203
vt 0.005710602 0.6533203
vt 0.011741638 0.9428711
vt 0.0137786865 0.6533203
vt 0.0045433044 0.6533203
vt 0.019012451 0.9428711
vt 0.022155762 0.6533203
vt 0.012458801 0.6533203
vt 0.0016212463 0.04699707
vt 0.0016212463 0.6533203
vt 0.00982666 0.04699707
vt 0.00982666 0.6533203
vt 0.00982666 0.04699707
vt 0.0016212463 0.6533203
vt 0.005256653 0.04699707
vt 0.005710602 0.6533203
vt 0.020462036 0.04699707
vt 0.01537323 0.6533203
vt 0.020462036 0.04699707
vt 0.005710602 0.6533203
vt 0.00070619583 0.04699707
vt 0.0045433044 0.6533203
vt 0.016036987 0.04699707
vt 0.0137786865 0.6533203
vt 0.016036987 0.04699707
vt 0.0045433044 0.6533203
vt 0.010597229 0.04699707
vt 0.012458801 0.6533203
vt 0.025527954 0.04699707
vt 0.022155762 0.6533203
vt 0.025527954 0.04699707
vt 0.012458801 0.6533203
vt 0.01537323 0.6533203
vt 0.010345459 0.9428711
vt 0.3720703 0.6533203
vt 0.3720703 0.9428711
vt 0.3720703 0.6533203
vt 0.010345459 0.9428711
vt 0.00982666 0.6533203
vt 0.0016212463 0.9428711
vt 0.4555664 0.9428711
vt 0.025527954 0.04699707
vt 0.022155762 0.6533203
vt 0.45825195 0.04699707
vt 0.45874023 0.6533203
vt 0.45825195 0.04699707
vt 0.022155762 0.6533203
vt 0.00982666 0.6533203
vt 0.4555664 0.9428711
vt 0.4482422 0.6533203
vt 0.08630371 0.94140625
vt 0.043548584 0.5097656
vt 0.07946777 0.5097656
vt 0.08630371 0.94140625
vt 0.043548584 0.5097656
vt 0.07946777 0.5097656
vt 0.08630371 0.94140625
vt 0.043548584 0.5097656
vt 0.07946777 0.5097656
vt 0.08630371 0.94140625
vt 0.043548584 0.5097656
vt 0.07946777 0.5097656
vt 0.08630371 0.94140625
vt 0.043548584 0.5097656
vt 0.07946777 0.5097656
vt 0.08630371 0.94140625
vt 0.043548584 0.5097656
vt 0.07946777 0.5097656
vt 0.08630371 0.94140625
vt 0.043548584 0.5097656
vt 0.07946777 0.5097656
vt 0.08630371 0.94140625
vt 0.043548584 0.5097656
vt 0.07946777 0.5097656
vt 0.08630371 0.94140625
vt 0.043548584 0.5097656
vt 0.07946777 0.5097656
vt 0.08630371 0.94140625
vt 0.043548584 0.5097656
vt 0.07946777 0.5097656
vt 0.08630371 0.94140625
vt 0.043548584 0.5097656
vt 0.07946777 0.5097656
vt 0.08630371 0.94140625
vt 0.043548584 0.5097656
vt 0.07946777 0.5097656
vt 0.0016212463 0.9428711
vt 0.00982666 0.6533203
vt 0.0016212463 0.6533203
vt 0.010345459 0.9428711
vt 0.01537323 0.6533203
vt 0.005710602 0.6533203
vt 0.011741638 0.9428711
vt 0.0137786865 0.6533203
vt 0.0045433044 0.6533203
vt 0.019012451 0.9428711
vt 0.022155762 0.6533203
vt 0.012458801 0.6533203
vt 0.0016212463 0.04699707
vt 0.0016212463 0.6533203
vt 0.00982666 0.04699707
vt 0.00982666 0.6533203
vt 0.00982666 0.04699707
vt 0.0016212463 0.6533203
vt 0.005256653 0.04699707
vt 0.005710602 0.6533203
vt 0.020462036 0.04699707
vt 0.01537323 0.6533203
vt 0.020462036 0.04699707
vt 0.005710602 0.6533203
vt 0.00070619583 0.04699707
vt 0.0045433044 0.6533203
vt 0.016036987 0.04699707
vt 0.0137786865 0.6533203
vt 0.016036987 0.04699707
vt 0.0045433044 0.6533203
vt 0.010597229 0.04699707
vt 0.012458801 0.6533203
vt 0.025527954 0.04699707
vt 0.022155762 0.6533203
vt 0.025527954 0.04699707
vt 0.012458801 0.6533203
vt 0.01537323 0.6533203
vt 0.010345459 0.9428711
vt 0.3720703 0.6533203
vt 0.3720703 0.9428711
vt 0.3720703 0.6533203
vt 0.010345459 0.9428711
vt 0.00982666 0.6533203
vt 0.0016212463 0.9428711
vt 0.4555664 0.9428711
vt 0.025527954 0.04699707
vt 0.022155762 0.6533203
vt 0.45825195 0.04699707
vt 0.45874023 0.6533203
vt 0.45825195 0.04699707
vt 0.022155762 0.6533203
vt 0.00982666 0.6533203
vt 0.4555664 0.9428711
vt 0.4482422 0.6533203
vt 0.0016212463 0.9428711
vt 0.00982666 0.6533203
vt 0.0016212463 0.6533203
vt 0.010345459 0.9428711
vt 0.01537323 0.6533203
vt 0.005710602 0.6533203
vt 0.019012451 0.9428711
vt 0.022155762 0.6533203
vt 0.012458801 0.6533203
vt 0.00070619583 0.04699707
vt 0.0045433044 0.6533203
vt 0.016036987 0.04699707
vt 0.0137786865 0.6533203
vt 0.011741638 0.9428711
vt 0.37182617 0.6533203
vt 0.37841797 0.9428711
vt 0.37182617 0.6533203
vt 0.011741638 0.9428711
vt 0.00982666 0.6533203
vt 0.0016212463 0.9428711
vt 0.4482422 0.6533203
vt 0.0016212463 0.9428711
vt 0.00982666 0.6533203
vt 0.0016212463 0.6533203
vt 0.010345459 0.9428711
vt 0.01537323 0.6533203
vt 0.005710602 0.6533203
vt 0.011741638 0.9428711
vt 0.0137786865 0.6533203
vt 0.0045433044 0.6533203
vt 0.019012451 0.9428711
vt 0.022155762 0.6533203
vt 0.012458801 0.6533203
vt 0.0137786865 0.6533203
vt 0.011741638 0.9428711
vt 0.37182617 0.6533203
vt 0.37841797 0.9428711
vt 0.37182617 0.6533203
vt 0.011741638 0.9428711
vt 0.4482422 0.6533203
vt 0.0016212463 0.9428711
vt 0.4555664 0.9428711
vt 0.0016212463 0.9428711
vt 0.00982666 0.6533203
vt 0.0016212463 0.6533203
vt 0.010345459 0.9428711
vt 0.01537323 0.6533203
vt 0.005710602 0.6533203
vt 0.011741638 0.9428711
vt 0.0137786865 0.6533203
vt 0.0045433044 0.6533203
vt 0.019012451 0.9428711
vt 0.022155762 0.6533203
vt 0.012458801 0.6533203
vt 0.022155762 0.6533203
vt 0.019012451 0.9428711
vt 0.45874023 0.6533203
vt 0.4633789 0.9428711
vt 0.45874023 0.6533203
vt 0.019012451 0.9428711
vt 0.00982666 0.6533203
vt 0.0016212463 0.9428711
vt 0.4482422 0.6533203
vt 0.4555664 0.9428711
vt 0.4482422 0.6533203
vt 0.0016212463 0.9428711
vt 0.08630371 0.94140625
vt 0.043548584 0.5097656
vt 0.07946777 0.5097656
vt 0.08630371 0.94140625
vt 0.043548584 0.5097656
vt 0.07946777 0.5097656
vt 0.08630371 0.94140625
vt 0.043548584 0.5097656
vt 0.07946777 0.5097656
vt 0.08630371 0.94140625
vt 0.043548584 0.5097656
vt 0.07946777 0.5097656
vt 0.08630371 0.94140625
vt 0.043548584 0.5097656
vt 0.07946777 0.5097656
vt 0.08630371 0.94140625
vt 0.043548584 0.5097656
vt 0.07946777 0.5097656
vt 0.08630371 0.94140625
vt 0.043548584 0.5097656
vt 0.07946777 0.5097656
vt 0.08630371 0.94140625
vt 0.043548584 0.5097656
vt 0.07946777 0.5097656
vt 0.08630371 0.94140625
vt 0.043548584 0.5097656
vt 0.07946777 0.5097656
vt 0.08630371 0.94140625
vt 0.043548584 0.5097656
vt 0.07946777 0.5097656
vt 0.08630371 0.94140625
vt 0.043548584 0.5097656
vt 0.07946777 0.5097656
vt 0.08630371 0.94140625
vt 0.043548584 0.5097656
vt 0.07946777 0.5097656
vt 0.08630371 0.94140625
vt 0.043548584 0.5097656
vt 0.07946777 0.5097656
vt 0.08630371 0.94140625
vt 0.043548584 0.5097656
vt 0.07946777 0.5097656
vt 0.08630371 0.94140625
vt 0.043548584 0.5097656
vt 0.07946777 0.5097656
vt 0.08630371 0.94140625
vt 0.043548584 0.5097656
vt 0.07946777 0.5097656
vt 0.08630371 0.94140625
vt 0.043548584 0.5097656
vt 0.07946777 0.5097656
vt 0.08630371 0.94140625
vt 0.043548584 0.5097656
vt 0.07946777 0.5097656
vt 0.08630371 0.94140625
vt 0.043548584 0.5097656
vt 0.07946777 0.5097656
vt 0.08630371 0.94140625
vt 0.043548584 0.5097656
vt 0.07946777 0.5097656
vt 0.08630371 0.94140625
vt 0.043548584 0.5097656
vt 0.07946777 0.5097656
vt 0.08630371 0.94140625
vt 0.043548584 0.5097656
vt 0.07946777 0.5097656
vt 0.08630371 0.94140625
vt 0.043548584 0.5097656
vt 0.07946777 0.5097656
vt 0.08630371 0.94140625
vt 0.043548584 0.5097656
vt 0.07946777 0.5097656
vt 0.0016212463 0.9428711
vt 0.00982666 0.6533203
vt 0.0016212463 0.6533203
vt 0.010345459 0.9428711
vt 0.01537323 0.6533203
vt 0.005710602 0.6533203
vt 0.019012451 0.9428711
vt 0.022155762 0.6533203
vt 0.012458801 0.6533203
vt 0.00070619583 0.04699707
vt 0.0045433044 0.6533203
vt 0.016036987 0.04699707
vt 0.0137786865 0.6533203
vt 0.011741638 0.9428711
vt 0.37182617 0.6533203
vt 0.37841797 0.9428711
vt 0.37182617 0.6533203
vt 0.011741638 0.9428711
vt 0.00982666 0.6533203
vt 0.0016212463 0.9428711
vt 0.4482422 0.6533203
vt 0.4482422 0.6533203
vt 0.0016212463 0.9428711
vt 0.4555664 0.9428711
vt 0.0016212463 0.9428711
vt 0.00982666 0.6533203
vt 0.0016212463 0.6533203
vt 0.010345459 0.9428711
vt 0.01537323 0.6533203
vt 0.005710602 0.6533203
vt 0.011741638 0.9428711
vt 0.0137786865 0.6533203
vt 0.0045433044 0.6533203
vt 0.019012451 0.9428711
vt 0.022155762 0.6533203
vt 0.012458801 0.6533203
vt 0.0016212463 0.04699707
vt 0.0016212463 0.6533203
vt 0.00982666 0.04699707
vt 0.00982666 0.6533203
vt 0.00982666 0.04699707
vt 0.0016212463 0.6533203
vt 0.005256653 0.04699707
vt 0.005710602 0.6533203
vt 0.020462036 0.04699707
vt 0.01537323 0.6533203
vt 0.020462036 0.04699707
vt 0.005710602 0.6533203
vt 0.00070619583 0.04699707
vt 0.0045433044 0.6533203
vt 0.016036987 0.04699707
vt 0.0137786865 0.6533203
vt 0.016036987 0.04699707
vt 0.0045433044 0.6533203
vt 0.010597229 0.04699707
vt 0.012458801 0.6533203
vt 0.025527954 0.04699707
vt 0.022155762 0.6533203
vt 0.025527954 0.04699707
vt 0.012458801 0.6533203
vt 0.01537323 0.6533203
vt 0.010345459 0.9428711
vt 0.3720703 0.6533203
vt 0.3720703 0.9428711
vt 0.3720703 0.6533203
vt 0.010345459 0.9428711
vt 0.08630371 0.94140625
vt 0.043548584 0.5097656
vt 0.07946777 0.5097656
vt 0.08630371 0.94140625
vt 0.043548584 0.5097656
vt 0.07946777 0.5097656
vt 0.08630371 0.94140625
vt 0.043548584 0.5097656
vt 0.07946777 0.5097656
vt 0.08630371 0.94140625
vt 0.043548584 0.5097656
vt 0.07946777 0.5097656
vt 0.08630371 0.94140625
vt 0.043548584 0.5097656
vt 0.07946777 0.5097656
vt 0.08630371 0.94140625
vt 0.043548584 0.5097656
vt 0.07946777 0.5097656
vt 0.08630371 0.94140625
vt 0.043548584 0.5097656
vt 0.07946777 0.5097656
vt 0.08630371 0.94140625
vt 0.043548584 0.5097656
vt 0.07946777 0.5097656
vt 0.08630371 0.94140625
vt 0.043548584 0.5097656
vt 0.07946777 0.5097656
vt 0.08630371 0.94140625
vt 0.043548584 0.5097656
vt 0.07946777 0.5097656
vt 0.08630371 0.94140625
vt 0.043548584 0.5097656
vt 0.07946777 0.5097656
vt 0.08630371 0.94140625
vt 0.043548584 0.5097656
vt 0.07946777 0.5097656
vt 0.08630371 0.94140625
vt 0.043548584 0.5097656
vt 0.07946777 0.5097656
vt 0.08630371 0.94140625
vt 0.043548584 0.5097656
vt 0.07946777 0.5097656
vt 0.08630371 0.94140625
vt 0.043548584 0.5097656
vt 0.07946777 0.5097656
vt 0.08630371 0.94140625
vt 0.043548584 0.5097656
vt 0.07946777 0.5097656
vt 0.08630371 0.94140625
vt 0.043548584 0.5097656
vt 0.07946777 0.5097656
vt 0.08630371 0.94140625
vt 0.043548584 0.5097656
vt 0.07946777 0.5097656
vt 0.08630371 0.94140625
vt 0.043548584 0.5097656
vt 0.07946777 0.5097656
vt 0.08630371 0.94140625
vt 0.043548584 0.5097656
vt 0.07946777 0.5097656
vt 0.0016212463 0.04699707
vt 0.0016212463 0.6533203
vt 0.00982666 0.04699707
vt 0.00982666 0.6533203
vt 0.005256653 0.04699707
vt 0.005710602 0.6533203
vt 0.020462036 0.04699707
vt 0.01537323 0.6533203
vt 0.00070619583 0.04699707
vt 0.0045433044 0.6533203
vt 0.016036987 0.04699707
vt 0.0137786865 0.6533203
vt 0.010597229 0.04699707
vt 0.012458801 0.6533203
vt 0.025527954 0.04699707
vt 0.022155762 0.6533203
vt 0.01537323 0.6533203
vt 0.010345459 0.9428711
vt 0.3720703 0.6533203
vt 0.3720703 0.9428711
vt 0.020462036 0.04699707
vt 0.01537323 0.6533203
vt 0.3720703 0.04699707
vt 0.3720703 0.6533203
vt 0.025527954 0.04699707
vt 0.022155762 0.6533203
vt 0.45825195 0.04699707
vt 0.45874023 0.6533203
vt 0.016036987 0.04699707
vt 0.0137786865 0.6533203
vt 0.36987305 0.04699707
vt 0.37182617 0.6533203
vt 0.00982666 0.04699707
vt 0.00982666 0.6533203
vt 0.44433594 0.04699707
vt 0.4482422 0.6533203
vt 0.0016212463 0.04699707
vt 0.0016212463 0.6533203
vt 0.00982666 0.04699707
vt 0.00982666 0.6533203
vt 0.005256653 0.04699707
vt 0.005710602 0.6533203
vt 0.020462036 0.04699707
vt 0.01537323 0.6533203
vt 0.00070619583 0.04699707
vt 0.0045433044 0.6533203
vt 0.016036987 0.04699707
vt 0.0137786865 0.6533203
vt 0.010597229 0.04699707
vt 0.012458801 0.6533203
vt 0.025527954 0.04699707
vt 0.022155762 0.6533203
vt 0.01537323 0.6533203
vt 0.010345459 0.9428711
vt 0.3720703 0.6533203
vt 0.3720703 0.9428711
vt 0.0137786865 0.6533203
vt 0.011741638 0.9428711
vt 0.37182617 0.6533203
vt 0.37841797 0.9428711
vt 0.020462036 0.04699707
vt 0.01537323 0.6533203
vt 0.3720703 0.04699707
vt 0.3720703 0.6533203
vt 0.025527954 0.04699707
vt 0.022155762 0.6533203
vt 0.45825195 0.04699707
vt 0.45874023 0.6533203
vt 0.016036987 0.04699707
vt 0.0137786865 0.6533203
vt 0.36987305 0.04699707
vt 0.37182617 0.6533203
vt 0.00982666 0.04699707
vt 0.00982666 0.6533203
vt 0.44433594 0.04699707
vt 0.4482422 0.6533203
vt 0.00070619583 0.04699707
vt 0.0045433044 0.6533203
vt 0.016036987 0.04699707
vt 0.0137786865 0.6533203
vt 0.010597229 0.04699707
vt 0.012458801 0.6533203
vt 0.025527954 0.04699707
vt 0.022155762 0.6533203
vt 0.0137786865 0.6533203
vt 0.011741638 0.9428711
vt 0.37182617 0.6533203
vt 0.37841797 0.9428711
vt 0.025527954 0.04699707
vt 0.022155762 0.6533203
vt 0.45825195 0.04699707
vt 0.45874023 0.6533203
vt 0.016036987 0.04699707
vt 0.0137786865 0.6533203
vt 0.36987305 0.04699707
vt 0.37182617 0.6533203
vt 0.0016212463 0.04699707
vt 0.0016212463 0.6533203
vt 0.00982666 0.04699707
vt 0.00982666 0.6533203
vt 0.005256653 0.04699707
vt 0.005710602 0.6533203
vt 0.020462036 0.04699707
vt 0.01537323 0.6533203
vt 0.00070619583 0.04699707
vt 0.0045433044 0.6533203
vt 0.016036987 0.04699707
vt 0.0137786865 0.6533203
vt 0.010597229 0.04699707
vt 0.012458801 0.6533203
vt 0.025527954 0.04699707
vt 0.022155762 0.6533203
vt 0.01537323 0.6533203
vt 0.010345459 0.9428711
vt 0.3720703 0.6533203
vt 0.3720703 0.9428711
vt 0.022155762 0.6533203
vt 0.019012451 0.9428711
vt 0.45874023 0.6533203
vt 0.4633789 0.9428711
vt 0.0137786865 0.6533203
vt 0.011741638 0.9428711
vt 0.37182617 0.6533203
vt 0.37841797 0.9428711
vt 0.00982666 0.6533203
vt 0.0016212463 0.9428711
vt 0.4482422 0.6533203
vt 0.4555664 0.9428711
vt 0.020462036 0.04699707
vt 0.01537323 0.6533203
vt 0.3720703 0.04699707
vt 0.3720703 0.6533203
vt 0.025527954 0.04699707
vt 0.022155762 0.6533203
vt 0.45825195 0.04699707
vt 0.45874023 0.6533203
vt 0.016036987 0.04699707
vt 0.0137786865 0.6533203
vt 0.36987305 0.04699707
vt 0.37182617 0.6533203
vt 0.00982666 0.04699707
vt 0.00982666 0.6533203
vt 0.44433594 0.04699707
vt 0.4482422 0.6533203
vt 0.0016212463 0.04699707
vt 0.0016212463 0.6533203
vt 0.00982666 0.04699707
vt 0.00982666 0.6533203
vt 0.005256653 0.04699707
vt 0.005710602 0.6533203
vt 0.020462036 0.04699707
vt 0.01537323 0.6533203
vt 0.00070619583 0.04699707
vt 0.0045433044 0.6533203
vt 0.016036987 0.04699707
vt 0.0137786865 0.6533203
vt 0.010597229 0.04699707
vt 0.012458801 0.6533203
vt 0.025527954 0.04699707
vt 0.022155762 0.6533203
vt 0.022155762 0.6533203
vt 0.019012451 0.9428711
vt 0.45874023 0.6533203
vt 0.4633789 0.9428711
vt 0.0137786865 0.6533203
vt 0.011741638 0.9428711
vt 0.37182617 0.6533203
vt 0.37841797 0.9428711
vt 0.025527954 0.04699707
vt 0.022155762 0.6533203
vt 0.45825195 0.04699707
vt 0.45874023 0.6533203
vt 0.016036987 0.04699707
vt 0.0137786865 0.6533203
vt 0.36987305 0.04699707
vt 0.37182617 0.6533203
vt 0.0016212463 0.04699707
vt 0.0016212463 0.6533203
vt 0.00982666 0.04699707
vt 0.00982666 0.6533203
vt 0.005256653 0.04699707
vt 0.005710602 0.6533203
vt 0.020462036 0.04699707
vt 0.01537323 0.6533203
vt 0.00070619583 0.04699707
vt 0.0045433044 0.6533203
vt 0.016036987 0.04699707
vt 0.0137786865 0.6533203
vt 0.010597229 0.04699707
vt 0.012458801 0.6533203
vt 0.025527954 0.04699707
vt 0.022155762 0.6533203
vt 0.01537323 0.6533203
vt 0.010345459 0.9428711
vt 0.3720703 0.6533203
vt 0.3720703 0.9428711
vt 0.022155762 0.6533203
vt 0.019012451 0.9428711
vt 0.45874023 0.6533203
vt 0.4633789 0.9428711
vt 0.0137786865 0.6533203
vt 0.011741638 0.9428711
vt 0.37182617 0.6533203
vt 0.37841797 0.9428711
vt 0.00982666 0.6533203
vt 0.0016212463 0.9428711
vt 0.4482422 0.6533203
vt 0.4555664 0.9428711
vt 0.020462036 0.04699707
vt 0.01537323 0.6533203
vt 0.3720703 0.04699707
vt 0.3720703 0.6533203
vt 0.025527954 0.04699707
vt 0.022155762 0.6533203
vt 0.45825195 0.04699707
vt 0.45874023 0.6533203
vt 0.016036987 0.04699707
vt 0.0137786865 0.6533203
vt 0.36987305 0.04699707
vt 0.37182617 0.6533203
vt 0.00982666 0.04699707
vt 0.00982666 0.6533203
vt 0.44433594 0.04699707
vt 0.4482422 0.6533203
vt 0.022155762 0.6533203
vt 0.019012451 0.9428711
vt 0.45874023 0.6533203
vt 0.4633789 0.9428711
vt 0.0137786865 0.6533203
vt 0.011741638 0.9428711
vt 0.37182617 0.6533203
vt 0.37841797 0.9428711
vt 0.020462036 0.04699707
vt 0.01537323 0.6533203
vt 0.3720703 0.04699707
vt 0.3720703 0.6533203
vt 0.016036987 0.04699707
vt 0.0137786865 0.6533203
vt 0.36987305 0.04699707
vt 0.37182617 0.6533203
vt 0.00982666 0.04699707
vt 0.00982666 0.6533203
vt 0.44433594 0.04699707
vt 0.4482422 0.6533203
vt 0.022155762 0.6533203
vt 0.019012451 0.9428711
vt 0.45874023 0.6533203
vt 0.4633789 0.9428711
vt 0.0137786865 0.6533203
vt 0.011741638 0.9428711
vt 0.37182617 0.6533203
vt 0.37841797 0.9428711
vt 0.020462036 0.04699707
vt 0.01537323 0.6533203
vt 0.3720703 0.04699707
vt 0.3720703 0.6533203
vt 0.016036987 0.04699707
vt 0.0137786865 0.6533203
vt 0.36987305 0.04699707
vt 0.37182617 0.6533203
vt 0.00982666 0.04699707
vt 0.00982666 0.6533203
vt 0.44433594 0.04699707
vt 0.4482422 0.6533203
vt 0.0016212463 0.04699707
vt 0.0016212463 0.6533203
vt 0.00982666 0.04699707
vt 0.00982666 0.6533203
vt 0.005256653 0.04699707
vt 0.005710602 0.6533203
vt 0.020462036 0.04699707
vt 0.01537323 0.6533203
vt 0.00070619583 0.04699707
vt 0.0045433044 0.6533203
vt 0.016036987 0.04699707
vt 0.0137786865 0.6533203
vt 0.010597229 0.04699707
vt 0.012458801 0.6533203
vt 0.025527954 0.04699707
vt 0.022155762 0.6533203
vt 0.022155762 0.6533203
vt 0.019012451 0.9428711
vt 0.45874023 0.6533203
vt 0.4633789 0.9428711
vt 0.0137786865 0.6533203
vt 0.011741638 0.9428711
vt 0.37182617 0.6533203
vt 0.37841797 0.9428711
vt 0.025527954 0.04699707
vt 0.022155762 0.6533203
vt 0.45825195 0.04699707
vt 0.45874023 0.6533203
vt 0.016036987 0.04699707
vt 0.0137786865 0.6533203
vt 0.36987305 0.04699707
vt 0.37182617 0.6533203
vt 0.022155762 0.6533203
vt 0.019012451 0.9428711
vt 0.45874023 0.6533203
vt 0.4633789 0.9428711
vt 0.0137786865 0.6533203
vt 0.011741638 0.9428711
vt 0.37182617 0.6533203
vt 0.37841797 0.9428711
vt 0.020462036 0.04699707
vt 0.01537323 0.6533203
vt 0.3720703 0.04699707
vt 0.3720703 0.6533203
vt 0.016036987 0.04699707
vt 0.0137786865 0.6533203
vt 0.36987305 0.04699707
vt 0.37182617 0.6533203
vt 0.00982666 0.04699707
vt 0.00982666 0.6533203
vt 0.44433594 0.04699707
vt 0.4482422 0.6533203
vt 0.0016212463 0.04699707
vt 0.0016212463 0.6533203
vt 0.00982666 0.04699707
vt 0.00982666 0.6533203
vt 0.005256653 0.04699707
vt 0.005710602 0.6533203
vt 0.020462036 0.04699707
vt 0.01537323 0.6533203
vt 0.00070619583 0.04699707
vt 0.0045433044 0.6533203
vt 0.016036987 0.04699707
vt 0.0137786865 0.6533203
vt 0.010597229 0.04699707
vt 0.012458801 0.6533203
vt 0.025527954 0.04699707
vt 0.022155762 0.6533203
vt 0.022155762 0.6533203
vt 0.019012451 0.9428711
vt 0.45874023 0.6533203
vt 0.4633789 0.9428711
vt 0.0137786865 0.6533203
vt 0.011741638 0.9428711
vt 0.37182617 0.6533203
vt 0.37841797 0.9428711
vt 0.025527954 0.04699707
vt 0.022155762 0.6533203
vt 0.45825195 0.04699707
vt 0.45874023 0.6533203
vt 0.016036987 0.04699707
vt 0.0137786865 0.6533203
vt 0.36987305 0.04699707
vt 0.37182617 0.6533203
vt 0.0016212463 0.04699707
vt 0.0016212463 0.6533203
vt 0.00982666 0.04699707
vt 0.00982666 0.6533203
vt 0.005256653 0.04699707
vt 0.005710602 0.6533203
vt 0.020462036 0.04699707
vt 0.01537323 0.6533203
vt 0.00070619583 0.04699707
vt 0.0045433044 0.6533203
vt 0.016036987 0.04699707
vt 0.0137786865 0.6533203
vt 0.010597229 0.04699707
vt 0.012458801 0.6533203
vt 0.025527954 0.04699707
vt 0.022155762 0.6533203
vt 0.022155762 0.6533203
vt 0.019012451 0.9428711
vt 0.45874023 0.6533203
vt 0.4633789 0.9428711
vt 0.0137786865 0.6533203
vt 0.011741638 0.9428711
vt 0.37182617 0.6533203
vt 0.37841797 0.9428711
vt 0.025527954 0.04699707
vt 0.022155762 0.6533203
vt 0.45825195 0.04699707
vt 0.45874023 0.6533203
vt 0.016036987 0.04699707
vt 0.0137786865 0.6533203
vt 0.36987305 0.04699707
vt 0.37182617 0.6533203
vt 0.022155762 0.6533203
vt 0.019012451 0.9428711
vt 0.45874023 0.6533203
vt 0.4633789 0.9428711
vt 0.0137786865 0.6533203
vt 0.011741638 0.9428711
vt 0.37182617 0.6533203
vt 0.37841797 0.9428711
vt 0.020462036 0.04699707
vt 0.01537323 0.6533203
vt 0.3720703 0.04699707
vt 0.3720703 0.6533203
vt 0.016036987 0.04699707
vt 0.0137786865 0.6533203
vt 0.36987305 0.04699707
vt 0.37182617 0.6533203
vt 0.00982666 0.04699707
vt 0.00982666 0.6533203
vt 0.44433594 0.04699707
vt 0.4482422 0.6533203
vt 0.02482605 0.009925842
vt 0.0826416 0.009925842
vt 0.043548584 0.5097656
vt 0.07946777 0.5097656
vt 0.02482605 0.009925842
vt 0.0826416 0.009925842
vt 0.043548584 0.5097656
vt 0.07946777 0.5097656
vt 0.02482605 0.009925842
vt 0.0826416 0.009925842
vt 0.043548584 0.5097656
vt 0.07946777 0.5097656
vt 0.02482605 0.009925842
vt 0.0826416 0.009925842
vt 0.043548584 0.5097656
vt 0.07946777 0.5097656
vt 0.07946777 0.5097656
vt 0.44506836 0.5097656
vt 0.08630371 0.94140625
vt 0.44506836 0.94140625
vt 0.07946777 0.5097656
vt 0.44506836 0.5097656
vt 0.08630371 0.94140625
vt 0.44506836 0.94140625
vt 0.07946777 0.5097656
vt 0.44506836 0.5097656
vt 0.08630371 0.94140625
vt 0.44506836 0.94140625
vt 0.07946777 0.5097656
vt 0.44506836 0.5097656
vt 0.08630371 0.94140625
vt 0.44506836 0.94140625
vt 0.0826416 0.009925842
vt 0.44506836 0.009925842
vt 0.07946777 0.5097656
vt 0.44506836 0.5097656
vt 0.0826416 0.009925842
vt 0.44506836 0.009925842
vt 0.07946777 0.5097656
vt 0.44506836 0.5097656
vt 0.0826416 0.009925842
vt 0.44506836 0.009925842
vt 0.07946777 0.5097656
vt 0.44506836 0.5097656
vt 0.0826416 0.009925842
vt 0.44506836 0.009925842
vt 0.07946777 0.5097656
vt 0.44506836 0.5097656
vt 0.02482605 0.009925842
vt 0.0826416 0.009925842
vt 0.043548584 0.5097656
vt 0.07946777 0.5097656
vt 0.02482605 0.009925842
vt 0.0826416 0.009925842
vt 0.043548584 0.5097656
vt 0.07946777 0.5097656
vt 0.02482605 0.009925842
vt 0.0826416 0.009925842
vt 0.043548584 0.5097656
vt 0.07946777 0.5097656
vt 0.02482605 0.009925842
vt 0.0826416 0.009925842
vt 0.043548584 0.5097656
vt 0.07946777 0.5097656
vt 0.07946777 0.5097656
vt 0.44506836 0.5097656
vt 0.08630371 0.94140625
vt 0.44506836 0.94140625
vt 0.07946777 0.5097656
vt 0.44506836 0.5097656
vt 0.08630371 0.94140625
vt 0.44506836 0.94140625
vt 0.07946777 0.5097656
vt 0.44506836 0.5097656
vt 0.08630371 0.94140625
vt 0.44506836 0.94140625
vt 0.07946777 0.5097656
vt 0.44506836 0.5097656
vt 0.08630371 0.94140625
vt 0.44506836 0.94140625
vt 0.0826416 0.009925842
vt 0.44506836 0.009925842
vt 0.07946777 0.5097656
vt 0.44506836 0.5097656
vt 0.0826416 0.009925842
vt 0.44506836 0.009925842
vt 0.07946777 0.5097656
vt 0.44506836 0.5097656
vt 0.0826416 0.009925842
vt 0.44506836 0.009925842
vt 0.07946777 0.5097656
vt 0.44506836 0.5097656
vt 0.0826416 0.009925842
vt 0.44506836 0.009925842
vt 0.07946777 0.5097656
vt 0.44506836 0.5097656
vt 0.02482605 0.009925842
vt 0.0826416 0.009925842
vt 0.043548584 0.5097656
vt 0.07946777 0.5097656
vt 0.02482605 0.009925842
vt 0.0826416 0.009925842
vt 0.043548584 0.5097656
vt 0.07946777 0.5097656
vt 0.02482605 0.009925842
vt 0.0826416 0.009925842
vt 0.043548584 0.5097656
vt 0.07946777 0.5097656
vt 0.02482605 0.009925842
vt 0.0826416 0.009925842
vt 0.043548584 0.5097656
vt 0.07946777 0.5097656
vt 0.07946777 0.5097656
vt 0.44506836 0.5097656
vt 0.08630371 0.94140625
vt 0.44506836 0.94140625
vt 0.07946777 0.5097656
vt 0.44506836 0.5097656
vt 0.08630371 0.94140625
vt 0.44506836 0.94140625
vt 0.07946777 0.5097656
vt 0.44506836 0.5097656
vt 0.08630371 0.94140625
vt 0.44506836 0.94140625
vt 0.07946777 0.5097656
vt 0.44506836 0.5097656
vt 0.08630371 0.94140625
vt 0.44506836 0.94140625
vt 0.0826416 0.009925842
vt 0.44506836 0.009925842
vt 0.07946777 0.5097656
vt 0.44506836 0.5097656
vt 0.0826416 0.009925842
vt 0.44506836 0.009925842
vt 0.07946777 0.5097656
vt 0.44506836 0.5097656
vt 0.0826416 0.009925842
vt 0.44506836 0.009925842
vt 0.07946777 0.5097656
vt 0.44506836 0.5097656
vt 0.0826416 0.009925842
vt 0.44506836 0.009925842
vt 0.07946777 0.5097656
vt 0.44506836 0.5097656
vt 0.022155762 0.6533203
vt 0.019012451 0.9428711
vt 0.45874023 0.6533203
vt 0.4633789 0.9428711
vt 0.0137786865 0.6533203
vt 0.011741638 0.9428711
vt 0.37182617 0.6533203
vt 0.37841797 0.9428711
vt 0.020462036 0.04699707
vt 0.01537323 0.6533203
vt 0.3720703 0.04699707
vt 0.3720703 0.6533203
vt 0.016036987 0.04699707
vt 0.0137786865 0.6533203
vt 0.36987305 0.04699707
vt 0.37182617 0.6533203
vt 0.00982666 0.04699707
vt 0.00982666 0.6533203
vt 0.44433594 0.04699707
vt 0.4482422 0.6533203
vt 0.011741638 0.9428711
vt 0.0137786865 0.6533203
vt 0.0045433044 0.6533203
vt 0.016036987 0.04699707
vt 0.0016212463 0.04699707
vt 0.0016212463 0.6533203
vt 0.00982666 0.04699707
vt 0.00982666 0.6533203
vt 0.005256653 0.04699707
vt 0.005710602 0.6533203
vt 0.020462036 0.04699707
vt 0.01537323 0.6533203
vt 0.010597229 0.04699707
vt 0.012458801 0.6533203
vt 0.025527954 0.04699707
vt 0.022155762 0.6533203
vt 0.01537323 0.6533203
vt 0.010345459 0.9428711
vt 0.3720703 0.6533203
vt 0.3720703 0.9428711
vt 0.022155762 0.6533203
vt 0.019012451 0.9428711
vt 0.45874023 0.6533203
vt 0.4633789 0.9428711
vt 0.020462036 0.04699707
vt 0.01537323 0.6533203
vt 0.3720703 0.04699707
vt 0.3720703 0.6533203
vt 0.025527954 0.04699707
vt 0.022155762 0.6533203
vt 0.45825195 0.04699707
vt 0.45874023 0.6533203
vt 0.016036987 0.04699707
vt 0.0137786865 0.6533203
vt 0.36987305 0.04699707
vt 0.37182617 0.6533203
vt 0.00982666 0.04699707
vt 0.00982666 0.6533203
vt 0.44433594 0.04699707
vt 0.4482422 0.6533203
vt 0.0016212463 0.04699707
vt 0.0016212463 0.6533203
vt 0.00982666 0.04699707
vt 0.00982666 0.6533203
vt 0.005256653 0.04699707
vt 0.005710602 0.6533203
vt 0.020462036 0.04699707
vt 0.01537323 0.6533203
vt 0.00070619583 0.04699707
vt 0.0045433044 0.6533203
vt 0.016036987 0.04699707
vt 0.0137786865 0.6533203
vt 0.010597229 0.04699707
vt 0.012458801 0.6533203
vt 0.025527954 0.04699707
vt 0.022155762 0.6533203
vt 0.01537323 0.6533203
vt 0.010345459 0.9428711
vt 0.3720703 0.6533203
vt 0.3720703 0.9428711
vt 0.022155762 0.6533203
vt 0.019012451 0.9428711
vt 0.45874023 0.6533203
vt 0.4633789 0.9428711
vt 0.00982666 0.6533203
vt 0.0016212463 0.9428711
vt 0.4555664 0.9428711
vt 0.4482422 0.6533203
vt 0.020462036 0.04699707
vt 0.01537323 0.6533203
vt 0.3720703 0.04699707
vt 0.3720703 0.6533203
vt 0.025527954 0.04699707
vt 0.022155762 0.6533203
vt 0.45825195 0.04699707
vt 0.45874023 0.6533203
vt 0.016036987 0.04699707
vt 0.0137786865 0.6533203
vt 0.36987305 0.04699707
vt 0.37182617 0.6533203
vt 0.00982666 0.04699707
vt 0.00982666 0.6533203
vt 0.44433594 0.04699707
vt 0.4482422 0.6533203
vt 0.0016212463 0.04699707
vt 0.0016212463 0.6533203
vt 0.00982666 0.04699707
vt 0.00982666 0.6533203
vt 0.005256653 0.04699707
vt 0.005710602 0.6533203
vt 0.020462036 0.04699707
vt 0.01537323 0.6533203
vt 0.00070619583 0.04699707
vt 0.0045433044 0.6533203
vt 0.016036987 0.04699707
vt 0.0137786865 0.6533203
vt 0.010597229 0.04699707
vt 0.012458801 0.6533203
vt 0.025527954 0.04699707
vt 0.022155762 0.6533203
vt 0.01537323 0.6533203
vt 0.010345459 0.9428711
vt 0.3720703 0.6533203
vt 0.3720703 0.9428711
vt 0.0137786865 0.6533203
vt 0.011741638 0.9428711
vt 0.37182617 0.6533203
vt 0.37841797 0.9428711
vt 0.020462036 0.04699707
vt 0.01537323 0.6533203
vt 0.3720703 0.04699707
vt 0.3720703 0.6533203
vt 0.025527954 0.04699707
vt 0.022155762 0.6533203
vt 0.45825195 0.04699707
vt 0.45874023 0.6533203
vt 0.016036987 0.04699707
vt 0.0137786865 0.6533203
vt 0.36987305 0.04699707
vt 0.37182617 0.6533203
vt 0.00982666 0.04699707
vt 0.00982666 0.6533203
vt 0.44433594 0.04699707
vt 0.4482422 0.6533203
vt 0.07946777 0.5097656
vt 0.44506836 0.5097656
vt 0.08630371 0.94140625
vt 0.44506836 0.94140625
vt 0.07946777 0.5097656
vt 0.44506836 0.5097656
vt 0.08630371 0.94140625
vt 0.44506836 0.94140625
vt 0.07946777 0.5097656
vt 0.44506836 0.5097656
vt 0.08630371 0.94140625
vt 0.44506836 0.94140625
vt 0.07946777 0.5097656
vt 0.44506836 0.5097656
vt 0.08630371 0.94140625
vt 0.44506836 0.94140625
vt 0.02482605 0.009925842
vt 0.0826416 0.009925842
vt 0.043548584 0.5097656
vt 0.07946777 0.5097656
vt 0.02482605 0.009925842
vt 0.0826416 0.009925842
vt 0.043548584 0.5097656
vt 0.07946777 0.5097656
vt 0.02482605 0.009925842
vt 0.0826416 0.009925842
vt 0.043548584 0.5097656
vt 0.07946777 0.5097656
vt 0.02482605 0.009925842
vt 0.0826416 0.009925842
vt 0.043548584 0.5097656
vt 0.07946777 0.5097656
vt 0.0826416 0.009925842
vt 0.44506836 0.009925842
vt 0.07946777 0.5097656
vt 0.44506836 0.5097656
vt 0.0826416 0.009925842
vt 0.44506836 0.009925842
vt 0.07946777 0.5097656
vt 0.44506836 0.5097656
vt 0.0826416 0.009925842
vt 0.44506836 0.009925842
vt 0.07946777 0.5097656
vt 0.44506836 0.5097656
vt 0.0826416 0.009925842
vt 0.44506836 0.009925842
vt 0.07946777 0.5097656
vt 0.44506836 0.5097656
vt 0.07946777 0.5097656
vt 0.44506836 0.5097656
vt 0.08630371 0.94140625
vt 0.44506836 0.94140625
vt 0.07946777 0.5097656
vt 0.44506836 0.5097656
vt 0.08630371 0.94140625
vt 0.44506836 0.94140625
vt 0.07946777 0.5097656
vt 0.44506836 0.5097656
vt 0.08630371 0.94140625
vt 0.44506836 0.94140625
vt 0.07946777 0.5097656
vt 0.44506836 0.5097656
vt 0.08630371 0.94140625
vt 0.44506836 0.94140625
vt 0.02482605 0.009925842
vt 0.0826416 0.009925842
vt 0.043548584 0.5097656
vt 0.07946777 0.5097656
vt 0.02482605 0.009925842
vt 0.0826416 0.009925842
vt 0.043548584 0.5097656
vt 0.07946777 0.5097656
vt 0.02482605 0.009925842
vt 0.0826416 0.009925842
vt 0.043548584 0.5097656
vt 0.07946777 0.5097656
vt 0.02482605 0.009925842
vt 0.0826416 0.009925842
vt 0.043548584 0.5097656
vt 0.07946777 0.5097656
vt 0.0826416 0.009925842
vt 0.44506836 0.009925842
vt 0.07946777 0.5097656
vt 0.44506836 0.5097656
vt 0.0826416 0.009925842
vt 0.44506836 0.009925842
vt 0.07946777 0.5097656
vt 0.44506836 0.5097656
vt 0.0826416 0.009925842
vt 0.44506836 0.009925842
vt 0.07946777 0.5097656
vt 0.44506836 0.5097656
vt 0.0826416 0.009925842
vt 0.44506836 0.009925842
vt 0.07946777 0.5097656
vt 0.44506836 0.5097656
vt 0.07946777 0.5097656
vt 0.44506836 0.5097656
vt 0.08630371 0.94140625
vt 0.44506836 0.94140625
vt 0.07946777 0.5097656
vt 0.44506836 0.5097656
vt 0.08630371 0.94140625
vt 0.44506836 0.94140625
vt 0.07946777 0.5097656
vt 0.44506836 0.5097656
vt 0.08630371 0.94140625
vt 0.44506836 0.94140625
vt 0.07946777 0.5097656
vt 0.44506836 0.5097656
vt 0.08630371 0.94140625
vt 0.44506836 0.94140625
vt 0.02482605 0.009925842
vt 0.0826416 0.009925842
vt 0.043548584 0.5097656
vt 0.07946777 0.5097656
vt 0.02482605 0.009925842
vt 0.0826416 0.009925842
vt 0.043548584 0.5097656
vt 0.07946777 0.5097656
vt 0.02482605 0.009925842
vt 0.0826416 0.009925842
vt 0.043548584 0.5097656
vt 0.07946777 0.5097656
vt 0.02482605 0.009925842
vt 0.0826416 0.009925842
vt 0.043548584 0.5097656
vt 0.07946777 0.5097656
vt 0.0826416 0.009925842
vt 0.44506836 0.009925842
vt 0.07946777 0.5097656
vt 0.44506836 0.5097656
vt 0.0826416 0.009925842
vt 0.44506836 0.009925842
vt 0.07946777 0.5097656
vt 0.44506836 0.5097656
vt 0.0826416 0.009925842
vt 0.44506836 0.009925842
vt 0.07946777 0.5097656
vt 0.44506836 0.5097656
vt 0.0826416 0.009925842
vt 0.44506836 0.009925842
vt 0.07946777 0.5097656
vt 0.44506836 0.5097656
vt 0.07946777 0.5097656
vt 0.44506836 0.5097656
vt 0.08630371 0.94140625
vt 0.44506836 0.94140625
vt 0.07946777 0.5097656
vt 0.44506836 0.5097656
vt 0.08630371 0.94140625
vt 0.44506836 0.94140625
vt 0.07946777 0.5097656
vt 0.44506836 0.5097656
vt 0.08630371 0.94140625
vt 0.44506836 0.94140625
vt 0.07946777 0.5097656
vt 0.44506836 0.5097656
vt 0.08630371 0.94140625
vt 0.44506836 0.94140625
vt 0.02482605 0.009925842
vt 0.0826416 0.009925842
vt 0.043548584 0.5097656
vt 0.07946777 0.5097656
vt 0.02482605 0.009925842
vt 0.0826416 0.009925842
vt 0.043548584 0.5097656
vt 0.07946777 0.5097656
vt 0.02482605 0.009925842
vt 0.0826416 0.009925842
vt 0.043548584 0.5097656
vt 0.07946777 0.5097656
vt 0.02482605 0.009925842
vt 0.0826416 0.009925842
vt 0.043548584 0.5097656
vt 0.07946777 0.5097656
vt 0.0826416 0.009925842
vt 0.44506836 0.009925842
vt 0.07946777 0.5097656
vt 0.44506836 0.5097656
vt 0.0826416 0.009925842
vt 0.44506836 0.009925842
vt 0.07946777 0.5097656
vt 0.44506836 0.5097656
vt 0.0826416 0.009925842
vt 0.44506836 0.009925842
vt 0.07946777 0.5097656
vt 0.44506836 0.5097656
vt 0.0826416 0.009925842
vt 0.44506836 0.009925842
vt 0.07946777 0.5097656
vt 0.44506836 0.5097656
vt 0.07946777 0.5097656
vt 0.44506836 0.5097656
vt 0.08630371 0.94140625
vt 0.44506836 0.94140625
vt 0.07946777 0.5097656
vt 0.44506836 0.5097656
vt 0.08630371 0.94140625
vt 0.44506836 0.94140625
vt 0.07946777 0.5097656
vt 0.44506836 0.5097656
vt 0.08630371 0.94140625
vt 0.44506836 0.94140625
vt 0.07946777 0.5097656
vt 0.44506836 0.5097656
vt 0.08630371 0.94140625
vt 0.44506836 0.94140625
vt 0.02482605 0.009925842
vt 0.0826416 0.009925842
vt 0.043548584 0.5097656
vt 0.07946777 0.5097656
vt 0.02482605 0.009925842
vt 0.0826416 0.009925842
vt 0.043548584 0.5097656
vt 0.07946777 0.5097656
vt 0.02482605 0.009925842
vt 0.0826416 0.009925842
vt 0.043548584 0.5097656
vt 0.07946777 0.5097656
vt 0.02482605 0.009925842
vt 0.0826416 0.009925842
vt 0.043548584 0.5097656
vt 0.07946777 0.5097656
vt 0.0826416 0.009925842
vt 0.44506836 0.009925842
vt 0.07946777 0.5097656
vt 0.44506836 0.5097656
vt 0.0826416 0.009925842
vt 0.44506836 0.009925842
vt 0.07946777 0.5097656
vt 0.44506836 0.5097656
vt 0.0826416 0.009925842
vt 0.44506836 0.009925842
vt 0.07946777 0.5097656
vt 0.44506836 0.5097656
vt 0.0826416 0.009925842
vt 0.44506836 0.009925842
vt 0.07946777 0.5097656
vt 0.44506836 0.5097656
vt 0.07946777 0.5097656
vt 0.44506836 0.5097656
vt 0.08630371 0.94140625
vt 0.44506836 0.94140625
vt 0.07946777 0.5097656
vt 0.44506836 0.5097656
vt 0.08630371 0.94140625
vt 0.44506836 0.94140625
vt 0.07946777 0.5097656
vt 0.44506836 0.5097656
vt 0.08630371 0.94140625
vt 0.44506836 0.94140625
vt 0.07946777 0.5097656
vt 0.44506836 0.5097656
vt 0.08630371 0.94140625
vt 0.44506836 0.94140625
vt 0.02482605 0.009925842
vt 0.0826416 0.009925842
vt 0.043548584 0.5097656
vt 0.07946777 0.5097656
vt 0.02482605 0.009925842
vt 0.0826416 0.009925842
vt 0.043548584 0.5097656
vt 0.07946777 0.5097656
vt 0.02482605 0.009925842
vt 0.0826416 0.009925842
vt 0.043548584 0.5097656
vt 0.07946777 0.5097656
vt 0.02482605 0.009925842
vt 0.0826416 0.009925842
vt 0.043548584 0.5097656
vt 0.07946777 0.5097656
vt 0.0826416 0.009925842
vt 0.44506836 0.009925842
vt 0.07946777 0.5097656
vt 0.44506836 0.5097656
vt 0.0826416 0.009925842
vt 0.44506836 0.009925842
vt 0.07946777 0.5097656
vt 0.44506836 0.5097656
vt 0.0826416 0.009925842
vt 0.44506836 0.009925842
vt 0.07946777 0.5097656
vt 0.44506836 0.5097656
vt 0.0826416 0.009925842
vt 0.44506836 0.009925842
vt 0.07946777 0.5097656
vt 0.44506836 0.5097656
vt 0.011741638 0.9428711
vt 0.0137786865 0.6533203
vt 0.0045433044 0.6533203
vt 0.016036987 0.04699707
vt 0.0016212463 0.04699707
vt 0.0016212463 0.6533203
vt 0.00982666 0.04699707
vt 0.00982666 0.6533203
vt 0.005256653 0.04699707
vt 0.005710602 0.6533203
vt 0.020462036 0.04699707
vt 0.01537323 0.6533203
vt 0.010597229 0.04699707
vt 0.012458801 0.6533203
vt 0.025527954 0.04699707
vt 0.022155762 0.6533203
vt 0.01537323 0.6533203
vt 0.010345459 0.9428711
vt 0.3720703 0.6533203
vt 0.3720703 0.9428711
vt 0.022155762 0.6533203
vt 0.019012451 0.9428711
vt 0.45874023 0.6533203
vt 0.4633789 0.9428711
vt 0.020462036 0.04699707
vt 0.01537323 0.6533203
vt 0.3720703 0.04699707
vt 0.3720703 0.6533203
vt 0.025527954 0.04699707
vt 0.022155762 0.6533203
vt 0.45825195 0.04699707
vt 0.45874023 0.6533203
vt 0.016036987 0.04699707
vt 0.0137786865 0.6533203
vt 0.36987305 0.04699707
vt 0.37182617 0.6533203
vt 0.00982666 0.04699707
vt 0.00982666 0.6533203
vt 0.44433594 0.04699707
vt 0.4482422 0.6533203
vt 0.022155762 0.6533203
vt 0.019012451 0.9428711
vt 0.45874023 0.6533203
vt 0.4633789 0.9428711
vt 0.0137786865 0.6533203
vt 0.011741638 0.9428711
vt 0.37182617 0.6533203
vt 0.37841797 0.9428711
vt 0.00982666 0.6533203
vt 0.0016212463 0.9428711
vt 0.4482422 0.6533203
vt 0.4555664 0.9428711
vt 0.020462036 0.04699707
vt 0.01537323 0.6533203
vt 0.3720703 0.04699707
vt 0.3720703 0.6533203
vt 0.025527954 0.04699707
vt 0.022155762 0.6533203
vt 0.45825195 0.04699707
vt 0.45874023 0.6533203
vt 0.016036987 0.04699707
vt 0.0137786865 0.6533203
vt 0.36987305 0.04699707
vt 0.37182617 0.6533203
vt 0.00982666 0.04699707
vt 0.00982666 0.6533203
vt 0.44433594 0.04699707
vt 0.4482422 0.6533203
vt 0.07946777 0.5097656
vt 0.44506836 0.5097656
vt 0.08630371 0.94140625
vt 0.44506836 0.94140625
vt 0.07946777 0.5097656
vt 0.44506836 0.5097656
vt 0.08630371 0.94140625
vt 0.44506836 0.94140625
vt 0.07946777 0.5097656
vt 0.44506836 0.5097656
vt 0.08630371 0.94140625
vt 0.44506836 0.94140625
vt 0.07946777 0.5097656
vt 0.44506836 0.5097656
vt 0.08630371 0.94140625
vt 0.44506836 0.94140625
vt 0.02482605 0.009925842
vt 0.0826416 0.009925842
vt 0.043548584 0.5097656
vt 0.07946777 0.5097656
vt 0.02482605 0.009925842
vt 0.0826416 0.009925842
vt 0.043548584 0.5097656
vt 0.07946777 0.5097656
vt 0.02482605 0.009925842
vt 0.0826416 0.009925842
vt 0.043548584 0.5097656
vt 0.07946777 0.5097656
vt 0.02482605 0.009925842
vt 0.0826416 0.009925842
vt 0.043548584 0.5097656
vt 0.07946777 0.5097656
vt 0.0826416 0.009925842
vt 0.44506836 0.009925842
vt 0.07946777 0.5097656
vt 0.44506836 0.5097656
vt 0.0826416 0.009925842
vt 0.44506836 0.009925842
vt 0.07946777 0.5097656
vt 0.44506836 0.5097656
vt 0.0826416 0.009925842
vt 0.44506836 0.009925842
vt 0.07946777 0.5097656
vt 0.44506836 0.5097656
vt 0.0826416 0.009925842
vt 0.44506836 0.009925842
vt 0.07946777 0.5097656
vt 0.44506836 0.5097656
vt 0.07946777 0.5097656
vt 0.44506836 0.5097656
vt 0.08630371 0.94140625
vt 0.44506836 0.94140625
vt 0.07946777 0.5097656
vt 0.44506836 0.5097656
vt 0.08630371 0.94140625
vt 0.44506836 0.94140625
vt 0.07946777 0.5097656
vt 0.44506836 0.5097656
vt 0.08630371 0.94140625
vt 0.44506836 0.94140625
vt 0.07946777 0.5097656
vt 0.44506836 0.5097656
vt 0.08630371 0.94140625
vt 0.44506836 0.94140625
vt 0.02482605 0.009925842
vt 0.0826416 0.009925842
vt 0.043548584 0.5097656
vt 0.07946777 0.5097656
vt 0.02482605 0.009925842
vt 0.0826416 0.009925842
vt 0.043548584 0.5097656
vt 0.07946777 0.5097656
vt 0.02482605 0.009925842
vt 0.0826416 0.009925842
vt 0.043548584 0.5097656
vt 0.07946777 0.5097656
vt 0.02482605 0.009925842
vt 0.0826416 0.009925842
vt 0.043548584 0.5097656
vt 0.07946777 0.5097656
vt 0.0826416 0.009925842
vt 0.44506836 0.009925842
vt 0.07946777 0.5097656
vt 0.44506836 0.5097656
vt 0.0826416 0.009925842
vt 0.44506836 0.009925842
vt 0.07946777 0.5097656
vt 0.44506836 0.5097656
vt 0.0826416 0.009925842
vt 0.44506836 0.009925842
vt 0.07946777 0.5097656
vt 0.44506836 0.5097656
vt 0.0826416 0.009925842
vt 0.44506836 0.009925842
vt 0.07946777 0.5097656
vt 0.44506836 0.5097656
vt 0.07946777 0.5097656
vt 0.44506836 0.5097656
vt 0.08630371 0.94140625
vt 0.44506836 0.94140625
vt 0.07946777 0.5097656
vt 0.44506836 0.5097656
vt 0.08630371 0.94140625
vt 0.44506836 0.94140625
vt 0.07946777 0.5097656
vt 0.44506836 0.5097656
vt 0.08630371 0.94140625
vt 0.44506836 0.94140625
vt 0.07946777 0.5097656
vt 0.44506836 0.5097656
vt 0.08630371 0.94140625
vt 0.44506836 0.94140625
vt 0.02482605 0.009925842
vt 0.0826416 0.009925842
vt 0.043548584 0.5097656
vt 0.07946777 0.5097656
vt 0.02482605 0.009925842
vt 0.0826416 0.009925842
vt 0.043548584 0.5097656
vt 0.07946777 0.5097656
vt 0.02482605 0.009925842
vt 0.0826416 0.009925842
vt 0.043548584 0.5097656
vt 0.07946777 0.5097656
vt 0.02482605 0.009925842
vt 0.0826416 0.009925842
vt 0.043548584 0.5097656
vt 0.07946777 0.5097656
vt 0.0826416 0.009925842
vt 0.44506836 0.009925842
vt 0.07946777 0.5097656
vt 0.44506836 0.5097656
vt 0.0826416 0.009925842
vt 0.44506836 0.009925842
vt 0.07946777 0.5097656
vt 0.44506836 0.5097656
vt 0.0826416 0.009925842
vt 0.44506836 0.009925842
vt 0.07946777 0.5097656
vt 0.44506836 0.5097656
vt 0.0826416 0.009925842
vt 0.44506836 0.009925842
vt 0.07946777 0.5097656
vt 0.44506836 0.5097656
vt 0.07946777 0.5097656
vt 0.44506836 0.5097656
vt 0.08630371 0.94140625
vt 0.44506836 0.94140625
vt 0.07946777 0.5097656
vt 0.44506836 0.5097656
vt 0.08630371 0.94140625
vt 0.44506836 0.94140625
vt 0.07946777 0.5097656
vt 0.44506836 0.5097656
vt 0.08630371 0.94140625
vt 0.44506836 0.94140625
vt 0.07946777 0.5097656
vt 0.44506836 0.5097656
vt 0.08630371 0.94140625
vt 0.44506836 0.94140625
vt 0.02482605 0.009925842
vt 0.0826416 0.009925842
vt 0.043548584 0.5097656
vt 0.07946777 0.5097656
vt 0.02482605 0.009925842
vt 0.0826416 0.009925842
vt 0.043548584 0.5097656
vt 0.07946777 0.5097656
vt 0.02482605 0.009925842
vt 0.0826416 0.009925842
vt 0.043548584 0.5097656
vt 0.07946777 0.5097656
vt 0.02482605 0.009925842
vt 0.0826416 0.009925842
vt 0.043548584 0.5097656
vt 0.07946777 0.5097656
vt 0.0826416 0.009925842
vt 0.44506836 0.009925842
vt 0.07946777 0.5097656
vt 0.44506836 0.5097656
vt 0.0826416 0.009925842
vt 0.44506836 0.009925842
vt 0.07946777 0.5097656
vt 0.44506836 0.5097656
vt 0.0826416 0.009925842
vt 0.44506836 0.009925842
vt 0.07946777 0.5097656
vt 0.44506836 0.5097656
vt 0.0826416 0.009925842
vt 0.44506836 0.009925842
vt 0.07946777 0.5097656
vt 0.44506836 0.5097656
vt 0.02482605 0.009925842
vt 0.0826416 0.009925842
vt 0.043548584 0.5097656
vt 0.07946777 0.5097656
vt 0.02482605 0.009925842
vt 0.0826416 0.009925842
vt 0.043548584 0.5097656
vt 0.07946777 0.5097656
vt 0.02482605 0.009925842
vt 0.0826416 0.009925842
vt 0.043548584 0.5097656
vt 0.07946777 0.5097656
vt 0.02482605 0.009925842
vt 0.0826416 0.009925842
vt 0.043548584 0.5097656
vt 0.07946777 0.5097656
vt 0.07946777 0.5097656
vt 0.44506836 0.5097656
vt 0.08630371 0.94140625
vt 0.44506836 0.94140625
vt 0.07946777 0.5097656
vt 0.44506836 0.5097656
vt 0.08630371 0.94140625
vt 0.44506836 0.94140625
vt 0.07946777 0.5097656
vt 0.44506836 0.5097656
vt 0.08630371 0.94140625
vt 0.44506836 0.94140625
vt 0.07946777 0.5097656
vt 0.44506836 0.5097656
vt 0.08630371 0.94140625
vt 0.44506836 0.94140625
vt 0.0826416 0.009925842
vt 0.44506836 0.009925842
vt 0.07946777 0.5097656
vt 0.44506836 0.5097656
vt 0.0826416 0.009925842
vt 0.44506836 0.009925842
vt 0.07946777 0.5097656
vt 0.44506836 0.5097656
vt 0.0826416 0.009925842
vt 0.44506836 0.009925842
vt 0.07946777 0.5097656
vt 0.44506836 0.5097656
vt 0.0826416 0.009925842
vt 0.44506836 0.009925842
vt 0.07946777 0.5097656
vt 0.44506836 0.5097656
vt 4.8789062 11.046875
vt 4.5976562 11.0390625
vt 4.859375 11.34375
vt 4.5820312 11.3359375
vt 4.8125 11.3125
vt 4.1367188 11.328125
vt 4.8203125 11.890625
vt 4.1484375 11.8984375
vt 4.859375 9.8046875
vt 4.1445312 9.828125
vt 4.84375 10.8203125
vt 4.125 10.8359375
vt 4.71875 10.671875
vt 4.4453125 10.65625
vt 4.7070312 11.109375
vt 4.4335938 11.1015625
vt 4.5742188 10.0390625
vt 3.6953125 10.0390625
vt 4.578125 11.0234375
vt 3.7011719 11.0234375
vt 3.4570312 10.390625
vt 2.6464844 10.40625
vt 3.4824219 11.125
vt 2.5996094 11.140625
vt 4.6523438 10.9765625
vt 4.4921875 10.9765625
vt 4.6523438 11.1640625
vt 4.4921875 11.1640625
vt 5.7382812 9.859375
vt 4.9492188 9.7734375
vt 5.7070312 10.1015625
vt 4.921875 10.015625
vt 5.1796875 11.3984375
vt 4.3046875 11.375
vt 5.1679688 11.8984375
vt 4.2890625 11.875
vt 3.6347656 11.484375
vt 2.2871094 11.515625
vt 3.6464844 12.34375
vt 2.2988281 12.375
vt 4.890625 9.3046875
vt 4.0429688 9.3125
vt 4.890625 10.28125
vt 4.0429688 10.296875
vt 4.3671875 11.234375
vt 3.8378906 11.2421875
vt 4.3632812 11.9296875
vt 3.8359375 11.9375
vt 4.2851562 10.765625
vt 3.0898438 10.7890625
vt 4.3125 11.5625
vt 3.1171875 11.578125
vt 5.0273438 11.6171875
vt 5.0273438 11.1484375
vt 4.4570312 11.609375
vt 4.4648438 11.1484375
vt 4.6367188 11.21875
vt 4.609375 10.671875
vt 3.6855469 11.2578125
vt 3.6738281 10.703125
vt 5.46875 11.5625
vt 5.4765625 10.9375
vt 4.875 11.5546875
vt 4.8710938 10.9296875
vt 3.8613281 9.15625
vt 3.5664062 9.15625
vt 3.8613281 9.640625
vt 3.5664062 9.6484375
vt 3.2597656 9.6875
vt 2.9121094 9.6953125
vt 3.2617188 10.2109375
vt 2.8984375 10.2265625
vt 3.34375 11.1328125
vt 2.6386719 11.15625
vt 3.3769531 11.8515625
vt 2.6738281 11.8671875
vt 4.8125 11.2578125
vt 4.1367188 11.2734375
vt 4.8203125 11.9453125
vt 4.1484375 11.953125
vt 2.9414062 3.2324219
vt 2.9355469 2.8808594
vt 2.15625 3.2363281
vt 2.1503906 2.8847656
vt 4.71875 3.2148438
vt 4.7070312 2.953125
vt 4.328125 3.2304688
vt 4.3164062 2.96875
vt 4.890625 4.7851562
vt 4.875 4.390625
vt 4.3710938 4.8085938
vt 4.3515625 4.4101562
vt 4.7265625 5.8203125
vt 4.7070312 5.4726562
vt 4.328125 5.8398438
vt 4.3085938 5.4921875
vt 2.9238281 4.828125
vt 2.9199219 4.0585938
vt 2.1699219 4.8320312
vt 2.1679688 4.0585938
vt 3.0898438 3.8105469
vt 3.0859375 3.3808594
vt 2.0058594 3.8105469
vt 2 3.3808594
vt 3.3203125 9.6875
vt 2.8515625 9.6953125
vt 3.3222656 10.2109375
vt 2.8378906 10.2265625
vt 4.1992188 3.90625
vt 3.8378906 3.9003906
vt 4.1914062 4.3554688
vt 3.8339844 4.3515625
vt 4.6835938 4.0585938
vt 4.6640625 3.7753906
vt 4.3710938 4.0703125
vt 4.3515625 3.7890625
vt 4.6289062 3.1933594
vt 4.6132812 2.9746094
vt 4.421875 3.2089844
vt 4.40625 2.9902344
vt 4.7226562 5.4453125
vt 4.703125 5.0195312
vt 4.3320312 5.4609375
vt 4.3125 5.0351562
vt 4.6054688 6.4101562
vt 4.5976562 6.0429688
vt 4.4375 6.4140625
vt 4.4296875 6.0429688
vt 4.9609375 11.78125
vt 4.9648438 10.9765625
vt 4.5195312 11.7890625
vt 4.5351562 10.984375
vn -0.7133789 0.0078086853 0.7006836
vn -0.7133789 0.0078086853 0.7006836
vn -0.7133789 0.0078086853 0.7006836
vn -0.7133789 0.0078125 0.7006836
vn -0.7133789 0.0078125 0.7006836
vn -0.7133789 0.0078125 0.7006836
vn 0.7006836 0.0078125 0.7133789
vn 0.7006836 0.0078125 0.7133789
vn 0.7006836 0.0078125 0.7133789
vn 0.7006836 0.0078125 0.7133789
vn 0.7006836 0.0078125 0.7133789
vn 0.7006836 0.0078125 0.7133789
vn 0.30566406 -0.89990234 0.31103516
vn 0.30566406 -0.89990234 0.31103516
vn 0.30566406 -0.89990234 0.31103516
vn -0.33569336 -0.8823242 0.32983398
vn -0.33569336 -0.8823242 0.32983398
vn -0.33569336 -0.8823242 0.32983398
vn 0.50146484 -0.7109375 -0.49291992
vn 0.50146484 -0.7109375 -0.49291992
vn 0.50146484 -0.7109375 -0.49291992
vn -0.44140625 -0.77685547 -0.44921875
vn -0.44140625 -0.77685547 -0.44921875
vn -0.44140625 -0.77685547 -0.44921875
vn 0.5727539 -0.81933594 0.02557373
vn 0.5727539 -0.81933594 0.02557373
vn 0.5727539 -0.81933594 0.02557373
vn 0.4519043 -0.89208984 0.0067863464
vn 0.4519043 -0.89208984 0.0067863464
vn 0.4519043 -0.89208984 0.0067863464
vn 0.6542969 0.007896423 0.75634766
vn 0.6542969 0.007896423 0.75634766
vn 0.6542969 0.007896423 0.75634766
vn 0.6538086 0.007896423 0.75634766
vn 0.6538086 0.007896423 0.75634766
vn 0.6538086 0.007896423 0.75634766
vn 0.44995117 -0.71972656 0.5288086
vn 0.44995117 -0.71972656 0.5288086
vn 0.44995117 -0.71972656 0.5288086
vn -0.51953125 -0.7211914 0.45825195
vn -0.51953125 -0.7211914 0.45825195
vn -0.51953125 -0.7211914 0.45825195
vn 0.5180664 -0.734375 -0.43896484
vn 0.5180664 -0.734375 -0.43896484
vn 0.5180664 -0.734375 -0.43896484
vn -0.44750977 -0.73535156 -0.50878906
vn -0.44750977 -0.73535156 -0.50878906
vn -0.44750977 -0.73535156 -0.50878906
vn 0.96191406 0.010879517 0.27270508
vn 0.96191406 0.010879517 0.27270508
vn 0.96191406 0.010879517 0.27270508
vn 0.96191406 0.010879517 0.27270508
vn 0.96191406 0.010879517 0.27270508
vn 0.96191406 0.010879517 0.27270508
vn 0.4567871 -0.014533997 -0.88964844
vn 0.4567871 -0.014533997 -0.88964844
vn 0.4567871 -0.014533997 -0.88964844
vn 0.49975586 -0.017807007 -0.86621094
vn 0.49975586 -0.017807007 -0.86621094
vn 0.49975586 -0.017807007 -0.86621094
vn 0.76904297 -0.5966797 0.2286377
vn 0.76904297 -0.5966797 0.2286377
vn 0.76904297 -0.5966797 0.2286377
vn -0.4736328 -0.6464844 0.59814453
vn -0.4736328 -0.6464844 0.59814453
vn -0.4736328 -0.6464844 0.59814453
vn 0.3461914 -0.7402344 -0.5761719
vn 0.3461914 -0.7402344 -0.5761719
vn 0.3461914 -0.7402344 -0.5761719
vn -0.5888672 -0.7402344 -0.32495117
vn -0.5888672 -0.7402344 -0.32495117
vn -0.5888672 -0.7402344 -0.32495117
vn 0.6586914 0.04446411 0.75146484
vn 0.6586914 0.04446411 0.75146484
vn 0.6586914 0.04446411 0.75146484
vn 0.6586914 0.044433594 0.75146484
vn 0.6586914 0.044433594 0.75146484
vn 0.6586914 0.044433594 0.75146484
vn 0.45336914 -0.71972656 0.5258789
vn 0.45336914 -0.71972656 0.5258789
vn 0.45336914 -0.71972656 0.5258789
vn -0.51660156 -0.7211914 0.46166992
vn -0.51660156 -0.7211914 0.46166992
vn -0.51660156 -0.7211914 0.46166992
vn 0.5151367 -0.734375 -0.44213867
vn 0.5151367 -0.734375 -0.44213867
vn 0.5151367 -0.734375 -0.44213867
vn -0.4506836 -0.73535156 -0.5058594
vn -0.4506836 -0.73535156 -0.5058594
vn -0.4506836 -0.73535156 -0.5058594
vn 0.91064453 0.00806427 0.41259766
vn 0.91064453 0.00806427 0.41259766
vn 0.91064453 0.00806427 0.41259766
vn 0.91064453 0.00806427 0.41259766
vn 0.91064453 0.00806427 0.41259766
vn 0.91064453 0.00806427 0.41259766
vn 0.6298828 -0.71972656 0.2915039
vn 0.6298828 -0.71972656 0.2915039
vn 0.6298828 -0.71972656 0.2915039
vn -0.27978516 -0.7211914 0.63378906
vn -0.27978516 -0.7211914 0.63378906
vn -0.27978516 -0.7211914 0.63378906
vn 0.28637695 -0.734375 -0.61572266
vn 0.28637695 -0.734375 -0.61572266
vn 0.28637695 -0.734375 -0.61572266
vn -0.6196289 -0.73535156 -0.27441406
vn -0.6196289 -0.73535156 -0.27441406
vn -0.6196289 -0.73535156 -0.27441406
vn 0.73339844 0.012527466 0.6796875
vn 0.73339844 0.012527466 0.6796875
vn 0.73339844 0.012527466 0.6796875
vn 0.73339844 0.012527466 0.6796875
vn 0.73339844 0.012527466 0.6796875
vn 0.73339844 0.012527466 0.6796875
vn 0.5053711 -0.71972656 0.47607422
vn 0.5053711 -0.71972656 0.47607422
vn 0.5053711 -0.71972656 0.47607422
vn -0.46606445 -0.7211914 0.5126953
vn -0.46606445 -0.7211914 0.5126953
vn -0.46606445 -0.7211914 0.5126953
vn 0.5126953 -0.734375 -0.4453125
vn 0.5126953 -0.734375 -0.4453125
vn 0.5126953 -0.734375 -0.4453125
vn -0.45361328 -0.73535156 -0.50341797
vn -0.45361328 -0.73535156 -0.50341797
vn -0.45361328 -0.73535156 -0.50341797
vn 0.7832031 0.023086548 0.62109375
vn 0.7832031 0.023086548 0.62109375
vn 0.7832031 0.023086548 0.62109375
vn 0.7832031 0.023086548 0.62109375
vn 0.7832031 0.023086548 0.62109375
vn 0.7832031 0.023086548 0.62109375
vn 0.51708984 -0.7470703 0.41723633
vn 0.51708984 -0.7470703 0.41723633
vn 0.51708984 -0.7470703 0.41723633
vn -0.40722656 -0.74853516 0.5234375
vn -0.40722656 -0.74853516 0.5234375
vn -0.40722656 -0.74853516 0.5234375
vn 0.40844727 -0.7607422 -0.50390625
vn 0.40844727 -0.7607422 -0.50390625
vn 0.40844727 -0.7607422 -0.50390625
vn -0.5102539 -0.76220703 -0.39819336
vn -0.5102539 -0.76220703 -0.39819336
vn -0.5102539 -0.76220703 -0.39819336
vn 0.6689453 0.021850586 0.74316406
vn 0.6689453 0.021850586 0.74316406
vn 0.6689453 0.021850586 0.74316406
vn 0.6689453 0.021850586 0.74316406
vn 0.6689453 0.021850586 0.74316406
vn 0.6689453 0.021850586 0.74316406
vn 0.4404297 -0.7470703 0.4975586
vn 0.4404297 -0.7470703 0.4975586
vn 0.4404297 -0.7470703 0.4975586
vn -0.48876953 -0.74853516 0.4482422
vn -0.48876953 -0.74853516 0.4482422
vn -0.48876953 -0.74853516 0.4482422
vn 0.48657227 -0.7607422 -0.42895508
vn 0.48657227 -0.7607422 -0.42895508
vn 0.48657227 -0.7607422 -0.42895508
vn -0.43701172 -0.76220703 -0.47753906
vn -0.43701172 -0.76220703 -0.47753906
vn -0.43701172 -0.76220703 -0.47753906
vn 0.66259766 0.012832642 0.74902344
vn 0.66259766 0.012832642 0.74902344
vn 0.66259766 0.012832642 0.74902344
vn 0.66259766 0.012825012 0.74902344
vn 0.66259766 0.012825012 0.74902344
vn 0.66259766 0.012825012 0.74902344
vn 0.45581055 -0.71972656 0.5239258
vn 0.45581055 -0.71972656 0.5239258
vn 0.45581055 -0.71972656 0.5239258
vn -0.51464844 -0.7211914 0.46411133
vn -0.51464844 -0.7211914 0.46411133
vn -0.51464844 -0.7211914 0.46411133
vn 0.5131836 -0.734375 -0.44458008
vn 0.5131836 -0.734375 -0.44458008
vn 0.5131836 -0.734375 -0.44458008
vn -0.453125 -0.73535156 -0.50390625
vn -0.453125 -0.73535156 -0.50390625
vn -0.453125 -0.73535156 -0.50390625
vn 0.8823242 0.056549072 0.46728516
vn 0.8823242 0.056549072 0.46728516
vn 0.8823242 0.056549072 0.46728516
vn 0.8823242 0.056549072 0.46728516
vn 0.8823242 0.056549072 0.46728516
vn 0.8823242 0.056549072 0.46728516
vn 0.58447266 -0.7470703 0.31591797
vn 0.58447266 -0.7470703 0.31591797
vn 0.58447266 -0.7470703 0.31591797
vn -0.30493164 -0.74853516 0.5888672
vn -0.30493164 -0.74853516 0.5888672
vn -0.30493164 -0.74853516 0.5888672
vn 0.3095703 -0.7607422 -0.5703125
vn 0.3095703 -0.7607422 -0.5703125
vn 0.3095703 -0.7607422 -0.5703125
vn -0.57470703 -0.76220703 -0.29833984
vn -0.57470703 -0.76220703 -0.29833984
vn -0.57470703 -0.76220703 -0.29833984
vn 0.7006836 0.014122009 0.7128906
vn 0.7006836 0.014122009 0.7128906
vn 0.7006836 0.014122009 0.7128906
vn 0.7006836 0.014122009 0.7128906
vn 0.7006836 0.014122009 0.7128906
vn 0.7006836 0.014122009 0.7128906
vn 0.48266602 -0.71972656 0.49902344
vn 0.48266602 -0.71972656 0.49902344
vn 0.48266602 -0.71972656 0.49902344
vn -0.48950195 -0.7211914 0.49047852
vn -0.48950195 -0.7211914 0.49047852
vn -0.48950195 -0.7211914 0.49047852
vn 0.48901367 -0.734375 -0.47094727
vn 0.48901367 -0.734375 -0.47094727
vn 0.48901367 -0.734375 -0.47094727
vn -0.4790039 -0.73535156 -0.47924805
vn -0.4790039 -0.73535156 -0.47924805
vn -0.4790039 -0.73535156 -0.47924805
vn -0.5161133 0.009925842 -0.8564453
vn -0.5161133 0.009925842 -0.8564453
vn -0.5161133 0.009925842 -0.8564453
vn -0.515625 0.009925842 -0.8564453
vn -0.515625 0.009925842 -0.8564453
vn -0.515625 0.009925842 -0.8564453
vn -0.35327148 -0.71972656 -0.59765625
vn -0.35327148 -0.71972656 -0.59765625
vn -0.35327148 -0.71972656 -0.59765625
vn 0.59033203 -0.7211914 -0.36328125
vn 0.59033203 -0.7211914 -0.36328125
vn 0.59033203 -0.7211914 -0.36328125
vn -0.58496094 -0.734375 0.34448242
vn -0.58496094 -0.734375 0.34448242
vn -0.58496094 -0.734375 0.34448242
vn 0.3544922 -0.73535156 0.5776367
vn 0.3544922 -0.73535156 0.5776367
vn 0.3544922 -0.73535156 0.5776367
vn 0.78466797 0.044677734 -0.61816406
vn 0.78466797 0.044677734 -0.61816406
vn 0.78466797 0.044677734 -0.61816406
vn 0.78466797 0.044677734 -0.61816406
vn 0.78466797 0.044677734 -0.61816406
vn 0.78466797 0.044677734 -0.61816406
vn 0.5253906 -0.7470703 -0.40673828
vn 0.5253906 -0.7470703 -0.40673828
vn 0.5253906 -0.7470703 -0.40673828
vn 0.4152832 -0.74853516 0.51708984
vn 0.4152832 -0.74853516 0.51708984
vn 0.4152832 -0.74853516 0.51708984
vn -0.39624023 -0.7607422 -0.5136719
vn -0.39624023 -0.7607422 -0.5136719
vn -0.39624023 -0.7607422 -0.5136719
vn -0.5053711 -0.76220703 0.40478516
vn -0.5053711 -0.76220703 0.40478516
vn -0.5053711 -0.76220703 0.40478516
vn -0.27026367 -0.05545044 0.9614258
vn -0.27026367 -0.05545044 0.9614258
vn -0.27026367 -0.05545044 0.9614258
vn -0.27026367 -0.05545044 0.9614258
vn -0.27026367 -0.05545044 0.9614258
vn -0.27026367 -0.05545044 0.9614258
vn -0.21350098 -0.6040039 0.7680664
vn -0.21350098 -0.6040039 0.7680664
vn -0.21350098 -0.6040039 0.7680664
vn 0.79345703 -0.57373047 0.20336914
vn 0.79345703 -0.57373047 0.20336914
vn 0.79345703 -0.57373047 0.20336914
vn -0.7788086 -0.5800781 -0.23876953
vn -0.7788086 -0.5800781 -0.23876953
vn -0.7788086 -0.5800781 -0.23876953
vn 0.22827148 -0.55029297 -0.80322266
vn 0.22827148 -0.55029297 -0.80322266
vn 0.22827148 -0.55029297 -0.80322266
vn 0.7138672 -0.05908203 0.6977539
vn 0.7138672 -0.05908203 0.6977539
vn 0.7138672 -0.05908203 0.6977539
vn 0.7138672 -0.05908203 0.6977539
vn 0.7138672 -0.05908203 0.6977539
vn 0.7138672 -0.05908203 0.6977539
vn -0.7133789 0.06506348 -0.6977539
vn -0.7133789 0.06506348 -0.6977539
vn -0.7133789 0.06506348 -0.6977539
vn -0.7133789 0.06506348 -0.6977539
vn -0.7133789 0.06506348 -0.6977539
vn -0.7133789 0.06506348 -0.6977539
vn 0.5605469 -0.59472656 0.5761719
vn 0.5605469 -0.59472656 0.5761719
vn 0.5605469 -0.59472656 0.5761719
vn 0.54541016 -0.6069336 -0.578125
vn 0.54541016 -0.6069336 -0.578125
vn 0.54541016 -0.6069336 -0.578125
vn -0.59277344 -0.546875 0.5913086
vn -0.59277344 -0.546875 0.5913086
vn -0.59277344 -0.546875 0.5913086
vn -0.60791016 -0.55908203 -0.56347656
vn -0.60791016 -0.55908203 -0.56347656
vn -0.60791016 -0.55908203 -0.56347656
vn -0.859375 0.012542725 0.5107422
vn -0.859375 0.012542725 0.5107422
vn -0.859375 0.012542725 0.5107422
vn -0.859375 0.012550354 0.5107422
vn -0.859375 0.012550354 0.5107422
vn -0.859375 0.012550354 0.5107422
vn -0.70214844 -0.59472656 0.3918457
vn -0.70214844 -0.59472656 0.3918457
vn -0.70214844 -0.59472656 0.3918457
vn 0.4165039 -0.6069336 0.6772461
vn 0.4165039 -0.6069336 0.6772461
vn 0.4165039 -0.6069336 0.6772461
vn -0.44580078 -0.546875 -0.7084961
vn -0.44580078 -0.546875 -0.7084961
vn -0.44580078 -0.546875 -0.7084961
vn 0.68359375 -0.55908203 -0.46899414
vn 0.68359375 -0.55908203 -0.46899414
vn 0.68359375 -0.55908203 -0.46899414
vn 0.72998047 0.05130005 0.6816406
vn 0.72998047 0.05130005 0.6816406
vn 0.72998047 0.05130005 0.6816406
vn 0.72998047 0.05130005 0.6816406
vn 0.72998047 0.05130005 0.6816406
vn 0.72998047 0.05130005 0.6816406
vn 0.48168945 -0.7470703 0.45776367
vn 0.48168945 -0.7470703 0.45776367
vn 0.48168945 -0.7470703 0.45776367
vn -0.4482422 -0.74853516 0.48876953
vn -0.4482422 -0.74853516 0.48876953
vn -0.4482422 -0.74853516 0.48876953
vn 0.4477539 -0.7607422 -0.46948242
vn 0.4477539 -0.7607422 -0.46948242
vn 0.4477539 -0.7607422 -0.46948242
vn -0.4765625 -0.76220703 -0.43798828
vn -0.4765625 -0.76220703 -0.43823242
vn -0.4765625 -0.76220703 -0.43823242
vn -0.52490234 0.006134033 0.8510742
vn -0.52490234 0.006134033 0.8510742
vn -0.52490234 0.006134033 0.8510742
vn -0.52490234 0.006137848 0.8510742
vn -0.52490234 0.006137848 0.8510742
vn -0.52490234 0.006137848 0.8510742
vn 0.8510742 0.0061416626 0.52490234
vn 0.8510742 0.0061416626 0.52490234
vn 0.8510742 0.0061416626 0.52490234
vn 0.8510742 0.006137848 0.52490234
vn 0.8510742 0.006137848 0.52490234
vn 0.8510742 0.006137848 0.52490234
vn 0.5175781 -0.7939453 0.31933594
vn 0.5175781 -0.7939453 0.31933594
vn 0.5175781 -0.7939453 0.31933594
vn -0.33862305 -0.76416016 0.5488281
vn -0.33862305 -0.76416016 0.5488281
vn -0.33862305 -0.76416016 0.5488281
vn 0.4423828 -0.5385742 -0.71728516
vn 0.4423828 -0.5385742 -0.71728516
vn 0.4423828 -0.5385742 -0.71728516
vn -0.67089844 -0.6147461 -0.4140625
vn -0.67089844 -0.6147461 -0.4140625
vn -0.67089844 -0.6147461 -0.4140625
vn 0.72753906 -0.67041016 -0.14575195
vn 0.72753906 -0.67041016 -0.14575195
vn 0.72753906 -0.67041016 -0.14575195
vn 0.6088867 -0.7817383 -0.13378906
vn 0.6088867 -0.7817383 -0.13378906
vn 0.6088867 -0.7817383 -0.13378906
vn 0.6635742 0.007385254 0.7480469
vn 0.6635742 0.007385254 0.7480469
vn 0.6635742 0.007385254 0.7480469
vn 0.6635742 0.007381439 0.7480469
vn 0.6635742 0.007381439 0.7480469
vn 0.6635742 0.007381439 0.7480469
vn 0.4038086 -0.7939453 0.45507812
vn 0.4038086 -0.7939453 0.45507812
vn 0.4038086 -0.7939453 0.45507812
vn -0.48242188 -0.76416016 0.42797852
vn -0.48242188 -0.76416016 0.42797852
vn -0.48242188 -0.76416016 0.42797852
vn 0.6303711 -0.5385742 -0.55908203
vn 0.6303711 -0.5385742 -0.55908203
vn 0.6303711 -0.5385742 -0.55908203
vn -0.5234375 -0.6147461 -0.58984375
vn -0.5234375 -0.6147461 -0.58984375
vn -0.5234375 -0.6147461 -0.58984375
vn 0.7421875 -0.67041016 0.011009216
vn 0.7421875 -0.67041016 0.011009216
vn 0.7421875 -0.67041016 0.011009216
vn 0.63671875 -0.7709961 0.0043678284
vn 0.63671875 -0.7709961 0.0043678284
vn 0.63671875 -0.7709961 0.0043678284
vn 0.77197266 0.007896423 0.6357422
vn 0.77197266 0.007896423 0.6357422
vn 0.77197266 0.007896423 0.6357422
vn 0.77197266 0.007896423 0.6357422
vn 0.77197266 0.007896423 0.6357422
vn 0.77197266 0.007896423 0.6357422
vn 0.53222656 -0.71972656 0.44580078
vn 0.53222656 -0.71972656 0.44580078
vn 0.53222656 -0.71972656 0.44580078
vn -0.43530273 -0.7211914 0.5390625
vn -0.43530273 -0.7211914 0.5390625
vn -0.43530273 -0.7211914 0.5390625
vn 0.43701172 -0.734375 -0.51953125
vn 0.43701172 -0.734375 -0.51953125
vn 0.43701172 -0.734375 -0.51953125
vn -0.5263672 -0.73535156 -0.42651367
vn -0.5263672 -0.73535156 -0.42651367
vn -0.5263672 -0.73535156 -0.42651367
vn 0.5439453 -0.5800781 -0.6064453
vn 0.5439453 -0.5800781 -0.6064453
vn 0.5439453 -0.5800781 -0.6064453
vn -0.5288086 -0.5830078 -0.6171875
vn -0.5288086 -0.5830078 -0.6171875
vn -0.5288086 -0.5830078 -0.6171875
vn 0.5283203 -0.5986328 0.6020508
vn 0.5283203 -0.5986328 0.6020508
vn 0.5283203 -0.5986328 0.6020508
vn -0.5449219 -0.5942383 0.5917969
vn -0.5449219 -0.5942383 0.5917969
vn -0.5449219 -0.5942383 0.5917969
vn -0.6723633 -0.013427734 0.7397461
vn -0.6723633 -0.013427734 0.7397461
vn -0.6723633 -0.013427734 0.7397461
vn -0.6723633 -0.013427734 0.7397461
vn -0.6723633 -0.013427734 0.7397461
vn -0.6723633 -0.013427734 0.7397461
vn -0.6777344 -0.52246094 0.5175781
vn -0.6777344 -0.52246094 0.5175781
vn -0.6777344 -0.52246094 0.5175781
vn 0.66796875 -0.5239258 0.5283203
vn 0.66796875 -0.5239258 0.5283203
vn 0.66796875 -0.5239258 0.5283203
vn -0.66796875 -0.5239258 -0.5283203
vn -0.66796875 -0.5239258 -0.5283203
vn -0.66796875 -0.5239258 -0.5283203
vn 0.6777344 -0.52246094 -0.5175781
vn 0.6777344 -0.52246094 -0.5175781
vn 0.6777344 -0.52246094 -0.5175781
vn -0.7944336 0.0056991577 0.6069336
vn -0.7944336 0.0056991577 0.6069336
vn -0.7944336 0.0056991577 0.6069336
vn -0.7944336 0.0057029724 0.6069336
vn -0.7944336 0.0057029724 0.6069336
vn -0.7944336 0.0057029724 0.6069336
vn -0.7841797 0.00012862682 -0.62060547
vn -0.7841797 0.00012862682 -0.62060547
vn -0.7841797 0.00012862682 -0.62060547
vn -0.7841797 0.00013148785 -0.62060547
vn -0.7841797 0.00013148785 -0.62060547
vn -0.7841797 0.00013148785 -0.62060547
vn -0.75634766 -0.4970703 0.42529297
vn -0.75634766 -0.4970703 0.42529297
vn -0.75634766 -0.4970703 0.42529297
vn 0.6557617 -0.49926758 0.56591797
vn 0.6557617 -0.49926758 0.56591797
vn 0.6557617 -0.49926758 0.56591797
vn -0.6557617 -0.49926758 -0.56591797
vn -0.6557617 -0.49926758 -0.56591797
vn -0.6557617 -0.49926758 -0.56591797
vn 0.75634766 -0.4970703 -0.42529297
vn 0.75634766 -0.4970703 -0.42529297
vn 0.75634766 -0.4970703 -0.42529297
vn 0.7573242 0.00680542 0.6533203
vn 0.7573242 0.00680542 0.6533203
vn 0.7573242 0.00680542 0.6533203
vn 0.7573242 0.00680542 0.6533203
vn 0.7573242 0.00680542 0.6533203
vn 0.7573242 0.00680542 0.6533203
vn -0.87158203 0.006767273 0.49023438
vn -0.87158203 0.006767273 0.49023438
vn -0.87158203 0.006767273 0.49023438
vn -0.87158203 0.006767273 0.49023438
vn -0.87158203 0.006767273 0.49023438
vn -0.87158203 0.006767273 0.49023438
vn -0.7573242 3.33786E-06 -0.6533203
vn -0.7573242 3.33786E-06 -0.6533203
vn -0.7573242 3.33786E-06 -0.6533203
vn -0.7573242 3.9339066E-06 -0.6533203
vn -0.7573242 3.9339066E-06 -0.6533203
vn -0.7573242 3.9339066E-06 -0.6533203
vn -0.7861328 -0.4970703 0.36669922
vn -0.7861328 -0.4970703 0.36669922
vn -0.7861328 -0.4970703 0.36669922
vn 0.6113281 -0.49926758 0.6142578
vn 0.6113281 -0.49926758 0.6142578
vn 0.6113281 -0.49926758 0.6142578
vn -0.6113281 -0.49926758 -0.6142578
vn -0.6113281 -0.49926758 -0.6142578
vn -0.6113281 -0.49926758 -0.6142578
vn 0.7861328 -0.4970703 -0.36669922
vn 0.7861328 -0.4970703 -0.36669922
vn 0.7861328 -0.4970703 -0.36669922
vn 0.7055664 0.00459671 0.7089844
vn 0.7055664 0.00459671 0.7089844
vn 0.7055664 0.00459671 0.7089844
vn 0.7055664 0.004600525 0.7089844
vn 0.7055664 0.004600525 0.7089844
vn 0.7055664 0.004600525 0.7089844
vn -0.90625 0.0045700073 0.42285156
vn -0.90625 0.0045700073 0.42285156
vn -0.90625 0.0045700073 0.42285156
vn -0.90625 0.004573822 0.42260742
vn -0.90625 0.004573822 0.42260742
vn -0.90625 0.004573822 0.42260742
vn -0.7055664 3.1590462E-06 -0.7089844
vn -0.7055664 3.1590462E-06 -0.7089844
vn -0.7055664 3.1590462E-06 -0.7089844
vn -0.7055664 1.0728836E-06 -0.7089844
vn -0.7055664 1.0728836E-06 -0.7089844
vn -0.7055664 1.0728836E-06 -0.7089844
vn 0.38549805 -0.5800781 -0.71777344
vn 0.38549805 -0.5800781 -0.71777344
vn 0.38549805 -0.5800781 -0.71777344
vn -0.6591797 -0.5830078 -0.47485352
vn -0.6591797 -0.5830078 -0.47485352
vn -0.6591797 -0.5830078 -0.47485352
vn 0.65527344 -0.5986328 0.46044922
vn 0.65527344 -0.5986328 0.46044922
vn 0.65527344 -0.5986328 0.46044922
vn -0.38964844 -0.5942383 0.7036133
vn -0.38964844 -0.5942383 0.7036133
vn -0.38964844 -0.5942383 0.7036133
vn -0.47875977 -0.02420044 0.8774414
vn -0.47875977 -0.02420044 0.8774414
vn -0.47875977 -0.02420044 0.8774414
vn -0.47875977 -0.02420044 0.8774414
vn -0.47875977 -0.02420044 0.8774414
vn -0.47875977 -0.02420044 0.8774414
vn 0.5439453 -0.5800781 -0.6064453
vn 0.5439453 -0.5800781 -0.6064453
vn 0.5439453 -0.5800781 -0.6064453
vn -0.5288086 -0.5830078 -0.6171875
vn -0.5288086 -0.5830078 -0.6171875
vn -0.5288086 -0.5830078 -0.6171875
vn 0.5283203 -0.5986328 0.6020508
vn 0.5283203 -0.5986328 0.6020508
vn 0.5283203 -0.5986328 0.6020508
vn -0.5449219 -0.5942383 0.5917969
vn -0.5449219 -0.5942383 0.5917969
vn -0.5449219 -0.5942383 0.5917969
vn -0.671875 -0.045562744 0.7392578
vn -0.671875 -0.045562744 0.7392578
vn -0.671875 -0.045562744 0.7392578
vn -0.671875 -0.045562744 0.7392578
vn -0.671875 -0.045562744 0.7392578
vn -0.671875 -0.045562744 0.7392578
vn 0.7011719 0.0051841736 0.7128906
vn 0.7011719 0.0051841736 0.7128906
vn 0.7011719 0.0051841736 0.7128906
vn 0.7011719 0.005180359 0.7128906
vn 0.7011719 0.005180359 0.7128906
vn 0.7011719 0.005180359 0.7128906
vn 0.42651367 -0.7939453 0.43359375
vn 0.42651367 -0.7939453 0.43359375
vn 0.42651367 -0.7939453 0.43359375
vn -0.4597168 -0.76416016 0.45239258
vn -0.4597168 -0.76416016 0.45239258
vn -0.4597168 -0.76416016 0.45239258
vn 0.60058594 -0.5385742 -0.5908203
vn 0.60058594 -0.5385742 -0.5908203
vn 0.60058594 -0.5385742 -0.5908203
vn -0.55322266 -0.6147461 -0.5620117
vn -0.55322266 -0.6147461 -0.5620117
vn -0.55322266 -0.6147461 -0.5620117
vn 0.7416992 -0.67041016 0.022827148
vn 0.7416992 -0.67041016 0.022827148
vn 0.7416992 -0.67041016 0.022827148
vn 0.625 -0.7807617 0.010772705
vn 0.625 -0.7807617 0.010772705
vn 0.625 -0.7807617 0.010772705
vn 0.6557617 0.028274536 0.75439453
vn 0.6557617 0.028274536 0.75439453
vn 0.6557617 0.028274536 0.75439453
vn 0.5722656 0.0063095093 0.8198242
vn 0.5722656 0.0063095093 0.8198242
vn 0.5722656 0.0063095093 0.8198242
vn 0.5078125 -0.62597656 0.5917969
vn 0.5078125 -0.62597656 0.5917969
vn 0.5078125 -0.62597656 0.5917969
vn -0.47216797 -0.73535156 0.48657227
vn -0.47216797 -0.73535156 0.48657227
vn -0.47216797 -0.73535156 0.48657227
vn 0.5180664 -0.734375 -0.43896484
vn 0.5180664 -0.734375 -0.43896484
vn 0.5180664 -0.734375 -0.43896484
vn -0.44750977 -0.73535156 -0.50878906
vn -0.44750977 -0.73535156 -0.50878906
vn -0.44750977 -0.73535156 -0.50878906
vn -0.0006875992 -0.7421875 0.67041016
vn -0.0006875992 -0.7421875 0.67041016
vn -0.0006875992 -0.7421875 0.67041016
vn 0.0045814514 -0.82373047 0.56640625
vn 0.0045814514 -0.82373047 0.56640625
vn 0.0045814514 -0.82373047 0.56640625
vn -0.67871094 -0.4970703 0.54052734
vn -0.67871094 -0.4970703 0.54052734
vn -0.67871094 -0.4970703 0.54052734
vn 0.73779297 -0.49926758 0.45410156
vn 0.73779297 -0.49926758 0.45410156
vn 0.73779297 -0.49926758 0.45410156
vn -0.73779297 -0.49926758 -0.45410156
vn -0.73779297 -0.49926758 -0.45410156
vn -0.73779297 -0.49926758 -0.45410156
vn 0.67871094 -0.4970703 -0.54052734
vn 0.67871094 -0.4970703 -0.54052734
vn 0.67871094 -0.4970703 -0.54052734
vn 0.8515625 0.0047912598 0.5239258
vn 0.8515625 0.0047912598 0.5239258
vn 0.8515625 0.0047912598 0.5239258
vn 0.8515625 0.0047950745 0.5239258
vn 0.8515625 0.0047950745 0.5239258
vn 0.8515625 0.0047950745 0.5239258
vn -0.78222656 0.004760742 0.6230469
vn -0.78222656 0.004760742 0.6230469
vn -0.78222656 0.004760742 0.6230469
vn -0.78222656 0.004764557 0.6230469
vn -0.78222656 0.004764557 0.6230469
vn -0.78222656 0.004764557 0.6230469
vn -0.8515625 4.23193E-06 -0.5239258
vn -0.8515625 4.23193E-06 -0.5239258
vn -0.8515625 4.23193E-06 -0.5239258
vn -0.8515625 -1.7285347E-06 -0.5239258
vn -0.8515625 -1.7285347E-06 -0.5239258
vn -0.8515625 -1.7285347E-06 -0.5239258
vn -0.4645996 -0.52246094 0.71533203
vn -0.4645996 -0.52246094 0.71533203
vn -0.4645996 -0.52246094 0.71533203
vn 0.8066406 -0.5239258 0.27368164
vn 0.8066406 -0.5239258 0.27368164
vn 0.8066406 -0.5239258 0.27368164
vn -0.8066406 -0.5239258 -0.27368164
vn -0.8066406 -0.5239258 -0.27368164
vn -0.8066406 -0.5239258 -0.27368164
vn 0.4645996 -0.52246094 -0.71533203
vn 0.4645996 -0.52246094 -0.71533203
vn 0.4645996 -0.52246094 -0.71533203
vn 0.94677734 0.005466461 0.32128906
vn 0.94677734 0.005466461 0.32128906
vn 0.94677734 0.005466461 0.32128906
vn 0.94677734 0.005470276 0.32128906
vn 0.94677734 0.005470276 0.32128906
vn 0.94677734 0.005470276 0.32128906
vn -0.5449219 0.0056991577 0.8383789
vn -0.5449219 0.0056991577 0.8383789
vn -0.5449219 0.0056991577 0.8383789
vn -0.5449219 0.0057029724 0.8383789
vn -0.5449219 0.0057029724 0.8383789
vn -0.5449219 0.0057029724 0.8383789
vn -0.94677734 0.00012898445 -0.32128906
vn -0.94677734 0.00012898445 -0.32128906
vn -0.94677734 0.00012898445 -0.32128906
vn -0.94677734 0.00013148785 -0.32128906
vn -0.94677734 0.00013148785 -0.32128906
vn -0.94677734 0.00013148785 -0.32128906
vn -0.55810547 -0.52246094 0.64501953
vn -0.55810547 -0.52246094 0.64501953
vn -0.55810547 -0.52246094 0.64501953
vn 0.76171875 -0.5239258 0.38134766
vn 0.76171875 -0.5239258 0.38134766
vn 0.76171875 -0.5239258 0.38134766
vn -0.76171875 -0.5239258 -0.38134766
vn -0.76171875 -0.5239258 -0.38134766
vn -0.76171875 -0.5239258 -0.38134766
vn 0.55810547 -0.52246094 -0.64501953
vn 0.55810547 -0.52246094 -0.64501953
vn 0.55810547 -0.52246094 -0.64501953
vn -0.6542969 0.0056991577 0.75634766
vn -0.6542969 0.0056991577 0.75634766
vn -0.6542969 0.0056991577 0.75634766
vn -0.6542969 0.0057029724 0.75634766
vn -0.6542969 0.0057029724 0.75634766
vn -0.6542969 0.0057029724 0.75634766
vn -0.89404297 0.0001282692 -0.4477539
vn -0.89404297 0.0001282692 -0.4477539
vn -0.89404297 0.0001282692 -0.4477539
vn -0.89404297 0.00013113022 -0.4477539
vn -0.89404297 0.00013113022 -0.4477539
vn -0.89404297 0.00013113022 -0.4477539
vn -0.6411133 -0.52246094 0.5625
vn -0.6411133 -0.52246094 0.5625
vn -0.6411133 -0.52246094 0.5625
vn 0.70214844 -0.5239258 0.4819336
vn 0.70214844 -0.5239258 0.4819336
vn 0.70214844 -0.5239258 0.4819336
vn -0.70214844 -0.5239258 -0.4819336
vn -0.70214844 -0.5239258 -0.4819336
vn -0.70214844 -0.5239258 -0.4819336
vn 0.6411133 -0.52246094 -0.5625
vn 0.6411133 -0.52246094 -0.5625
vn 0.6411133 -0.52246094 -0.5625
vn 0.82470703 0.0067253113 0.56591797
vn 0.82470703 0.0067253113 0.56591797
vn 0.82470703 0.0067253113 0.56591797
vn 0.82470703 0.006729126 0.56591797
vn 0.82470703 0.006729126 0.56591797
vn 0.82470703 0.006729126 0.56591797
vn -0.75146484 0.0070114136 0.65966797
vn -0.75146484 0.0070114136 0.65966797
vn -0.75146484 0.0070114136 0.65966797
vn -0.75146484 0.0070152283 0.65966797
vn -0.75146484 0.0070152283 0.65966797
vn -0.75146484 0.0070152283 0.65966797
vn -0.82470703 0.00015866756 -0.56591797
vn -0.82470703 0.00015866756 -0.56591797
vn -0.82470703 0.00015866756 -0.56591797
vn -0.82470703 0.00016093254 -0.56591797
vn -0.82470703 0.00016093254 -0.56591797
vn -0.82470703 0.00016093254 -0.56591797
vn -0.7685547 -0.06402588 0.63671875
vn -0.7685547 -0.06402588 0.63671875
vn -0.7685547 -0.06402588 0.63671875
vn -0.8745117 -0.02583313 0.48461914
vn -0.8745117 -0.02583313 0.48461914
vn -0.8745117 -0.02583313 0.48461914
vn -0.5966797 -0.6479492 0.47314453
vn -0.5966797 -0.6479492 0.47314453
vn -0.5966797 -0.6479492 0.47314453
vn 0.3959961 -0.5961914 0.6982422
vn 0.3959961 -0.5961914 0.6982422
vn 0.3959961 -0.5961914 0.6982422
vn -0.39648438 -0.5576172 -0.7290039
vn -0.39648438 -0.5576172 -0.7290039
vn -0.39648438 -0.5576172 -0.7290039
vn 0.7133789 -0.56689453 -0.41137695
vn 0.7133789 -0.56689453 -0.41137695
vn 0.7133789 -0.56689453 -0.41137695
vn -0.008575439 0.011047363 1
vn -0.008575439 0.011047363 1
vn -0.008575439 0.011047363 1
vn -0.008575439 0.011047363 1
vn -1 -6.824732E-05 -0.015060425
vn -1 -6.824732E-05 -0.015060425
vn -1 -6.824732E-05 -0.015060425
vn -1 -3.1590462E-06 -0.015022278
vn 0.008575439 1.6093254E-06 -1
vn 0.008575439 1.6093254E-06 -1
vn 0.008575439 1.6093254E-06 -1
vn 0.008575439 3.0994415E-06 -1
vn 1 -6.377697E-06 0.015060425
vn 1 -6.377697E-06 0.015060425
vn 1 -6.377697E-06 0.015060425
vn 1 6.4611435E-05 0.015014648
vn -0.7006836 -1.0728836E-06 -0.7133789
vn -0.7006836 -1.0728836E-06 -0.7133789
vn -0.7006836 -1.0728836E-06 -0.7133789
vn -0.7006836 1.1324883E-06 -0.7133789
vn 0.7133789 -2.3245811E-06 -0.7006836
vn 0.7133789 -2.3245811E-06 -0.7006836
vn 0.7133789 -2.3245811E-06 -0.7006836
vn 0.7133789 -3.3974648E-06 -0.7006836
vn 0.0028572083 -0.8310547 -0.55615234
vn 0.0028572083 -0.8310547 -0.55615234
vn 0.0028572083 -0.8310547 -0.55615234
vn 0.00491333 -0.81933594 -0.5732422
vn -0.50878906 -0.86083984 -0.0085372925
vn -0.50878906 -0.86083984 -0.0085372925
vn -0.50878906 -0.86083984 -0.0085372925
vn -0.50097656 -0.8652344 -0.0075302124
vn -0.0032310486 -0.9248047 0.38085938
vn -0.0032310486 -0.9248047 0.38085938
vn -0.0032310486 -0.9248047 0.38085938
vn -0.0032672882 -0.9248047 0.38110352
vn -0.020553589 0.01058197 0.9995117
vn -0.020553589 0.01058197 0.9995117
vn -0.020553589 0.01058197 0.9995117
vn -0.020553589 0.01058197 0.9995117
vn -1 -4.3988228E-05 -0.019927979
vn -1 -4.3988228E-05 -0.019927979
vn -1 -4.3988228E-05 -0.019927979
vn -1 -0.0002567768 -0.020126343
vn 0.020553589 -0.0065841675 -1
vn 0.020553589 -0.0065841675 -1
vn 0.020553589 -0.0065841675 -1
vn 0.020553589 -0.0065841675 -1
vn 1 0.00025224686 0.019927979
vn 1 0.00025224686 0.019927979
vn 1 0.00025224686 0.019927979
vn 1 4.3988228E-05 0.020126343
vn -0.75634766 0.007045746 0.6538086
vn -0.75634766 0.007045746 0.6538086
vn -0.75634766 0.007045746 0.6538086
vn -0.75634766 0.007045746 0.6538086
vn -0.6538086 -0.005065918 -0.75634766
vn -0.6538086 -0.005065918 -0.75634766
vn -0.6538086 -0.005065918 -0.75634766
vn -0.6538086 -0.0050621033 -0.75634766
vn 0.75634766 -0.0042152405 -0.6538086
vn 0.75634766 -0.0042152405 -0.6538086
vn 0.75634766 -0.0042152405 -0.6538086
vn 0.75634766 -0.0042152405 -0.6538086
vn 0.55566406 -0.83154297 0.017852783
vn 0.55566406 -0.83154297 0.017852783
vn 0.55566406 -0.83154297 0.017852783
vn 0.55566406 -0.83154297 0.017852783
vn 0.01134491 -0.83935547 -0.54345703
vn 0.01134491 -0.83935547 -0.54345703
vn 0.01134491 -0.83935547 -0.54345703
vn 0.01134491 -0.83935547 -0.54345703
vn -0.5546875 -0.83203125 -0.004501343
vn -0.5546875 -0.83203125 -0.004501343
vn -0.5546875 -0.83203125 -0.004501343
vn -0.5546875 -0.83203125 -0.004501343
vn -0.011474609 -0.82373047 0.56640625
vn -0.011474609 -0.82373047 0.56640625
vn -0.011474609 -0.82373047 0.56640625
vn -0.011474609 -0.82373047 0.56640625
vn 0.3479004 0.022781372 0.9375
vn 0.3479004 0.022781372 0.9375
vn 0.3479004 0.022781372 0.9375
vn 0.3479004 0.022781372 0.9375
vn -0.94970703 0.0023441315 0.31323242
vn -0.94970703 0.0023441315 0.31323242
vn -0.94970703 0.0023441315 0.31323242
vn -0.94970703 0.0020942688 0.31298828
vn -0.3479004 -0.018493652 -0.9375
vn -0.3479004 -0.018493652 -0.9375
vn -0.3479004 -0.018493652 -0.9375
vn -0.3479004 -0.018493652 -0.9375
vn 0.9511719 -0.008712769 -0.3088379
vn 0.9511719 -0.008712769 -0.3088379
vn 0.9511719 -0.008712769 -0.3088379
vn 0.94970703 -0.0023441315 -0.31298828
vn -0.6308594 0.014305115 0.7758789
vn -0.6308594 0.014305115 0.7758789
vn -0.6308594 0.014305115 0.7758789
vn -0.6308594 0.014312744 0.7758789
vn -0.86621094 -0.012458801 -0.49951172
vn -0.86621094 -0.012458801 -0.49951172
vn -0.86621094 -0.012458801 -0.49951172
vn -0.86621094 -0.012458801 -0.49951172
vn 0.53027344 -0.83251953 -0.16113281
vn 0.53027344 -0.83251953 -0.16113281
vn 0.53027344 -0.83251953 -0.16113281
vn 0.5571289 -0.8129883 -0.16894531
vn -0.18737793 -0.84472656 -0.50097656
vn -0.18737793 -0.84472656 -0.50097656
vn -0.18737793 -0.84472656 -0.50097656
vn -0.18725586 -0.84472656 -0.50097656
vn -0.5024414 -0.84521484 0.1821289
vn -0.5024414 -0.84521484 0.1821289
vn -0.5024414 -0.84521484 0.1821289
vn -0.5239258 -0.8305664 0.18786621
vn 0.19970703 -0.81640625 0.5415039
vn 0.19970703 -0.81640625 0.5415039
vn 0.19970703 -0.81640625 0.5415039
vn 0.19970703 -0.81640625 0.5415039
vn -0.011390686 0.059539795 0.9980469
vn -0.011390686 0.059539795 0.9980469
vn -0.011390686 0.059539795 0.9980469
vn -0.011390686 0.059539795 0.9980469
vn -1 0.00054836273 -7.224083E-05
vn -1 0.00054836273 -7.224083E-05
vn -1 0.00054836273 -7.224083E-05
vn -1 -0.000957489 -0.00045967102
vn 0.011398315 -0.037078857 -0.99902344
vn 0.011398315 -0.037078857 -0.99902344
vn 0.011398315 -0.037078857 -0.99902344
vn 0.011398315 -0.037078857 -0.99902344
vn 1 0.0009226799 5.3226948E-05
vn 1 0.0009226799 5.3226948E-05
vn 1 0.0009226799 5.3226948E-05
vn 1 -0.0005402565 0.00047636032
vn -0.7519531 0.03967285 0.6582031
vn -0.7519531 0.03967285 0.6582031
vn -0.7519531 0.03967285 0.6582031
vn -0.7519531 0.03967285 0.6582031
vn -0.6586914 -0.028533936 -0.7519531
vn -0.6586914 -0.028533936 -0.7519531
vn -0.6586914 -0.028533936 -0.7519531
vn -0.6586914 -0.028518677 -0.7519531
vn 0.7519531 -0.023757935 -0.6586914
vn 0.7519531 -0.023757935 -0.6586914
vn 0.7519531 -0.023757935 -0.6586914
vn 0.7519531 -0.023742676 -0.6586914
vn 0.55566406 -0.8310547 0.010505676
vn 0.55566406 -0.8310547 0.010505676
vn 0.55566406 -0.8310547 0.010505676
vn 0.55566406 -0.8310547 0.010498047
vn 0.006351471 -0.83935547 -0.54345703
vn 0.006351471 -0.83935547 -0.54345703
vn 0.006351471 -0.83935547 -0.54345703
vn 0.006351471 -0.83935547 -0.54345703
vn -0.5551758 -0.83154297 0.009986877
vn -0.5551758 -0.83154297 0.009986877
vn -0.5551758 -0.83154297 0.009986877
vn -0.5551758 -0.83154297 0.009986877
vn -0.0063095093 -0.82373047 0.56689453
vn -0.0063095093 -0.82373047 0.56689453
vn -0.0063095093 -0.82373047 0.56689453
vn -0.0063095093 -0.82373047 0.56689453
vn 0.40625 0.010810852 0.9135742
vn 0.40625 0.010810852 0.9135742
vn 0.40625 0.010810852 0.9135742
vn 0.40625 0.010810852 0.9135742
vn -0.91015625 0.00010788441 0.4140625
vn -0.91015625 0.00010788441 0.4140625
vn -0.91015625 0.00010788441 0.4140625
vn -0.91015625 -0.00016593933 0.41381836
vn -0.40625 -0.006729126 -0.9135742
vn -0.40625 -0.006729126 -0.9135742
vn -0.40625 -0.006729126 -0.9135742
vn -0.40625 -0.0067253113 -0.9135742
vn 0.91015625 0.00016212463 -0.4140625
vn 0.91015625 0.00016212463 -0.4140625
vn 0.91015625 0.00016212463 -0.4140625
vn 0.91015625 -0.00010931492 -0.41381836
vn -0.41259766 0.007194519 0.91064453
vn -0.41259766 0.007194519 0.91064453
vn -0.41259766 0.007194519 0.91064453
vn -0.41259766 0.0071983337 0.91064453
vn -0.91064453 -0.005176544 -0.41259766
vn -0.91064453 -0.005176544 -0.41259766
vn -0.91064453 -0.005176544 -0.41259766
vn -0.91064453 -0.0051727295 -0.41259766
vn 0.41259766 -0.004306793 -0.91064453
vn 0.41259766 -0.004306793 -0.91064453
vn 0.41259766 -0.004306793 -0.91064453
vn 0.41259766 -0.004306793 -0.91064453
vn 0.5078125 -0.8310547 -0.22692871
vn 0.5078125 -0.8310547 -0.22692871
vn 0.5078125 -0.8310547 -0.22692871
vn 0.5078125 -0.8310547 -0.22692871
vn -0.2208252 -0.83935547 -0.49682617
vn -0.2208252 -0.83935547 -0.49682617
vn -0.2208252 -0.83935547 -0.49682617
vn -0.2208252 -0.83935547 -0.49682617
vn -0.50390625 -0.83203125 0.23278809
vn -0.50390625 -0.83203125 0.23278809
vn -0.50390625 -0.83203125 0.23278809
vn -0.50390625 -0.83203125 0.23278809
vn 0.23034668 -0.82373047 0.5180664
vn 0.23034668 -0.82373047 0.5180664
vn 0.23034668 -0.82373047 0.5180664
vn 0.23034668 -0.82373047 0.5180664
vn 0.08325195 0.016799927 0.99658203
vn 0.08325195 0.016799927 0.99658203
vn 0.08325195 0.016799927 0.99658203
vn 0.08325195 0.016784668 0.99658203
vn -1 -0.0015630722 0.0015745163
vn -1 -0.0015630722 0.0015745163
vn -1 -0.0015630722 0.0015745163
vn -1 -0.0003042221 0.0019741058
vn 0.014877319 -0.010444641 -1
vn 0.014877319 -0.010444641 -1
vn 0.014877319 -0.010444641 -1
vn 0.014877319 -0.010444641 -1
vn 1 0.00033283234 0.0011968613
vn 1 0.00033283234 0.0011968613
vn 1 0.00033283234 0.0011968613
vn 1 0.0015993118 0.00074243546
vn -0.6796875 0.011177063 0.73339844
vn -0.6796875 0.011177063 0.73339844
vn -0.6796875 0.011177063 0.73339844
vn -0.6796875 0.011177063 0.73339844
vn -0.66308594 -0.008033752 -0.74853516
vn -0.66308594 -0.008033752 -0.74853516
vn -0.66308594 -0.008033752 -0.74853516
vn -0.6635742 -0.008033752 -0.7480469
vn 0.74853516 -0.006690979 -0.66308594
vn 0.74853516 -0.006690979 -0.66308594
vn 0.74853516 -0.006690979 -0.66308594
vn 0.74853516 -0.006690979 -0.66308594
vn 0.55615234 -0.8310547 0.004135132
vn 0.55615234 -0.8310547 0.004135132
vn 0.55615234 -0.8310547 0.004135132
vn 0.55615234 -0.8310547 0.004142761
vn 0.008178711 -0.83935547 -0.54345703
vn 0.008178711 -0.83935547 -0.54345703
vn 0.008178711 -0.83935547 -0.54345703
vn 0.008178711 -0.83935547 -0.54345703
vn -0.55371094 -0.8330078 0.0045547485
vn -0.55371094 -0.8330078 0.0045547485
vn -0.55371094 -0.8330078 0.0045547485
vn -0.5546875 -0.83203125 0.004512787
vn 0.04727173 -0.82421875 0.5644531
vn 0.04727173 -0.82421875 0.5644531
vn 0.04727173 -0.82421875 0.5644531
vn 0.04727173 -0.82421875 0.5644531
vn 0.16040039 0.02267456 0.9868164
vn 0.16040039 0.02267456 0.9868164
vn 0.16040039 0.02267456 0.9868164
vn 0.15808105 0.02003479 0.9873047
vn -0.9848633 7.605553E-05 0.1743164
vn -0.9848633 7.605553E-05 0.1743164
vn -0.9848633 7.605553E-05 0.1743164
vn -0.9848633 -0.00039172173 0.17382812
vn -0.16052246 -0.012466431 -0.9868164
vn -0.16052246 -0.012466431 -0.9868164
vn -0.16052246 -0.012466431 -0.9868164
vn -0.15808105 -0.015083313 -0.9873047
vn 0.9848633 0.009521484 -0.17443848
vn 0.9848633 0.009521484 -0.17443848
vn 0.9848633 0.009521484 -0.17443848
vn 0.9848633 0.0090789795 -0.1739502
vn -0.62158203 0.013336182 0.7832031
vn -0.62158203 0.013336182 0.7832031
vn -0.62158203 0.013336182 0.7832031
vn -0.62158203 0.013336182 0.7832031
vn -0.7832031 -0.009597778 -0.62158203
vn -0.7832031 -0.009597778 -0.62158203
vn -0.7832031 -0.009597778 -0.62158203
vn -0.7832031 -0.009590149 -0.62158203
vn 0.62158203 -0.0029735565 -0.7832031
vn 0.62158203 -0.0029735565 -0.7832031
vn 0.62158203 -0.0029735565 -0.7832031
vn 0.62158203 -0.0029754639 -0.7832031
vn 0.5185547 -0.8510742 -0.079711914
vn 0.5185547 -0.8510742 -0.079711914
vn 0.5185547 -0.8510742 -0.079711914
vn 0.5185547 -0.8510742 -0.079711914
vn -0.08081055 -0.8588867 -0.5058594
vn -0.08081055 -0.8588867 -0.5058594
vn -0.08081055 -0.8588867 -0.5058594
vn -0.08081055 -0.8588867 -0.5058594
vn -0.51416016 -0.8515625 0.10253906
vn -0.51416016 -0.8515625 0.10253906
vn -0.51416016 -0.8515625 0.10253906
vn -0.51416016 -0.8515625 0.10253906
vn 0.0848999 -0.84472656 0.5288086
vn 0.0848999 -0.84472656 0.5288086
vn 0.0848999 -0.84472656 0.5288086
vn 0.0848999 -0.84472656 0.5288086
vn 0.0018796921 0.00856781 1
vn 0.0018796921 0.00856781 1
vn 0.0018796921 0.00856781 1
vn 0.0018053055 0.008522034 1
vn -1 -0.00015604496 -0.014434814
vn -1 -0.00015604496 -0.014434814
vn -1 -0.00015604496 -0.014434814
vn -1 -0.00028300285 -0.01449585
vn -0.001876831 -0.005306244 -1
vn -0.001876831 -0.005306244 -1
vn -0.001876831 -0.005306244 -1
vn -0.0018081665 -0.005344391 -1
vn 0.9995117 0.023422241 0.0143585205
vn 0.9995117 0.023422241 0.0143585205
vn 0.9995117 0.023422241 0.0143585205
vn 0.9995117 0.02330017 0.014419556
vn -0.74316406 0.005672455 0.6689453
vn -0.74316406 0.005672455 0.6689453
vn -0.74316406 0.005672455 0.6689453
vn -0.74316406 0.0056762695 0.6689453
vn -0.6689453 -0.004081726 -0.74316406
vn -0.6689453 -0.004081726 -0.74316406
vn -0.6689453 -0.004081726 -0.74316406
vn -0.6689453 -0.0040779114 -0.74316406
vn 0.74316406 0.0138168335 -0.6689453
vn 0.74316406 0.0138168335 -0.6689453
vn 0.74316406 0.0138168335 -0.6689453
vn 0.74316406 0.0138168335 -0.6689453
vn 0.52441406 -0.8515625 0.010246277
vn 0.52441406 -0.8515625 0.010246277
vn 0.52441406 -0.8515625 0.010246277
vn 0.52441406 -0.8515625 0.010246277
vn -0.00074100494 -0.85839844 -0.5126953
vn -0.00074100494 -0.85839844 -0.5126953
vn -0.00074100494 -0.85839844 -0.5126953
vn -0.0007419586 -0.85839844 -0.5126953
vn -0.5229492 -0.85253906 -0.004940033
vn -0.5229492 -0.85253906 -0.004940033
vn -0.5229492 -0.85253906 -0.004940033
vn -0.5229492 -0.85253906 -0.0049438477
vn 0.0011520386 -0.8442383 0.53564453
vn 0.0011520386 -0.8442383 0.53564453
vn 0.0011520386 -0.8442383 0.53564453
vn 0.0011510849 -0.8442383 0.53564453
vn -0.0056114197 0.017196655 1
vn -0.0056114197 0.017196655 1
vn -0.0056114197 0.017196655 1
vn -0.0056152344 0.017196655 1
vn -1 3.1232834E-05 -0.0026817322
vn -1 3.1232834E-05 -0.0026817322
vn -1 3.1232834E-05 -0.0026817322
vn -1 -0.00035309792 -0.002811432
vn 0.0056152344 -0.0107040405 -1
vn 0.0056152344 -0.0107040405 -1
vn 0.0056152344 -0.0107040405 -1
vn 0.0056114197 -0.0107040405 -1
vn 1 0.00034570694 0.0026798248
vn 1 0.00034570694 0.0026798248
vn 1 0.00034570694 0.0026798248
vn 1 -3.361702E-05 0.0028133392
vn -0.74902344 0.011451721 0.66259766
vn -0.74902344 0.011451721 0.66259766
vn -0.74902344 0.011451721 0.66259766
vn -0.74902344 0.011451721 0.66259766
vn -0.66259766 -0.008232117 -0.74902344
vn -0.66259766 -0.008232117 -0.74902344
vn -0.66259766 -0.008232117 -0.74902344
vn -0.66259766 -0.008232117 -0.74902344
vn 0.74902344 -0.006855011 -0.66259766
vn 0.74902344 -0.006855011 -0.66259766
vn 0.74902344 -0.006855011 -0.66259766
vn 0.74902344 -0.006855011 -0.66259766
vn 0.55566406 -0.8310547 0.005332947
vn 0.55566406 -0.8310547 0.005332947
vn 0.55566406 -0.8310547 0.005332947
vn 0.55566406 -0.8310547 0.005332947
vn 0.0032024384 -0.83935547 -0.54345703
vn 0.0032024384 -0.83935547 -0.54345703
vn 0.0032024384 -0.83935547 -0.54345703
vn 0.003200531 -0.83935547 -0.54345703
vn -0.5546875 -0.83203125 0.0022125244
vn -0.5546875 -0.83203125 0.0022125244
vn -0.5546875 -0.83203125 0.0022125244
vn -0.5546875 -0.83203125 0.002210617
vn -0.0030345917 -0.82373047 0.56689453
vn -0.0030345917 -0.82373047 0.56689453
vn -0.0030345917 -0.82373047 0.56689453
vn -0.0030345917 -0.82373047 0.56689453
vn 0.33398438 0.021469116 0.9423828
vn 0.33398438 0.021469116 0.9423828
vn 0.33398438 0.021469116 0.9423828
vn 0.33422852 0.022079468 0.9423828
vn -0.9448242 -0.0004720688 0.32714844
vn -0.9448242 -0.0004720688 0.32714844
vn -0.9448242 -0.0004720688 0.32714844
vn -0.9448242 -0.0007686615 0.32714844
vn -0.33398438 -0.01373291 -0.9423828
vn -0.33398438 -0.01373291 -0.9423828
vn -0.33398438 -0.01373291 -0.9423828
vn -0.33422852 -0.013137817 -0.9423828
vn 0.9433594 0.060668945 -0.32666016
vn 0.9433594 0.060668945 -0.32666016
vn 0.9433594 0.060668945 -0.32666016
vn 0.9433594 0.06036377 -0.32666016
vn -0.46850586 0.014694214 0.8833008
vn -0.46850586 0.014694214 0.8833008
vn -0.46850586 0.014694214 0.8833008
vn -0.46850586 0.014701843 0.8833008
vn -0.8833008 -0.010566711 -0.46826172
vn -0.8833008 -0.010566711 -0.46826172
vn -0.8833008 -0.010566711 -0.46826172
vn -0.8833008 -0.010566711 -0.46826172
vn 0.46777344 0.0357666 -0.8833008
vn 0.46777344 0.0357666 -0.8833008
vn 0.46777344 0.0357666 -0.8833008
vn 0.46777344 0.0357666 -0.8833008
vn 0.4963379 -0.8515625 -0.1697998
vn 0.4963379 -0.8515625 -0.1697998
vn 0.4963379 -0.8515625 -0.1697998
vn 0.4963379 -0.8515625 -0.1697998
vn -0.17114258 -0.8588867 -0.48291016
vn -0.17114258 -0.8588867 -0.48291016
vn -0.17114258 -0.8588867 -0.48291016
vn -0.17114258 -0.8588867 -0.48291016
vn -0.49365234 -0.85253906 0.17285156
vn -0.49365234 -0.85253906 0.17285156
vn -0.49365234 -0.85253906 0.17285156
vn -0.49365234 -0.85253906 0.17285156
vn 0.17895508 -0.84472656 0.50439453
vn 0.17895508 -0.84472656 0.50439453
vn 0.17895508 -0.84472656 0.50439453
vn 0.17895508 -0.84472656 0.50439453
vn 0.050933838 0.018936157 0.99853516
vn 0.050933838 0.018936157 0.99853516
vn 0.050933838 0.018936157 0.99853516
vn 0.050933838 0.018936157 0.99853516
vn -0.9995117 -0.0002567768 0.034576416
vn -0.9995117 -0.0002567768 0.034576416
vn -0.9995117 -0.0002567768 0.034576416
vn -0.9995117 -0.00056648254 0.034484863
vn -0.050933838 -0.011779785 -0.99853516
vn -0.050933838 -0.011779785 -0.99853516
vn -0.050933838 -0.011779785 -0.99853516
vn -0.050933838 -0.011779785 -0.99853516
vn 0.9995117 0.000562191 -0.034576416
vn 0.9995117 0.000562191 -0.034576416
vn 0.9995117 0.000562191 -0.034576416
vn 0.9995117 0.00025463104 -0.034484863
vn -0.7133789 0.01260376 0.7006836
vn -0.7133789 0.01260376 0.7006836
vn -0.7133789 0.01260376 0.7006836
vn -0.7133789 0.01260376 0.7006836
vn -0.7006836 -0.009063721 -0.7133789
vn -0.7006836 -0.009063721 -0.7133789
vn -0.7006836 -0.009063721 -0.7133789
vn -0.7006836 -0.009056091 -0.7133789
vn 0.7133789 -0.007545471 -0.7006836
vn 0.7133789 -0.007545471 -0.7006836
vn 0.7133789 -0.007545471 -0.7006836
vn 0.7133789 -0.0075416565 -0.7006836
vn 0.55566406 -0.83154297 -0.015602112
vn 0.55566406 -0.83154297 -0.015602112
vn 0.55566406 -0.83154297 -0.015602112
vn 0.55566406 -0.83154297 -0.015602112
vn -0.027618408 -0.83935547 -0.54296875
vn -0.027618408 -0.83935547 -0.54296875
vn -0.027618408 -0.83935547 -0.54296875
vn -0.027618408 -0.83935547 -0.54296875
vn -0.55371094 -0.83251953 0.02267456
vn -0.55371094 -0.83251953 0.02267456
vn -0.55371094 -0.83251953 0.02267456
vn -0.55371094 -0.83251953 0.02267456
vn 0.028945923 -0.82373047 0.56640625
vn 0.028945923 -0.82373047 0.56640625
vn 0.028945923 -0.82373047 0.56640625
vn 0.028945923 -0.82373047 0.56640625
vn 0.19299316 0.013305664 -0.98095703
vn 0.19299316 0.013305664 -0.98095703
vn 0.19299316 0.013305664 -0.98095703
vn 0.19299316 0.013305664 -0.98095703
vn 0.97753906 -0.00033068657 0.20983887
vn 0.97753906 -0.00033068657 0.20983887
vn 0.97753906 -0.00033068657 0.20983887
vn 0.97753906 -0.0004916191 0.20996094
vn -0.19299316 -0.008277893 0.98095703
vn -0.19299316 -0.008277893 0.98095703
vn -0.19299316 -0.008277893 0.98095703
vn -0.19299316 -0.008277893 0.98095703
vn -0.97753906 0.0004887581 -0.20983887
vn -0.97753906 0.0004887581 -0.20983887
vn -0.97753906 0.0004887581 -0.20983887
vn -0.97753906 0.00032949448 -0.20996094
vn 0.8564453 0.008857727 -0.515625
vn 0.8564453 0.008857727 -0.515625
vn 0.8564453 0.008857727 -0.515625
vn 0.8564453 0.008857727 -0.515625
vn 0.515625 -0.0063667297 0.8564453
vn 0.515625 -0.0063667297 0.8564453
vn 0.515625 -0.0063667297 0.8564453
vn 0.515625 -0.0063667297 0.8564453
vn -0.8564453 -0.0052986145 0.515625
vn -0.8564453 -0.0052986145 0.515625
vn -0.8564453 -0.0052986145 0.515625
vn -0.8564453 -0.0052986145 0.515625
vn -0.5419922 -0.83154297 -0.12213135
vn -0.5419922 -0.83154297 -0.12213135
vn -0.5419922 -0.83154297 -0.12213135
vn -0.5419922 -0.83154297 -0.12213135
vn -0.10498047 -0.83935547 0.5332031
vn -0.10498047 -0.83935547 0.5332031
vn -0.10498047 -0.83935547 0.5332031
vn -0.10498047 -0.83935547 0.5332031
vn 0.54296875 -0.83251953 0.11090088
vn 0.54296875 -0.83251953 0.11090088
vn 0.54296875 -0.83251953 0.11090088
vn 0.54296875 -0.83251953 0.11090088
vn 0.109313965 -0.82373047 -0.55615234
vn 0.109313965 -0.82373047 -0.55615234
vn 0.109313965 -0.82373047 -0.55615234
vn 0.109313965 -0.82373047 -0.55615234
vn 0.9946289 0.015701294 0.101989746
vn 0.9946289 0.015701294 0.101989746
vn 0.9946289 0.015701294 0.101989746
vn 0.9946289 0.017425537 0.101135254
vn -0.08441162 -0.00039553642 0.99658203
vn -0.08441162 -0.00039553642 0.99658203
vn -0.08441162 -0.00039553642 0.99658203
vn -0.084472656 -0.00062561035 0.99658203
vn -0.9946289 -0.01083374 -0.101989746
vn -0.9946289 -0.01083374 -0.101989746
vn -0.9946289 -0.01083374 -0.101989746
vn -0.9946289 -0.009147644 -0.101135254
vn 0.084106445 0.047943115 -0.9951172
vn 0.084106445 0.047943115 -0.9951172
vn 0.084106445 0.047943115 -0.9951172
vn 0.084228516 0.047698975 -0.9951172
vn 0.61865234 0.011604309 0.78564453
vn 0.61865234 0.011604309 0.78564453
vn 0.61865234 0.011604309 0.78564453
vn 0.61865234 0.0116119385 0.78564453
vn -0.78564453 -0.008354187 0.61865234
vn -0.78564453 -0.008354187 0.61865234
vn -0.78564453 -0.008354187 0.61865234
vn -0.78564453 -0.008346558 0.61865234
vn -0.61865234 0.028244019 -0.78515625
vn -0.61865234 0.028244019 -0.78515625
vn -0.61865234 0.028244019 -0.78515625
vn -0.61865234 0.028259277 -0.78515625
vn 0.047698975 -0.8515625 -0.52246094
vn 0.047698975 -0.8515625 -0.52246094
vn 0.047698975 -0.8515625 -0.52246094
vn 0.047698975 -0.8515625 -0.52246094
vn -0.50927734 -0.8588867 -0.0519104
vn -0.50927734 -0.8588867 -0.0519104
vn -0.50927734 -0.8588867 -0.0519104
vn -0.50927734 -0.8588867 -0.0519104
vn -0.040802002 -0.85253906 0.5214844
vn -0.040802002 -0.85253906 0.5214844
vn -0.040802002 -0.85253906 0.5214844
vn -0.040802002 -0.85253906 0.5214844
vn 0.53222656 -0.84472656 0.054016113
vn 0.53222656 -0.84472656 0.054016113
vn 0.53222656 -0.84472656 0.054016113
vn 0.53222656 -0.84472656 0.054016113
vn 0.47265625 -0.05126953 0.8798828
vn 0.47265625 -0.05126953 0.8798828
vn 0.47265625 -0.05126953 0.8798828
vn 0.47265625 -0.05126953 0.8798828
vn 0.8881836 0.025939941 -0.45898438
vn 0.8881836 0.025939941 -0.45898438
vn 0.8881836 0.025939941 -0.45898438
vn 0.8881836 0.025726318 -0.45898438
vn -0.4519043 0.05822754 -0.8901367
vn -0.4519043 0.05822754 -0.8901367
vn -0.4519043 0.05822754 -0.8901367
vn -0.4519043 0.05822754 -0.8901367
vn -0.8876953 -0.025772095 0.4597168
vn -0.8876953 -0.025772095 0.4597168
vn -0.8876953 -0.025772095 0.4597168
vn -0.8876953 -0.025985718 0.4597168
vn 0.9628906 -0.016326904 0.27001953
vn 0.9628906 -0.016326904 0.27001953
vn 0.9628906 -0.016326904 0.27001953
vn 0.9628906 -0.016326904 0.27001953
vn 0.27001953 0.059936523 -0.9609375
vn 0.27001953 0.059936523 -0.9609375
vn 0.27001953 0.059936523 -0.9609375
vn 0.27001953 0.059936523 -0.9609375
vn -0.9628906 0.020812988 -0.27001953
vn -0.9628906 0.020812988 -0.27001953
vn -0.9628906 0.020812988 -0.27001953
vn -0.9628906 0.020812988 -0.27001953
vn -0.61083984 -0.72509766 0.31835938
vn -0.61083984 -0.72509766 0.31835938
vn -0.61083984 -0.72509766 0.31835938
vn -0.61035156 -0.72509766 0.31835938
vn -0.30517578 -0.69091797 -0.6557617
vn -0.30517578 -0.69091797 -0.6557617
vn -0.30517578 -0.69091797 -0.6557617
vn -0.30517578 -0.69091797 -0.6557617
vn 0.64501953 -0.68847656 -0.33154297
vn 0.64501953 -0.68847656 -0.33154297
vn 0.64501953 -0.68847656 -0.33154297
vn 0.64501953 -0.68847656 -0.33154297
vn 0.34765625 -0.7216797 0.5986328
vn 0.34765625 -0.7216797 0.5986328
vn 0.34765625 -0.7216797 0.5986328
vn 0.34765625 -0.7211914 0.5986328
vn 0.9951172 -0.095214844 0.021133423
vn 0.9951172 -0.095214844 0.021133423
vn 0.9951172 -0.095214844 0.021133423
vn 0.9951172 -0.095214844 0.021133423
vn 0.037750244 -0.017105103 -0.99902344
vn 0.037750244 -0.017105103 -0.99902344
vn 0.037750244 -0.017105103 -0.99902344
vn 0.037628174 -0.017532349 -0.99902344
vn -0.99365234 0.103271484 -0.04650879
vn -0.99365234 0.103271484 -0.04650879
vn -0.99365234 0.103271484 -0.04650879
vn -0.99365234 0.103271484 -0.04650879
vn -0.03677368 0.017456055 0.99902344
vn -0.03677368 0.017456055 0.99902344
vn -0.03677368 0.017456055 0.99902344
vn -0.03665161 0.01701355 0.99902344
vn 0.6948242 -0.07635498 -0.71533203
vn 0.6948242 -0.07635498 -0.71533203
vn 0.6948242 -0.07635498 -0.71533203
vn 0.6948242 -0.07635498 -0.71484375
vn -0.69433594 0.082336426 0.71484375
vn -0.69433594 0.082336426 0.71484375
vn -0.69433594 0.082336426 0.71484375
vn -0.69433594 0.082336426 0.71484375
vn -0.033111572 -0.6982422 0.71484375
vn -0.033111572 -0.6982422 0.71484375
vn -0.033111572 -0.6982422 0.71484375
vn -0.033111572 -0.6982422 0.71484375
vn -0.73535156 -0.6772461 -0.031280518
vn -0.73535156 -0.6772461 -0.031280518
vn -0.73535156 -0.6772461 -0.031280518
vn -0.73535156 -0.6772461 -0.031280518
vn 0.01940918 -0.71533203 -0.69873047
vn 0.01940918 -0.71533203 -0.69873047
vn 0.01940918 -0.71533203 -0.69873047
vn 0.01940918 -0.71533203 -0.69873047
vn 0.6777344 -0.73535156 0.017181396
vn 0.6777344 -0.73535156 0.017181396
vn 0.6777344 -0.73535156 0.017181396
vn 0.6777344 -0.73535156 0.017181396
vn -0.2529297 0.0020256042 0.96728516
vn -0.2529297 0.0020256042 0.96728516
vn -0.2529297 0.0020256042 0.96728516
vn -0.2529297 0.002023697 0.96728516
vn 0.97216797 -0.015853882 0.2331543
vn 0.97216797 -0.015853882 0.2331543
vn 0.97216797 -0.015853882 0.2331543
vn 0.97265625 -0.018295288 0.23168945
vn 0.22998047 0.0026798248 -0.97314453
vn 0.22998047 0.0026798248 -0.97314453
vn 0.22998047 0.0026798248 -0.97314453
vn 0.22998047 0.0026779175 -0.97314453
vn -0.97265625 0.018310547 -0.23242188
vn -0.97265625 0.018310547 -0.23242188
vn -0.97265625 0.018310547 -0.23242188
vn -0.97265625 0.015853882 -0.2310791
vn 0.5102539 -0.009819031 0.8598633
vn 0.5102539 -0.009819031 0.8598633
vn 0.5102539 -0.009819031 0.8598633
vn 0.5102539 -0.009819031 0.8598633
vn 0.8378906 -0.010688782 -0.54541016
vn 0.8378906 -0.010688782 -0.54541016
vn 0.8378906 -0.010688782 -0.54541016
vn 0.8378906 -0.010688782 -0.54541016
vn -0.5449219 0.015083313 -0.8383789
vn -0.5449219 0.015083313 -0.8383789
vn -0.5449219 0.015083313 -0.8383789
vn -0.5449219 0.015083313 -0.8383789
vn -0.69384766 -0.69921875 -0.17321777
vn -0.69384766 -0.69921875 -0.17321777
vn -0.69384766 -0.69921875 -0.17321777
vn -0.6928711 -0.69970703 -0.1730957
vn 0.1673584 -0.6772461 -0.7163086
vn 0.1673584 -0.6772461 -0.7163086
vn 0.1673584 -0.6772461 -0.7163086
vn 0.1673584 -0.6772461 -0.7163086
vn 0.6826172 -0.71435547 0.15441895
vn 0.6826172 -0.71435547 0.15441895
vn 0.6826172 -0.71435547 0.15441895
vn 0.6821289 -0.71484375 0.15429688
vn -0.17321777 -0.73535156 0.65478516
vn -0.17321777 -0.73535156 0.65478516
vn -0.17321777 -0.73535156 0.65478516
vn -0.17321777 -0.73535156 0.65478516
vn 0.109069824 0.021270752 0.99365234
vn 0.109069824 0.021270752 0.99365234
vn 0.109069824 0.021270752 0.99365234
vn 0.10827637 0.02003479 0.9941406
vn -0.99560547 7.581711E-05 0.094055176
vn -0.99560547 7.581711E-05 0.094055176
vn -0.99560547 7.581711E-05 0.094055176
vn -0.99560547 -0.00039100647 0.093566895
vn -0.109069824 -0.01247406 -0.9941406
vn -0.109069824 -0.01247406 -0.9941406
vn -0.109069824 -0.01247406 -0.9941406
vn -0.10827637 -0.013671875 -0.9941406
vn 0.9941406 0.054718018 -0.09466553
vn 0.9941406 0.054718018 -0.09466553
vn 0.9941406 0.054718018 -0.09466553
vn 0.9941406 0.054260254 -0.094177246
vn -0.68310547 0.013336182 0.73046875
vn -0.68310547 0.013336182 0.73046875
vn -0.68310547 0.013336182 0.73046875
vn -0.68310547 0.013336182 0.73046875
vn -0.73046875 -0.009590149 -0.68310547
vn -0.73046875 -0.009590149 -0.68310547
vn -0.73046875 -0.009590149 -0.68310547
vn -0.73046875 -0.009590149 -0.6826172
vn 0.6821289 0.032440186 -0.73046875
vn 0.6821289 0.032440186 -0.73046875
vn 0.6821289 0.032440186 -0.73046875
vn 0.6821289 0.032440186 -0.73046875
vn 0.5234375 -0.8510742 -0.037506104
vn 0.5234375 -0.8510742 -0.037506104
vn 0.5234375 -0.8510742 -0.037506104
vn 0.5234375 -0.8510742 -0.037506104
vn -0.055389404 -0.85839844 -0.5102539
vn -0.055389404 -0.85839844 -0.5102539
vn -0.055389404 -0.85839844 -0.5102539
vn -0.055389404 -0.85839844 -0.5102539
vn -0.5205078 -0.8515625 0.060638428
vn -0.5205078 -0.8515625 0.060638428
vn -0.5205078 -0.8515625 0.060638428
vn -0.5205078 -0.8515625 0.060638428
vn 0.05822754 -0.8442383 0.5332031
vn 0.05822754 -0.8442383 0.5332031
vn 0.05822754 -0.8442383 0.5332031
vn 0.05822754 -0.8442383 0.5332031
vn 0.27197266 0.008674622 0.96240234
vn 0.27197266 0.008674622 0.96240234
vn 0.27197266 0.008674622 0.96240234
vn 0.27197266 0.008674622 0.96240234
vn -0.9765625 -0.00013363361 0.21582031
vn -0.9765625 -0.00013363361 0.21582031
vn -0.9765625 -0.00013363361 0.21582031
vn -0.9765625 -7.1525574E-07 0.21594238
vn -0.23840332 0 -0.9711914
vn -0.23840332 0 -0.9711914
vn -0.23840332 0 -0.9711914
vn -0.23840332 3.2782555E-06 -0.9711914
vn 0.9765625 -4.9471855E-06 -0.21447754
vn 0.9765625 -4.9471855E-06 -0.21447754
vn 0.9765625 -4.9471855E-06 -0.21447754
vn 0.9765625 0.00013828278 -0.21447754
vn -0.8510742 1.7285347E-06 -0.52490234
vn -0.8510742 1.7285347E-06 -0.52490234
vn -0.8510742 1.7285347E-06 -0.52490234
vn -0.8510742 0 -0.52490234
vn 0.52490234 -2.3245811E-06 -0.8510742
vn 0.52490234 -2.3245811E-06 -0.8510742
vn 0.52490234 -2.3245811E-06 -0.8510742
vn 0.52490234 -1.4305115E-06 -0.8510742
vn -0.17419434 -0.6875 -0.7050781
vn -0.17419434 -0.6875 -0.7050781
vn -0.17419434 -0.6875 -0.7050781
vn -0.17687988 -0.67041016 -0.7207031
vn -0.66845703 -0.7290039 0.14697266
vn -0.66845703 -0.7290039 0.14697266
vn -0.66845703 -0.7290039 0.14697266
vn -0.65966797 -0.7373047 0.14587402
vn 0.14807129 -0.83984375 0.52246094
vn 0.14807129 -0.83984375 0.52246094
vn 0.14807129 -0.83984375 0.52246094
vn 0.14904785 -0.8364258 0.52734375
vn -0.034118652 0.010444641 0.9995117
vn -0.034118652 0.010444641 0.9995117
vn -0.034118652 0.010444641 0.9995117
vn -0.034118652 0.010444641 0.9995117
vn -1 0.0005559921 -0.006752014
vn -1 0.0005559921 -0.006752014
vn -1 0.0005559921 -0.006752014
vn -1 -1.9669533E-06 -0.0068588257
vn 0.034118652 0 -0.9995117
vn 0.034118652 0 -0.9995117
vn 0.034118652 0 -0.9995117
vn 0.034118652 3.695488E-06 -0.9995117
vn 1 -6.556511E-06 0.006752014
vn 1 -6.556511E-06 0.006752014
vn 1 -6.556511E-06 0.006752014
vn 1 -0.00055646896 0.006855011
vn -0.7480469 0.0073776245 0.6635742
vn -0.7480469 0.0073776245 0.6635742
vn -0.7480469 0.0073776245 0.6635742
vn -0.7480469 0.0073890686 0.6635742
vn -0.6635742 8.940697E-07 -0.7480469
vn -0.6635742 8.940697E-07 -0.7480469
vn -0.6635742 8.940697E-07 -0.7480469
vn -0.6635742 0 -0.7480469
vn 0.7480469 -3.695488E-06 -0.6635742
vn 0.7480469 -3.695488E-06 -0.6635742
vn 0.7480469 -3.695488E-06 -0.6635742
vn 0.7480469 -2.861023E-06 -0.6635742
vn 0.023895264 -0.6879883 -0.72509766
vn 0.023895264 -0.6879883 -0.72509766
vn 0.023895264 -0.6879883 -0.72509766
vn 0.025299072 -0.67041016 -0.7416992
vn -0.67089844 -0.7416992 -0.0043258667
vn -0.67089844 -0.7416992 -0.0043258667
vn -0.67089844 -0.7416992 -0.0043258667
vn -0.67626953 -0.7368164 -0.004638672
vn -0.01838684 -0.8388672 0.54345703
vn -0.01838684 -0.8388672 0.54345703
vn -0.01838684 -0.8388672 0.54345703
vn -0.018661499 -0.83691406 0.546875
vn 0.1508789 0.01058197 0.98828125
vn 0.1508789 0.01058197 0.98828125
vn 0.1508789 0.01058197 0.98828125
vn 0.1508789 0.01058197 0.98828125
vn -0.98876953 -4.374981E-05 0.14831543
vn -0.98876953 -4.374981E-05 0.14831543
vn -0.98876953 -4.374981E-05 0.14831543
vn -0.98876953 -0.0002567768 0.14807129
vn -0.1508789 -0.0065841675 -0.98876953
vn -0.1508789 -0.0065841675 -0.98876953
vn -0.1508789 -0.0065841675 -0.98876953
vn -0.1508789 -0.0065841675 -0.98876953
vn 0.98876953 0.00025224686 -0.14831543
vn 0.98876953 0.00025224686 -0.14831543
vn 0.98876953 0.00025224686 -0.14831543
vn 0.98876953 4.4047832E-05 -0.14807129
vn -0.6357422 0.007045746 0.7714844
vn -0.6357422 0.007045746 0.7714844
vn -0.6357422 0.007045746 0.7714844
vn -0.6357422 0.007045746 0.77197266
vn -0.77197266 -0.005065918 -0.6357422
vn -0.77197266 -0.005065918 -0.6357422
vn -0.77197266 -0.005065918 -0.6357422
vn -0.77197266 -0.0050621033 -0.6357422
vn 0.6357422 -0.0042152405 -0.77197266
vn 0.6357422 -0.0042152405 -0.77197266
vn 0.6357422 -0.0042152405 -0.77197266
vn 0.6357422 -0.0042152405 -0.77197266
vn 0.55078125 -0.83154297 -0.075683594
vn 0.55078125 -0.83154297 -0.075683594
vn 0.55078125 -0.83154297 -0.075683594
vn 0.55078125 -0.83154297 -0.075683594
vn -0.08190918 -0.83935547 -0.53759766
vn -0.08190918 -0.83935547 -0.53759766
vn -0.08190918 -0.83935547 -0.53759766
vn -0.08190918 -0.83935547 -0.5371094
vn -0.5473633 -0.83203125 0.08868408
vn -0.5473633 -0.83203125 0.08868408
vn -0.5473633 -0.83203125 0.08868408
vn -0.5473633 -0.83203125 0.08868408
vn 0.08569336 -0.82373047 0.5605469
vn 0.08569336 -0.82373047 0.5605469
vn 0.08569336 -0.82373047 0.5605469
vn 0.08569336 -0.82373047 0.5605469
vn 0.67285156 -0.7392578 -0.012954712
vn 0.67285156 -0.7392578 -0.012954712
vn 0.67285156 -0.7392578 -0.012954712
vn 0.67285156 -0.7392578 -0.012954712
vn -0.011657715 -0.70703125 0.70751953
vn -0.011657715 -0.70703125 0.70751953
vn -0.011657715 -0.70703125 0.70751953
vn -0.011665344 -0.70703125 0.70751953
vn -0.6738281 -0.73876953 -0.01689148
vn -0.6738281 -0.73876953 -0.01689148
vn -0.6738281 -0.73876953 -0.01689148
vn -0.6738281 -0.73876953 -0.01689148
vn 0.011100769 -0.68896484 -0.7246094
vn 0.011100769 -0.68896484 -0.7246094
vn 0.011100769 -0.68896484 -0.7246094
vn 0.011100769 -0.68896484 -0.7246094
vn 0.015899658 0.025802612 -0.9995117
vn 0.015899658 0.025802612 -0.9995117
vn 0.015899658 0.025802612 -0.9995117
vn 0.015899658 0.025802612 -0.9995117
vn -1 0.0009036064 -0.0029029846
vn -1 0.0009036064 -0.0029029846
vn -1 0.0009036064 -0.0029029846
vn -1 0.00092601776 -0.002916336
vn -0.015899658 -0.018920898 0.9995117
vn -0.015899658 -0.018920898 0.9995117
vn -0.015899658 -0.018920898 0.9995117
vn -0.015899658 -0.018920898 0.9995117
vn 1 -0.0009274483 0.0029029846
vn 1 -0.0009274483 0.0029029846
vn 1 -0.0009274483 0.0029029846
vn 1 -0.0009050369 0.0029182434
vn -0.65478516 0.020050049 -0.7553711
vn -0.65478516 0.020050049 -0.7553711
vn -0.65478516 0.020050049 -0.7553711
vn -0.65478516 0.020050049 -0.7553711
vn 0.6723633 0.018539429 -0.7397461
vn 0.6723633 0.018539429 -0.7397461
vn 0.6723633 0.018539429 -0.7397461
vn 0.6723633 0.018554688 -0.7397461
vn 0.65478516 -0.014884949 0.7553711
vn 0.65478516 -0.014884949 0.7553711
vn 0.65478516 -0.014884949 0.7553711
vn 0.65478516 -0.014877319 0.7553711
vn -0.7890625 -0.61376953 -0.020370483
vn -0.7890625 -0.61376953 -0.020370483
vn -0.7890625 -0.61376953 -0.020370483
vn -0.7890625 -0.61376953 -0.020370483
vn 0.020965576 -0.70703125 -0.70703125
vn 0.020965576 -0.70703125 -0.70703125
vn 0.020965576 -0.70703125 -0.70703125
vn 0.020965576 -0.70703125 -0.70703125
vn 0.7890625 -0.61376953 0.020370483
vn 0.7890625 -0.61376953 0.020370483
vn 0.7890625 -0.61376953 0.020370483
vn 0.7890625 -0.61376953 0.020370483
vn -0.020965576 -0.70703125 0.70703125
vn -0.020965576 -0.70703125 0.70703125
vn -0.020965576 -0.70703125 0.70703125
vn -0.020965576 -0.70703125 0.70703125
vn -0.029632568 0.009101868 0.9995117
vn -0.029632568 0.009101868 0.9995117
vn -0.029632568 0.009101868 0.9995117
vn -0.029632568 0.009101868 0.9995117
vn 0.9995117 1.090765E-05 0.025939941
vn 0.9995117 1.090765E-05 0.025939941
vn 0.9995117 1.090765E-05 0.025939941
vn 0.9995117 -0.00016355515 0.025802612
vn 0.029647827 2.503395E-06 -0.9995117
vn 0.029647827 2.503395E-06 -0.9995117
vn 0.029647827 2.503395E-06 -0.9995117
vn 0.029632568 7.1525574E-07 -0.9995117
vn -0.9995117 0.00016355515 -0.025939941
vn -0.9995117 0.00016355515 -0.025939941
vn -0.9995117 0.00016355515 -0.025939941
vn -0.9995117 -9.715557E-06 -0.025802612
vn 0.7841797 0.005466461 0.62060547
vn 0.7841797 0.005466461 0.62060547
vn 0.7841797 0.005466461 0.62060547
vn 0.7841797 0.005470276 0.62060547
vn 0.7944336 -0.00012600422 -0.6069336
vn 0.7944336 -0.00012600422 -0.6069336
vn 0.7944336 -0.00012600422 -0.6069336
vn 0.7944336 -0.00012254715 -0.6069336
vn -0.8129883 -0.57470703 -0.093811035
vn -0.8129883 -0.57470703 -0.093811035
vn -0.8129883 -0.57470703 -0.093811035
vn -0.8129883 -0.57470703 -0.093811035
vn 0.08288574 -0.70703125 -0.70214844
vn 0.08288574 -0.70703125 -0.70214844
vn 0.08288574 -0.70703125 -0.70214844
vn 0.08288574 -0.70703125 -0.70214844
vn 0.8129883 -0.57470703 0.093811035
vn 0.8129883 -0.57470703 0.093811035
vn 0.8129883 -0.57470703 0.093811035
vn 0.8129883 -0.57470703 0.093811035
vn -0.08288574 -0.70703125 0.70214844
vn -0.08288574 -0.70703125 0.70214844
vn -0.08288574 -0.70703125 0.70214844
vn -0.08288574 -0.70703125 0.70214844
vn -0.117248535 0.011810303 0.99316406
vn -0.117248535 0.011810303 0.99316406
vn -0.117248535 0.011810303 0.99316406
vn -0.117248535 0.011810303 0.99316406
vn 0.99316406 0.00020301342 0.114746094
vn 0.99316406 0.00020301342 0.114746094
vn 0.99316406 0.00020301342 0.114746094
vn 0.99316406 1.1920929E-06 0.11462402
vn 0.117248535 9.834766E-06 -0.99316406
vn 0.117248535 9.834766E-06 -0.99316406
vn 0.117248535 9.834766E-06 -0.99316406
vn 0.117248535 6.735325E-06 -0.99316406
vn -0.99316406 -4.7683716E-07 -0.114746094
vn -0.99316406 -4.7683716E-07 -0.114746094
vn -0.99316406 -4.7683716E-07 -0.114746094
vn -0.99316406 -0.000202775 -0.11462402
vn 0.87158203 6.2584877E-06 -0.49023438
vn 0.87158203 6.2584877E-06 -0.49023438
vn 0.87158203 6.2584877E-06 -0.49023438
vn 0.87158203 5.9604645E-06 -0.49023438
vn -0.80322266 -0.57470703 -0.15673828
vn -0.80322266 -0.57470703 -0.15673828
vn -0.80322266 -0.57470703 -0.15673828
vn -0.80322266 -0.57470703 -0.15673828
vn 0.13549805 -0.70703125 -0.69384766
vn 0.13549805 -0.70703125 -0.69384766
vn 0.13549805 -0.70703125 -0.69384766
vn 0.13549805 -0.70703125 -0.69433594
vn 0.80322266 -0.57470703 0.15673828
vn 0.80322266 -0.57470703 0.15673828
vn 0.80322266 -0.57470703 0.15673828
vn 0.80322266 -0.57470703 0.15673828
vn -0.13549805 -0.70703125 0.69384766
vn -0.13549805 -0.70703125 0.69384766
vn -0.13549805 -0.70703125 0.69384766
vn -0.13549805 -0.70703125 0.69384766
vn -0.19152832 0.007972717 0.9814453
vn -0.19152832 0.007972717 0.9814453
vn -0.19152832 0.007972717 0.9814453
vn -0.19152832 0.007980347 0.9814453
vn 0.9814453 0.00015604496 0.19165039
vn 0.9814453 0.00015604496 0.19165039
vn 0.9814453 0.00015604496 0.19165039
vn 0.9814453 2.0861626E-06 0.19152832
vn 0.19152832 6.556511E-06 -0.9814453
vn 0.19152832 6.556511E-06 -0.9814453
vn 0.19152832 6.556511E-06 -0.9814453
vn 0.19152832 4.4107437E-06 -0.9814453
vn -0.9814453 -2.861023E-06 -0.19165039
vn -0.9814453 -2.861023E-06 -0.19165039
vn -0.9814453 -2.861023E-06 -0.19165039
vn -0.9814453 -0.00014936924 -0.19152832
vn 0.90625 4.5895576E-06 -0.42260742
vn 0.90625 4.5895576E-06 -0.42260742
vn 0.90625 4.5895576E-06 -0.42260742
vn 0.90625 3.6358833E-06 -0.42260742
vn 0.6508789 -0.7392578 -0.17089844
vn 0.6508789 -0.7392578 -0.17089844
vn 0.6508789 -0.7392578 -0.17089844
vn 0.6508789 -0.7392578 -0.17089844
vn 0.16320801 -0.70703125 0.68847656
vn 0.16320801 -0.70703125 0.68847656
vn 0.16320801 -0.70703125 0.68847656
vn 0.16320801 -0.70703125 0.68847656
vn -0.6586914 -0.73876953 0.14221191
vn -0.6586914 -0.73876953 0.14221191
vn -0.6586914 -0.73876953 0.14221191
vn -0.6586914 -0.73876953 0.14221191
vn -0.16760254 -0.68896484 -0.7050781
vn -0.16760254 -0.68896484 -0.7050781
vn -0.16760254 -0.68896484 -0.7050781
vn -0.16760254 -0.68896484 -0.7050781
vn -0.23071289 0.04650879 -0.9716797
vn -0.23071289 0.04650879 -0.9716797
vn -0.23071289 0.04650879 -0.9716797
vn -0.23071289 0.04650879 -0.9716797
vn -0.97265625 0.0016613007 0.23254395
vn -0.97265625 0.0016613007 0.23254395
vn -0.97265625 0.0016613007 0.23254395
vn -0.97265625 0.0016908646 0.23254395
vn 0.23083496 -0.034118652 0.97216797
vn 0.23083496 -0.034118652 0.97216797
vn 0.23083496 -0.034118652 0.97216797
vn 0.23083496 -0.034118652 0.97216797
vn 0.97265625 -0.0016937256 -0.23254395
vn 0.97265625 -0.0016937256 -0.23254395
vn 0.97265625 -0.0016937256 -0.23254395
vn 0.97265625 -0.0016622543 -0.23254395
vn -0.8144531 0.036132812 -0.57910156
vn -0.8144531 0.036132812 -0.57910156
vn -0.8144531 0.036132812 -0.57910156
vn -0.8144531 0.036132812 -0.57910156
vn 0.47875977 0.033416748 -0.8774414
vn 0.47875977 0.033416748 -0.8774414
vn 0.47875977 0.033416748 -0.8774414
vn 0.47875977 0.033416748 -0.8774414
vn 0.8144531 -0.026809692 0.57910156
vn 0.8144531 -0.026809692 0.57910156
vn 0.8144531 -0.026809692 0.57910156
vn 0.8144531 -0.026809692 0.57910156
vn 0.67285156 -0.7397461 -0.009391785
vn 0.67285156 -0.7397461 -0.009391785
vn 0.67285156 -0.7397461 -0.009391785
vn 0.67285156 -0.7397461 -0.009391785
vn -0.009536743 -0.70703125 0.70751953
vn -0.009536743 -0.70703125 0.70751953
vn -0.009536743 -0.70703125 0.70751953
vn -0.009536743 -0.70703125 0.70751953
vn -0.6738281 -0.73876953 -0.012252808
vn -0.6738281 -0.73876953 -0.012252808
vn -0.6738281 -0.73876953 -0.012252808
vn -0.6738281 -0.73876953 -0.012252808
vn 0.0090789795 -0.68896484 -0.7246094
vn 0.0090789795 -0.68896484 -0.7246094
vn 0.0090789795 -0.68896484 -0.7246094
vn 0.0090789795 -0.68896484 -0.7246094
vn 0.0129776 0.087402344 -0.99609375
vn 0.0129776 0.087402344 -0.99609375
vn 0.0129776 0.087402344 -0.99609375
vn 0.0129776 0.087402344 -0.99609375
vn -1 0.002998352 -0.0020713806
vn -1 0.002998352 -0.0020713806
vn -1 0.002998352 -0.0020713806
vn -1 0.0030937195 -0.0020828247
vn -0.012992859 -0.06414795 0.9980469
vn -0.012992859 -0.06414795 0.9980469
vn -0.012992859 -0.06414795 0.9980469
vn -0.012992859 -0.06414795 0.9980469
vn 1 -0.0030994415 0.0020713806
vn 1 -0.0030994415 0.0020713806
vn 1 -0.0030994415 0.0020713806
vn 1 -0.0030021667 0.002084732
vn -0.6538086 0.06793213 -0.75341797
vn -0.6538086 0.06793213 -0.75341797
vn -0.6538086 0.06793213 -0.75341797
vn -0.6538086 0.067993164 -0.75341797
vn 0.6713867 0.06286621 -0.73828125
vn 0.6713867 0.06286621 -0.73828125
vn 0.6713867 0.06286621 -0.73828125
vn 0.6713867 0.062927246 -0.73828125
vn 0.6542969 -0.05050659 0.75439453
vn 0.6542969 -0.05050659 0.75439453
vn 0.6542969 -0.05050659 0.75439453
vn 0.6542969 -0.050476074 0.75439453
vn 0.034820557 0.007320404 0.9995117
vn 0.034820557 0.007320404 0.9995117
vn 0.034820557 0.007320404 0.9995117
vn 0.034820557 0.0073242188 0.9995117
vn -1 -6.0915947E-05 -0.016464233
vn -1 -6.0915947E-05 -0.016464233
vn -1 -6.0915947E-05 -0.016464233
vn -1 -1.3709068E-06 -0.016448975
vn -1.7881393E-06 7.1525574E-07 -1
vn -1.7881393E-06 7.1525574E-07 -1
vn -1.7881393E-06 7.1525574E-07 -1
vn -2.503395E-06 2.8014183E-06 -1
vn 1 -4.23193E-06 0.01727295
vn 1 -4.23193E-06 0.01727295
vn 1 -4.23193E-06 0.01727295
vn 1 6.4492226E-05 0.017242432
vn -0.7128906 0.005176544 0.7011719
vn -0.7128906 0.005176544 0.7011719
vn -0.7128906 0.005176544 0.7011719
vn -0.7128906 0.0051841736 0.7011719
vn -0.7011719 5.364418E-07 -0.7128906
vn -0.7011719 5.364418E-07 -0.7128906
vn -0.7011719 5.364418E-07 -0.7128906
vn -0.7011719 4.7683716E-07 -0.7128906
vn 0.7128906 -2.026558E-06 -0.7011719
vn 0.7128906 -2.026558E-06 -0.7011719
vn 0.7128906 -2.026558E-06 -0.7011719
vn 0.7128906 -2.026558E-06 -0.7011719
vn -0.0010766983 -0.6875 -0.7265625
vn -0.0010766983 -0.6875 -0.7265625
vn -0.0010766983 -0.6875 -0.7265625
vn -1.847744E-06 -0.67041016 -0.7416992
vn -0.68310547 -0.73046875 -0.011787415
vn -0.68310547 -0.73046875 -0.011787415
vn -0.68310547 -0.73046875 -0.011787415
vn -0.67529297 -0.7373047 -0.011108398
vn 0.01928711 -0.83984375 0.54248047
vn 0.01928711 -0.83984375 0.54248047
vn 0.01928711 -0.83984375 0.54248047
vn 0.019073486 -0.8364258 0.5473633
vn 0.007873535 0.036895752 0.9995117
vn 0.007873535 0.036895752 0.9995117
vn 0.007873535 0.036895752 0.9995117
vn 0.007865906 0.036895752 0.9995117
vn -1 -0.00046801567 0.0050811768
vn -1 -0.00046801567 0.0050811768
vn -1 -0.00046801567 0.0050811768
vn -1 -0.0003156662 0.0051193237
vn -0.0015058517 -0.022964478 -0.9995117
vn -0.0015058517 -0.022964478 -0.9995117
vn -0.0015058517 -0.022964478 -0.9995117
vn -0.0015068054 -0.022964478 -0.9995117
vn 1 0.00029420853 -0.0055007935
vn 1 0.00029420853 -0.0055007935
vn 1 0.00029420853 -0.0055007935
vn 1 -0.00064754486 -0.0052375793
vn -0.70410156 0.025726318 0.70996094
vn -0.70410156 0.025726318 0.70996094
vn -0.70410156 0.025726318 0.70996094
vn -0.70410156 0.025726318 0.70996094
vn -0.6538086 -0.017654419 -0.75634766
vn -0.6538086 -0.017654419 -0.75634766
vn -0.6538086 -0.017654419 -0.75634766
vn -0.6538086 -0.017654419 -0.75634766
vn 0.75634766 -0.014701843 -0.6538086
vn 0.75634766 -0.014701843 -0.6538086
vn 0.75634766 -0.014701843 -0.6538086
vn 0.75634766 -0.014701843 -0.6538086
vn 0.55615234 -0.8310547 0.0032806396
vn 0.55615234 -0.8310547 0.0032806396
vn 0.55615234 -0.8310547 0.0032806396
vn 0.55908203 -0.82910156 0.0034370422
vn -0.000702858 -0.8388672 -0.5439453
vn -0.000702858 -0.8388672 -0.5439453
vn -0.000702858 -0.8388672 -0.5439453
vn -0.0007033348 -0.8388672 -0.5439453
vn -0.55371094 -0.83251953 0.009262085
vn -0.55371094 -0.83251953 0.009262085
vn -0.55371094 -0.83251953 0.009262085
vn -0.5551758 -0.83154297 0.009155273
vn -0.8173828 -0.57470703 0.037200928
vn -0.8173828 -0.57470703 0.037200928
vn -0.8173828 -0.57470703 0.037200928
vn -0.8173828 -0.57470703 0.037200928
vn -0.018356323 -0.70703125 -0.70703125
vn -0.018356323 -0.70703125 -0.70703125
vn -0.018356323 -0.70703125 -0.70703125
vn -0.018356323 -0.70703125 -0.70703125
vn 0.8173828 -0.57470703 -0.037200928
vn 0.8173828 -0.57470703 -0.037200928
vn 0.8173828 -0.57470703 -0.037200928
vn 0.8173828 -0.57470703 -0.037200928
vn 0.018356323 -0.70703125 0.70703125
vn 0.018356323 -0.70703125 0.70703125
vn 0.018356323 -0.70703125 0.70703125
vn 0.018356323 -0.70703125 0.70703125
vn 0.025939941 0.008308411 0.9995117
vn 0.025939941 0.008308411 0.9995117
vn 0.025939941 0.008308411 0.9995117
vn 0.025939941 0.008308411 0.9995117
vn 0.99902344 0.0001475811 -0.04534912
vn 0.99902344 0.0001475811 -0.04534912
vn 0.99902344 0.0001475811 -0.04534912
vn 0.99902344 2.3245811E-06 -0.04547119
vn -0.025939941 6.735325E-06 -0.9995117
vn -0.025939941 6.735325E-06 -0.9995117
vn -0.025939941 6.735325E-06 -0.9995117
vn -0.025939941 4.708767E-06 -0.9995117
vn -0.99902344 -5.4240227E-06 0.04534912
vn -0.99902344 -5.4240227E-06 0.04534912
vn -0.99902344 -5.4240227E-06 0.04534912
vn -0.99902344 -0.00014138222 0.045440674
vn 0.78222656 5.185604E-06 -0.6230469
vn 0.78222656 5.185604E-06 -0.6230469
vn 0.78222656 5.185604E-06 -0.6230469
vn 0.78222656 4.23193E-06 -0.6230469
vn -0.7558594 -0.61376953 0.22875977
vn -0.7558594 -0.61376953 0.22875977
vn -0.7558594 -0.61376953 0.22875977
vn -0.7558594 -0.61376953 0.22875977
vn -0.21362305 -0.70703125 -0.6743164
vn -0.21362305 -0.70703125 -0.6743164
vn -0.21362305 -0.70703125 -0.6743164
vn -0.21362305 -0.70703125 -0.6743164
vn 0.7558594 -0.61376953 -0.22875977
vn 0.7558594 -0.61376953 -0.22875977
vn 0.7558594 -0.61376953 -0.22875977
vn 0.7558594 -0.61376953 -0.22875977
vn 0.21362305 -0.70703125 0.6743164
vn 0.21362305 -0.70703125 0.6743164
vn 0.21362305 -0.70703125 0.6743164
vn 0.21362305 -0.70703125 0.6743164
vn 0.30200195 0.009101868 0.953125
vn 0.30200195 0.009101868 0.953125
vn 0.30200195 0.009101868 0.953125
vn 0.30200195 0.009101868 0.953125
vn 0.95751953 0.0002207756 -0.2890625
vn 0.95751953 0.0002207756 -0.2890625
vn 0.95751953 0.0002207756 -0.2890625
vn 0.95703125 -0.00016403198 -0.28979492
vn -0.30200195 1.9669533E-06 -0.953125
vn -0.30200195 1.9669533E-06 -0.953125
vn -0.30200195 1.9669533E-06 -0.953125
vn -0.30200195 1.7881393E-07 -0.953125
vn -0.95751953 0.00016331673 0.2890625
vn -0.95751953 0.00016331673 0.2890625
vn -0.95751953 0.00016331673 0.2890625
vn -0.95703125 -0.00021541119 0.28979492
vn 0.5449219 -0.00012636185 -0.8388672
vn 0.5449219 -0.00012636185 -0.8388672
vn 0.5449219 -0.00012636185 -0.8388672
vn 0.5449219 -0.0001218915 -0.8388672
vn -0.77685547 -0.61376953 0.14074707
vn -0.77685547 -0.61376953 0.14074707
vn -0.77685547 -0.61376953 0.14074707
vn -0.77685547 -0.61376953 0.14074707
vn -0.12310791 -0.70703125 -0.69628906
vn -0.12310791 -0.70703125 -0.69628906
vn -0.12310791 -0.70703125 -0.69628906
vn -0.12310791 -0.70703125 -0.69628906
vn 0.77685547 -0.61376953 -0.14074707
vn 0.77685547 -0.61376953 -0.14074707
vn 0.77685547 -0.61376953 -0.14074707
vn 0.77685547 -0.61376953 -0.14074707
vn 0.12310791 -0.70703125 0.69628906
vn 0.12310791 -0.70703125 0.69628906
vn 0.12310791 -0.70703125 0.69628906
vn 0.12310791 -0.70703125 0.69628906
vn 0.17407227 0.009101868 0.9848633
vn 0.17407227 0.009101868 0.9848633
vn 0.17407227 0.009101868 0.9848633
vn 0.17407227 0.009101868 0.9848633
vn 0.9838867 1.090765E-05 -0.17822266
vn 0.9838867 1.090765E-05 -0.17822266
vn 0.9838867 1.090765E-05 -0.17822266
vn 0.9838867 -0.00016343594 -0.17834473
vn -0.17407227 2.4437904E-06 -0.9848633
vn -0.17407227 2.4437904E-06 -0.9848633
vn -0.17407227 2.4437904E-06 -0.9848633
vn -0.17407227 5.364418E-07 -0.9848633
vn -0.9838867 0.00016307831 0.17822266
vn -0.9838867 0.00016307831 0.17822266
vn -0.9838867 0.00016307831 0.17822266
vn -0.9838867 -8.46386E-06 0.17834473
vn 0.89404297 0.005466461 0.4477539
vn 0.89404297 0.005466461 0.4477539
vn 0.89404297 0.005466461 0.4477539
vn 0.89404297 0.005470276 0.4477539
vn 0.6542969 -0.00012600422 -0.75634766
vn 0.6542969 -0.00012600422 -0.75634766
vn 0.6542969 -0.00012600422 -0.75634766
vn 0.6542969 -0.00012242794 -0.75634766
vn -0.7895508 -0.61376953 0.015396118
vn -0.7895508 -0.61376953 0.015396118
vn -0.7895508 -0.61376953 0.015396118
vn -0.7895508 -0.61376953 0.015403748
vn -0.010818481 -0.70654297 -0.70751953
vn -0.010818481 -0.70654297 -0.70751953
vn -0.010818481 -0.70654297 -0.70751953
vn -0.010818481 -0.70654297 -0.70751953
vn 0.7895508 -0.61376953 -0.015411377
vn 0.7895508 -0.61376953 -0.015411377
vn 0.7895508 -0.61376953 -0.015411377
vn 0.7895508 -0.61376953 -0.015411377
vn 0.010810852 -0.70654297 0.70751953
vn 0.010810852 -0.70654297 0.70751953
vn 0.010810852 -0.70654297 0.70751953
vn 0.010818481 -0.70654297 0.70751953
vn 0.015289307 0.011192322 1
vn 0.015289307 0.011192322 1
vn 0.015289307 0.011192322 1
vn 0.015289307 0.011192322 1
vn 1 0.00027227402 -0.018966675
vn 1 0.00027227402 -0.018966675
vn 1 0.00027227402 -0.018966675
vn 1 -0.0002014637 -0.019500732
vn -0.015281677 -1.2516975E-06 -1
vn -0.015281677 -1.2516975E-06 -1
vn -0.015281677 -1.2516975E-06 -1
vn -0.015289307 -4.053116E-06 -1
vn -1 0.0002001524 0.018966675
vn -1 0.0002001524 0.018966675
vn -1 0.0002001524 0.018966675
vn -1 -0.00026774406 0.019515991
vn 0.75146484 -0.00015509129 -0.65966797
vn 0.75146484 -0.00015509129 -0.65966797
vn 0.75146484 -0.00015509129 -0.65966797
vn 0.75146484 -0.00014996529 -0.65966797
vn -0.265625 -0.09442139 0.95947266
vn -0.265625 -0.09442139 0.95947266
vn -0.265625 -0.09442139 0.95947266
vn -0.27368164 -0.062805176 0.95996094
vn 0.9555664 -0.027526855 0.2939453
vn 0.9555664 -0.027526855 0.2939453
vn 0.9555664 -0.027526855 0.2939453
vn 0.9555664 -0.027694702 0.2939453
vn 0.27954102 0.07116699 -0.95751953
vn 0.27954102 0.07116699 -0.95751953
vn 0.27954102 0.07116699 -0.95751953
vn 0.27954102 0.07116699 -0.95751953
vn -0.9555664 0.027648926 -0.2932129
vn -0.9555664 0.027648926 -0.2932129
vn -0.9555664 0.027648926 -0.2932129
vn -0.9555664 0.02746582 -0.2932129
vn 0.48486328 -0.062927246 0.8720703
vn 0.48486328 -0.062927246 0.8720703
vn 0.48486328 -0.062927246 0.8720703
vn 0.48486328 -0.062927246 0.8725586
vn 0.87402344 0.03189087 -0.484375
vn 0.87402344 0.03189087 -0.484375
vn 0.87402344 0.03189087 -0.484375
vn 0.87402344 0.03189087 -0.484375
vn -0.48486328 0.06896973 -0.8720703
vn -0.48486328 0.06896973 -0.8720703
vn -0.48486328 0.06896973 -0.8720703
vn -0.48461914 0.06896973 -0.8720703
vn -0.68115234 -0.7011719 -0.20922852
vn -0.68115234 -0.7011719 -0.20922852
vn -0.68115234 -0.7011719 -0.20922852
vn -0.6777344 -0.7050781 -0.2084961
vn 0.20300293 -0.68896484 -0.6958008
vn 0.20300293 -0.68896484 -0.6958008
vn 0.20300293 -0.68896484 -0.6958008
vn 0.20300293 -0.68896484 -0.6958008
vn 0.67041016 -0.7128906 0.20544434
vn 0.67041016 -0.7128906 0.20544434
vn 0.67041016 -0.7128906 0.20544434
vn 0.67041016 -0.7128906 0.20544434
vn -0.18920898 -0.72509766 0.6621094
vn -0.18920898 -0.72509766 0.6621094
vn -0.18920898 -0.72509766 0.6621094
vn -0.18920898 -0.72509766 0.6621094
vn -0 -1 -2.1457672E-06
vn -0 -1 -2.1457672E-06
vn -0 -1 -2.1457672E-06
vn -0.0016918182 -1 0.0017051697
vn 4.464388E-05 -1 0.008018494
vn 4.464388E-05 -1 0.008018494
vn 4.464388E-05 -1 0.008018494
vn 4.464388E-05 -1 0.008018494
vn 0.0044937134 -1 0.016494751
vn 0.0044937134 -1 0.016494751
vn 0.0044937134 -1 0.016494751
vn 0.0044937134 -1 0.016494751
vn 4.4465065E-05 -1 0.012313843
vn 4.4465065E-05 -1 0.012313843
vn 4.4465065E-05 -1 0.012313843
vn 4.476309E-05 -1 0.012313843
vn 0.0017595291 -1 0.0037498474
vn 0.0017595291 -1 0.0037498474
vn 0.0017595291 -1 0.0037498474
vn 0.0017595291 -1 0.0037498474
vn 0.00045681 -1 0.0041160583
vn 0.00045681 -1 0.0041160583
vn 0.00045681 -1 0.0041160583
vn 4.5835972E-05 -1 0.00447464
vn 0.0024375916 -1 0.013442993
vn 0.0024375916 -1 0.013442993
vn 0.0024375916 -1 0.013442993
vn 0.0024356842 -1 0.013442993
vn 0.00022304058 -1 0.0031013489
vn 0.00022304058 -1 0.0031013489
vn 0.00022304058 -1 0.0031013489
vn 0.00022244453 -1 0.0031013489
vn 0.00015318394 -1 0.0045318604
vn 0.00015318394 -1 0.0045318604
vn 0.00015318394 -1 0.0045318604
vn 0.0001540184 -1 0.0045318604
vn 0.0008163452 -1 0.0020713806
vn 0.0008163452 -1 0.0020713806
vn 0.0008163452 -1 0.0020713806
vn 0.00081682205 -1 0.0020713806
vn 0.00030231476 -1 0.0042762756
vn 0.00030231476 -1 0.0042762756
vn 0.00030231476 -1 0.0042762756
vn 0.00030231476 -1 0.0042762756
vn 0.0011806488 -1 -0.006614685
vn 0.0011806488 -1 -0.006614685
vn 0.0011806488 -1 -0.006614685
vn 0.0011806488 -1 -0.006614685
vn 0.003967285 -1 0.0002706051
vn 0.003967285 -1 0.0002706051
vn 0.003967285 -1 0.0002706051
vn 0.003967285 -1 0.00027108192
vn 0.030715942 -0.9995117 -0.0132751465
vn 0.030715942 -0.9995117 -0.0132751465
vn 0.030715942 -0.9995117 -0.0132751465
vn 0.031219482 -0.9995117 -0.013168335
vn -0.009963989 -1 0.0039634705
vn -0.009963989 -1 0.0039634705
vn -0.009963989 -1 0.0039634705
vn -0.009803772 -1 0.0037136078
vn 0.0001411438 -1 -0.0116119385
vn 0.0001411438 -1 -0.0116119385
vn 0.0001411438 -1 -0.0116119385
vn -5.221367E-05 -1 -0.011947632
vn 0.0016765594 -1 0.0135650635
vn 0.0016765594 -1 0.0135650635
vn 0.0016765594 -1 0.0135650635
vn 0.0016756058 -1 0.0135650635
vn -1.013279E-06 -1 -2.6226044E-06
vn -1.013279E-06 -1 -2.6226044E-06
vn -1.013279E-06 -1 -2.6226044E-06
vn -0.00067806244 -1 0.0018959045
vn -1.1920929E-07 -1 -1.5497208E-06
vn -1.1920929E-07 -1 -1.5497208E-06
vn -1.1920929E-07 -1 -1.5497208E-06
vn -0.0008544922 -1 0.0008330345
vn 0.0013828278 -1 0.007896423
vn 0.0013828278 -1 0.007896423
vn 0.0013828278 -1 0.007896423
vn 0.0013828278 -1 0.007896423
vn -0.0002784729 -1 -0.020187378
vn -0.0002784729 -1 -0.020187378
vn -0.0002784729 -1 -0.020187378
vn -0.00027823448 -1 -0.020187378
vn 5.9604645E-07 -1 -2.861023E-06
vn 5.9604645E-07 -1 -2.861023E-06
vn 5.9604645E-07 -1 -2.861023E-06
vn -1.7881393E-07 -1 -3.3974648E-06
vn 1.7881393E-07 -1 -2.9206276E-06
vn 1.7881393E-07 -1 -2.9206276E-06
vn 1.7881393E-07 -1 -2.9206276E-06
vn 1.7881393E-07 -1 -2.9206276E-06
vn 6.556511E-07 -1 -2.2649765E-06
vn 6.556511E-07 -1 -2.2649765E-06
vn 6.556511E-07 -1 -2.2649765E-06
vn 4.7683716E-07 -1 -2.503395E-06
vn -0.0048942566 -1 -0.019500732
vn -0.0048942566 -1 -0.019500732
vn -0.0048942566 -1 -0.019500732
vn -0.0048942566 -1 -0.019500732
vn -0.00029993057 -1 -0.014640808
vn -0.00029993057 -1 -0.014640808
vn -0.00029993057 -1 -0.014640808
vn -0.00029921532 -1 -0.014640808
vn -3.5762787E-07 -1 -2.2649765E-06
vn -3.5762787E-07 -1 -2.2649765E-06
vn -3.5762787E-07 -1 -2.2649765E-06
vn -0.0011110306 -1 0.0012435913
vn 0.0001322031 -1 0.0076293945
vn 0.0001322031 -1 0.0076293945
vn 0.0001322031 -1 0.0076293945
vn 0.00015306473 -1 0.0076026917
vn 1.7881393E-07 -1 -2.3245811E-06
vn 1.7881393E-07 -1 -2.3245811E-06
vn 1.7881393E-07 -1 -2.3245811E-06
vn -2.9802322E-07 -1 -2.7418137E-06
vn -1.1324883E-06 -1 -5.6624413E-06
vn -1.1324883E-06 -1 -5.6624413E-06
vn -1.1324883E-06 -1 -5.6624413E-06
vn -1.9073486E-06 -1 -6.0796738E-06
vn -1.7881393E-07 -1 -2.7418137E-06
vn -1.7881393E-07 -1 -2.7418137E-06
vn -1.7881393E-07 -1 -2.7418137E-06
vn -8.940697E-07 -1 -3.2782555E-06
vn -0 -1 -5.6624413E-06
vn -0 -1 -5.6624413E-06
vn -0 -1 -5.6624413E-06
vn -2.9802322E-07 -1 -6.4373016E-06
vn -0.00012230873 -1 -0.0013389587
vn -0.00012230873 -1 -0.0013389587
vn -0.00012230873 -1 -0.0013389587
vn -1.8537045E-05 -1 -0.0008716583
vn 0.32910156 0.8828125 0.33496094
vn 0.32910156 0.8828125 0.33496094
vn 0.32910156 0.8828125 0.33496094
vn -0.36987305 0.85498047 0.3635254
vn -0.36987305 0.85498047 0.3635254
vn -0.36987305 0.85498047 0.3635254
vn 0.5727539 0.5961914 -0.5625
vn 0.5727539 0.5961914 -0.5625
vn 0.5727539 0.5961914 -0.5625
vn -0.47973633 0.7290039 -0.48828125
vn -0.47973633 0.7290039 -0.48828125
vn -0.47973633 0.7290039 -0.48828125
vn -0.6035156 0.7973633 -0.009094238
vn -0.6035156 0.7973633 -0.009094238
vn -0.6035156 0.7973633 -0.009094238
vn -0.65283203 0.7573242 -0.013969421
vn -0.65283203 0.7573242 -0.013969421
vn -0.65283203 0.7573242 -0.013969421
vn 0.0059127808 0.7241211 -0.6894531
vn 0.0059127808 0.7241211 -0.6894531
vn 0.0059127808 0.7241211 -0.6894531
vn 0.0027389526 0.7607422 -0.6489258
vn 0.0027389526 0.7607422 -0.6489258
vn 0.0027389526 0.7607422 -0.6489258
vn 0.5527344 0.8334961 0.008331299
vn 0.5527344 0.8334961 0.008331299
vn 0.5527344 0.8334961 0.008331299
vn 0.68896484 0.7241211 0.024536133
vn 0.68896484 0.7241211 0.024536133
vn 0.68896484 0.7241211 0.024536133
vn 0.45996094 0.71728516 0.5234375
vn 0.45996094 0.71728516 0.5234375
vn 0.45996094 0.71728516 0.5234375
vn -0.5439453 0.7006836 0.46166992
vn -0.5439453 0.7006836 0.46166992
vn -0.5439453 0.7006836 0.46166992
vn 0.6015625 0.5996094 -0.52783203
vn 0.6015625 0.5996094 -0.52783203
vn 0.6015625 0.5996094 -0.52783203
vn -0.52246094 0.5942383 -0.6113281
vn -0.52246094 0.5942383 -0.6113281
vn -0.52246094 0.5942383 -0.6113281
vn -0.7807617 0.6245117 -0.020553589
vn -0.7807617 0.6245117 -0.020553589
vn -0.7807617 0.6245117 -0.020553589
vn -0.71240234 0.70166016 -0.014305115
vn -0.71240234 0.70166016 -0.014305115
vn -0.71240234 0.70166016 -0.014305115
vn 0.703125 0.7109375 0.005683899
vn 0.703125 0.7109375 0.005683899
vn 0.703125 0.7109375 0.005683899
vn 0.77490234 0.63183594 0.013092041
vn 0.77490234 0.63183594 0.013092041
vn 0.77490234 0.63183594 0.013092041
vn 0.5546875 0.83203125 0.004070282
vn 0.5546875 0.83203125 0.004070282
vn 0.5546875 0.83203125 0.004070282
vn -0.3840332 0.84521484 0.37182617
vn -0.3840332 0.84521484 0.37182617
vn -0.3840332 0.84521484 0.37182617
vn 0.22546387 0.83935547 -0.49487305
vn 0.22546387 0.83935547 -0.49487305
vn 0.22546387 0.83935547 -0.49487305
vn -0.46655273 0.83691406 -0.28564453
vn -0.46655273 0.83691406 -0.28564453
vn -0.46655273 0.83691406 -0.28564453
vn 0.91259766 0.32055664 0.25317383
vn 0.91259766 0.32055664 0.25317383
vn 0.91259766 0.32055664 0.25317383
vn 0.8330078 0.55029297 0.057739258
vn 0.8330078 0.55029297 0.057739258
vn 0.8330078 0.55029297 0.057739258
vn -0.58740234 0.3815918 0.7133789
vn -0.58740234 0.3815918 0.7133789
vn -0.58740234 0.3815918 0.7133789
vn -0.6816406 0.25268555 0.68652344
vn -0.6816406 0.25268555 0.68652344
vn -0.6816406 0.25268555 0.68652344
vn 0.13085938 0.93359375 0.33374023
vn 0.13085938 0.93359375 0.33374023
vn 0.13085938 0.93359375 0.33374023
vn 0.16320801 0.88720703 0.43188477
vn 0.16320801 0.88720703 0.43188477
vn 0.16320801 0.88720703 0.43188477
vn -0.64404297 0.73876953 0.19909668
vn -0.64404297 0.73876953 0.19909668
vn -0.64404297 0.73876953 0.19909668
vn -0.5058594 0.84814453 0.15771484
vn -0.5058594 0.84814453 0.15771484
vn -0.5058594 0.84814453 0.15771484
vn 0.53808594 0.82373047 -0.17871094
vn 0.53808594 0.82373047 -0.17871094
vn 0.53808594 0.82373047 -0.17871094
vn 0.30981445 0.45825195 0.8330078
vn 0.30981445 0.45825195 0.8330078
vn 0.30981445 0.45825195 0.8330078
vn 0.29345703 0.55322266 0.77978516
vn 0.29345703 0.55322266 0.77978516
vn 0.29345703 0.55322266 0.77978516
vn 0.7817383 0.5654297 -0.26367188
vn 0.7817383 0.5654297 -0.26367188
vn 0.7817383 0.5654297 -0.26367188
vn 0.83447266 0.47705078 -0.27612305
vn 0.83447266 0.47705078 -0.27612305
vn 0.83447266 0.47705078 -0.27612305
vn 0.30395508 0.8911133 0.33666992
vn 0.30395508 0.8911133 0.33666992
vn 0.30395508 0.8911133 0.33666992
vn -0.39086914 0.85839844 0.3317871
vn -0.39086914 0.85839844 0.3317871
vn -0.39086914 0.85839844 0.3317871
vn 0.38452148 0.85498047 -0.3474121
vn 0.38452148 0.85498047 -0.3474121
vn 0.38452148 0.85498047 -0.3474121
vn -0.32641602 0.8642578 -0.3828125
vn -0.32641602 0.8642578 -0.3828125
vn -0.32641602 0.8642578 -0.3828125
vn 0.52197266 0.82177734 0.22949219
vn 0.52197266 0.82177734 0.22949219
vn 0.52197266 0.82177734 0.22949219
vn -0.21887207 0.85839844 0.46362305
vn -0.21887207 0.85839844 0.46362305
vn -0.21887207 0.85839844 0.46362305
vn 0.20654297 0.85498047 -0.4753418
vn 0.20654297 0.85498047 -0.4753418
vn 0.20654297 0.85498047 -0.4753418
vn -0.45532227 0.8642578 -0.21362305
vn -0.45532227 0.8642578 -0.21362305
vn -0.45532227 0.8642578 -0.21362305
vn 0.17626953 0.9038086 0.39038086
vn 0.17626953 0.9038086 0.39038086
vn 0.17626953 0.9038086 0.39038086
vn 0.20288086 0.86621094 0.45654297
vn 0.20288086 0.86621094 0.45654297
vn 0.20288086 0.86621094 0.45654297
vn 0.64746094 0.7026367 -0.29516602
vn 0.64746094 0.7026367 -0.29516602
vn 0.64746094 0.7026367 -0.29516602
vn 0.57714844 0.77197266 -0.26611328
vn 0.57714844 0.77197266 -0.26611328
vn 0.57714844 0.77197266 -0.26611328
vn 0.3630371 0.4489746 0.81640625
vn 0.3630371 0.4489746 0.81640625
vn 0.3630371 0.4489746 0.81640625
vn 0.35375977 0.4970703 0.79248047
vn 0.35375977 0.4970703 0.79248047
vn 0.35375977 0.4970703 0.79248047
vn 0.79345703 0.48828125 -0.3630371
vn 0.79345703 0.48828125 -0.3630371
vn 0.79345703 0.48828125 -0.3630371
vn 0.81689453 0.44067383 -0.3720703
vn 0.81689453 0.44067383 -0.3720703
vn 0.81689453 0.44067383 -0.3720703
vn 0.3852539 0.8544922 0.3479004
vn 0.3852539 0.8544922 0.3479004
vn 0.3852539 0.8544922 0.3479004
vn -0.35424805 0.85839844 0.37060547
vn -0.35424805 0.85839844 0.37060547
vn -0.35424805 0.85839844 0.37060547
vn 0.38256836 0.85498047 -0.34985352
vn 0.38256836 0.85498047 -0.34985352
vn 0.38256836 0.85498047 -0.34985352
vn -0.32861328 0.8642578 -0.38085938
vn -0.32861328 0.8642578 -0.38085938
vn -0.32861328 0.8642578 -0.38085938
vn 0.15917969 0.9873047 0.0072402954
vn 0.15917969 0.9873047 0.0072402954
vn 0.15917969 0.9873047 0.0072402954
vn -0.35009766 0.92041016 0.17321777
vn -0.35009766 0.92041016 0.17321777
vn -0.35009766 0.92041016 0.17321777
vn 0.044311523 0.9428711 -0.3305664
vn 0.044311523 0.9428711 -0.3305664
vn 0.044311523 0.9428711 -0.3305664
vn -0.21032715 0.93652344 -0.27978516
vn -0.21032715 0.93652344 -0.27978516
vn -0.21032715 0.93652344 -0.27978516
vn 0.7397461 0.3347168 0.5839844
vn 0.7397461 0.3347168 0.5839844
vn 0.7397461 0.3347168 0.5839844
vn 0.7504883 0.36376953 0.5517578
vn 0.7504883 0.36376953 0.5517578
vn 0.7504883 0.36376953 0.5517578
vn -0.57714844 0.38085938 0.72216797
vn -0.57714844 0.38085938 0.72216797
vn -0.57714844 0.38085938 0.72216797
vn -0.6328125 0.3215332 0.70410156
vn -0.6328125 0.3215332 0.70410156
vn -0.6328125 0.3215332 0.70410156
vn 0.5883789 0.31176758 -0.74609375
vn 0.5883789 0.31176758 -0.74609375
vn 0.5883789 0.31176758 -0.74609375
vn 0.52441406 0.3671875 -0.7680664
vn 0.52441406 0.3671875 -0.7680664
vn 0.52441406 0.3671875 -0.7680664
vn -0.73339844 0.34545898 -0.5854492
vn -0.73339844 0.34545898 -0.5854492
vn -0.73339844 0.34545898 -0.5854492
vn -0.7236328 0.31762695 -0.61279297
vn -0.7236328 0.31762695 -0.61279297
vn -0.7236328 0.31762695 -0.61279297
vn 0.028656006 0.9814453 0.18859863
vn 0.028656006 0.9814453 0.18859863
vn 0.028656006 0.9814453 0.18859863
vn 0.0206604 0.99853516 0.051940918
vn 0.0206604 0.99853516 0.051940918
vn 0.0206604 0.99853516 0.051940918
vn 0.17907715 0.98339844 -0.020523071
vn 0.17907715 0.98339844 -0.020523071
vn 0.17907715 0.98339844 -0.020523071
vn -0.8823242 0.44604492 0.15002441
vn -0.8823242 0.44604492 0.15002441
vn -0.8823242 0.44604492 0.15002441
vn -0.85546875 0.49536133 0.15026855
vn -0.85546875 0.49536133 0.15026855
vn -0.85546875 0.49536133 0.15026855
vn 0.38110352 0.921875 -0.07165527
vn 0.38110352 0.921875 -0.07165527
vn 0.38110352 0.921875 -0.07165527
vn 0.60253906 0.77197266 -0.20251465
vn 0.60253906 0.77197266 -0.20251465
vn 0.60253906 0.77197266 -0.20251465
vn 0.15576172 0.9873047 0.03366089
vn 0.15576172 0.9873047 0.03366089
vn 0.15576172 0.9873047 0.03366089
vn -0.37426758 0.92041016 0.11248779
vn -0.37426758 0.92041016 0.11248779
vn -0.37426758 0.92041016 0.11248779
vn 0.09875488 0.9428711 -0.31835938
vn 0.09875488 0.9428711 -0.31835938
vn 0.09875488 0.9428711 -0.31835938
vn -0.1607666 0.93652344 -0.31103516
vn -0.1607666 0.93652344 -0.31103516
vn -0.1607666 0.93652344 -0.31103516
vn 0.63183594 0.3347168 0.69873047
vn 0.63183594 0.3347168 0.69873047
vn 0.63183594 0.3347168 0.69873047
vn 0.6479492 0.36376953 0.6689453
vn 0.6479492 0.36376953 0.6689453
vn 0.6479492 0.36376953 0.6689453
vn -0.6894531 0.38085938 0.61621094
vn -0.6894531 0.38085938 0.61621094
vn -0.6894531 0.38085938 0.61621094
vn -0.7416992 0.3215332 0.5888672
vn -0.7416992 0.3215332 0.5888672
vn -0.7416992 0.3215332 0.5888672
vn 0.70458984 0.31176758 -0.6376953
vn 0.70458984 0.31176758 -0.6376953
vn 0.70458984 0.31176758 -0.6376953
vn 0.64501953 0.3671875 -0.6699219
vn 0.64501953 0.3671875 -0.6699219
vn 0.64501953 0.3671875 -0.6699219
vn -0.62597656 0.34545898 -0.69921875
vn -0.62597656 0.34545898 -0.69921875
vn -0.62597656 0.34545898 -0.69921875
vn -0.6118164 0.31762695 -0.7246094
vn -0.6118164 0.31762695 -0.7246094
vn -0.6118164 0.31762695 -0.7246094
vn -0.0012321472 0.9814453 0.19104004
vn -0.0012321472 0.9814453 0.19104004
vn -0.0012321472 0.9814453 0.19104004
vn 0.00969696 0.99853516 0.05496216
vn 0.00969696 0.99853516 0.05496216
vn 0.00969696 0.99853516 0.05496216
vn 0.18457031 0.98291016 0.005016327
vn 0.18457031 0.98291016 0.005016327
vn 0.18457031 0.98291016 0.005016327
vn -0.89501953 0.44628906 -0.014289856
vn -0.89501953 0.44628906 -0.014289856
vn -0.89501953 0.44628906 -0.014289856
vn -0.86865234 0.49560547 -0.012802124
vn -0.86865234 0.49560547 -0.012802124
vn -0.86865234 0.49560547 -0.012802124
vn 0.39746094 0.91748047 0.0048103333
vn 0.39746094 0.91748047 0.0048103333
vn 0.39746094 0.91748047 0.0048103333
vn -0.18286133 0.9584961 -0.21801758
vn -0.18286133 0.9584961 -0.21801758
vn -0.18286133 0.9584961 -0.21801758
vn -0.3894043 0.85839844 0.33374023
vn -0.3894043 0.85839844 0.33374023
vn -0.3894043 0.85839844 0.33374023
vn 0.3828125 0.85498047 -0.34936523
vn 0.3828125 0.85498047 -0.34936523
vn 0.3828125 0.85498047 -0.34936523
vn -0.328125 0.8642578 -0.38110352
vn -0.328125 0.8642578 -0.38110352
vn -0.328125 0.8642578 -0.38110352
vn -0.040649414 0.9057617 0.42163086
vn -0.040649414 0.9057617 0.42163086
vn -0.040649414 0.9057617 0.42163086
vn 0.0011844635 0.9692383 -0.24511719
vn 0.0011844635 0.9692383 -0.24511719
vn 0.0011844635 0.9692383 -0.24511719
vn -0.37036133 0.92871094 -0.027053833
vn -0.37036133 0.92871094 -0.027053833
vn -0.37036133 0.92871094 -0.027053833
vn 0.6386719 0.76953125 -0.0017290115
vn 0.6386719 0.76953125 -0.0017290115
vn 0.6386719 0.76953125 -0.0017290115
vn -0.005092621 0.4489746 0.8935547
vn -0.005092621 0.4489746 0.8935547
vn -0.005092621 0.4489746 0.8935547
vn -0.016479492 0.26171875 0.96484375
vn -0.016479492 0.26171875 0.96484375
vn -0.016479492 0.26171875 0.96484375
vn 0.9663086 0.25683594 0.0014314651
vn 0.9663086 0.25683594 0.0014314651
vn 0.9663086 0.25683594 0.0014314651
vn 0.89746094 0.44067383 -0.00995636
vn 0.89746094 0.44067383 -0.00995636
vn 0.89746094 0.44067383 -0.00995636
vn 0.15783691 0.9873047 -0.021896362
vn 0.15783691 0.9873047 -0.021896362
vn 0.15783691 0.9873047 -0.021896362
vn -0.31274414 0.92041016 0.23425293
vn -0.31274414 0.92041016 0.23425293
vn -0.31274414 0.92041016 0.23425293
vn -0.016662598 0.9428711 -0.3330078
vn -0.016662598 0.9428711 -0.3330078
vn -0.016662598 0.9428711 -0.3330078
vn -0.2578125 0.93652344 -0.2368164
vn -0.2578125 0.93652344 -0.2368164
vn -0.2578125 0.93652344 -0.2368164
vn 0.8334961 0.3347168 0.43920898
vn 0.8334961 0.3347168 0.43920898
vn 0.8334961 0.3347168 0.43920898
vn 0.8383789 0.36376953 0.40551758
vn 0.8383789 0.36376953 0.40551758
vn 0.8383789 0.36376953 0.40551758
vn -0.43603516 0.38085938 0.8154297
vn -0.43603516 0.38085938 0.8154297
vn -0.43603516 0.38085938 0.8154297
vn -0.49414062 0.3215332 0.8076172
vn -0.49414062 0.3215332 0.8076172
vn -0.49414062 0.3215332 0.8076172
vn 0.44262695 0.31176758 -0.8408203
vn 0.44262695 0.31176758 -0.8408203
vn 0.44262695 0.31176758 -0.8408203
vn 0.37573242 0.3671875 -0.8510742
vn 0.37573242 0.3671875 -0.8510742
vn 0.37573242 0.3671875 -0.8510742
vn -0.828125 0.34545898 -0.4416504
vn -0.828125 0.34545898 -0.4416504
vn -0.828125 0.34545898 -0.4416504
vn -0.8232422 0.31762695 -0.47045898
vn -0.8232422 0.31762695 -0.47045898
vn -0.8232422 0.31762695 -0.47045898
vn 0.06323242 0.9814453 0.18005371
vn 0.06323242 0.9814453 0.18005371
vn 0.06323242 0.9814453 0.18005371
vn 0.021759033 0.99853516 0.051605225
vn 0.021759033 0.99853516 0.051605225
vn 0.021759033 0.99853516 0.051605225
vn 0.17504883 0.98291016 -0.05883789
vn 0.17504883 0.98291016 -0.05883789
vn 0.17504883 0.98291016 -0.05883789
vn -0.8461914 0.44628906 0.2919922
vn -0.8461914 0.44628906 0.2919922
vn -0.8461914 0.44628906 0.2919922
vn -0.8208008 0.49560547 0.28393555
vn -0.8208008 0.49560547 0.28393555
vn -0.8208008 0.49560547 0.28393555
vn 0.37646484 0.9169922 -0.13110352
vn 0.37646484 0.9169922 -0.13110352
vn 0.37646484 0.9169922 -0.13110352
vn -0.1940918 0.9584961 -0.20812988
vn -0.1940918 0.9584961 -0.20812988
vn -0.1940918 0.9584961 -0.20812988
vn -0.3713379 0.85839844 0.35375977
vn -0.3713379 0.85839844 0.35375977
vn -0.3713379 0.85839844 0.35375977
vn 0.36401367 0.85498047 -0.36889648
vn 0.36401367 0.85498047 -0.36889648
vn 0.36401367 0.85498047 -0.36889648
vn -0.34765625 0.8642578 -0.36328125
vn -0.34765625 0.8642578 -0.36328125
vn -0.34765625 0.8642578 -0.36328125
vn 0.0037403107 0.90478516 0.4255371
vn 0.0037403107 0.90478516 0.4255371
vn 0.0037403107 0.90478516 0.4255371
vn -0.012580872 0.96972656 -0.24475098
vn -0.012580872 0.96972656 -0.24475098
vn -0.012580872 0.96972656 -0.24475098
vn -0.36767578 0.9296875 -0.011962891
vn -0.36767578 0.9296875 -0.011962891
vn -0.36767578 0.9296875 -0.011962891
vn 0.64404297 0.76464844 -0.025146484
vn 0.64404297 0.76464844 -0.025146484
vn 0.64404297 0.76464844 -0.025146484
vn 0.04547119 0.4489746 0.8925781
vn 0.04547119 0.4489746 0.8925781
vn 0.04547119 0.4489746 0.8925781
vn 0.04397583 0.26171875 0.96435547
vn 0.04397583 0.26171875 0.96435547
vn 0.04397583 0.26171875 0.96435547
vn 0.9658203 0.25708008 -0.03451538
vn 0.9658203 0.25708008 -0.03451538
vn 0.9658203 0.25708008 -0.03451538
vn 0.8964844 0.4411621 -0.04272461
vn 0.8964844 0.4411621 -0.04272461
vn 0.8964844 0.4411621 -0.04272461
vn -0.29956055 0.82177734 -0.48510742
vn -0.29956055 0.82177734 -0.48510742
vn -0.29956055 0.82177734 -0.48510742
vn 0.44335938 0.85839844 -0.25756836
vn 0.44335938 0.85839844 -0.25756836
vn 0.44335938 0.85839844 -0.25756836
vn -0.43969727 0.85498047 0.27416992
vn -0.43969727 0.85498047 0.27416992
vn -0.43969727 0.85498047 0.27416992
vn 0.2536621 0.8642578 0.43432617
vn 0.2536621 0.8642578 0.43432617
vn 0.2536621 0.8642578 0.43432617
vn 0.0791626 0.9038086 -0.42041016
vn 0.0791626 0.9038086 -0.42041016
vn 0.0791626 0.9038086 -0.42041016
vn 0.09661865 0.86621094 -0.49072266
vn 0.09661865 0.86621094 -0.49072266
vn 0.09661865 0.86621094 -0.49072266
vn -0.68408203 0.71484375 -0.14562988
vn -0.68408203 0.71484375 -0.14562988
vn -0.68408203 0.71484375 -0.14562988
vn -0.63427734 0.76171875 -0.13195801
vn -0.63427734 0.76171875 -0.13195801
vn -0.63427734 0.76171875 -0.13195801
vn 0.17248535 0.44921875 -0.87646484
vn 0.17248535 0.44921875 -0.87646484
vn 0.17248535 0.44921875 -0.87646484
vn 0.16552734 0.49731445 -0.8515625
vn 0.16552734 0.49731445 -0.8515625
vn 0.16552734 0.49731445 -0.8515625
vn -0.8535156 0.48901367 -0.17980957
vn -0.8535156 0.48901367 -0.17980957
vn -0.8535156 0.48901367 -0.17980957
vn -0.8774414 0.4416504 -0.18762207
vn -0.8774414 0.4416504 -0.18762207
vn -0.8774414 0.4416504 -0.18762207
vn 0.043823242 0.9873047 -0.15319824
vn 0.043823242 0.9873047 -0.15319824
vn 0.043823242 0.9873047 -0.15319824
vn 0.087646484 0.92041016 0.38085938
vn 0.087646484 0.92041016 0.38085938
vn 0.087646484 0.92041016 0.38085938
vn -0.3112793 0.9428711 -0.1194458
vn -0.3112793 0.9428711 -0.1194458
vn -0.3112793 0.9428711 -0.1194458
vn -0.32080078 0.93652344 0.13989258
vn -0.32080078 0.93652344 0.13989258
vn -0.32080078 0.93652344 0.13989258
vn 0.73876953 0.3347168 -0.58496094
vn 0.73876953 0.3347168 -0.58496094
vn 0.73876953 0.3347168 -0.58496094
vn 0.70996094 0.36376953 -0.60302734
vn 0.70996094 0.36376953 -0.60302734
vn 0.70996094 0.36376953 -0.60302734
vn 0.56933594 0.38085938 0.7285156
vn 0.56933594 0.38085938 0.7285156
vn 0.56933594 0.38085938 0.7285156
vn 0.5390625 0.3215332 0.7788086
vn 0.5390625 0.3215332 0.7788086
vn 0.5390625 0.3215332 0.7788086
vn -0.58984375 0.31152344 -0.7451172
vn -0.58984375 0.31152344 -0.7451172
vn -0.58984375 0.31152344 -0.7451172
vn -0.62597656 0.3671875 -0.6879883
vn -0.62597656 0.3671875 -0.6879883
vn -0.62597656 0.3671875 -0.6879883
vn -0.73876953 0.34545898 0.5786133
vn -0.73876953 0.34545898 0.5786133
vn -0.73876953 0.34545898 0.5786133
vn -0.7631836 0.31762695 0.5625
vn -0.7631836 0.31762695 0.5625
vn -0.7631836 0.31762695 0.5625
vn 0.18896484 0.9819336 0.020339966
vn 0.18896484 0.9819336 0.020339966
vn 0.18896484 0.9819336 0.020339966
vn 0.05593872 0.99853516 5.3346157E-05
vn 0.05593872 0.99853516 5.3346157E-05
vn 0.05593872 0.99853516 5.3346157E-05
vn 0.01852417 0.98291016 -0.18225098
vn 0.01852417 0.98291016 -0.18225098
vn 0.01852417 0.98291016 -0.18225098
vn -0.07733154 0.44628906 0.89160156
vn -0.07733154 0.44628906 0.89160156
vn -0.07733154 0.44628906 0.89160156
vn -0.07366943 0.49560547 0.8652344
vn -0.07366943 0.49560547 0.8652344
vn -0.07366943 0.49560547 0.8652344
vn 0.032470703 0.9169922 -0.3972168
vn 0.032470703 0.9169922 -0.3972168
vn 0.032470703 0.9169922 -0.3972168
vn -0.17822266 0.76220703 0.6220703
vn -0.17822266 0.76220703 0.6220703
vn -0.17822266 0.76220703 0.6220703
vn 0.5854492 0.78759766 0.19165039
vn 0.5854492 0.78759766 0.19165039
vn 0.5854492 0.78759766 0.19165039
vn -0.6196289 0.7709961 -0.14782715
vn -0.6196289 0.7709961 -0.14782715
vn -0.6196289 0.7709961 -0.14782715
vn 0.16064453 0.796875 -0.58251953
vn 0.16064453 0.796875 -0.58251953
vn 0.16064453 0.796875 -0.58251953
vn 0.47705078 0.76904297 0.42529297
vn 0.47705078 0.76904297 0.42529297
vn 0.47705078 0.76904297 0.42529297
vn 0.46362305 0.76220703 -0.4519043
vn 0.46362305 0.76220703 -0.4519043
vn 0.46362305 0.76220703 -0.4519043
vn -0.4099121 0.7963867 0.44506836
vn -0.4099121 0.7963867 0.44506836
vn -0.4099121 0.7963867 0.44506836
vn -0.4194336 0.7890625 -0.44873047
vn -0.4194336 0.7890625 -0.44873047
vn -0.4194336 0.7890625 -0.44873047
vn -0.53466797 0.76904297 0.3503418
vn -0.53466797 0.76904297 0.3503418
vn -0.53466797 0.76904297 0.3503418
vn 0.31591797 0.76220703 0.5649414
vn 0.31591797 0.76220703 0.5649414
vn 0.31591797 0.76220703 0.5649414
vn -0.34375 0.7963867 -0.49780273
vn -0.34375 0.7963867 -0.49780273
vn -0.34375 0.7963867 -0.49780273
vn 0.53027344 0.7890625 -0.31030273
vn 0.53027344 0.7890625 -0.31030273
vn 0.53027344 0.7890625 -0.31030273
vn 0.15808105 0.9873047 0.020095825
vn 0.15808105 0.9873047 0.020095825
vn 0.15808105 0.9873047 0.020095825
vn -0.3630371 0.92041016 0.14440918
vn -0.3630371 0.92041016 0.14440918
vn -0.3630371 0.92041016 0.14440918
vn 0.07092285 0.9428711 -0.3256836
vn 0.07092285 0.9428711 -0.3256836
vn 0.07092285 0.9428711 -0.3256836
vn -0.18701172 0.93652344 -0.29589844
vn -0.18701172 0.93652344 -0.29589844
vn -0.18701172 0.93652344 -0.29589844
vn 0.6899414 0.3347168 0.64160156
vn 0.6899414 0.3347168 0.64160156
vn 0.6899414 0.3347168 0.64160156
vn 0.7036133 0.36376953 0.61035156
vn 0.7036133 0.36376953 0.61035156
vn 0.7036133 0.36376953 0.61035156
vn -0.63378906 0.38085938 0.67333984
vn -0.63378906 0.38085938 0.67333984
vn -0.63378906 0.38085938 0.67333984
vn -0.6879883 0.3215332 0.6508789
vn -0.6879883 0.3215332 0.6508789
vn -0.6879883 0.3215332 0.6508789
vn 0.64697266 0.31176758 -0.6958008
vn 0.64697266 0.31176758 -0.6958008
vn 0.64697266 0.31176758 -0.6958008
vn 0.58496094 0.3671875 -0.72314453
vn 0.58496094 0.3671875 -0.72314453
vn 0.58496094 0.3671875 -0.72314453
vn -0.68359375 0.34545898 -0.6425781
vn -0.68359375 0.34545898 -0.6425781
vn -0.68359375 0.34545898 -0.6425781
vn -0.671875 0.31762695 -0.6694336
vn -0.671875 0.31762695 -0.6694336
vn -0.671875 0.31762695 -0.6694336
vn 0.019500732 0.9814453 0.1907959
vn 0.019500732 0.9814453 0.1907959
vn 0.019500732 0.9814453 0.1907959
vn 0.014640808 0.99853516 0.053863525
vn 0.014640808 0.99853516 0.053863525
vn 0.014640808 0.99853516 0.053863525
vn 0.18017578 0.98339844 -0.0059661865
vn 0.18017578 0.98339844 -0.0059661865
vn 0.18017578 0.98339844 -0.0059661865
vn -0.89160156 0.44604492 0.078063965
vn -0.89160156 0.44604492 0.078063965
vn -0.89160156 0.44604492 0.078063965
vn -0.8647461 0.49536133 0.08050537
vn -0.8647461 0.49536133 0.08050537
vn -0.8647461 0.49536133 0.08050537
vn 0.3857422 0.921875 -0.04055786
vn 0.3857422 0.921875 -0.04055786
vn 0.3857422 0.921875 -0.04055786
vn 0.62646484 0.6767578 0.3864746
vn 0.62646484 0.6767578 0.3864746
vn 0.62646484 0.6767578 0.3864746
vn -0.41577148 0.61083984 0.6738281
vn -0.41577148 0.61083984 0.6738281
vn -0.41577148 0.61083984 0.6738281
vn -0.6933594 0.57958984 -0.42773438
vn -0.6933594 0.57958984 -0.42773438
vn -0.6933594 0.57958984 -0.42773438
vn 0.5 0.3046875 -0.8105469
vn 0.5 0.3046875 -0.8105469
vn 0.5 0.3046875 -0.8105469
vn -0.20336914 0.5214844 -0.8286133
vn -0.20336914 0.5214844 -0.8286133
vn -0.20336914 0.5214844 -0.8286133
vn -0.18969727 0.6254883 -0.75683594
vn -0.18969727 0.6254883 -0.75683594
vn -0.18969727 0.6254883 -0.75683594
vn 0.6933594 0.70458984 -0.15222168
vn 0.6933594 0.70458984 -0.15222168
vn 0.6933594 0.70458984 -0.15222168
vn 0.48876953 0.67626953 0.55078125
vn 0.48876953 0.67626953 0.55078125
vn 0.48876953 0.67626953 0.55078125
vn -0.59228516 0.61035156 0.5258789
vn -0.59228516 0.61035156 0.5258789
vn -0.59228516 0.61035156 0.5258789
vn 0.68652344 0.39672852 -0.609375
vn 0.68652344 0.39672852 -0.609375
vn 0.68652344 0.39672852 -0.609375
vn -0.54052734 0.57958984 -0.609375
vn -0.54052734 0.57958984 -0.609375
vn -0.54052734 0.57958984 -0.609375
vn 0.02909851 0.5214844 -0.85253906
vn 0.02909851 0.5214844 -0.85253906
vn 0.02909851 0.5214844 -0.85253906
vn 0.023651123 0.6274414 -0.7783203
vn 0.023651123 0.6274414 -0.7783203
vn 0.023651123 0.6274414 -0.7783203
vn 0.5473633 0.82666016 -0.13134766
vn 0.5473633 0.82666016 -0.13134766
vn 0.5473633 0.82666016 -0.13134766
vn 0.5415039 0.71728516 0.43896484
vn 0.5415039 0.71728516 0.43896484
vn 0.5415039 0.71728516 0.43896484
vn -0.4584961 0.7006836 0.5463867
vn -0.4584961 0.7006836 0.5463867
vn -0.4584961 0.7006836 0.5463867
vn 0.50439453 0.5996094 -0.62109375
vn 0.50439453 0.5996094 -0.62109375
vn 0.50439453 0.5996094 -0.62109375
vn -0.6176758 0.5942383 -0.5151367
vn -0.6176758 0.5942383 -0.5151367
vn -0.6176758 0.5942383 -0.5151367
vn -0.7729492 0.6245117 0.110839844
vn -0.7729492 0.6245117 0.110839844
vn -0.7729492 0.6245117 0.110839844
vn -0.70458984 0.70166016 0.105529785
vn -0.70458984 0.70166016 0.105529785
vn -0.70458984 0.70166016 0.105529785
vn 0.69433594 0.7109375 -0.11248779
vn 0.69433594 0.7109375 -0.11248779
vn 0.69433594 0.7109375 -0.11248779
vn 0.7661133 0.63183594 -0.117248535
vn 0.7661133 0.63183594 -0.117248535
vn 0.7661133 0.63183594 -0.117248535
vn 0.40478516 0.8041992 -0.43481445
vn 0.40478516 0.8041992 -0.43481445
vn 0.40478516 0.8041992 -0.43481445
vn -0.39135742 0.8076172 -0.44140625
vn -0.39135742 0.8076172 -0.44140625
vn -0.39135742 0.8076172 -0.44140625
vn 0.3918457 0.79589844 0.46166992
vn 0.3918457 0.79589844 0.46166992
vn 0.3918457 0.79589844 0.46166992
vn -0.40405273 0.79345703 0.45532227
vn -0.40405273 0.79345703 0.45532227
vn -0.40405273 0.79345703 0.45532227
vn -0.5288086 0.74658203 0.40405273
vn -0.5288086 0.74658203 0.40405273
vn -0.5288086 0.74658203 0.40405273
vn 0.5205078 0.7480469 0.41186523
vn 0.5205078 0.7480469 0.41186523
vn 0.5205078 0.7480469 0.41186523
vn -0.5205078 0.7480469 -0.41186523
vn -0.5205078 0.7480469 -0.41186523
vn -0.5205078 0.7480469 -0.41186523
vn 0.5288086 0.74658203 -0.40405273
vn 0.5288086 0.74658203 -0.40405273
vn 0.5288086 0.74658203 -0.40405273
vn -0.6010742 0.7241211 0.33813477
vn -0.6010742 0.7241211 0.33813477
vn -0.6010742 0.7241211 0.33813477
vn 0.5205078 0.7260742 0.44921875
vn 0.5205078 0.7260742 0.44921875
vn 0.5205078 0.7260742 0.44921875
vn -0.5205078 0.7260742 -0.44921875
vn -0.5205078 0.7260742 -0.44921875
vn -0.5205078 0.7260742 -0.44921875
vn 0.6015625 0.7241211 -0.33813477
vn 0.6015625 0.7241211 -0.33813477
vn 0.6015625 0.7241211 -0.33813477
vn -0.625 0.7241211 0.2915039
vn -0.625 0.7241211 0.2915039
vn -0.625 0.7241211 0.2915039
vn 0.48510742 0.7260742 0.48754883
vn 0.48510742 0.7260742 0.48754883
vn 0.48510742 0.7260742 0.48754883
vn -0.48510742 0.7260742 -0.4873047
vn -0.48510742 0.7260742 -0.4873047
vn -0.48510742 0.7260742 -0.4873047
vn 0.6254883 0.7241211 -0.29174805
vn 0.6254883 0.7241211 -0.29174805
vn 0.6254883 0.7241211 -0.29174805
vn 0.29077148 0.8041992 -0.5180664
vn 0.29077148 0.8041992 -0.5180664
vn 0.29077148 0.8041992 -0.5180664
vn -0.484375 0.8076172 -0.33666992
vn -0.484375 0.8076172 -0.33666992
vn -0.484375 0.8076172 -0.33666992
vn 0.4897461 0.79589844 0.35620117
vn 0.4897461 0.79589844 0.35620117
vn 0.4897461 0.79589844 0.35620117
vn -0.28515625 0.79345703 0.53759766
vn -0.28515625 0.79345703 0.53759766
vn -0.28515625 0.79345703 0.53759766
vn 0.40478516 0.8041992 -0.43481445
vn 0.40478516 0.8041992 -0.43481445
vn 0.40478516 0.8041992 -0.43481445
vn -0.39135742 0.8076172 -0.44140625
vn -0.39135742 0.8076172 -0.44140625
vn -0.39135742 0.8076172 -0.44140625
vn 0.3918457 0.79589844 0.46166992
vn 0.3918457 0.79589844 0.46166992
vn 0.3918457 0.79589844 0.46166992
vn -0.40405273 0.79345703 0.45532227
vn -0.40405273 0.79345703 0.45532227
vn -0.40405273 0.79345703 0.45532227
vn 0.51660156 0.6767578 0.52490234
vn 0.51660156 0.6767578 0.52490234
vn 0.51660156 0.6767578 0.52490234
vn -0.5644531 0.61083984 0.5551758
vn -0.5644531 0.61083984 0.5551758
vn -0.5644531 0.61083984 0.5551758
vn -0.57177734 0.57958984 -0.5810547
vn -0.57177734 0.57958984 -0.5810547
vn -0.57177734 0.57958984 -0.5810547
vn 0.67871094 0.3046875 -0.66796875
vn 0.67871094 0.3046875 -0.66796875
vn 0.67871094 0.3046875 -0.66796875
vn 5.453825E-05 0.5214844 -0.85302734
vn 5.453825E-05 0.5214844 -0.85302734
vn 5.453825E-05 0.5214844 -0.85302734
vn -0.0038928986 0.6254883 -0.78027344
vn -0.0038928986 0.6254883 -0.78027344
vn -0.0038928986 0.6254883 -0.78027344
vn 0.7104492 0.7036133 0.012275696
vn 0.7104492 0.7036133 0.012275696
vn 0.7104492 0.7036133 0.012275696
vn 0.5629883 0.82666016 0.001540184
vn 0.5629883 0.82666016 0.001540184
vn 0.5629883 0.82666016 0.001540184
vn 0.39086914 0.8071289 0.4428711
vn 0.39086914 0.8071289 0.4428711
vn 0.39086914 0.8071289 0.4428711
vn -0.48095703 0.8208008 0.30810547
vn -0.48095703 0.8208008 0.30810547
vn -0.48095703 0.8208008 0.30810547
vn 0.48583984 0.80615234 -0.33789062
vn 0.48583984 0.80615234 -0.33789062
vn 0.48583984 0.80615234 -0.33789062
vn -0.43652344 0.8208008 -0.3684082
vn -0.43652344 0.8208008 -0.3684082
vn -0.43652344 0.8208008 -0.3684082
vn 0.53027344 0.38793945 0.75390625
vn 0.53027344 0.38793945 0.75390625
vn 0.53027344 0.38793945 0.75390625
vn 0.58251953 0.46142578 0.6694336
vn 0.58251953 0.46142578 0.6694336
vn 0.58251953 0.46142578 0.6694336
vn -0.62109375 0.47998047 0.6196289
vn -0.62109375 0.47998047 0.6196289
vn -0.62109375 0.47998047 0.6196289
vn -0.8041992 0.27929688 0.52490234
vn -0.8041992 0.27929688 0.52490234
vn -0.8041992 0.27929688 0.52490234
vn 0.6689453 0.46020508 -0.5839844
vn 0.6689453 0.46020508 -0.5839844
vn 0.6689453 0.46020508 -0.5839844
vn 0.7729492 0.3491211 -0.52978516
vn 0.7729492 0.3491211 -0.52978516
vn 0.7729492 0.3491211 -0.52978516
vn -0.61083984 0.3491211 -0.7109375
vn -0.61083984 0.3491211 -0.7109375
vn -0.61083984 0.3491211 -0.7109375
vn -0.67333984 0.47998047 -0.5620117
vn -0.67333984 0.47998047 -0.5620117
vn -0.67333984 0.47998047 -0.5620117
vn 0.0049552917 0.9042969 0.42749023
vn 0.0049552917 0.9042969 0.42749023
vn 0.0049552917 0.9042969 0.42749023
vn -0.0008659363 0.8413086 0.5410156
vn -0.0008659363 0.8413086 0.5410156
vn -0.0008659363 0.8413086 0.5410156
vn -0.5395508 0.7241211 0.42993164
vn -0.5395508 0.7241211 0.42993164
vn -0.5395508 0.7241211 0.42993164
vn 0.5859375 0.7260742 0.36035156
vn 0.5859375 0.7260742 0.36035156
vn 0.5859375 0.7260742 0.36035156
vn -0.5859375 0.7260742 -0.36035156
vn -0.5859375 0.7260742 -0.36035156
vn -0.5859375 0.7260742 -0.36035156
vn 0.5395508 0.7241211 -0.42993164
vn 0.5395508 0.7241211 -0.42993164
vn 0.5395508 0.7241211 -0.42993164
vn -0.3623047 0.74658203 0.55810547
vn -0.3623047 0.74658203 0.55810547
vn -0.3623047 0.74658203 0.55810547
vn 0.62841797 0.7480469 0.21325684
vn 0.62841797 0.7480469 0.21325684
vn 0.62841797 0.7480469 0.21325684
vn -0.62841797 0.7480469 -0.21313477
vn -0.62841797 0.7480469 -0.21313477
vn -0.62841797 0.7480469 -0.21313477
vn 0.36254883 0.74658203 -0.55810547
vn 0.36254883 0.74658203 -0.55810547
vn 0.36254883 0.74658203 -0.55810547
vn -0.43530273 0.74658203 0.50341797
vn -0.43530273 0.74658203 0.50341797
vn -0.43530273 0.74658203 0.50341797
vn 0.59375 0.7480469 0.29711914
vn 0.59375 0.7480469 0.29711914
vn 0.59375 0.7480469 0.29711914
vn -0.59375 0.7480469 -0.29711914
vn -0.59375 0.7480469 -0.29711914
vn -0.59375 0.7480469 -0.29711914
vn 0.43530273 0.74658203 -0.50341797
vn 0.43530273 0.74658203 -0.50341797
vn 0.43530273 0.74658203 -0.50341797
vn -0.5 0.74658203 0.43896484
vn -0.5 0.74658203 0.43896484
vn -0.5 0.74658203 0.43896484
vn 0.5473633 0.7480469 0.37548828
vn 0.5473633 0.7480469 0.37548828
vn 0.5473633 0.7480469 0.37548828
vn -0.5473633 0.7480469 -0.37548828
vn -0.5473633 0.7480469 -0.37548828
vn -0.5473633 0.7480469 -0.37548828
vn 0.5 0.74658203 -0.43896484
vn 0.5 0.74658203 -0.43896484
vn 0.5 0.74658203 -0.43896484
vn -0.54296875 0.7753906 0.32250977
vn -0.54296875 0.7753906 0.32250977
vn -0.54296875 0.7753906 0.32250977
vn 0.30078125 0.7705078 0.5620117
vn 0.30078125 0.7705078 0.5620117
vn 0.30078125 0.7705078 0.5620117
vn -0.30688477 0.7885742 -0.5332031
vn -0.30688477 0.7885742 -0.5332031
vn -0.30688477 0.7885742 -0.5332031
vn 0.5517578 0.7836914 -0.28515625
vn 0.5517578 0.7836914 -0.28515625
vn 0.5517578 0.7836914 -0.28515625
vn 0.6254883 0.45141602 0.63623047
vn 0.6254883 0.45141602 0.63623047
vn 0.6254883 0.45141602 0.63623047
vn 0.6254883 0.45141602 0.63623047
vn -0.63671875 0.45141602 0.6254883
vn -0.63671875 0.45141602 0.6254883
vn -0.63671875 0.45141602 0.6254883
vn -0.63623047 0.45141602 0.6254883
vn 0.63623047 0.45141602 -0.6254883
vn 0.63623047 0.45141602 -0.6254883
vn 0.63623047 0.45141602 -0.6254883
vn 0.63623047 0.45141602 -0.6254883
vn -0.6254883 0.45141602 -0.63623047
vn -0.6254883 0.45141602 -0.63623047
vn -0.6254883 0.45141602 -0.63623047
vn -0.6254883 0.45141602 -0.63623047
vn -0.0037460327 0.89941406 0.43701172
vn -0.0037460327 0.89941406 0.43701172
vn -0.0037460327 0.89941406 0.43701172
vn -0.003704071 0.89941406 0.43652344
vn -0.0069732666 0.58203125 0.8129883
vn -0.0069732666 0.58203125 0.8129883
vn -0.0069732666 0.58203125 0.8129883
vn -0.006969452 0.58203125 0.8129883
vn -0.8129883 0.58203125 -0.012245178
vn -0.8129883 0.58203125 -0.012245178
vn -0.8129883 0.58203125 -0.012245178
vn -0.8129883 0.58203125 -0.012245178
vn 0.0069732666 0.58203125 -0.8129883
vn 0.0069732666 0.58203125 -0.8129883
vn 0.0069732666 0.58203125 -0.8129883
vn 0.0069732666 0.58203125 -0.8129883
vn 0.8129883 0.58203125 0.012245178
vn 0.8129883 0.58203125 0.012245178
vn 0.8129883 0.58203125 0.012245178
vn 0.8129883 0.58203125 0.012252808
vn 0.6230469 0.3137207 0.7167969
vn 0.6230469 0.3137207 0.7167969
vn 0.6230469 0.3137207 0.7167969
vn 0.6230469 0.3137207 0.7167969
vn -0.71533203 0.33374023 0.6142578
vn -0.71533203 0.33374023 0.6142578
vn -0.71533203 0.33374023 0.6142578
vn -0.71484375 0.33398438 0.6142578
vn 0.7138672 0.3227539 -0.62109375
vn 0.7138672 0.3227539 -0.62109375
vn 0.7138672 0.3227539 -0.62109375
vn 0.7138672 0.32299805 -0.62109375
vn -0.6171875 0.32177734 -0.71777344
vn -0.6171875 0.32177734 -0.71777344
vn -0.6171875 0.32177734 -0.71777344
vn -0.6171875 0.32177734 -0.71777344
vn -0.017074585 0.74853516 0.66308594
vn -0.017074585 0.74853516 0.66308594
vn -0.017074585 0.74853516 0.66308594
vn -0.015640259 0.76123047 0.6479492
vn 0.015686035 0.6381836 -0.76953125
vn 0.015686035 0.6381836 -0.76953125
vn 0.015686035 0.6381836 -0.76953125
vn 0.015823364 0.63671875 -0.7709961
vn -0.018463135 0.44921875 0.8930664
vn -0.018463135 0.44921875 0.8930664
vn -0.018463135 0.44921875 0.8930664
vn -0.020568848 0.42333984 0.9057617
vn -0.89746094 0.4404297 -0.021408081
vn -0.89746094 0.4404297 -0.021408081
vn -0.89746094 0.4404297 -0.021408081
vn -0.89746094 0.4404297 -0.021408081
vn 0.018447876 0.43237305 -0.9013672
vn 0.018447876 0.43237305 -0.9013672
vn 0.018447876 0.43237305 -0.9013672
vn 0.018447876 0.43237305 -0.9013672
vn 0.90966797 0.41552734 0.014801025
vn 0.90966797 0.41552734 0.014801025
vn 0.90966797 0.41552734 0.014801025
vn 0.89746094 0.44091797 0.012718201
vn 0.42333984 0.3178711 -0.8486328
vn 0.42333984 0.3178711 -0.8486328
vn 0.42333984 0.3178711 -0.8486328
vn 0.40600586 0.33325195 -0.8510742
vn -0.81933594 0.31518555 -0.4790039
vn -0.81933594 0.31518555 -0.4790039
vn -0.81933594 0.31518555 -0.4790039
vn -0.81933594 0.31518555 -0.4790039
vn -0.16882324 0.8725586 -0.45874023
vn -0.16882324 0.8725586 -0.45874023
vn -0.16882324 0.8725586 -0.45874023
vn -0.16784668 0.87402344 -0.45581055
vn -0.8540039 0.4423828 0.27368164
vn -0.8540039 0.4423828 0.27368164
vn -0.8540039 0.4423828 0.27368164
vn -0.8540039 0.4423828 0.27368164
vn -0.3149414 0.42089844 -0.85058594
vn -0.3149414 0.42089844 -0.85058594
vn -0.3149414 0.42089844 -0.85058594
vn -0.3149414 0.42089844 -0.85058594
vn 0.62646484 0.31811523 0.7114258
vn 0.62646484 0.31811523 0.7114258
vn 0.62646484 0.31811523 0.7114258
vn 0.62646484 0.31811523 0.7114258
vn -0.7109375 0.33374023 0.61865234
vn -0.7109375 0.33374023 0.61865234
vn -0.7109375 0.33374023 0.61865234
vn -0.7109375 0.33374023 0.61865234
vn 0.70996094 0.3227539 -0.62597656
vn 0.70996094 0.3227539 -0.62597656
vn 0.70996094 0.3227539 -0.62597656
vn 0.70996094 0.32299805 -0.62597656
vn -0.6220703 0.32177734 -0.7138672
vn -0.6220703 0.32177734 -0.7138672
vn -0.6220703 0.32177734 -0.7138672
vn -0.6220703 0.32177734 -0.7138672
vn -0.0077819824 0.9042969 0.4272461
vn -0.0077819824 0.9042969 0.4272461
vn -0.0077819824 0.9042969 0.4272461
vn -0.004573822 0.9213867 0.38867188
vn -0.6386719 0.76953125 -0.009521484
vn -0.6386719 0.76953125 -0.009521484
vn -0.6386719 0.76953125 -0.009521484
vn -0.63916016 0.76904297 -0.009567261
vn 0.0048675537 0.89697266 -0.4416504
vn 0.0048675537 0.89697266 -0.4416504
vn 0.0048675537 0.89697266 -0.4416504
vn 0.0048446655 0.89746094 -0.44140625
vn 0.6044922 0.7963867 -0.013336182
vn 0.6044922 0.7963867 -0.013336182
vn 0.6044922 0.7963867 -0.013336182
vn 0.63183594 0.77490234 -0.010627747
vn -0.010269165 0.4489746 0.8935547
vn -0.010269165 0.4489746 0.8935547
vn -0.010269165 0.4489746 0.8935547
vn -0.011680603 0.42871094 0.9033203
vn -0.8979492 0.44018555 -0.00548172
vn -0.8979492 0.44018555 -0.00548172
vn -0.8979492 0.44018555 -0.00548172
vn -0.8979492 0.44018555 -0.00548172
vn 0.0102005005 0.43237305 -0.90185547
vn 0.0102005005 0.43237305 -0.90185547
vn 0.0102005005 0.43237305 -0.90185547
vn 0.0102005005 0.43237305 -0.90185547
vn 0.90722656 0.42041016 -0.0051231384
vn 0.90722656 0.42041016 -0.0051231384
vn 0.90722656 0.42041016 -0.0051231384
vn 0.8979492 0.4404297 -0.007335663
vn 0.84521484 0.37548828 0.3798828
vn 0.84521484 0.37548828 0.3798828
vn 0.84521484 0.37548828 0.3798828
vn 0.84521484 0.37548828 0.3798828
vn -0.3918457 0.33374023 0.8574219
vn -0.3918457 0.33374023 0.8574219
vn -0.3918457 0.33374023 0.8574219
vn -0.3918457 0.33398438 0.8574219
vn 0.3876953 0.3227539 -0.86328125
vn 0.3876953 0.3227539 -0.86328125
vn 0.3876953 0.3227539 -0.86328125
vn 0.3876953 0.32299805 -0.86328125
vn -0.8613281 0.32177734 -0.3930664
vn -0.8613281 0.32177734 -0.3930664
vn -0.8613281 0.32177734 -0.3930664
vn -0.8613281 0.32177734 -0.3930664
vn -0.5864258 0.7661133 0.2631836
vn -0.5864258 0.7661133 0.2631836
vn -0.5864258 0.7661133 0.2631836
vn -0.57958984 0.77246094 0.2602539
vn -0.1796875 0.89697266 -0.4038086
vn -0.1796875 0.89697266 -0.4038086
vn -0.1796875 0.89697266 -0.4038086
vn -0.17932129 0.89746094 -0.40307617
vn -0.8183594 0.44018555 0.3701172
vn -0.8183594 0.44018555 0.3701172
vn -0.8183594 0.44018555 0.3701172
vn -0.8183594 0.44018555 0.3701172
vn -0.36645508 0.4321289 -0.82373047
vn -0.36645508 0.4321289 -0.82373047
vn -0.36645508 0.4321289 -0.82373047
vn -0.36645508 0.4321289 -0.82373047
vn 0.6899414 0.34643555 0.6357422
vn 0.6899414 0.34643555 0.6357422
vn 0.6899414 0.34643555 0.6357422
vn 0.6899414 0.34643555 0.6357422
vn -0.6430664 0.33374023 0.6894531
vn -0.6430664 0.33374023 0.6894531
vn -0.6430664 0.33374023 0.6894531
vn -0.6430664 0.33374023 0.6894531
vn 0.7060547 0.3227539 -0.6298828
vn 0.7060547 0.3227539 -0.6298828
vn 0.7060547 0.3227539 -0.6298828
vn 0.7060547 0.32299805 -0.6298828
vn -0.62597656 0.32177734 -0.7104492
vn -0.62597656 0.32177734 -0.7104492
vn -0.62597656 0.32177734 -0.7104492
vn -0.62597656 0.32177734 -0.70996094
vn 0.03652954 0.9042969 0.42578125
vn 0.03652954 0.9042969 0.42578125
vn 0.03652954 0.9042969 0.42578125
vn 0.03741455 0.8925781 0.44921875
vn -0.640625 0.7675781 -0.0021438599
vn -0.640625 0.7675781 -0.0021438599
vn -0.640625 0.7675781 -0.0021438599
vn -0.67626953 0.7363281 -0.003030777
vn 0.006462097 0.89746094 -0.4411621
vn 0.006462097 0.89746094 -0.4411621
vn 0.006462097 0.89746094 -0.4411621
vn 0.0065078735 0.89697266 -0.44189453
vn 0.62597656 0.77978516 -0.001906395
vn 0.62597656 0.77978516 -0.001906395
vn 0.62597656 0.77978516 -0.001906395
vn 0.63916016 0.76904297 -0.001405716
vn 0.07434082 0.44921875 0.8901367
vn 0.07434082 0.44921875 0.8901367
vn 0.07434082 0.44921875 0.8901367
vn 0.074279785 0.46313477 0.8833008
vn -0.8979492 0.44018555 -0.00039291382
vn -0.8979492 0.44018555 -0.00039291382
vn -0.8979492 0.44018555 -0.00039291382
vn -0.8979492 0.4399414 -0.00039982796
vn 0.013366699 0.43237305 -0.9013672
vn 0.013366699 0.43237305 -0.9013672
vn 0.013366699 0.43237305 -0.9013672
vn 0.013366699 0.43237305 -0.9013672
vn 0.8901367 0.4555664 -0.00096940994
vn 0.8901367 0.4555664 -0.00096940994
vn 0.8901367 0.4555664 -0.00096940994
vn 0.89746094 0.44091797 -0.00040650368
vn -0.44970703 0.88964844 0.07751465
vn -0.44970703 0.88964844 0.07751465
vn -0.44970703 0.88964844 0.07751465
vn -0.4572754 0.8857422 0.078186035
vn -0.053894043 0.94189453 -0.33129883
vn -0.053894043 0.94189453 -0.33129883
vn -0.053894043 0.94189453 -0.33129883
vn -0.05392456 0.94189453 -0.33154297
vn 0.1427002 0.45654297 0.87841797
vn 0.1427002 0.45654297 0.87841797
vn 0.1427002 0.45654297 0.87841797
vn 0.14245605 0.4489746 0.8823242
vn -0.14245605 0.46191406 -0.8754883
vn -0.14245605 0.46191406 -0.8754883
vn -0.14245605 0.46191406 -0.8754883
vn -0.14245605 0.4609375 -0.87597656
vn 0.87158203 0.46313477 -0.16064453
vn 0.87158203 0.46313477 -0.16064453
vn 0.87158203 0.46313477 -0.16064453
vn 0.8901367 0.42700195 -0.15942383
vn -0.44970703 0.8930664 -0.0069618225
vn -0.44970703 0.8930664 -0.0069618225
vn -0.44970703 0.8930664 -0.0069618225
vn -0.47045898 0.8823242 -0.007637024
vn -0.0006685257 0.94189453 -0.3359375
vn -0.0006685257 0.94189453 -0.3359375
vn -0.0006685257 0.94189453 -0.3359375
vn -0.000702858 0.94189453 -0.33569336
vn 0.0015697479 0.45629883 0.88964844
vn 0.0015697479 0.45629883 0.88964844
vn 0.0015697479 0.45629883 0.88964844
vn 0.00095176697 0.44873047 0.8935547
vn -0.0017700195 0.46191406 -0.88671875
vn -0.0017700195 0.46191406 -0.88671875
vn -0.0017700195 0.46191406 -0.88671875
vn -0.0016870499 0.4609375 -0.8876953
vn 0.8857422 0.4638672 0.011352539
vn 0.8857422 0.4638672 0.011352539
vn 0.8857422 0.4638672 0.011352539
vn 0.9038086 0.42749023 0.012619019
vn 0.65185547 0.18859863 0.7348633
vn 0.65185547 0.18859863 0.7348633
vn 0.65185547 0.18859863 0.7348633
vn 0.65185547 0.18859863 0.734375
vn -0.7080078 0.33374023 0.6220703
vn -0.7080078 0.33374023 0.6220703
vn -0.7080078 0.33374023 0.6220703
vn -0.7080078 0.33398438 0.6220703
vn 0.70703125 0.3227539 -0.62939453
vn 0.70703125 0.3227539 -0.62939453
vn 0.70703125 0.3227539 -0.62939453
vn 0.70703125 0.32299805 -0.62939453
vn -0.6254883 0.32177734 -0.7109375
vn -0.6254883 0.32177734 -0.7109375
vn -0.6254883 0.32177734 -0.7109375
vn -0.6254883 0.32177734 -0.7109375
vn -0.63916016 0.76904297 -0.0051841736
vn -0.63916016 0.76904297 -0.0051841736
vn -0.63916016 0.76904297 -0.0051841736
vn -0.6381836 0.76953125 -0.0051574707
vn 0.0023174286 0.89697266 -0.44189453
vn 0.0023174286 0.89697266 -0.44189453
vn 0.0023174286 0.89697266 -0.44189453
vn 0.0022850037 0.89746094 -0.44140625
vn -0.8979492 0.44018555 -0.0043945312
vn -0.8979492 0.44018555 -0.0043945312
vn -0.8979492 0.44018555 -0.0043945312
vn -0.8979492 0.44018555 -0.0043945312
vn 0.0049858093 0.4321289 -0.90185547
vn 0.0049858093 0.4321289 -0.90185547
vn 0.0049858093 0.4321289 -0.90185547
vn 0.0049819946 0.43237305 -0.90185547
vn -0.42407227 0.8935547 0.14648438
vn -0.42407227 0.8935547 0.14648438
vn -0.42407227 0.8935547 0.14648438
vn -0.44555664 0.88183594 0.15356445
vn -0.11206055 0.94189453 -0.3161621
vn -0.11206055 0.94189453 -0.3161621
vn -0.11206055 0.94189453 -0.3161621
vn -0.11230469 0.94189453 -0.31689453
vn 0.29711914 0.45654297 0.8383789
vn 0.29711914 0.45654297 0.8383789
vn 0.29711914 0.45654297 0.8383789
vn 0.29833984 0.4489746 0.84228516
vn -0.29638672 0.4621582 -0.8359375
vn -0.29638672 0.4621582 -0.8359375
vn -0.29638672 0.4621582 -0.8359375
vn -0.29638672 0.4609375 -0.8364258
vn 0.83691406 0.46411133 -0.29077148
vn 0.83691406 0.46411133 -0.29077148
vn 0.83691406 0.46411133 -0.29077148
vn 0.8540039 0.42749023 -0.29614258
vn 0.6894531 0.18859863 0.69921875
vn 0.6894531 0.18859863 0.69921875
vn 0.6894531 0.18859863 0.69921875
vn 0.6894531 0.18859863 0.69921875
vn -0.6743164 0.33374023 0.6586914
vn -0.6743164 0.33374023 0.6586914
vn -0.6743164 0.33374023 0.6586914
vn -0.6743164 0.33398438 0.6586914
vn 0.67285156 0.3227539 -0.66552734
vn 0.67285156 0.3227539 -0.66552734
vn 0.67285156 0.3227539 -0.66552734
vn 0.67285156 0.32299805 -0.66552734
vn -0.6616211 0.32177734 -0.6772461
vn -0.6616211 0.32177734 -0.6772461
vn -0.6616211 0.32177734 -0.6772461
vn -0.6616211 0.32177734 -0.6772461
vn -0.6333008 0.7734375 0.018600464
vn -0.6333008 0.7734375 0.018600464
vn -0.6333008 0.7734375 0.018600464
vn -0.64404297 0.7651367 0.018676758
vn -0.022598267 0.89697266 -0.44140625
vn -0.022598267 0.89697266 -0.44140625
vn -0.022598267 0.89697266 -0.44140625
vn -0.022583008 0.89746094 -0.44067383
vn -0.89746094 0.4404297 0.029159546
vn -0.89746094 0.4404297 0.029159546
vn -0.89746094 0.4404297 0.029159546
vn -0.89746094 0.4404297 0.029159546
vn -0.04598999 0.4321289 -0.9003906
vn -0.04598999 0.4321289 -0.9003906
vn -0.04598999 0.4321289 -0.9003906
vn -0.04598999 0.4321289 -0.9003906
vn -0.48046875 0.37548828 -0.79248047
vn -0.48046875 0.37548828 -0.79248047
vn -0.48046875 0.37548828 -0.79248047
vn -0.4807129 0.37548828 -0.79248047
vn 0.80908203 0.33374023 -0.48364258
vn 0.80908203 0.33374023 -0.48364258
vn 0.80908203 0.33374023 -0.48364258
vn 0.80908203 0.33398438 -0.48364258
vn -0.80908203 0.3227539 0.49072266
vn -0.80908203 0.3227539 0.49072266
vn -0.80908203 0.3227539 0.49072266
vn -0.80908203 0.32299805 0.4909668
vn 0.48632812 0.32177734 0.8125
vn 0.48632812 0.32177734 0.8125
vn 0.48632812 0.32177734 0.8125
vn 0.48632812 0.32177734 0.8125
vn 0.61328125 0.77783203 0.13696289
vn 0.61328125 0.77783203 0.13696289
vn 0.61328125 0.77783203 0.13696289
vn 0.63427734 0.7597656 0.14245605
vn -0.08508301 0.89746094 0.43310547
vn -0.08508301 0.89746094 0.43310547
vn -0.08508301 0.89746094 0.43310547
vn -0.08514404 0.89697266 0.4333496
vn 0.8769531 0.4404297 0.19128418
vn 0.8769531 0.4404297 0.19128418
vn 0.8769531 0.4404297 0.19128418
vn 0.8769531 0.4404297 0.19128418
vn -0.1739502 0.43237305 0.8847656
vn -0.1739502 0.43237305 0.8847656
vn -0.1739502 0.43237305 0.8847656
vn -0.1739502 0.43237305 0.8847656
vn -0.03842163 0.89404297 0.44628906
vn -0.03842163 0.89404297 0.44628906
vn -0.03842163 0.89404297 0.44628906
vn -0.041046143 0.88134766 0.47045898
vn -0.33251953 0.9423828 -0.034057617
vn -0.33251953 0.9423828 -0.034057617
vn -0.33251953 0.9423828 -0.034057617
vn -0.33569336 0.94140625 -0.034576416
vn 0.8847656 0.4567871 0.09082031
vn 0.8847656 0.4567871 0.09082031
vn 0.8847656 0.4567871 0.09082031
vn 0.8886719 0.44921875 0.091552734
vn -0.88183594 0.46240234 -0.09039307
vn -0.88183594 0.46240234 -0.09039307
vn -0.88183594 0.46240234 -0.09039307
vn -0.8828125 0.46142578 -0.09051514
vn 0.07293701 0.46411133 -0.8828125
vn 0.07293701 0.46411133 -0.8828125
vn 0.07293701 0.46411133 -0.8828125
vn 0.07574463 0.42749023 -0.9008789
vn -0.24890137 0.4074707 0.87890625
vn -0.24890137 0.4074707 0.87890625
vn -0.24890137 0.4074707 0.87890625
vn -0.24890137 0.4074707 0.87890625
vn 0.86035156 0.44067383 0.25683594
vn 0.86035156 0.44067383 0.25683594
vn 0.86035156 0.44067383 0.25683594
vn 0.86035156 0.44067383 0.25683594
vn -0.87109375 0.4333496 -0.23010254
vn -0.87109375 0.4333496 -0.23010254
vn -0.87109375 0.4333496 -0.23010254
vn -0.87109375 0.43359375 -0.23010254
vn 0.2376709 0.46679688 -0.8520508
vn 0.2376709 0.46679688 -0.8520508
vn 0.2376709 0.46679688 -0.8520508
vn 0.2376709 0.46679688 -0.8520508
vn 0.2861328 0.75634766 0.5883789
vn 0.2861328 0.75634766 0.5883789
vn 0.2861328 0.75634766 0.5883789
vn 0.28051758 0.7651367 0.5800781
vn 0.55126953 0.7836914 -0.28686523
vn 0.55126953 0.7836914 -0.28686523
vn 0.55126953 0.7836914 -0.28686523
vn 0.5493164 0.78515625 -0.28588867
vn -0.31152344 0.7685547 -0.55859375
vn -0.31152344 0.7685547 -0.55859375
vn -0.31152344 0.7685547 -0.55859375
vn -0.30541992 0.7788086 -0.54785156
vn -0.6010742 0.7373047 0.30908203
vn -0.6010742 0.7373047 0.30908203
vn -0.6010742 0.7373047 0.30908203
vn -0.58203125 0.75683594 0.29760742
vn 0.37817383 0.5488281 0.74560547
vn 0.37817383 0.5488281 0.74560547
vn 0.37817383 0.5488281 0.74560547
vn 0.37817383 0.5488281 0.74560547
vn 0.7182617 0.58740234 -0.3725586
vn 0.7182617 0.58740234 -0.3725586
vn 0.7182617 0.58740234 -0.3725586
vn 0.7182617 0.58740234 -0.37280273
vn -0.38378906 0.5839844 -0.71533203
vn -0.38378906 0.5839844 -0.71533203
vn -0.38378906 0.5839844 -0.71533203
vn -0.38378906 0.5839844 -0.71533203
vn -0.7451172 0.5449219 0.38427734
vn -0.7451172 0.5449219 0.38427734
vn -0.7451172 0.5449219 0.38427734
vn -0.7451172 0.5449219 0.38427734
vn 0.6616211 0.41748047 0.6230469
vn 0.6616211 0.41748047 0.6230469
vn 0.6616211 0.41748047 0.6230469
vn 0.6616211 0.41748047 0.6230469
vn 0.64501953 0.40405273 -0.6489258
vn 0.64501953 0.40405273 -0.6489258
vn 0.64501953 0.40405273 -0.6489258
vn 0.64501953 0.40405273 -0.6489258
vn -0.6088867 0.46972656 0.63916016
vn -0.6088867 0.46972656 0.63916016
vn -0.6088867 0.46972656 0.63916016
vn -0.6088867 0.46972656 0.63916016
vn -0.62597656 0.45629883 -0.6323242
vn -0.62597656 0.45629883 -0.6323242
vn -0.62597656 0.45629883 -0.6323242
vn -0.62597656 0.45629883 -0.6323242
vn 0.67089844 0.74121094 0.010887146
vn 0.67089844 0.74121094 0.010887146
vn 0.67089844 0.74121094 0.010887146
vn 0.65625 0.75439453 0.011680603
vn 0.032104492 0.7583008 -0.6513672
vn 0.032104492 0.7583008 -0.6513672
vn 0.032104492 0.7583008 -0.6513672
vn 0.032165527 0.7626953 -0.6464844
vn -0.6269531 0.7783203 -0.032318115
vn -0.6269531 0.7783203 -0.032318115
vn -0.6269531 0.7783203 -0.032318115
vn -0.60839844 0.79296875 -0.032836914
vn -0.016845703 0.7578125 0.65234375
vn -0.016845703 0.7578125 0.65234375
vn -0.016845703 0.7578125 0.65234375
vn -0.016784668 0.7841797 0.6201172
vn 0.8461914 0.53222656 0.015411377
vn 0.8461914 0.53222656 0.015411377
vn 0.8461914 0.53222656 0.015411377
vn 0.8461914 0.53222656 0.015411377
vn 0.03692627 0.55615234 -0.8300781
vn 0.03692627 0.55615234 -0.8300781
vn 0.03692627 0.55615234 -0.8300781
vn 0.03692627 0.55615234 -0.8300781
vn -0.7998047 0.5991211 -0.0395813
vn -0.7998047 0.5991211 -0.0395813
vn -0.7998047 0.5991211 -0.0395813
vn -0.7998047 0.5991211 -0.0395813
vn -0.024658203 0.5761719 0.81689453
vn -0.024658203 0.5761719 0.81689453
vn -0.024658203 0.5761719 0.81689453
vn -0.024658203 0.5761719 0.81689453
vn -0.7734375 0.41748047 0.47705078
vn -0.7734375 0.41748047 0.47705078
vn -0.7734375 0.41748047 0.47705078
vn -0.7734375 0.41748047 0.47705078
vn 0.45898438 0.40405273 0.7915039
vn 0.45898438 0.40405273 0.7915039
vn 0.45898438 0.40405273 0.7915039
vn 0.45898438 0.40405273 0.7915039
vn -0.4892578 0.46972656 -0.7348633
vn -0.4892578 0.46972656 -0.7348633
vn -0.4892578 0.46972656 -0.7348633
vn -0.48901367 0.4699707 -0.7348633
vn 0.7548828 0.45629883 -0.47094727
vn 0.7548828 0.45629883 -0.47094727
vn 0.7548828 0.45629883 -0.47094727
vn 0.7548828 0.45629883 -0.47094727
vn -0.1665039 0.74560547 0.64501953
vn -0.1665039 0.74560547 0.64501953
vn -0.1665039 0.74560547 0.64501953
vn -0.16540527 0.7504883 0.6401367
vn 0.6274414 0.76220703 0.15942383
vn 0.6274414 0.76220703 0.15942383
vn 0.6274414 0.76220703 0.15942383
vn 0.6376953 0.75341797 0.16113281
vn 0.14477539 0.78466797 -0.60302734
vn 0.14477539 0.78466797 -0.60302734
vn 0.14477539 0.78466797 -0.60302734
vn 0.1439209 0.78808594 -0.59814453
vn -0.625 0.7680664 -0.14038086
vn -0.625 0.7680664 -0.14038086
vn -0.625 0.7680664 -0.14038086
vn -0.6098633 0.78027344 -0.13745117
vn -0.21264648 0.53222656 0.81933594
vn -0.21264648 0.53222656 0.81933594
vn -0.21264648 0.53222656 0.81933594
vn -0.21264648 0.53222656 0.81933594
vn 0.80615234 0.5571289 0.1998291
vn 0.80615234 0.5571289 0.1998291
vn 0.80615234 0.5571289 0.1998291
vn 0.8051758 0.55810547 0.19970703
vn 0.18566895 0.5996094 -0.7783203
vn 0.18566895 0.5996094 -0.7783203
vn 0.18566895 0.5996094 -0.7783203
vn 0.18566895 0.5996094 -0.7783203
vn -0.7973633 0.5751953 -0.18383789
vn -0.7973633 0.5751953 -0.18383789
vn -0.7973633 0.5751953 -0.18383789
vn -0.7963867 0.5761719 -0.18371582
vn -0.45458984 0.88964844 0.04083252
vn -0.45458984 0.88964844 0.04083252
vn -0.45458984 0.88964844 0.04083252
vn -0.4621582 0.8857422 0.040924072
vn -0.0368042 0.94140625 -0.33520508
vn -0.0368042 0.94140625 -0.33520508
vn -0.0368042 0.94140625 -0.33520508
vn -0.036743164 0.9423828 -0.33276367
vn 0.09698486 0.45581055 0.8847656
vn 0.09698486 0.45581055 0.8847656
vn 0.09698486 0.45581055 0.8847656
vn 0.09686279 0.4482422 0.8886719
vn -0.09686279 0.46142578 -0.88183594
vn -0.09686279 0.46142578 -0.88183594
vn -0.09686279 0.46142578 -0.88183594
vn -0.09686279 0.46020508 -0.8823242
vn 0.88183594 0.46313477 -0.089660645
vn 0.88183594 0.46313477 -0.089660645
vn 0.88183594 0.46313477 -0.089660645
vn 0.89990234 0.42700195 -0.08691406
vn 0.1817627 0.5449219 -0.8183594
vn 0.1817627 0.5449219 -0.8183594
vn 0.1817627 0.5449219 -0.8183594
vn 0.18457031 0.52490234 -0.8310547
vn 0.8105469 0.3046875 0.5
vn 0.8105469 0.3046875 0.5
vn 0.8105469 0.3046875 0.5
vn 0.8105469 0.3046875 0.5
vn -0.5 0.3046875 0.8105469
vn -0.5 0.3046875 0.8105469
vn -0.5 0.3046875 0.8105469
vn -0.5 0.3046875 0.8105469
vn -0.8105469 0.3046875 -0.5
vn -0.8105469 0.3046875 -0.5
vn -0.8105469 0.3046875 -0.5
vn -0.8105469 0.3046875 -0.5
vn 0.20239258 0.66796875 0.7158203
vn 0.20239258 0.66796875 0.7158203
vn 0.20239258 0.66796875 0.7158203
vn 0.20031738 0.67871094 0.70654297
vn -0.7573242 0.6308594 0.16748047
vn -0.7573242 0.6308594 0.16748047
vn -0.7573242 0.6308594 0.16748047
vn -0.77197266 0.6123047 0.16955566
vn 0.2479248 0.41186523 0.8769531
vn 0.2479248 0.41186523 0.8769531
vn 0.2479248 0.41186523 0.8769531
vn 0.2479248 0.41186523 0.8769531
vn -0.88964844 0.41210938 0.19665527
vn -0.88964844 0.41210938 0.19665527
vn -0.88964844 0.41210938 0.19665527
vn -0.88964844 0.41210938 0.19665527
vn -0.21704102 0.41357422 -0.88427734
vn -0.21704102 0.41357422 -0.88427734
vn -0.21704102 0.41357422 -0.88427734
vn -0.21716309 0.41210938 -0.8847656
vn 0.8901367 0.41210938 -0.19543457
vn 0.8901367 0.41210938 -0.19543457
vn 0.8901367 0.41210938 -0.19543457
vn 0.8901367 0.41210938 -0.19543457
vn 0.6323242 0.3046875 0.71240234
vn 0.6323242 0.3046875 0.71240234
vn 0.6323242 0.3046875 0.71240234
vn 0.6323242 0.3046875 0.71240234
vn -0.71240234 0.3046875 0.6323242
vn -0.71240234 0.3046875 0.6323242
vn -0.71240234 0.3046875 0.6323242
vn -0.71240234 0.3046875 0.6323242
vn 0.71240234 0.3046875 -0.6323242
vn 0.71240234 0.3046875 -0.6323242
vn 0.71240234 0.3046875 -0.6323242
vn 0.71240234 0.3046875 -0.6323242
vn -0.6323242 0.3046875 -0.71240234
vn -0.6323242 0.3046875 -0.71240234
vn -0.6323242 0.3046875 -0.71240234
vn -0.6323242 0.3046875 -0.71240234
vn -0.025344849 0.6694336 0.7426758
vn -0.025344849 0.6694336 0.7426758
vn -0.025344849 0.6694336 0.7426758
vn -0.024902344 0.67578125 0.7368164
vn -0.7807617 0.6245117 -0.0052719116
vn -0.7807617 0.6245117 -0.0052719116
vn -0.7807617 0.6245117 -0.0052719116
vn -0.78271484 0.6220703 -0.0053634644
vn 0.7836914 0.62109375 0.008079529
vn 0.7836914 0.62109375 0.008079529
vn 0.7836914 0.62109375 0.008079529
vn 0.7836914 0.62109375 0.008079529
vn -0.031082153 0.41210938 0.91064453
vn -0.031082153 0.41210938 0.91064453
vn -0.031082153 0.41210938 0.91064453
vn -0.031082153 0.41210938 0.91064453
vn -0.9111328 0.4116211 -0.0061531067
vn -0.9111328 0.4116211 -0.0061531067
vn -0.9111328 0.4116211 -0.0061531067
vn -0.9111328 0.4116211 -0.0061531067
vn 0.031082153 0.41210938 -0.91064453
vn 0.031082153 0.41210938 -0.91064453
vn 0.031082153 0.41210938 -0.91064453
vn 0.031082153 0.41210938 -0.91064453
vn 0.9111328 0.4116211 0.0061531067
vn 0.9111328 0.4116211 0.0061531067
vn 0.9111328 0.4116211 0.0061531067
vn 0.9111328 0.4116211 0.0061569214
vn 0.734375 0.3137207 0.6020508
vn 0.734375 0.3137207 0.6020508
vn 0.734375 0.3137207 0.6020508
vn 0.734375 0.3137207 0.6020508
vn -0.6020508 0.33374023 0.72558594
vn -0.6020508 0.33374023 0.72558594
vn -0.6020508 0.33374023 0.72558594
vn -0.6015625 0.33398438 0.72558594
vn 0.5996094 0.3227539 -0.7324219
vn 0.5996094 0.3227539 -0.7324219
vn 0.5996094 0.3227539 -0.7324219
vn 0.5996094 0.32299805 -0.7324219
vn -0.7290039 0.32177734 -0.6040039
vn -0.7290039 0.32177734 -0.6040039
vn -0.7290039 0.32177734 -0.6040039
vn -0.7290039 0.32177734 -0.6040039
vn 0.09729004 0.7480469 0.65625
vn 0.09729004 0.7480469 0.65625
vn 0.09729004 0.7480469 0.65625
vn 0.095947266 0.76171875 0.6411133
vn -0.11633301 0.6376953 -0.76123047
vn -0.11633301 0.6376953 -0.76123047
vn -0.11633301 0.6376953 -0.76123047
vn -0.11639404 0.63720703 -0.76220703
vn 0.13476562 0.4489746 0.8833008
vn 0.13476562 0.4489746 0.8833008
vn 0.13476562 0.4489746 0.8833008
vn 0.13513184 0.4230957 0.8959961
vn -0.8881836 0.4404297 0.12963867
vn -0.8881836 0.4404297 0.12963867
vn -0.8881836 0.4404297 0.12963867
vn -0.8886719 0.4404297 0.12963867
vn -0.1361084 0.43237305 -0.89160156
vn -0.1361084 0.43237305 -0.89160156
vn -0.1361084 0.43237305 -0.89160156
vn -0.1361084 0.43237305 -0.89160156
vn 0.8989258 0.41552734 -0.1381836
vn 0.8989258 0.41552734 -0.1381836
vn 0.8989258 0.41552734 -0.1381836
vn 0.88671875 0.44091797 -0.1381836
vn 0.008117676 0.87841797 -0.47753906
vn 0.008117676 0.87841797 -0.47753906
vn 0.008117676 0.87841797 -0.47753906
vn 0.008117676 0.87841797 -0.47753906
vn -0.44506836 0.8955078 0.016799927
vn -0.44506836 0.8955078 0.016799927
vn -0.44506836 0.8955078 0.016799927
vn -0.44482422 0.8955078 0.016799927
vn -0.007423401 0.86621094 0.49975586
vn -0.007423401 0.86621094 0.49975586
vn -0.007423401 0.86621094 0.49975586
vn -0.007423401 0.86621094 0.49975586
vn 0.44555664 0.89501953 0.01939392
vn 0.44555664 0.89501953 0.01939392
vn 0.44555664 0.89501953 0.01939392
vn 0.44555664 0.89501953 0.01939392
vn 0.6020508 0.4543457 -0.6567383
vn 0.6020508 0.4543457 -0.6567383
vn 0.6020508 0.4543457 -0.6567383
vn 0.6020508 0.45410156 -0.6567383
vn -0.58496094 0.4584961 -0.6689453
vn -0.58496094 0.4584961 -0.6689453
vn -0.58496094 0.4584961 -0.6689453
vn -0.58496094 0.4584961 -0.6689453
vn 0.58496094 0.4411621 0.68066406
vn 0.58496094 0.4411621 0.68066406
vn 0.58496094 0.4411621 0.68066406
vn 0.58496094 0.4411621 0.68066406
vn -0.6015625 0.43847656 0.66796875
vn -0.6015625 0.43847656 0.66796875
vn -0.6015625 0.43847656 0.66796875
vn -0.6015625 0.43847656 0.66796875
vn 0.013427734 0.56689453 -0.82373047
vn 0.013427734 0.56689453 -0.82373047
vn 0.013427734 0.56689453 -0.82373047
vn 0.013427734 0.56689453 -0.82373047
vn -0.79785156 0.60302734 0.009857178
vn -0.79785156 0.60302734 0.009857178
vn -0.79785156 0.60302734 0.009857178
vn -0.79785156 0.60302734 0.009857178
vn -0.0129776 0.5463867 0.83740234
vn -0.0129776 0.5463867 0.83740234
vn -0.0129776 0.5463867 0.83740234
vn -0.0129776 0.5463867 0.83740234
vn 0.79833984 0.6020508 0.014503479
vn 0.79833984 0.6020508 0.014503479
vn 0.79833984 0.6020508 0.014503479
vn 0.79833984 0.6020508 0.014503479
vn -0.014205933 0.8774414 0.4790039
vn -0.014205933 0.8774414 0.4790039
vn -0.014205933 0.8774414 0.4790039
vn -0.014205933 0.8774414 0.4790039
vn 0.57470703 0.8183594 0.014907837
vn 0.57470703 0.8183594 0.014907837
vn 0.57470703 0.8183594 0.014907837
vn 0.57470703 0.8183594 0.014907837
vn 0.014205933 0.8774414 -0.4790039
vn 0.014205933 0.8774414 -0.4790039
vn 0.014205933 0.8774414 -0.4790039
vn 0.014205933 0.8774414 -0.4790039
vn -0.57470703 0.8183594 -0.0149002075
vn -0.57470703 0.8183594 -0.0149002075
vn -0.57470703 0.8183594 -0.0149002075
vn -0.57470703 0.8183594 -0.0149002075
vn -0.7324219 0.3881836 0.5595703
vn -0.7324219 0.3881836 0.5595703
vn -0.7324219 0.3881836 0.5595703
vn -0.7324219 0.3881836 0.5595703
vn 0.72216797 0.38964844 0.57128906
vn 0.72216797 0.38964844 0.57128906
vn 0.72216797 0.38964844 0.57128906
vn 0.72216797 0.38964844 0.57128906
vn -0.72216797 0.38964844 -0.57128906
vn -0.72216797 0.38964844 -0.57128906
vn -0.72216797 0.38964844 -0.57128906
vn -0.72216797 0.38964844 -0.57128906
vn 0.7324219 0.3881836 -0.5595703
vn 0.7324219 0.3881836 -0.5595703
vn 0.7324219 0.3881836 -0.5595703
vn 0.7324219 0.3881836 -0.5595703
vn -0.024429321 0.56640625 0.82373047
vn -0.024429321 0.56640625 0.82373047
vn -0.024429321 0.56640625 0.82373047
vn -0.024429321 0.56640625 0.82373047
vn 0.88134766 0.47143555 0.022872925
vn 0.88134766 0.47143555 0.022872925
vn 0.88134766 0.47143555 0.022872925
vn 0.88134766 0.47143555 0.022872925
vn 0.024429321 0.56640625 -0.82373047
vn 0.024429321 0.56640625 -0.82373047
vn 0.024429321 0.56640625 -0.82373047
vn 0.024429321 0.56640625 -0.82373047
vn -0.88134766 0.47143555 -0.022872925
vn -0.88134766 0.47143555 -0.022872925
vn -0.88134766 0.47143555 -0.022872925
vn -0.88134766 0.47143555 -0.022872925
vn -0.05618286 0.8774414 0.47583008
vn -0.05618286 0.8774414 0.47583008
vn -0.05618286 0.8774414 0.47583008
vn -0.05618286 0.8774414 0.47607422
vn 0.6098633 0.7895508 0.07043457
vn 0.6098633 0.7895508 0.07043457
vn 0.6098633 0.7895508 0.07043457
vn 0.6098633 0.7895508 0.07043457
vn 0.05618286 0.8779297 -0.47583008
vn 0.05618286 0.8779297 -0.47583008
vn 0.05618286 0.8779297 -0.47583008
vn 0.05618286 0.8779297 -0.47583008
vn -0.6098633 0.7895508 -0.07043457
vn -0.6098633 0.7895508 -0.07043457
vn -0.6098633 0.7895508 -0.07043457
vn -0.6098633 0.7895508 -0.07043457
vn -0.81103516 0.36645508 0.4560547
vn -0.81103516 0.36645508 0.4560547
vn -0.81103516 0.36645508 0.4560547
vn -0.81103516 0.36645508 0.4560547
vn 0.7036133 0.3684082 0.6074219
vn 0.7036133 0.3684082 0.6074219
vn 0.7036133 0.3684082 0.6074219
vn 0.7036133 0.3684082 0.6074219
vn -0.7036133 0.3684082 -0.6074219
vn -0.7036133 0.3684082 -0.6074219
vn -0.7036133 0.3684082 -0.6074219
vn -0.7036133 0.3684082 -0.6074219
vn 0.81103516 0.36645508 -0.4560547
vn 0.81103516 0.36645508 -0.4560547
vn 0.81103516 0.36645508 -0.4560547
vn 0.81103516 0.36645508 -0.4560547
vn -0.09661865 0.56640625 0.8183594
vn -0.09661865 0.56640625 0.8183594
vn -0.09661865 0.56640625 0.8183594
vn -0.09661865 0.56640625 0.8183594
vn 0.89453125 0.43481445 0.10333252
vn 0.89453125 0.43481445 0.10333252
vn 0.89453125 0.43481445 0.10333252
vn 0.89453125 0.43481445 0.10333252
vn 0.09661865 0.56640625 -0.8183594
vn 0.09661865 0.56640625 -0.8183594
vn 0.09661865 0.56640625 -0.8183594
vn 0.09661865 0.56640625 -0.8183594
vn -0.89453125 0.43481445 -0.10333252
vn -0.89453125 0.43481445 -0.10333252
vn -0.89453125 0.43481445 -0.10333252
vn -0.89453125 0.43481445 -0.10333252
vn -0.091796875 0.8774414 0.47045898
vn -0.091796875 0.8774414 0.47045898
vn -0.091796875 0.8774414 0.47045898
vn -0.091796875 0.8774414 0.47045898
vn 0.60253906 0.7895508 0.117614746
vn 0.60253906 0.7895508 0.117614746
vn 0.60253906 0.7895508 0.117614746
vn 0.60253906 0.7895508 0.117614746
vn 0.091796875 0.8779297 -0.47045898
vn 0.091796875 0.8779297 -0.47045898
vn 0.091796875 0.8779297 -0.47045898
vn 0.091796875 0.8779297 -0.47045898
vn -0.60253906 0.7895508 -0.117614746
vn -0.60253906 0.7895508 -0.117614746
vn -0.60253906 0.7895508 -0.117614746
vn -0.60253906 0.7895508 -0.117614746
vn -0.8432617 0.36645508 0.39331055
vn -0.8432617 0.36645508 0.39331055
vn -0.8432617 0.36645508 0.39331055
vn -0.8432617 0.36645508 0.39331055
vn 0.6557617 0.3684082 0.6586914
vn 0.6557617 0.3684082 0.6586914
vn 0.6557617 0.3684082 0.6586914
vn 0.6557617 0.3684082 0.6591797
vn -0.6557617 0.3684082 -0.6591797
vn -0.6557617 0.3684082 -0.6591797
vn -0.6557617 0.3684082 -0.6591797
vn -0.6557617 0.3684082 -0.6591797
vn 0.8432617 0.36645508 -0.39331055
vn 0.8432617 0.36645508 -0.39331055
vn 0.8432617 0.36645508 -0.39331055
vn 0.8432617 0.36645508 -0.39331055
vn -0.15783691 0.56640625 0.80859375
vn -0.15783691 0.56640625 0.80859375
vn -0.15783691 0.56640625 0.80859375
vn -0.15783691 0.56640625 0.80859375
vn 0.88378906 0.43481445 0.17248535
vn 0.88378906 0.43481445 0.17248535
vn 0.88378906 0.43481445 0.17248535
vn 0.88378906 0.43481445 0.17248535
vn 0.15783691 0.56640625 -0.80859375
vn 0.15783691 0.56640625 -0.80859375
vn 0.15783691 0.56640625 -0.80859375
vn 0.15783691 0.56640625 -0.80859375
vn -0.88378906 0.43481445 -0.17248535
vn -0.88378906 0.43481445 -0.17248535
vn -0.88378906 0.43481445 -0.17248535
vn -0.88378906 0.43481445 -0.17248535
vn -0.11010742 0.87841797 -0.46484375
vn -0.11010742 0.87841797 -0.46484375
vn -0.11010742 0.87841797 -0.46484375
vn -0.11010742 0.87841797 -0.46484375
vn -0.4284668 0.8955078 0.12097168
vn -0.4284668 0.8955078 0.12097168
vn -0.4284668 0.8955078 0.12097168
vn -0.4284668 0.8955078 0.12097168
vn 0.11566162 0.86621094 0.48632812
vn 0.11566162 0.86621094 0.48632812
vn 0.11566162 0.86621094 0.48632812
vn 0.11566162 0.86621094 0.48632812
vn 0.4375 0.89501953 -0.086120605
vn 0.4375 0.89501953 -0.086120605
vn 0.4375 0.89501953 -0.086120605
vn 0.4375 0.89501953 -0.086120605
vn 0.43017578 0.4543457 -0.78027344
vn 0.43017578 0.4543457 -0.78027344
vn 0.43017578 0.4543457 -0.78027344
vn 0.43017578 0.45410156 -0.78027344
vn -0.7265625 0.4584961 -0.51220703
vn -0.7265625 0.4584961 -0.51220703
vn -0.7265625 0.4584961 -0.51220703
vn -0.7260742 0.4584961 -0.51220703
vn 0.7290039 0.4411621 0.5229492
vn 0.7290039 0.4411621 0.5229492
vn 0.7290039 0.4411621 0.5229492
vn 0.7290039 0.4411621 0.5229492
vn -0.4267578 0.43847656 0.7910156
vn -0.4267578 0.43847656 0.7910156
vn -0.4267578 0.43847656 0.7910156
vn -0.4267578 0.43847656 0.7910156
vn -0.19006348 0.56689453 -0.80126953
vn -0.19006348 0.56689453 -0.80126953
vn -0.19006348 0.56689453 -0.80126953
vn -0.19006348 0.56689453 -0.80126953
vn -0.7729492 0.60302734 0.19726562
vn -0.7729492 0.60302734 0.19726562
vn -0.7729492 0.60302734 0.19726562
vn -0.7729492 0.60302734 0.19726562
vn 0.19360352 0.5463867 0.8149414
vn 0.19360352 0.5463867 0.8149414
vn 0.19360352 0.5463867 0.8149414
vn 0.19360352 0.5463867 0.8149414
vn 0.7792969 0.6020508 -0.17382812
vn 0.7792969 0.6020508 -0.17382812
vn 0.7792969 0.6020508 -0.17382812
vn 0.7792969 0.6020508 -0.17382812
vn 0.0066337585 0.87841797 -0.47753906
vn 0.0066337585 0.87841797 -0.47753906
vn 0.0066337585 0.87841797 -0.47753906
vn 0.0066337585 0.87841797 -0.47753906
vn -0.44482422 0.8955078 0.012168884
vn -0.44482422 0.8955078 0.012168884
vn -0.44482422 0.8955078 0.012168884
vn -0.44482422 0.8955078 0.012168884
vn -0.0060691833 0.86621094 0.49975586
vn -0.0060691833 0.86621094 0.49975586
vn -0.0060691833 0.86621094 0.49975586
vn -0.0060653687 0.86621094 0.49975586
vn 0.44555664 0.89501953 0.014053345
vn 0.44555664 0.89501953 0.014053345
vn 0.44555664 0.89501953 0.014053345
vn 0.44555664 0.89501953 0.014053345
vn 0.6020508 0.4543457 -0.6567383
vn 0.6020508 0.4543457 -0.6567383
vn 0.6020508 0.4543457 -0.6567383
vn 0.6020508 0.45410156 -0.6567383
vn -0.58496094 0.4584961 -0.6689453
vn -0.58496094 0.4584961 -0.6689453
vn -0.58496094 0.4584961 -0.6689453
vn -0.58496094 0.4584961 -0.6689453
vn 0.58496094 0.4411621 0.68066406
vn 0.58496094 0.4411621 0.68066406
vn 0.58496094 0.4411621 0.68066406
vn 0.58496094 0.4411621 0.68066406
vn -0.6015625 0.43847656 0.66796875
vn -0.6015625 0.43847656 0.66796875
vn -0.6015625 0.43847656 0.66796875
vn -0.6015625 0.43847656 0.66796875
vn 0.010978699 0.56689453 -0.82373047
vn 0.010978699 0.56689453 -0.82373047
vn 0.010978699 0.56689453 -0.82373047
vn 0.010978699 0.56689453 -0.82373047
vn -0.79785156 0.60302734 0.0071411133
vn -0.79785156 0.60302734 0.0071411133
vn -0.79785156 0.60302734 0.0071411133
vn -0.79785156 0.60302734 0.0071411133
vn -0.010612488 0.5463867 0.83740234
vn -0.010612488 0.5463867 0.83740234
vn -0.010612488 0.5463867 0.83740234
vn -0.010612488 0.5463867 0.83740234
vn 0.79833984 0.6020508 0.010505676
vn 0.79833984 0.6020508 0.010505676
vn 0.79833984 0.6020508 0.010505676
vn 0.79833984 0.6020508 0.010505676
vn 0.37158203 0.5449219 -0.75146484
vn 0.37158203 0.5449219 -0.75146484
vn 0.37158203 0.5449219 -0.75146484
vn 0.37719727 0.52490234 -0.7626953
vn 0.66796875 0.3046875 0.67871094
vn 0.66796875 0.3046875 0.67871094
vn 0.66796875 0.3046875 0.67871094
vn 0.66796875 0.3046875 0.67871094
vn -0.67871094 0.3046875 0.66796875
vn -0.67871094 0.3046875 0.66796875
vn -0.67871094 0.3046875 0.66796875
vn -0.67871094 0.3046875 0.66796875
vn -0.66796875 0.3046875 -0.67871094
vn -0.66796875 0.3046875 -0.67871094
vn -0.66796875 0.3046875 -0.67871094
vn -0.66796875 0.3046875 -0.67871094
vn 0.025909424 0.66796875 0.74365234
vn 0.025909424 0.66796875 0.74365234
vn 0.025909424 0.66796875 0.74365234
vn 0.02609253 0.67871094 0.7338867
vn -0.7758789 0.6303711 -0.012779236
vn -0.7758789 0.6303711 -0.012779236
vn -0.7758789 0.6303711 -0.012779236
vn -0.7895508 0.61376953 -0.013793945
vn 0.03173828 0.41186523 0.91064453
vn 0.03173828 0.41186523 0.91064453
vn 0.03173828 0.41186523 0.91064453
vn 0.03173828 0.41186523 0.91064453
vn -0.9111328 0.41210938 -0.01499939
vn -0.9111328 0.41210938 -0.01499939
vn -0.9111328 0.41210938 -0.01499939
vn -0.9111328 0.41210938 -0.01499939
vn -1.6093254E-06 0.41357422 -0.91064453
vn -1.6093254E-06 0.41357422 -0.91064453
vn -1.6093254E-06 0.41357422 -0.91064453
vn 5.8233738E-05 0.41210938 -0.9111328
vn 0.9111328 0.41210938 0.015731812
vn 0.9111328 0.41210938 0.015731812
vn 0.9111328 0.41210938 0.015731812
vn 0.9111328 0.41210938 0.015731812
vn -0.6459961 0.7631836 -0.0025482178
vn -0.6459961 0.7631836 -0.0025482178
vn -0.6459961 0.7631836 -0.0025482178
vn -0.64453125 0.76464844 -0.0024929047
vn -0.00080013275 0.8964844 -0.4428711
vn -0.00080013275 0.8964844 -0.4428711
vn -0.00080013275 0.8964844 -0.4428711
vn -0.0009355545 0.8979492 -0.44067383
vn 0.66259766 0.74902344 -0.007762909
vn 0.66259766 0.74902344 -0.007762909
vn 0.66259766 0.74902344 -0.007762909
vn 0.6328125 0.77441406 -0.009490967
vn 0.0069770813 0.44921875 0.8935547
vn 0.0069770813 0.44921875 0.8935547
vn 0.0069770813 0.44921875 0.8935547
vn 0.007785797 0.46728516 0.88427734
vn -0.8979492 0.43969727 0.0012302399
vn -0.8979492 0.43969727 0.0012302399
vn -0.8979492 0.43969727 0.0012302399
vn -0.89746094 0.44067383 0.0012760162
vn -0.0014228821 0.43164062 -0.90185547
vn -0.0014228821 0.43164062 -0.90185547
vn -0.0014228821 0.43164062 -0.90185547
vn -0.0014305115 0.43188477 -0.90185547
vn 0.88916016 0.45776367 -0.008369446
vn 0.88916016 0.45776367 -0.008369446
vn 0.88916016 0.45776367 -0.008369446
vn 0.89697266 0.44189453 -0.0073928833
vn 0.012435913 0.8774414 0.47924805
vn 0.012435913 0.8774414 0.47924805
vn 0.012435913 0.8774414 0.47924805
vn 0.012435913 0.8774414 0.47924805
vn 0.61328125 0.7895508 -0.027832031
vn 0.61328125 0.7895508 -0.027832031
vn 0.61328125 0.7895508 -0.027832031
vn 0.61328125 0.7895508 -0.027832031
vn -0.012435913 0.8774414 -0.47924805
vn -0.012435913 0.8774414 -0.47924805
vn -0.012435913 0.8774414 -0.47924805
vn -0.012435913 0.8774414 -0.47924805
vn -0.61328125 0.7895508 0.027832031
vn -0.61328125 0.7895508 0.027832031
vn -0.61328125 0.7895508 0.027832031
vn -0.61328125 0.7895508 0.027832031
vn -0.72753906 0.36645508 0.57958984
vn -0.72753906 0.36645508 0.57958984
vn -0.72753906 0.36645508 0.57958984
vn -0.72753906 0.36645508 0.57958984
vn 0.7919922 0.3684082 0.48706055
vn 0.7919922 0.3684082 0.48706055
vn 0.7919922 0.3684082 0.48706055
vn 0.7915039 0.3684082 0.4873047
vn -0.7919922 0.3684082 -0.4873047
vn -0.7919922 0.3684082 -0.4873047
vn -0.7919922 0.3684082 -0.4873047
vn -0.7919922 0.3684082 -0.48706055
vn 0.72753906 0.36645508 -0.57958984
vn 0.72753906 0.36645508 -0.57958984
vn 0.72753906 0.36645508 -0.57958984
vn 0.72753906 0.36645508 -0.57958984
vn 0.021377563 0.56640625 0.82373047
vn 0.021377563 0.56640625 0.82373047
vn 0.021377563 0.56640625 0.82373047
vn 0.021377563 0.56640625 0.82373047
vn 0.89941406 0.43481445 -0.04083252
vn 0.89941406 0.43481445 -0.04083252
vn 0.89941406 0.43481445 -0.04083252
vn 0.89941406 0.43481445 -0.04083252
vn -0.021377563 0.56640625 -0.82373047
vn -0.021377563 0.56640625 -0.82373047
vn -0.021377563 0.56640625 -0.82373047
vn -0.021377563 0.56640625 -0.82373047
vn -0.89941406 0.43481445 0.04083252
vn -0.89941406 0.43481445 0.04083252
vn -0.89941406 0.43481445 0.04083252
vn -0.89941406 0.43481445 0.04083252
vn 0.14477539 0.8774414 0.45703125
vn 0.14477539 0.8774414 0.45703125
vn 0.14477539 0.8774414 0.45703125
vn 0.14477539 0.8774414 0.45703125
vn 0.55029297 0.8183594 -0.16625977
vn 0.55029297 0.8183594 -0.16625977
vn 0.55029297 0.8183594 -0.16625977
vn 0.55029297 0.8183594 -0.16625977
vn -0.14477539 0.8774414 -0.45703125
vn -0.14477539 0.8774414 -0.45703125
vn -0.14477539 0.8774414 -0.45703125
vn -0.14477539 0.8774414 -0.45703125
vn -0.55029297 0.8183594 0.16625977
vn -0.55029297 0.8183594 0.16625977
vn -0.55029297 0.8183594 0.16625977
vn -0.55029297 0.8183594 0.16625977
vn -0.5019531 0.3881836 0.7729492
vn -0.5019531 0.3881836 0.7729492
vn -0.5019531 0.3881836 0.7729492
vn -0.5019531 0.3881836 0.7729492
vn 0.8720703 0.38964844 0.29589844
vn 0.8720703 0.38964844 0.29589844
vn 0.8720703 0.38964844 0.29589844
vn 0.8720703 0.38964844 0.29589844
vn -0.8720703 0.38964844 -0.29589844
vn -0.8720703 0.38964844 -0.29589844
vn -0.8720703 0.38964844 -0.29589844
vn -0.8720703 0.38964844 -0.29589844
vn 0.5019531 0.3881836 -0.7729492
vn 0.5019531 0.3881836 -0.7729492
vn 0.5019531 0.3881836 -0.7729492
vn 0.5019531 0.3881836 -0.7729492
vn 0.24890137 0.56640625 0.78564453
vn 0.24890137 0.56640625 0.78564453
vn 0.24890137 0.56640625 0.78564453
vn 0.24890137 0.56640625 0.78564453
vn 0.8442383 0.4711914 -0.25512695
vn 0.8442383 0.4711914 -0.25512695
vn 0.8442383 0.4711914 -0.25512695
vn 0.8442383 0.4711914 -0.25512695
vn -0.24890137 0.56640625 -0.78564453
vn -0.24890137 0.56640625 -0.78564453
vn -0.24890137 0.56640625 -0.78564453
vn -0.24890137 0.56640625 -0.78564453
vn -0.8442383 0.4711914 0.25512695
vn -0.8442383 0.4711914 0.25512695
vn -0.8442383 0.4711914 0.25512695
vn -0.8442383 0.4711914 0.25512695
vn 0.08343506 0.8774414 0.47192383
vn 0.08343506 0.8774414 0.47192383
vn 0.08343506 0.8774414 0.47192383
vn 0.08343506 0.8774414 0.47192383
vn 0.5654297 0.8183594 -0.10241699
vn 0.5654297 0.8183594 -0.10241699
vn 0.5654297 0.8183594 -0.10241699
vn 0.5654297 0.8183594 -0.10241699
vn -0.08343506 0.8774414 -0.47192383
vn -0.08343506 0.8774414 -0.47192383
vn -0.08343506 0.8774414 -0.47192383
vn -0.08343506 0.8774414 -0.47192383
vn -0.5654297 0.8183594 0.10241699
vn -0.5654297 0.8183594 0.10241699
vn -0.5654297 0.8183594 0.10241699
vn -0.5654297 0.8183594 0.10241699
vn -0.60302734 0.3881836 0.69677734
vn -0.60302734 0.3881836 0.69677734
vn -0.60302734 0.3881836 0.69677734
vn -0.60302734 0.3881836 0.69677734
vn 0.82373047 0.38964844 0.41235352
vn 0.82373047 0.38964844 0.41235352
vn 0.82373047 0.38964844 0.41235352
vn 0.8232422 0.38964844 0.41235352
vn -0.8232422 0.38964844 -0.41235352
vn -0.8232422 0.38964844 -0.41235352
vn -0.8232422 0.38964844 -0.41235352
vn -0.82373047 0.38964844 -0.41235352
vn 0.60302734 0.3881836 -0.69677734
vn 0.60302734 0.3881836 -0.69677734
vn 0.60302734 0.3881836 -0.69677734
vn 0.60302734 0.3881836 -0.69677734
vn 0.14343262 0.56640625 0.81152344
vn 0.14343262 0.56640625 0.81152344
vn 0.14343262 0.56640625 0.81152344
vn 0.14343262 0.56640625 0.81152344
vn 0.8676758 0.47143555 -0.15710449
vn 0.8676758 0.47143555 -0.15710449
vn 0.8676758 0.47143555 -0.15710449
vn 0.8676758 0.47143555 -0.15710449
vn -0.14343262 0.56640625 -0.81152344
vn -0.14343262 0.56640625 -0.81152344
vn -0.14343262 0.56640625 -0.81152344
vn -0.14343262 0.56640625 -0.81152344
vn -0.8676758 0.47143555 0.15710449
vn -0.8676758 0.47143555 0.15710449
vn -0.8676758 0.47143555 0.15710449
vn -0.8676758 0.47143555 0.15710449
vn 0.007331848 0.8774414 0.4794922
vn 0.007331848 0.8774414 0.4794922
vn 0.007331848 0.8774414 0.4794922
vn 0.007331848 0.8774414 0.4794922
vn 0.57470703 0.8183594 -0.010902405
vn 0.57470703 0.8183594 -0.010902405
vn 0.57470703 0.8183594 -0.010902405
vn 0.57470703 0.8183594 -0.010894775
vn -0.007331848 0.8774414 -0.4794922
vn -0.007331848 0.8774414 -0.4794922
vn -0.007331848 0.8774414 -0.4794922
vn -0.007331848 0.8774414 -0.4794922
vn -0.57470703 0.8183594 0.010910034
vn -0.57470703 0.8183594 0.010910034
vn -0.57470703 0.8183594 0.010910034
vn -0.57470703 0.8183594 0.010910034
vn -0.6923828 0.3881836 0.60791016
vn -0.6923828 0.3881836 0.60791016
vn -0.6923828 0.3881836 0.60791016
vn -0.6923828 0.3881836 0.60791016
vn 0.75927734 0.38964844 0.5209961
vn 0.75927734 0.38964844 0.5209961
vn 0.75927734 0.38964844 0.5209961
vn 0.75927734 0.38964844 0.5209961
vn -0.75927734 0.38964844 -0.5209961
vn -0.75927734 0.38964844 -0.5209961
vn -0.75927734 0.38964844 -0.5209961
vn -0.75927734 0.38964844 -0.5209961
vn 0.6923828 0.3881836 -0.60791016
vn 0.6923828 0.3881836 -0.60791016
vn 0.6923828 0.3881836 -0.60791016
vn 0.6928711 0.3881836 -0.60791016
vn 0.01260376 0.56640625 0.82421875
vn 0.01260376 0.56640625 0.82421875
vn 0.01260376 0.56640625 0.82421875
vn 0.01259613 0.56640625 0.82421875
vn 0.88183594 0.4711914 -0.016723633
vn 0.88183594 0.4711914 -0.016723633
vn 0.88183594 0.4711914 -0.016723633
vn 0.88183594 0.4711914 -0.016723633
vn -0.01259613 0.56640625 -0.82421875
vn -0.01259613 0.56640625 -0.82421875
vn -0.01259613 0.56640625 -0.82421875
vn -0.01259613 0.56640625 -0.82421875
vn -0.88183594 0.4711914 0.016738892
vn -0.88183594 0.4711914 0.016738892
vn -0.88183594 0.4711914 0.016738892
vn -0.88183594 0.4711914 0.016723633
vn -0.7861328 0.4260254 0.44799805
vn -0.7861328 0.4260254 0.44799805
vn -0.7861328 0.4260254 0.44799805
vn -0.7861328 0.4260254 0.44799805
vn 0.43676758 0.41577148 0.79785156
vn 0.43676758 0.41577148 0.79785156
vn 0.43676758 0.41577148 0.79785156
vn 0.43652344 0.41601562 0.79785156
vn -0.4362793 0.4584961 -0.77441406
vn -0.4362793 0.4584961 -0.77441406
vn -0.4362793 0.4584961 -0.77441406
vn -0.43603516 0.4584961 -0.77441406
vn 0.7866211 0.44848633 -0.42456055
vn 0.7866211 0.44848633 -0.42456055
vn 0.7866211 0.44848633 -0.42456055
vn 0.7866211 0.44848633 -0.42456055
vn -0.17346191 0.7583008 0.62841797
vn -0.17346191 0.7583008 0.62841797
vn -0.17346191 0.7583008 0.62841797
vn -0.17346191 0.7583008 0.62841797
vn 0.61621094 0.76416016 0.19055176
vn 0.61621094 0.76416016 0.19055176
vn 0.61621094 0.76416016 0.19055176
vn 0.6191406 0.76123047 0.19128418
vn 0.17663574 0.77734375 -0.6040039
vn 0.17663574 0.77734375 -0.6040039
vn 0.17663574 0.77734375 -0.6040039
vn 0.17687988 0.7763672 -0.60498047
vn -0.6191406 0.76171875 -0.18945312
vn -0.6191406 0.76171875 -0.18945312
vn -0.6191406 0.76171875 -0.18945312
vn -0.6015625 0.77685547 -0.1854248
vn -0.2232666 0.54541016 0.80810547
vn -0.2232666 0.54541016 0.80810547
vn -0.2232666 0.54541016 0.80810547
vn -0.2232666 0.54541016 0.80810547
vn 0.7915039 0.5600586 0.24438477
vn 0.7915039 0.5600586 0.24438477
vn 0.7915039 0.5600586 0.24438477
vn 0.7915039 0.5600586 0.24438477
vn 0.22705078 0.58740234 -0.77685547
vn 0.22705078 0.58740234 -0.77685547
vn 0.22705078 0.58740234 -0.77685547
vn 0.22705078 0.58740234 -0.77685547
vn -0.7832031 0.5732422 -0.23986816
vn -0.7832031 0.5732422 -0.23986816
vn -0.7832031 0.5732422 -0.23986816
vn -0.7832031 0.5732422 -0.23986816
vn 0.0024414062 1 -0.0062942505
vn 0.0024414062 1 -0.0062942505
vn 0.0024414062 1 -0.0062942505
vn 3.248453E-05 1 -0.0038318634
vn 4.929304E-05 1 -0.0031757355
vn 4.929304E-05 1 -0.0031757355
vn 4.929304E-05 1 -0.0031757355
vn -0.0030288696 1 -0.00066280365
vn -0.002506256 1 -0.011352539
vn -0.002506256 1 -0.011352539
vn -0.002506256 1 -0.011352539
vn -0.0025119781 1 -0.011329651
vn -3.2782555E-05 1 -0.013084412
vn -3.2782555E-05 1 -0.013084412
vn -3.2782555E-05 1 -0.013084412
vn -3.439188E-05 1 -0.013084412
vn -0.0017299652 1 -0.0036907196
vn -0.0017299652 1 -0.0036907196
vn -0.0017299652 1 -0.0036907196
vn -0.0017299652 1 -0.0036888123
vn -4.3153763E-05 1 -0.00440979
vn -4.3153763E-05 1 -0.00440979
vn -4.3153763E-05 1 -0.00440979
vn -0.00044870377 1 -0.0040512085
vn 0.0017414093 1 0.01109314
vn 0.0017414093 1 0.01109314
vn 0.0017414093 1 0.01109314
vn 0.011390686 1 -0.0052604675
vn -4.3690205E-05 1 0.0022830963
vn -4.3690205E-05 1 0.0022830963
vn -4.3690205E-05 1 0.0022830963
vn 0.009597778 1 -0.00050497055
vn -0.00015079975 1 -0.00447464
vn -0.00015079975 1 -0.00447464
vn -0.00015079975 1 -0.00447464
vn -0.00015187263 1 -0.00447464
vn 0.00052785873 1 0.0015382767
vn 0.00052785873 1 0.0015382767
vn 0.00052785873 1 0.0015382767
vn 0.0029392242 1 -0.0015048981
vn -0.00029683113 1 -0.004211426
vn -0.00029683113 1 -0.004211426
vn -0.00029683113 1 -0.004211426
vn -0.00029730797 1 -0.004211426
vn -0.0011940002 1 0.006664276
vn -0.0011940002 1 0.006664276
vn -0.0011940002 1 0.006664276
vn -0.0011920929 1 0.0066604614
vn 0.0029392242 1 0.00033211708
vn 0.0029392242 1 0.00033211708
vn 0.0029392242 1 0.00033211708
vn -0.0003504753 1 -0.005756378
vn -0.03186035 0.9995117 0.012550354
vn -0.03186035 0.9995117 0.012550354
vn -0.03186035 0.9995117 0.012550354
vn -0.03137207 0.9995117 0.012649536
vn 0.00894928 1 -0.0034599304
vn 0.00894928 1 -0.0034599304
vn 0.00894928 1 -0.0034599304
vn 0.009094238 1 -0.003692627
vn 5.543232E-05 1 0.010948181
vn 5.543232E-05 1 0.010948181
vn 5.543232E-05 1 0.010948181
vn -0.000118911266 1 0.010650635
vn 0.0011882782 1 0.011169434
vn 0.0011882782 1 0.011169434
vn 0.0011882782 1 0.011169434
vn 0.008270264 1 -0.0039901733
vn 1.9729137E-05 1 -0.0010318756
vn 1.9729137E-05 1 -0.0010318756
vn 1.9729137E-05 1 -0.0010318756
vn -0.00015497208 1 -0.0005469322
vn 0.00023305416 1 -0.0005402565
vn 0.00023305416 1 -0.0005402565
vn 0.00023305416 1 -0.0005402565
vn 1.0967255E-05 1 -0.00032424927
vn -0.0004930496 1 -0.0031375885
vn -0.0004930496 1 -0.0031375885
vn -0.0004930496 1 -0.0031375885
vn -0.0026073456 1 -0.00021839142
vn 0.00027775764 1 0.020217896
vn 0.00027775764 1 0.020217896
vn 0.00027775764 1 0.020217896
vn 0.00027823448 1 0.020217896
vn -1.1920929E-07 1 4.4703484E-06
vn -1.1920929E-07 1 4.4703484E-06
vn -1.1920929E-07 1 4.4703484E-06
vn -1.1920929E-07 1 4.4703484E-06
vn -1.1920929E-07 1 4.1127205E-06
vn -1.1920929E-07 1 4.1127205E-06
vn -1.1920929E-07 1 4.1127205E-06
vn -1.1920929E-07 1 4.1127205E-06
vn -5.9604645E-07 1 2.9802322E-06
vn -5.9604645E-07 1 2.9802322E-06
vn -5.9604645E-07 1 2.9802322E-06
vn -5.9604645E-07 1 2.9802322E-06
vn 0.004901886 1 0.01953125
vn 0.004901886 1 0.01953125
vn 0.004901886 1 0.01953125
vn 0.004901886 1 0.01953125
vn 0.00029945374 1 0.014640808
vn 0.00029945374 1 0.014640808
vn 0.00029945374 1 0.014640808
vn 0.00029993057 1 0.014640808
vn 0.00026631355 1 -0.00074005127
vn 0.00026631355 1 -0.00074005127
vn 0.00026631355 1 -0.00074005127
vn -1.513958E-05 1 -0.000426054
vn -0.00015187263 1 -0.0077209473
vn -0.00015187263 1 -0.0077209473
vn -0.00015187263 1 -0.0077209473
vn -0.00012814999 1 -0.007751465
vn 1.1920929E-07 1 3.874302E-06
vn 1.1920929E-07 1 3.874302E-06
vn 1.1920929E-07 1 3.874302E-06
vn 1.1920929E-07 1 3.874302E-06
vn 2.5629997E-06 1 8.046627E-06
vn 2.5629997E-06 1 8.046627E-06
vn 2.5629997E-06 1 8.046627E-06
vn 2.5629997E-06 1 8.046627E-06
vn 7.748604E-07 1 4.4107437E-06
vn 7.748604E-07 1 4.4107437E-06
vn 7.748604E-07 1 4.4107437E-06
vn 7.748604E-07 1 4.4107437E-06
vn 1.1920929E-07 1 9.000301E-06
vn 1.1920929E-07 1 9.000301E-06
vn 1.1920929E-07 1 9.000301E-06
vn 1.1920929E-07 1 9.000301E-06
vn 0.00017642975 1 -0.00029921532
vn 0.00017642975 1 -0.00029921532
vn 0.00017642975 1 -0.00029921532
vn 0.00027751923 1 0.0001654625
g A003_F002_0
f 3/3/3 2/2/2 1/1/1
f 6/6/6 5/5/5 4/4/4
f 9/9/9 8/8/8 7/7/7
f 12/12/12 11/11/11 10/10/10
f 15/15/15 14/14/14 13/13/13
f 18/18/18 17/17/17 16/16/16
f 21/21/21 20/20/20 19/19/19
f 24/24/24 23/23/23 22/22/22
f 27/27/27 26/26/26 25/25/25
f 30/30/30 29/29/29 28/28/28
f 33/33/33 32/32/32 31/31/31
f 36/36/36 35/35/35 34/34/34
f 39/39/39 38/38/38 37/37/37
f 42/42/42 41/41/41 40/40/40
f 45/45/45 44/44/44 43/43/43
f 48/48/48 47/47/47 46/46/46
f 51/51/51 50/50/50 49/49/49
f 54/54/54 53/53/53 52/52/52
f 57/57/57 56/56/56 55/55/55
f 60/60/60 59/59/59 58/58/58
f 63/63/63 62/62/62 61/61/61
f 66/66/66 65/65/65 64/64/64
f 69/69/69 68/68/68 67/67/67
f 72/72/72 71/71/71 70/70/70
f 75/75/75 74/74/74 73/73/73
f 78/78/78 77/77/77 76/76/76
f 81/81/81 80/80/80 79/79/79
f 84/84/84 83/83/83 82/82/82
f 87/87/87 86/86/86 85/85/85
f 90/90/90 89/89/89 88/88/88
f 93/93/93 92/92/92 91/91/91
f 96/96/96 95/95/95 94/94/94
f 99/99/99 98/98/98 97/97/97
f 102/102/102 101/101/101 100/100/100
f 105/105/105 104/104/104 103/103/103
f 108/108/108 107/107/107 106/106/106
f 111/111/111 110/110/110 109/109/109
f 114/114/114 113/113/113 112/112/112
f 117/117/117 116/116/116 115/115/115
f 120/120/120 119/119/119 118/118/118
f 123/123/123 122/122/122 121/121/121
f 126/126/126 125/125/125 124/124/124
f 129/129/129 128/128/128 127/127/127
f 132/132/132 131/131/131 130/130/130
f 135/135/135 134/134/134 133/133/133
f 138/138/138 137/137/137 136/136/136
f 141/141/141 140/140/140 139/139/139
f 144/144/144 143/143/143 142/142/142
f 147/147/147 146/146/146 145/145/145
f 150/150/150 149/149/149 148/148/148
f 153/153/153 152/152/152 151/151/151
f 156/156/156 155/155/155 154/154/154
f 159/159/159 158/158/158 157/157/157
f 162/162/162 161/161/161 160/160/160
f 165/165/165 164/164/164 163/163/163
f 168/168/168 167/167/167 166/166/166
f 171/171/171 170/170/170 169/169/169
f 174/174/174 173/173/173 172/172/172
f 177/177/177 176/176/176 175/175/175
f 180/180/180 179/179/179 178/178/178
f 183/183/183 182/182/182 181/181/181
f 186/186/186 185/185/185 184/184/184
f 189/189/189 188/188/188 187/187/187
f 192/192/192 191/191/191 190/190/190
f 195/195/195 194/194/194 193/193/193
f 198/198/198 197/197/197 196/196/196
f 201/201/201 200/200/200 199/199/199
f 204/204/204 203/203/203 202/202/202
f 207/207/207 206/206/206 205/205/205
f 210/210/210 209/209/209 208/208/208
f 213/213/213 212/212/212 211/211/211
f 216/216/216 215/215/215 214/214/214
f 219/219/219 218/218/218 217/217/217
f 222/222/222 221/221/221 220/220/220
f 225/225/225 224/224/224 223/223/223
f 228/228/228 227/227/227 226/226/226
f 231/231/231 230/230/230 229/229/229
f 234/234/234 233/233/233 232/232/232
f 237/237/237 236/236/236 235/235/235
f 240/240/240 239/239/239 238/238/238
f 243/243/243 242/242/242 241/241/241
f 246/246/246 245/245/245 244/244/244
f 249/249/249 248/248/248 247/247/247
f 252/252/252 251/251/251 250/250/250
f 255/255/255 254/254/254 253/253/253
f 258/258/258 257/257/257 256/256/256
f 261/261/261 260/260/260 259/259/259
f 264/264/264 263/263/263 262/262/262
f 267/267/267 266/266/266 265/265/265
f 270/270/270 269/269/269 268/268/268
f 273/273/273 272/272/272 271/271/271
f 276/276/276 275/275/275 274/274/274
f 279/279/279 278/278/278 277/277/277
f 282/282/282 281/281/281 280/280/280
f 285/285/285 284/284/284 283/283/283
f 288/288/288 287/287/287 286/286/286
f 291/291/291 290/290/290 289/289/289
f 294/294/294 293/293/293 292/292/292
f 297/297/297 296/296/296 295/295/295
f 300/300/300 299/299/299 298/298/298
f 303/303/303 302/302/302 301/301/301
f 306/306/306 305/305/305 304/304/304
f 309/309/309 308/308/308 307/307/307
f 312/312/312 311/311/311 310/310/310
f 315/315/315 314/314/314 313/313/313
f 318/318/318 317/317/317 316/316/316
f 321/321/321 320/320/320 319/319/319
f 324/324/324 323/323/323 322/322/322
f 327/327/327 326/326/326 325/325/325
f 330/330/330 329/329/329 328/328/328
f 333/333/333 332/332/332 331/331/331
f 336/336/336 335/335/335 334/334/334
f 339/339/339 338/338/338 337/337/337
f 342/342/342 341/341/341 340/340/340
f 345/345/345 344/344/344 343/343/343
f 348/348/348 347/347/347 346/346/346
f 351/351/351 350/350/350 349/349/349
f 354/354/354 353/353/353 352/352/352
f 357/357/357 356/356/356 355/355/355
f 360/360/360 359/359/359 358/358/358
f 363/363/363 362/362/362 361/361/361
f 366/366/366 365/365/365 364/364/364
f 369/369/369 368/368/368 367/367/367
f 372/372/372 371/371/371 370/370/370
f 375/375/375 374/374/374 373/373/373
f 378/378/378 377/377/377 376/376/376
f 381/381/381 380/380/380 379/379/379
f 384/384/384 383/383/383 382/382/382
f 387/387/387 386/386/386 385/385/385
f 390/390/390 389/389/389 388/388/388
f 393/393/393 392/392/392 391/391/391
f 396/396/396 395/395/395 394/394/394
f 399/399/399 398/398/398 397/397/397
f 402/402/402 401/401/401 400/400/400
f 405/405/405 404/404/404 403/403/403
f 408/408/408 407/407/407 406/406/406
f 411/411/411 410/410/410 409/409/409
f 414/414/414 413/413/413 412/412/412
f 417/417/417 416/416/416 415/415/415
f 420/420/420 419/419/419 418/418/418
f 423/423/423 422/422/422 421/421/421
f 426/426/426 425/425/425 424/424/424
f 429/429/429 428/428/428 427/427/427
f 432/432/432 431/431/431 430/430/430
f 435/435/435 434/434/434 433/433/433
f 438/438/438 437/437/437 436/436/436
f 441/441/441 440/440/440 439/439/439
f 444/444/444 443/443/443 442/442/442
f 447/447/447 446/446/446 445/445/445
f 450/450/450 449/449/449 448/448/448
f 453/453/453 452/452/452 451/451/451
f 456/456/456 455/455/455 454/454/454
f 459/459/459 458/458/458 457/457/457
f 462/462/462 461/461/461 460/460/460
f 465/465/465 464/464/464 463/463/463
f 468/468/468 467/467/467 466/466/466
f 471/471/471 470/470/470 469/469/469
f 474/474/474 473/473/473 472/472/472
f 477/477/477 476/476/476 475/475/475
f 480/480/480 479/479/479 478/478/478
f 483/483/483 482/482/482 481/481/481
f 486/486/486 485/485/485 484/484/484
f 489/489/489 488/488/488 487/487/487
f 492/492/492 491/491/491 490/490/490
f 495/495/495 494/494/494 493/493/493
f 498/498/498 497/497/497 496/496/496
f 501/501/501 500/500/500 499/499/499
f 504/504/504 503/503/503 502/502/502
f 507/507/507 506/506/506 505/505/505
f 510/510/510 509/509/509 508/508/508
f 513/513/513 512/512/512 511/511/511
f 516/516/516 515/515/515 514/514/514
f 519/519/519 518/518/518 517/517/517
f 522/522/522 521/521/521 520/520/520
f 525/525/525 524/524/524 523/523/523
f 528/528/528 527/527/527 526/526/526
f 531/531/531 530/530/530 529/529/529
f 534/534/534 533/533/533 532/532/532
f 537/537/537 536/536/536 535/535/535
f 540/540/540 539/539/539 538/538/538
f 543/543/543 542/542/542 541/541/541
f 546/546/546 545/545/545 544/544/544
f 549/549/549 548/548/548 547/547/547
f 552/552/552 551/551/551 550/550/550
f 555/555/555 554/554/554 553/553/553
f 558/558/558 557/557/557 556/556/556
f 561/561/561 560/560/560 559/559/559
f 564/564/564 563/563/563 562/562/562
f 567/567/567 566/566/566 565/565/565
f 570/570/570 569/569/569 568/568/568
f 573/573/573 572/572/572 571/571/571
f 576/576/576 575/575/575 574/574/574
f 579/579/579 578/578/578 577/577/577
f 582/582/582 581/581/581 580/580/580
f 585/585/585 584/584/584 583/583/583
f 588/588/588 587/587/587 586/586/586
f 591/591/591 590/590/590 589/589/589
f 594/594/594 593/593/593 592/592/592
f 597/597/597 596/596/596 595/595/595
f 600/600/600 599/599/599 598/598/598
f 603/603/603 602/602/602 601/601/601
f 606/606/606 605/605/605 604/604/604
f 609/609/609 608/608/608 607/607/607
f 612/612/612 611/611/611 610/610/610
f 615/615/615 614/614/614 613/613/613
f 618/618/618 617/617/617 616/616/616
f 621/621/621 620/620/620 619/619/619
f 624/624/624 623/623/623 622/622/622
f 627/627/627 626/626/626 625/625/625
f 630/630/630 629/629/629 628/628/628
f 633/633/633 632/632/632 631/631/631
f 636/636/636 635/635/635 634/634/634
f 639/639/639 638/638/638 637/637/637
f 642/642/642 641/641/641 640/640/640
f 645/645/645 644/644/644 643/643/643
f 648/648/648 647/647/647 646/646/646
f 651/651/651 650/650/650 649/649/649
f 654/654/654 653/653/653 652/652/652
f 657/657/657 656/656/656 655/655/655
f 660/660/660 659/659/659 658/658/658
f 663/663/663 662/662/662 661/661/661
f 666/666/666 665/665/665 664/664/664
f 669/669/669 668/668/668 667/667/667
f 672/672/672 671/671/671 670/670/670
f 675/675/675 674/674/674 673/673/673
f 678/678/678 677/677/677 676/676/676
f 681/681/681 680/680/680 679/679/679
f 684/684/684 683/683/683 682/682/682
f 687/687/687 686/686/686 685/685/685
f 690/690/690 689/689/689 688/688/688
f 693/693/693 692/692/692 691/691/691
f 696/696/696 695/695/695 694/694/694
f 699/699/699 698/698/698 697/697/697
f 702/702/702 701/701/701 700/700/700
f 705/705/705 704/704/704 703/703/703
f 708/708/708 707/707/707 706/706/706
f 711/711/711 710/710/710 709/709/709
f 714/714/714 713/713/713 712/712/712
f 717/717/717 716/716/716 715/715/715
f 720/720/720 719/719/719 718/718/718
f 723/723/723 722/722/722 721/721/721
f 722/722/722 723/723/723 724/724/724
f 727/727/727 726/726/726 725/725/725
f 726/726/726 727/727/727 728/728/728
f 731/731/731 730/730/730 729/729/729
f 730/730/730 731/731/731 732/732/732
f 735/735/735 734/734/734 733/733/733
f 734/734/734 735/735/735 736/736/736
f 739/739/739 738/738/738 737/737/737
f 738/738/738 739/739/739 740/740/740
f 743/743/743 742/742/742 741/741/741
f 742/742/742 743/743/743 744/744/744
f 747/747/747 746/746/746 745/745/745
f 746/746/746 747/747/747 748/748/748
f 751/751/751 750/750/750 749/749/749
f 750/750/750 751/751/751 752/752/752
f 755/755/755 754/754/754 753/753/753
f 754/754/754 755/755/755 756/756/756
f 759/759/759 758/758/758 757/757/757
f 758/758/758 759/759/759 760/760/760
f 763/763/763 762/762/762 761/761/761
f 762/762/762 763/763/763 764/764/764
f 767/767/767 766/766/766 765/765/765
f 766/766/766 767/767/767 768/768/768
f 771/771/771 770/770/770 769/769/769
f 770/770/770 771/771/771 772/772/772
f 775/775/775 774/774/774 773/773/773
f 774/774/774 775/775/775 776/776/776
f 779/779/779 778/778/778 777/777/777
f 778/778/778 779/779/779 780/780/780
f 783/783/783 782/782/782 781/781/781
f 782/782/782 783/783/783 784/784/784
f 787/787/787 786/786/786 785/785/785
f 786/786/786 787/787/787 788/788/788
f 791/791/791 790/790/790 789/789/789
f 790/790/790 791/791/791 792/792/792
f 795/795/795 794/794/794 793/793/793
f 794/794/794 795/795/795 796/796/796
f 799/799/799 798/798/798 797/797/797
f 798/798/798 799/799/799 800/800/800
f 803/803/803 802/802/802 801/801/801
f 802/802/802 803/803/803 804/804/804
f 807/807/807 806/806/806 805/805/805
f 806/806/806 807/807/807 808/808/808
f 811/811/811 810/810/810 809/809/809
f 810/810/810 811/811/811 812/812/812
f 815/815/815 814/814/814 813/813/813
f 814/814/814 815/815/815 816/816/816
f 819/819/819 818/818/818 817/817/817
f 818/818/818 819/819/819 820/820/820
f 823/823/823 822/822/822 821/821/821
f 822/822/822 823/823/823 824/824/824
f 827/827/827 826/826/826 825/825/825
f 826/826/826 827/827/827 828/828/828
f 831/831/831 830/830/830 829/829/829
f 830/830/830 831/831/831 832/832/832
f 835/835/835 834/834/834 833/833/833
f 834/834/834 835/835/835 836/836/836
f 839/839/839 838/838/838 837/837/837
f 838/838/838 839/839/839 840/840/840
f 843/843/843 842/842/842 841/841/841
f 842/842/842 843/843/843 844/844/844
f 847/847/847 846/846/846 845/845/845
f 846/846/846 847/847/847 848/848/848
f 851/851/851 850/850/850 849/849/849
f 850/850/850 851/851/851 852/852/852
f 855/855/855 854/854/854 853/853/853
f 854/854/854 855/855/855 856/856/856
f 859/859/859 858/858/858 857/857/857
f 858/858/858 859/859/859 860/860/860
f 863/863/863 862/862/862 861/861/861
f 862/862/862 863/863/863 864/864/864
f 867/867/867 866/866/866 865/865/865
f 866/866/866 867/867/867 868/868/868
f 871/871/871 870/870/870 869/869/869
f 870/870/870 871/871/871 872/872/872
f 875/875/875 874/874/874 873/873/873
f 874/874/874 875/875/875 876/876/876
f 879/879/879 878/878/878 877/877/877
f 878/878/878 879/879/879 880/880/880
f 883/883/883 882/882/882 881/881/881
f 882/882/882 883/883/883 884/884/884
f 887/887/887 886/886/886 885/885/885
f 886/886/886 887/887/887 888/888/888
f 891/891/891 890/890/890 889/889/889
f 890/890/890 891/891/891 892/892/892
f 895/895/895 894/894/894 893/893/893
f 894/894/894 895/895/895 896/896/896
f 899/899/899 898/898/898 897/897/897
f 898/898/898 899/899/899 900/900/900
f 903/903/903 902/902/902 901/901/901
f 902/902/902 903/903/903 904/904/904
f 907/907/907 906/906/906 905/905/905
f 906/906/906 907/907/907 908/908/908
f 911/911/911 910/910/910 909/909/909
f 910/910/910 911/911/911 912/912/912
f 915/915/915 914/914/914 913/913/913
f 914/914/914 915/915/915 916/916/916
f 919/919/919 918/918/918 917/917/917
f 918/918/918 919/919/919 920/920/920
f 923/923/923 922/922/922 921/921/921
f 922/922/922 923/923/923 924/924/924
f 927/927/927 926/926/926 925/925/925
f 926/926/926 927/927/927 928/928/928
f 931/931/931 930/930/930 929/929/929
f 930/930/930 931/931/931 932/932/932
f 935/935/935 934/934/934 933/933/933
f 934/934/934 935/935/935 936/936/936
f 939/939/939 938/938/938 937/937/937
f 938/938/938 939/939/939 940/940/940
f 943/943/943 942/942/942 941/941/941
f 942/942/942 943/943/943 944/944/944
f 947/947/947 946/946/946 945/945/945
f 946/946/946 947/947/947 948/948/948
f 951/951/951 950/950/950 949/949/949
f 950/950/950 951/951/951 952/952/952
f 955/955/955 954/954/954 953/953/953
f 954/954/954 955/955/955 956/956/956
f 959/959/959 958/958/958 957/957/957
f 958/958/958 959/959/959 960/960/960
f 963/963/963 962/962/962 961/961/961
f 962/962/962 963/963/963 964/964/964
f 967/967/967 966/966/966 965/965/965
f 966/966/966 967/967/967 968/968/968
f 971/971/971 970/970/970 969/969/969
f 970/970/970 971/971/971 972/972/972
f 975/975/975 974/974/974 973/973/973
f 974/974/974 975/975/975 976/976/976
f 979/979/979 978/978/978 977/977/977
f 978/978/978 979/979/979 980/980/980
f 983/983/983 982/982/982 981/981/981
f 982/982/982 983/983/983 984/984/984
f 987/987/987 986/986/986 985/985/985
f 986/986/986 987/987/987 988/988/988
f 991/991/991 990/990/990 989/989/989
f 990/990/990 991/991/991 992/992/992
f 995/995/995 994/994/994 993/993/993
f 994/994/994 995/995/995 996/996/996
f 999/999/999 998/998/998 997/997/997
f 998/998/998 999/999/999 1000/1000/1000
f 1003/1003/1003 1002/1002/1002 1001/1001/1001
f 1002/1002/1002 1003/1003/1003 1004/1004/1004
f 1007/1007/1007 1006/1006/1006 1005/1005/1005
f 1006/1006/1006 1007/1007/1007 1008/1008/1008
f 1011/1011/1011 1010/1010/1010 1009/1009/1009
f 1010/1010/1010 1011/1011/1011 1012/1012/1012
f 1015/1015/1015 1014/1014/1014 1013/1013/1013
f 1014/1014/1014 1015/1015/1015 1016/1016/1016
f 1019/1019/1019 1018/1018/1018 1017/1017/1017
f 1018/1018/1018 1019/1019/1019 1020/1020/1020
f 1023/1023/1023 1022/1022/1022 1021/1021/1021
f 1022/1022/1022 1023/1023/1023 1024/1024/1024
f 1027/1027/1027 1026/1026/1026 1025/1025/1025
f 1026/1026/1026 1027/1027/1027 1028/1028/1028
f 1031/1031/1031 1030/1030/1030 1029/1029/1029
f 1030/1030/1030 1031/1031/1031 1032/1032/1032
f 1035/1035/1035 1034/1034/1034 1033/1033/1033
f 1034/1034/1034 1035/1035/1035 1036/1036/1036
f 1039/1039/1039 1038/1038/1038 1037/1037/1037
f 1038/1038/1038 1039/1039/1039 1040/1040/1040
f 1043/1043/1043 1042/1042/1042 1041/1041/1041
f 1042/1042/1042 1043/1043/1043 1044/1044/1044
f 1047/1047/1047 1046/1046/1046 1045/1045/1045
f 1046/1046/1046 1047/1047/1047 1048/1048/1048
f 1051/1051/1051 1050/1050/1050 1049/1049/1049
f 1050/1050/1050 1051/1051/1051 1052/1052/1052
f 1055/1055/1055 1054/1054/1054 1053/1053/1053
f 1054/1054/1054 1055/1055/1055 1056/1056/1056
f 1059/1059/1059 1058/1058/1058 1057/1057/1057
f 1058/1058/1058 1059/1059/1059 1060/1060/1060
f 1063/1063/1063 1062/1062/1062 1061/1061/1061
f 1062/1062/1062 1063/1063/1063 1064/1064/1064
f 1067/1067/1067 1066/1066/1066 1065/1065/1065
f 1066/1066/1066 1067/1067/1067 1068/1068/1068
f 1071/1071/1071 1070/1070/1070 1069/1069/1069
f 1070/1070/1070 1071/1071/1071 1072/1072/1072
f 1075/1075/1075 1074/1074/1074 1073/1073/1073
f 1074/1074/1074 1075/1075/1075 1076/1076/1076
f 1079/1079/1079 1078/1078/1078 1077/1077/1077
f 1078/1078/1078 1079/1079/1079 1080/1080/1080
f 1083/1083/1083 1082/1082/1082 1081/1081/1081
f 1082/1082/1082 1083/1083/1083 1084/1084/1084
f 1087/1087/1087 1086/1086/1086 1085/1085/1085
f 1086/1086/1086 1087/1087/1087 1088/1088/1088
f 1091/1091/1091 1090/1090/1090 1089/1089/1089
f 1090/1090/1090 1091/1091/1091 1092/1092/1092
f 1095/1095/1095 1094/1094/1094 1093/1093/1093
f 1094/1094/1094 1095/1095/1095 1096/1096/1096
f 1099/1099/1099 1098/1098/1098 1097/1097/1097
f 1098/1098/1098 1099/1099/1099 1100/1100/1100
f 1103/1103/1103 1102/1102/1102 1101/1101/1101
f 1102/1102/1102 1103/1103/1103 1104/1104/1104
f 1107/1107/1107 1106/1106/1106 1105/1105/1105
f 1106/1106/1106 1107/1107/1107 1108/1108/1108
f 1111/1111/1111 1110/1110/1110 1109/1109/1109
f 1110/1110/1110 1111/1111/1111 1112/1112/1112
f 1115/1115/1115 1114/1114/1114 1113/1113/1113
f 1114/1114/1114 1115/1115/1115 1116/1116/1116
f 1119/1119/1119 1118/1118/1118 1117/1117/1117
f 1118/1118/1118 1119/1119/1119 1120/1120/1120
f 1123/1123/1123 1122/1122/1122 1121/1121/1121
f 1122/1122/1122 1123/1123/1123 1124/1124/1124
f 1127/1127/1127 1126/1126/1126 1125/1125/1125
f 1126/1126/1126 1127/1127/1127 1128/1128/1128
f 1131/1131/1131 1130/1130/1130 1129/1129/1129
f 1130/1130/1130 1131/1131/1131 1132/1132/1132
f 1135/1135/1135 1134/1134/1134 1133/1133/1133
f 1134/1134/1134 1135/1135/1135 1136/1136/1136
f 1139/1139/1139 1138/1138/1138 1137/1137/1137
f 1138/1138/1138 1139/1139/1139 1140/1140/1140
f 1143/1143/1143 1142/1142/1142 1141/1141/1141
f 1142/1142/1142 1143/1143/1143 1144/1144/1144
f 1147/1147/1147 1146/1146/1146 1145/1145/1145
f 1146/1146/1146 1147/1147/1147 1148/1148/1148
f 1151/1151/1151 1150/1150/1150 1149/1149/1149
f 1150/1150/1150 1151/1151/1151 1152/1152/1152
f 1155/1155/1155 1154/1154/1154 1153/1153/1153
f 1154/1154/1154 1155/1155/1155 1156/1156/1156
f 1159/1159/1159 1158/1158/1158 1157/1157/1157
f 1158/1158/1158 1159/1159/1159 1160/1160/1160
f 1163/1163/1163 1162/1162/1162 1161/1161/1161
f 1162/1162/1162 1163/1163/1163 1164/1164/1164
f 1167/1167/1167 1166/1166/1166 1165/1165/1165
f 1166/1166/1166 1167/1167/1167 1168/1168/1168
f 1171/1171/1171 1170/1170/1170 1169/1169/1169
f 1170/1170/1170 1171/1171/1171 1172/1172/1172
f 1175/1175/1175 1174/1174/1174 1173/1173/1173
f 1174/1174/1174 1175/1175/1175 1176/1176/1176
f 1179/1179/1179 1178/1178/1178 1177/1177/1177
f 1178/1178/1178 1179/1179/1179 1180/1180/1180
f 1183/1183/1183 1182/1182/1182 1181/1181/1181
f 1182/1182/1182 1183/1183/1183 1184/1184/1184
f 1187/1187/1187 1186/1186/1186 1185/1185/1185
f 1186/1186/1186 1187/1187/1187 1188/1188/1188
f 1191/1191/1191 1190/1190/1190 1189/1189/1189
f 1190/1190/1190 1191/1191/1191 1192/1192/1192
f 1195/1195/1195 1194/1194/1194 1193/1193/1193
f 1194/1194/1194 1195/1195/1195 1196/1196/1196
f 1199/1199/1199 1198/1198/1198 1197/1197/1197
f 1198/1198/1198 1199/1199/1199 1200/1200/1200
f 1203/1203/1203 1202/1202/1202 1201/1201/1201
f 1202/1202/1202 1203/1203/1203 1204/1204/1204
f 1207/1207/1207 1206/1206/1206 1205/1205/1205
f 1206/1206/1206 1207/1207/1207 1208/1208/1208
f 1211/1211/1211 1210/1210/1210 1209/1209/1209
f 1210/1210/1210 1211/1211/1211 1212/1212/1212
f 1215/1215/1215 1214/1214/1214 1213/1213/1213
f 1214/1214/1214 1215/1215/1215 1216/1216/1216
f 1219/1219/1219 1218/1218/1218 1217/1217/1217
f 1218/1218/1218 1219/1219/1219 1220/1220/1220
f 1223/1223/1223 1222/1222/1222 1221/1221/1221
f 1222/1222/1222 1223/1223/1223 1224/1224/1224
f 1227/1227/1227 1226/1226/1226 1225/1225/1225
f 1226/1226/1226 1227/1227/1227 1228/1228/1228
f 1231/1231/1231 1230/1230/1230 1229/1229/1229
f 1230/1230/1230 1231/1231/1231 1232/1232/1232
f 1235/1235/1235 1234/1234/1234 1233/1233/1233
f 1234/1234/1234 1235/1235/1235 1236/1236/1236
f 1239/1239/1239 1238/1238/1238 1237/1237/1237
f 1238/1238/1238 1239/1239/1239 1240/1240/1240
f 1243/1243/1243 1242/1242/1242 1241/1241/1241
f 1242/1242/1242 1243/1243/1243 1244/1244/1244
f 1247/1247/1247 1246/1246/1246 1245/1245/1245
f 1246/1246/1246 1247/1247/1247 1248/1248/1248
f 1251/1251/1251 1250/1250/1250 1249/1249/1249
f 1250/1250/1250 1251/1251/1251 1252/1252/1252
f 1255/1255/1255 1254/1254/1254 1253/1253/1253
f 1254/1254/1254 1255/1255/1255 1256/1256/1256
f 1259/1259/1259 1258/1258/1258 1257/1257/1257
f 1258/1258/1258 1259/1259/1259 1260/1260/1260
f 1263/1263/1263 1262/1262/1262 1261/1261/1261
f 1262/1262/1262 1263/1263/1263 1264/1264/1264
f 1267/1267/1267 1266/1266/1266 1265/1265/1265
f 1266/1266/1266 1267/1267/1267 1268/1268/1268
f 1271/1271/1271 1270/1270/1270 1269/1269/1269
f 1270/1270/1270 1271/1271/1271 1272/1272/1272
f 1275/1275/1275 1274/1274/1274 1273/1273/1273
f 1274/1274/1274 1275/1275/1275 1276/1276/1276
f 1279/1279/1279 1278/1278/1278 1277/1277/1277
f 1278/1278/1278 1279/1279/1279 1280/1280/1280
f 1283/1283/1283 1282/1282/1282 1281/1281/1281
f 1282/1282/1282 1283/1283/1283 1284/1284/1284
f 1287/1287/1287 1286/1286/1286 1285/1285/1285
f 1286/1286/1286 1287/1287/1287 1288/1288/1288
f 1291/1291/1291 1290/1290/1290 1289/1289/1289
f 1290/1290/1290 1291/1291/1291 1292/1292/1292
f 1295/1295/1295 1294/1294/1294 1293/1293/1293
f 1294/1294/1294 1295/1295/1295 1296/1296/1296
f 1299/1299/1299 1298/1298/1298 1297/1297/1297
f 1298/1298/1298 1299/1299/1299 1300/1300/1300
f 1303/1303/1303 1302/1302/1302 1301/1301/1301
f 1302/1302/1302 1303/1303/1303 1304/1304/1304
f 1307/1307/1307 1306/1306/1306 1305/1305/1305
f 1306/1306/1306 1307/1307/1307 1308/1308/1308
f 1311/1311/1311 1310/1310/1310 1309/1309/1309
f 1310/1310/1310 1311/1311/1311 1312/1312/1312
f 1315/1315/1315 1314/1314/1314 1313/1313/1313
f 1314/1314/1314 1315/1315/1315 1316/1316/1316
f 1319/1319/1319 1318/1318/1318 1317/1317/1317
f 1318/1318/1318 1319/1319/1319 1320/1320/1320
f 1323/1323/1323 1322/1322/1322 1321/1321/1321
f 1322/1322/1322 1323/1323/1323 1324/1324/1324
f 1327/1327/1327 1326/1326/1326 1325/1325/1325
f 1326/1326/1326 1327/1327/1327 1328/1328/1328
f 1331/1331/1331 1330/1330/1330 1329/1329/1329
f 1330/1330/1330 1331/1331/1331 1332/1332/1332
f 1335/1335/1335 1334/1334/1334 1333/1333/1333
f 1334/1334/1334 1335/1335/1335 1336/1336/1336
f 1339/1339/1339 1338/1338/1338 1337/1337/1337
f 1338/1338/1338 1339/1339/1339 1340/1340/1340
f 1343/1343/1343 1342/1342/1342 1341/1341/1341
f 1342/1342/1342 1343/1343/1343 1344/1344/1344
f 1347/1347/1347 1346/1346/1346 1345/1345/1345
f 1346/1346/1346 1347/1347/1347 1348/1348/1348
f 1351/1351/1351 1350/1350/1350 1349/1349/1349
f 1350/1350/1350 1351/1351/1351 1352/1352/1352
f 1355/1355/1355 1354/1354/1354 1353/1353/1353
f 1354/1354/1354 1355/1355/1355 1356/1356/1356
f 1359/1359/1359 1358/1358/1358 1357/1357/1357
f 1358/1358/1358 1359/1359/1359 1360/1360/1360
f 1363/1363/1363 1362/1362/1362 1361/1361/1361
f 1362/1362/1362 1363/1363/1363 1364/1364/1364
f 1367/1367/1367 1366/1366/1366 1365/1365/1365
f 1366/1366/1366 1367/1367/1367 1368/1368/1368
f 1371/1371/1371 1370/1370/1370 1369/1369/1369
f 1370/1370/1370 1371/1371/1371 1372/1372/1372
f 1375/1375/1375 1374/1374/1374 1373/1373/1373
f 1374/1374/1374 1375/1375/1375 1376/1376/1376
f 1379/1379/1379 1378/1378/1378 1377/1377/1377
f 1378/1378/1378 1379/1379/1379 1380/1380/1380
f 1383/1383/1383 1382/1382/1382 1381/1381/1381
f 1382/1382/1382 1383/1383/1383 1384/1384/1384
f 1387/1387/1387 1386/1386/1386 1385/1385/1385
f 1386/1386/1386 1387/1387/1387 1388/1388/1388
f 1391/1391/1391 1390/1390/1390 1389/1389/1389
f 1390/1390/1390 1391/1391/1391 1392/1392/1392
f 1395/1395/1395 1394/1394/1394 1393/1393/1393
f 1394/1394/1394 1395/1395/1395 1396/1396/1396
f 1399/1399/1399 1398/1398/1398 1397/1397/1397
f 1398/1398/1398 1399/1399/1399 1400/1400/1400
f 1403/1403/1403 1402/1402/1402 1401/1401/1401
f 1402/1402/1402 1403/1403/1403 1404/1404/1404
f 1407/1407/1407 1406/1406/1406 1405/1405/1405
f 1406/1406/1406 1407/1407/1407 1408/1408/1408
f 1411/1411/1411 1410/1410/1410 1409/1409/1409
f 1410/1410/1410 1411/1411/1411 1412/1412/1412
f 1415/1415/1415 1414/1414/1414 1413/1413/1413
f 1414/1414/1414 1415/1415/1415 1416/1416/1416
f 1419/1419/1419 1418/1418/1418 1417/1417/1417
f 1418/1418/1418 1419/1419/1419 1420/1420/1420
f 1423/1423/1423 1422/1422/1422 1421/1421/1421
f 1422/1422/1422 1423/1423/1423 1424/1424/1424
f 1427/1427/1427 1426/1426/1426 1425/1425/1425
f 1426/1426/1426 1427/1427/1427 1428/1428/1428
f 1431/1431/1431 1430/1430/1430 1429/1429/1429
f 1430/1430/1430 1431/1431/1431 1432/1432/1432
f 1435/1435/1435 1434/1434/1434 1433/1433/1433
f 1434/1434/1434 1435/1435/1435 1436/1436/1436
f 1439/1439/1439 1438/1438/1438 1437/1437/1437
f 1438/1438/1438 1439/1439/1439 1440/1440/1440
f 1443/1443/1443 1442/1442/1442 1441/1441/1441
f 1442/1442/1442 1443/1443/1443 1444/1444/1444
f 1447/1447/1447 1446/1446/1446 1445/1445/1445
f 1446/1446/1446 1447/1447/1447 1448/1448/1448
f 1451/1451/1451 1450/1450/1450 1449/1449/1449
f 1450/1450/1450 1451/1451/1451 1452/1452/1452
f 1455/1455/1455 1454/1454/1454 1453/1453/1453
f 1454/1454/1454 1455/1455/1455 1456/1456/1456
f 1459/1459/1459 1458/1458/1458 1457/1457/1457
f 1458/1458/1458 1459/1459/1459 1460/1460/1460
f 1463/1463/1463 1462/1462/1462 1461/1461/1461
f 1462/1462/1462 1463/1463/1463 1464/1464/1464
f 1467/1467/1467 1466/1466/1466 1465/1465/1465
f 1466/1466/1466 1467/1467/1467 1468/1468/1468
f 1471/1471/1471 1470/1470/1470 1469/1469/1469
f 1470/1470/1470 1471/1471/1471 1472/1472/1472
f 1475/1475/1475 1474/1474/1474 1473/1473/1473
f 1474/1474/1474 1475/1475/1475 1476/1476/1476
f 1479/1479/1479 1478/1478/1478 1477/1477/1477
f 1478/1478/1478 1479/1479/1479 1480/1480/1480
f 1483/1483/1483 1482/1482/1482 1481/1481/1481
f 1482/1482/1482 1483/1483/1483 1484/1484/1484
f 1487/1487/1487 1486/1486/1486 1485/1485/1485
f 1486/1486/1486 1487/1487/1487 1488/1488/1488
f 1491/1491/1491 1490/1490/1490 1489/1489/1489
f 1490/1490/1490 1491/1491/1491 1492/1492/1492
f 1495/1495/1495 1494/1494/1494 1493/1493/1493
f 1494/1494/1494 1495/1495/1495 1496/1496/1496
f 1499/1499/1499 1498/1498/1498 1497/1497/1497
f 1498/1498/1498 1499/1499/1499 1500/1500/1500
f 1503/1503/1503 1502/1502/1502 1501/1501/1501
f 1502/1502/1502 1503/1503/1503 1504/1504/1504
f 1507/1507/1507 1506/1506/1506 1505/1505/1505
f 1506/1506/1506 1507/1507/1507 1508/1508/1508
f 1511/1511/1511 1510/1510/1510 1509/1509/1509
f 1510/1510/1510 1511/1511/1511 1512/1512/1512
f 1515/1515/1515 1514/1514/1514 1513/1513/1513
f 1514/1514/1514 1515/1515/1515 1516/1516/1516
f 1519/1519/1519 1518/1518/1518 1517/1517/1517
f 1518/1518/1518 1519/1519/1519 1520/1520/1520
f 1523/1523/1523 1522/1522/1522 1521/1521/1521
f 1522/1522/1522 1523/1523/1523 1524/1524/1524
f 1527/1527/1527 1526/1526/1526 1525/1525/1525
f 1526/1526/1526 1527/1527/1527 1528/1528/1528
f 1531/1531/1531 1530/1530/1530 1529/1529/1529
f 1530/1530/1530 1531/1531/1531 1532/1532/1532
f 1535/1535/1535 1534/1534/1534 1533/1533/1533
f 1534/1534/1534 1535/1535/1535 1536/1536/1536
f 1539/1539/1539 1538/1538/1538 1537/1537/1537
f 1538/1538/1538 1539/1539/1539 1540/1540/1540
f 1543/1543/1543 1542/1542/1542 1541/1541/1541
f 1542/1542/1542 1543/1543/1543 1544/1544/1544
f 1547/1547/1547 1546/1546/1546 1545/1545/1545
f 1546/1546/1546 1547/1547/1547 1548/1548/1548
f 1551/1551/1551 1550/1550/1550 1549/1549/1549
f 1550/1550/1550 1551/1551/1551 1552/1552/1552
f 1555/1555/1555 1554/1554/1554 1553/1553/1553
f 1554/1554/1554 1555/1555/1555 1556/1556/1556
f 1559/1559/1559 1558/1558/1558 1557/1557/1557
f 1558/1558/1558 1559/1559/1559 1560/1560/1560
f 1563/1563/1563 1562/1562/1562 1561/1561/1561
f 1562/1562/1562 1563/1563/1563 1564/1564/1564
f 1567/1567/1567 1566/1566/1566 1565/1565/1565
f 1566/1566/1566 1567/1567/1567 1568/1568/1568
f 1571/1571/1571 1570/1570/1570 1569/1569/1569
f 1570/1570/1570 1571/1571/1571 1572/1572/1572
f 1575/1575/1575 1574/1574/1574 1573/1573/1573
f 1574/1574/1574 1575/1575/1575 1576/1576/1576
f 1579/1579/1579 1578/1578/1578 1577/1577/1577
f 1578/1578/1578 1579/1579/1579 1580/1580/1580
f 1583/1583/1583 1582/1582/1582 1581/1581/1581
f 1582/1582/1582 1583/1583/1583 1584/1584/1584
f 1587/1587/1587 1586/1586/1586 1585/1585/1585
f 1586/1586/1586 1587/1587/1587 1588/1588/1588
f 1591/1591/1591 1590/1590/1590 1589/1589/1589
f 1590/1590/1590 1591/1591/1591 1592/1592/1592
f 1595/1595/1595 1594/1594/1594 1593/1593/1593
f 1594/1594/1594 1595/1595/1595 1596/1596/1596
f 1599/1599/1599 1598/1598/1598 1597/1597/1597
f 1598/1598/1598 1599/1599/1599 1600/1600/1600
f 1603/1603/1603 1602/1602/1602 1601/1601/1601
f 1602/1602/1602 1603/1603/1603 1604/1604/1604
f 1607/1607/1607 1606/1606/1606 1605/1605/1605
f 1606/1606/1606 1607/1607/1607 1608/1608/1608
f 1611/1611/1611 1610/1610/1610 1609/1609/1609
f 1610/1610/1610 1611/1611/1611 1612/1612/1612
f 1615/1615/1615 1614/1614/1614 1613/1613/1613
f 1614/1614/1614 1615/1615/1615 1616/1616/1616
f 1619/1619/1619 1618/1618/1618 1617/1617/1617
f 1618/1618/1618 1619/1619/1619 1620/1620/1620
f 1623/1623/1623 1622/1622/1622 1621/1621/1621
f 1622/1622/1622 1623/1623/1623 1624/1624/1624
f 1627/1627/1627 1626/1626/1626 1625/1625/1625
f 1626/1626/1626 1627/1627/1627 1628/1628/1628
f 1631/1631/1631 1630/1630/1630 1629/1629/1629
f 1630/1630/1630 1631/1631/1631 1632/1632/1632
f 1635/1635/1635 1634/1634/1634 1633/1633/1633
f 1634/1634/1634 1635/1635/1635 1636/1636/1636
f 1639/1639/1639 1638/1638/1638 1637/1637/1637
f 1638/1638/1638 1639/1639/1639 1640/1640/1640
f 1643/1643/1643 1642/1642/1642 1641/1641/1641
f 1642/1642/1642 1643/1643/1643 1644/1644/1644
f 1647/1647/1647 1646/1646/1646 1645/1645/1645
f 1646/1646/1646 1647/1647/1647 1648/1648/1648
f 1651/1651/1651 1650/1650/1650 1649/1649/1649
f 1650/1650/1650 1651/1651/1651 1652/1652/1652
f 1655/1655/1655 1654/1654/1654 1653/1653/1653
f 1654/1654/1654 1655/1655/1655 1656/1656/1656
f 1659/1659/1659 1658/1658/1658 1657/1657/1657
f 1658/1658/1658 1659/1659/1659 1660/1660/1660
f 1663/1663/1663 1662/1662/1662 1661/1661/1661
f 1662/1662/1662 1663/1663/1663 1664/1664/1664
f 1667/1667/1667 1666/1666/1666 1665/1665/1665
f 1666/1666/1666 1667/1667/1667 1668/1668/1668
f 1671/1671/1671 1670/1670/1670 1669/1669/1669
f 1670/1670/1670 1671/1671/1671 1672/1672/1672
f 1675/1675/1675 1674/1674/1674 1673/1673/1673
f 1674/1674/1674 1675/1675/1675 1676/1676/1676
f 1679/1679/1679 1678/1678/1678 1677/1677/1677
f 1678/1678/1678 1679/1679/1679 1680/1680/1680
f 1683/1683/1683 1682/1682/1682 1681/1681/1681
f 1682/1682/1682 1683/1683/1683 1684/1684/1684
f 1687/1687/1687 1686/1686/1686 1685/1685/1685
f 1686/1686/1686 1687/1687/1687 1688/1688/1688
f 1691/1691/1691 1690/1690/1690 1689/1689/1689
f 1690/1690/1690 1691/1691/1691 1692/1692/1692
f 1695/1695/1695 1694/1694/1694 1693/1693/1693
f 1694/1694/1694 1695/1695/1695 1696/1696/1696
f 1699/1699/1699 1698/1698/1698 1697/1697/1697
f 1698/1698/1698 1699/1699/1699 1700/1700/1700
f 1703/1703/1703 1702/1702/1702 1701/1701/1701
f 1702/1702/1702 1703/1703/1703 1704/1704/1704
f 1707/1707/1707 1706/1706/1706 1705/1705/1705
f 1706/1706/1706 1707/1707/1707 1708/1708/1708
f 1711/1711/1711 1710/1710/1710 1709/1709/1709
f 1710/1710/1710 1711/1711/1711 1712/1712/1712
f 1715/1715/1715 1714/1714/1714 1713/1713/1713
f 1714/1714/1714 1715/1715/1715 1716/1716/1716
f 1719/1719/1719 1718/1718/1718 1717/1717/1717
f 1718/1718/1718 1719/1719/1719 1720/1720/1720
f 1723/1723/1723 1722/1722/1722 1721/1721/1721
f 1722/1722/1722 1723/1723/1723 1724/1724/1724
f 1727/1727/1727 1726/1726/1726 1725/1725/1725
f 1726/1726/1726 1727/1727/1727 1728/1728/1728
f 1731/1731/1731 1730/1730/1730 1729/1729/1729
f 1730/1730/1730 1731/1731/1731 1732/1732/1732
f 1735/1735/1735 1734/1734/1734 1733/1733/1733
f 1734/1734/1734 1735/1735/1735 1736/1736/1736
f 1739/1739/1739 1738/1738/1738 1737/1737/1737
f 1738/1738/1738 1739/1739/1739 1740/1740/1740
f 1743/1743/1743 1742/1742/1742 1741/1741/1741
f 1742/1742/1742 1743/1743/1743 1744/1744/1744
f 1747/1747/1747 1746/1746/1746 1745/1745/1745
f 1746/1746/1746 1747/1747/1747 1748/1748/1748
f 1751/1751/1751 1750/1750/1750 1749/1749/1749
f 1750/1750/1750 1751/1751/1751 1752/1752/1752
f 1755/1755/1755 1754/1754/1754 1753/1753/1753
f 1754/1754/1754 1755/1755/1755 1756/1756/1756
f 1759/1759/1759 1758/1758/1758 1757/1757/1757
f 1758/1758/1758 1759/1759/1759 1760/1760/1760
f 1763/1763/1763 1762/1762/1762 1761/1761/1761
f 1762/1762/1762 1763/1763/1763 1764/1764/1764
f 1767/1767/1767 1766/1766/1766 1765/1765/1765
f 1766/1766/1766 1767/1767/1767 1768/1768/1768
f 1771/1771/1771 1770/1770/1770 1769/1769/1769
f 1770/1770/1770 1771/1771/1771 1772/1772/1772
f 1775/1775/1775 1774/1774/1774 1773/1773/1773
f 1774/1774/1774 1775/1775/1775 1776/1776/1776
f 1779/1779/1779 1778/1778/1778 1777/1777/1777
f 1778/1778/1778 1779/1779/1779 1780/1780/1780
f 1783/1783/1783 1782/1782/1782 1781/1781/1781
f 1782/1782/1782 1783/1783/1783 1784/1784/1784
f 1787/1787/1787 1786/1786/1786 1785/1785/1785
f 1786/1786/1786 1787/1787/1787 1788/1788/1788
f 1791/1791/1791 1790/1790/1790 1789/1789/1789
f 1790/1790/1790 1791/1791/1791 1792/1792/1792
f 1795/1795/1795 1794/1794/1794 1793/1793/1793
f 1794/1794/1794 1795/1795/1795 1796/1796/1796
f 1799/1799/1799 1798/1798/1798 1797/1797/1797
f 1798/1798/1798 1799/1799/1799 1800/1800/1800
f 1803/1803/1803 1802/1802/1802 1801/1801/1801
f 1802/1802/1802 1803/1803/1803 1804/1804/1804
f 1807/1807/1807 1806/1806/1806 1805/1805/1805
f 1806/1806/1806 1807/1807/1807 1808/1808/1808
f 1811/1811/1811 1810/1810/1810 1809/1809/1809
f 1810/1810/1810 1811/1811/1811 1812/1812/1812
f 1815/1815/1815 1814/1814/1814 1813/1813/1813
f 1814/1814/1814 1815/1815/1815 1816/1816/1816
f 1819/1819/1819 1818/1818/1818 1817/1817/1817
f 1818/1818/1818 1819/1819/1819 1820/1820/1820
f 1823/1823/1823 1822/1822/1822 1821/1821/1821
f 1822/1822/1822 1823/1823/1823 1824/1824/1824
f 1827/1827/1827 1826/1826/1826 1825/1825/1825
f 1826/1826/1826 1827/1827/1827 1828/1828/1828
f 1831/1831/1831 1830/1830/1830 1829/1829/1829
f 1830/1830/1830 1831/1831/1831 1832/1832/1832
f 1835/1835/1835 1834/1834/1834 1833/1833/1833
f 1834/1834/1834 1835/1835/1835 1836/1836/1836
f 1839/1839/1839 1838/1838/1838 1837/1837/1837
f 1838/1838/1838 1839/1839/1839 1840/1840/1840
f 1843/1843/1843 1842/1842/1842 1841/1841/1841
f 1842/1842/1842 1843/1843/1843 1844/1844/1844
f 1847/1847/1847 1846/1846/1846 1845/1845/1845
f 1846/1846/1846 1847/1847/1847 1848/1848/1848
f 1851/1851/1851 1850/1850/1850 1849/1849/1849
f 1850/1850/1850 1851/1851/1851 1852/1852/1852
f 1855/1855/1855 1854/1854/1854 1853/1853/1853
f 1854/1854/1854 1855/1855/1855 1856/1856/1856
f 1859/1859/1859 1858/1858/1858 1857/1857/1857
f 1858/1858/1858 1859/1859/1859 1860/1860/1860
f 1863/1863/1863 1862/1862/1862 1861/1861/1861
f 1862/1862/1862 1863/1863/1863 1864/1864/1864
f 1867/1867/1867 1866/1866/1866 1865/1865/1865
f 1866/1866/1866 1867/1867/1867 1868/1868/1868
f 1871/1871/1871 1870/1870/1870 1869/1869/1869
f 1870/1870/1870 1871/1871/1871 1872/1872/1872
f 1875/1875/1875 1874/1874/1874 1873/1873/1873
f 1874/1874/1874 1875/1875/1875 1876/1876/1876
f 1879/1879/1879 1878/1878/1878 1877/1877/1877
f 1878/1878/1878 1879/1879/1879 1880/1880/1880
f 1883/1883/1883 1882/1882/1882 1881/1881/1881
f 1882/1882/1882 1883/1883/1883 1884/1884/1884
f 1887/1887/1887 1886/1886/1886 1885/1885/1885
f 1886/1886/1886 1887/1887/1887 1888/1888/1888
f 1891/1891/1891 1890/1890/1890 1889/1889/1889
f 1890/1890/1890 1891/1891/1891 1892/1892/1892
f 1895/1895/1895 1894/1894/1894 1893/1893/1893
f 1894/1894/1894 1895/1895/1895 1896/1896/1896
f 1899/1899/1899 1898/1898/1898 1897/1897/1897
f 1898/1898/1898 1899/1899/1899 1900/1900/1900
f 1903/1903/1903 1902/1902/1902 1901/1901/1901
f 1902/1902/1902 1903/1903/1903 1904/1904/1904
f 1907/1907/1907 1906/1906/1906 1905/1905/1905
f 1906/1906/1906 1907/1907/1907 1908/1908/1908
f 1911/1911/1911 1910/1910/1910 1909/1909/1909
f 1910/1910/1910 1911/1911/1911 1912/1912/1912
f 1915/1915/1915 1914/1914/1914 1913/1913/1913
f 1914/1914/1914 1915/1915/1915 1916/1916/1916
f 1919/1919/1919 1918/1918/1918 1917/1917/1917
f 1918/1918/1918 1919/1919/1919 1920/1920/1920
f 1923/1923/1923 1922/1922/1922 1921/1921/1921
f 1922/1922/1922 1923/1923/1923 1924/1924/1924
f 1927/1927/1927 1926/1926/1926 1925/1925/1925
f 1926/1926/1926 1927/1927/1927 1928/1928/1928
f 1931/1931/1931 1930/1930/1930 1929/1929/1929
f 1930/1930/1930 1931/1931/1931 1932/1932/1932
f 1935/1935/1935 1934/1934/1934 1933/1933/1933
f 1934/1934/1934 1935/1935/1935 1936/1936/1936
f 1939/1939/1939 1938/1938/1938 1937/1937/1937
f 1938/1938/1938 1939/1939/1939 1940/1940/1940
f 1943/1943/1943 1942/1942/1942 1941/1941/1941
f 1942/1942/1942 1943/1943/1943 1944/1944/1944
f 1947/1947/1947 1946/1946/1946 1945/1945/1945
f 1946/1946/1946 1947/1947/1947 1948/1948/1948
f 1951/1951/1951 1950/1950/1950 1949/1949/1949
f 1950/1950/1950 1951/1951/1951 1952/1952/1952
f 1955/1955/1955 1954/1954/1954 1953/1953/1953
f 1954/1954/1954 1955/1955/1955 1956/1956/1956
f 1959/1959/1959 1958/1958/1958 1957/1957/1957
f 1958/1958/1958 1959/1959/1959 1960/1960/1960
f 1963/1963/1963 1962/1962/1962 1961/1961/1961
f 1962/1962/1962 1963/1963/1963 1964/1964/1964
f 1967/1967/1967 1966/1966/1966 1965/1965/1965
f 1966/1966/1966 1967/1967/1967 1968/1968/1968
f 1971/1971/1971 1970/1970/1970 1969/1969/1969
f 1970/1970/1970 1971/1971/1971 1972/1972/1972
f 1975/1975/1975 1974/1974/1974 1973/1973/1973
f 1974/1974/1974 1975/1975/1975 1976/1976/1976
f 1979/1979/1979 1978/1978/1978 1977/1977/1977
f 1978/1978/1978 1979/1979/1979 1980/1980/1980
f 1983/1983/1983 1982/1982/1982 1981/1981/1981
f 1982/1982/1982 1983/1983/1983 1984/1984/1984
f 1987/1987/1987 1986/1986/1986 1985/1985/1985
f 1986/1986/1986 1987/1987/1987 1988/1988/1988
f 1991/1991/1991 1990/1990/1990 1989/1989/1989
f 1990/1990/1990 1991/1991/1991 1992/1992/1992
f 1995/1995/1995 1994/1994/1994 1993/1993/1993
f 1994/1994/1994 1995/1995/1995 1996/1996/1996
f 1999/1999/1999 1998/1998/1998 1997/1997/1997
f 1998/1998/1998 1999/1999/1999 2000/2000/2000
f 2003/2003/2003 2002/2002/2002 2001/2001/2001
f 2002/2002/2002 2003/2003/2003 2004/2004/2004
f 2007/2007/2007 2006/2006/2006 2005/2005/2005
f 2006/2006/2006 2007/2007/2007 2008/2008/2008
f 2011/2011/2011 2010/2010/2010 2009/2009/2009
f 2010/2010/2010 2011/2011/2011 2012/2012/2012
f 2015/2015/2015 2014/2014/2014 2013/2013/2013
f 2014/2014/2014 2015/2015/2015 2016/2016/2016
f 2019/2019/2019 2018/2018/2018 2017/2017/2017
f 2018/2018/2018 2019/2019/2019 2020/2020/2020
f 2023/2023/2023 2022/2022/2022 2021/2021/2021
f 2022/2022/2022 2023/2023/2023 2024/2024/2024
f 2027/2027/2027 2026/2026/2026 2025/2025/2025
f 2026/2026/2026 2027/2027/2027 2028/2028/2028
f 2031/2031/2031 2030/2030/2030 2029/2029/2029
f 2030/2030/2030 2031/2031/2031 2032/2032/2032
f 2035/2035/2035 2034/2034/2034 2033/2033/2033
f 2034/2034/2034 2035/2035/2035 2036/2036/2036
f 2039/2039/2039 2038/2038/2038 2037/2037/2037
f 2038/2038/2038 2039/2039/2039 2040/2040/2040
f 2043/2043/2043 2042/2042/2042 2041/2041/2041
f 2042/2042/2042 2043/2043/2043 2044/2044/2044
f 2047/2047/2047 2046/2046/2046 2045/2045/2045
f 2046/2046/2046 2047/2047/2047 2048/2048/2048
f 2051/2051/2051 2050/2050/2050 2049/2049/2049
f 2050/2050/2050 2051/2051/2051 2052/2052/2052
f 2055/2055/2055 2054/2054/2054 2053/2053/2053
f 2054/2054/2054 2055/2055/2055 2056/2056/2056
f 2059/2059/2059 2058/2058/2058 2057/2057/2057
f 2058/2058/2058 2059/2059/2059 2060/2060/2060
f 2063/2063/2063 2062/2062/2062 2061/2061/2061
f 2062/2062/2062 2063/2063/2063 2064/2064/2064
f 2067/2067/2067 2066/2066/2066 2065/2065/2065
f 2066/2066/2066 2067/2067/2067 2068/2068/2068
f 2071/2071/2071 2070/2070/2070 2069/2069/2069
f 2070/2070/2070 2071/2071/2071 2072/2072/2072
f 2075/2075/2075 2074/2074/2074 2073/2073/2073
f 2074/2074/2074 2075/2075/2075 2076/2076/2076
f 2079/2079/2079 2078/2078/2078 2077/2077/2077
f 2078/2078/2078 2079/2079/2079 2080/2080/2080
f 2083/2083/2083 2082/2082/2082 2081/2081/2081
f 2082/2082/2082 2083/2083/2083 2084/2084/2084
f 2087/2087/2087 2086/2086/2086 2085/2085/2085
f 2086/2086/2086 2087/2087/2087 2088/2088/2088
g A003_F002_1
f 2091/2091/2091 2090/2090/2090 2089/2089/2089
f 2090/2090/2090 2091/2091/2091 2092/2092/2092
f 2095/2095/2095 2094/2094/2094 2093/2093/2093
f 2094/2094/2094 2095/2095/2095 2096/2096/2096
f 2099/2099/2099 2098/2098/2098 2097/2097/2097
f 2098/2098/2098 2099/2099/2099 2100/2100/2100
f 2103/2103/2103 2102/2102/2102 2101/2101/2101
f 2102/2102/2102 2103/2103/2103 2104/2104/2104
f 2107/2107/2107 2106/2106/2106 2105/2105/2105
f 2106/2106/2106 2107/2107/2107 2108/2108/2108
f 2111/2111/2111 2110/2110/2110 2109/2109/2109
f 2110/2110/2110 2111/2111/2111 2112/2112/2112
f 2115/2115/2115 2114/2114/2114 2113/2113/2113
f 2114/2114/2114 2115/2115/2115 2116/2116/2116
f 2119/2119/2119 2118/2118/2118 2117/2117/2117
f 2118/2118/2118 2119/2119/2119 2120/2120/2120
f 2123/2123/2123 2122/2122/2122 2121/2121/2121
f 2122/2122/2122 2123/2123/2123 2124/2124/2124
f 2127/2127/2127 2126/2126/2126 2125/2125/2125
f 2126/2126/2126 2127/2127/2127 2128/2128/2128
f 2131/2131/2131 2130/2130/2130 2129/2129/2129
f 2130/2130/2130 2131/2131/2131 2132/2132/2132
f 2135/2135/2135 2134/2134/2134 2133/2133/2133
f 2134/2134/2134 2135/2135/2135 2136/2136/2136
f 2139/2139/2139 2138/2138/2138 2137/2137/2137
f 2138/2138/2138 2139/2139/2139 2140/2140/2140
f 2143/2143/2143 2142/2142/2142 2141/2141/2141
f 2142/2142/2142 2143/2143/2143 2144/2144/2144
f 2147/2147/2147 2146/2146/2146 2145/2145/2145
f 2146/2146/2146 2147/2147/2147 2148/2148/2148
f 2151/2151/2151 2150/2150/2150 2149/2149/2149
f 2150/2150/2150 2151/2151/2151 2152/2152/2152
f 2155/2155/2155 2154/2154/2154 2153/2153/2153
f 2154/2154/2154 2155/2155/2155 2156/2156/2156
f 2159/2159/2159 2158/2158/2158 2157/2157/2157
f 2158/2158/2158 2159/2159/2159 2160/2160/2160
f 2163/2163/2163 2162/2162/2162 2161/2161/2161
f 2162/2162/2162 2163/2163/2163 2164/2164/2164
f 2167/2167/2167 2166/2166/2166 2165/2165/2165
f 2166/2166/2166 2167/2167/2167 2168/2168/2168
f 2171/2171/2171 2170/2170/2170 2169/2169/2169
f 2170/2170/2170 2171/2171/2171 2172/2172/2172
f 2175/2175/2175 2174/2174/2174 2173/2173/2173
f 2174/2174/2174 2175/2175/2175 2176/2176/2176
f 2179/2179/2179 2178/2178/2178 2177/2177/2177
f 2178/2178/2178 2179/2179/2179 2180/2180/2180
f 2183/2183/2183 2182/2182/2182 2181/2181/2181
f 2182/2182/2182 2183/2183/2183 2184/2184/2184
f 2187/2187/2187 2186/2186/2186 2185/2185/2185
f 2186/2186/2186 2187/2187/2187 2188/2188/2188
f 2191/2191/2191 2190/2190/2190 2189/2189/2189
f 2190/2190/2190 2191/2191/2191 2192/2192/2192
f 2195/2195/2195 2194/2194/2194 2193/2193/2193
f 2194/2194/2194 2195/2195/2195 2196/2196/2196
f 2199/2199/2199 2198/2198/2198 2197/2197/2197
f 2198/2198/2198 2199/2199/2199 2200/2200/2200
f 2203/2203/2203 2202/2202/2202 2201/2201/2201
f 2202/2202/2202 2203/2203/2203 2204/2204/2204
f 2207/2207/2207 2206/2206/2206 2205/2205/2205
f 2206/2206/2206 2207/2207/2207 2208/2208/2208
f 2211/2211/2211 2210/2210/2210 2209/2209/2209
f 2210/2210/2210 2211/2211/2211 2212/2212/2212
f 2215/2215/2215 2214/2214/2214 2213/2213/2213
f 2214/2214/2214 2215/2215/2215 2216/2216/2216
f 2219/2219/2219 2218/2218/2218 2217/2217/2217
f 2218/2218/2218 2219/2219/2219 2220/2220/2220
g A003_F002_2
f 2223/2223/2223 2222/2222/2222 2221/2221/2221
f 2226/2226/2226 2225/2225/2225 2224/2224/2224
f 2229/2229/2229 2228/2228/2228 2227/2227/2227
f 2232/2232/2232 2231/2231/2231 2230/2230/2230
f 2235/2235/2235 2234/2234/2234 2233/2233/2233
f 2238/2238/2238 2237/2237/2237 2236/2236/2236
f 2241/2241/2241 2240/2240/2240 2239/2239/2239
f 2244/2244/2244 2243/2243/2243 2242/2242/2242
f 2247/2247/2247 2246/2246/2246 2245/2245/2245
f 2250/2250/2250 2249/2249/2249 2248/2248/2248
f 2253/2253/2253 2252/2252/2252 2251/2251/2251
f 2256/2256/2256 2255/2255/2255 2254/2254/2254
f 2259/2259/2259 2258/2258/2258 2257/2257/2257
f 2262/2262/2262 2261/2261/2261 2260/2260/2260
f 2265/2265/2265 2264/2264/2264 2263/2263/2263
f 2268/2268/2268 2267/2267/2267 2266/2266/2266
f 2271/2271/2271 2270/2270/2270 2269/2269/2269
f 2274/2274/2274 2273/2273/2273 2272/2272/2272
f 2277/2277/2277 2276/2276/2276 2275/2275/2275
f 2280/2280/2280 2279/2279/2279 2278/2278/2278
f 2283/2283/2283 2282/2282/2282 2281/2281/2281
f 2286/2286/2286 2285/2285/2285 2284/2284/2284
f 2289/2289/2289 2288/2288/2288 2287/2287/2287
f 2292/2292/2292 2291/2291/2291 2290/2290/2290
f 2295/2295/2295 2294/2294/2294 2293/2293/2293
f 2298/2298/2298 2297/2297/2297 2296/2296/2296
f 2301/2301/2301 2300/2300/2300 2299/2299/2299
f 2304/2304/2304 2303/2303/2303 2302/2302/2302
f 2307/2307/2307 2306/2306/2306 2305/2305/2305
f 2310/2310/2310 2309/2309/2309 2308/2308/2308
f 2313/2313/2313 2312/2312/2312 2311/2311/2311
f 2316/2316/2316 2315/2315/2315 2314/2314/2314
f 2319/2319/2319 2318/2318/2318 2317/2317/2317
f 2322/2322/2322 2321/2321/2321 2320/2320/2320
f 2325/2325/2325 2324/2324/2324 2323/2323/2323
f 2328/2328/2328 2327/2327/2327 2326/2326/2326
f 2331/2331/2331 2330/2330/2330 2329/2329/2329
f 2334/2334/2334 2333/2333/2333 2332/2332/2332
f 2337/2337/2337 2336/2336/2336 2335/2335/2335
f 2340/2340/2340 2339/2339/2339 2338/2338/2338
f 2343/2343/2343 2342/2342/2342 2341/2341/2341
f 2346/2346/2346 2345/2345/2345 2344/2344/2344
f 2349/2349/2349 2348/2348/2348 2347/2347/2347
f 2352/2352/2352 2351/2351/2351 2350/2350/2350
f 2355/2355/2355 2354/2354/2354 2353/2353/2353
f 2358/2358/2358 2357/2357/2357 2356/2356/2356
f 2361/2361/2361 2360/2360/2360 2359/2359/2359
f 2364/2364/2364 2363/2363/2363 2362/2362/2362
f 2367/2367/2367 2366/2366/2366 2365/2365/2365
f 2370/2370/2370 2369/2369/2369 2368/2368/2368
f 2373/2373/2373 2372/2372/2372 2371/2371/2371
f 2376/2376/2376 2375/2375/2375 2374/2374/2374
f 2379/2379/2379 2378/2378/2378 2377/2377/2377
f 2382/2382/2382 2381/2381/2381 2380/2380/2380
f 2385/2385/2385 2384/2384/2384 2383/2383/2383
f 2388/2388/2388 2387/2387/2387 2386/2386/2386
f 2391/2391/2391 2390/2390/2390 2389/2389/2389
f 2394/2394/2394 2393/2393/2393 2392/2392/2392
f 2397/2397/2397 2396/2396/2396 2395/2395/2395
f 2400/2400/2400 2399/2399/2399 2398/2398/2398
f 2403/2403/2403 2402/2402/2402 2401/2401/2401
f 2406/2406/2406 2405/2405/2405 2404/2404/2404
f 2409/2409/2409 2408/2408/2408 2407/2407/2407
f 2412/2412/2412 2411/2411/2411 2410/2410/2410
f 2415/2415/2415 2414/2414/2414 2413/2413/2413
f 2418/2418/2418 2417/2417/2417 2416/2416/2416
f 2421/2421/2421 2420/2420/2420 2419/2419/2419
f 2424/2424/2424 2423/2423/2423 2422/2422/2422
f 2427/2427/2427 2426/2426/2426 2425/2425/2425
f 2430/2430/2430 2429/2429/2429 2428/2428/2428
f 2433/2433/2433 2432/2432/2432 2431/2431/2431
f 2436/2436/2436 2435/2435/2435 2434/2434/2434
f 2439/2439/2439 2438/2438/2438 2437/2437/2437
f 2442/2442/2442 2441/2441/2441 2440/2440/2440
f 2445/2445/2445 2444/2444/2444 2443/2443/2443
f 2448/2448/2448 2447/2447/2447 2446/2446/2446
f 2451/2451/2451 2450/2450/2450 2449/2449/2449
f 2454/2454/2454 2453/2453/2453 2452/2452/2452
f 2457/2457/2457 2456/2456/2456 2455/2455/2455
f 2460/2460/2460 2459/2459/2459 2458/2458/2458
f 2463/2463/2463 2462/2462/2462 2461/2461/2461
f 2466/2466/2466 2465/2465/2465 2464/2464/2464
f 2469/2469/2469 2468/2468/2468 2467/2467/2467
f 2472/2472/2472 2471/2471/2471 2470/2470/2470
f 2475/2475/2475 2474/2474/2474 2473/2473/2473
f 2478/2478/2478 2477/2477/2477 2476/2476/2476
f 2481/2481/2481 2480/2480/2480 2479/2479/2479
f 2484/2484/2484 2483/2483/2483 2482/2482/2482
f 2487/2487/2487 2486/2486/2486 2485/2485/2485
f 2490/2490/2490 2489/2489/2489 2488/2488/2488
f 2493/2493/2493 2492/2492/2492 2491/2491/2491
f 2496/2496/2496 2495/2495/2495 2494/2494/2494
f 2499/2499/2499 2498/2498/2498 2497/2497/2497
f 2502/2502/2502 2501/2501/2501 2500/2500/2500
f 2505/2505/2505 2504/2504/2504 2503/2503/2503
f 2508/2508/2508 2507/2507/2507 2506/2506/2506
f 2511/2511/2511 2510/2510/2510 2509/2509/2509
f 2514/2514/2514 2513/2513/2513 2512/2512/2512
f 2517/2517/2517 2516/2516/2516 2515/2515/2515
f 2520/2520/2520 2519/2519/2519 2518/2518/2518
f 2523/2523/2523 2522/2522/2522 2521/2521/2521
f 2526/2526/2526 2525/2525/2525 2524/2524/2524
f 2529/2529/2529 2528/2528/2528 2527/2527/2527
f 2532/2532/2532 2531/2531/2531 2530/2530/2530
f 2535/2535/2535 2534/2534/2534 2533/2533/2533
f 2538/2538/2538 2537/2537/2537 2536/2536/2536
f 2541/2541/2541 2540/2540/2540 2539/2539/2539
f 2544/2544/2544 2543/2543/2543 2542/2542/2542
f 2547/2547/2547 2546/2546/2546 2545/2545/2545
f 2550/2550/2550 2549/2549/2549 2548/2548/2548
f 2553/2553/2553 2552/2552/2552 2551/2551/2551
f 2556/2556/2556 2555/2555/2555 2554/2554/2554
f 2559/2559/2559 2558/2558/2558 2557/2557/2557
f 2562/2562/2562 2561/2561/2561 2560/2560/2560
f 2565/2565/2565 2564/2564/2564 2563/2563/2563
f 2568/2568/2568 2567/2567/2567 2566/2566/2566
f 2571/2571/2571 2570/2570/2570 2569/2569/2569
f 2574/2574/2574 2573/2573/2573 2572/2572/2572
f 2577/2577/2577 2576/2576/2576 2575/2575/2575
f 2580/2580/2580 2579/2579/2579 2578/2578/2578
f 2583/2583/2583 2582/2582/2582 2581/2581/2581
f 2586/2586/2586 2585/2585/2585 2584/2584/2584
f 2589/2589/2589 2588/2588/2588 2587/2587/2587
f 2592/2592/2592 2591/2591/2591 2590/2590/2590
f 2595/2595/2595 2594/2594/2594 2593/2593/2593
f 2598/2598/2598 2597/2597/2597 2596/2596/2596
f 2601/2601/2601 2600/2600/2600 2599/2599/2599
f 2604/2604/2604 2603/2603/2603 2602/2602/2602
f 2607/2607/2607 2606/2606/2606 2605/2605/2605
f 2610/2610/2610 2609/2609/2609 2608/2608/2608
f 2613/2613/2613 2612/2612/2612 2611/2611/2611
f 2616/2616/2616 2615/2615/2615 2614/2614/2614
f 2619/2619/2619 2618/2618/2618 2617/2617/2617
f 2622/2622/2622 2621/2621/2621 2620/2620/2620
f 2625/2625/2625 2624/2624/2624 2623/2623/2623
f 2628/2628/2628 2627/2627/2627 2626/2626/2626
f 2631/2631/2631 2630/2630/2630 2629/2629/2629
f 2634/2634/2634 2633/2633/2633 2632/2632/2632
f 2637/2637/2637 2636/2636/2636 2635/2635/2635
f 2640/2640/2640 2639/2639/2639 2638/2638/2638
f 2643/2643/2643 2642/2642/2642 2641/2641/2641
f 2646/2646/2646 2645/2645/2645 2644/2644/2644
f 2649/2649/2649 2648/2648/2648 2647/2647/2647
f 2652/2652/2652 2651/2651/2651 2650/2650/2650
f 2655/2655/2655 2654/2654/2654 2653/2653/2653
f 2658/2658/2658 2657/2657/2657 2656/2656/2656
f 2661/2661/2661 2660/2660/2660 2659/2659/2659
f 2664/2664/2664 2663/2663/2663 2662/2662/2662
f 2667/2667/2667 2666/2666/2666 2665/2665/2665
f 2670/2670/2670 2669/2669/2669 2668/2668/2668
f 2673/2673/2673 2672/2672/2672 2671/2671/2671
f 2676/2676/2676 2675/2675/2675 2674/2674/2674
f 2679/2679/2679 2678/2678/2678 2677/2677/2677
f 2682/2682/2682 2681/2681/2681 2680/2680/2680
f 2685/2685/2685 2684/2684/2684 2683/2683/2683
f 2688/2688/2688 2687/2687/2687 2686/2686/2686
f 2691/2691/2691 2690/2690/2690 2689/2689/2689
f 2694/2694/2694 2693/2693/2693 2692/2692/2692
f 2697/2697/2697 2696/2696/2696 2695/2695/2695
f 2700/2700/2700 2699/2699/2699 2698/2698/2698
f 2703/2703/2703 2702/2702/2702 2701/2701/2701
f 2706/2706/2706 2705/2705/2705 2704/2704/2704
f 2709/2709/2709 2708/2708/2708 2707/2707/2707
f 2712/2712/2712 2711/2711/2711 2710/2710/2710
f 2715/2715/2715 2714/2714/2714 2713/2713/2713
f 2718/2718/2718 2717/2717/2717 2716/2716/2716
f 2721/2721/2721 2720/2720/2720 2719/2719/2719
f 2724/2724/2724 2723/2723/2723 2722/2722/2722
f 2727/2727/2727 2726/2726/2726 2725/2725/2725
f 2730/2730/2730 2729/2729/2729 2728/2728/2728
f 2733/2733/2733 2732/2732/2732 2731/2731/2731
f 2736/2736/2736 2735/2735/2735 2734/2734/2734
f 2739/2739/2739 2738/2738/2738 2737/2737/2737
f 2742/2742/2742 2741/2741/2741 2740/2740/2740
f 2745/2745/2745 2744/2744/2744 2743/2743/2743
f 2748/2748/2748 2747/2747/2747 2746/2746/2746
f 2751/2751/2751 2750/2750/2750 2749/2749/2749
f 2754/2754/2754 2753/2753/2753 2752/2752/2752
f 2757/2757/2757 2756/2756/2756 2755/2755/2755
f 2760/2760/2760 2759/2759/2759 2758/2758/2758
f 2763/2763/2763 2762/2762/2762 2761/2761/2761
f 2766/2766/2766 2765/2765/2765 2764/2764/2764
f 2769/2769/2769 2768/2768/2768 2767/2767/2767
f 2772/2772/2772 2771/2771/2771 2770/2770/2770
f 2775/2775/2775 2774/2774/2774 2773/2773/2773
f 2778/2778/2778 2777/2777/2777 2776/2776/2776
f 2781/2781/2781 2780/2780/2780 2779/2779/2779
f 2784/2784/2784 2783/2783/2783 2782/2782/2782
f 2787/2787/2787 2786/2786/2786 2785/2785/2785
f 2790/2790/2790 2789/2789/2789 2788/2788/2788
f 2793/2793/2793 2792/2792/2792 2791/2791/2791
f 2796/2796/2796 2795/2795/2795 2794/2794/2794
f 2799/2799/2799 2798/2798/2798 2797/2797/2797
f 2802/2802/2802 2801/2801/2801 2800/2800/2800
f 2805/2805/2805 2804/2804/2804 2803/2803/2803
f 2808/2808/2808 2807/2807/2807 2806/2806/2806
f 2811/2811/2811 2810/2810/2810 2809/2809/2809
f 2814/2814/2814 2813/2813/2813 2812/2812/2812
f 2817/2817/2817 2816/2816/2816 2815/2815/2815
f 2820/2820/2820 2819/2819/2819 2818/2818/2818
f 2823/2823/2823 2822/2822/2822 2821/2821/2821
f 2826/2826/2826 2825/2825/2825 2824/2824/2824
f 2829/2829/2829 2828/2828/2828 2827/2827/2827
f 2832/2832/2832 2831/2831/2831 2830/2830/2830
f 2835/2835/2835 2834/2834/2834 2833/2833/2833
f 2838/2838/2838 2837/2837/2837 2836/2836/2836
f 2841/2841/2841 2840/2840/2840 2839/2839/2839
f 2844/2844/2844 2843/2843/2843 2842/2842/2842
f 2847/2847/2847 2846/2846/2846 2845/2845/2845
f 2850/2850/2850 2849/2849/2849 2848/2848/2848
f 2853/2853/2853 2852/2852/2852 2851/2851/2851
f 2856/2856/2856 2855/2855/2855 2854/2854/2854
f 2859/2859/2859 2858/2858/2858 2857/2857/2857
f 2862/2862/2862 2861/2861/2861 2860/2860/2860
f 2865/2865/2865 2864/2864/2864 2863/2863/2863
f 2868/2868/2868 2867/2867/2867 2866/2866/2866
f 2871/2871/2871 2870/2870/2870 2869/2869/2869
f 2874/2874/2874 2873/2873/2873 2872/2872/2872
f 2877/2877/2877 2876/2876/2876 2875/2875/2875
f 2880/2880/2880 2879/2879/2879 2878/2878/2878
f 2883/2883/2883 2882/2882/2882 2881/2881/2881
f 2886/2886/2886 2885/2885/2885 2884/2884/2884
f 2889/2889/2889 2888/2888/2888 2887/2887/2887
f 2892/2892/2892 2891/2891/2891 2890/2890/2890
f 2895/2895/2895 2894/2894/2894 2893/2893/2893
f 2898/2898/2898 2897/2897/2897 2896/2896/2896
f 2901/2901/2901 2900/2900/2900 2899/2899/2899
f 2904/2904/2904 2903/2903/2903 2902/2902/2902
f 2907/2907/2907 2906/2906/2906 2905/2905/2905
f 2910/2910/2910 2909/2909/2909 2908/2908/2908
f 2913/2913/2913 2912/2912/2912 2911/2911/2911
f 2916/2916/2916 2915/2915/2915 2914/2914/2914
f 2919/2919/2919 2918/2918/2918 2917/2917/2917
f 2922/2922/2922 2921/2921/2921 2920/2920/2920
f 2925/2925/2925 2924/2924/2924 2923/2923/2923
f 2928/2928/2928 2927/2927/2927 2926/2926/2926
f 2931/2931/2931 2930/2930/2930 2929/2929/2929
f 2934/2934/2934 2933/2933/2933 2932/2932/2932
f 2937/2937/2937 2936/2936/2936 2935/2935/2935
f 2940/2940/2940 2939/2939/2939 2938/2938/2938
f 2943/2943/2943 2942/2942/2942 2941/2941/2941
f 2946/2946/2946 2945/2945/2945 2944/2944/2944
f 2949/2949/2949 2948/2948/2948 2947/2947/2947
f 2952/2952/2952 2951/2951/2951 2950/2950/2950
f 2955/2955/2955 2954/2954/2954 2953/2953/2953
f 2958/2958/2958 2957/2957/2957 2956/2956/2956
f 2961/2961/2961 2960/2960/2960 2959/2959/2959
f 2964/2964/2964 2963/2963/2963 2962/2962/2962
f 2967/2967/2967 2966/2966/2966 2965/2965/2965
f 2970/2970/2970 2969/2969/2969 2968/2968/2968
f 2973/2973/2973 2972/2972/2972 2971/2971/2971
f 2976/2976/2976 2975/2975/2975 2974/2974/2974
f 2979/2979/2979 2978/2978/2978 2977/2977/2977
f 2982/2982/2982 2981/2981/2981 2980/2980/2980
f 2985/2985/2985 2984/2984/2984 2983/2983/2983
f 2988/2988/2988 2987/2987/2987 2986/2986/2986
f 2991/2991/2991 2990/2990/2990 2989/2989/2989
f 2994/2994/2994 2993/2993/2993 2992/2992/2992
f 2997/2997/2997 2996/2996/2996 2995/2995/2995
f 3000/3000/3000 2999/2999/2999 2998/2998/2998
f 3003/3003/3003 3002/3002/3002 3001/3001/3001
f 3006/3006/3006 3005/3005/3005 3004/3004/3004
f 3009/3009/3009 3008/3008/3008 3007/3007/3007
f 3012/3012/3012 3011/3011/3011 3010/3010/3010
f 3015/3015/3015 3014/3014/3014 3013/3013/3013
f 3018/3018/3018 3017/3017/3017 3016/3016/3016
f 3021/3021/3021 3020/3020/3020 3019/3019/3019
f 3024/3024/3024 3023/3023/3023 3022/3022/3022
f 3027/3027/3027 3026/3026/3026 3025/3025/3025
f 3030/3030/3030 3029/3029/3029 3028/3028/3028
f 3033/3033/3033 3032/3032/3032 3031/3031/3031
f 3036/3036/3036 3035/3035/3035 3034/3034/3034
f 3039/3039/3039 3038/3038/3038 3037/3037/3037
f 3042/3042/3042 3041/3041/3041 3040/3040/3040
f 3045/3045/3045 3044/3044/3044 3043/3043/3043
f 3048/3048/3048 3047/3047/3047 3046/3046/3046
f 3051/3051/3051 3050/3050/3050 3049/3049/3049
f 3054/3054/3054 3053/3053/3053 3052/3052/3052
f 3057/3057/3057 3056/3056/3056 3055/3055/3055
f 3060/3060/3060 3059/3059/3059 3058/3058/3058
f 3063/3063/3063 3062/3062/3062 3061/3061/3061
f 3066/3066/3066 3065/3065/3065 3064/3064/3064
f 3069/3069/3069 3068/3068/3068 3067/3067/3067
f 3068/3068/3068 3069/3069/3069 3070/3070/3070
f 3073/3073/3073 3072/3072/3072 3071/3071/3071
f 3072/3072/3072 3073/3073/3073 3074/3074/3074
f 3077/3077/3077 3076/3076/3076 3075/3075/3075
f 3076/3076/3076 3077/3077/3077 3078/3078/3078
f 3081/3081/3081 3080/3080/3080 3079/3079/3079
f 3080/3080/3080 3081/3081/3081 3082/3082/3082
f 3085/3085/3085 3084/3084/3084 3083/3083/3083
f 3084/3084/3084 3085/3085/3085 3086/3086/3086
f 3089/3089/3089 3088/3088/3088 3087/3087/3087
f 3088/3088/3088 3089/3089/3089 3090/3090/3090
f 3093/3093/3093 3092/3092/3092 3091/3091/3091
f 3092/3092/3092 3093/3093/3093 3094/3094/3094
f 3097/3097/3097 3096/3096/3096 3095/3095/3095
f 3096/3096/3096 3097/3097/3097 3098/3098/3098
f 3101/3101/3101 3100/3100/3100 3099/3099/3099
f 3100/3100/3100 3101/3101/3101 3102/3102/3102
f 3105/3105/3105 3104/3104/3104 3103/3103/3103
f 3104/3104/3104 3105/3105/3105 3106/3106/3106
f 3109/3109/3109 3108/3108/3108 3107/3107/3107
f 3108/3108/3108 3109/3109/3109 3110/3110/3110
f 3113/3113/3113 3112/3112/3112 3111/3111/3111
f 3112/3112/3112 3113/3113/3113 3114/3114/3114
f 3117/3117/3117 3116/3116/3116 3115/3115/3115
f 3116/3116/3116 3117/3117/3117 3118/3118/3118
f 3121/3121/3121 3120/3120/3120 3119/3119/3119
f 3120/3120/3120 3121/3121/3121 3122/3122/3122
f 3125/3125/3125 3124/3124/3124 3123/3123/3123
f 3124/3124/3124 3125/3125/3125 3126/3126/3126
f 3129/3129/3129 3128/3128/3128 3127/3127/3127
f 3128/3128/3128 3129/3129/3129 3130/3130/3130
f 3133/3133/3133 3132/3132/3132 3131/3131/3131
f 3132/3132/3132 3133/3133/3133 3134/3134/3134
f 3137/3137/3137 3136/3136/3136 3135/3135/3135
f 3136/3136/3136 3137/3137/3137 3138/3138/3138
f 3141/3141/3141 3140/3140/3140 3139/3139/3139
f 3140/3140/3140 3141/3141/3141 3142/3142/3142
f 3145/3145/3145 3144/3144/3144 3143/3143/3143
f 3144/3144/3144 3145/3145/3145 3146/3146/3146
f 3149/3149/3149 3148/3148/3148 3147/3147/3147
f 3148/3148/3148 3149/3149/3149 3150/3150/3150
f 3153/3153/3153 3152/3152/3152 3151/3151/3151
f 3152/3152/3152 3153/3153/3153 3154/3154/3154
f 3157/3157/3157 3156/3156/3156 3155/3155/3155
f 3156/3156/3156 3157/3157/3157 3158/3158/3158
f 3161/3161/3161 3160/3160/3160 3159/3159/3159
f 3160/3160/3160 3161/3161/3161 3162/3162/3162
f 3165/3165/3165 3164/3164/3164 3163/3163/3163
f 3164/3164/3164 3165/3165/3165 3166/3166/3166
f 3169/3169/3169 3168/3168/3168 3167/3167/3167
f 3168/3168/3168 3169/3169/3169 3170/3170/3170
f 3173/3173/3173 3172/3172/3172 3171/3171/3171
f 3172/3172/3172 3173/3173/3173 3174/3174/3174
f 3177/3177/3177 3176/3176/3176 3175/3175/3175
f 3176/3176/3176 3177/3177/3177 3178/3178/3178
f 3181/3181/3181 3180/3180/3180 3179/3179/3179
f 3180/3180/3180 3181/3181/3181 3182/3182/3182
f 3185/3185/3185 3184/3184/3184 3183/3183/3183
f 3184/3184/3184 3185/3185/3185 3186/3186/3186
f 3189/3189/3189 3188/3188/3188 3187/3187/3187
f 3188/3188/3188 3189/3189/3189 3190/3190/3190
f 3193/3193/3193 3192/3192/3192 3191/3191/3191
f 3192/3192/3192 3193/3193/3193 3194/3194/3194
f 3197/3197/3197 3196/3196/3196 3195/3195/3195
f 3196/3196/3196 3197/3197/3197 3198/3198/3198
f 3201/3201/3201 3200/3200/3200 3199/3199/3199
f 3200/3200/3200 3201/3201/3201 3202/3202/3202
f 3205/3205/3205 3204/3204/3204 3203/3203/3203
f 3204/3204/3204 3205/3205/3205 3206/3206/3206
f 3209/3209/3209 3208/3208/3208 3207/3207/3207
f 3208/3208/3208 3209/3209/3209 3210/3210/3210
f 3213/3213/3213 3212/3212/3212 3211/3211/3211
f 3212/3212/3212 3213/3213/3213 3214/3214/3214
f 3217/3217/3217 3216/3216/3216 3215/3215/3215
f 3216/3216/3216 3217/3217/3217 3218/3218/3218
f 3221/3221/3221 3220/3220/3220 3219/3219/3219
f 3220/3220/3220 3221/3221/3221 3222/3222/3222
f 3225/3225/3225 3224/3224/3224 3223/3223/3223
f 3224/3224/3224 3225/3225/3225 3226/3226/3226
f 3229/3229/3229 3228/3228/3228 3227/3227/3227
f 3228/3228/3228 3229/3229/3229 3230/3230/3230
f 3233/3233/3233 3232/3232/3232 3231/3231/3231
f 3232/3232/3232 3233/3233/3233 3234/3234/3234
f 3237/3237/3237 3236/3236/3236 3235/3235/3235
f 3236/3236/3236 3237/3237/3237 3238/3238/3238
f 3241/3241/3241 3240/3240/3240 3239/3239/3239
f 3240/3240/3240 3241/3241/3241 3242/3242/3242
f 3245/3245/3245 3244/3244/3244 3243/3243/3243
f 3244/3244/3244 3245/3245/3245 3246/3246/3246
f 3249/3249/3249 3248/3248/3248 3247/3247/3247
f 3248/3248/3248 3249/3249/3249 3250/3250/3250
f 3253/3253/3253 3252/3252/3252 3251/3251/3251
f 3252/3252/3252 3253/3253/3253 3254/3254/3254
f 3257/3257/3257 3256/3256/3256 3255/3255/3255
f 3256/3256/3256 3257/3257/3257 3258/3258/3258
f 3261/3261/3261 3260/3260/3260 3259/3259/3259
f 3260/3260/3260 3261/3261/3261 3262/3262/3262
f 3265/3265/3265 3264/3264/3264 3263/3263/3263
f 3264/3264/3264 3265/3265/3265 3266/3266/3266
f 3269/3269/3269 3268/3268/3268 3267/3267/3267
f 3268/3268/3268 3269/3269/3269 3270/3270/3270
f 3273/3273/3273 3272/3272/3272 3271/3271/3271
f 3272/3272/3272 3273/3273/3273 3274/3274/3274
f 3277/3277/3277 3276/3276/3276 3275/3275/3275
f 3276/3276/3276 3277/3277/3277 3278/3278/3278
f 3281/3281/3281 3280/3280/3280 3279/3279/3279
f 3280/3280/3280 3281/3281/3281 3282/3282/3282
f 3285/3285/3285 3284/3284/3284 3283/3283/3283
f 3284/3284/3284 3285/3285/3285 3286/3286/3286
f 3289/3289/3289 3288/3288/3288 3287/3287/3287
f 3288/3288/3288 3289/3289/3289 3290/3290/3290
f 3293/3293/3293 3292/3292/3292 3291/3291/3291
f 3292/3292/3292 3293/3293/3293 3294/3294/3294
f 3297/3297/3297 3296/3296/3296 3295/3295/3295
f 3296/3296/3296 3297/3297/3297 3298/3298/3298
f 3301/3301/3301 3300/3300/3300 3299/3299/3299
f 3300/3300/3300 3301/3301/3301 3302/3302/3302
f 3305/3305/3305 3304/3304/3304 3303/3303/3303
f 3304/3304/3304 3305/3305/3305 3306/3306/3306
f 3309/3309/3309 3308/3308/3308 3307/3307/3307
f 3308/3308/3308 3309/3309/3309 3310/3310/3310
f 3313/3313/3313 3312/3312/3312 3311/3311/3311
f 3312/3312/3312 3313/3313/3313 3314/3314/3314
f 3317/3317/3317 3316/3316/3316 3315/3315/3315
f 3316/3316/3316 3317/3317/3317 3318/3318/3318
f 3321/3321/3321 3320/3320/3320 3319/3319/3319
f 3320/3320/3320 3321/3321/3321 3322/3322/3322
f 3325/3325/3325 3324/3324/3324 3323/3323/3323
f 3324/3324/3324 3325/3325/3325 3326/3326/3326
f 3329/3329/3329 3328/3328/3328 3327/3327/3327
f 3328/3328/3328 3329/3329/3329 3330/3330/3330
f 3333/3333/3333 3332/3332/3332 3331/3331/3331
f 3332/3332/3332 3333/3333/3333 3334/3334/3334
f 3337/3337/3337 3336/3336/3336 3335/3335/3335
f 3336/3336/3336 3337/3337/3337 3338/3338/3338
f 3341/3341/3341 3340/3340/3340 3339/3339/3339
f 3340/3340/3340 3341/3341/3341 3342/3342/3342
f 3345/3345/3345 3344/3344/3344 3343/3343/3343
f 3344/3344/3344 3345/3345/3345 3346/3346/3346
f 3349/3349/3349 3348/3348/3348 3347/3347/3347
f 3348/3348/3348 3349/3349/3349 3350/3350/3350
f 3353/3353/3353 3352/3352/3352 3351/3351/3351
f 3352/3352/3352 3353/3353/3353 3354/3354/3354
f 3357/3357/3357 3356/3356/3356 3355/3355/3355
f 3356/3356/3356 3357/3357/3357 3358/3358/3358
f 3361/3361/3361 3360/3360/3360 3359/3359/3359
f 3360/3360/3360 3361/3361/3361 3362/3362/3362
f 3365/3365/3365 3364/3364/3364 3363/3363/3363
f 3364/3364/3364 3365/3365/3365 3366/3366/3366
f 3369/3369/3369 3368/3368/3368 3367/3367/3367
f 3368/3368/3368 3369/3369/3369 3370/3370/3370
f 3373/3373/3373 3372/3372/3372 3371/3371/3371
f 3372/3372/3372 3373/3373/3373 3374/3374/3374
f 3377/3377/3377 3376/3376/3376 3375/3375/3375
f 3376/3376/3376 3377/3377/3377 3378/3378/3378
f 3381/3381/3381 3380/3380/3380 3379/3379/3379
f 3380/3380/3380 3381/3381/3381 3382/3382/3382
f 3385/3385/3385 3384/3384/3384 3383/3383/3383
f 3384/3384/3384 3385/3385/3385 3386/3386/3386
f 3389/3389/3389 3388/3388/3388 3387/3387/3387
f 3388/3388/3388 3389/3389/3389 3390/3390/3390
f 3393/3393/3393 3392/3392/3392 3391/3391/3391
f 3392/3392/3392 3393/3393/3393 3394/3394/3394
f 3397/3397/3397 3396/3396/3396 3395/3395/3395
f 3396/3396/3396 3397/3397/3397 3398/3398/3398
f 3401/3401/3401 3400/3400/3400 3399/3399/3399
f 3400/3400/3400 3401/3401/3401 3402/3402/3402
f 3405/3405/3405 3404/3404/3404 3403/3403/3403
f 3404/3404/3404 3405/3405/3405 3406/3406/3406
f 3409/3409/3409 3408/3408/3408 3407/3407/3407
f 3408/3408/3408 3409/3409/3409 3410/3410/3410
f 3413/3413/3413 3412/3412/3412 3411/3411/3411
f 3412/3412/3412 3413/3413/3413 3414/3414/3414
f 3417/3417/3417 3416/3416/3416 3415/3415/3415
f 3416/3416/3416 3417/3417/3417 3418/3418/3418
f 3421/3421/3421 3420/3420/3420 3419/3419/3419
f 3420/3420/3420 3421/3421/3421 3422/3422/3422
f 3425/3425/3425 3424/3424/3424 3423/3423/3423
f 3424/3424/3424 3425/3425/3425 3426/3426/3426
f 3429/3429/3429 3428/3428/3428 3427/3427/3427
f 3428/3428/3428 3429/3429/3429 3430/3430/3430
f 3433/3433/3433 3432/3432/3432 3431/3431/3431
f 3432/3432/3432 3433/3433/3433 3434/3434/3434
f 3437/3437/3437 3436/3436/3436 3435/3435/3435
f 3436/3436/3436 3437/3437/3437 3438/3438/3438
f 3441/3441/3441 3440/3440/3440 3439/3439/3439
f 3440/3440/3440 3441/3441/3441 3442/3442/3442
f 3445/3445/3445 3444/3444/3444 3443/3443/3443
f 3444/3444/3444 3445/3445/3445 3446/3446/3446
f 3449/3449/3449 3448/3448/3448 3447/3447/3447
f 3448/3448/3448 3449/3449/3449 3450/3450/3450
f 3453/3453/3453 3452/3452/3452 3451/3451/3451
f 3452/3452/3452 3453/3453/3453 3454/3454/3454
f 3457/3457/3457 3456/3456/3456 3455/3455/3455
f 3456/3456/3456 3457/3457/3457 3458/3458/3458
f 3461/3461/3461 3460/3460/3460 3459/3459/3459
f 3460/3460/3460 3461/3461/3461 3462/3462/3462
f 3465/3465/3465 3464/3464/3464 3463/3463/3463
f 3464/3464/3464 3465/3465/3465 3466/3466/3466
f 3469/3469/3469 3468/3468/3468 3467/3467/3467
f 3468/3468/3468 3469/3469/3469 3470/3470/3470
f 3473/3473/3473 3472/3472/3472 3471/3471/3471
f 3472/3472/3472 3473/3473/3473 3474/3474/3474
f 3477/3477/3477 3476/3476/3476 3475/3475/3475
f 3476/3476/3476 3477/3477/3477 3478/3478/3478
f 3481/3481/3481 3480/3480/3480 3479/3479/3479
f 3480/3480/3480 3481/3481/3481 3482/3482/3482
f 3485/3485/3485 3484/3484/3484 3483/3483/3483
f 3484/3484/3484 3485/3485/3485 3486/3486/3486
f 3489/3489/3489 3488/3488/3488 3487/3487/3487
f 3488/3488/3488 3489/3489/3489 3490/3490/3490
f 3493/3493/3493 3492/3492/3492 3491/3491/3491
f 3492/3492/3492 3493/3493/3493 3494/3494/3494
f 3497/3497/3497 3496/3496/3496 3495/3495/3495
f 3496/3496/3496 3497/3497/3497 3498/3498/3498
f 3501/3501/3501 3500/3500/3500 3499/3499/3499
f 3500/3500/3500 3501/3501/3501 3502/3502/3502
f 3505/3505/3505 3504/3504/3504 3503/3503/3503
f 3504/3504/3504 3505/3505/3505 3506/3506/3506
f 3509/3509/3509 3508/3508/3508 3507/3507/3507
f 3508/3508/3508 3509/3509/3509 3510/3510/3510
f 3513/3513/3513 3512/3512/3512 3511/3511/3511
f 3512/3512/3512 3513/3513/3513 3514/3514/3514
f 3517/3517/3517 3516/3516/3516 3515/3515/3515
f 3516/3516/3516 3517/3517/3517 3518/3518/3518
f 3521/3521/3521 3520/3520/3520 3519/3519/3519
f 3520/3520/3520 3521/3521/3521 3522/3522/3522
f 3525/3525/3525 3524/3524/3524 3523/3523/3523
f 3524/3524/3524 3525/3525/3525 3526/3526/3526
f 3529/3529/3529 3528/3528/3528 3527/3527/3527
f 3528/3528/3528 3529/3529/3529 3530/3530/3530
f 3533/3533/3533 3532/3532/3532 3531/3531/3531
f 3532/3532/3532 3533/3533/3533 3534/3534/3534
f 3537/3537/3537 3536/3536/3536 3535/3535/3535
f 3536/3536/3536 3537/3537/3537 3538/3538/3538
f 3541/3541/3541 3540/3540/3540 3539/3539/3539
f 3540/3540/3540 3541/3541/3541 3542/3542/3542
f 3545/3545/3545 3544/3544/3544 3543/3543/3543
f 3544/3544/3544 3545/3545/3545 3546/3546/3546
f 3549/3549/3549 3548/3548/3548 3547/3547/3547
f 3548/3548/3548 3549/3549/3549 3550/3550/3550
f 3553/3553/3553 3552/3552/3552 3551/3551/3551
f 3552/3552/3552 3553/3553/3553 3554/3554/3554
f 3557/3557/3557 3556/3556/3556 3555/3555/3555
f 3556/3556/3556 3557/3557/3557 3558/3558/3558
f 3561/3561/3561 3560/3560/3560 3559/3559/3559
f 3560/3560/3560 3561/3561/3561 3562/3562/3562
f 3565/3565/3565 3564/3564/3564 3563/3563/3563
f 3564/3564/3564 3565/3565/3565 3566/3566/3566
f 3569/3569/3569 3568/3568/3568 3567/3567/3567
f 3568/3568/3568 3569/3569/3569 3570/3570/3570
f 3573/3573/3573 3572/3572/3572 3571/3571/3571
f 3572/3572/3572 3573/3573/3573 3574/3574/3574
f 3577/3577/3577 3576/3576/3576 3575/3575/3575
f 3576/3576/3576 3577/3577/3577 3578/3578/3578
f 3581/3581/3581 3580/3580/3580 3579/3579/3579
f 3580/3580/3580 3581/3581/3581 3582/3582/3582
f 3585/3585/3585 3584/3584/3584 3583/3583/3583
f 3584/3584/3584 3585/3585/3585 3586/3586/3586
f 3589/3589/3589 3588/3588/3588 3587/3587/3587
f 3588/3588/3588 3589/3589/3589 3590/3590/3590
f 3593/3593/3593 3592/3592/3592 3591/3591/3591
f 3592/3592/3592 3593/3593/3593 3594/3594/3594
f 3597/3597/3597 3596/3596/3596 3595/3595/3595
f 3596/3596/3596 3597/3597/3597 3598/3598/3598
f 3601/3601/3601 3600/3600/3600 3599/3599/3599
f 3600/3600/3600 3601/3601/3601 3602/3602/3602
f 3605/3605/3605 3604/3604/3604 3603/3603/3603
f 3604/3604/3604 3605/3605/3605 3606/3606/3606
f 3609/3609/3609 3608/3608/3608 3607/3607/3607
f 3608/3608/3608 3609/3609/3609 3610/3610/3610
f 3613/3613/3613 3612/3612/3612 3611/3611/3611
f 3612/3612/3612 3613/3613/3613 3614/3614/3614
f 3617/3617/3617 3616/3616/3616 3615/3615/3615
f 3616/3616/3616 3617/3617/3617 3618/3618/3618
f 3621/3621/3621 3620/3620/3620 3619/3619/3619
f 3620/3620/3620 3621/3621/3621 3622/3622/3622
f 3625/3625/3625 3624/3624/3624 3623/3623/3623
f 3624/3624/3624 3625/3625/3625 3626/3626/3626
f 3629/3629/3629 3628/3628/3628 3627/3627/3627
f 3628/3628/3628 3629/3629/3629 3630/3630/3630
f 3633/3633/3633 3632/3632/3632 3631/3631/3631
f 3633/3633/3633 3634/3634/3634 3632/3632/3632
f 3637/3637/3637 3636/3636/3636 3635/3635/3635
f 3636/3636/3636 3637/3637/3637 3638/3638/3638
f 3641/3641/3641 3640/3640/3640 3639/3639/3639
f 3640/3640/3640 3641/3641/3641 3642/3642/3642
f 3645/3645/3645 3644/3644/3644 3643/3643/3643
f 3644/3644/3644 3645/3645/3645 3646/3646/3646
f 3649/3649/3649 3648/3648/3648 3647/3647/3647
f 3648/3648/3648 3649/3649/3649 3650/3650/3650
f 3653/3653/3653 3652/3652/3652 3651/3651/3651
f 3652/3652/3652 3653/3653/3653 3654/3654/3654
f 3657/3657/3657 3656/3656/3656 3655/3655/3655
f 3656/3656/3656 3657/3657/3657 3658/3658/3658
f 3661/3661/3661 3660/3660/3660 3659/3659/3659
f 3660/3660/3660 3661/3661/3661 3662/3662/3662
f 3665/3665/3665 3664/3664/3664 3663/3663/3663
f 3664/3664/3664 3665/3665/3665 3666/3666/3666
f 3669/3669/3669 3668/3668/3668 3667/3667/3667
f 3668/3668/3668 3669/3669/3669 3670/3670/3670
f 3673/3673/3673 3672/3672/3672 3671/3671/3671
f 3672/3672/3672 3673/3673/3673 3674/3674/3674
f 3677/3677/3677 3676/3676/3676 3675/3675/3675
f 3676/3676/3676 3677/3677/3677 3678/3678/3678
f 3681/3681/3681 3680/3680/3680 3679/3679/3679
f 3680/3680/3680 3681/3681/3681 3682/3682/3682
f 3685/3685/3685 3684/3684/3684 3683/3683/3683
f 3684/3684/3684 3685/3685/3685 3686/3686/3686
f 3689/3689/3689 3688/3688/3688 3687/3687/3687
f 3688/3688/3688 3689/3689/3689 3690/3690/3690
f 3693/3693/3693 3692/3692/3692 3691/3691/3691
f 3692/3692/3692 3693/3693/3693 3694/3694/3694
f 3697/3697/3697 3696/3696/3696 3695/3695/3695
f 3698/3698/3698 3697/3697/3697 3695/3695/3695
f 3701/3701/3701 3700/3700/3700 3699/3699/3699
f 3700/3700/3700 3701/3701/3701 3702/3702/3702
f 3705/3705/3705 3704/3704/3704 3703/3703/3703
f 3704/3704/3704 3705/3705/3705 3706/3706/3706
f 3709/3709/3709 3708/3708/3708 3707/3707/3707
f 3708/3708/3708 3709/3709/3709 3710/3710/3710
f 3713/3713/3713 3712/3712/3712 3711/3711/3711
f 3712/3712/3712 3713/3713/3713 3714/3714/3714
f 3717/3717/3717 3716/3716/3716 3715/3715/3715
f 3716/3716/3716 3717/3717/3717 3718/3718/3718
f 3721/3721/3721 3720/3720/3720 3719/3719/3719
f 3720/3720/3720 3721/3721/3721 3722/3722/3722
f 3725/3725/3725 3724/3724/3724 3723/3723/3723
f 3724/3724/3724 3725/3725/3725 3726/3726/3726
f 3729/3729/3729 3728/3728/3728 3727/3727/3727
f 3728/3728/3728 3729/3729/3729 3730/3730/3730
f 3733/3733/3733 3732/3732/3732 3731/3731/3731
f 3732/3732/3732 3733/3733/3733 3734/3734/3734
f 3737/3737/3737 3736/3736/3736 3735/3735/3735
f 3736/3736/3736 3737/3737/3737 3738/3738/3738
f 3741/3741/3741 3740/3740/3740 3739/3739/3739
f 3740/3740/3740 3741/3741/3741 3742/3742/3742
f 3745/3745/3745 3744/3744/3744 3743/3743/3743
f 3744/3744/3744 3745/3745/3745 3746/3746/3746
f 3749/3749/3749 3748/3748/3748 3747/3747/3747
f 3748/3748/3748 3749/3749/3749 3750/3750/3750
f 3753/3753/3753 3752/3752/3752 3751/3751/3751
f 3752/3752/3752 3753/3753/3753 3754/3754/3754
f 3757/3757/3757 3756/3756/3756 3755/3755/3755
f 3756/3756/3756 3757/3757/3757 3758/3758/3758
f 3761/3761/3761 3760/3760/3760 3759/3759/3759
f 3760/3760/3760 3761/3761/3761 3762/3762/3762
f 3765/3765/3765 3764/3764/3764 3763/3763/3763
f 3764/3764/3764 3765/3765/3765 3766/3766/3766
f 3769/3769/3769 3768/3768/3768 3767/3767/3767
f 3768/3768/3768 3769/3769/3769 3770/3770/3770
f 3773/3773/3773 3772/3772/3772 3771/3771/3771
f 3772/3772/3772 3773/3773/3773 3774/3774/3774
f 3777/3777/3777 3776/3776/3776 3775/3775/3775
f 3776/3776/3776 3777/3777/3777 3778/3778/3778
f 3781/3781/3781 3780/3780/3780 3779/3779/3779
f 3780/3780/3780 3781/3781/3781 3782/3782/3782
f 3785/3785/3785 3784/3784/3784 3783/3783/3783
f 3784/3784/3784 3785/3785/3785 3786/3786/3786
f 3789/3789/3789 3788/3788/3788 3787/3787/3787
f 3788/3788/3788 3789/3789/3789 3790/3790/3790
f 3793/3793/3793 3792/3792/3792 3791/3791/3791
f 3792/3792/3792 3793/3793/3793 3794/3794/3794
f 3797/3797/3797 3796/3796/3796 3795/3795/3795
f 3796/3796/3796 3797/3797/3797 3798/3798/3798
f 3801/3801/3801 3800/3800/3800 3799/3799/3799
f 3800/3800/3800 3801/3801/3801 3802/3802/3802
f 3805/3805/3805 3804/3804/3804 3803/3803/3803
f 3804/3804/3804 3805/3805/3805 3806/3806/3806
f 3809/3809/3809 3808/3808/3808 3807/3807/3807
f 3808/3808/3808 3809/3809/3809 3810/3810/3810
f 3813/3813/3813 3812/3812/3812 3811/3811/3811
f 3812/3812/3812 3813/3813/3813 3814/3814/3814
f 3817/3817/3817 3816/3816/3816 3815/3815/3815
f 3816/3816/3816 3817/3817/3817 3818/3818/3818
f 3821/3821/3821 3820/3820/3820 3819/3819/3819
f 3820/3820/3820 3821/3821/3821 3822/3822/3822
f 3825/3825/3825 3824/3824/3824 3823/3823/3823
f 3824/3824/3824 3825/3825/3825 3826/3826/3826
f 3829/3829/3829 3828/3828/3828 3827/3827/3827
f 3828/3828/3828 3829/3829/3829 3830/3830/3830
f 3833/3833/3833 3832/3832/3832 3831/3831/3831
f 3832/3832/3832 3833/3833/3833 3834/3834/3834
f 3837/3837/3837 3836/3836/3836 3835/3835/3835
f 3836/3836/3836 3837/3837/3837 3838/3838/3838
f 3841/3841/3841 3840/3840/3840 3839/3839/3839
f 3840/3840/3840 3841/3841/3841 3842/3842/3842
f 3845/3845/3845 3844/3844/3844 3843/3843/3843
f 3844/3844/3844 3845/3845/3845 3846/3846/3846
f 3849/3849/3849 3848/3848/3848 3847/3847/3847
f 3848/3848/3848 3849/3849/3849 3850/3850/3850
f 3853/3853/3853 3852/3852/3852 3851/3851/3851
f 3852/3852/3852 3853/3853/3853 3854/3854/3854
f 3857/3857/3857 3856/3856/3856 3855/3855/3855
f 3856/3856/3856 3857/3857/3857 3858/3858/3858
f 3861/3861/3861 3860/3860/3860 3859/3859/3859
f 3860/3860/3860 3861/3861/3861 3862/3862/3862
f 3865/3865/3865 3864/3864/3864 3863/3863/3863
f 3864/3864/3864 3865/3865/3865 3866/3866/3866
f 3869/3869/3869 3868/3868/3868 3867/3867/3867
f 3868/3868/3868 3869/3869/3869 3870/3870/3870
f 3873/3873/3873 3872/3872/3872 3871/3871/3871
f 3872/3872/3872 3873/3873/3873 3874/3874/3874
f 3877/3877/3877 3876/3876/3876 3875/3875/3875
f 3876/3876/3876 3877/3877/3877 3878/3878/3878
f 3881/3881/3881 3880/3880/3880 3879/3879/3879
f 3880/3880/3880 3881/3881/3881 3882/3882/3882
f 3885/3885/3885 3884/3884/3884 3883/3883/3883
f 3884/3884/3884 3885/3885/3885 3886/3886/3886
f 3889/3889/3889 3888/3888/3888 3887/3887/3887
f 3888/3888/3888 3889/3889/3889 3890/3890/3890
f 3893/3893/3893 3892/3892/3892 3891/3891/3891
f 3892/3892/3892 3893/3893/3893 3894/3894/3894
f 3897/3897/3897 3896/3896/3896 3895/3895/3895
f 3896/3896/3896 3897/3897/3897 3898/3898/3898
f 3901/3901/3901 3900/3900/3900 3899/3899/3899
f 3900/3900/3900 3901/3901/3901 3902/3902/3902
f 3905/3905/3905 3904/3904/3904 3903/3903/3903
f 3904/3904/3904 3905/3905/3905 3906/3906/3906
f 3909/3909/3909 3908/3908/3908 3907/3907/3907
f 3908/3908/3908 3909/3909/3909 3910/3910/3910
f 3913/3913/3913 3912/3912/3912 3911/3911/3911
f 3912/3912/3912 3913/3913/3913 3914/3914/3914
f 3917/3917/3917 3916/3916/3916 3915/3915/3915
f 3916/3916/3916 3917/3917/3917 3918/3918/3918
f 3921/3921/3921 3920/3920/3920 3919/3919/3919
f 3920/3920/3920 3921/3921/3921 3922/3922/3922
f 3925/3925/3925 3924/3924/3924 3923/3923/3923
f 3924/3924/3924 3925/3925/3925 3926/3926/3926
f 3929/3929/3929 3928/3928/3928 3927/3927/3927
f 3928/3928/3928 3929/3929/3929 3930/3930/3930
f 3933/3933/3933 3932/3932/3932 3931/3931/3931
f 3932/3932/3932 3933/3933/3933 3934/3934/3934
f 3937/3937/3937 3936/3936/3936 3935/3935/3935
f 3936/3936/3936 3937/3937/3937 3938/3938/3938
f 3941/3941/3941 3940/3940/3940 3939/3939/3939
f 3940/3940/3940 3941/3941/3941 3942/3942/3942
f 3945/3945/3945 3944/3944/3944 3943/3943/3943
f 3944/3944/3944 3945/3945/3945 3946/3946/3946
f 3949/3949/3949 3948/3948/3948 3947/3947/3947
f 3948/3948/3948 3949/3949/3949 3950/3950/3950
f 3953/3953/3953 3952/3952/3952 3951/3951/3951
f 3952/3952/3952 3953/3953/3953 3954/3954/3954
f 3957/3957/3957 3956/3956/3956 3955/3955/3955
f 3956/3956/3956 3957/3957/3957 3958/3958/3958
f 3961/3961/3961 3960/3960/3960 3959/3959/3959
f 3960/3960/3960 3961/3961/3961 3962/3962/3962
f 3965/3965/3965 3964/3964/3964 3963/3963/3963
f 3964/3964/3964 3965/3965/3965 3966/3966/3966
f 3969/3969/3969 3968/3968/3968 3967/3967/3967
f 3968/3968/3968 3969/3969/3969 3970/3970/3970
f 3973/3973/3973 3972/3972/3972 3971/3971/3971
f 3972/3972/3972 3973/3973/3973 3974/3974/3974
f 3977/3977/3977 3976/3976/3976 3975/3975/3975
f 3976/3976/3976 3977/3977/3977 3978/3978/3978
f 3981/3981/3981 3980/3980/3980 3979/3979/3979
f 3980/3980/3980 3981/3981/3981 3982/3982/3982
f 3985/3985/3985 3984/3984/3984 3983/3983/3983
f 3984/3984/3984 3985/3985/3985 3986/3986/3986
f 3989/3989/3989 3988/3988/3988 3987/3987/3987
f 3988/3988/3988 3989/3989/3989 3990/3990/3990
f 3993/3993/3993 3992/3992/3992 3991/3991/3991
f 3992/3992/3992 3993/3993/3993 3994/3994/3994
f 3997/3997/3997 3996/3996/3996 3995/3995/3995
f 3996/3996/3996 3997/3997/3997 3998/3998/3998
f 4001/4001/4001 4000/4000/4000 3999/3999/3999
f 4000/4000/4000 4001/4001/4001 4002/4002/4002
f 4005/4005/4005 4004/4004/4004 4003/4003/4003
f 4004/4004/4004 4005/4005/4005 4006/4006/4006
f 4009/4009/4009 4008/4008/4008 4007/4007/4007
f 4008/4008/4008 4009/4009/4009 4010/4010/4010
f 4013/4013/4013 4012/4012/4012 4011/4011/4011
f 4012/4012/4012 4013/4013/4013 4014/4014/4014
f 4017/4017/4017 4016/4016/4016 4015/4015/4015
f 4016/4016/4016 4017/4017/4017 4018/4018/4018
f 4021/4021/4021 4020/4020/4020 4019/4019/4019
f 4020/4020/4020 4021/4021/4021 4022/4022/4022
f 4025/4025/4025 4024/4024/4024 4023/4023/4023
f 4024/4024/4024 4025/4025/4025 4026/4026/4026
f 4029/4029/4029 4028/4028/4028 4027/4027/4027
f 4028/4028/4028 4029/4029/4029 4030/4030/4030
f 4033/4033/4033 4032/4032/4032 4031/4031/4031
f 4032/4032/4032 4033/4033/4033 4034/4034/4034
f 4037/4037/4037 4036/4036/4036 4035/4035/4035
f 4036/4036/4036 4037/4037/4037 4038/4038/4038
f 4041/4041/4041 4040/4040/4040 4039/4039/4039
f 4040/4040/4040 4041/4041/4041 4042/4042/4042
f 4045/4045/4045 4044/4044/4044 4043/4043/4043
f 4045/4045/4045 4046/4046/4046 4044/4044/4044
f 4049/4049/4049 4048/4048/4048 4047/4047/4047
f 4048/4048/4048 4049/4049/4049 4050/4050/4050
f 4053/4053/4053 4052/4052/4052 4051/4051/4051
f 4052/4052/4052 4053/4053/4053 4054/4054/4054
f 4057/4057/4057 4056/4056/4056 4055/4055/4055
f 4056/4056/4056 4057/4057/4057 4058/4058/4058
f 4061/4061/4061 4060/4060/4060 4059/4059/4059
f 4060/4060/4060 4061/4061/4061 4062/4062/4062
f 4065/4065/4065 4064/4064/4064 4063/4063/4063
f 4064/4064/4064 4065/4065/4065 4066/4066/4066
f 4069/4069/4069 4068/4068/4068 4067/4067/4067
f 4068/4068/4068 4069/4069/4069 4070/4070/4070
f 4073/4073/4073 4072/4072/4072 4071/4071/4071
f 4072/4072/4072 4073/4073/4073 4074/4074/4074
f 4077/4077/4077 4076/4076/4076 4075/4075/4075
f 4076/4076/4076 4077/4077/4077 4078/4078/4078
f 4081/4081/4081 4080/4080/4080 4079/4079/4079
f 4080/4080/4080 4081/4081/4081 4082/4082/4082
f 4085/4085/4085 4084/4084/4084 4083/4083/4083
f 4084/4084/4084 4085/4085/4085 4086/4086/4086
f 4089/4089/4089 4088/4088/4088 4087/4087/4087
f 4088/4088/4088 4089/4089/4089 4090/4090/4090
f 4093/4093/4093 4092/4092/4092 4091/4091/4091
f 4092/4092/4092 4093/4093/4093 4094/4094/4094
f 4097/4097/4097 4096/4096/4096 4095/4095/4095
f 4096/4096/4096 4097/4097/4097 4098/4098/4098
f 4101/4101/4101 4100/4100/4100 4099/4099/4099
f 4100/4100/4100 4101/4101/4101 4102/4102/4102
f 4105/4105/4105 4104/4104/4104 4103/4103/4103
f 4104/4104/4104 4105/4105/4105 4106/4106/4106
f 4109/4109/4109 4108/4108/4108 4107/4107/4107
f 4108/4108/4108 4109/4109/4109 4110/4110/4110
f 4113/4113/4113 4112/4112/4112 4111/4111/4111
f 4112/4112/4112 4113/4113/4113 4114/4114/4114
f 4117/4117/4117 4116/4116/4116 4115/4115/4115
f 4116/4116/4116 4117/4117/4117 4118/4118/4118
f 4121/4121/4121 4120/4120/4120 4119/4119/4119
f 4120/4120/4120 4121/4121/4121 4122/4122/4122
f 4125/4125/4125 4124/4124/4124 4123/4123/4123
f 4124/4124/4124 4125/4125/4125 4126/4126/4126
f 4129/4129/4129 4128/4128/4128 4127/4127/4127
f 4128/4128/4128 4129/4129/4129 4130/4130/4130
f 4133/4133/4133 4132/4132/4132 4131/4131/4131
f 4132/4132/4132 4133/4133/4133 4134/4134/4134
f 4137/4137/4137 4136/4136/4136 4135/4135/4135
f 4136/4136/4136 4137/4137/4137 4138/4138/4138
f 4141/4141/4141 4140/4140/4140 4139/4139/4139
f 4140/4140/4140 4141/4141/4141 4142/4142/4142
f 4145/4145/4145 4144/4144/4144 4143/4143/4143
f 4144/4144/4144 4145/4145/4145 4146/4146/4146
f 4149/4149/4149 4148/4148/4148 4147/4147/4147
f 4148/4148/4148 4149/4149/4149 4150/4150/4150
f 4153/4153/4153 4152/4152/4152 4151/4151/4151
f 4152/4152/4152 4153/4153/4153 4154/4154/4154
f 4157/4157/4157 4156/4156/4156 4155/4155/4155
f 4156/4156/4156 4157/4157/4157 4158/4158/4158
f 4161/4161/4161 4160/4160/4160 4159/4159/4159
f 4160/4160/4160 4161/4161/4161 4162/4162/4162
f 4165/4165/4165 4164/4164/4164 4163/4163/4163
f 4164/4164/4164 4165/4165/4165 4166/4166/4166
f 4169/4169/4169 4168/4168/4168 4167/4167/4167
f 4168/4168/4168 4169/4169/4169 4170/4170/4170
f 4173/4173/4173 4172/4172/4172 4171/4171/4171
f 4172/4172/4172 4173/4173/4173 4174/4174/4174
f 4177/4177/4177 4176/4176/4176 4175/4175/4175
f 4176/4176/4176 4177/4177/4177 4178/4178/4178
f 4181/4181/4181 4180/4180/4180 4179/4179/4179
f 4180/4180/4180 4181/4181/4181 4182/4182/4182
f 4185/4185/4185 4184/4184/4184 4183/4183/4183
f 4184/4184/4184 4185/4185/4185 4186/4186/4186
f 4189/4189/4189 4188/4188/4188 4187/4187/4187
f 4188/4188/4188 4189/4189/4189 4190/4190/4190
f 4193/4193/4193 4192/4192/4192 4191/4191/4191
f 4192/4192/4192 4193/4193/4193 4194/4194/4194
f 4197/4197/4197 4196/4196/4196 4195/4195/4195
f 4196/4196/4196 4197/4197/4197 4198/4198/4198
f 4201/4201/4201 4200/4200/4200 4199/4199/4199
f 4200/4200/4200 4201/4201/4201 4202/4202/4202
f 4205/4205/4205 4204/4204/4204 4203/4203/4203
f 4204/4204/4204 4205/4205/4205 4206/4206/4206
f 4209/4209/4209 4208/4208/4208 4207/4207/4207
f 4208/4208/4208 4209/4209/4209 4210/4210/4210
f 4213/4213/4213 4212/4212/4212 4211/4211/4211
f 4212/4212/4212 4213/4213/4213 4214/4214/4214
f 4217/4217/4217 4216/4216/4216 4215/4215/4215
f 4216/4216/4216 4217/4217/4217 4218/4218/4218
f 4221/4221/4221 4220/4220/4220 4219/4219/4219
f 4220/4220/4220 4221/4221/4221 4222/4222/4222
f 4225/4225/4225 4224/4224/4224 4223/4223/4223
f 4224/4224/4224 4225/4225/4225 4226/4226/4226
f 4229/4229/4229 4228/4228/4228 4227/4227/4227
f 4228/4228/4228 4229/4229/4229 4230/4230/4230
f 4233/4233/4233 4232/4232/4232 4231/4231/4231
f 4232/4232/4232 4233/4233/4233 4234/4234/4234
f 4237/4237/4237 4236/4236/4236 4235/4235/4235
f 4236/4236/4236 4237/4237/4237 4238/4238/4238
f 4241/4241/4241 4240/4240/4240 4239/4239/4239
f 4240/4240/4240 4241/4241/4241 4242/4242/4242
f 4245/4245/4245 4244/4244/4244 4243/4243/4243
f 4244/4244/4244 4245/4245/4245 4246/4246/4246
f 4249/4249/4249 4248/4248/4248 4247/4247/4247
f 4248/4248/4248 4249/4249/4249 4250/4250/4250
f 4253/4253/4253 4252/4252/4252 4251/4251/4251
f 4252/4252/4252 4253/4253/4253 4254/4254/4254
f 4257/4257/4257 4256/4256/4256 4255/4255/4255
f 4256/4256/4256 4257/4257/4257 4258/4258/4258
f 4261/4261/4261 4260/4260/4260 4259/4259/4259
f 4260/4260/4260 4261/4261/4261 4262/4262/4262
f 4265/4265/4265 4264/4264/4264 4263/4263/4263
f 4264/4264/4264 4265/4265/4265 4266/4266/4266
f 4269/4269/4269 4268/4268/4268 4267/4267/4267
f 4268/4268/4268 4269/4269/4269 4270/4270/4270
f 4273/4273/4273 4272/4272/4272 4271/4271/4271
f 4272/4272/4272 4273/4273/4273 4274/4274/4274
f 4277/4277/4277 4276/4276/4276 4275/4275/4275
f 4276/4276/4276 4277/4277/4277 4278/4278/4278
f 4281/4281/4281 4280/4280/4280 4279/4279/4279
f 4280/4280/4280 4281/4281/4281 4282/4282/4282
f 4285/4285/4285 4284/4284/4284 4283/4283/4283
f 4284/4284/4284 4285/4285/4285 4286/4286/4286
f 4289/4289/4289 4288/4288/4288 4287/4287/4287
f 4288/4288/4288 4289/4289/4289 4290/4290/4290
f 4293/4293/4293 4292/4292/4292 4291/4291/4291
f 4292/4292/4292 4293/4293/4293 4294/4294/4294
f 4297/4297/4297 4296/4296/4296 4295/4295/4295
f 4296/4296/4296 4297/4297/4297 4298/4298/4298
f 4301/4301/4301 4300/4300/4300 4299/4299/4299
f 4300/4300/4300 4301/4301/4301 4302/4302/4302
f 4305/4305/4305 4304/4304/4304 4303/4303/4303
f 4304/4304/4304 4305/4305/4305 4306/4306/4306
f 4309/4309/4309 4308/4308/4308 4307/4307/4307
f 4308/4308/4308 4309/4309/4309 4310/4310/4310
f 4313/4313/4313 4312/4312/4312 4311/4311/4311
f 4312/4312/4312 4313/4313/4313 4314/4314/4314
f 4317/4317/4317 4316/4316/4316 4315/4315/4315
f 4316/4316/4316 4317/4317/4317 4318/4318/4318
f 4321/4321/4321 4320/4320/4320 4319/4319/4319
f 4320/4320/4320 4321/4321/4321 4322/4322/4322
f 4325/4325/4325 4324/4324/4324 4323/4323/4323
f 4324/4324/4324 4325/4325/4325 4326/4326/4326
f 4329/4329/4329 4328/4328/4328 4327/4327/4327
f 4328/4328/4328 4329/4329/4329 4330/4330/4330
f 4333/4333/4333 4332/4332/4332 4331/4331/4331
f 4332/4332/4332 4333/4333/4333 4334/4334/4334
f 4337/4337/4337 4336/4336/4336 4335/4335/4335
f 4336/4336/4336 4337/4337/4337 4338/4338/4338
f 4341/4341/4341 4340/4340/4340 4339/4339/4339
f 4340/4340/4340 4341/4341/4341 4342/4342/4342
f 4345/4345/4345 4344/4344/4344 4343/4343/4343
f 4344/4344/4344 4345/4345/4345 4346/4346/4346
f 4349/4349/4349 4348/4348/4348 4347/4347/4347
f 4348/4348/4348 4349/4349/4349 4350/4350/4350
g A003_F002_3
f 4353/4353/4353 4352/4352/4352 4351/4351/4351
f 4352/4352/4352 4353/4353/4353 4354/4354/4354
f 4357/4357/4357 4356/4356/4356 4355/4355/4355
f 4356/4356/4356 4357/4357/4357 4358/4358/4358
f 4361/4361/4361 4360/4360/4360 4359/4359/4359
f 4360/4360/4360 4361/4361/4361 4362/4362/4362
f 4365/4365/4365 4364/4364/4364 4363/4363/4363
f 4364/4364/4364 4365/4365/4365 4366/4366/4366
f 4369/4369/4369 4368/4368/4368 4367/4367/4367
f 4368/4368/4368 4369/4369/4369 4370/4370/4370
f 4373/4373/4373 4372/4372/4372 4371/4371/4371
f 4372/4372/4372 4373/4373/4373 4374/4374/4374
f 4377/4377/4377 4376/4376/4376 4375/4375/4375
f 4376/4376/4376 4377/4377/4377 4378/4378/4378
f 4381/4381/4381 4380/4380/4380 4379/4379/4379
f 4380/4380/4380 4381/4381/4381 4382/4382/4382
f 4385/4385/4385 4384/4384/4384 4383/4383/4383
f 4384/4384/4384 4385/4385/4385 4386/4386/4386
f 4389/4389/4389 4388/4388/4388 4387/4387/4387
f 4388/4388/4388 4389/4389/4389 4390/4390/4390
f 4393/4393/4393 4392/4392/4392 4391/4391/4391
f 4392/4392/4392 4393/4393/4393 4394/4394/4394
f 4397/4397/4397 4396/4396/4396 4395/4395/4395
f 4396/4396/4396 4397/4397/4397 4398/4398/4398
f 4401/4401/4401 4400/4400/4400 4399/4399/4399
f 4400/4400/4400 4401/4401/4401 4402/4402/4402
f 4405/4405/4405 4404/4404/4404 4403/4403/4403
f 4404/4404/4404 4405/4405/4405 4406/4406/4406
f 4409/4409/4409 4408/4408/4408 4407/4407/4407
f 4408/4408/4408 4409/4409/4409 4410/4410/4410
f 4413/4413/4413 4412/4412/4412 4411/4411/4411
f 4412/4412/4412 4413/4413/4413 4414/4414/4414
f 4417/4417/4417 4416/4416/4416 4415/4415/4415
f 4416/4416/4416 4417/4417/4417 4418/4418/4418
f 4421/4421/4421 4420/4420/4420 4419/4419/4419
f 4420/4420/4420 4421/4421/4421 4422/4422/4422
f 4425/4425/4425 4424/4424/4424 4423/4423/4423
f 4424/4424/4424 4425/4425/4425 4426/4426/4426
f 4429/4429/4429 4428/4428/4428 4427/4427/4427
f 4428/4428/4428 4429/4429/4429 4430/4430/4430
f 4433/4433/4433 4432/4432/4432 4431/4431/4431
f 4432/4432/4432 4433/4433/4433 4434/4434/4434
f 4437/4437/4437 4436/4436/4436 4435/4435/4435
f 4436/4436/4436 4437/4437/4437 4438/4438/4438
f 4441/4441/4441 4440/4440/4440 4439/4439/4439
f 4440/4440/4440 4441/4441/4441 4442/4442/4442
f 4445/4445/4445 4444/4444/4444 4443/4443/4443
f 4444/4444/4444 4445/4445/4445 4446/4446/4446
f 4449/4449/4449 4448/4448/4448 4447/4447/4447
f 4448/4448/4448 4449/4449/4449 4450/4450/4450
f 4453/4453/4453 4452/4452/4452 4451/4451/4451
f 4452/4452/4452 4453/4453/4453 4454/4454/4454
f 4457/4457/4457 4456/4456/4456 4455/4455/4455
f 4456/4456/4456 4457/4457/4457 4458/4458/4458
f 4461/4461/4461 4460/4460/4460 4459/4459/4459
f 4460/4460/4460 4461/4461/4461 4462/4462/4462
f 4465/4465/4465 4464/4464/4464 4463/4463/4463
f 4464/4464/4464 4465/4465/4465 4466/4466/4466
f 4469/4469/4469 4468/4468/4468 4467/4467/4467
f 4468/4468/4468 4469/4469/4469 4470/4470/4470
f 4473/4473/4473 4472/4472/4472 4471/4471/4471
f 4472/4472/4472 4473/4473/4473 4474/4474/4474
f 4477/4477/4477 4476/4476/4476 4475/4475/4475
f 4476/4476/4476 4477/4477/4477 4478/4478/4478
f 4481/4481/4481 4480/4480/4480 4479/4479/4479
f 4480/4480/4480 4481/4481/4481 4482/4482/4482
