g A003_BF02
v 11.153321 3.932705 -1.0965061
v 11.15731 3.8241441 -0.9128452
v 10.953635 3.8219397 -1.092435
v 22.001047 3.9776123 -1.1925778
v 22.202223 3.8694983 -1.1956284
v 22.005032 3.8690515 -1.0089195
v 11.115951 3.8582776 -11.254648
v 10.9162445 3.747506 -11.250565
v 11.113423 3.74796 -11.437286
v 21.963678 3.9031858 -11.350721
v 21.961145 3.7928674 -11.533362
v 22.164831 3.7950695 -11.353768
v 20.073338 4.7061095 1.1649355
v 19.92793 4.596664 1.6087735
v 19.736267 4.5966673 1.4163955
v 25.232843 4.7061095 1.4105606
v 25.545858 4.596664 1.6926992
v 25.337029 4.596664 1.8662783
v 20.570604 4.7061386 -9.865636
v 20.257565 4.5966883 -10.147777
v 20.466408 4.596693 -10.321363
v 25.73011 4.7061377 -9.620014
v 25.875498 4.596693 -10.063864
v 26.067165 4.596687 -9.871477
v 0.5421695 4.5993237 -1.9285525
v 0.4414517 4.4568834 -1.7469629
v 0.26482818 4.4568872 -1.8340515
v 14.071578 4.5993247 -1.9322671
v 14.35857 4.456885 -1.8646814
v 14.200753 4.456885 -1.7632544
v 0.7146222 4.5993333 -8.245029
v 0.42763212 4.4568906 -8.312621
v 0.5854288 4.456897 -8.414039
v 14.24405 4.5993333 -8.2487545
v 14.344741 4.456897 -8.430341
v 14.521377 4.4568934 -8.343248
v 34.052376 2.2622724 -7.479688
v 34.260643 2.0980542 -7.431454
v 34.18204 2.0980518 -7.309275
v 28.708565 2.2622693 -6.318758
v 28.665276 2.0980492 -6.1103363
v 28.543095 2.0980492 -6.1889443
v 32.98789 2.262285 -12.558079
v 33.031162 2.0980651 -12.766505
v 33.153355 2.0980604 -12.687901
v 27.64407 2.2622838 -11.397154
v 27.435795 2.098064 -11.445389
v 27.514408 2.0980663 -11.5675745
v 37.373802 1.4031738 -4.1690083
v 37.57249 1.3696679 -4.0181656
v 37.460392 1.3863842 -3.881298
v 31.63442 1.4382616 -2.9902534
v 31.626875 1.3803003 -2.688259
v 31.490004 1.3482788 -2.8003523
v 36.42937 1.4306439 -8.579754
v 36.437225 1.325185 -8.880127
v 36.574104 1.3572063 -8.768036
v 30.68998 1.4304724 -7.4010077
v 30.491615 1.3417615 -7.550224
v 30.603727 1.3250402 -7.687095
v 37.473186 1.1332787 -3.75465
v 37.460392 1.3863842 -3.881298
v 37.697395 1.1307495 -4.0283904
v 37.57249 1.3696679 -4.0181656
v 37.697395 1.1307495 -4.0283904
v 37.460392 1.3863842 -3.881298
v 31.365936 1.1293774 -2.7858028
v 31.490004 1.3482788 -2.8003523
v 31.639675 1.1324146 -2.5616055
v 31.626875 1.3803003 -2.688259
v 31.639675 1.1324146 -2.5616055
v 31.490004 1.3482788 -2.8003523
v 36.699005 1.092597 -8.778253
v 36.574104 1.3572063 -8.768036
v 36.42526 1.0895623 -9.002441
v 36.437225 1.325185 -8.880127
v 36.42526 1.0895623 -9.002441
v 36.574104 1.3572063 -8.768036
v 30.591757 1.0887146 -7.809408
v 30.603727 1.3250402 -7.687095
v 30.367533 1.0912415 -7.535673
v 30.491615 1.3417615 -7.550224
v 30.367533 1.0912415 -7.535673
v 30.603727 1.3250402 -7.687095
v 31.626875 1.3803003 -2.688259
v 31.63442 1.4382616 -2.9902534
v 37.460392 1.3863842 -3.881298
v 37.373802 1.4031738 -4.1690083
v 37.460392 1.3863842 -3.881298
v 31.63442 1.4382616 -2.9902534
v 37.57249 1.3696679 -4.0181656
v 37.373802 1.4031738 -4.1690083
v 36.42937 1.4306439 -8.579754
v 30.367533 1.0912415 -7.535673
v 30.491615 1.3417615 -7.550224
v 31.365936 1.1293774 -2.7858028
v 31.490004 1.3482788 -2.8003523
v 31.365936 1.1293774 -2.7858028
v 30.491615 1.3417615 -7.550224
v 37.57249 1.3696679 -4.0181656
v 36.42937 1.4306439 -8.579754
v 36.574104 1.3572063 -8.768036
v 36.013107 3.8804576 -1.755195
v 36.283188 3.838523 -1.5985605
v 36.165115 3.8594444 -1.4112496
v 24.611427 3.9243712 1.8318838
v 24.64873 3.8518298 2.2081192
v 24.461418 3.8117528 2.0900576
v 33.569786 3.9148462 -8.709479
v 33.533123 3.7828588 -9.083749
v 33.720444 3.8229358 -8.965689
v 22.168093 3.9146276 -5.122411
v 21.898668 3.8036034 -5.2770762
v 22.016754 3.7826757 -5.464393
v 36.200577 3.5426695 -1.2559335
v 36.165115 3.8594444 -1.4112496
v 36.43674 3.5395043 -1.6305624
v 36.283188 3.838523 -1.5985605
v 36.43674 3.5395043 -1.6305624
v 36.165115 3.8594444 -1.4112496
v 24.309578 3.5377867 2.1273038
v 24.461418 3.8117528 2.0900576
v 24.6842 3.541588 2.3634415
v 24.64873 3.8518298 2.2081192
v 24.6842 3.541588 2.3634415
v 24.461418 3.8117528 2.0900576
v 33.87399 3.4917638 -8.997681
v 33.720444 3.8229358 -8.965689
v 33.499355 3.4879663 -9.23381
v 33.533123 3.7828588 -9.083749
v 33.499355 3.4879663 -9.23381
v 33.720444 3.8229358 -8.965689
v 21.982985 3.486903 -5.614453
v 22.016754 3.7826757 -5.464393
v 21.74681 3.4900646 -5.2398276
v 21.898668 3.8036034 -5.2770762
v 21.74681 3.4900646 -5.2398276
v 22.016754 3.7826757 -5.464393
v 24.64873 3.8518298 2.2081192
v 24.611427 3.9243712 1.8318838
v 36.165115 3.8594444 -1.4112496
v 36.013107 3.8804576 -1.755195
v 36.165115 3.8594444 -1.4112496
v 24.611427 3.9243712 1.8318838
v 36.283188 3.838523 -1.5985605
v 36.013107 3.8804576 -1.755195
v 33.569786 3.9148462 -8.709479
v 21.74681 3.4900646 -5.2398276
v 21.898668 3.8036034 -5.2770762
v 24.309578 3.5377867 2.1273038
v 24.461418 3.8117528 2.0900576
v 24.309578 3.5377867 2.1273038
v 21.898668 3.8036034 -5.2770762
v 36.283188 3.838523 -1.5985605
v 33.569786 3.9148462 -8.709479
v 33.720444 3.8229358 -8.965689
v 26.04027 0.6565893 -11.272025
v 26.213293 0.612854 -11.289491
v 26.185524 0.61285645 -11.216266
v 22.370247 0.6565942 -19.573368
v 22.424831 0.6128638 -19.719078
v 22.498064 0.61286134 -19.691301
v 14.881638 0.65660644 -6.3011036
v 14.82705 0.5507959 -6.155398
v 14.753824 0.55079836 -6.1831713
v 11.337589 0.6566089 -14.651382
v 11.164557 0.58762693 -14.633907
v 11.192331 0.58762693 -14.70714
v 11.192331 0.58762693 -14.70714
v 22.424831 0.6128638 -19.719078
v 11.337589 0.6566089 -14.651382
v 22.370247 0.6565942 -19.573368
v 11.337589 0.6566089 -14.651382
v 22.424831 0.6128638 -19.719078
v 14.753824 0.55079836 -6.1831713
v 11.164557 0.58762693 -14.633907
v 14.881638 0.65660644 -6.3011036
v 11.337589 0.6566089 -14.651382
v 14.881638 0.65660644 -6.3011036
v 11.164557 0.58762693 -14.633907
v 26.185524 0.61285645 -11.216266
v 14.82705 0.5507959 -6.155398
v 26.04027 0.6565893 -11.272025
v 14.881638 0.65660644 -6.3011036
v 26.04027 0.6565893 -11.272025
v 14.82705 0.5507959 -6.155398
v 14.70332 0.470271 -6.1604443
v 11.114057 0.47027344 -14.611177
v 14.753824 0.55079836 -6.1831713
v 11.164557 0.58762693 -14.633907
v 14.753824 0.55079836 -6.1831713
v 11.114057 0.47027344 -14.611177
v 26.208254 0.49550292 -11.16576
v 14.849782 0.470271 -6.1048975
v 26.185524 0.61285645 -11.216266
v 14.82705 0.5507959 -6.155398
v 26.185524 0.61285645 -11.216266
v 14.849782 0.470271 -6.1048975
v 25.731619 -2.1706324 -6.5257163
v 25.978527 -2.2833495 -6.243525
v 25.854773 -2.286665 -6.1410217
v 17.756376 -2.1801293 -6.7794504
v 17.574465 -2.3012621 -6.42197
v 17.471949 -2.3017163 -6.5457544
v 26.073751 -2.0598047 -13.530965
v 26.259914 -2.1664941 -13.896144
v 26.362438 -2.16604 -13.772359
v 18.098497 -2.0692894 -13.784708
v 17.855852 -2.1843994 -14.074589
v 17.979612 -2.1810815 -14.177089
v 2.8125658 3.0664086 8.156495
v 2.8048766 2.978347 8.317602
v 2.65146 2.9783494 8.1488
v 13.326941 3.066411 8.463721
v 13.488061 2.9783494 8.471418
v 13.319248 2.9783494 8.624839
v 3.5578814 3.0664465 -13.139026
v 3.3967524 2.978385 -13.146721
v 3.5655596 2.9783897 -13.300146
v 14.072253 3.0664477 -12.831797
v 14.079929 2.9783885 -12.992916
v 14.233359 2.9783838 -12.824105
v 20.095488 0.25528687 -9.251642
v 19.838335 0.12382446 -8.441012
v 19.705317 0.1238269 -8.587026
v 29.147455 0.25528687 -8.8305435
v 29.474228 0.12382385 -8.132563
v 29.328205 0.12382263 -7.9995403
v 20.936447 0.2553082 -25.313158
v 20.609673 0.12384582 -25.508911
v 20.755695 0.12384827 -25.641943
v 29.988413 0.2553082 -24.89205
v 30.245544 0.12384827 -25.200478
v 30.37857 0.1238446 -25.054457
v 31.977629 1.3265759 -6.580728
v 32.1387 1.2930682 -6.3902335
v 31.999481 1.3097845 -6.281066
v 24.746027 1.3616638 -6.6802425
v 24.672892 1.3037024 -6.387142
v 24.56372 1.2716808 -6.5263524
v 32.41903 1.4577222 -15.447681
v 32.50486 1.3522632 -15.735638
v 32.60781 1.3842846 -15.591763
v 25.19746 1.4575512 -15.804706
v 25.044813 1.3688403 -16.000444
v 25.188713 1.3521191 -16.103384
v 31.984385 1.0566796 -6.1546707
v 31.999481 1.3097845 -6.281066
v 32.262833 1.0541497 -6.3730097
v 32.1387 1.2930682 -6.3902335
v 32.262833 1.0541497 -6.3730097
v 31.999481 1.3097845 -6.281066
v 24.43946 1.0527796 -6.5391717
v 24.56372 1.2716808 -6.5263524
v 24.6578 1.0558167 -6.2607403
v 24.672892 1.3037024 -6.387142
v 24.6578 1.0558167 -6.2607403
v 24.56372 1.2716808 -6.5263524
v 32.731064 1.1196753 -15.569089
v 32.60781 1.3842846 -15.591763
v 32.52517 1.1166406 -15.856848
v 32.50486 1.3522632 -15.735638
v 32.52517 1.1166406 -15.856848
v 32.60781 1.3842846 -15.591763
v 25.209015 1.1157935 -16.224592
v 25.188713 1.3521191 -16.103384
v 24.921225 1.1183203 -16.018717
v 25.044813 1.3688403 -16.000444
v 24.921225 1.1183203 -16.018717
v 25.188713 1.3521191 -16.103384
v 24.672892 1.3037024 -6.387142
v 24.746027 1.3616638 -6.6802425
v 31.999481 1.3097845 -6.281066
v 31.977629 1.3265759 -6.580728
v 31.999481 1.3097845 -6.281066
v 24.746027 1.3616638 -6.6802425
v 32.1387 1.2930682 -6.3902335
v 31.977629 1.3265759 -6.580728
v 32.41903 1.4577222 -15.447681
v 24.921225 1.1183203 -16.018717
v 25.044813 1.3688403 -16.000444
v 24.43946 1.0527796 -6.5391717
v 24.56372 1.2716808 -6.5263524
v 24.43946 1.0527796 -6.5391717
v 25.044813 1.3688403 -16.000444
v 32.1387 1.2930682 -6.3902335
v 32.41903 1.4577222 -15.447681
v 32.60781 1.3842846 -15.591763
v 29.844255 0.31536254 0.5716697
v 29.673525 0.08353363 0.84551823
v 29.543488 0.07815826 0.67574775
v 36.993374 0.352041 1.3842632
v 37.250885 0.11530029 1.5631697
v 37.081028 0.12044067 1.693119
v 30.796055 0.049743958 -7.0043015
v 30.536713 -0.19684021 -7.166506
v 30.706589 -0.20197448 -7.2964463
v 37.94519 0.08641876 -6.191723
v 38.114082 -0.16506408 -6.4488645
v 38.24412 -0.1596881 -6.2790856
v 30.203825 -1.023175 -2.898026
v 30.147692 -1.0429138 -2.5492804
v 29.995766 -1.0625683 -2.6913216
v 43.012684 -0.9819302 -2.1658487
v 43.210545 -1.0877194 -1.9670334
v 43.068485 -1.0500696 -1.8151114
v 30.757902 -0.9908697 -8.996195
v 30.559937 -1.0772089 -9.193078
v 30.702 -1.1148541 -9.344996
v 43.566788 -0.99107665 -8.264034
v 43.622772 -1.115022 -8.610832
v 43.774727 -1.0953698 -8.468782
v 30.152496 -1.3404797 -2.3997083
v 29.84861 -1.3434513 -2.6837976
v 30.147692 -1.0429138 -2.5492804
v 29.995766 -1.0625683 -2.6913216
v 30.147692 -1.0429138 -2.5492804
v 29.84861 -1.3434513 -2.6837976
v 43.357372 -1.3450717 -1.9693832
v 43.07329 -1.3414972 -1.665524
v 43.210545 -1.0877194 -1.9670334
v 43.068485 -1.0500696 -1.8151114
v 43.210545 -1.0877194 -1.9670334
v 43.07329 -1.3414972 -1.665524
v 30.412802 -1.3882922 -9.185544
v 30.6969 -1.3918618 -9.489389
v 30.559937 -1.0772089 -9.193078
v 30.702 -1.1148541 -9.344996
v 30.559937 -1.0772089 -9.193078
v 30.6969 -1.3918618 -9.489389
v 43.617695 -1.39286 -8.755223
v 43.921593 -1.3898901 -8.471144
v 43.622772 -1.115022 -8.610832
v 43.774727 -1.0953698 -8.468782
v 43.622772 -1.115022 -8.610832
v 43.921593 -1.3898901 -8.471144
v 43.068485 -1.0500696 -1.8151114
v 30.147692 -1.0429138 -2.5492804
v 43.012684 -0.9819302 -2.1658487
v 30.203825 -1.023175 -2.898026
v 43.012684 -0.9819302 -2.1658487
v 30.147692 -1.0429138 -2.5492804
v 29.995766 -1.0625683 -2.6913216
v 30.757902 -0.9908697 -8.996195
v 30.203825 -1.023175 -2.898026
v 43.921593 -1.3898901 -8.471144
v 43.357372 -1.3450717 -1.9693832
v 43.774727 -1.0953698 -8.468782
v 43.210545 -1.0877194 -1.9670334
v 43.774727 -1.0953698 -8.468782
v 43.357372 -1.3450717 -1.9693832
v 29.995766 -1.0625683 -2.6913216
v 30.559937 -1.0772089 -9.193078
v 30.757902 -0.9908697 -8.996195
v 32.517097 -0.7627441 -9.375747
v 32.73114 -1.0444573 -9.146851
v 32.55189 -1.0445361 -8.927592
v 33.74753 -0.76808774 -15.561203
v 33.960026 -1.0469916 -15.961719
v 34.03615 -1.0469824 -15.701904
v 26.562824 -0.7787738 -10.311532
v 26.320198 -1.0499179 -9.933092
v 26.268156 -1.0499176 -10.198729
v 28.009481 -0.7758621 -16.81482
v 27.778776 -1.0487741 -17.023994
v 27.93723 -1.0487006 -17.258753
v 26.268156 -1.0499176 -10.198729
v 27.778776 -1.0487741 -17.023994
v 26.562824 -0.7787738 -10.311532
v 28.009481 -0.7758621 -16.81482
v 26.562824 -0.7787738 -10.311532
v 27.778776 -1.0487741 -17.023994
v 34.15572 -1.2276837 -15.689869
v 32.85182 -1.2548267 -9.124669
v 34.03615 -1.0469824 -15.701904
v 32.73114 -1.0444573 -9.146851
v 34.03615 -1.0469824 -15.701904
v 32.85182 -1.2548267 -9.124669
v 27.980724 -1.2834479 -17.506464
v 34.0035 -1.228248 -16.209423
v 27.93723 -1.0487006 -17.258753
v 26.154842 -1.4987885 -10.222368
v 27.663801 -1.2881912 -17.036943
v 26.268156 -1.0499176 -10.198729
v 27.778776 -1.0487741 -17.023994
v 26.268156 -1.0499176 -10.198729
v 27.663801 -1.2881912 -17.036943
v 32.49333 -1.2599841 -8.686095
v 26.258919 -1.4988049 -9.691082
v 32.55189 -1.0445361 -8.927592
v 26.320198 -1.0499179 -9.933092
v 32.55189 -1.0445361 -8.927592
v 26.258919 -1.4988049 -9.691082
v 32.616993 0.17714904 -8.041486
v 32.612156 0.07123627 -7.892432
v 32.503723 0.066743776 -7.9661517
v 36.146446 0.18091308 -8.71479
v 36.30157 0.07118469 -8.690468
v 36.227726 0.075217895 -8.582103
v 31.442549 0.10709473 -13.890293
v 31.312767 -0.0073782345 -13.901794
v 31.386614 -0.011411438 -14.010163
v 34.971992 0.11085937 -14.563599
v 35.002182 -0.0074298093 -14.699839
v 35.110615 -0.0029370117 -14.626113
v 9.595866 0.8424078 -15.255433
v 9.5563545 0.7280127 -15.161866
v 9.502284 0.72801876 -15.294959
v 14.1054 0.8424139 -13.369969
v 14.198975 0.72801876 -13.33042
v 14.065883 0.72801876 -13.276393
v 11.403447 0.8424243 -19.738468
v 11.309864 0.72802246 -19.778008
v 11.4429455 0.72802246 -19.832045
v 15.792953 0.8424255 -17.852936
v 15.832457 0.7280243 -17.946514
v 15.886494 0.7280243 -17.813417
v 25.08524 0.41509703 -17.215887
v 25.101786 0.31625915 -17.129707
v 24.999037 0.3162628 -17.199345
v 29.229757 0.41510192 -18.026873
v 29.315958 0.31626403 -18.043394
v 29.246305 0.31626403 -17.940685
v 24.231031 0.4151117 -21.30398
v 24.144827 0.3162683 -21.287445
v 24.214474 0.3162683 -21.390156
v 28.289362 0.4151123 -22.05728
v 28.272814 0.3162683 -22.143461
v 28.375528 0.3162683 -22.073812
v 8.520003 0.6044165 -18.626219
v 8.417045 0.33291382 -18.460775
v 8.218685 0.3329187 -18.57215
v 13.4897 0.6044165 -18.401072
v 13.780267 0.33291504 -18.299812
v 13.577308 0.33291626 -18.221748
v 8.824203 0.6044287 -25.197994
v 8.533636 0.3329236 -25.299269
v 8.736576 0.3329309 -25.37733
v 13.793929 0.6044281 -24.972858
v 13.896839 0.3329303 -25.138308
v 14.095228 0.332926 -25.026926
v 4.793115 -0.28456512 -26.08262
v 4.6796484 -0.44865233 -26.08069
v 4.791328 -0.44864714 -26.212893
v 4.7799215 -0.28457886 -21.859179
v 4.7817283 -0.44866455 -21.7289
v 4.6664352 -0.44866332 -21.85724
v 12.012568 -0.28456298 -25.898827
v 12.010771 -0.4486502 -26.029097
v 12.126044 -0.448645 -25.900776
v 11.999374 -0.2845688 -21.675371
v 12.112861 -0.44864714 -21.677317
v 12.001152 -0.44865447 -21.545107
v 0.79418427 -0.0017871093 -26.697561
v 0.6806936 -0.16587402 -26.696367
v 0.7932525 -0.16586913 -26.827843
v 0.7512936 -0.0018005371 -23.837833
v 0.7522455 -0.16588654 -23.707544
v 0.6377939 -0.165885 -23.836634
v 5.617932 -0.0017852783 -26.579872
v 5.6170006 -0.16587189 -26.710152
v 5.7314515 -0.1658673 -26.581085
v 5.5750427 -0.0017907715 -23.720123
v 5.6885324 -0.16586913 -23.721334
v 5.5759645 -0.16587676 -23.589853
v 4.193752 -1.0903851 -27.04065
v 4.0804315 -1.2544717 -27.046932
v 4.2013984 -1.2544665 -27.170708
v 3.8750212 -1.0904003 -22.829227
v 3.8673942 -1.2544861 -22.69916
v 3.7617009 -1.2544849 -22.835503
v 8.593957 -1.0903827 -26.712822
v 8.6016035 -1.2544689 -26.84288
v 8.707296 -1.254464 -26.706556
v 8.275246 -1.0903897 -22.501387
v 8.388576 -1.2544683 -22.495117
v 8.267599 -1.2544763 -22.371332
v 13.032617 -0.28456482 -25.79554
v 12.919121 -0.44865203 -25.795761
v 13.0333 -0.44864714 -25.92582
v 12.939209 -0.28457853 -21.573107
v 12.938535 -0.44866455 -21.44282
v 12.825703 -0.44866303 -21.573328
v 17.825762 -0.28456327 -25.47467
v 17.826454 -0.4486502 -25.60495
v 17.939268 -0.44864532 -25.474463
v 17.732372 -0.28456908 -21.252224
v 17.84587 -0.44864744 -21.252016
v 17.73168 -0.44865477 -21.12195
v 0.21424316 0.37351438 1.7617764
v 0.09899048 0.2165576 1.9189078
v -0.09031616 0.21656005 1.7927554
v 20.363415 0.3735138 2.4652908
v 20.645433 0.21655822 2.5883756
v 20.437124 0.21655822 2.6507633
v 1.2984753 0.2811157 -25.237139
v 1.016466 0.124160156 -25.360237
v 1.2247503 0.12416259 -25.422628
v 21.44767 0.37352782 -24.533632
v 21.56288 0.2165747 -24.690765
v 21.752222 0.21657225 -24.564611
v 20.437124 0.21655822 2.6507633
v 0.09899048 0.2165576 1.9189078
v 20.363415 0.3735138 2.4652908
v 0.21424316 0.37351438 1.7617764
v 20.363415 0.3735138 2.4652908
v 0.09899048 0.2165576 1.9189078
v 1.2247503 0.12416259 -25.422628
v 21.56288 0.2165747 -24.690765
v 1.2984753 0.2811157 -25.237139
v 21.44767 0.37352782 -24.533632
v 1.2984753 0.2811157 -25.237139
v 21.56288 0.2165747 -24.690765
v -0.28914672 0.026449889 1.7608694
v 0.81764954 -0.08994263 -25.392124
v -0.09031616 0.21656005 1.7927554
v 1.016466 0.124160156 -25.360237
v -0.09031616 0.21656005 1.7927554
v 0.81764954 -0.08994263 -25.392124
v 11.162502 3.5335424 -0.7283176
v 10.755151 3.5291271 -1.0875046
v 11.15731 3.8241441 -0.9128452
v 10.953635 3.8219397 -1.092435
v 22.404602 3.5793457 -1.197833
v 22.010246 3.5784483 -0.82439303
v 22.202223 3.8694983 -1.1956284
v 22.005032 3.8690515 -1.0089195
v 10.717766 3.4546971 -11.245645
v 11.112127 3.4555943 -11.619073
v 10.9162445 3.747506 -11.250565
v 11.113423 3.74796 -11.437286
v 21.95985 3.5005004 -11.715142
v 22.367214 3.504917 -11.3559675
v 21.961145 3.7928674 -11.533362
v 22.164831 3.7950695 -11.353768
v 22.005032 3.8690515 -1.0089195
v 11.15731 3.8241441 -0.9128452
v 22.001047 3.9776123 -1.1925778
v 11.153321 3.932705 -1.0965061
v 22.164831 3.7950695 -11.353768
v 22.202223 3.8694983 -1.1956284
v 21.963678 3.9031858 -11.350721
v 22.001047 3.9776123 -1.1925778
v 11.113423 3.74796 -11.437286
v 21.961145 3.7928674 -11.533362
v 11.115951 3.8582776 -11.254648
v 21.963678 3.9031858 -11.350721
v 10.953635 3.8219397 -1.092435
v 10.9162445 3.747506 -11.250565
v 11.153321 3.932705 -1.0965061
v 11.115951 3.8582776 -11.254648
v 22.010246 3.5784483 -0.82439303
v 11.162502 3.5335424 -0.7283176
v 22.005032 3.8690515 -1.0089195
v 11.15731 3.8241441 -0.9128452
v 22.367214 3.504917 -11.3559675
v 22.404602 3.5793457 -1.197833
v 22.164831 3.7950695 -11.353768
v 22.202223 3.8694983 -1.1956284
v 11.112127 3.4555943 -11.619073
v 21.95985 3.5005004 -11.715142
v 11.113423 3.74796 -11.437286
v 21.961145 3.7928674 -11.533362
v 10.755151 3.5291271 -1.0875046
v 10.717766 3.4546971 -11.245645
v 10.953635 3.8219397 -1.092435
v 10.9162445 3.747506 -11.250565
v 19.919338 4.305172 1.7917618
v 19.536022 4.305172 1.407001
v 19.92793 4.596664 1.6087735
v 19.736267 4.5966673 1.4163955
v 25.746105 4.305171 1.7020841
v 25.328459 4.3051734 2.0492716
v 25.545858 4.596664 1.6926992
v 25.337029 4.596664 1.8662783
v 20.057325 4.3051963 -10.157174
v 20.47499 4.3051963 -10.504347
v 20.257565 4.5966883 -10.147777
v 20.466408 4.596693 -10.321363
v 25.88408 4.3051987 -10.24684
v 26.267412 4.3051963 -9.862091
v 25.875498 4.596693 -10.063864
v 26.067165 4.596687 -9.871477
v 25.337029 4.596664 1.8662783
v 19.92793 4.596664 1.6087735
v 25.232843 4.7061095 1.4105606
v 20.073338 4.7061095 1.1649355
v 26.067165 4.596687 -9.871477
v 25.545858 4.596664 1.6926992
v 25.73011 4.7061377 -9.620014
v 25.232843 4.7061095 1.4105606
v 20.466408 4.596693 -10.321363
v 25.875498 4.596693 -10.063864
v 20.570604 4.7061386 -9.865636
v 25.73011 4.7061377 -9.620014
v 19.736267 4.5966673 1.4163955
v 20.257565 4.5966883 -10.147777
v 20.073338 4.7061095 1.1649355
v 20.570604 4.7061386 -9.865636
v 25.328459 4.3051734 2.0492716
v 19.919338 4.305172 1.7917618
v 25.337029 4.596664 1.8662783
v 19.92793 4.596664 1.6087735
v 26.267412 4.3051963 -9.862091
v 25.746105 4.305171 1.7020841
v 26.067165 4.596687 -9.871477
v 25.545858 4.596664 1.6926992
v 20.47499 4.3051963 -10.504347
v 25.88408 4.3051987 -10.24684
v 20.466408 4.596693 -10.321363
v 25.875498 4.596693 -10.063864
v 19.536022 4.305172 1.407001
v 20.057325 4.3051963 -10.157174
v 19.736267 4.5966673 1.4163955
v 20.257565 4.5966883 -10.147777
v 0.4508609 4.211831 -1.6526941
v 0.0975943 4.211831 -1.8268859
v 0.4414517 4.4568834 -1.7469629
v 0.26482818 4.4568872 -1.8340515
v 14.525772 4.211831 -1.871853
v 14.210167 4.211831 -1.6689941
v 14.35857 4.456885 -1.8646814
v 14.200753 4.456885 -1.7632544
v 0.26040313 4.2118373 -8.305454
v 0.57601833 4.2118373 -8.508301
v 0.42763212 4.4568906 -8.312621
v 0.5854288 4.456897 -8.414039
v 14.335315 4.2118382 -8.524599
v 14.688583 4.2118382 -8.350415
v 14.344741 4.456897 -8.430341
v 14.521377 4.4568934 -8.343248
v 14.200753 4.456885 -1.7632544
v 0.4414517 4.4568834 -1.7469629
v 14.071578 4.5993247 -1.9322671
v 0.5421695 4.5993237 -1.9285525
v 14.521377 4.4568934 -8.343248
v 14.35857 4.456885 -1.8646814
v 14.24405 4.5993333 -8.2487545
v 14.071578 4.5993247 -1.9322671
v 0.5854288 4.456897 -8.414039
v 14.344741 4.456897 -8.430341
v 0.7146222 4.5993333 -8.245029
v 14.24405 4.5993333 -8.2487545
v 0.26482818 4.4568872 -1.8340515
v 0.42763212 4.4568906 -8.312621
v 0.5421695 4.5993237 -1.9285525
v 0.7146222 4.5993333 -8.245029
v 14.210167 4.211831 -1.6689941
v 0.4508609 4.211831 -1.6526941
v 14.200753 4.456885 -1.7632544
v 0.4414517 4.4568834 -1.7469629
v 14.688583 4.2118382 -8.350415
v 14.525772 4.211831 -1.871853
v 14.521377 4.4568934 -8.343248
v 14.35857 4.456885 -1.8646814
v 0.57601833 4.2118373 -8.508301
v 14.335315 4.2118382 -8.524599
v 0.5854288 4.456897 -8.414039
v 14.344741 4.456897 -8.430341
v 0.0975943 4.211831 -1.8268859
v 0.26040313 4.2118373 -8.305454
v 0.26482818 4.4568872 -1.8340515
v 0.42763212 4.4568906 -8.312621
v 34.20382 1.8730066 -7.208871
v 34.18204 2.0980518 -7.309275
v 34.361046 1.8730066 -7.453242
v 34.260643 2.0980542 -7.431454
v 28.4427 1.8730041 -6.1671677
v 28.543095 2.0980492 -6.1889443
v 28.687063 1.8730041 -6.009938
v 28.665276 2.0980492 -6.1103363
v 33.25374 1.8730187 -12.709682
v 33.153355 2.0980604 -12.687901
v 33.00939 1.8730187 -12.866904
v 33.031162 2.0980651 -12.766505
v 27.492628 1.8730187 -11.66797
v 27.514408 2.0980663 -11.5675745
v 27.335396 1.8730187 -11.423604
v 27.435795 2.098064 -11.445389
v 28.665276 2.0980492 -6.1103363
v 28.708565 2.2622693 -6.318758
v 34.18204 2.0980518 -7.309275
v 34.052376 2.2622724 -7.479688
v 27.435795 2.098064 -11.445389
v 27.64407 2.2622838 -11.397154
v 28.543095 2.0980492 -6.1889443
v 28.708565 2.2622693 -6.318758
v 33.031162 2.0980651 -12.766505
v 32.98789 2.262285 -12.558079
v 27.514408 2.0980663 -11.5675745
v 27.64407 2.2622838 -11.397154
v 34.260643 2.0980542 -7.431454
v 34.052376 2.2622724 -7.479688
v 33.153355 2.0980604 -12.687901
v 32.98789 2.262285 -12.558079
v 28.687063 1.8730041 -6.009938
v 28.665276 2.0980492 -6.1103363
v 34.20382 1.8730066 -7.208871
v 34.18204 2.0980518 -7.309275
v 27.335396 1.8730187 -11.423604
v 27.435795 2.098064 -11.445389
v 28.4427 1.8730041 -6.1671677
v 28.543095 2.0980492 -6.1889443
v 33.00939 1.8730187 -12.866904
v 33.031162 2.0980651 -12.766505
v 27.492628 1.8730187 -11.66797
v 27.514408 2.0980663 -11.5675745
v 34.361046 1.8730066 -7.453242
v 34.260643 2.0980542 -7.431454
v 33.25374 1.8730187 -12.709682
v 33.153355 2.0980604 -12.687901
v 30.491615 1.3417615 -7.550224
v 30.68998 1.4304724 -7.4010077
v 31.490004 1.3482788 -2.8003523
v 31.63442 1.4382616 -2.9902534
v 36.437225 1.325185 -8.880127
v 36.42937 1.4306439 -8.579754
v 30.603727 1.3250402 -7.687095
v 30.68998 1.4304724 -7.4010077
v 31.639675 1.1324146 -2.5616055
v 31.626875 1.3803003 -2.688259
v 37.473186 1.1332787 -3.75465
v 37.460392 1.3863842 -3.881298
v 36.42526 1.0895623 -9.002441
v 36.437225 1.325185 -8.880127
v 30.591757 1.0887146 -7.809408
v 30.603727 1.3250402 -7.687095
v 37.697395 1.1307495 -4.0283904
v 37.57249 1.3696679 -4.0181656
v 36.699005 1.092597 -8.778253
v 36.574104 1.3572063 -8.768036
v 21.898668 3.8036034 -5.2770762
v 22.168093 3.9146276 -5.122411
v 24.461418 3.8117528 2.0900576
v 24.611427 3.9243712 1.8318838
v 33.533123 3.7828588 -9.083749
v 33.569786 3.9148462 -8.709479
v 22.016754 3.7826757 -5.464393
v 22.168093 3.9146276 -5.122411
v 24.6842 3.541588 2.3634415
v 24.64873 3.8518298 2.2081192
v 36.200577 3.5426695 -1.2559335
v 36.165115 3.8594444 -1.4112496
v 33.499355 3.4879663 -9.23381
v 33.533123 3.7828588 -9.083749
v 21.982985 3.486903 -5.614453
v 22.016754 3.7826757 -5.464393
v 36.43674 3.5395043 -1.6305624
v 36.283188 3.838523 -1.5985605
v 33.87399 3.4917638 -8.997681
v 33.720444 3.8229358 -8.965689
v 26.263805 0.49550292 -11.3122225
v 26.208254 0.49550292 -11.16576
v 26.213293 0.612854 -11.289491
v 26.185524 0.61285645 -11.216266
v 22.402102 0.4955078 -19.769575
v 22.548567 0.4955078 -19.714033
v 22.424831 0.6128638 -19.719078
v 22.498064 0.61286134 -19.691301
v 14.849782 0.470271 -6.1048975
v 14.70332 0.470271 -6.1604443
v 14.82705 0.5507959 -6.155398
v 14.753824 0.55079836 -6.1831713
v 11.114057 0.47027344 -14.611177
v 11.169603 0.47027344 -14.757643
v 11.164557 0.58762693 -14.633907
v 11.192331 0.58762693 -14.70714
v 22.498064 0.61286134 -19.691301
v 26.213293 0.612854 -11.289491
v 22.370247 0.6565942 -19.573368
v 26.04027 0.6565893 -11.272025
v 22.548567 0.4955078 -19.714033
v 26.263805 0.49550292 -11.3122225
v 22.498064 0.61286134 -19.691301
v 26.213293 0.612854 -11.289491
v 11.169603 0.47027344 -14.757643
v 22.402102 0.4955078 -19.769575
v 11.192331 0.58762693 -14.70714
v 22.424831 0.6128638 -19.719078
v 25.848118 -2.500991 -6.0350647
v 25.854773 -2.286665 -6.1410217
v 26.095646 -2.4943578 -6.2400756
v 25.978527 -2.2833495 -6.243525
v 17.362785 -2.5164964 -6.5635962
v 17.471949 -2.3017163 -6.5457544
v 17.56782 -2.5155907 -6.316013
v 17.574465 -2.3012621 -6.42197
v 26.479553 -2.3770385 -13.768897
v 26.362438 -2.16604 -13.772359
v 26.274529 -2.3779564 -14.016476
v 26.259914 -2.1664941 -13.896144
v 17.99422 -2.3925438 -14.297422
v 17.979612 -2.1810815 -14.177089
v 17.746689 -2.3991797 -14.092421
v 17.855852 -2.1843994 -14.074589
v 17.574465 -2.3012621 -6.42197
v 17.756376 -2.1801293 -6.7794504
v 25.854773 -2.286665 -6.1410217
v 25.731619 -2.1706324 -6.5257163
v 17.855852 -2.1843994 -14.074589
v 18.098497 -2.0692894 -13.784708
v 17.471949 -2.3017163 -6.5457544
v 17.756376 -2.1801293 -6.7794504
v 26.259914 -2.1664941 -13.896144
v 26.073751 -2.0598047 -13.530965
v 17.979612 -2.1810815 -14.177089
v 18.098497 -2.0692894 -13.784708
v 25.978527 -2.2833495 -6.243525
v 25.731619 -2.1706324 -6.5257163
v 26.362438 -2.16604 -13.772359
v 26.073751 -2.0598047 -13.530965
v 17.56782 -2.5155907 -6.316013
v 17.574465 -2.3012621 -6.42197
v 25.848118 -2.500991 -6.0350647
v 25.854773 -2.286665 -6.1410217
v 17.746689 -2.3991797 -14.092421
v 17.855852 -2.1843994 -14.074589
v 17.362785 -2.5164964 -6.5635962
v 17.471949 -2.3017163 -6.5457544
v 26.274529 -2.3779564 -14.016476
v 26.259914 -2.1664941 -13.896144
v 17.99422 -2.3925438 -14.297422
v 17.979612 -2.1810815 -14.177089
v 26.095646 -2.4943578 -6.2400756
v 25.978527 -2.2833495 -6.243525
v 26.479553 -2.3770385 -13.768897
v 26.362438 -2.16604 -13.772359
v 2.7971857 2.7490294 8.478729
v 2.49034 2.7490294 8.141112
v 2.8048766 2.978347 8.317602
v 2.65146 2.9783494 8.1488
v 13.649165 2.7490344 8.479091
v 13.311572 2.749032 8.785955
v 13.488061 2.9783494 8.471418
v 13.319248 2.9783494 8.624839
v 14.087617 2.74385 -13.154027
v 14.39447 2.7438476 -12.816417
v 14.079929 2.9783885 -12.992916
v 14.233359 2.9783838 -12.824105
v 13.319248 2.9783494 8.624839
v 2.8048766 2.978347 8.317602
v 13.326941 3.066411 8.463721
v 2.8125658 3.0664086 8.156495
v 14.233359 2.9783838 -12.824105
v 13.488061 2.9783494 8.471418
v 14.072253 3.0664477 -12.831797
v 13.326941 3.066411 8.463721
v 3.5655596 2.9783897 -13.300146
v 14.079929 2.9783885 -12.992916
v 3.5578814 3.0664465 -13.139026
v 14.072253 3.0664477 -12.831797
v 2.65146 2.9783494 8.1488
v 3.3967524 2.978385 -13.146721
v 2.8125658 3.0664086 8.156495
v 3.5578814 3.0664465 -13.139026
v 13.311572 2.749032 8.785955
v 2.7971857 2.7490294 8.478729
v 13.319248 2.9783494 8.624839
v 2.8048766 2.978347 8.317602
v 14.39447 2.7438476 -12.816417
v 13.649165 2.7490344 8.479091
v 14.233359 2.9783838 -12.824105
v 13.488061 2.9783494 8.471418
v 14.079929 2.9783885 -12.992916
v 3.5655596 2.9783897 -13.300146
v 14.087617 2.74385 -13.154027
v 3.5732458 2.7438488 -13.461253
v 3.2356415 2.7438488 -13.1544075
v 3.5732458 2.7438488 -13.461253
v 3.3967524 2.978385 -13.146721
v 3.5655596 2.9783897 -13.300146
v 2.49034 2.7490294 8.141112
v 3.2356415 2.7438488 -13.1544075
v 2.65146 2.9783494 8.1488
v 3.3967524 2.978385 -13.146721
v 19.831839 -0.054158017 -8.301483
v 19.565783 -0.054158017 -8.593522
v 19.838335 0.12382446 -8.441012
v 19.705317 0.1238269 -8.587026
v 29.613737 -0.054155577 -8.126085
v 29.321716 -0.054158017 -7.8600163
v 29.474228 0.12382385 -8.132563
v 29.328205 0.12382263 -7.9995403
v 20.470148 -0.05413391 -25.51541
v 20.762188 -0.05413391 -25.781464
v 20.609673 0.12384582 -25.508911
v 20.755695 0.12384827 -25.641943
v 30.25204 -0.05413391 -25.339994
v 30.518103 -0.05413269 -25.047964
v 30.245544 0.12384827 -25.200478
v 30.37857 0.1238446 -25.054457
v 29.328205 0.12382263 -7.9995403
v 19.838335 0.12382446 -8.441012
v 29.147455 0.25528687 -8.8305435
v 20.095488 0.25528687 -9.251642
v 30.37857 0.1238446 -25.054457
v 29.474228 0.12382385 -8.132563
v 29.988413 0.2553082 -24.89205
v 29.147455 0.25528687 -8.8305435
v 20.755695 0.12384827 -25.641943
v 30.245544 0.12384827 -25.200478
v 20.936447 0.2553082 -25.313158
v 29.988413 0.2553082 -24.89205
v 19.705317 0.1238269 -8.587026
v 20.609673 0.12384582 -25.508911
v 20.095488 0.25528687 -9.251642
v 20.936447 0.2553082 -25.313158
v 29.321716 -0.054158017 -7.8600163
v 19.831839 -0.054158017 -8.301483
v 29.328205 0.12382263 -7.9995403
v 19.838335 0.12382446 -8.441012
v 30.518103 -0.05413269 -25.047964
v 29.613737 -0.054155577 -8.126085
v 30.37857 0.1238446 -25.054457
v 29.474228 0.12382385 -8.132563
v 20.762188 -0.05413391 -25.781464
v 30.25204 -0.05413391 -25.339994
v 20.755695 0.12384827 -25.641943
v 30.245544 0.12384827 -25.200478
v 19.565783 -0.054158017 -8.593522
v 20.470148 -0.05413391 -25.51541
v 19.705317 0.1238269 -8.587026
v 20.609673 0.12384582 -25.508911
v 25.044813 1.3688403 -16.000444
v 25.19746 1.4575512 -15.804706
v 24.56372 1.2716808 -6.5263524
v 24.746027 1.3616638 -6.6802425
v 32.50486 1.3522632 -15.735638
v 32.41903 1.4577222 -15.447681
v 25.188713 1.3521191 -16.103384
v 25.19746 1.4575512 -15.804706
v 24.6578 1.0558167 -6.2607403
v 24.672892 1.3037024 -6.387142
v 31.984385 1.0566796 -6.1546707
v 31.999481 1.3097845 -6.281066
v 32.52517 1.1166406 -15.856848
v 32.50486 1.3522632 -15.735638
v 25.209015 1.1157935 -16.224592
v 25.188713 1.3521191 -16.103384
v 32.262833 1.0541497 -6.3730097
v 32.1387 1.2930682 -6.3902335
v 32.731064 1.1196753 -15.569089
v 32.60781 1.3842846 -15.591763
v 29.652374 -0.24237457 1.0068439
v 29.392275 -0.2531305 0.66728765
v 29.673525 0.08353363 0.84551823
v 29.543488 0.07815826 0.67574775
v 37.39957 -0.21574767 1.594524
v 37.059875 -0.20546691 1.8544328
v 37.250885 0.11530029 1.5631697
v 37.081028 0.12044067 1.693119
v 30.385519 -0.5281195 -7.1749578
v 30.72521 -0.53840023 -7.434856
v 30.536713 -0.19684021 -7.166506
v 30.706589 -0.20197448 -7.2964463
v 38.132725 -0.50149536 -6.5872684
v 38.39283 -0.490737 -6.247721
v 38.114082 -0.16506408 -6.4488645
v 38.24412 -0.1596881 -6.2790856
v 37.081028 0.12044067 1.693119
v 29.673525 0.08353363 0.84551823
v 36.993374 0.352041 1.3842632
v 29.844255 0.31536254 0.5716697
v 38.24412 -0.1596881 -6.2790856
v 37.250885 0.11530029 1.5631697
v 37.94519 0.08641876 -6.191723
v 36.993374 0.352041 1.3842632
v 30.706589 -0.20197448 -7.2964463
v 38.114082 -0.16506408 -6.4488645
v 30.796055 0.049743958 -7.0043015
v 37.94519 0.08641876 -6.191723
v 29.543488 0.07815826 0.67574775
v 30.536713 -0.19684021 -7.166506
v 29.844255 0.31536254 0.5716697
v 30.796055 0.049743958 -7.0043015
v 37.059875 -0.20546691 1.8544328
v 29.652374 -0.24237457 1.0068439
v 37.081028 0.12044067 1.693119
v 29.673525 0.08353363 0.84551823
v 38.39283 -0.490737 -6.247721
v 37.39957 -0.21574767 1.594524
v 38.24412 -0.1596881 -6.2790856
v 37.250885 0.11530029 1.5631697
v 30.72521 -0.53840023 -7.434856
v 38.132725 -0.50149536 -6.5872684
v 30.706589 -0.20197448 -7.2964463
v 38.114082 -0.16506408 -6.4488645
v 29.392275 -0.2531305 0.66728765
v 30.385519 -0.5281195 -7.1749578
v 29.543488 0.07815826 0.67574775
v 30.536713 -0.19684021 -7.166506
v 43.774727 -1.0953698 -8.468782
v 43.210545 -1.0877194 -1.9670334
v 43.566788 -0.99107665 -8.264034
v 43.012684 -0.9819302 -2.1658487
v 30.702 -1.1148541 -9.344996
v 43.622772 -1.115022 -8.610832
v 30.757902 -0.9908697 -8.996195
v 43.566788 -0.99107665 -8.264034
v 43.07329 -1.3414972 -1.665524
v 30.152496 -1.3404797 -2.3997083
v 43.068485 -1.0500696 -1.8151114
v 30.147692 -1.0429138 -2.5492804
v 30.6969 -1.3918618 -9.489389
v 43.617695 -1.39286 -8.755223
v 30.702 -1.1148541 -9.344996
v 43.622772 -1.115022 -8.610832
v 29.84861 -1.3434513 -2.6837976
v 30.412802 -1.3882922 -9.185544
v 29.995766 -1.0625683 -2.6913216
v 30.559937 -1.0772089 -9.193078
v 32.85182 -1.2548267 -9.124669
v 32.49333 -1.2599841 -8.686095
v 32.73114 -1.0444573 -9.146851
v 32.55189 -1.0445361 -8.927592
v 34.0035 -1.228248 -16.209423
v 34.15572 -1.2276837 -15.689869
v 33.960026 -1.0469916 -15.961719
v 34.03615 -1.0469824 -15.701904
v 26.258919 -1.4988049 -9.691082
v 26.154842 -1.4987885 -10.222368
v 26.320198 -1.0499179 -9.933092
v 26.268156 -1.0499176 -10.198729
v 27.663801 -1.2881912 -17.036943
v 27.980724 -1.2834479 -17.506464
v 27.778776 -1.0487741 -17.023994
v 27.93723 -1.0487006 -17.258753
v 34.03615 -1.0469824 -15.701904
v 32.73114 -1.0444573 -9.146851
v 33.74753 -0.76808774 -15.561203
v 32.517097 -0.7627441 -9.375747
v 33.74753 -0.76808774 -15.561203
v 28.009481 -0.7758621 -16.81482
v 33.960026 -1.0469916 -15.961719
v 27.93723 -1.0487006 -17.258753
v 34.0035 -1.228248 -16.209423
v 32.55189 -1.0445361 -8.927592
v 26.320198 -1.0499179 -9.933092
v 32.517097 -0.7627441 -9.375747
v 26.562824 -0.7787738 -10.311532
v 32.638084 -0.09552429 -7.792912
v 32.421223 -0.10451569 -7.940359
v 32.612156 0.07123627 -7.892432
v 32.503723 0.066743776 -7.9661517
v 36.401337 -0.09960907 -8.699323
v 36.253654 -0.091542356 -8.482585
v 36.30157 0.07118469 -8.690468
v 36.227726 0.075217895 -8.582103
v 31.23027 -0.17863587 -13.876
v 31.377949 -0.18669982 -14.092731
v 31.312767 -0.0073782345 -13.901794
v 31.386614 -0.011411438 -14.010163
v 34.99352 -0.18272033 -14.782405
v 35.21039 -0.17373107 -14.634966
v 35.002182 -0.0074298093 -14.699839
v 35.110615 -0.0029370117 -14.626113
v 36.227726 0.075217895 -8.582103
v 32.612156 0.07123627 -7.892432
v 36.146446 0.18091308 -8.71479
v 32.616993 0.17714904 -8.041486
v 35.110615 -0.0029370117 -14.626113
v 36.30157 0.07118469 -8.690468
v 34.971992 0.11085937 -14.563599
v 36.146446 0.18091308 -8.71479
v 31.386614 -0.011411438 -14.010163
v 35.002182 -0.0074298093 -14.699839
v 31.442549 0.10709473 -13.890293
v 34.971992 0.11085937 -14.563599
v 32.503723 0.066743776 -7.9661517
v 31.312767 -0.0073782345 -13.901794
v 32.616993 0.17714904 -8.041486
v 31.442549 0.10709473 -13.890293
v 36.253654 -0.091542356 -8.482585
v 32.638084 -0.09552429 -7.792912
v 36.227726 0.075217895 -8.582103
v 32.612156 0.07123627 -7.892432
v 35.21039 -0.17373107 -14.634966
v 36.401337 -0.09960907 -8.699323
v 35.110615 -0.0029370117 -14.626113
v 36.30157 0.07118469 -8.690468
v 31.377949 -0.18669982 -14.092731
v 34.99352 -0.18272033 -14.782405
v 31.386614 -0.011411438 -14.010163
v 35.002182 -0.0074298093 -14.699839
v 32.421223 -0.10451569 -7.940359
v 31.23027 -0.17863587 -13.876
v 32.503723 0.066743776 -7.9661517
v 31.312767 -0.0073782345 -13.901794
v 14.065883 0.72801876 -13.276393
v 9.5563545 0.7280127 -15.161866
v 14.1054 0.8424139 -13.369969
v 9.595866 0.8424078 -15.255433
v 15.886494 0.7280243 -17.813417
v 14.198975 0.72801876 -13.33042
v 15.792953 0.8424255 -17.852936
v 14.1054 0.8424139 -13.369969
v 11.4429455 0.72802246 -19.832045
v 15.832457 0.7280243 -17.946514
v 11.403447 0.8424243 -19.738468
v 15.792953 0.8424255 -17.852936
v 9.502284 0.72801876 -15.294959
v 11.309864 0.72802246 -19.778008
v 9.595866 0.8424078 -15.255433
v 11.403447 0.8424243 -19.738468
v 9.51679 0.529743 -15.068305
v 9.408723 0.5297424 -15.3345
v 9.5563545 0.7280127 -15.161866
v 9.502284 0.72801876 -15.294959
v 14.292553 0.5297485 -13.290924
v 14.026365 0.5297473 -13.182819
v 14.198975 0.72801876 -13.33042
v 14.065883 0.72801876 -13.276393
v 11.216288 0.5297522 -19.817547
v 11.482489 0.5297516 -19.925625
v 11.309864 0.72802246 -19.778008
v 11.4429455 0.72802246 -19.832045
v 14.026365 0.5297473 -13.182819
v 9.51679 0.529743 -15.068305
v 14.065883 0.72801876 -13.276393
v 9.5563545 0.7280127 -15.161866
v 15.98007 0.5297601 -17.773882
v 14.292553 0.5297485 -13.290924
v 15.886494 0.7280243 -17.813417
v 14.198975 0.72801876 -13.33042
v 11.482489 0.5297516 -19.925625
v 15.872006 0.5297607 -18.040073
v 11.4429455 0.72802246 -19.832045
v 15.832457 0.7280243 -17.946514
v 9.408723 0.5297424 -15.3345
v 11.216288 0.5297522 -19.817547
v 9.502284 0.72801876 -15.294959
v 11.309864 0.72802246 -19.778008
v 29.246305 0.31626403 -17.940685
v 25.101786 0.31625915 -17.129707
v 29.229757 0.41510192 -18.026873
v 25.08524 0.41509703 -17.215887
v 28.375528 0.3162683 -22.073812
v 29.315958 0.31626403 -18.043394
v 28.289362 0.4151123 -22.05728
v 29.229757 0.41510192 -18.026873
v 24.214474 0.3162683 -21.390156
v 28.272814 0.3162683 -22.143461
v 24.231031 0.4151117 -21.30398
v 28.289362 0.4151123 -22.05728
v 24.999037 0.3162628 -17.199345
v 24.144827 0.3162683 -21.287445
v 25.08524 0.41509703 -17.215887
v 24.231031 0.4151117 -21.30398
v 25.11829 0.14495361 -17.043507
v 24.91285 0.14495116 -17.182823
v 25.101786 0.31625915 -17.129707
v 24.999037 0.3162628 -17.199345
v 29.40214 0.14495727 -18.059961
v 29.262848 0.14495605 -17.854492
v 29.315958 0.31626403 -18.043394
v 29.246305 0.31626403 -17.940685
v 24.058632 0.14496155 -21.270908
v 24.197947 0.14495972 -21.476362
v 24.144827 0.3162683 -21.287445
v 24.214474 0.3162683 -21.390156
v 29.262848 0.14495605 -17.854492
v 25.11829 0.14495361 -17.043507
v 29.246305 0.31626403 -17.940685
v 25.101786 0.31625915 -17.129707
v 28.461735 0.14496703 -22.090342
v 29.40214 0.14495727 -18.059961
v 28.375528 0.3162683 -22.073812
v 29.315958 0.31626403 -18.043394
v 24.197947 0.14495972 -21.476362
v 28.256296 0.14496826 -22.229652
v 24.214474 0.3162683 -21.390156
v 28.272814 0.3162683 -22.143461
v 24.91285 0.14495116 -17.182823
v 24.058632 0.14496155 -21.270908
v 24.999037 0.3162628 -17.199345
v 24.144827 0.3162683 -21.287445
v 8.414749 0.0040679933 -18.366041
v 8.018002 0.004067688 -18.58881
v 8.417045 0.33291382 -18.460775
v 8.218685 0.3329187 -18.57215
v 13.980902 0.0040692138 -18.28316
v 13.575032 0.0040686033 -18.127024
v 13.780267 0.33291504 -18.299812
v 13.577308 0.33291626 -18.221748
v 8.332982 0.0040789796 -25.31593
v 8.738852 0.004078369 -25.472054
v 8.533636 0.3329236 -25.299269
v 8.736576 0.3329309 -25.37733
v 13.899115 0.0040777586 -25.233034
v 14.295873 0.004077148 -25.010271
v 13.896839 0.3329303 -25.138308
v 14.095228 0.332926 -25.026926
v 13.577308 0.33291626 -18.221748
v 8.417045 0.33291382 -18.460775
v 13.4897 0.6044165 -18.401072
v 8.520003 0.6044165 -18.626219
v 14.095228 0.332926 -25.026926
v 13.780267 0.33291504 -18.299812
v 13.793929 0.6044281 -24.972858
v 13.4897 0.6044165 -18.401072
v 8.736576 0.3329309 -25.37733
v 13.896839 0.3329303 -25.138308
v 8.824203 0.6044287 -25.197994
v 13.793929 0.6044281 -24.972858
v 8.218685 0.3329187 -18.57215
v 8.533636 0.3329236 -25.299269
v 8.520003 0.6044165 -18.626219
v 8.824203 0.6044287 -25.197994
v 13.575032 0.0040686033 -18.127024
v 8.414749 0.0040679933 -18.366041
v 13.577308 0.33291626 -18.221748
v 8.417045 0.33291382 -18.460775
v 14.295873 0.004077148 -25.010271
v 13.980902 0.0040692138 -18.28316
v 14.095228 0.332926 -25.026926
v 13.780267 0.33291504 -18.299812
v 8.738852 0.004078369 -25.472054
v 13.899115 0.0040777586 -25.233034
v 8.736576 0.3329309 -25.37733
v 13.896839 0.3329303 -25.138308
v 8.018002 0.004067688 -18.58881
v 8.332982 0.0040789796 -25.31593
v 8.218685 0.3329187 -18.57215
v 8.533636 0.3329236 -25.299269
v 4.5661325 -0.70125365 -26.078754
v 4.789541 -0.7012561 -26.343184
v 4.6796484 -0.44865233 -26.08069
v 4.791328 -0.44864714 -26.212893
v 4.7835255 -0.70126706 -21.598637
v 4.5529294 -0.7012695 -21.855288
v 4.7817283 -0.44866455 -21.7289
v 4.6664352 -0.44866332 -21.85724
v 12.008985 -0.70124906 -26.15938
v 12.239531 -0.70125425 -25.90272
v 12.010771 -0.4486502 -26.029097
v 12.126044 -0.448645 -25.900776
v 12.226347 -0.70125365 -21.679262
v 12.002958 -0.70125484 -21.414839
v 12.112861 -0.44864714 -21.677317
v 12.001152 -0.44865447 -21.545107
v 4.6664352 -0.44866332 -21.85724
v 4.6796484 -0.44865233 -26.08069
v 4.7799215 -0.28457886 -21.859179
v 4.793115 -0.28456512 -26.08262
v 12.001152 -0.44865447 -21.545107
v 4.7817283 -0.44866455 -21.7289
v 11.999374 -0.2845688 -21.675371
v 4.7799215 -0.28457886 -21.859179
v 12.126044 -0.448645 -25.900776
v 12.112861 -0.44864714 -21.677317
v 12.012568 -0.28456298 -25.898827
v 11.999374 -0.2845688 -21.675371
v 4.791328 -0.44864714 -26.212893
v 12.010771 -0.4486502 -26.029097
v 4.793115 -0.28456512 -26.08262
v 12.012568 -0.28456298 -25.898827
v 4.5529294 -0.7012695 -21.855288
v 4.5661325 -0.70125365 -26.078754
v 4.6664352 -0.44866332 -21.85724
v 4.6796484 -0.44865233 -26.08069
v 12.002958 -0.70125484 -21.414839
v 4.7835255 -0.70126706 -21.598637
v 12.001152 -0.44865447 -21.545107
v 4.7817283 -0.44866455 -21.7289
v 12.239531 -0.70125425 -25.90272
v 12.226347 -0.70125365 -21.679262
v 12.126044 -0.448645 -25.900776
v 12.112861 -0.44864714 -21.677317
v 4.789541 -0.7012561 -26.343184
v 12.008985 -0.70124906 -26.15938
v 4.791328 -0.44864714 -26.212893
v 12.010771 -0.4486502 -26.029097
v 0.56718415 -0.41847533 -26.695168
v 0.7923004 -0.41847748 -26.958134
v 0.6806936 -0.16587402 -26.696367
v 0.7932525 -0.16586913 -26.827843
v 0.75318664 -0.41848877 -23.577274
v 0.52428496 -0.4184912 -23.835413
v 0.7522455 -0.16588654 -23.707544
v 0.6377939 -0.165885 -23.836634
v 5.6160593 -0.41847074 -26.840437
v 5.844941 -0.41847596 -26.582293
v 5.6170006 -0.16587189 -26.710152
v 5.7314515 -0.1658673 -26.581085
v 5.802052 -0.41847533 -23.722551
v 5.5769444 -0.41847655 -23.459581
v 5.6885324 -0.16586913 -23.721334
v 5.5759645 -0.16587676 -23.589853
v 0.6377939 -0.165885 -23.836634
v 0.6806936 -0.16587402 -26.696367
v 0.7512936 -0.0018005371 -23.837833
v 0.79418427 -0.0017871093 -26.697561
v 5.5759645 -0.16587676 -23.589853
v 0.7522455 -0.16588654 -23.707544
v 5.5750427 -0.0017907715 -23.720123
v 0.7512936 -0.0018005371 -23.837833
v 5.7314515 -0.1658673 -26.581085
v 5.6885324 -0.16586913 -23.721334
v 5.617932 -0.0017852783 -26.579872
v 5.5750427 -0.0017907715 -23.720123
v 0.7932525 -0.16586913 -26.827843
v 5.6170006 -0.16587189 -26.710152
v 0.79418427 -0.0017871093 -26.697561
v 5.617932 -0.0017852783 -26.579872
v 0.52428496 -0.4184912 -23.835413
v 0.56718415 -0.41847533 -26.695168
v 0.6377939 -0.165885 -23.836634
v 0.6806936 -0.16587402 -26.696367
v 5.5769444 -0.41847655 -23.459581
v 0.75318664 -0.41848877 -23.577274
v 5.5759645 -0.16587676 -23.589853
v 0.7522455 -0.16588654 -23.707544
v 5.844941 -0.41847596 -26.582293
v 5.802052 -0.41847533 -23.722551
v 5.7314515 -0.1658673 -26.581085
v 5.6885324 -0.16586913 -23.721334
v 0.7923004 -0.41847748 -26.958134
v 5.6160593 -0.41847074 -26.840437
v 0.7932525 -0.16586913 -26.827843
v 5.6170006 -0.16587189 -26.710152
v 3.9670818 -1.5070727 -27.053213
v 4.209045 -1.5070746 -27.300781
v 4.0804315 -1.2544717 -27.046932
v 4.2013984 -1.2544665 -27.170708
v 3.8597577 -1.5070899 -22.56911
v 3.6483612 -1.5070916 -22.841772
v 3.8673942 -1.2544861 -22.69916
v 3.7617009 -1.2544849 -22.835503
v 8.60925 -1.5070678 -26.972948
v 8.820617 -1.5070727 -26.700277
v 8.6016035 -1.2544689 -26.84288
v 8.707296 -1.254464 -26.706556
v 8.501916 -1.5070752 -22.488848
v 8.259963 -1.5070764 -22.241282
v 8.388576 -1.2544683 -22.495117
v 8.267599 -1.2544763 -22.371332
v 3.7617009 -1.2544849 -22.835503
v 4.0804315 -1.2544717 -27.046932
v 3.8750212 -1.0904003 -22.829227
v 4.193752 -1.0903851 -27.04065
v 8.267599 -1.2544763 -22.371332
v 3.8673942 -1.2544861 -22.69916
v 8.275246 -1.0903897 -22.501387
v 3.8750212 -1.0904003 -22.829227
v 8.707296 -1.254464 -26.706556
v 8.388576 -1.2544683 -22.495117
v 8.593957 -1.0903827 -26.712822
v 8.275246 -1.0903897 -22.501387
v 4.2013984 -1.2544665 -27.170708
v 8.6016035 -1.2544689 -26.84288
v 4.193752 -1.0903851 -27.04065
v 8.593957 -1.0903827 -26.712822
v 3.6483612 -1.5070916 -22.841772
v 3.9670818 -1.5070727 -27.053213
v 3.7617009 -1.2544849 -22.835503
v 4.0804315 -1.2544717 -27.046932
v 8.259963 -1.5070764 -22.241282
v 3.8597577 -1.5070899 -22.56911
v 8.267599 -1.2544763 -22.371332
v 3.8673942 -1.2544861 -22.69916
v 8.820617 -1.5070727 -26.700277
v 8.501916 -1.5070752 -22.488848
v 8.707296 -1.254464 -26.706556
v 8.388576 -1.2544683 -22.495117
v 4.209045 -1.5070746 -27.300781
v 8.60925 -1.5070678 -26.972948
v 4.2013984 -1.2544665 -27.170708
v 8.6016035 -1.2544689 -26.84288
v 12.805595 -0.70125335 -25.795986
v 13.033984 -0.7012558 -26.056118
v 12.919121 -0.44865203 -25.795761
v 13.0333 -0.44864714 -25.92582
v 12.937861 -0.70126706 -21.312548
v 12.712197 -0.7012692 -21.573532
v 12.938535 -0.44866455 -21.44282
v 12.825703 -0.44866303 -21.573328
v 17.827139 -0.70124906 -25.735239
v 18.052782 -0.70125395 -25.474253
v 17.826454 -0.4486502 -25.60495
v 17.939268 -0.44864532 -25.474463
v 17.959385 -0.70125365 -21.251806
v 17.731005 -0.7012555 -20.991674
v 17.84587 -0.44864744 -21.252016
v 17.73168 -0.44865477 -21.12195
v 12.825703 -0.44866303 -21.573328
v 12.919121 -0.44865203 -25.795761
v 12.939209 -0.28457853 -21.573107
v 13.032617 -0.28456482 -25.79554
v 17.73168 -0.44865477 -21.12195
v 12.938535 -0.44866455 -21.44282
v 17.732372 -0.28456908 -21.252224
v 12.939209 -0.28457853 -21.573107
v 17.939268 -0.44864532 -25.474463
v 17.84587 -0.44864744 -21.252016
v 17.825762 -0.28456327 -25.47467
v 17.732372 -0.28456908 -21.252224
v 13.0333 -0.44864714 -25.92582
v 17.826454 -0.4486502 -25.60495
v 13.032617 -0.28456482 -25.79554
v 17.825762 -0.28456327 -25.47467
v 12.712197 -0.7012692 -21.573532
v 12.805595 -0.70125335 -25.795986
v 12.825703 -0.44866303 -21.573328
v 12.919121 -0.44865203 -25.795761
v 17.731005 -0.7012555 -20.991674
v 12.937861 -0.70126706 -21.312548
v 17.73168 -0.44865477 -21.12195
v 12.938535 -0.44866455 -21.44282
v 18.052782 -0.70125395 -25.474253
v 17.959385 -0.70125365 -21.251806
v 17.939268 -0.44864532 -25.474463
v 17.84587 -0.44864744 -21.252016
v 13.033984 -0.7012558 -26.056118
v 17.827139 -0.70124906 -25.735239
v 13.0333 -0.44864714 -25.92582
v 17.826454 -0.4486502 -25.60495
v 0.08949341 0.02645111 2.01319
v -0.28914672 0.026449889 1.7608694
v 0.09899048 0.2165576 1.9189078
v -0.09031616 0.21656005 1.7927554
v 20.84422 0.026450805 2.6202555
v 20.427633 0.026450805 2.7450418
v 20.645433 0.21655822 2.5883756
v 20.437124 0.21655822 2.6507633
v 0.81764954 -0.08994263 -25.392124
v 1.2342334 -0.065947264 -25.5169
v 1.016466 0.124160156 -25.360237
v 1.2247503 0.12416259 -25.422628
v 21.572357 0.026463011 -24.785046
v 21.951015 0.026463928 -24.532724
v 21.56288 0.2165747 -24.690765
v 21.752222 0.21657225 -24.564611
v 21.752222 0.21657225 -24.564611
v 20.645433 0.21655822 2.5883756
v 21.44767 0.37352782 -24.533632
v 20.363415 0.3735138 2.4652908
v -0.09031616 0.21656005 1.7927554
v 1.016466 0.124160156 -25.360237
v 0.21424316 0.37351438 1.7617764
v 1.2984753 0.2811157 -25.237139
v 20.427633 0.026450805 2.7450418
v 0.08949341 0.02645111 2.01319
v 20.437124 0.21655822 2.6507633
v 0.09899048 0.2165576 1.9189078
v 21.951015 0.026463928 -24.532724
v 20.84422 0.026450805 2.6202555
v 21.752222 0.21657225 -24.564611
v 20.645433 0.21655822 2.5883756
v 1.2342334 -0.065947264 -25.5169
v 21.572357 0.026463011 -24.785046
v 1.2247503 0.12416259 -25.422628
v 21.56288 0.2165747 -24.690765
v 22.010246 3.5784483 -0.82439303
v 22.404602 3.5793457 -1.197833
v 21.998966 -1.0212817 -0.7650425
v 22.393337 -1.0203857 -1.1384836
v 21.998966 -1.0212817 -0.7650425
v 22.404602 3.5793457 -1.197833
v 11.151258 -1.0661889 -0.66896707
v 10.743901 -1.070603 -1.0281552
v 11.162502 3.5335424 -0.7283176
v 10.755151 3.5291271 -1.0875046
v 11.162502 3.5335424 -0.7283176
v 10.743901 -1.070603 -1.0281552
v 10.743901 -1.070603 -1.0281552
v 11.151258 -1.0661889 -0.66896707
v 11.147463 -1.4688721 -1.0333995
v 22.393337 -1.0203857 -1.1384836
v 21.995163 -1.4239672 -1.1294749
v 21.998966 -1.0212817 -0.7650425
v 11.100346 -1.1442993 -11.590118
v 10.705972 -1.1451977 -11.216693
v 11.1095295 -1.5434692 -11.221937
v 21.94805 -1.0993946 -11.686194
v 21.957258 -1.4985596 -11.318013
v 22.355412 -1.094978 -11.327013
v 19.917933 0.332572 1.8221133
v 19.53461 0.332572 1.4373525
v 19.919338 4.305172 1.7917618
v 19.536022 4.305172 1.407001
v 19.919338 4.305172 1.7917618
v 19.53461 0.332572 1.4373525
v 19.53461 0.332572 1.4373525
v 19.917933 0.332572 1.8221133
v 19.935123 -0.06836303 1.4561465
v 25.744684 0.33256835 1.7324356
v 25.344189 -0.06836548 1.7136514
v 25.327013 0.332572 2.0796132
v 20.475018 0.3325879 -10.5043545
v 20.057337 0.3325903 -10.157183
v 20.457846 -0.06834961 -10.138394
v 25.884094 0.33259153 -10.246849
v 25.866936 -0.06835449 -9.880887
v 26.267414 0.3325879 -9.8621
v 14.210167 4.211831 -1.6689941
v 14.525772 4.211831 -1.871853
v 14.211737 -0.055947874 -1.6533645
v 14.52734 -0.055947874 -1.8562222
v 14.211737 -0.055947874 -1.6533645
v 14.525772 4.211831 -1.871853
v 0.45242554 -0.055947874 -1.637067
v 0.09917236 -0.055947874 -1.8112527
v 0.4508609 4.211831 -1.6526941
v 0.0975943 4.211831 -1.8268859
v 0.4508609 4.211831 -1.6526941
v 0.09917236 -0.055947874 -1.8112527
v 14.688583 4.2118382 -8.350415
v 14.335315 4.2118382 -8.524599
v 14.688583 -0.05594055 -8.35042
v 14.335327 -0.05594055 -8.524606
v 14.688583 -0.05594055 -8.35042
v 14.335315 4.2118382 -8.524599
v 0.57601833 4.2118373 -8.508301
v 0.26040313 4.2118373 -8.305454
v 0.5760193 -0.05594055 -8.508307
v 0.2604248 -0.05594055 -8.305459
v 0.5760193 -0.05594055 -8.508307
v 0.26040313 4.2118373 -8.305454
v 0.09917236 -0.055947874 -1.8112527
v 0.45242554 -0.055947874 -1.637067
v 0.43361938 -0.4384747 -1.8255856
v 14.52734 -0.055947874 -1.8562222
v 14.192906 -0.4384747 -1.8418808
v 14.211737 -0.055947874 -1.6533645
v 0.5760193 -0.05594055 -8.508307
v 0.2604248 -0.05594055 -8.305459
v 0.5948547 -0.43846497 -8.319785
v 14.335327 -0.05594055 -8.524606
v 14.354167 -0.43846497 -8.336084
v 14.688583 -0.05594055 -8.35042
v 34.20744 -3.192893 -7.19222
v 34.20382 1.8730066 -7.208871
v 34.364662 -3.192893 -7.4365854
v 34.361046 1.8730066 -7.453242
v 34.364662 -3.192893 -7.4365854
v 34.20382 1.8730066 -7.208871
v 34.364662 -3.192893 -7.4365854
v 34.163857 -3.3983617 -7.3930125
v 34.20744 -3.192893 -7.19222
v 28.44632 -3.192893 -6.150516
v 28.690691 -3.192893 -5.9932847
v 28.647114 -3.3983667 -6.194081
v 33.00938 -3.1928854 -12.86691
v 33.052944 -3.3983517 -12.666114
v 33.25373 -3.1928854 -12.709687
v 27.492632 -3.192883 -11.667975
v 27.335405 -3.1928878 -11.423613
v 27.536184 -3.3983564 -11.467182
v 37.62907 -1.5376266 -3.723006
v 37.473186 1.1332787 -3.75465
v 37.85327 -1.5424997 -3.9967473
v 37.697395 1.1307495 -4.0283904
v 37.85327 -1.5424997 -3.9967473
v 37.473186 1.1332787 -3.75465
v 37.85327 -1.5424997 -3.9967473
v 37.604855 -1.8379415 -3.9689872
v 37.62907 -1.5376266 -3.723006
v 31.374445 -1.545105 -2.7316132
v 31.6482 -1.5392575 -2.507414
v 31.623999 -1.8395727 -2.7534027
v 36.579082 -1.621994 -8.99146
v 36.604427 -1.9116088 -8.739516
v 36.852818 -1.6161474 -8.767279
v 30.598211 -1.6236007 -7.7758627
v 30.37401 -1.6187447 -7.502134
v 30.623545 -1.9132198 -7.5239224
v 36.399075 0.1998999 -1.2407236
v 36.200577 3.5426695 -1.2559335
v 36.63522 0.19380127 -1.6153524
v 36.43674 3.5395043 -1.6305624
v 36.63522 0.19380127 -1.6153524
v 36.200577 3.5426695 -1.2559335
v 36.63522 0.19380127 -1.6153524
v 36.330986 -0.17595947 -1.5424826
v 36.399075 0.1998999 -1.2407236
v 24.32852 0.19053955 2.19329
v 24.703163 0.19785888 2.4294276
v 24.63509 -0.17800048 2.1276603
v 33.6921 0.094320066 -9.243942
v 33.76251 -0.2681494 -8.934951
v 34.06672 0.10163696 -9.007821
v 21.99619 0.092304684 -5.5737863
v 21.76004 0.098380126 -5.199172
v 22.066586 -0.270166 -5.2647996
v 26.272175 -0.17548095 -11.315997
v 26.216623 -0.17548095 -11.169538
v 26.263805 0.49550292 -11.3122225
v 26.208254 0.49550292 -11.16576
v 26.263805 0.49550292 -11.3122225
v 26.216623 -0.17548095 -11.169538
v 22.548567 0.4955078 -19.714033
v 22.402102 0.4955078 -19.769575
v 22.556946 -0.17547852 -19.717804
v 22.41048 -0.17547852 -19.773348
v 22.556946 -0.17547852 -19.717804
v 22.402102 0.4955078 -19.769575
v 26.216623 -0.17548095 -11.169538
v 26.272175 -0.17548095 -11.315997
v 26.171173 -0.28624266 -11.270538
v 22.41048 -0.17547852 -19.773348
v 22.45594 -0.28624266 -19.672344
v 22.556946 -0.17547852 -19.717804
v 14.703318 -0.17546874 -6.160449
v 14.849775 -0.17546874 -6.1049023
v 14.804318 -0.28623292 -6.205903
v 11.114054 -0.1754663 -14.611177
v 11.215057 -0.28623292 -14.656642
v 11.169601 -0.1754663 -14.757643
v 14.804318 -0.28623292 -6.205903
v 14.849775 -0.17546874 -6.1049023
v 26.171173 -0.28624266 -11.270538
v 26.216623 -0.17548095 -11.169538
v 26.171173 -0.28624266 -11.270538
v 14.849775 -0.17546874 -6.1049023
v 26.171173 -0.28624266 -11.270538
v 26.272175 -0.17548095 -11.315997
v 22.45594 -0.28624266 -19.672344
v 22.556946 -0.17547852 -19.717804
v 22.45594 -0.28624266 -19.672344
v 26.272175 -0.17548095 -11.315997
v 17.56782 -2.5155907 -6.316013
v 17.60928 -3.9503758 -6.324547
v 17.362785 -2.5164964 -6.5635962
v 17.404245 -3.951477 -6.57213
v 17.362785 -2.5164964 -6.5635962
v 17.60928 -3.9503758 -6.324547
v 25.889587 -3.9326024 -6.0436034
v 25.848118 -2.500991 -6.0350647
v 26.137106 -3.9245312 -6.248607
v 26.095646 -2.4943578 -6.2400756
v 26.137106 -3.9245312 -6.248607
v 25.848118 -2.500991 -6.0350647
v 17.746689 -2.3991797 -14.092421
v 17.78991 -3.808374 -14.11972
v 17.99422 -2.3925438 -14.297422
v 18.037428 -3.8003027 -14.324716
v 17.99422 -2.3925438 -14.297422
v 17.78991 -3.808374 -14.11972
v 26.274529 -2.3779564 -14.016476
v 26.317736 -3.782529 -14.043776
v 26.479553 -2.3770385 -13.768897
v 26.522766 -3.781416 -13.7962
v 26.479553 -2.3770385 -13.768897
v 26.317736 -3.782529 -14.043776
v 26.137106 -3.9245312 -6.248607
v 25.72567 -4.209619 -6.470582
v 25.889587 -3.9326024 -6.0436034
v 17.404245 -3.951477 -6.57213
v 17.60928 -3.9503758 -6.324547
v 17.750444 -4.2211695 -6.7243185
v 26.317736 -3.782529 -14.043776
v 26.30101 -4.0809617 -13.825667
v 26.522766 -3.781416 -13.7962
v 18.037428 -3.8003027 -14.324716
v 17.78991 -3.808374 -14.11972
v 18.140898 -4.0801926 -14.105311
v 26.30101 -4.0809617 -13.825667
v 25.72567 -4.209619 -6.470582
v 26.522766 -3.781416 -13.7962
v 26.137106 -3.9245312 -6.248607
v 26.522766 -3.781416 -13.7962
v 25.72567 -4.209619 -6.470582
v 2.7959235 -3.465956 8.505437
v 2.4890728 -3.465956 8.16782
v 2.7971857 2.7490294 8.478729
v 2.49034 2.7490294 8.141112
v 2.7971857 2.7490294 8.478729
v 2.4890728 -3.465956 8.16782
v 2.4890728 -3.465956 8.16782
v 2.7959235 -3.465956 8.505437
v 2.811306 -3.7885463 8.183206
v 13.64789 -3.465951 8.505805
v 13.325666 -3.7885487 8.490445
v 13.310283 -3.4659536 8.812672
v 3.5732625 -3.4659047 -13.461278
v 3.235653 -3.4659057 -13.154434
v 3.5578847 -3.7885008 -13.139051
v 14.087622 -3.465907 -13.154054
v 14.072255 -3.7885 -12.831823
v 14.394472 -3.4659052 -12.816445
v 19.831839 -0.054158017 -8.301483
v 29.321716 -0.054158017 -7.8600163
v 19.830776 -1.6807486 -8.278339
v 29.358856 -2.5597346 -8.035075
v 19.830776 -1.6807486 -8.278339
v 29.321716 -0.054158017 -7.8600163
v 29.613737 -0.054155577 -8.126085
v 30.518103 -0.05413269 -25.047964
v 29.650892 -2.5597346 -8.301149
v 30.5181 -2.551664 -25.047974
v 29.650892 -2.5597346 -8.301149
v 30.518103 -0.05413269 -25.047964
v 29.321716 -0.054158017 -7.8600163
v 29.613737 -0.054155577 -8.126085
v 29.358856 -2.5597346 -8.035075
v 29.650892 -2.5597346 -8.301149
v 29.358856 -2.5597346 -8.035075
v 29.613737 -0.054155577 -8.126085
v 19.564722 -1.6807486 -8.570382
v 19.830776 -1.6807486 -8.278339
v 19.843771 -2.7362585 -8.557399
v 29.650892 -2.5597346 -8.301149
v 29.371843 -2.7362585 -8.314124
v 29.358856 -2.5597346 -8.035075
v 20.762194 -2.5516639 -25.781479
v 20.470154 -2.551664 -25.515415
v 20.749214 -2.7362344 -25.502426
v 30.252037 -2.551664 -25.340004
v 30.23906 -2.7362344 -25.060957
v 30.5181 -2.551664 -25.047974
v 20.749214 -2.7362344 -25.502426
v 20.470154 -2.551664 -25.515415
v 19.843771 -2.7362585 -8.557399
v 19.564722 -1.6807486 -8.570382
v 19.843771 -2.7362585 -8.557399
v 20.470154 -2.551664 -25.515415
v 29.371843 -2.7362585 -8.314124
v 29.650892 -2.5597346 -8.301149
v 30.23906 -2.7362344 -25.060957
v 30.5181 -2.551664 -25.047974
v 30.23906 -2.7362344 -25.060957
v 29.650892 -2.5597346 -8.301149
v 19.843771 -2.7362585 -8.557399
v 19.830776 -1.6807486 -8.278339
v 29.371843 -2.7362585 -8.314124
v 29.358856 -2.5597346 -8.035075
v 29.371843 -2.7362585 -8.314124
v 19.830776 -1.6807486 -8.278339
v 32.014893 -1.4711996 -6.0898376
v 31.984385 1.0566796 -6.1546707
v 32.29333 -1.4760727 -6.30818
v 32.262833 1.0541497 -6.3730097
v 32.29333 -1.4760727 -6.30818
v 31.984385 1.0566796 -6.1546707
v 32.29333 -1.4760727 -6.30818
v 32.04483 -1.7715139 -6.335189
v 32.014893 -1.4711996 -6.0898376
v 24.43596 -1.478678 -6.484431
v 24.654318 -1.4728308 -6.205992
v 24.684273 -1.7731463 -6.451349
v 32.556076 -1.4518914 -15.806178
v 32.514915 -1.7415051 -15.556331
v 32.761963 -1.4460443 -15.51843
v 25.206509 -1.4534973 -16.190527
v 24.918741 -1.4486413 -15.9846525
v 25.165339 -1.7431177 -15.940687
v 29.62486 -6.607013 1.2518601
v 29.364777 -6.6177673 0.9123072
v 29.652374 -0.24237457 1.0068439
v 29.392275 -0.2531305 0.66728765
v 29.652374 -0.24237457 1.0068439
v 29.364777 -6.6177673 0.9123072
v 29.364777 -6.6177673 0.9123072
v 29.62486 -6.607013 1.2518601
v 29.663544 -6.919889 0.96259314
v 37.372074 -6.5803843 1.8395427
v 37.071022 -6.882988 1.8101852
v 37.032345 -6.570106 2.0994515
v 30.701033 -6.9039207 -7.2147064
v 30.361338 -6.893641 -6.9548078
v 30.660088 -7.195758 -6.90452
v 38.108517 -6.867013 -6.367111
v 38.06759 -7.1588583 -6.0569334
v 38.36862 -6.8562646 -6.027565
v 30.11144 -5.511824 -2.3265908
v 29.807556 -5.517554 -2.610689
v 30.152496 -1.3404797 -2.3997083
v 29.84861 -1.3434513 -2.6837976
v 30.152496 -1.3404797 -2.3997083
v 29.807556 -5.517554 -2.610689
v 29.807556 -5.517554 -2.610689
v 30.11144 -5.511824 -2.3265908
v 30.101358 -5.864891 -2.6170053
v 43.355896 -5.520617 -1.9049197
v 43.061707 -5.866805 -1.8914639
v 43.071785 -5.5137415 -1.6010519
v 30.65502 -5.611001 -9.440669
v 30.37093 -5.604127 -9.136836
v 30.664719 -5.9514813 -9.14314
v 43.61538 -5.612894 -8.715133
v 43.625088 -5.9533873 -8.417609
v 43.919247 -5.6071873 -8.431058
v 34.15572 -1.2276837 -15.689869
v 34.0035 -1.228248 -16.209423
v 34.098343 -4.2903943 -15.70181
v 33.946133 -4.2909675 -16.221363
v 34.098343 -4.2903943 -15.70181
v 34.0035 -1.228248 -16.209423
v 26.154842 -1.4987885 -10.222368
v 26.258919 -1.4988049 -9.691082
v 26.075798 -4.3720517 -10.235935
v 26.179884 -4.3720694 -9.704656
v 26.075798 -4.3720517 -10.235935
v 26.258919 -1.4988049 -9.691082
v 32.424664 -4.3161173 -8.69408
v 32.783157 -4.3109655 -9.132655
v 32.555016 -4.587665 -9.179676
v 33.946133 -4.2909675 -16.221363
v 33.86694 -4.567193 -15.727457
v 34.098343 -4.2903943 -15.70181
v 26.075798 -4.3720517 -10.235935
v 26.179884 -4.3720694 -9.704656
v 26.310255 -4.643627 -10.190214
v 27.586954 -4.351116 -17.05097
v 27.824707 -4.6226053 -17.026585
v 27.903866 -4.346371 -17.52048
v 32.698 -3.3716474 -7.799703
v 32.48114 -3.380637 -7.947152
v 32.638084 -0.09552429 -7.792912
v 32.421223 -0.10451569 -7.940359
v 32.638084 -0.09552429 -7.792912
v 32.48114 -3.380637 -7.947152
v 32.48114 -3.380637 -7.947152
v 32.698 -3.3716474 -7.799703
v 32.66547 -3.5655196 -7.9735045
v 36.461258 -3.375732 -8.706114
v 36.281033 -3.5615401 -8.663175
v 36.313564 -3.3676653 -8.489376
v 31.435009 -3.463535 -14.114631
v 31.287315 -3.4554684 -13.897897
v 31.471642 -3.6403487 -13.924252
v 35.05057 -3.4595556 -14.804305
v 35.087215 -3.636372 -14.613925
v 35.267433 -3.450564 -14.656858
v 9.402186 -0.22168182 -15.318972
v 9.510275 -0.2216812 -15.052775
v 9.589344 -0.39251494 -15.239914
v 14.285997 -0.22168334 -13.2754
v 14.098864 -0.39251035 -13.354446
v 14.019821 -0.22168334 -13.16732
v 11.482489 -0.22167236 -19.925617
v 11.216288 -0.22167236 -19.817547
v 11.403438 -0.39249876 -19.738499
v 15.87199 -0.22167145 -18.040085
v 15.792977 -0.3924991 -17.852934
v 15.98007 -0.22167267 -17.773882
v 9.510275 -0.2216812 -15.052775
v 9.402186 -0.22168182 -15.318972
v 9.51679 0.529743 -15.068305
v 9.408723 0.5297424 -15.3345
v 9.51679 0.529743 -15.068305
v 9.402186 -0.22168182 -15.318972
v 24.915613 -0.5042834 -17.16853
v 25.121067 -0.50428283 -17.029222
v 25.088005 -0.65188384 -17.20161
v 29.404884 -0.5042853 -18.04566
v 29.232512 -0.6518805 -18.012585
v 29.265587 -0.5042853 -17.840221
v 24.19795 -0.5042743 -21.476362
v 24.058632 -0.5042743 -21.270908
v 24.231012 -0.6518698 -21.303991
v 28.25628 -0.50427395 -22.229658
v 28.289387 -0.6518704 -22.057285
v 28.461735 -0.5042749 -22.090342
v 25.121067 -0.50428283 -17.029222
v 24.915613 -0.5042834 -17.16853
v 25.11829 0.14495361 -17.043507
v 24.91285 0.14495116 -17.182823
v 25.11829 0.14495361 -17.043507
v 24.915613 -0.5042834 -17.16853
v 13.575032 0.0040686033 -18.127024
v 13.980902 0.0040692138 -18.28316
v 13.574661 -4.2632265 -18.111319
v 13.980531 -4.2632294 -18.267452
v 13.574661 -4.2632265 -18.111319
v 13.980902 0.0040692138 -18.28316
v 8.414389 -4.2632294 -18.35034
v 8.01765 -4.2632256 -18.573101
v 8.414749 0.0040679933 -18.366041
v 8.018002 0.004067688 -18.58881
v 8.414749 0.0040679933 -18.366041
v 8.01765 -4.2632256 -18.573101
v 14.295873 0.004077148 -25.010271
v 13.899115 0.0040777586 -25.233034
v 14.295873 -4.263212 -25.010275
v 13.899124 -4.2632136 -25.233034
v 14.295873 -4.263212 -25.010275
v 13.899115 0.0040777586 -25.233034
v 8.738852 0.004078369 -25.472054
v 8.332982 0.0040789796 -25.31593
v 8.738852 -4.2632084 -25.472057
v 8.333001 -4.263211 -25.31593
v 8.738852 -4.2632084 -25.472057
v 8.332982 0.0040789796 -25.31593
v 8.01765 -4.2632256 -18.573101
v 8.414389 -4.2632294 -18.35034
v 8.418968 -4.4834356 -18.539783
v 13.980531 -4.2632294 -18.267452
v 13.579212 -4.4834394 -18.300764
v 13.574661 -4.2632265 -18.111319
v 8.738852 -4.2632084 -25.472057
v 8.333001 -4.263211 -25.31593
v 8.734301 -4.4834223 -25.282614
v 13.899124 -4.2632136 -25.233034
v 13.894584 -4.4834247 -25.04359
v 14.295873 -4.263212 -25.010275
v 4.5529294 -0.7012695 -21.855288
v 4.7835255 -0.70126706 -21.598637
v 4.534111 -2.6892765 -21.85497
v 4.764697 -2.6892753 -21.598314
v 4.534111 -2.6892765 -21.85497
v 4.7835255 -0.70126706 -21.598637
v 4.5473046 -2.689262 -26.078438
v 4.770713 -2.6892636 -26.342852
v 4.5661325 -0.70125365 -26.078754
v 4.789541 -0.7012561 -26.343184
v 4.5661325 -0.70125365 -26.078754
v 4.770713 -2.6892636 -26.342852
v 12.002958 -0.70125484 -21.414839
v 12.226347 -0.70125365 -21.679262
v 12.002958 -2.6729636 -21.41484
v 12.226347 -2.6729648 -21.679256
v 12.002958 -2.6729636 -21.41484
v 12.226347 -0.70125365 -21.679262
v 4.770713 -2.6892636 -26.342852
v 4.5473046 -2.689262 -26.078438
v 4.7742968 -2.7933996 -26.082294
v 4.764697 -2.6892753 -21.598314
v 4.7611036 -2.7934017 -21.858856
v 4.534111 -2.6892765 -21.85497
v 12.239541 -2.672963 -25.902714
v 12.008974 -2.6729577 -26.159365
v 12.012558 -2.8083165 -25.89884
v 12.226347 -2.6729648 -21.679256
v 11.999374 -2.8083174 -21.675365
v 12.002958 -2.6729636 -21.41484
v 12.012558 -2.8083165 -25.89884
v 12.008974 -2.6729577 -26.159365
v 4.7742968 -2.7933996 -26.082294
v 4.770713 -2.6892636 -26.342852
v 4.7742968 -2.7933996 -26.082294
v 12.008974 -2.6729577 -26.159365
v 4.7611036 -2.7934017 -21.858856
v 4.764697 -2.6892753 -21.598314
v 11.999374 -2.8083174 -21.675365
v 12.002958 -2.6729636 -21.41484
v 11.999374 -2.8083174 -21.675365
v 4.764697 -2.6892753 -21.598314
v 0.54835236 -1.7795141 -26.694967
v 0.7734784 -1.7795166 -26.957932
v 0.56718415 -0.41847533 -26.695168
v 0.7923004 -0.41847748 -26.958134
v 0.56718415 -0.41847533 -26.695168
v 0.7734784 -1.7795166 -26.957932
v 0.7734784 -1.7795166 -26.957932
v 0.54835236 -1.7795141 -26.694967
v 0.77538204 -1.9991248 -26.697357
v 0.73436433 -1.7795383 -23.577078
v 0.7324716 -1.999126 -23.837633
v 0.5054526 -1.779541 -23.835222
v 5.844952 -1.7451407 -26.582285
v 5.61605 -1.7451297 -26.840422
v 5.617932 -2.030582 -26.579882
v 5.802052 -1.7451419 -23.722546
v 5.5750437 -2.0305808 -23.72012
v 5.5769444 -1.7451397 -23.459581
v 5.617932 -2.030582 -26.579882
v 5.61605 -1.7451297 -26.840422
v 0.77538204 -1.9991248 -26.697357
v 0.7734784 -1.7795166 -26.957932
v 0.77538204 -1.9991248 -26.697357
v 5.61605 -1.7451297 -26.840422
v 0.7324716 -1.999126 -23.837633
v 0.73436433 -1.7795383 -23.577078
v 5.5750437 -2.0305808 -23.72012
v 5.5769444 -1.7451397 -23.459581
v 5.5750437 -2.0305808 -23.72012
v 0.73436433 -1.7795383 -23.577078
v 8.60925 -1.5070678 -26.972948
v 4.209045 -1.5070746 -27.300781
v 8.60924 -4.508087 -26.972929
v 4.190236 -4.524392 -27.301815
v 8.60924 -4.508087 -26.972929
v 4.209045 -1.5070746 -27.300781
v 3.948283 -4.5243907 -27.054256
v 4.190236 -4.524392 -27.301815
v 3.9670818 -1.5070727 -27.053213
v 4.209045 -1.5070746 -27.300781
v 3.9670818 -1.5070727 -27.053213
v 4.190236 -4.524392 -27.301815
v 8.259963 -1.5070764 -22.241282
v 8.501916 -1.5070752 -22.488848
v 8.259963 -4.5080943 -22.241282
v 8.501906 -4.5080957 -22.488848
v 8.259963 -4.5080943 -22.241282
v 8.501916 -1.5070752 -22.488848
v 4.190236 -4.524392 -27.301815
v 3.948283 -4.5243907 -27.054256
v 4.1749625 -4.628529 -27.041683
v 3.8409686 -4.5244074 -22.57015
v 3.8562322 -4.6285334 -22.830273
v 3.6295624 -4.5244083 -22.842817
v 8.820626 -4.508092 -26.700277
v 8.60924 -4.508087 -26.972929
v 8.593957 -4.643446 -26.712831
v 8.501906 -4.5080957 -22.488848
v 8.275236 -4.6434484 -22.50138
v 8.259963 -4.5080943 -22.241282
v 8.593957 -4.643446 -26.712831
v 8.60924 -4.508087 -26.972929
v 4.1749625 -4.628529 -27.041683
v 4.190236 -4.524392 -27.301815
v 4.1749625 -4.628529 -27.041683
v 8.60924 -4.508087 -26.972929
v 3.8562322 -4.6285334 -22.830273
v 3.8409686 -4.5244074 -22.57015
v 8.275236 -4.6434484 -22.50138
v 8.259963 -4.5080943 -22.241282
v 8.275236 -4.6434484 -22.50138
v 3.8409686 -4.5244074 -22.57015
v 12.786767 -2.2191803 -25.79602
v 13.015156 -2.219184 -26.056143
v 12.805595 -0.70125335 -25.795986
v 13.033984 -0.7012558 -26.056118
v 12.805595 -0.70125335 -25.795986
v 13.015156 -2.219184 -26.056143
v 13.015156 -2.219184 -26.056143
v 12.786767 -2.2191803 -25.79602
v 13.013789 -2.4490643 -25.795567
v 12.9190235 -2.2192101 -21.312582
v 12.92039 -2.4490707 -21.573149
v 12.693369 -2.2192123 -21.573574
v 18.052782 -2.1831992 -25.474243
v 17.82713 -2.1831877 -25.735224
v 17.825762 -2.4819956 -25.474678
v 17.959385 -2.1832044 -21.2518
v 17.732372 -2.481998 -21.252218
v 17.731005 -2.1832018 -20.991674
v 17.825762 -2.4819956 -25.474678
v 17.82713 -2.1831877 -25.735224
v 13.013789 -2.4490643 -25.795567
v 13.015156 -2.219184 -26.056143
v 13.013789 -2.4490643 -25.795567
v 17.82713 -2.1831877 -25.735224
v 12.92039 -2.4490707 -21.573149
v 12.9190235 -2.2192101 -21.312582
v 17.732372 -2.481998 -21.252218
v 17.731005 -2.1832018 -20.991674
v 17.732372 -2.481998 -21.252218
v 12.9190235 -2.2192101 -21.312582
v 20.427633 0.026450805 2.7450418
v 20.84422 0.026450805 2.6202555
v 20.426073 -2.9622812 2.7606704
v 20.842651 -2.9622812 2.6358829
v 20.426073 -2.9622812 2.7606704
v 20.84422 0.026450805 2.6202555
v 0.08793823 -2.9622834 2.0288198
v -0.2906958 -2.9622784 1.7764956
v 0.08949341 0.02645111 2.01319
v -0.28914672 0.026449889 1.7608694
v 0.08949341 0.02645111 2.01319
v -0.2906958 -2.9622784 1.7764956
v 21.951015 0.026463928 -24.532724
v 21.572357 0.026463011 -24.785046
v 21.951015 -2.962261 -24.532724
v 21.572369 -2.9622607 -24.785042
v 21.951015 -2.962261 -24.532724
v 21.572357 0.026463011 -24.785046
v 1.2342334 -0.065947264 -25.5169
v 0.81764954 -0.08994263 -25.392124
v 1.2342322 -2.9622557 -25.5169
v 0.8176703 -2.9622583 -25.39212
v 1.2342322 -2.9622557 -25.5169
v 0.81764954 -0.08994263 -25.392124
v -0.2906958 -2.9622784 1.7764956
v 0.08793823 -2.9622834 2.0288198
v 0.106927484 -3.1824884 1.8402675
v 20.842651 -2.9622812 2.6358829
v 20.445032 -3.1824934 2.5721157
v 20.426073 -2.9622812 2.7606704
v 1.2342322 -2.9622557 -25.5169
v 0.8176703 -2.9622583 -25.39212
v 1.2152783 -3.1824706 -25.328346
v 21.572369 -2.9622607 -24.785042
v 21.553417 -3.182471 -24.596487
v 21.951015 -2.962261 -24.532724
v 11.162502 3.5335424 -0.7283176
v 22.010246 3.5784483 -0.82439303
v 11.151258 -1.0661889 -0.66896707
v 21.998966 -1.0212817 -0.7650425
v 22.404602 3.5793457 -1.197833
v 22.367214 3.504917 -11.3559675
v 22.393337 -1.0203857 -1.1384836
v 22.355412 -1.094978 -11.327013
v 21.95985 3.5005004 -11.715142
v 11.112127 3.4555943 -11.619073
v 21.94805 -1.0993946 -11.686194
v 11.100346 -1.1442993 -11.590118
v 10.717766 3.4546971 -11.245645
v 10.755151 3.5291271 -1.0875046
v 10.705972 -1.1451977 -11.216693
v 10.743901 -1.070603 -1.0281552
v 22.367214 3.504917 -11.3559675
v 21.95985 3.5005004 -11.715142
v 22.355412 -1.094978 -11.327013
v 21.94805 -1.0993946 -11.686194
v 11.112127 3.4555943 -11.619073
v 10.717766 3.4546971 -11.245645
v 11.100346 -1.1442993 -11.590118
v 10.705972 -1.1451977 -11.216693
v 11.1095295 -1.5434692 -11.221937
v 10.705972 -1.1451977 -11.216693
v 11.147463 -1.4688721 -1.0333995
v 10.743901 -1.070603 -1.0281552
v 21.957258 -1.4985596 -11.318013
v 21.94805 -1.0993946 -11.686194
v 11.1095295 -1.5434692 -11.221937
v 11.100346 -1.1442993 -11.590118
v 21.995163 -1.4239672 -1.1294749
v 22.393337 -1.0203857 -1.1384836
v 21.957258 -1.4985596 -11.318013
v 22.355412 -1.094978 -11.327013
v 11.147463 -1.4688721 -1.0333995
v 11.151258 -1.0661889 -0.66896707
v 21.995163 -1.4239672 -1.1294749
v 21.998966 -1.0212817 -0.7650425
v 19.919338 4.305172 1.7917618
v 25.328459 4.3051734 2.0492716
v 19.917933 0.332572 1.8221133
v 25.327013 0.332572 2.0796132
v 25.746105 4.305171 1.7020841
v 26.267412 4.3051963 -9.862091
v 25.744684 0.33256835 1.7324356
v 26.267414 0.3325879 -9.8621
v 25.88408 4.3051987 -10.24684
v 20.47499 4.3051963 -10.504347
v 25.884094 0.33259153 -10.246849
v 20.475018 0.3325879 -10.5043545
v 20.057325 4.3051963 -10.157174
v 19.536022 4.305172 1.407001
v 20.057337 0.3325903 -10.157183
v 19.53461 0.332572 1.4373525
v 25.328459 4.3051734 2.0492716
v 25.746105 4.305171 1.7020841
v 25.327013 0.332572 2.0796132
v 25.744684 0.33256835 1.7324356
v 26.267412 4.3051963 -9.862091
v 25.88408 4.3051987 -10.24684
v 26.267414 0.3325879 -9.8621
v 25.884094 0.33259153 -10.246849
v 20.47499 4.3051963 -10.504347
v 20.057325 4.3051963 -10.157174
v 20.475018 0.3325879 -10.5043545
v 20.057337 0.3325903 -10.157183
v 20.457846 -0.06834961 -10.138394
v 20.057337 0.3325903 -10.157183
v 19.935123 -0.06836303 1.4561465
v 19.53461 0.332572 1.4373525
v 25.866936 -0.06835449 -9.880887
v 25.884094 0.33259153 -10.246849
v 20.457846 -0.06834961 -10.138394
v 20.475018 0.3325879 -10.5043545
v 25.344189 -0.06836548 1.7136514
v 25.744684 0.33256835 1.7324356
v 25.866936 -0.06835449 -9.880887
v 26.267414 0.3325879 -9.8621
v 19.935123 -0.06836303 1.4561465
v 19.917933 0.332572 1.8221133
v 25.344189 -0.06836548 1.7136514
v 25.327013 0.332572 2.0796132
v 14.525772 4.211831 -1.871853
v 14.688583 4.2118382 -8.350415
v 14.52734 -0.055947874 -1.8562222
v 14.688583 -0.05594055 -8.35042
v 0.4508609 4.211831 -1.6526941
v 14.210167 4.211831 -1.6689941
v 0.45242554 -0.055947874 -1.637067
v 14.211737 -0.055947874 -1.6533645
v 14.335315 4.2118382 -8.524599
v 0.57601833 4.2118373 -8.508301
v 14.335327 -0.05594055 -8.524606
v 0.5760193 -0.05594055 -8.508307
v 0.26040313 4.2118373 -8.305454
v 0.0975943 4.211831 -1.8268859
v 0.2604248 -0.05594055 -8.305459
v 0.09917236 -0.055947874 -1.8112527
v 0.5948547 -0.43846497 -8.319785
v 0.2604248 -0.05594055 -8.305459
v 0.43361938 -0.4384747 -1.8255856
v 0.09917236 -0.055947874 -1.8112527
v 14.354167 -0.43846497 -8.336084
v 14.335327 -0.05594055 -8.524606
v 0.5948547 -0.43846497 -8.319785
v 0.5760193 -0.05594055 -8.508307
v 14.192906 -0.4384747 -1.8418808
v 14.52734 -0.055947874 -1.8562222
v 14.354167 -0.43846497 -8.336084
v 14.688583 -0.05594055 -8.35042
v 0.43361938 -0.4384747 -1.8255856
v 0.45242554 -0.055947874 -1.637067
v 14.192906 -0.4384747 -1.8418808
v 14.211737 -0.055947874 -1.6533645
v 34.20382 1.8730066 -7.208871
v 34.20744 -3.192893 -7.19222
v 28.687063 1.8730041 -6.009938
v 28.690691 -3.192893 -5.9932847
v 28.4427 1.8730041 -6.1671677
v 28.44632 -3.192893 -6.150516
v 27.335396 1.8730187 -11.423604
v 27.335405 -3.1928878 -11.423613
v 27.492628 1.8730187 -11.66797
v 27.492632 -3.192883 -11.667975
v 33.00939 1.8730187 -12.866904
v 33.00938 -3.1928854 -12.86691
v 33.25374 1.8730187 -12.709682
v 33.25373 -3.1928854 -12.709687
v 34.361046 1.8730066 -7.453242
v 34.364662 -3.192893 -7.4365854
v 28.687063 1.8730041 -6.009938
v 28.690691 -3.192893 -5.9932847
v 28.4427 1.8730041 -6.1671677
v 28.44632 -3.192893 -6.150516
v 27.335396 1.8730187 -11.423604
v 27.335405 -3.1928878 -11.423613
v 27.492628 1.8730187 -11.66797
v 27.492632 -3.192883 -11.667975
v 33.00939 1.8730187 -12.866904
v 33.00938 -3.1928854 -12.86691
v 33.25374 1.8730187 -12.709682
v 33.25373 -3.1928854 -12.709687
v 33.052944 -3.3983517 -12.666114
v 34.163857 -3.3983617 -7.3930125
v 33.25373 -3.1928854 -12.709687
v 34.364662 -3.192893 -7.4365854
v 27.536184 -3.3983564 -11.467182
v 33.052944 -3.3983517 -12.666114
v 27.492632 -3.192883 -11.667975
v 33.00938 -3.1928854 -12.86691
v 28.647114 -3.3983667 -6.194081
v 27.536184 -3.3983564 -11.467182
v 28.44632 -3.192893 -6.150516
v 27.335405 -3.1928878 -11.423613
v 34.163857 -3.3983617 -7.3930125
v 28.647114 -3.3983667 -6.194081
v 34.20744 -3.192893 -7.19222
v 28.690691 -3.192893 -5.9932847
v 37.473186 1.1332787 -3.75465
v 37.62907 -1.5376266 -3.723006
v 31.639675 1.1324146 -2.5616055
v 31.6482 -1.5392575 -2.507414
v 31.365936 1.1293774 -2.7858028
v 31.374445 -1.545105 -2.7316132
v 30.367533 1.0912415 -7.535673
v 30.37401 -1.6187447 -7.502134
v 30.591757 1.0887146 -7.809408
v 30.598211 -1.6236007 -7.7758627
v 36.42526 1.0895623 -9.002441
v 36.579082 -1.621994 -8.99146
v 36.699005 1.092597 -8.778253
v 36.852818 -1.6161474 -8.767279
v 37.697395 1.1307495 -4.0283904
v 37.85327 -1.5424997 -3.9967473
v 31.639675 1.1324146 -2.5616055
v 31.6482 -1.5392575 -2.507414
v 31.365936 1.1293774 -2.7858028
v 31.374445 -1.545105 -2.7316132
v 30.367533 1.0912415 -7.535673
v 30.37401 -1.6187447 -7.502134
v 30.591757 1.0887146 -7.809408
v 30.598211 -1.6236007 -7.7758627
v 36.42526 1.0895623 -9.002441
v 36.579082 -1.621994 -8.99146
v 36.699005 1.092597 -8.778253
v 36.852818 -1.6161474 -8.767279
v 36.604427 -1.9116088 -8.739516
v 37.604855 -1.8379415 -3.9689872
v 36.852818 -1.6161474 -8.767279
v 37.85327 -1.5424997 -3.9967473
v 30.623545 -1.9132198 -7.5239224
v 36.604427 -1.9116088 -8.739516
v 30.598211 -1.6236007 -7.7758627
v 36.579082 -1.621994 -8.99146
v 31.623999 -1.8395727 -2.7534027
v 30.623545 -1.9132198 -7.5239224
v 31.374445 -1.545105 -2.7316132
v 30.37401 -1.6187447 -7.502134
v 37.604855 -1.8379415 -3.9689872
v 31.623999 -1.8395727 -2.7534027
v 37.62907 -1.5376266 -3.723006
v 31.6482 -1.5392575 -2.507414
v 36.200577 3.5426695 -1.2559335
v 36.399075 0.1998999 -1.2407236
v 24.6842 3.541588 2.3634415
v 24.703163 0.19785888 2.4294276
v 24.309578 3.5377867 2.1273038
v 24.32852 0.19053955 2.19329
v 21.74681 3.4900646 -5.2398276
v 21.76004 0.098380126 -5.199172
v 21.982985 3.486903 -5.614453
v 21.99619 0.092304684 -5.5737863
v 33.499355 3.4879663 -9.23381
v 33.6921 0.094320066 -9.243942
v 33.87399 3.4917638 -8.997681
v 34.06672 0.10163696 -9.007821
v 36.43674 3.5395043 -1.6305624
v 36.63522 0.19380127 -1.6153524
v 24.6842 3.541588 2.3634415
v 24.703163 0.19785888 2.4294276
v 24.309578 3.5377867 2.1273038
v 24.32852 0.19053955 2.19329
v 21.74681 3.4900646 -5.2398276
v 21.76004 0.098380126 -5.199172
v 21.982985 3.486903 -5.614453
v 21.99619 0.092304684 -5.5737863
v 33.499355 3.4879663 -9.23381
v 33.6921 0.094320066 -9.243942
v 33.87399 3.4917638 -8.997681
v 34.06672 0.10163696 -9.007821
v 33.76251 -0.2681494 -8.934951
v 36.330986 -0.17595947 -1.5424826
v 34.06672 0.10163696 -9.007821
v 36.63522 0.19380127 -1.6153524
v 22.066586 -0.270166 -5.2647996
v 33.76251 -0.2681494 -8.934951
v 21.99619 0.092304684 -5.5737863
v 33.6921 0.094320066 -9.243942
v 24.63509 -0.17800048 2.1276603
v 22.066586 -0.270166 -5.2647996
v 24.32852 0.19053955 2.19329
v 21.76004 0.098380126 -5.199172
v 36.330986 -0.17595947 -1.5424826
v 24.63509 -0.17800048 2.1276603
v 36.399075 0.1998999 -1.2407236
v 24.703163 0.19785888 2.4294276
v 14.849782 0.470271 -6.1048975
v 26.208254 0.49550292 -11.16576
v 14.849775 -0.17546874 -6.1049023
v 26.216623 -0.17548095 -11.169538
v 14.70332 0.470271 -6.1604443
v 14.849782 0.470271 -6.1048975
v 14.703318 -0.17546874 -6.160449
v 14.849775 -0.17546874 -6.1049023
v 26.263805 0.49550292 -11.3122225
v 22.548567 0.4955078 -19.714033
v 26.272175 -0.17548095 -11.315997
v 22.556946 -0.17547852 -19.717804
v 22.402102 0.4955078 -19.769575
v 11.169603 0.47027344 -14.757643
v 22.41048 -0.17547852 -19.773348
v 11.169601 -0.1754663 -14.757643
v 11.114057 0.47027344 -14.611177
v 14.70332 0.470271 -6.1604443
v 11.114054 -0.1754663 -14.611177
v 14.703318 -0.17546874 -6.160449
v 11.169603 0.47027344 -14.757643
v 11.114057 0.47027344 -14.611177
v 11.169601 -0.1754663 -14.757643
v 11.114054 -0.1754663 -14.611177
v 11.215057 -0.28623292 -14.656642
v 11.114054 -0.1754663 -14.611177
v 14.804318 -0.28623292 -6.205903
v 14.703318 -0.17546874 -6.160449
v 22.45594 -0.28624266 -19.672344
v 22.41048 -0.17547852 -19.773348
v 11.215057 -0.28623292 -14.656642
v 11.169601 -0.1754663 -14.757643
v 25.848118 -2.500991 -6.0350647
v 25.889587 -3.9326024 -6.0436034
v 17.56782 -2.5155907 -6.316013
v 17.60928 -3.9503758 -6.324547
v 17.362785 -2.5164964 -6.5635962
v 17.404245 -3.951477 -6.57213
v 17.746689 -2.3991797 -14.092421
v 17.78991 -3.808374 -14.11972
v 17.99422 -2.3925438 -14.297422
v 18.037428 -3.8003027 -14.324716
v 26.274529 -2.3779564 -14.016476
v 26.317736 -3.782529 -14.043776
v 26.479553 -2.3770385 -13.768897
v 26.522766 -3.781416 -13.7962
v 26.095646 -2.4943578 -6.2400756
v 26.137106 -3.9245312 -6.248607
v 18.140898 -4.0801926 -14.105311
v 26.30101 -4.0809617 -13.825667
v 18.037428 -3.8003027 -14.324716
v 26.317736 -3.782529 -14.043776
v 17.750444 -4.2211695 -6.7243185
v 18.140898 -4.0801926 -14.105311
v 17.404245 -3.951477 -6.57213
v 17.78991 -3.808374 -14.11972
v 25.72567 -4.209619 -6.470582
v 17.750444 -4.2211695 -6.7243185
v 25.889587 -3.9326024 -6.0436034
v 17.60928 -3.9503758 -6.324547
v 2.7971857 2.7490294 8.478729
v 13.311572 2.749032 8.785955
v 2.7959235 -3.465956 8.505437
v 13.310283 -3.4659536 8.812672
v 13.649165 2.7490344 8.479091
v 14.39447 2.7438476 -12.816417
v 13.64789 -3.465951 8.505805
v 14.394472 -3.4659052 -12.816445
v 14.087617 2.74385 -13.154027
v 3.5732458 2.7438488 -13.461253
v 14.087622 -3.465907 -13.154054
v 3.5732625 -3.4659047 -13.461278
v 3.2356415 2.7438488 -13.1544075
v 2.49034 2.7490294 8.141112
v 3.235653 -3.4659057 -13.154434
v 2.4890728 -3.465956 8.16782
v 13.311572 2.749032 8.785955
v 13.649165 2.7490344 8.479091
v 13.310283 -3.4659536 8.812672
v 13.64789 -3.465951 8.505805
v 14.39447 2.7438476 -12.816417
v 14.087617 2.74385 -13.154027
v 14.394472 -3.4659052 -12.816445
v 14.087622 -3.465907 -13.154054
v 3.5732458 2.7438488 -13.461253
v 3.2356415 2.7438488 -13.1544075
v 3.5732625 -3.4659047 -13.461278
v 3.235653 -3.4659057 -13.154434
v 3.5578847 -3.7885008 -13.139051
v 3.235653 -3.4659057 -13.154434
v 2.811306 -3.7885463 8.183206
v 2.4890728 -3.465956 8.16782
v 14.072255 -3.7885 -12.831823
v 14.087622 -3.465907 -13.154054
v 3.5578847 -3.7885008 -13.139051
v 3.5732625 -3.4659047 -13.461278
v 13.325666 -3.7885487 8.490445
v 13.64789 -3.465951 8.505805
v 14.072255 -3.7885 -12.831823
v 14.394472 -3.4659052 -12.816445
v 2.811306 -3.7885463 8.183206
v 2.7959235 -3.465956 8.505437
v 13.325666 -3.7885487 8.490445
v 13.310283 -3.4659536 8.812672
v 20.470148 -0.05413391 -25.51541
v 19.565783 -0.054158017 -8.593522
v 20.470154 -2.551664 -25.515415
v 19.564722 -1.6807486 -8.570382
v 19.830776 -1.6807486 -8.278339
v 19.564722 -1.6807486 -8.570382
v 19.831839 -0.054158017 -8.301483
v 19.565783 -0.054158017 -8.593522
v 20.762188 -0.05413391 -25.781464
v 20.470148 -0.05413391 -25.51541
v 20.762194 -2.5516639 -25.781479
v 20.470154 -2.551664 -25.515415
v 30.25204 -0.05413391 -25.339994
v 20.762188 -0.05413391 -25.781464
v 30.252037 -2.551664 -25.340004
v 20.762194 -2.5516639 -25.781479
v 30.518103 -0.05413269 -25.047964
v 30.25204 -0.05413391 -25.339994
v 30.5181 -2.551664 -25.047974
v 30.252037 -2.551664 -25.340004
v 30.23906 -2.7362344 -25.060957
v 30.252037 -2.551664 -25.340004
v 20.749214 -2.7362344 -25.502426
v 20.762194 -2.5516639 -25.781479
v 31.984385 1.0566796 -6.1546707
v 32.014893 -1.4711996 -6.0898376
v 24.6578 1.0558167 -6.2607403
v 24.654318 -1.4728308 -6.205992
v 24.43946 1.0527796 -6.5391717
v 24.43596 -1.478678 -6.484431
v 24.921225 1.1183203 -16.018717
v 24.918741 -1.4486413 -15.9846525
v 25.209015 1.1157935 -16.224592
v 25.206509 -1.4534973 -16.190527
v 32.52517 1.1166406 -15.856848
v 32.556076 -1.4518914 -15.806178
v 32.731064 1.1196753 -15.569089
v 32.761963 -1.4460443 -15.51843
v 32.262833 1.0541497 -6.3730097
v 32.29333 -1.4760727 -6.30818
v 24.6578 1.0558167 -6.2607403
v 24.654318 -1.4728308 -6.205992
v 24.43946 1.0527796 -6.5391717
v 24.43596 -1.478678 -6.484431
v 24.921225 1.1183203 -16.018717
v 24.918741 -1.4486413 -15.9846525
v 25.209015 1.1157935 -16.224592
v 25.206509 -1.4534973 -16.190527
v 32.52517 1.1166406 -15.856848
v 32.556076 -1.4518914 -15.806178
v 32.731064 1.1196753 -15.569089
v 32.761963 -1.4460443 -15.51843
v 32.514915 -1.7415051 -15.556331
v 32.04483 -1.7715139 -6.335189
v 32.761963 -1.4460443 -15.51843
v 32.29333 -1.4760727 -6.30818
v 25.165339 -1.7431177 -15.940687
v 32.514915 -1.7415051 -15.556331
v 25.206509 -1.4534973 -16.190527
v 32.556076 -1.4518914 -15.806178
v 24.684273 -1.7731463 -6.451349
v 25.165339 -1.7431177 -15.940687
v 24.43596 -1.478678 -6.484431
v 24.918741 -1.4486413 -15.9846525
v 32.04483 -1.7715139 -6.335189
v 24.684273 -1.7731463 -6.451349
v 32.014893 -1.4711996 -6.0898376
v 24.654318 -1.4728308 -6.205992
v 29.652374 -0.24237457 1.0068439
v 37.059875 -0.20546691 1.8544328
v 29.62486 -6.607013 1.2518601
v 37.032345 -6.570106 2.0994515
v 37.39957 -0.21574767 1.594524
v 38.39283 -0.490737 -6.247721
v 37.372074 -6.5803843 1.8395427
v 38.36862 -6.8562646 -6.027565
v 38.132725 -0.50149536 -6.5872684
v 30.72521 -0.53840023 -7.434856
v 38.108517 -6.867013 -6.367111
v 30.701033 -6.9039207 -7.2147064
v 30.385519 -0.5281195 -7.1749578
v 29.392275 -0.2531305 0.66728765
v 30.361338 -6.893641 -6.9548078
v 29.364777 -6.6177673 0.9123072
v 37.059875 -0.20546691 1.8544328
v 37.39957 -0.21574767 1.594524
v 37.032345 -6.570106 2.0994515
v 37.372074 -6.5803843 1.8395427
v 38.39283 -0.490737 -6.247721
v 38.132725 -0.50149536 -6.5872684
v 38.36862 -6.8562646 -6.027565
v 38.108517 -6.867013 -6.367111
v 30.72521 -0.53840023 -7.434856
v 30.385519 -0.5281195 -7.1749578
v 30.701033 -6.9039207 -7.2147064
v 30.361338 -6.893641 -6.9548078
v 30.660088 -7.195758 -6.90452
v 30.361338 -6.893641 -6.9548078
v 29.663544 -6.919889 0.96259314
v 29.364777 -6.6177673 0.9123072
v 38.06759 -7.1588583 -6.0569334
v 38.108517 -6.867013 -6.367111
v 30.660088 -7.195758 -6.90452
v 30.701033 -6.9039207 -7.2147064
v 37.071022 -6.882988 1.8101852
v 37.372074 -6.5803843 1.8395427
v 38.06759 -7.1588583 -6.0569334
v 38.36862 -6.8562646 -6.027565
v 29.663544 -6.919889 0.96259314
v 29.62486 -6.607013 1.2518601
v 37.071022 -6.882988 1.8101852
v 37.032345 -6.570106 2.0994515
v 30.152496 -1.3404797 -2.3997083
v 43.07329 -1.3414972 -1.665524
v 30.11144 -5.511824 -2.3265908
v 43.071785 -5.5137415 -1.6010519
v 43.357372 -1.3450717 -1.9693832
v 43.921593 -1.3898901 -8.471144
v 43.355896 -5.520617 -1.9049197
v 43.919247 -5.6071873 -8.431058
v 43.617695 -1.39286 -8.755223
v 30.6969 -1.3918618 -9.489389
v 43.61538 -5.612894 -8.715133
v 30.65502 -5.611001 -9.440669
v 30.412802 -1.3882922 -9.185544
v 29.84861 -1.3434513 -2.6837976
v 30.37093 -5.604127 -9.136836
v 29.807556 -5.517554 -2.610689
v 43.07329 -1.3414972 -1.665524
v 43.357372 -1.3450717 -1.9693832
v 43.071785 -5.5137415 -1.6010519
v 43.355896 -5.520617 -1.9049197
v 43.921593 -1.3898901 -8.471144
v 43.617695 -1.39286 -8.755223
v 43.919247 -5.6071873 -8.431058
v 43.61538 -5.612894 -8.715133
v 30.6969 -1.3918618 -9.489389
v 30.412802 -1.3882922 -9.185544
v 30.65502 -5.611001 -9.440669
v 30.37093 -5.604127 -9.136836
v 30.664719 -5.9514813 -9.14314
v 30.37093 -5.604127 -9.136836
v 30.101358 -5.864891 -2.6170053
v 29.807556 -5.517554 -2.610689
v 43.625088 -5.9533873 -8.417609
v 43.61538 -5.612894 -8.715133
v 30.664719 -5.9514813 -9.14314
v 30.65502 -5.611001 -9.440669
v 43.061707 -5.866805 -1.8914639
v 43.355896 -5.520617 -1.9049197
v 43.625088 -5.9533873 -8.417609
v 43.919247 -5.6071873 -8.431058
v 30.101358 -5.864891 -2.6170053
v 30.11144 -5.511824 -2.3265908
v 43.061707 -5.866805 -1.8914639
v 43.071785 -5.5137415 -1.6010519
v 34.0035 -1.228248 -16.209423
v 27.980724 -1.2834479 -17.506464
v 33.946133 -4.2909675 -16.221363
v 27.903866 -4.346371 -17.52048
v 32.85182 -1.2548267 -9.124669
v 34.15572 -1.2276837 -15.689869
v 32.783157 -4.3109655 -9.132655
v 34.098343 -4.2903943 -15.70181
v 27.663801 -1.2881912 -17.036943
v 26.154842 -1.4987885 -10.222368
v 27.586954 -4.351116 -17.05097
v 26.075798 -4.3720517 -10.235935
v 26.258919 -1.4988049 -9.691082
v 32.49333 -1.2599841 -8.686095
v 26.179884 -4.3720694 -9.704656
v 32.424664 -4.3161173 -8.69408
v 32.783157 -4.3109655 -9.132655
v 32.424664 -4.3161173 -8.69408
v 32.85182 -1.2548267 -9.124669
v 32.49333 -1.2599841 -8.686095
v 27.980724 -1.2834479 -17.506464
v 27.663801 -1.2881912 -17.036943
v 27.903866 -4.346371 -17.52048
v 27.586954 -4.351116 -17.05097
v 26.310255 -4.643627 -10.190214
v 26.179884 -4.3720694 -9.704656
v 32.555016 -4.587665 -9.179676
v 32.424664 -4.3161173 -8.69408
v 27.824707 -4.6226053 -17.026585
v 27.586954 -4.351116 -17.05097
v 26.310255 -4.643627 -10.190214
v 26.075798 -4.3720517 -10.235935
v 33.86694 -4.567193 -15.727457
v 33.946133 -4.2909675 -16.221363
v 27.824707 -4.6226053 -17.026585
v 27.903866 -4.346371 -17.52048
v 32.555016 -4.587665 -9.179676
v 32.783157 -4.3109655 -9.132655
v 33.86694 -4.567193 -15.727457
v 34.098343 -4.2903943 -15.70181
v 32.638084 -0.09552429 -7.792912
v 36.253654 -0.091542356 -8.482585
v 32.698 -3.3716474 -7.799703
v 36.313564 -3.3676653 -8.489376
v 36.401337 -0.09960907 -8.699323
v 35.21039 -0.17373107 -14.634966
v 36.461258 -3.375732 -8.706114
v 35.267433 -3.450564 -14.656858
v 34.99352 -0.18272033 -14.782405
v 31.377949 -0.18669982 -14.092731
v 35.05057 -3.4595556 -14.804305
v 31.435009 -3.463535 -14.114631
v 31.23027 -0.17863587 -13.876
v 32.421223 -0.10451569 -7.940359
v 31.287315 -3.4554684 -13.897897
v 32.48114 -3.380637 -7.947152
v 36.253654 -0.091542356 -8.482585
v 36.401337 -0.09960907 -8.699323
v 36.313564 -3.3676653 -8.489376
v 36.461258 -3.375732 -8.706114
v 35.21039 -0.17373107 -14.634966
v 34.99352 -0.18272033 -14.782405
v 35.267433 -3.450564 -14.656858
v 35.05057 -3.4595556 -14.804305
v 31.377949 -0.18669982 -14.092731
v 31.23027 -0.17863587 -13.876
v 31.435009 -3.463535 -14.114631
v 31.287315 -3.4554684 -13.897897
v 31.471642 -3.6403487 -13.924252
v 31.287315 -3.4554684 -13.897897
v 32.66547 -3.5655196 -7.9735045
v 32.48114 -3.380637 -7.947152
v 35.087215 -3.636372 -14.613925
v 35.05057 -3.4595556 -14.804305
v 31.471642 -3.6403487 -13.924252
v 31.435009 -3.463535 -14.114631
v 36.281033 -3.5615401 -8.663175
v 36.461258 -3.375732 -8.706114
v 35.087215 -3.636372 -14.613925
v 35.267433 -3.450564 -14.656858
v 32.66547 -3.5655196 -7.9735045
v 32.698 -3.3716474 -7.799703
v 36.281033 -3.5615401 -8.663175
v 36.313564 -3.3676653 -8.489376
v 11.403438 -0.39249876 -19.738499
v 11.216288 -0.22167236 -19.817547
v 9.589344 -0.39251494 -15.239914
v 9.402186 -0.22168182 -15.318972
v 15.792977 -0.3924991 -17.852934
v 15.87199 -0.22167145 -18.040085
v 11.403438 -0.39249876 -19.738499
v 11.482489 -0.22167236 -19.925617
v 14.098864 -0.39251035 -13.354446
v 14.285997 -0.22168334 -13.2754
v 15.792977 -0.3924991 -17.852934
v 15.98007 -0.22167267 -17.773882
v 9.589344 -0.39251494 -15.239914
v 9.510275 -0.2216812 -15.052775
v 14.098864 -0.39251035 -13.354446
v 14.019821 -0.22168334 -13.16732
v 9.51679 0.529743 -15.068305
v 14.026365 0.5297473 -13.182819
v 9.510275 -0.2216812 -15.052775
v 14.019821 -0.22168334 -13.16732
v 14.292553 0.5297485 -13.290924
v 15.98007 0.5297601 -17.773882
v 14.285997 -0.22168334 -13.2754
v 15.98007 -0.22167267 -17.773882
v 15.872006 0.5297607 -18.040073
v 11.482489 0.5297516 -19.925625
v 15.87199 -0.22167145 -18.040085
v 11.482489 -0.22167236 -19.925617
v 11.216288 0.5297522 -19.817547
v 9.408723 0.5297424 -15.3345
v 11.216288 -0.22167236 -19.817547
v 9.402186 -0.22168182 -15.318972
v 14.026365 0.5297473 -13.182819
v 14.292553 0.5297485 -13.290924
v 14.019821 -0.22168334 -13.16732
v 14.285997 -0.22168334 -13.2754
v 15.98007 0.5297601 -17.773882
v 15.872006 0.5297607 -18.040073
v 15.98007 -0.22167267 -17.773882
v 15.87199 -0.22167145 -18.040085
v 11.482489 0.5297516 -19.925625
v 11.216288 0.5297522 -19.817547
v 11.482489 -0.22167236 -19.925617
v 11.216288 -0.22167236 -19.817547
v 15.872006 0.5297607 -18.040073
v 15.98007 0.5297601 -17.773882
v 15.832457 0.7280243 -17.946514
v 15.886494 0.7280243 -17.813417
v 24.231012 -0.6518698 -21.303991
v 24.058632 -0.5042743 -21.270908
v 25.088005 -0.65188384 -17.20161
v 24.915613 -0.5042834 -17.16853
v 28.289387 -0.6518704 -22.057285
v 28.25628 -0.50427395 -22.229658
v 24.231012 -0.6518698 -21.303991
v 24.19795 -0.5042743 -21.476362
v 29.232512 -0.6518805 -18.012585
v 29.404884 -0.5042853 -18.04566
v 28.289387 -0.6518704 -22.057285
v 28.461735 -0.5042749 -22.090342
v 25.088005 -0.65188384 -17.20161
v 25.121067 -0.50428283 -17.029222
v 29.232512 -0.6518805 -18.012585
v 29.265587 -0.5042853 -17.840221
v 25.11829 0.14495361 -17.043507
v 29.262848 0.14495605 -17.854492
v 25.121067 -0.50428283 -17.029222
v 29.265587 -0.5042853 -17.840221
v 29.40214 0.14495727 -18.059961
v 28.461735 0.14496703 -22.090342
v 29.404884 -0.5042853 -18.04566
v 28.461735 -0.5042749 -22.090342
v 28.256296 0.14496826 -22.229652
v 24.197947 0.14495972 -21.476362
v 28.25628 -0.50427395 -22.229658
v 24.19795 -0.5042743 -21.476362
v 24.058632 0.14496155 -21.270908
v 24.91285 0.14495116 -17.182823
v 24.058632 -0.5042743 -21.270908
v 24.915613 -0.5042834 -17.16853
v 29.262848 0.14495605 -17.854492
v 29.40214 0.14495727 -18.059961
v 29.265587 -0.5042853 -17.840221
v 29.404884 -0.5042853 -18.04566
v 28.461735 0.14496703 -22.090342
v 28.256296 0.14496826 -22.229652
v 28.461735 -0.5042749 -22.090342
v 28.25628 -0.50427395 -22.229658
v 24.197947 0.14495972 -21.476362
v 24.058632 0.14496155 -21.270908
v 24.19795 -0.5042743 -21.476362
v 24.058632 -0.5042743 -21.270908
v 28.256296 0.14496826 -22.229652
v 28.461735 0.14496703 -22.090342
v 28.272814 0.3162683 -22.143461
v 28.375528 0.3162683 -22.073812
v 13.980902 0.0040692138 -18.28316
v 14.295873 0.004077148 -25.010271
v 13.980531 -4.2632294 -18.267452
v 14.295873 -4.263212 -25.010275
v 8.414749 0.0040679933 -18.366041
v 13.575032 0.0040686033 -18.127024
v 8.414389 -4.2632294 -18.35034
v 13.574661 -4.2632265 -18.111319
v 13.899115 0.0040777586 -25.233034
v 8.738852 0.004078369 -25.472054
v 13.899124 -4.2632136 -25.233034
v 8.738852 -4.2632084 -25.472057
v 8.332982 0.0040789796 -25.31593
v 8.018002 0.004067688 -18.58881
v 8.333001 -4.263211 -25.31593
v 8.01765 -4.2632256 -18.573101
v 8.734301 -4.4834223 -25.282614
v 8.333001 -4.263211 -25.31593
v 8.418968 -4.4834356 -18.539783
v 8.01765 -4.2632256 -18.573101
v 13.894584 -4.4834247 -25.04359
v 13.899124 -4.2632136 -25.233034
v 8.734301 -4.4834223 -25.282614
v 8.738852 -4.2632084 -25.472057
v 13.579212 -4.4834394 -18.300764
v 13.980531 -4.2632294 -18.267452
v 13.894584 -4.4834247 -25.04359
v 14.295873 -4.263212 -25.010275
v 8.418968 -4.4834356 -18.539783
v 8.414389 -4.2632294 -18.35034
v 13.579212 -4.4834394 -18.300764
v 13.574661 -4.2632265 -18.111319
v 4.5661325 -0.70125365 -26.078754
v 4.5529294 -0.7012695 -21.855288
v 4.5473046 -2.689262 -26.078438
v 4.534111 -2.6892765 -21.85497
v 4.7835255 -0.70126706 -21.598637
v 12.002958 -0.70125484 -21.414839
v 4.764697 -2.6892753 -21.598314
v 12.002958 -2.6729636 -21.41484
v 12.226347 -0.70125365 -21.679262
v 12.239531 -0.70125425 -25.90272
v 12.226347 -2.6729648 -21.679256
v 12.239541 -2.672963 -25.902714
v 12.008985 -0.70124906 -26.15938
v 4.789541 -0.7012561 -26.343184
v 12.008974 -2.6729577 -26.159365
v 4.770713 -2.6892636 -26.342852
v 12.239531 -0.70125425 -25.90272
v 12.008985 -0.70124906 -26.15938
v 12.239541 -2.672963 -25.902714
v 12.008974 -2.6729577 -26.159365
v 11.999374 -2.8083174 -21.675365
v 12.226347 -2.6729648 -21.679256
v 12.012558 -2.8083165 -25.89884
v 12.239541 -2.672963 -25.902714
v 4.7742968 -2.7933996 -26.082294
v 4.5473046 -2.689262 -26.078438
v 4.7611036 -2.7934017 -21.858856
v 4.534111 -2.6892765 -21.85497
v 0.56718415 -0.41847533 -26.695168
v 0.52428496 -0.4184912 -23.835413
v 0.54835236 -1.7795141 -26.694967
v 0.5054526 -1.779541 -23.835222
v 0.75318664 -0.41848877 -23.577274
v 5.5769444 -0.41847655 -23.459581
v 0.73436433 -1.7795383 -23.577078
v 5.5769444 -1.7451397 -23.459581
v 5.802052 -0.41847533 -23.722551
v 5.844941 -0.41847596 -26.582293
v 5.802052 -1.7451419 -23.722546
v 5.844952 -1.7451407 -26.582285
v 5.6160593 -0.41847074 -26.840437
v 0.7923004 -0.41847748 -26.958134
v 5.61605 -1.7451297 -26.840422
v 0.7734784 -1.7795166 -26.957932
v 0.52428496 -0.4184912 -23.835413
v 0.75318664 -0.41848877 -23.577274
v 0.5054526 -1.779541 -23.835222
v 0.73436433 -1.7795383 -23.577078
v 5.5769444 -0.41847655 -23.459581
v 5.802052 -0.41847533 -23.722551
v 5.5769444 -1.7451397 -23.459581
v 5.802052 -1.7451419 -23.722546
v 5.844941 -0.41847596 -26.582293
v 5.6160593 -0.41847074 -26.840437
v 5.844952 -1.7451407 -26.582285
v 5.61605 -1.7451297 -26.840422
v 5.5750437 -2.0305808 -23.72012
v 5.802052 -1.7451419 -23.722546
v 5.617932 -2.030582 -26.579882
v 5.844952 -1.7451407 -26.582285
v 0.77538204 -1.9991248 -26.697357
v 0.54835236 -1.7795141 -26.694967
v 0.7324716 -1.999126 -23.837633
v 0.5054526 -1.779541 -23.835222
v 3.9670818 -1.5070727 -27.053213
v 3.6483612 -1.5070916 -22.841772
v 3.948283 -4.5243907 -27.054256
v 3.6295624 -4.5244083 -22.842817
v 3.8597577 -1.5070899 -22.56911
v 8.259963 -1.5070764 -22.241282
v 3.8409686 -4.5244074 -22.57015
v 8.259963 -4.5080943 -22.241282
v 8.501916 -1.5070752 -22.488848
v 8.820617 -1.5070727 -26.700277
v 8.501906 -4.5080957 -22.488848
v 8.820626 -4.508092 -26.700277
v 3.6483612 -1.5070916 -22.841772
v 3.8597577 -1.5070899 -22.56911
v 3.6295624 -4.5244083 -22.842817
v 3.8409686 -4.5244074 -22.57015
v 8.820617 -1.5070727 -26.700277
v 8.60925 -1.5070678 -26.972948
v 8.820626 -4.508092 -26.700277
v 8.60924 -4.508087 -26.972929
v 8.275236 -4.6434484 -22.50138
v 8.501906 -4.5080957 -22.488848
v 8.593957 -4.643446 -26.712831
v 8.820626 -4.508092 -26.700277
v 4.1749625 -4.628529 -27.041683
v 3.948283 -4.5243907 -27.054256
v 3.8562322 -4.6285334 -22.830273
v 3.6295624 -4.5244083 -22.842817
v 12.805595 -0.70125335 -25.795986
v 12.712197 -0.7012692 -21.573532
v 12.786767 -2.2191803 -25.79602
v 12.693369 -2.2192123 -21.573574
v 12.937861 -0.70126706 -21.312548
v 17.731005 -0.7012555 -20.991674
v 12.9190235 -2.2192101 -21.312582
v 17.731005 -2.1832018 -20.991674
v 17.959385 -0.70125365 -21.251806
v 18.052782 -0.70125395 -25.474253
v 17.959385 -2.1832044 -21.2518
v 18.052782 -2.1831992 -25.474243
v 17.827139 -0.70124906 -25.735239
v 13.033984 -0.7012558 -26.056118
v 17.82713 -2.1831877 -25.735224
v 13.015156 -2.219184 -26.056143
v 12.712197 -0.7012692 -21.573532
v 12.937861 -0.70126706 -21.312548
v 12.693369 -2.2192123 -21.573574
v 12.9190235 -2.2192101 -21.312582
v 17.731005 -0.7012555 -20.991674
v 17.959385 -0.70125365 -21.251806
v 17.731005 -2.1832018 -20.991674
v 17.959385 -2.1832044 -21.2518
v 18.052782 -0.70125395 -25.474253
v 17.827139 -0.70124906 -25.735239
v 18.052782 -2.1831992 -25.474243
v 17.82713 -2.1831877 -25.735224
v 17.732372 -2.481998 -21.252218
v 17.959385 -2.1832044 -21.2518
v 17.825762 -2.4819956 -25.474678
v 18.052782 -2.1831992 -25.474243
v 13.013789 -2.4490643 -25.795567
v 12.786767 -2.2191803 -25.79602
v 12.92039 -2.4490707 -21.573149
v 12.693369 -2.2192123 -21.573574
v 20.84422 0.026450805 2.6202555
v 21.951015 0.026463928 -24.532724
v 20.842651 -2.9622812 2.6358829
v 21.951015 -2.962261 -24.532724
v 0.08949341 0.02645111 2.01319
v 20.427633 0.026450805 2.7450418
v 0.08793823 -2.9622834 2.0288198
v 20.426073 -2.9622812 2.7606704
v 21.572357 0.026463011 -24.785046
v 1.2342334 -0.065947264 -25.5169
v 21.572369 -2.9622607 -24.785042
v 1.2342322 -2.9622557 -25.5169
v 0.81764954 -0.08994263 -25.392124
v -0.28914672 0.026449889 1.7608694
v 0.8176703 -2.9622583 -25.39212
v -0.2906958 -2.9622784 1.7764956
v 1.2152783 -3.1824706 -25.328346
v 0.8176703 -2.9622583 -25.39212
v 0.106927484 -3.1824884 1.8402675
v -0.2906958 -2.9622784 1.7764956
v 21.553417 -3.182471 -24.596487
v 21.572369 -2.9622607 -24.785042
v 1.2152783 -3.1824706 -25.328346
v 1.2342322 -2.9622557 -25.5169
v 20.445032 -3.1824934 2.5721157
v 20.842651 -2.9622812 2.6358829
v 21.553417 -3.182471 -24.596487
v 21.951015 -2.962261 -24.532724
v 0.106927484 -3.1824884 1.8402675
v 0.08793823 -2.9622834 2.0288198
v 20.445032 -3.1824934 2.5721157
v 20.426073 -2.9622812 2.7606704
v 21.995163 -1.4239672 -1.1294749
v 21.957258 -1.4985596 -11.318013
v 11.147463 -1.4688721 -1.0333995
v 11.1095295 -1.5434692 -11.221937
v 25.344189 -0.06836548 1.7136514
v 25.866936 -0.06835449 -9.880887
v 19.935123 -0.06836303 1.4561465
v 20.457846 -0.06834961 -10.138394
v 14.192906 -0.4384747 -1.8418808
v 14.354167 -0.43846497 -8.336084
v 0.43361938 -0.4384747 -1.8255856
v 0.5948547 -0.43846497 -8.319785
v 28.647114 -3.3983667 -6.194081
v 34.163857 -3.3983617 -7.3930125
v 27.536184 -3.3983564 -11.467182
v 33.052944 -3.3983517 -12.666114
v 31.623999 -1.8395727 -2.7534027
v 37.604855 -1.8379415 -3.9689872
v 30.623545 -1.9132198 -7.5239224
v 36.604427 -1.9116088 -8.739516
v 24.63509 -0.17800048 2.1276603
v 36.330986 -0.17595947 -1.5424826
v 22.066586 -0.270166 -5.2647996
v 33.76251 -0.2681494 -8.934951
v 22.45594 -0.28624266 -19.672344
v 11.215057 -0.28623292 -14.656642
v 26.171173 -0.28624266 -11.270538
v 14.804318 -0.28623292 -6.205903
v 17.750444 -4.2211695 -6.7243185
v 25.72567 -4.209619 -6.470582
v 18.140898 -4.0801926 -14.105311
v 26.30101 -4.0809617 -13.825667
v 13.325666 -3.7885487 8.490445
v 14.072255 -3.7885 -12.831823
v 2.811306 -3.7885463 8.183206
v 3.5578847 -3.7885008 -13.139051
v 29.371843 -2.7362585 -8.314124
v 30.23906 -2.7362344 -25.060957
v 19.843771 -2.7362585 -8.557399
v 20.749214 -2.7362344 -25.502426
v 24.684273 -1.7731463 -6.451349
v 32.04483 -1.7715139 -6.335189
v 25.165339 -1.7431177 -15.940687
v 32.514915 -1.7415051 -15.556331
v 37.071022 -6.882988 1.8101852
v 38.06759 -7.1588583 -6.0569334
v 29.663544 -6.919889 0.96259314
v 30.660088 -7.195758 -6.90452
v 43.061707 -5.866805 -1.8914639
v 43.625088 -5.9533873 -8.417609
v 30.101358 -5.864891 -2.6170053
v 30.664719 -5.9514813 -9.14314
v 33.86694 -4.567193 -15.727457
v 27.824707 -4.6226053 -17.026585
v 32.555016 -4.587665 -9.179676
v 26.310255 -4.643627 -10.190214
v 36.281033 -3.5615401 -8.663175
v 35.087215 -3.636372 -14.613925
v 32.66547 -3.5655196 -7.9735045
v 31.471642 -3.6403487 -13.924252
v 14.098864 -0.39251035 -13.354446
v 15.792977 -0.3924991 -17.852934
v 9.589344 -0.39251494 -15.239914
v 11.403438 -0.39249876 -19.738499
v 29.232512 -0.6518805 -18.012585
v 28.289387 -0.6518704 -22.057285
v 25.088005 -0.65188384 -17.20161
v 24.231012 -0.6518698 -21.303991
v 13.579212 -4.4834394 -18.300764
v 13.894584 -4.4834247 -25.04359
v 8.418968 -4.4834356 -18.539783
v 8.734301 -4.4834223 -25.282614
v 4.7611036 -2.7934017 -21.858856
v 11.999374 -2.8083174 -21.675365
v 4.7742968 -2.7933996 -26.082294
v 12.012558 -2.8083165 -25.89884
v 0.7324716 -1.999126 -23.837633
v 5.5750437 -2.0305808 -23.72012
v 0.77538204 -1.9991248 -26.697357
v 5.617932 -2.030582 -26.579882
v 3.8562322 -4.6285334 -22.830273
v 8.275236 -4.6434484 -22.50138
v 4.1749625 -4.628529 -27.041683
v 8.593957 -4.643446 -26.712831
v 12.92039 -2.4490707 -21.573149
v 17.732372 -2.481998 -21.252218
v 13.013789 -2.4490643 -25.795567
v 17.825762 -2.4819956 -25.474678
v 20.445032 -3.1824934 2.5721157
v 21.553417 -3.182471 -24.596487
v 0.106927484 -3.1824884 1.8402675
v 1.2152783 -3.1824706 -25.328346
v 11.115951 3.8582776 -11.254648
v 21.963678 3.9031858 -11.350721
v 11.153321 3.932705 -1.0965061
v 22.001047 3.9776123 -1.1925778
v 20.570604 4.7061386 -9.865636
v 25.73011 4.7061377 -9.620014
v 20.073338 4.7061095 1.1649355
v 25.232843 4.7061095 1.4105606
v 0.7146222 4.5993333 -8.245029
v 14.24405 4.5993333 -8.2487545
v 0.5421695 4.5993237 -1.9285525
v 14.071578 4.5993247 -1.9322671
v 32.98789 2.262285 -12.558079
v 34.052376 2.2622724 -7.479688
v 27.64407 2.2622838 -11.397154
v 28.708565 2.2622693 -6.318758
v 36.42937 1.4306439 -8.579754
v 37.373802 1.4031738 -4.1690083
v 30.68998 1.4304724 -7.4010077
v 31.63442 1.4382616 -2.9902534
v 33.569786 3.9148462 -8.709479
v 36.013107 3.8804576 -1.755195
v 22.168093 3.9146276 -5.122411
v 24.611427 3.9243712 1.8318838
v 14.881638 0.65660644 -6.3011036
v 11.337589 0.6566089 -14.651382
v 26.04027 0.6565893 -11.272025
v 22.370247 0.6565942 -19.573368
v 26.073751 -2.0598047 -13.530965
v 25.731619 -2.1706324 -6.5257163
v 18.098497 -2.0692894 -13.784708
v 17.756376 -2.1801293 -6.7794504
v 3.5578814 3.0664465 -13.139026
v 14.072253 3.0664477 -12.831797
v 2.8125658 3.0664086 8.156495
v 13.326941 3.066411 8.463721
v 20.936447 0.2553082 -25.313158
v 29.988413 0.2553082 -24.89205
v 20.095488 0.25528687 -9.251642
v 29.147455 0.25528687 -8.8305435
v 32.41903 1.4577222 -15.447681
v 31.977629 1.3265759 -6.580728
v 25.19746 1.4575512 -15.804706
v 24.746027 1.3616638 -6.6802425
v 30.796055 0.049743958 -7.0043015
v 37.94519 0.08641876 -6.191723
v 29.844255 0.31536254 0.5716697
v 36.993374 0.352041 1.3842632
v 30.757902 -0.9908697 -8.996195
v 43.566788 -0.99107665 -8.264034
v 30.203825 -1.023175 -2.898026
v 43.012684 -0.9819302 -2.1658487
v 26.562824 -0.7787738 -10.311532
v 28.009481 -0.7758621 -16.81482
v 32.517097 -0.7627441 -9.375747
v 33.74753 -0.76808774 -15.561203
v 31.442549 0.10709473 -13.890293
v 34.971992 0.11085937 -14.563599
v 32.616993 0.17714904 -8.041486
v 36.146446 0.18091308 -8.71479
v 11.403447 0.8424243 -19.738468
v 15.792953 0.8424255 -17.852936
v 9.595866 0.8424078 -15.255433
v 14.1054 0.8424139 -13.369969
v 24.231031 0.4151117 -21.30398
v 28.289362 0.4151123 -22.05728
v 25.08524 0.41509703 -17.215887
v 29.229757 0.41510192 -18.026873
v 8.824203 0.6044287 -25.197994
v 13.793929 0.6044281 -24.972858
v 8.520003 0.6044165 -18.626219
v 13.4897 0.6044165 -18.401072
v 12.012568 -0.28456298 -25.898827
v 11.999374 -0.2845688 -21.675371
v 4.793115 -0.28456512 -26.08262
v 4.7799215 -0.28457886 -21.859179
v 5.617932 -0.0017852783 -26.579872
v 5.5750427 -0.0017907715 -23.720123
v 0.79418427 -0.0017871093 -26.697561
v 0.7512936 -0.0018005371 -23.837833
v 8.593957 -1.0903827 -26.712822
v 8.275246 -1.0903897 -22.501387
v 4.193752 -1.0903851 -27.04065
v 3.8750212 -1.0904003 -22.829227
v 17.825762 -0.28456327 -25.47467
v 17.732372 -0.28456908 -21.252224
v 13.032617 -0.28456482 -25.79554
v 12.939209 -0.28457853 -21.573107
v 1.2984753 0.2811157 -25.237139
v 21.44767 0.37352782 -24.533632
v 0.21424316 0.37351438 1.7617764
v 20.363415 0.3735138 2.4652908
vt 0.018920898 0.9404297
vt 0.018920898 0.61035156
vt 0.018920898 0.61035156
vt 0.018920898 0.9404297
vt 0.018920898 0.61035156
vt 0.018920898 0.61035156
vt 0.018920898 0.9404297
vt 0.018920898 0.61035156
vt 0.018920898 0.61035156
vt 0.018920898 0.9404297
vt 0.018920898 0.61035156
vt 0.018920898 0.61035156
vt 0.018920898 0.9404297
vt 0.018920898 0.61035156
vt 0.018920898 0.61035156
vt 0.018920898 0.9404297
vt 0.018920898 0.61035156
vt 0.018920898 0.61035156
vt 0.018920898 0.9404297
vt 0.018920898 0.61035156
vt 0.018920898 0.61035156
vt 0.018920898 0.9404297
vt 0.018920898 0.61035156
vt 0.018920898 0.61035156
vt 0.018920898 0.9404297
vt 0.018920898 0.61035156
vt 0.018920898 0.61035156
vt 0.018920898 0.9404297
vt 0.018920898 0.61035156
vt 0.018920898 0.61035156
vt 0.018920898 0.9404297
vt 0.018920898 0.61035156
vt 0.018920898 0.61035156
vt 0.018920898 0.9404297
vt 0.018920898 0.61035156
vt 0.018920898 0.61035156
vt 0.0013256073 0.9428711
vt 0.0068740845 0.6533203
vt 0.0013256073 0.6533203
vt 0.0072250366 0.9428711
vt 0.010627747 0.6533203
vt 0.00409317 0.6533203
vt 0.008171082 0.9428711
vt 0.009552002 0.6533203
vt 0.0033035278 0.6533203
vt 0.01309967 0.9428711
vt 0.015213013 0.6533203
vt 0.008659363 0.6533203
vt 0.0016212463 0.9428711
vt 0.00982666 0.6533203
vt 0.0016212463 0.6533203
vt 0.010345459 0.9428711
vt 0.01537323 0.6533203
vt 0.005710602 0.6533203
vt 0.011741638 0.9428711
vt 0.0137786865 0.6533203
vt 0.0045433044 0.6533203
vt 0.019012451 0.9428711
vt 0.022155762 0.6533203
vt 0.012458801 0.6533203
vt 0.0016212463 0.04699707
vt 0.0016212463 0.6533203
vt 0.00982666 0.04699707
vt 0.00982666 0.6533203
vt 0.00982666 0.04699707
vt 0.0016212463 0.6533203
vt 0.005256653 0.04699707
vt 0.005710602 0.6533203
vt 0.020462036 0.04699707
vt 0.01537323 0.6533203
vt 0.020462036 0.04699707
vt 0.005710602 0.6533203
vt 0.00070619583 0.04699707
vt 0.0045433044 0.6533203
vt 0.016036987 0.04699707
vt 0.0137786865 0.6533203
vt 0.016036987 0.04699707
vt 0.0045433044 0.6533203
vt 0.010597229 0.04699707
vt 0.012458801 0.6533203
vt 0.025527954 0.04699707
vt 0.022155762 0.6533203
vt 0.025527954 0.04699707
vt 0.012458801 0.6533203
vt 0.01537323 0.6533203
vt 0.010345459 0.9428711
vt 0.3720703 0.6533203
vt 0.3720703 0.9428711
vt 0.3720703 0.6533203
vt 0.010345459 0.9428711
vt 0.00982666 0.6533203
vt 0.0016212463 0.9428711
vt 0.4555664 0.9428711
vt 0.025527954 0.04699707
vt 0.022155762 0.6533203
vt 0.45825195 0.04699707
vt 0.45874023 0.6533203
vt 0.45825195 0.04699707
vt 0.022155762 0.6533203
vt 0.00982666 0.6533203
vt 0.4555664 0.9428711
vt 0.4482422 0.6533203
vt 0.0016212463 0.9428711
vt 0.00982666 0.6533203
vt 0.0016212463 0.6533203
vt 0.010345459 0.9428711
vt 0.01537323 0.6533203
vt 0.005710602 0.6533203
vt 0.011741638 0.9428711
vt 0.0137786865 0.6533203
vt 0.0045433044 0.6533203
vt 0.019012451 0.9428711
vt 0.022155762 0.6533203
vt 0.012458801 0.6533203
vt 0.0016212463 0.04699707
vt 0.0016212463 0.6533203
vt 0.00982666 0.04699707
vt 0.00982666 0.6533203
vt 0.00982666 0.04699707
vt 0.0016212463 0.6533203
vt 0.005256653 0.04699707
vt 0.005710602 0.6533203
vt 0.020462036 0.04699707
vt 0.01537323 0.6533203
vt 0.020462036 0.04699707
vt 0.005710602 0.6533203
vt 0.00070619583 0.04699707
vt 0.0045433044 0.6533203
vt 0.016036987 0.04699707
vt 0.0137786865 0.6533203
vt 0.016036987 0.04699707
vt 0.0045433044 0.6533203
vt 0.010597229 0.04699707
vt 0.012458801 0.6533203
vt 0.025527954 0.04699707
vt 0.022155762 0.6533203
vt 0.025527954 0.04699707
vt 0.012458801 0.6533203
vt 0.01537323 0.6533203
vt 0.010345459 0.9428711
vt 0.3720703 0.6533203
vt 0.3720703 0.9428711
vt 0.3720703 0.6533203
vt 0.010345459 0.9428711
vt 0.00982666 0.6533203
vt 0.0016212463 0.9428711
vt 0.4555664 0.9428711
vt 0.025527954 0.04699707
vt 0.022155762 0.6533203
vt 0.45825195 0.04699707
vt 0.45874023 0.6533203
vt 0.45825195 0.04699707
vt 0.022155762 0.6533203
vt 0.00982666 0.6533203
vt 0.4555664 0.9428711
vt 0.4482422 0.6533203
vt 0.018920898 0.9404297
vt 0.018920898 0.61035156
vt 0.018920898 0.61035156
vt 0.018920898 0.9404297
vt 0.018920898 0.61035156
vt 0.018920898 0.61035156
vt 0.018920898 0.9404297
vt 0.018920898 0.61035156
vt 0.018920898 0.61035156
vt 0.018920898 0.9404297
vt 0.018920898 0.61035156
vt 0.018920898 0.61035156
vt 0.018920898 0.61035156
vt 0.65966797 0.61035156
vt 0.018920898 0.9404297
vt 0.65966797 0.9404297
vt 0.018920898 0.9404297
vt 0.65966797 0.61035156
vt 0.018920898 0.61035156
vt 0.65771484 0.61035156
vt 0.018920898 0.9404297
vt 0.65771484 0.9404297
vt 0.018920898 0.9404297
vt 0.65771484 0.61035156
vt 0.018920898 0.61035156
vt 0.65966797 0.61035156
vt 0.018920898 0.9404297
vt 0.65966797 0.9404297
vt 0.018920898 0.9404297
vt 0.65966797 0.61035156
vt 0.018920898 0.006668091
vt 0.65771484 0.006668091
vt 0.018920898 0.61035156
vt 0.65771484 0.61035156
vt 0.018920898 0.61035156
vt 0.65771484 0.006668091
vt 0.018920898 0.006668091
vt 0.65966797 0.006668091
vt 0.018920898 0.61035156
vt 0.65966797 0.61035156
vt 0.018920898 0.61035156
vt 0.65966797 0.006668091
vt 0.27075195 0.9628906
vt 0.27075195 0.61328125
vt 0.03060913 0.61328125
vt 0.27075195 0.9628906
vt 0.27075195 0.61328125
vt 0.03060913 0.61328125
vt 0.27075195 0.9628906
vt 0.27075195 0.61328125
vt 0.03060913 0.61328125
vt 0.27075195 0.9628906
vt 0.27075195 0.61328125
vt 0.03060913 0.61328125
vt 0.027618408 0.9404297
vt 0.027618408 0.61035156
vt 0.027618408 0.61035156
vt 0.018920898 0.9404297
vt 0.018920898 0.61035156
vt 0.018920898 0.61035156
vt 0.018920898 0.006668091
vt 0.18164062 0.006668091
vt 0.18164062 0.006668091
vt 0.018920898 0.9404297
vt 0.018920898 0.61035156
vt 0.018920898 0.61035156
vt 0.018920898 0.9404297
vt 0.018920898 0.61035156
vt 0.018920898 0.61035156
vt 0.018920898 0.9404297
vt 0.018920898 0.61035156
vt 0.018920898 0.61035156
vt 0.018920898 0.9404297
vt 0.018920898 0.61035156
vt 0.018920898 0.61035156
vt 0.018920898 0.9404297
vt 0.018920898 0.61035156
vt 0.018920898 0.61035156
vt 0.0016212463 0.9428711
vt 0.00982666 0.6533203
vt 0.0016212463 0.6533203
vt 0.010345459 0.9428711
vt 0.01537323 0.6533203
vt 0.005710602 0.6533203
vt 0.011741638 0.9428711
vt 0.0137786865 0.6533203
vt 0.0045433044 0.6533203
vt 0.019012451 0.9428711
vt 0.022155762 0.6533203
vt 0.012458801 0.6533203
vt 0.0016212463 0.04699707
vt 0.0016212463 0.6533203
vt 0.00982666 0.04699707
vt 0.00982666 0.6533203
vt 0.00982666 0.04699707
vt 0.0016212463 0.6533203
vt 0.005256653 0.04699707
vt 0.005710602 0.6533203
vt 0.020462036 0.04699707
vt 0.01537323 0.6533203
vt 0.020462036 0.04699707
vt 0.005710602 0.6533203
vt 0.00070619583 0.04699707
vt 0.0045433044 0.6533203
vt 0.016036987 0.04699707
vt 0.0137786865 0.6533203
vt 0.016036987 0.04699707
vt 0.0045433044 0.6533203
vt 0.010597229 0.04699707
vt 0.012458801 0.6533203
vt 0.025527954 0.04699707
vt 0.022155762 0.6533203
vt 0.025527954 0.04699707
vt 0.012458801 0.6533203
vt 0.01537323 0.6533203
vt 0.010345459 0.9428711
vt 0.3720703 0.6533203
vt 0.3720703 0.9428711
vt 0.3720703 0.6533203
vt 0.010345459 0.9428711
vt 0.00982666 0.6533203
vt 0.0016212463 0.9428711
vt 0.4555664 0.9428711
vt 0.025527954 0.04699707
vt 0.022155762 0.6533203
vt 0.45825195 0.04699707
vt 0.45874023 0.6533203
vt 0.45825195 0.04699707
vt 0.022155762 0.6533203
vt 0.00982666 0.6533203
vt 0.4555664 0.9428711
vt 0.4482422 0.6533203
vt 0.0013256073 0.9428711
vt 0.0013256073 0.6533203
vt 0.0068740845 0.6533203
vt 0.0072250366 0.9428711
vt 0.00409317 0.6533203
vt 0.010627747 0.6533203
vt 0.008171082 0.9428711
vt 0.0033035278 0.6533203
vt 0.009552002 0.6533203
vt 0.01309967 0.9428711
vt 0.008659363 0.6533203
vt 0.015213013 0.6533203
vt 0.0016212463 0.9428711
vt 0.0016212463 0.6533203
vt 0.00982666 0.6533203
vt 0.010345459 0.9428711
vt 0.005710602 0.6533203
vt 0.01537323 0.6533203
vt 0.011741638 0.9428711
vt 0.0045433044 0.6533203
vt 0.0137786865 0.6533203
vt 0.019012451 0.9428711
vt 0.012458801 0.6533203
vt 0.022155762 0.6533203
vt 0.0016212463 0.04699707
vt 0.00982666 0.04699707
vt 0.0016212463 0.6533203
vt 0.00982666 0.6533203
vt 0.0016212463 0.6533203
vt 0.00982666 0.04699707
vt 0.005256653 0.04699707
vt 0.020462036 0.04699707
vt 0.005710602 0.6533203
vt 0.01537323 0.6533203
vt 0.005710602 0.6533203
vt 0.020462036 0.04699707
vt 0.00070619583 0.04699707
vt 0.016036987 0.04699707
vt 0.0045433044 0.6533203
vt 0.0137786865 0.6533203
vt 0.0045433044 0.6533203
vt 0.016036987 0.04699707
vt 0.010597229 0.04699707
vt 0.025527954 0.04699707
vt 0.012458801 0.6533203
vt 0.022155762 0.6533203
vt 0.012458801 0.6533203
vt 0.025527954 0.04699707
vt 0.01537323 0.6533203
vt 0.3720703 0.6533203
vt 0.010345459 0.9428711
vt 0.3720703 0.9428711
vt 0.010345459 0.9428711
vt 0.3720703 0.6533203
vt 0.00982666 0.6533203
vt 0.4555664 0.9428711
vt 0.0016212463 0.9428711
vt 0.025527954 0.04699707
vt 0.45825195 0.04699707
vt 0.022155762 0.6533203
vt 0.45874023 0.6533203
vt 0.022155762 0.6533203
vt 0.45825195 0.04699707
vt 0.00982666 0.6533203
vt 0.4482422 0.6533203
vt 0.4555664 0.9428711
vt 0.018920898 0.9404297
vt 0.018920898 0.61035156
vt 0.018920898 0.61035156
vt 0.018920898 0.9404297
vt 0.018920898 0.61035156
vt 0.018920898 0.61035156
vt 0.018920898 0.9404297
vt 0.018920898 0.61035156
vt 0.018920898 0.61035156
vt 0.018920898 0.9404297
vt 0.018920898 0.61035156
vt 0.018920898 0.61035156
vt 0.018920898 0.61035156
vt 0.42895508 0.61035156
vt 0.018920898 0.9404297
vt 0.42895508 0.9404297
vt 0.018920898 0.9404297
vt 0.42895508 0.61035156
vt 0.018920898 0.006668091
vt 0.42895508 0.006668091
vt 0.018920898 0.61035156
vt 0.42895508 0.61035156
vt 0.018920898 0.61035156
vt 0.42895508 0.006668091
vt 0.018920898 0.006668091
vt 0.42895508 0.006668091
vt 0.018920898 0.61035156
vt 0.018920898 0.006668091
vt 0.42895508 0.006668091
vt 0.018920898 0.61035156
vt 0.42895508 0.61035156
vt 0.018920898 0.61035156
vt 0.42895508 0.006668091
vt 0.018920898 0.006668091
vt 0.42895508 0.006668091
vt 0.018920898 0.61035156
vt 0.42895508 0.61035156
vt 0.018920898 0.61035156
vt 0.42895508 0.006668091
vt 0.027618408 0.9428711
vt 0.027618408 0.6533203
vt 0.027618408 0.6533203
vt 0.027618408 0.9428711
vt 0.027618408 0.6533203
vt 0.027618408 0.6533203
vt 0.027618408 0.9428711
vt 0.027618408 0.6533203
vt 0.027618408 0.6533203
vt 0.027618408 0.9428711
vt 0.027618408 0.6533203
vt 0.027618408 0.6533203
vt 0.08630371 0.94140625
vt 0.043548584 0.5097656
vt 0.07946777 0.5097656
vt 0.08630371 0.94140625
vt 0.043548584 0.5097656
vt 0.07946777 0.5097656
vt 0.08630371 0.94140625
vt 0.043548584 0.5097656
vt 0.07946777 0.5097656
vt 0.08630371 0.94140625
vt 0.043548584 0.5097656
vt 0.07946777 0.5097656
vt 0.08630371 0.94140625
vt 0.043548584 0.5097656
vt 0.07946777 0.5097656
vt 0.08630371 0.94140625
vt 0.043548584 0.5097656
vt 0.07946777 0.5097656
vt 0.08630371 0.94140625
vt 0.043548584 0.5097656
vt 0.07946777 0.5097656
vt 0.08630371 0.94140625
vt 0.043548584 0.5097656
vt 0.07946777 0.5097656
vt 0.018920898 0.9404297
vt 0.018920898 0.61035156
vt 0.018920898 0.61035156
vt 0.018920898 0.9404297
vt 0.018920898 0.61035156
vt 0.018920898 0.61035156
vt 0.018920898 0.9404297
vt 0.018920898 0.61035156
vt 0.018920898 0.61035156
vt 0.018920898 0.9404297
vt 0.018920898 0.61035156
vt 0.018920898 0.61035156
vt 0.027618408 0.9404297
vt 0.027618408 0.61035156
vt 0.027618408 0.61035156
vt 0.027618408 0.9404297
vt 0.027618408 0.61035156
vt 0.027618408 0.61035156
vt 0.027618408 0.9404297
vt 0.027618408 0.61035156
vt 0.027618408 0.61035156
vt 0.027618408 0.9404297
vt 0.027618408 0.61035156
vt 0.027618408 0.61035156
vt 0.027618408 0.9404297
vt 0.027618408 0.61035156
vt 0.027618408 0.61035156
vt 0.027618408 0.9404297
vt 0.027618408 0.61035156
vt 0.027618408 0.61035156
vt 0.027618408 0.9404297
vt 0.027618408 0.61035156
vt 0.027618408 0.61035156
vt 0.027618408 0.9404297
vt 0.027618408 0.61035156
vt 0.027618408 0.61035156
vt 0.027618408 0.9404297
vt 0.027618408 0.61035156
vt 0.027618408 0.61035156
vt 0.027618408 0.9404297
vt 0.027618408 0.61035156
vt 0.027618408 0.61035156
vt 0.027618408 0.9404297
vt 0.027618408 0.61035156
vt 0.027618408 0.61035156
vt 0.027618408 0.9404297
vt 0.027618408 0.61035156
vt 0.027618408 0.61035156
vt 0.027618408 0.9404297
vt 0.027618408 0.61035156
vt 0.027618408 0.61035156
vt 0.027618408 0.9404297
vt 0.027618408 0.61035156
vt 0.027618408 0.61035156
vt 0.027618408 0.9404297
vt 0.027618408 0.61035156
vt 0.027618408 0.61035156
vt 0.027618408 0.9404297
vt 0.027618408 0.61035156
vt 0.027618408 0.61035156
vt 0.018920898 0.9404297
vt 0.018920898 0.61035156
vt 0.018920898 0.61035156
vt 0.018920898 0.9404297
vt 0.018920898 0.61035156
vt 0.018920898 0.61035156
vt 0.018920898 0.9404297
vt 0.018920898 0.61035156
vt 0.018920898 0.61035156
vt 0.018920898 0.9404297
vt 0.018920898 0.61035156
vt 0.018920898 0.61035156
vt 0.018920898 0.61035156
vt 0.42895508 0.61035156
vt 0.018920898 0.9404297
vt 0.42895508 0.9404297
vt 0.018920898 0.9404297
vt 0.42895508 0.61035156
vt 0.018920898 0.61035156
vt 0.42895508 0.61035156
vt 0.018920898 0.9404297
vt 0.42895508 0.9404297
vt 0.018920898 0.9404297
vt 0.42895508 0.61035156
vt 0.018920898 0.006668091
vt 0.42895508 0.006668091
vt 0.018920898 0.61035156
vt 0.42895508 0.61035156
vt 0.018920898 0.61035156
vt 0.42895508 0.006668091
vt 0.018920898 0.006668091
vt 0.018920898 0.006668091
vt 0.018920898 0.61035156
vt 0.018920898 0.61035156
vt 0.018920898 0.006668091
vt 0.018920898 0.006668091
vt 0.018920898 0.61035156
vt 0.018920898 0.61035156
vt 0.018920898 0.006668091
vt 0.018920898 0.006668091
vt 0.018920898 0.61035156
vt 0.018920898 0.61035156
vt 0.018920898 0.006668091
vt 0.018920898 0.006668091
vt 0.018920898 0.61035156
vt 0.018920898 0.61035156
vt 0.018920898 0.61035156
vt 0.65771484 0.61035156
vt 0.018920898 0.9404297
vt 0.65771484 0.9404297
vt 0.018920898 0.61035156
vt 0.65966797 0.61035156
vt 0.018920898 0.9404297
vt 0.65966797 0.9404297
vt 0.018920898 0.61035156
vt 0.65771484 0.61035156
vt 0.018920898 0.9404297
vt 0.65771484 0.9404297
vt 0.018920898 0.61035156
vt 0.65966797 0.61035156
vt 0.018920898 0.9404297
vt 0.65966797 0.9404297
vt 0.018920898 0.006668091
vt 0.65771484 0.006668091
vt 0.018920898 0.61035156
vt 0.65771484 0.61035156
vt 0.018920898 0.006668091
vt 0.65966797 0.006668091
vt 0.018920898 0.61035156
vt 0.65966797 0.61035156
vt 0.018920898 0.006668091
vt 0.65771484 0.006668091
vt 0.018920898 0.61035156
vt 0.65771484 0.61035156
vt 0.018920898 0.006668091
vt 0.65966797 0.006668091
vt 0.018920898 0.61035156
vt 0.65966797 0.61035156
vt 0.018920898 0.006668091
vt 0.018920898 0.006668091
vt 0.018920898 0.61035156
vt 0.018920898 0.61035156
vt 0.018920898 0.006668091
vt 0.018920898 0.006668091
vt 0.018920898 0.61035156
vt 0.018920898 0.61035156
vt 0.018920898 0.006668091
vt 0.018920898 0.006668091
vt 0.018920898 0.61035156
vt 0.018920898 0.61035156
vt 0.018920898 0.006668091
vt 0.018920898 0.006668091
vt 0.018920898 0.61035156
vt 0.018920898 0.61035156
vt 0.018920898 0.61035156
vt 0.65771484 0.61035156
vt 0.018920898 0.9404297
vt 0.65771484 0.9404297
vt 0.018920898 0.61035156
vt 0.65966797 0.61035156
vt 0.018920898 0.9404297
vt 0.65966797 0.9404297
vt 0.018920898 0.61035156
vt 0.65771484 0.61035156
vt 0.018920898 0.9404297
vt 0.65771484 0.9404297
vt 0.018920898 0.61035156
vt 0.65966797 0.61035156
vt 0.018920898 0.9404297
vt 0.65966797 0.9404297
vt 0.018920898 0.006668091
vt 0.65771484 0.006668091
vt 0.018920898 0.61035156
vt 0.65771484 0.61035156
vt 0.018920898 0.006668091
vt 0.65966797 0.006668091
vt 0.018920898 0.61035156
vt 0.65966797 0.61035156
vt 0.018920898 0.006668091
vt 0.65771484 0.006668091
vt 0.018920898 0.61035156
vt 0.65771484 0.61035156
vt 0.018920898 0.006668091
vt 0.65966797 0.006668091
vt 0.018920898 0.61035156
vt 0.65966797 0.61035156
vt 0.018920898 0.006668091
vt 0.018920898 0.006668091
vt 0.018920898 0.61035156
vt 0.018920898 0.61035156
vt 0.018920898 0.006668091
vt 0.018920898 0.006668091
vt 0.018920898 0.61035156
vt 0.018920898 0.61035156
vt 0.018920898 0.006668091
vt 0.018920898 0.006668091
vt 0.018920898 0.61035156
vt 0.018920898 0.61035156
vt 0.018920898 0.006668091
vt 0.018920898 0.006668091
vt 0.018920898 0.61035156
vt 0.018920898 0.61035156
vt 0.018920898 0.61035156
vt 0.42895508 0.61035156
vt 0.018920898 0.9404297
vt 0.42895508 0.9404297
vt 0.018920898 0.61035156
vt 0.42895508 0.61035156
vt 0.018920898 0.9404297
vt 0.42895508 0.9404297
vt 0.018920898 0.61035156
vt 0.42895508 0.61035156
vt 0.018920898 0.9404297
vt 0.42895508 0.9404297
vt 0.018920898 0.61035156
vt 0.42895508 0.61035156
vt 0.018920898 0.9404297
vt 0.42895508 0.9404297
vt 0.018920898 0.006668091
vt 0.42895508 0.006668091
vt 0.018920898 0.61035156
vt 0.42895508 0.61035156
vt 0.018920898 0.006668091
vt 0.42895508 0.006668091
vt 0.018920898 0.61035156
vt 0.42895508 0.61035156
vt 0.018920898 0.006668091
vt 0.42895508 0.006668091
vt 0.018920898 0.61035156
vt 0.42895508 0.61035156
vt 0.018920898 0.006668091
vt 0.42895508 0.006668091
vt 0.018920898 0.61035156
vt 0.42895508 0.61035156
vt 0.0013256073 0.04699707
vt 0.0013256073 0.6533203
vt 0.0068740845 0.04699707
vt 0.0068740845 0.6533203
vt 0.003786087 0.04699707
vt 0.00409317 0.6533203
vt 0.014076233 0.04699707
vt 0.010627747 0.6533203
vt 0.00070619583 0.04699707
vt 0.0033035278 0.6533203
vt 0.011077881 0.04699707
vt 0.009552002 0.6533203
vt 0.007396698 0.04699707
vt 0.008659363 0.6533203
vt 0.017501831 0.04699707
vt 0.015213013 0.6533203
vt 0.010627747 0.6533203
vt 0.0072250366 0.9428711
vt 0.25195312 0.6533203
vt 0.25195312 0.9428711
vt 0.015213013 0.6533203
vt 0.01309967 0.9428711
vt 0.31054688 0.6533203
vt 0.3137207 0.9428711
vt 0.009552002 0.6533203
vt 0.008171082 0.9428711
vt 0.25170898 0.6533203
vt 0.25634766 0.9428711
vt 0.0068740845 0.6533203
vt 0.0013256073 0.9428711
vt 0.3034668 0.6533203
vt 0.3083496 0.9428711
vt 0.014076233 0.04699707
vt 0.010627747 0.6533203
vt 0.25195312 0.04699707
vt 0.25195312 0.6533203
vt 0.017501831 0.04699707
vt 0.015213013 0.6533203
vt 0.31030273 0.04699707
vt 0.31054688 0.6533203
vt 0.011077881 0.04699707
vt 0.009552002 0.6533203
vt 0.25048828 0.04699707
vt 0.25170898 0.6533203
vt 0.0068740845 0.04699707
vt 0.0068740845 0.6533203
vt 0.3010254 0.04699707
vt 0.3034668 0.6533203
vt 0.022155762 0.6533203
vt 0.019012451 0.9428711
vt 0.45874023 0.6533203
vt 0.4633789 0.9428711
vt 0.0137786865 0.6533203
vt 0.011741638 0.9428711
vt 0.37182617 0.6533203
vt 0.37841797 0.9428711
vt 0.020462036 0.04699707
vt 0.01537323 0.6533203
vt 0.3720703 0.04699707
vt 0.3720703 0.6533203
vt 0.016036987 0.04699707
vt 0.0137786865 0.6533203
vt 0.36987305 0.04699707
vt 0.37182617 0.6533203
vt 0.00982666 0.04699707
vt 0.00982666 0.6533203
vt 0.44433594 0.04699707
vt 0.4482422 0.6533203
vt 0.022155762 0.6533203
vt 0.019012451 0.9428711
vt 0.45874023 0.6533203
vt 0.4633789 0.9428711
vt 0.0137786865 0.6533203
vt 0.011741638 0.9428711
vt 0.37182617 0.6533203
vt 0.37841797 0.9428711
vt 0.020462036 0.04699707
vt 0.01537323 0.6533203
vt 0.3720703 0.04699707
vt 0.3720703 0.6533203
vt 0.016036987 0.04699707
vt 0.0137786865 0.6533203
vt 0.36987305 0.04699707
vt 0.37182617 0.6533203
vt 0.00982666 0.04699707
vt 0.00982666 0.6533203
vt 0.44433594 0.04699707
vt 0.4482422 0.6533203
vt 0.018920898 0.006668091
vt 0.018920898 0.006668091
vt 0.018920898 0.61035156
vt 0.018920898 0.61035156
vt 0.018920898 0.006668091
vt 0.018920898 0.006668091
vt 0.018920898 0.61035156
vt 0.018920898 0.61035156
vt 0.018920898 0.006668091
vt 0.018920898 0.006668091
vt 0.018920898 0.61035156
vt 0.018920898 0.61035156
vt 0.018920898 0.006668091
vt 0.018920898 0.006668091
vt 0.018920898 0.61035156
vt 0.018920898 0.61035156
vt 0.018920898 0.61035156
vt 0.65771484 0.61035156
vt 0.018920898 0.9404297
vt 0.65771484 0.9404297
vt 0.018920898 0.006668091
vt 0.65771484 0.006668091
vt 0.018920898 0.61035156
vt 0.65771484 0.61035156
vt 0.018920898 0.006668091
vt 0.65966797 0.006668091
vt 0.018920898 0.61035156
vt 0.65966797 0.61035156
vt 0.03060913 0.02067566
vt 0.03060913 0.61328125
vt 0.27075195 0.02067566
vt 0.27075195 0.61328125
vt 0.03060913 0.02067566
vt 0.03060913 0.61328125
vt 0.27075195 0.02067566
vt 0.27075195 0.61328125
vt 0.03060913 0.02067566
vt 0.03060913 0.61328125
vt 0.27075195 0.02067566
vt 0.27075195 0.61328125
vt 0.03060913 0.02067566
vt 0.03060913 0.61328125
vt 0.27075195 0.02067566
vt 0.27075195 0.61328125
vt 0.27075195 0.61328125
vt 0.27075195 0.9628906
vt 0.82714844 0.61328125
vt 0.82714844 0.9628906
vt 0.27075195 0.61328125
vt 0.27075195 0.9628906
vt 0.82714844 0.61328125
vt 0.82714844 0.9628906
vt 0.27075195 0.61328125
vt 0.27075195 0.9628906
vt 0.82714844 0.61328125
vt 0.82714844 0.9628906
vt 0.27075195 0.61328125
vt 0.27075195 0.9628906
vt 0.82714844 0.61328125
vt 0.82714844 0.9628906
vt 0.27075195 0.02067566
vt 0.27075195 0.61328125
vt 0.82714844 0.02067566
vt 0.82714844 0.61328125
vt 0.27075195 0.02067566
vt 0.27075195 0.61328125
vt 0.82714844 0.02067566
vt 0.82714844 0.61328125
vt 0.27075195 0.02067566
vt 0.27075195 0.61328125
vt 0.82714844 0.02067566
vt 0.82714844 0.61328125
vt 0.27075195 0.02067566
vt 0.27075195 0.61328125
vt 0.82714844 0.02067566
vt 0.82714844 0.61328125
vt 0.027618408 0.006668091
vt 0.027618408 0.006668091
vt 0.027618408 0.61035156
vt 0.027618408 0.61035156
vt 0.018920898 0.006668091
vt 0.018920898 0.006668091
vt 0.018920898 0.61035156
vt 0.018920898 0.61035156
vt 0.018920898 0.006668091
vt 0.018920898 0.006668091
vt 0.018920898 0.61035156
vt 0.018920898 0.61035156
vt 0.018920898 0.61035156
vt 0.65771484 0.61035156
vt 0.018920898 0.9404297
vt 0.65771484 0.9404297
vt 0.018920898 0.61035156
vt 0.65966797 0.61035156
vt 0.018920898 0.9404297
vt 0.65966797 0.9404297
vt 0.65966797 0.61035156
vt 0.112976074 0.61035156
vt 0.65966797 0.9404297
vt 0.112976074 0.9404297
vt 0.18164062 0.9404297
vt 0.18164062 0.006668091
vt 0.018920898 0.9404297
vt 0.018920898 0.006668091
vt 0.018920898 0.006668091
vt 0.65771484 0.006668091
vt 0.018920898 0.61035156
vt 0.65771484 0.61035156
vt 0.018920898 0.006668091
vt 0.65966797 0.006668091
vt 0.018920898 0.61035156
vt 0.65966797 0.61035156
vt 0.112976074 0.61035156
vt 0.65966797 0.61035156
vt 0.112976074 0.006668091
vt 0.65966797 0.006668091
vt 0.65966797 0.006668091
vt 0.65966797 0.006668091
vt 0.18164062 0.006668091
vt 0.18164062 0.006668091
vt 0.65966797 0.9404297
vt 0.65966797 0.006668091
vt 0.18164062 0.9404297
vt 0.18164062 0.006668091
vt 0.018920898 0.006668091
vt 0.018920898 0.006668091
vt 0.018920898 0.61035156
vt 0.018920898 0.61035156
vt 0.018920898 0.006668091
vt 0.018920898 0.006668091
vt 0.018920898 0.61035156
vt 0.018920898 0.61035156
vt 0.018920898 0.006668091
vt 0.018920898 0.006668091
vt 0.018920898 0.61035156
vt 0.018920898 0.61035156
vt 0.018920898 0.006668091
vt 0.018920898 0.006668091
vt 0.018920898 0.61035156
vt 0.018920898 0.61035156
vt 0.018920898 0.61035156
vt 0.65771484 0.61035156
vt 0.018920898 0.9404297
vt 0.65771484 0.9404297
vt 0.018920898 0.61035156
vt 0.65966797 0.61035156
vt 0.018920898 0.9404297
vt 0.65966797 0.9404297
vt 0.018920898 0.61035156
vt 0.65771484 0.61035156
vt 0.018920898 0.9404297
vt 0.65771484 0.9404297
vt 0.018920898 0.61035156
vt 0.65966797 0.61035156
vt 0.018920898 0.9404297
vt 0.65966797 0.9404297
vt 0.018920898 0.006668091
vt 0.65771484 0.006668091
vt 0.018920898 0.61035156
vt 0.65771484 0.61035156
vt 0.018920898 0.006668091
vt 0.65966797 0.006668091
vt 0.018920898 0.61035156
vt 0.65966797 0.61035156
vt 0.018920898 0.006668091
vt 0.65771484 0.006668091
vt 0.018920898 0.61035156
vt 0.65771484 0.61035156
vt 0.018920898 0.006668091
vt 0.65966797 0.006668091
vt 0.018920898 0.61035156
vt 0.65966797 0.61035156
vt 0.022155762 0.6533203
vt 0.019012451 0.9428711
vt 0.45874023 0.6533203
vt 0.4633789 0.9428711
vt 0.0137786865 0.6533203
vt 0.011741638 0.9428711
vt 0.37182617 0.6533203
vt 0.37841797 0.9428711
vt 0.020462036 0.04699707
vt 0.01537323 0.6533203
vt 0.3720703 0.04699707
vt 0.3720703 0.6533203
vt 0.016036987 0.04699707
vt 0.0137786865 0.6533203
vt 0.36987305 0.04699707
vt 0.37182617 0.6533203
vt 0.00982666 0.04699707
vt 0.00982666 0.6533203
vt 0.44433594 0.04699707
vt 0.4482422 0.6533203
vt 0.0013256073 0.04699707
vt 0.0068740845 0.04699707
vt 0.0013256073 0.6533203
vt 0.0068740845 0.6533203
vt 0.003786087 0.04699707
vt 0.014076233 0.04699707
vt 0.00409317 0.6533203
vt 0.010627747 0.6533203
vt 0.00070619583 0.04699707
vt 0.011077881 0.04699707
vt 0.0033035278 0.6533203
vt 0.009552002 0.6533203
vt 0.007396698 0.04699707
vt 0.017501831 0.04699707
vt 0.008659363 0.6533203
vt 0.015213013 0.6533203
vt 0.010627747 0.6533203
vt 0.25195312 0.6533203
vt 0.0072250366 0.9428711
vt 0.25195312 0.9428711
vt 0.015213013 0.6533203
vt 0.31054688 0.6533203
vt 0.01309967 0.9428711
vt 0.3137207 0.9428711
vt 0.009552002 0.6533203
vt 0.25170898 0.6533203
vt 0.008171082 0.9428711
vt 0.25634766 0.9428711
vt 0.0068740845 0.6533203
vt 0.3034668 0.6533203
vt 0.0013256073 0.9428711
vt 0.3083496 0.9428711
vt 0.014076233 0.04699707
vt 0.25195312 0.04699707
vt 0.010627747 0.6533203
vt 0.25195312 0.6533203
vt 0.017501831 0.04699707
vt 0.31030273 0.04699707
vt 0.015213013 0.6533203
vt 0.31054688 0.6533203
vt 0.011077881 0.04699707
vt 0.25048828 0.04699707
vt 0.009552002 0.6533203
vt 0.25170898 0.6533203
vt 0.0068740845 0.04699707
vt 0.3010254 0.04699707
vt 0.0068740845 0.6533203
vt 0.3034668 0.6533203
vt 0.022155762 0.6533203
vt 0.45874023 0.6533203
vt 0.019012451 0.9428711
vt 0.4633789 0.9428711
vt 0.0137786865 0.6533203
vt 0.37182617 0.6533203
vt 0.011741638 0.9428711
vt 0.37841797 0.9428711
vt 0.020462036 0.04699707
vt 0.3720703 0.04699707
vt 0.01537323 0.6533203
vt 0.3720703 0.6533203
vt 0.016036987 0.04699707
vt 0.36987305 0.04699707
vt 0.0137786865 0.6533203
vt 0.37182617 0.6533203
vt 0.00982666 0.04699707
vt 0.44433594 0.04699707
vt 0.00982666 0.6533203
vt 0.4482422 0.6533203
vt 0.018920898 0.006668091
vt 0.018920898 0.006668091
vt 0.018920898 0.61035156
vt 0.018920898 0.61035156
vt 0.018920898 0.006668091
vt 0.018920898 0.006668091
vt 0.018920898 0.61035156
vt 0.018920898 0.61035156
vt 0.018920898 0.006668091
vt 0.018920898 0.006668091
vt 0.018920898 0.61035156
vt 0.018920898 0.61035156
vt 0.018920898 0.006668091
vt 0.018920898 0.006668091
vt 0.018920898 0.61035156
vt 0.018920898 0.61035156
vt 0.018920898 0.61035156
vt 0.42895508 0.61035156
vt 0.018920898 0.9404297
vt 0.42895508 0.9404297
vt 0.42895508 0.9404297
vt 0.018920898 0.9404297
vt 0.42895508 0.61035156
vt 0.018920898 0.61035156
vt 0.42895508 0.006668091
vt 0.018920898 0.61035156
vt 0.42895508 0.61035156
vt 0.018920898 0.9404297
vt 0.42895508 0.9404297
vt 0.027618408 0.026824951
vt 0.027618408 0.026824951
vt 0.027618408 0.6533203
vt 0.027618408 0.6533203
vt 0.027618408 0.026824951
vt 0.027618408 0.026824951
vt 0.027618408 0.6533203
vt 0.027618408 0.6533203
vt 0.027618408 0.026824951
vt 0.027618408 0.026824951
vt 0.027618408 0.6533203
vt 0.027618408 0.6533203
vt 0.027618408 0.026824951
vt 0.027618408 0.026824951
vt 0.027618408 0.6533203
vt 0.027618408 0.6533203
vt 0.027618408 0.6533203
vt 0.18530273 0.6533203
vt 0.027618408 0.9428711
vt 0.18530273 0.9428711
vt 0.027618408 0.6533203
vt 0.64501953 0.6533203
vt 0.027618408 0.9428711
vt 0.64501953 0.9428711
vt 0.027618408 0.6533203
vt 0.18530273 0.6533203
vt 0.027618408 0.9428711
vt 0.18530273 0.9428711
vt 0.027618408 0.6533203
vt 0.64501953 0.6533203
vt 0.027618408 0.9428711
vt 0.64501953 0.9428711
vt 0.027618408 0.026824951
vt 0.18530273 0.026824951
vt 0.027618408 0.6533203
vt 0.18530273 0.6533203
vt 0.027618408 0.026824951
vt 0.64501953 0.026824951
vt 0.027618408 0.6533203
vt 0.64501953 0.6533203
vt 0.027618408 0.026824951
vt 0.18530273 0.026824951
vt 0.027618408 0.6533203
vt 0.18530273 0.6533203
vt 0.027618408 0.026824951
vt 0.64501953 0.026824951
vt 0.027618408 0.6533203
vt 0.64501953 0.6533203
vt 0.07946777 0.5097656
vt 0.44506836 0.5097656
vt 0.08630371 0.94140625
vt 0.44506836 0.94140625
vt 0.07946777 0.5097656
vt 0.44506836 0.5097656
vt 0.08630371 0.94140625
vt 0.44506836 0.94140625
vt 0.07946777 0.5097656
vt 0.44506836 0.5097656
vt 0.08630371 0.94140625
vt 0.44506836 0.94140625
vt 0.07946777 0.5097656
vt 0.44506836 0.5097656
vt 0.08630371 0.94140625
vt 0.44506836 0.94140625
vt 0.02482605 0.009925842
vt 0.0826416 0.009925842
vt 0.043548584 0.5097656
vt 0.07946777 0.5097656
vt 0.02482605 0.009925842
vt 0.0826416 0.009925842
vt 0.043548584 0.5097656
vt 0.07946777 0.5097656
vt 0.02482605 0.009925842
vt 0.0826416 0.009925842
vt 0.043548584 0.5097656
vt 0.07946777 0.5097656
vt 0.0826416 0.009925842
vt 0.44506836 0.009925842
vt 0.07946777 0.5097656
vt 0.44506836 0.5097656
vt 0.0826416 0.009925842
vt 0.44506836 0.009925842
vt 0.07946777 0.5097656
vt 0.44506836 0.5097656
vt 0.0826416 0.009925842
vt 0.44506836 0.009925842
vt 0.07946777 0.5097656
vt 0.44506836 0.5097656
vt 0.0826416 0.009925842
vt 0.44506836 0.009925842
vt 0.07946777 0.5097656
vt 0.44506836 0.5097656
vt 0.07946777 0.5097656
vt 0.44506836 0.5097656
vt 0.08630371 0.94140625
vt 0.44506836 0.94140625
vt 0.07946777 0.5097656
vt 0.44506836 0.5097656
vt 0.08630371 0.94140625
vt 0.44506836 0.94140625
vt 0.07946777 0.5097656
vt 0.44506836 0.5097656
vt 0.08630371 0.94140625
vt 0.44506836 0.94140625
vt 0.07946777 0.5097656
vt 0.44506836 0.5097656
vt 0.08630371 0.94140625
vt 0.44506836 0.94140625
vt 0.02482605 0.009925842
vt 0.0826416 0.009925842
vt 0.043548584 0.5097656
vt 0.07946777 0.5097656
vt 0.02482605 0.009925842
vt 0.0826416 0.009925842
vt 0.043548584 0.5097656
vt 0.07946777 0.5097656
vt 0.02482605 0.009925842
vt 0.0826416 0.009925842
vt 0.043548584 0.5097656
vt 0.07946777 0.5097656
vt 0.0826416 0.009925842
vt 0.44506836 0.009925842
vt 0.07946777 0.5097656
vt 0.44506836 0.5097656
vt 0.0826416 0.009925842
vt 0.44506836 0.009925842
vt 0.07946777 0.5097656
vt 0.44506836 0.5097656
vt 0.0826416 0.009925842
vt 0.44506836 0.009925842
vt 0.07946777 0.5097656
vt 0.44506836 0.5097656
vt 0.0826416 0.009925842
vt 0.44506836 0.009925842
vt 0.07946777 0.5097656
vt 0.44506836 0.5097656
vt 0.018920898 0.006668091
vt 0.018920898 0.006668091
vt 0.018920898 0.61035156
vt 0.018920898 0.61035156
vt 0.018920898 0.006668091
vt 0.018920898 0.006668091
vt 0.018920898 0.61035156
vt 0.018920898 0.61035156
vt 0.018920898 0.006668091
vt 0.018920898 0.006668091
vt 0.018920898 0.61035156
vt 0.018920898 0.61035156
vt 0.018920898 0.006668091
vt 0.018920898 0.006668091
vt 0.018920898 0.61035156
vt 0.018920898 0.61035156
vt 0.018920898 0.61035156
vt 0.42895508 0.61035156
vt 0.018920898 0.9404297
vt 0.42895508 0.9404297
vt 0.018920898 0.61035156
vt 0.42895508 0.61035156
vt 0.018920898 0.9404297
vt 0.42895508 0.9404297
vt 0.018920898 0.61035156
vt 0.42895508 0.61035156
vt 0.018920898 0.9404297
vt 0.42895508 0.9404297
vt 0.018920898 0.61035156
vt 0.42895508 0.61035156
vt 0.018920898 0.9404297
vt 0.42895508 0.9404297
vt 0.018920898 0.006668091
vt 0.42895508 0.006668091
vt 0.018920898 0.61035156
vt 0.42895508 0.61035156
vt 0.018920898 0.006668091
vt 0.42895508 0.006668091
vt 0.018920898 0.61035156
vt 0.42895508 0.61035156
vt 0.018920898 0.006668091
vt 0.42895508 0.006668091
vt 0.018920898 0.61035156
vt 0.42895508 0.61035156
vt 0.018920898 0.006668091
vt 0.42895508 0.006668091
vt 0.018920898 0.61035156
vt 0.42895508 0.61035156
vt 0.027618408 0.026824951
vt 0.027618408 0.026824951
vt 0.027618408 0.61035156
vt 0.027618408 0.61035156
vt 0.027618408 0.026824951
vt 0.027618408 0.026824951
vt 0.027618408 0.61035156
vt 0.027618408 0.61035156
vt 0.027618408 0.026824951
vt 0.027618408 0.026824951
vt 0.027618408 0.61035156
vt 0.027618408 0.61035156
vt 0.027618408 0.026824951
vt 0.027618408 0.026824951
vt 0.027618408 0.61035156
vt 0.027618408 0.61035156
vt 0.027618408 0.61035156
vt 0.64501953 0.61035156
vt 0.027618408 0.9404297
vt 0.64501953 0.9404297
vt 0.027618408 0.61035156
vt 0.64501953 0.61035156
vt 0.027618408 0.9404297
vt 0.64501953 0.9404297
vt 0.027618408 0.61035156
vt 0.64501953 0.61035156
vt 0.027618408 0.9404297
vt 0.64501953 0.9404297
vt 0.027618408 0.61035156
vt 0.64501953 0.61035156
vt 0.027618408 0.9404297
vt 0.64501953 0.9404297
vt 0.027618408 0.026824951
vt 0.64501953 0.026824951
vt 0.027618408 0.61035156
vt 0.64501953 0.61035156
vt 0.027618408 0.026824951
vt 0.64501953 0.026824951
vt 0.027618408 0.61035156
vt 0.64501953 0.61035156
vt 0.027618408 0.026824951
vt 0.64501953 0.026824951
vt 0.027618408 0.61035156
vt 0.64501953 0.61035156
vt 0.027618408 0.026824951
vt 0.64501953 0.026824951
vt 0.027618408 0.61035156
vt 0.64501953 0.61035156
vt 0.027618408 0.026824951
vt 0.027618408 0.026824951
vt 0.027618408 0.61035156
vt 0.027618408 0.61035156
vt 0.027618408 0.026824951
vt 0.027618408 0.026824951
vt 0.027618408 0.61035156
vt 0.027618408 0.61035156
vt 0.027618408 0.026824951
vt 0.027618408 0.026824951
vt 0.027618408 0.61035156
vt 0.027618408 0.61035156
vt 0.027618408 0.026824951
vt 0.027618408 0.026824951
vt 0.027618408 0.61035156
vt 0.027618408 0.61035156
vt 0.027618408 0.61035156
vt 0.64501953 0.61035156
vt 0.027618408 0.9404297
vt 0.64501953 0.9404297
vt 0.027618408 0.61035156
vt 0.64501953 0.61035156
vt 0.027618408 0.9404297
vt 0.64501953 0.9404297
vt 0.027618408 0.61035156
vt 0.64501953 0.61035156
vt 0.027618408 0.9404297
vt 0.64501953 0.9404297
vt 0.027618408 0.61035156
vt 0.64501953 0.61035156
vt 0.027618408 0.9404297
vt 0.64501953 0.9404297
vt 0.027618408 0.026824951
vt 0.64501953 0.026824951
vt 0.027618408 0.61035156
vt 0.64501953 0.61035156
vt 0.027618408 0.026824951
vt 0.64501953 0.026824951
vt 0.027618408 0.61035156
vt 0.64501953 0.61035156
vt 0.027618408 0.026824951
vt 0.64501953 0.026824951
vt 0.027618408 0.61035156
vt 0.64501953 0.61035156
vt 0.027618408 0.026824951
vt 0.64501953 0.026824951
vt 0.027618408 0.61035156
vt 0.64501953 0.61035156
vt 0.027618408 0.026824951
vt 0.027618408 0.026824951
vt 0.027618408 0.61035156
vt 0.027618408 0.61035156
vt 0.027618408 0.026824951
vt 0.027618408 0.026824951
vt 0.027618408 0.61035156
vt 0.027618408 0.61035156
vt 0.027618408 0.026824951
vt 0.027618408 0.026824951
vt 0.027618408 0.61035156
vt 0.027618408 0.61035156
vt 0.027618408 0.026824951
vt 0.027618408 0.026824951
vt 0.027618408 0.61035156
vt 0.027618408 0.61035156
vt 0.027618408 0.61035156
vt 0.64501953 0.61035156
vt 0.027618408 0.9404297
vt 0.64501953 0.9404297
vt 0.027618408 0.61035156
vt 0.64501953 0.61035156
vt 0.027618408 0.9404297
vt 0.64501953 0.9404297
vt 0.027618408 0.61035156
vt 0.64501953 0.61035156
vt 0.027618408 0.9404297
vt 0.64501953 0.9404297
vt 0.027618408 0.61035156
vt 0.64501953 0.61035156
vt 0.027618408 0.9404297
vt 0.64501953 0.9404297
vt 0.027618408 0.026824951
vt 0.64501953 0.026824951
vt 0.027618408 0.61035156
vt 0.64501953 0.61035156
vt 0.027618408 0.026824951
vt 0.64501953 0.026824951
vt 0.027618408 0.61035156
vt 0.64501953 0.61035156
vt 0.027618408 0.026824951
vt 0.64501953 0.026824951
vt 0.027618408 0.61035156
vt 0.64501953 0.61035156
vt 0.027618408 0.026824951
vt 0.64501953 0.026824951
vt 0.027618408 0.61035156
vt 0.64501953 0.61035156
vt 0.027618408 0.026824951
vt 0.027618408 0.026824951
vt 0.027618408 0.61035156
vt 0.027618408 0.61035156
vt 0.027618408 0.026824951
vt 0.027618408 0.026824951
vt 0.027618408 0.61035156
vt 0.027618408 0.61035156
vt 0.027618408 0.026824951
vt 0.027618408 0.026824951
vt 0.027618408 0.61035156
vt 0.027618408 0.61035156
vt 0.027618408 0.026824951
vt 0.027618408 0.026824951
vt 0.027618408 0.61035156
vt 0.027618408 0.61035156
vt 0.027618408 0.61035156
vt 0.64501953 0.61035156
vt 0.027618408 0.9404297
vt 0.64501953 0.9404297
vt 0.027618408 0.61035156
vt 0.64501953 0.61035156
vt 0.027618408 0.9404297
vt 0.64501953 0.9404297
vt 0.027618408 0.61035156
vt 0.64501953 0.61035156
vt 0.027618408 0.9404297
vt 0.64501953 0.9404297
vt 0.027618408 0.61035156
vt 0.64501953 0.61035156
vt 0.027618408 0.9404297
vt 0.64501953 0.9404297
vt 0.027618408 0.026824951
vt 0.64501953 0.026824951
vt 0.027618408 0.61035156
vt 0.64501953 0.61035156
vt 0.027618408 0.026824951
vt 0.64501953 0.026824951
vt 0.027618408 0.61035156
vt 0.64501953 0.61035156
vt 0.027618408 0.026824951
vt 0.64501953 0.026824951
vt 0.027618408 0.61035156
vt 0.64501953 0.61035156
vt 0.027618408 0.026824951
vt 0.64501953 0.026824951
vt 0.027618408 0.61035156
vt 0.64501953 0.61035156
vt 0.018920898 0.006668091
vt 0.018920898 0.006668091
vt 0.018920898 0.61035156
vt 0.018920898 0.61035156
vt 0.018920898 0.006668091
vt 0.018920898 0.006668091
vt 0.018920898 0.61035156
vt 0.018920898 0.61035156
vt 0.018920898 0.006668091
vt 0.018920898 0.006668091
vt 0.018920898 0.61035156
vt 0.018920898 0.61035156
vt 0.018920898 0.006668091
vt 0.018920898 0.006668091
vt 0.018920898 0.61035156
vt 0.018920898 0.61035156
vt 0.018920898 0.61035156
vt 0.42895508 0.61035156
vt 0.018920898 0.9404297
vt 0.42895508 0.9404297
vt 0.018920898 0.61035156
vt 0.42895508 0.61035156
vt 0.018920898 0.9404297
vt 0.42895508 0.9404297
vt 0.018920898 0.006668091
vt 0.42895508 0.006668091
vt 0.018920898 0.61035156
vt 0.42895508 0.61035156
vt 0.018920898 0.006668091
vt 0.42895508 0.006668091
vt 0.018920898 0.61035156
vt 0.42895508 0.61035156
vt 0.018920898 0.006668091
vt 0.42895508 0.006668091
vt 0.018920898 0.61035156
vt 0.42895508 0.61035156
vt -10.78125 6.328125
vt -10.7265625 6.328125
vt -10.78125 5.90625
vt -10.7421875 5.9101562
vt -10.78125 5.90625
vt -10.7265625 6.328125
vt -7.7890625 5.8984375
vt -7.8359375 5.90625
vt -7.7851562 6.328125
vt -7.8398438 6.328125
vt -7.7851562 6.328125
vt -7.8359375 5.90625
vt -7.8359375 5.90625
vt -7.7890625 5.8984375
vt -7.8320312 5.8554688
vt -10.7421875 5.9101562
vt -10.7578125 5.8632812
vt -10.78125 5.90625
vt -8.796875 5.9023438
vt -8.7578125 5.9023438
vt -8.78125 5.8554688
vt -9.78125 5.90625
vt -9.8046875 5.8554688
vt -9.8125 5.90625
vt -8.8671875 7.0429688
vt -8.9140625 7.0507812
vt -8.8671875 7.4140625
vt -8.9140625 7.4140625
vt -8.8671875 7.4140625
vt -8.9140625 7.0507812
vt -8.9140625 7.0507812
vt -8.8671875 7.0429688
vt -8.90625 7
vt -11.578125 7.0507812
vt -11.6015625 7.0039062
vt -11.6171875 7.0507812
vt -10.0078125 7.0507812
vt -9.96875 7.0507812
vt -9.9921875 7.0039062
vt -10.4921875 7.0507812
vt -10.5078125 7.0039062
vt -10.5234375 7.0507812
vt -10.6875 3.6542969
vt -10.65625 3.6542969
vt -10.6875 3.2636719
vt -10.65625 3.265625
vt -10.6875 3.2636719
vt -10.65625 3.6542969
vt -8.1484375 3.2578125
vt -8.1875 3.265625
vt -8.1484375 3.6542969
vt -8.1796875 3.6542969
vt -8.1484375 3.6542969
vt -8.1875 3.265625
vt -10.0703125 3.6542969
vt -10.0390625 3.6542969
vt -10.0703125 3.265625
vt -10.046875 3.2617188
vt -10.0703125 3.265625
vt -10.0390625 3.6542969
vt -8.796875 3.6542969
vt -8.765625 3.6542969
vt -8.796875 3.2636719
vt -8.7734375 3.265625
vt -8.796875 3.2636719
vt -8.765625 3.6542969
vt -8.1875 3.265625
vt -8.1484375 3.2578125
vt -8.1796875 3.2207031
vt -10.65625 3.265625
vt -10.671875 3.2246094
vt -10.6875 3.2636719
vt -8.796875 3.2636719
vt -8.7734375 3.265625
vt -8.7890625 3.2226562
vt -10.046875 3.2617188
vt -10.0625 3.2226562
vt -10.0703125 3.265625
vt -12.5390625 -0.71875
vt -12.5390625 -0.25463867
vt -12.515625 -0.7138672
vt -12.515625 -0.25341797
vt -12.515625 -0.7138672
vt -12.5390625 -0.25463867
vt -12.515625 -0.7138672
vt -12.515625 -0.7392578
vt -12.5390625 -0.71875
vt -10.9921875 -0.70751953
vt -10.96875 -0.7080078
vt -10.984375 -0.7324219
vt -12 -0.71240234
vt -12.0078125 -0.73779297
vt -12.0234375 -0.7133789
vt -11.4921875 -0.7080078
vt -11.4765625 -0.70751953
vt -11.484375 -0.7324219
vt -7.9882812 8.1953125
vt -7.9921875 8.4453125
vt -7.9609375 8.203125
vt -7.9570312 8.4453125
vt -7.9609375 8.203125
vt -7.9921875 8.4453125
vt -7.9609375 8.203125
vt -7.9609375 8.171875
vt -7.9882812 8.1953125
vt -6.4882812 8.21875
vt -6.4648438 8.21875
vt -6.4765625 8.1875
vt -7.4960938 8.1953125
vt -7.5039062 8.1640625
vt -7.5195312 8.1953125
vt -6.9492188 8.2109375
vt -6.9257812 8.2109375
vt -6.9335938 8.1796875
vt -12.0390625 10.0546875
vt -12.0390625 10.359375
vt -12 10.0625
vt -12 10.3671875
vt -12 10.0625
vt -12.0390625 10.359375
vt -12 10.0625
vt -12 10.015625
vt -12.0390625 10.0546875
vt -9.421875 10.0859375
vt -9.390625 10.0859375
vt -9.40625 10.046875
vt -11.265625 10.0546875
vt -11.2734375 10.0078125
vt -11.2890625 10.046875
vt -10.15625 10.078125
vt -10.125 10.078125
vt -10.1328125 10.03125
vt -6.0742188 -8.1015625
vt -6.0859375 -8.1015625
vt -6.0703125 -8.0390625
vt -6.0820312 -8.0390625
vt -6.0703125 -8.0390625
vt -6.0859375 -8.1015625
vt -9.203125 -8.0390625
vt -9.1875 -8.0390625
vt -9.203125 -8.1015625
vt -9.1875 -8.1015625
vt -9.203125 -8.1015625
vt -9.1875 -8.0390625
vt -6.0859375 -8.1015625
vt -6.0742188 -8.1015625
vt -6.0820312 -8.109375
vt -9.1875 -8.1015625
vt -9.1875 -8.109375
vt -9.203125 -8.1015625
vt -7.2265625 -8.09375
vt -7.2148438 -8.09375
vt -7.2226562 -8.109375
vt -8.0546875 -8.09375
vt -8.0625 -8.109375
vt -8.0703125 -8.09375
vt -7.2226562 -8.109375
vt -7.2148438 -8.09375
vt -6.0820312 -8.109375
vt -6.0859375 -8.1015625
vt -6.0820312 -8.109375
vt -7.2148438 -8.09375
vt -6.0820312 -8.109375
vt -6.0742188 -8.1015625
vt -5.2421875 -8.1171875
vt -5.2421875 -8.1015625
vt -5.2421875 -8.1171875
vt -6.0742188 -8.1015625
vt -10.109375 -3.2578125
vt -10.109375 -3.3886719
vt -10.1328125 -3.2578125
vt -10.125 -3.3925781
vt -10.1328125 -3.2578125
vt -10.109375 -3.3886719
vt -12.3125 -3.3945312
vt -12.3203125 -3.2578125
vt -12.2890625 -3.3867188
vt -12.2890625 -3.2578125
vt -12.2890625 -3.3867188
vt -12.3203125 -3.2578125
vt -10.8125 -3.2578125
vt -10.8125 -3.3828125
vt -10.8359375 -3.2578125
vt -10.828125 -3.3867188
vt -10.8359375 -3.2578125
vt -10.8125 -3.3828125
vt -11.5859375 -3.2578125
vt -11.5859375 -3.3828125
vt -11.609375 -3.2578125
vt -11.6015625 -3.3808594
vt -11.609375 -3.2578125
vt -11.5859375 -3.3828125
vt -12.2890625 -3.3867188
vt -12.2734375 -3.4316406
vt -12.3125 -3.3945312
vt -10.125 -3.3925781
vt -10.109375 -3.3886719
vt -10.1171875 -3.4316406
vt -11.5859375 -3.3828125
vt -11.5859375 -3.4160156
vt -11.6015625 -3.3808594
vt -10.828125 -3.3867188
vt -10.8125 -3.3828125
vt -10.8203125 -3.4199219
vt -11.5859375 -3.4160156
vt -12.2734375 -3.4316406
vt -11.6015625 -3.3808594
vt -12.2890625 -3.3867188
vt -11.6015625 -3.3808594
vt -12.2734375 -3.4316406
vt -5.9257812 -5.6992188
vt -5.9648438 -5.6914062
vt -5.921875 -5.1289062
vt -5.9609375 -5.125
vt -5.921875 -5.1289062
vt -5.9648438 -5.6914062
vt -5.9648438 -5.6914062
vt -5.9257812 -5.6992188
vt -5.9609375 -5.7304688
vt -10.84375 -5.6757812
vt -10.859375 -5.71875
vt -10.875 -5.6796875
vt -7.9335938 -5.6914062
vt -7.8984375 -5.6914062
vt -7.921875 -5.7304688
vt -8.8828125 -5.6796875
vt -8.8984375 -5.71875
vt -8.9140625 -5.6757812
vt -7.9375 4.2109375
vt -7.078125 4.2109375
vt -7.9453125 4.0664062
vt -7.0820312 4.0585938
vt -7.9453125 4.0664062
vt -7.078125 4.2109375
vt -11.96875 4.2109375
vt -10.4296875 4.2109375
vt -11.96875 4.0625
vt -10.4296875 3.9863281
vt -11.96875 4.0625
vt -10.4296875 4.2109375
vt -12 4.2109375
vt -11.96875 4.2109375
vt -12.0078125 4.0625
vt -11.96875 4.0625
vt -12.0078125 4.0625
vt -11.96875 4.2109375
vt -7.9765625 4.0664062
vt -7.9453125 4.0664062
vt -7.9648438 3.9667969
vt -11.96875 4.0625
vt -11.96875 3.9648438
vt -12.0078125 4.0625
vt -9.546875 3.984375
vt -9.515625 3.984375
vt -9.53125 3.9570312
vt -10.40625 3.9863281
vt -10.4140625 3.9609375
vt -10.4296875 3.9863281
vt -9.53125 3.9570312
vt -9.515625 3.984375
vt -7.9648438 3.9667969
vt -7.9765625 4.0664062
vt -7.9648438 3.9667969
vt -9.515625 3.984375
vt -11.96875 3.9648438
vt -11.96875 4.0625
vt -10.4140625 3.9609375
vt -10.4296875 3.9863281
vt -10.4140625 3.9609375
vt -11.96875 4.0625
vt -7.9648438 3.9667969
vt -7.9453125 4.0664062
vt -7.0859375 3.9550781
vt -7.0820312 4.0585938
vt -7.0859375 3.9550781
vt -7.9453125 4.0664062
vt -10.828125 8.6640625
vt -10.828125 8.8984375
vt -10.796875 8.671875
vt -10.796875 8.8984375
vt -10.796875 8.671875
vt -10.828125 8.8984375
vt -10.796875 8.671875
vt -10.796875 8.6328125
vt -10.828125 8.6640625
vt -8.390625 8.6796875
vt -8.3671875 8.6796875
vt -8.375 8.6484375
vt -9.9375 8.671875
vt -9.9453125 8.640625
vt -9.9609375 8.671875
vt -9.2734375 8.6796875
vt -9.25 8.6796875
vt -9.2578125 8.6484375
vt -10.140625 -2.1328125
vt -10.1796875 -2.1269531
vt -10.1328125 -1.5429688
vt -10.171875 -1.5429688
vt -10.1328125 -1.5429688
vt -10.1796875 -2.1269531
vt -10.1796875 -2.1269531
vt -10.140625 -2.1328125
vt -10.1796875 -2.1640625
vt -12.3671875 -2.125
vt -12.3828125 -2.1621094
vt -12.390625 -2.125
vt -10.9296875 -2.125
vt -10.8984375 -2.1230469
vt -10.921875 -2.1621094
vt -11.609375 -2.1230469
vt -11.6328125 -2.1621094
vt -11.6484375 -2.125
vt -5.9804688 9.28125
vt -6.015625 9.2890625
vt -5.9804688 9.6640625
vt -6.0195312 9.671875
vt -5.9804688 9.6640625
vt -6.015625 9.2890625
vt -6.015625 9.2890625
vt -5.9804688 9.28125
vt -6.015625 9.25
vt -8.4296875 9.3046875
vt -8.4453125 9.265625
vt -8.453125 9.3046875
vt -6.6367188 9.28125
vt -6.6054688 9.28125
vt -6.6289062 9.2421875
vt -7.8085938 9.2890625
vt -7.828125 9.25
vt -7.8398438 9.296875
vt -9.4921875 1.4628906
vt -9.453125 1.4628906
vt -9.4921875 1.1806641
vt -9.453125 1.1884766
vt -9.4921875 1.1806641
vt -9.453125 1.4628906
vt -8.234375 1.4628906
vt -8.1796875 1.4628906
vt -8.234375 1.1933594
vt -8.203125 1.2001953
vt -8.234375 1.1933594
vt -8.1796875 1.4628906
vt -7.6210938 1.1826172
vt -7.59375 1.1386719
vt -7.625 1.1279297
vt -9.453125 1.1884766
vt -9.4765625 1.1464844
vt -9.4921875 1.1806641
vt -8.234375 1.1933594
vt -8.203125 1.2001953
vt -8.2265625 1.1542969
vt -8.8671875 1.1875
vt -8.8828125 1.1494141
vt -8.8984375 1.1884766
vt -2.9707031 2.9394531
vt -2.9921875 2.9433594
vt -2.9667969 3.2402344
vt -2.9902344 3.2402344
vt -2.9667969 3.2402344
vt -2.9921875 2.9433594
vt -2.9921875 2.9433594
vt -2.9707031 2.9394531
vt -2.9921875 2.9199219
vt -4.453125 2.9296875
vt -4.4609375 2.90625
vt -4.4726562 2.9296875
vt -3.5605469 2.9355469
vt -3.5429688 2.9355469
vt -3.5546875 2.9140625
vt -3.890625 2.9335938
vt -3.9003906 2.9121094
vt -3.9082031 2.9335938
vt -3.1367188 5.03125
vt -3.1132812 5.0234375
vt -3.1347656 5.0078125
vt -4.4765625 5.0429688
vt -4.484375 5.0195312
vt -4.4960938 5.0429688
vt -3.59375 5.03125
vt -3.5742188 5.03125
vt -3.5878906 5.0078125
vt -4.0234375 5.0429688
vt -4.0351562 5.0195312
vt -4.0429688 5.0429688
vt -3.1132812 5.0234375
vt -3.1367188 5.03125
vt -3.1054688 5.09375
vt -3.1328125 5.0976562
vt -3.1054688 5.09375
vt -3.1367188 5.03125
vt -3.2773438 4.5742188
vt -3.2578125 4.5664062
vt -3.2773438 4.5507812
vt -4.4335938 4.5820312
vt -4.4414062 4.5625
vt -4.453125 4.5820312
vt -3.6738281 4.5742188
vt -3.65625 4.5742188
vt -3.6679688 4.5546875
vt -4.0429688 4.5820312
vt -4.0546875 4.5625
vt -4.0625 4.5820312
vt -3.2578125 4.5664062
vt -3.2773438 4.5742188
vt -3.25 4.6289062
vt -3.2753906 4.6328125
vt -3.25 4.6289062
vt -3.2773438 4.5742188
vt -10.953125 8.5234375
vt -10.9140625 8.5234375
vt -10.9375 8.1328125
vt -10.9140625 8.140625
vt -10.9375 8.1328125
vt -10.9140625 8.5234375
vt -9.140625 8.109375
vt -9.171875 8.125
vt -9.125 8.5078125
vt -9.171875 8.515625
vt -9.125 8.5078125
vt -9.171875 8.125
vt -10.3046875 8.53125
vt -10.265625 8.5234375
vt -10.3046875 8.140625
vt -10.2734375 8.1328125
vt -10.3046875 8.140625
vt -10.265625 8.5234375
vt -9.8046875 8.5078125
vt -9.7734375 8.5078125
vt -9.8125 8.125
vt -9.78125 8.125
vt -9.8125 8.125
vt -9.7734375 8.5078125
vt -9.171875 8.125
vt -9.140625 8.109375
vt -9.171875 8.0859375
vt -10.9140625 8.140625
vt -10.921875 8.109375
vt -10.9375 8.1328125
vt -9.8125 8.125
vt -9.78125 8.125
vt -9.8046875 8.09375
vt -10.2734375 8.1328125
vt -10.2890625 8.109375
vt -10.3046875 8.140625
vt -9.65625 -1.515625
vt -9.625 -1.515625
vt -9.65625 -1.6992188
vt -9.6328125 -1.7011719
vt -9.65625 -1.6992188
vt -9.625 -1.515625
vt -7.8671875 -1.703125
vt -7.8945312 -1.6953125
vt -7.8554688 -1.515625
vt -7.890625 -1.515625
vt -7.8554688 -1.515625
vt -7.8945312 -1.6953125
vt -8.9765625 -1.515625
vt -8.953125 -1.515625
vt -8.9765625 -1.6914062
vt -8.953125 -1.6943359
vt -8.9765625 -1.6914062
vt -8.953125 -1.515625
vt -7.8945312 -1.6953125
vt -7.8671875 -1.703125
vt -7.890625 -1.71875
vt -9.6328125 -1.7011719
vt -9.6484375 -1.7226562
vt -9.65625 -1.6992188
vt -8.578125 -1.6943359
vt -8.546875 -1.6943359
vt -8.5703125 -1.7177734
vt -8.953125 -1.6943359
vt -8.96875 -1.7128906
vt -8.9765625 -1.6914062
vt -8.5703125 -1.7177734
vt -8.546875 -1.6943359
vt -7.890625 -1.71875
vt -7.8945312 -1.6953125
vt -7.890625 -1.71875
vt -8.546875 -1.6943359
vt -9.6484375 -1.7226562
vt -9.6328125 -1.7011719
vt -8.96875 -1.7128906
vt -8.9765625 -1.6914062
vt -8.96875 -1.7128906
vt -9.6328125 -1.7011719
vt -8.1953125 -4.484375
vt -8.2265625 -4.4804688
vt -8.1875 -4.3554688
vt -8.21875 -4.3554688
vt -8.1875 -4.3554688
vt -8.2265625 -4.4804688
vt -8.2265625 -4.4804688
vt -8.1953125 -4.484375
vt -8.2265625 -4.5078125
vt -9.40625 -4.4804688
vt -9.421875 -4.5078125
vt -9.4296875 -4.4804688
vt -8.6875 -4.4765625
vt -8.6640625 -4.4765625
vt -8.6796875 -4.5078125
vt -8.9453125 -4.4765625
vt -8.9609375 -4.5078125
vt -8.96875 -4.4765625
vt -8.6796875 -4.5078125
vt -8.6640625 -4.4765625
vt -8.2265625 -4.5078125
vt -8.2265625 -4.4804688
vt -8.2265625 -4.5078125
vt -8.6640625 -4.4765625
vt -9.421875 -4.5078125
vt -9.40625 -4.4804688
vt -8.9609375 -4.5078125
vt -8.96875 -4.4765625
vt -8.9609375 -4.5078125
vt -9.40625 -4.4804688
vt -8.5859375 -2.7792969
vt -8.1796875 -2.7792969
vt -8.59375 -3.0390625
vt -8.1953125 -3.0644531
vt -8.59375 -3.0390625
vt -8.1796875 -2.7792969
vt -8.171875 -3.0722656
vt -8.1953125 -3.0644531
vt -8.1484375 -2.7792969
vt -8.1796875 -2.7792969
vt -8.1484375 -2.7792969
vt -8.1953125 -3.0644531
vt -9.015625 -2.7792969
vt -8.9921875 -2.7792969
vt -9.0234375 -3.0390625
vt -9 -3.0410156
vt -9.0234375 -3.0390625
vt -8.9921875 -2.7792969
vt -8.1953125 -3.0644531
vt -8.171875 -3.0722656
vt -8.1953125 -3.0878906
vt -9.4140625 -3.0390625
vt -9.4296875 -3.0605469
vt -9.4375 -3.0390625
vt -8.6171875 -3.0390625
vt -8.59375 -3.0390625
vt -8.609375 -3.0625
vt -9 -3.0410156
vt -9.0078125 -3.0625
vt -9.0234375 -3.0390625
vt -8.609375 -3.0625
vt -8.59375 -3.0390625
vt -8.1953125 -3.0878906
vt -8.1953125 -3.0644531
vt -8.1953125 -3.0878906
vt -8.59375 -3.0390625
vt -9.4296875 -3.0605469
vt -9.4140625 -3.0390625
vt -9.0078125 -3.0625
vt -9.0234375 -3.0390625
vt -9.0078125 -3.0625
vt -9.4140625 -3.0390625
vt -8.1171875 -4.0039062
vt -8.1484375 -3.9960938
vt -8.109375 -3.8574219
vt -8.140625 -3.8574219
vt -8.109375 -3.8574219
vt -8.1484375 -3.9960938
vt -8.1484375 -3.9960938
vt -8.1171875 -4.0039062
vt -8.1484375 -4.0273438
vt -9.453125 -3.9980469
vt -9.4609375 -4.0273438
vt -9.4765625 -3.9980469
vt -8.609375 -3.9941406
vt -8.5859375 -3.9921875
vt -8.6015625 -4.0273438
vt -8.9921875 -3.9941406
vt -9.0078125 -4.0273438
vt -9.015625 -3.9941406
vt -8.6015625 -4.0273438
vt -8.5859375 -3.9921875
vt -8.1484375 -4.0273438
vt -8.1484375 -3.9960938
vt -8.1484375 -4.0273438
vt -8.5859375 -3.9921875
vt -9.4609375 -4.0273438
vt -9.453125 -3.9980469
vt -9.0078125 -4.0273438
vt -9.015625 -3.9941406
vt -9.0078125 -4.0273438
vt -9.453125 -3.9980469
vt -20.3125 2.6191406
vt -20.265625 2.6210938
vt -20.296875 2.3457031
vt -20.28125 2.3535156
vt -20.296875 2.3457031
vt -20.265625 2.6210938
vt -13.40625 2.3320312
vt -13.4375 2.3417969
vt -13.390625 2.609375
vt -13.4375 2.6132812
vt -13.390625 2.609375
vt -13.4375 2.3417969
vt -17.8125 2.6230469
vt -17.765625 2.6210938
vt -17.8125 2.3535156
vt -17.78125 2.3476562
vt -17.8125 2.3535156
vt -17.765625 2.6210938
vt -15.9296875 2.5996094
vt -15.8984375 2.6015625
vt -15.9375 2.3359375
vt -15.90625 2.3417969
vt -15.9375 2.3359375
vt -15.8984375 2.6015625
vt -13.4375 2.3417969
vt -13.40625 2.3320312
vt -13.4375 2.3046875
vt -20.28125 2.3535156
vt -20.296875 2.3183594
vt -20.296875 2.3457031
vt -15.9375 2.3359375
vt -15.90625 2.3417969
vt -15.921875 2.3085938
vt -17.78125 2.3476562
vt -17.796875 2.3183594
vt -17.8125 2.3535156
vt -11.765625 6.328125
vt -10.78125 6.328125
vt -11.765625 5.9023438
vt -10.78125 5.90625
vt -10.7265625 6.328125
vt -9.8046875 6.328125
vt -10.7421875 5.9101562
vt -9.8125 5.90625
vt -9.765625 6.328125
vt -8.7890625 6.328125
vt -9.78125 5.90625
vt -8.796875 5.9023438
vt -8.75 6.328125
vt -7.8398438 6.328125
vt -8.7578125 5.9023438
vt -7.8359375 5.90625
vt -9.8046875 6.328125
vt -9.765625 6.328125
vt -9.8125 5.90625
vt -9.78125 5.90625
vt -8.7890625 6.328125
vt -8.75 6.328125
vt -8.796875 5.9023438
vt -8.7578125 5.9023438
vt -8.78125 5.8554688
vt -8.7578125 5.9023438
vt -7.8320312 5.8554688
vt -7.8359375 5.90625
vt -9.8046875 5.8554688
vt -9.78125 5.90625
vt -8.78125 5.8554688
vt -8.796875 5.9023438
vt -10.7578125 5.8632812
vt -10.7421875 5.9101562
vt -9.8046875 5.8554688
vt -9.8125 5.90625
vt -11.7578125 5.8515625
vt -11.765625 5.9023438
vt -10.7578125 5.8632812
vt -10.78125 5.90625
vt -12.109375 7.4140625
vt -11.625 7.4140625
vt -12.109375 7.0429688
vt -11.6171875 7.0507812
vt -11.5703125 7.4140625
vt -10.5234375 7.4140625
vt -11.578125 7.0507812
vt -10.5234375 7.0507812
vt -10.4765625 7.4140625
vt -9.9921875 7.4140625
vt -10.4921875 7.0507812
vt -10.0078125 7.0507812
vt -9.953125 7.4140625
vt -8.9140625 7.4140625
vt -9.96875 7.0507812
vt -8.9140625 7.0507812
vt -11.625 7.4140625
vt -11.5703125 7.4140625
vt -11.6171875 7.0507812
vt -11.578125 7.0507812
vt -10.5234375 7.4140625
vt -10.4765625 7.4140625
vt -10.5234375 7.0507812
vt -10.4921875 7.0507812
vt -9.9921875 7.4140625
vt -9.953125 7.4140625
vt -10.0078125 7.0507812
vt -9.96875 7.0507812
vt -9.9921875 7.0039062
vt -9.96875 7.0507812
vt -8.90625 7
vt -8.9140625 7.0507812
vt -10.5078125 7.0039062
vt -10.4921875 7.0507812
vt -9.9921875 7.0039062
vt -10.0078125 7.0507812
vt -11.6015625 7.0039062
vt -11.578125 7.0507812
vt -10.5078125 7.0039062
vt -10.5234375 7.0507812
vt -12.1015625 6.9960938
vt -12.109375 7.0429688
vt -11.6015625 7.0039062
vt -11.6171875 7.0507812
vt -10.65625 3.6542969
vt -10.0703125 3.6542969
vt -10.65625 3.265625
vt -10.0703125 3.265625
vt -11.9375 3.6542969
vt -10.6875 3.6542969
vt -11.9375 3.2617188
vt -10.6875 3.2636719
vt -10.0390625 3.6542969
vt -8.796875 3.6542969
vt -10.046875 3.2617188
vt -8.796875 3.2636719
vt -8.765625 3.6542969
vt -8.1796875 3.6542969
vt -8.7734375 3.265625
vt -8.1875 3.265625
vt -8.7890625 3.2226562
vt -8.7734375 3.265625
vt -8.1796875 3.2207031
vt -8.1875 3.265625
vt -10.0625 3.2226562
vt -10.046875 3.2617188
vt -8.7890625 3.2226562
vt -8.796875 3.2636719
vt -10.671875 3.2246094
vt -10.65625 3.265625
vt -10.0625 3.2226562
vt -10.0703125 3.265625
vt -11.9375 3.2226562
vt -11.9375 3.2617188
vt -10.671875 3.2246094
vt -10.6875 3.2636719
vt -10.453125 -0.25854492
vt -10.4609375 -0.71875
vt -10.96875 -0.2475586
vt -10.96875 -0.7080078
vt -10.9921875 -0.24707031
vt -10.9921875 -0.70751953
vt -11.4765625 -0.24707031
vt -11.4765625 -0.70751953
vt -11.5 -0.24719238
vt -11.4921875 -0.7080078
vt -12.0078125 -0.25219727
vt -12 -0.71240234
vt -12.03125 -0.25268555
vt -12.0234375 -0.7133789
vt -12.515625 -0.25341797
vt -12.515625 -0.7138672
vt -10.96875 -0.2475586
vt -10.96875 -0.7080078
vt -10.9921875 -0.24707031
vt -10.9921875 -0.70751953
vt -11.4765625 -0.24707031
vt -11.4765625 -0.70751953
vt -11.5 -0.24719238
vt -11.4921875 -0.7080078
vt -12.0078125 -0.25219727
vt -12 -0.71240234
vt -12.03125 -0.25268555
vt -12.0234375 -0.7133789
vt -12.0078125 -0.73779297
vt -12.515625 -0.7392578
vt -12.0234375 -0.7133789
vt -12.515625 -0.7138672
vt -11.484375 -0.7324219
vt -12.0078125 -0.73779297
vt -11.4921875 -0.7080078
vt -12 -0.71240234
vt -10.984375 -0.7324219
vt -11.484375 -0.7324219
vt -10.9921875 -0.70751953
vt -11.4765625 -0.70751953
vt -10.46875 -0.7451172
vt -10.984375 -0.7324219
vt -10.4609375 -0.71875
vt -10.96875 -0.7080078
vt -5.9179688 8.4375
vt -5.9140625 8.1953125
vt -6.4570312 8.4609375
vt -6.4648438 8.21875
vt -6.4882812 8.4609375
vt -6.4882812 8.21875
vt -6.9296875 8.4609375
vt -6.9257812 8.2109375
vt -6.9570312 8.4609375
vt -6.9492188 8.2109375
vt -7.4921875 8.4453125
vt -7.4960938 8.1953125
vt -7.5195312 8.4453125
vt -7.5195312 8.1953125
vt -7.9570312 8.4453125
vt -7.9609375 8.203125
vt -6.4570312 8.4609375
vt -6.4648438 8.21875
vt -6.4882812 8.4609375
vt -6.4882812 8.21875
vt -6.9296875 8.4609375
vt -6.9257812 8.2109375
vt -6.9570312 8.4609375
vt -6.9492188 8.2109375
vt -7.4921875 8.4453125
vt -7.4960938 8.1953125
vt -7.5195312 8.4453125
vt -7.5195312 8.1953125
vt -7.5039062 8.1640625
vt -7.9609375 8.171875
vt -7.5195312 8.1953125
vt -7.9609375 8.203125
vt -6.9335938 8.1796875
vt -7.5039062 8.1640625
vt -6.9492188 8.2109375
vt -7.4960938 8.1953125
vt -6.4765625 8.1875
vt -6.9335938 8.1796875
vt -6.4882812 8.21875
vt -6.9257812 8.2109375
vt -5.9179688 8.15625
vt -6.4765625 8.1875
vt -5.9140625 8.1953125
vt -6.4648438 8.21875
vt -8.2890625 10.3515625
vt -8.2890625 10.046875
vt -9.3828125 10.390625
vt -9.390625 10.0859375
vt -9.4296875 10.390625
vt -9.421875 10.0859375
vt -10.1328125 10.3828125
vt -10.125 10.078125
vt -10.1640625 10.3828125
vt -10.15625 10.078125
vt -11.2578125 10.359375
vt -11.265625 10.0546875
vt -11.2890625 10.359375
vt -11.2890625 10.046875
vt -12 10.3671875
vt -12 10.0625
vt -9.3828125 10.390625
vt -9.390625 10.0859375
vt -9.4296875 10.390625
vt -9.421875 10.0859375
vt -10.1328125 10.3828125
vt -10.125 10.078125
vt -10.1640625 10.3828125
vt -10.15625 10.078125
vt -11.2578125 10.359375
vt -11.265625 10.0546875
vt -11.2890625 10.359375
vt -11.2890625 10.046875
vt -11.2734375 10.0078125
vt -12 10.015625
vt -11.2890625 10.046875
vt -12 10.0625
vt -10.1328125 10.03125
vt -11.2734375 10.0078125
vt -10.15625 10.078125
vt -11.265625 10.0546875
vt -9.40625 10.046875
vt -10.1328125 10.03125
vt -9.421875 10.0859375
vt -10.125 10.078125
vt -8.2890625 10
vt -9.40625 10.046875
vt -8.2890625 10.046875
vt -9.390625 10.0859375
vt -7.2109375 -8.0390625
vt -6.0820312 -8.0390625
vt -7.2148438 -8.09375
vt -6.0859375 -8.1015625
vt -7.2226562 -8.0390625
vt -7.2109375 -8.0390625
vt -7.2265625 -8.09375
vt -7.2148438 -8.09375
vt -6.0703125 -8.0390625
vt -5.2421875 -8.0390625
vt -6.0742188 -8.1015625
vt -5.2421875 -8.1015625
vt -9.1875 -8.0390625
vt -8.0703125 -8.0390625
vt -9.1875 -8.1015625
vt -8.0703125 -8.09375
vt -8.0546875 -8.0390625
vt -7.2226562 -8.0390625
vt -8.0546875 -8.09375
vt -7.2265625 -8.09375
vt -8.0703125 -8.0390625
vt -8.0546875 -8.0390625
vt -8.0703125 -8.09375
vt -8.0546875 -8.09375
vt -8.0625 -8.109375
vt -8.0546875 -8.09375
vt -7.2226562 -8.109375
vt -7.2265625 -8.09375
vt -9.1875 -8.109375
vt -9.1875 -8.1015625
vt -8.0625 -8.109375
vt -8.0703125 -8.09375
vt -9.3671875 -3.2578125
vt -9.359375 -3.3925781
vt -10.109375 -3.2578125
vt -10.109375 -3.3886719
vt -10.1328125 -3.2578125
vt -10.125 -3.3925781
vt -10.8125 -3.2578125
vt -10.8125 -3.3828125
vt -10.8359375 -3.2578125
vt -10.828125 -3.3867188
vt -11.5859375 -3.2578125
vt -11.5859375 -3.3828125
vt -11.609375 -3.2578125
vt -11.6015625 -3.3808594
vt -12.2890625 -3.2578125
vt -12.2890625 -3.3867188
vt -10.8203125 -3.4199219
vt -11.5859375 -3.4160156
vt -10.828125 -3.3867188
vt -11.5859375 -3.3828125
vt -10.1171875 -3.4316406
vt -10.8203125 -3.4199219
vt -10.125 -3.3925781
vt -10.8125 -3.3828125
vt -9.3828125 -3.4394531
vt -10.1171875 -3.4316406
vt -9.359375 -3.3925781
vt -10.109375 -3.3886719
vt -11.84375 -5.1484375
vt -10.890625 -5.1132812
vt -11.8203125 -5.7148438
vt -10.875 -5.6796875
vt -10.84375 -5.1132812
vt -8.90625 -5.1132812
vt -10.84375 -5.6757812
vt -8.9140625 -5.6757812
vt -8.875 -5.1132812
vt -7.921875 -5.125
vt -8.8828125 -5.6796875
vt -7.9335938 -5.6914062
vt -7.890625 -5.125
vt -5.9609375 -5.125
vt -7.8984375 -5.6914062
vt -5.9648438 -5.6914062
vt -10.890625 -5.1132812
vt -10.84375 -5.1132812
vt -10.875 -5.6796875
vt -10.84375 -5.6757812
vt -8.90625 -5.1132812
vt -8.875 -5.1132812
vt -8.9140625 -5.6757812
vt -8.8828125 -5.6796875
vt -7.921875 -5.125
vt -7.890625 -5.125
vt -7.9335938 -5.6914062
vt -7.8984375 -5.6914062
vt -7.921875 -5.7304688
vt -7.8984375 -5.6914062
vt -5.9609375 -5.7304688
vt -5.9648438 -5.6914062
vt -8.8984375 -5.71875
vt -8.8828125 -5.6796875
vt -7.921875 -5.7304688
vt -7.9335938 -5.6914062
vt -10.859375 -5.71875
vt -10.84375 -5.6757812
vt -8.8984375 -5.71875
vt -8.9140625 -5.6757812
vt -11.8125 -5.7578125
vt -11.8203125 -5.7148438
vt -10.859375 -5.71875
vt -10.875 -5.6796875
vt -9.515625 4.2109375
vt -7.9765625 4.2109375
vt -9.515625 3.984375
vt -7.9765625 4.0664062
vt -7.9453125 4.0664062
vt -7.9765625 4.0664062
vt -7.9375 4.2109375
vt -7.9765625 4.2109375
vt -9.5390625 4.2109375
vt -9.515625 4.2109375
vt -9.546875 3.984375
vt -9.515625 3.984375
vt -10.3984375 4.2109375
vt -9.5390625 4.2109375
vt -10.40625 3.9863281
vt -9.546875 3.984375
vt -10.4296875 4.2109375
vt -10.3984375 4.2109375
vt -10.4296875 3.9863281
vt -10.40625 3.9863281
vt -10.4140625 3.9609375
vt -10.40625 3.9863281
vt -9.53125 3.9570312
vt -9.546875 3.984375
vt -7.6992188 8.8984375
vt -7.703125 8.6640625
vt -8.3671875 8.90625
vt -8.3671875 8.6796875
vt -8.3984375 8.90625
vt -8.390625 8.6796875
vt -9.25 8.9140625
vt -9.25 8.6796875
vt -9.28125 8.9140625
vt -9.2734375 8.6796875
vt -9.9375 8.90625
vt -9.9375 8.671875
vt -9.9609375 8.90625
vt -9.9609375 8.671875
vt -10.796875 8.8984375
vt -10.796875 8.671875
vt -8.3671875 8.90625
vt -8.3671875 8.6796875
vt -8.3984375 8.90625
vt -8.390625 8.6796875
vt -9.25 8.9140625
vt -9.25 8.6796875
vt -9.28125 8.9140625
vt -9.2734375 8.6796875
vt -9.9375 8.90625
vt -9.9375 8.671875
vt -9.9609375 8.90625
vt -9.9609375 8.671875
vt -9.9453125 8.640625
vt -10.796875 8.6328125
vt -9.9609375 8.671875
vt -10.796875 8.671875
vt -9.2578125 8.6484375
vt -9.9453125 8.640625
vt -9.2734375 8.6796875
vt -9.9375 8.671875
vt -8.375 8.6484375
vt -9.2578125 8.6484375
vt -8.390625 8.6796875
vt -9.25 8.6796875
vt -7.703125 8.6328125
vt -8.375 8.6484375
vt -7.703125 8.6640625
vt -8.3671875 8.6796875
vt -13.0703125 -1.5429688
vt -12.3984375 -1.5429688
vt -13.0703125 -2.1308594
vt -12.390625 -2.125
vt -12.359375 -1.5429688
vt -11.6328125 -1.5429688
vt -12.3671875 -2.125
vt -11.6484375 -2.125
vt -11.6015625 -1.5429688
vt -10.921875 -1.5429688
vt -11.609375 -2.1230469
vt -10.9296875 -2.125
vt -10.8828125 -1.5429688
vt -10.171875 -1.5429688
vt -10.8984375 -2.1230469
vt -10.1796875 -2.1269531
vt -12.3984375 -1.5429688
vt -12.359375 -1.5429688
vt -12.390625 -2.125
vt -12.3671875 -2.125
vt -11.6328125 -1.5429688
vt -11.6015625 -1.5429688
vt -11.6484375 -2.125
vt -11.609375 -2.1230469
vt -10.921875 -1.5429688
vt -10.8828125 -1.5429688
vt -10.9296875 -2.125
vt -10.8984375 -2.1230469
vt -10.921875 -2.1621094
vt -10.8984375 -2.1230469
vt -10.1796875 -2.1640625
vt -10.1796875 -2.1269531
vt -11.6328125 -2.1621094
vt -11.609375 -2.1230469
vt -10.921875 -2.1621094
vt -10.9296875 -2.125
vt -12.3828125 -2.1621094
vt -12.3671875 -2.125
vt -11.6328125 -2.1621094
vt -11.6484375 -2.125
vt -13.0703125 -2.1699219
vt -13.0703125 -2.1308594
vt -12.3828125 -2.1621094
vt -12.390625 -2.125
vt -9.6328125 9.671875
vt -8.453125 9.6796875
vt -9.6328125 9.2890625
vt -8.453125 9.3046875
vt -8.421875 9.6796875
vt -7.8320312 9.6796875
vt -8.4296875 9.3046875
vt -7.8398438 9.296875
vt -7.8007812 9.6796875
vt -6.6328125 9.6640625
vt -7.8085938 9.2890625
vt -6.6367188 9.28125
vt -6.6054688 9.6640625
vt -6.0195312 9.671875
vt -6.6054688 9.28125
vt -6.015625 9.2890625
vt -8.453125 9.6796875
vt -8.421875 9.6796875
vt -8.453125 9.3046875
vt -8.4296875 9.3046875
vt -7.8320312 9.6796875
vt -7.8007812 9.6796875
vt -7.8398438 9.296875
vt -7.8085938 9.2890625
vt -6.6328125 9.6640625
vt -6.6054688 9.6640625
vt -6.6367188 9.28125
vt -6.6054688 9.28125
vt -6.6289062 9.2421875
vt -6.6054688 9.28125
vt -6.015625 9.25
vt -6.015625 9.2890625
vt -7.828125 9.25
vt -7.8085938 9.2890625
vt -6.6289062 9.2421875
vt -6.6367188 9.28125
vt -8.4453125 9.265625
vt -8.4296875 9.3046875
vt -7.828125 9.25
vt -7.8398438 9.296875
vt -9.625 9.25
vt -9.6328125 9.2890625
vt -8.4453125 9.265625
vt -8.453125 9.3046875
vt -9.453125 1.4628906
vt -8.8984375 1.4628906
vt -9.453125 1.1884766
vt -8.8984375 1.1884766
vt -10.09375 1.4628906
vt -9.4921875 1.4628906
vt -10.1015625 1.1787109
vt -9.4921875 1.1806641
vt -8.859375 1.4628906
vt -8.234375 1.4628906
vt -8.8671875 1.1875
vt -8.234375 1.1933594
vt -8.1796875 1.4628906
vt -7.6054688 1.4628906
vt -8.203125 1.2001953
vt -7.6210938 1.1826172
vt -7.5703125 1.1816406
vt -7.6210938 1.1826172
vt -7.5546875 1.4628906
vt -7.6054688 1.4628906
vt -8.8984375 1.4628906
vt -8.859375 1.4628906
vt -8.8984375 1.1884766
vt -8.8671875 1.1875
vt -8.2265625 1.1542969
vt -8.203125 1.2001953
vt -7.625 1.1279297
vt -7.6210938 1.1826172
vt -8.8828125 1.1494141
vt -8.8671875 1.1875
vt -8.2265625 1.1542969
vt -8.234375 1.1933594
vt -9.4765625 1.1464844
vt -9.453125 1.1884766
vt -8.8828125 1.1494141
vt -8.8984375 1.1884766
vt -10.09375 1.1445312
vt -10.1015625 1.1787109
vt -9.4765625 1.1464844
vt -9.4921875 1.1806641
vt -4.8203125 3.2109375
vt -4.484375 3.2265625
vt -4.8007812 2.9140625
vt -4.4726562 2.9296875
vt -4.4609375 3.2265625
vt -3.9121094 3.2324219
vt -4.453125 2.9296875
vt -3.9082031 2.9335938
vt -3.8886719 3.2324219
vt -3.5566406 3.234375
vt -3.890625 2.9335938
vt -3.5605469 2.9355469
vt -3.5371094 3.234375
vt -2.9902344 3.2402344
vt -3.5429688 2.9355469
vt -2.9921875 2.9433594
vt -4.484375 3.2265625
vt -4.4609375 3.2265625
vt -4.4726562 2.9296875
vt -4.453125 2.9296875
vt -3.9121094 3.2324219
vt -3.8886719 3.2324219
vt -3.9082031 2.9335938
vt -3.890625 2.9335938
vt -3.5566406 3.234375
vt -3.5371094 3.234375
vt -3.5605469 2.9355469
vt -3.5429688 2.9355469
vt -3.5546875 2.9140625
vt -3.5429688 2.9355469
vt -2.9921875 2.9199219
vt -2.9921875 2.9433594
vt -3.9003906 2.9121094
vt -3.890625 2.9335938
vt -3.5546875 2.9140625
vt -3.5605469 2.9355469
vt -4.4609375 2.90625
vt -4.453125 2.9296875
vt -3.9003906 2.9121094
vt -3.9082031 2.9335938
vt -4.796875 2.890625
vt -4.8007812 2.9140625
vt -4.4609375 2.90625
vt -4.4726562 2.9296875
vt -3.5878906 5.0078125
vt -3.5742188 5.03125
vt -3.1347656 5.0078125
vt -3.1367188 5.03125
vt -4.0351562 5.0195312
vt -4.0234375 5.0429688
vt -3.5878906 5.0078125
vt -3.59375 5.03125
vt -4.484375 5.0195312
vt -4.4765625 5.0429688
vt -4.0351562 5.0195312
vt -4.0429688 5.0429688
vt -4.9296875 4.9804688
vt -4.9335938 5.0039062
vt -4.484375 5.0195312
vt -4.4960938 5.0429688
vt -4.9414062 5.0742188
vt -4.5 5.109375
vt -4.9335938 5.0039062
vt -4.4960938 5.0429688
vt -4.4726562 5.1132812
vt -4.0429688 5.109375
vt -4.4765625 5.0429688
vt -4.0429688 5.0429688
vt -4.0195312 5.109375
vt -3.5898438 5.1015625
vt -4.0234375 5.0429688
vt -3.59375 5.03125
vt -3.5683594 5.0976562
vt -3.1328125 5.0976562
vt -3.5742188 5.03125
vt -3.1367188 5.03125
vt -4.5 5.109375
vt -4.4726562 5.1132812
vt -4.4960938 5.0429688
vt -4.4765625 5.0429688
vt -4.0429688 5.109375
vt -4.0195312 5.109375
vt -4.0429688 5.0429688
vt -4.0234375 5.0429688
vt -3.5898438 5.1015625
vt -3.5683594 5.0976562
vt -3.59375 5.03125
vt -3.5742188 5.03125
vt 0.02482605 0.009925842
vt 0.0826416 0.009925842
vt 0.043548584 0.5097656
vt 0.07946777 0.5097656
vt -3.6679688 4.5546875
vt -3.65625 4.5742188
vt -3.2773438 4.5507812
vt -3.2773438 4.5742188
vt -4.0546875 4.5625
vt -4.0429688 4.5820312
vt -3.6679688 4.5546875
vt -3.6738281 4.5742188
vt -4.4414062 4.5625
vt -4.4335938 4.5820312
vt -4.0546875 4.5625
vt -4.0625 4.5820312
vt -4.828125 4.53125
vt -4.8320312 4.5507812
vt -4.4414062 4.5625
vt -4.453125 4.5820312
vt -4.8359375 4.609375
vt -4.453125 4.640625
vt -4.8320312 4.5507812
vt -4.453125 4.5820312
vt -4.4335938 4.640625
vt -4.0585938 4.640625
vt -4.4335938 4.5820312
vt -4.0625 4.5820312
vt -4.0390625 4.640625
vt -3.6699219 4.6328125
vt -4.0429688 4.5820312
vt -3.6738281 4.5742188
vt -3.6503906 4.6328125
vt -3.2753906 4.6328125
vt -3.65625 4.5742188
vt -3.2773438 4.5742188
vt -4.453125 4.640625
vt -4.4335938 4.640625
vt -4.453125 4.5820312
vt -4.4335938 4.5820312
vt -4.0585938 4.640625
vt -4.0390625 4.640625
vt -4.0625 4.5820312
vt -4.0429688 4.5820312
vt -3.6699219 4.6328125
vt -3.6503906 4.6328125
vt -3.6738281 4.5742188
vt -3.65625 4.5742188
vt 0.02482605 0.009925842
vt 0.0826416 0.009925842
vt 0.043548584 0.5097656
vt 0.07946777 0.5097656
vt -10.9140625 8.5234375
vt -10.3046875 8.53125
vt -10.9140625 8.140625
vt -10.3046875 8.140625
vt -11.421875 8.5
vt -10.953125 8.5234375
vt -11.3984375 8.109375
vt -10.9375 8.1328125
vt -10.265625 8.5234375
vt -9.8046875 8.5078125
vt -10.2734375 8.1328125
vt -9.8125 8.125
vt -9.7734375 8.5078125
vt -9.171875 8.515625
vt -9.78125 8.125
vt -9.171875 8.125
vt -9.8046875 8.09375
vt -9.78125 8.125
vt -9.171875 8.0859375
vt -9.171875 8.125
vt -10.2890625 8.109375
vt -10.2734375 8.1328125
vt -9.8046875 8.09375
vt -9.8125 8.125
vt -10.921875 8.109375
vt -10.9140625 8.140625
vt -10.2890625 8.109375
vt -10.3046875 8.140625
vt -11.3984375 8.0859375
vt -11.3984375 8.109375
vt -10.921875 8.109375
vt -10.9375 8.1328125
vt -10.0390625 -1.515625
vt -9.65625 -1.515625
vt -10.0390625 -1.6982422
vt -9.65625 -1.6992188
vt -9.625 -1.515625
vt -8.9765625 -1.515625
vt -9.6328125 -1.7011719
vt -8.9765625 -1.6914062
vt -8.953125 -1.515625
vt -8.5703125 -1.515625
vt -8.953125 -1.6943359
vt -8.578125 -1.6943359
vt -8.546875 -1.515625
vt -7.890625 -1.515625
vt -8.546875 -1.6943359
vt -7.8945312 -1.6953125
vt -8.5703125 -1.515625
vt -8.546875 -1.515625
vt -8.578125 -1.6943359
vt -8.546875 -1.6943359
vt -8.96875 -1.7128906
vt -8.953125 -1.6943359
vt -8.5703125 -1.7177734
vt -8.578125 -1.6943359
vt -10.03125 -1.7216797
vt -10.0390625 -1.6982422
vt -9.6484375 -1.7226562
vt -9.65625 -1.6992188
vt -9.6875 -4.3554688
vt -9.4296875 -4.3554688
vt -9.6875 -4.4804688
vt -9.4296875 -4.4804688
vt -9.3984375 -4.3554688
vt -8.96875 -4.3554688
vt -9.40625 -4.4804688
vt -8.96875 -4.4765625
vt -8.9453125 -4.3554688
vt -8.6875 -4.3554688
vt -8.9453125 -4.4765625
vt -8.6875 -4.4765625
vt -8.65625 -4.3554688
vt -8.21875 -4.3554688
vt -8.6640625 -4.4765625
vt -8.2265625 -4.4804688
vt -9.4296875 -4.3554688
vt -9.3984375 -4.3554688
vt -9.4296875 -4.4804688
vt -9.40625 -4.4804688
vt -8.96875 -4.3554688
vt -8.9453125 -4.3554688
vt -8.96875 -4.4765625
vt -8.9453125 -4.4765625
vt -8.6875 -4.3554688
vt -8.65625 -4.3554688
vt -8.6875 -4.4765625
vt -8.6640625 -4.4765625
vt -8.9609375 -4.5078125
vt -8.9453125 -4.4765625
vt -8.6796875 -4.5078125
vt -8.6875 -4.4765625
vt -9.6875 -4.5117188
vt -9.6875 -4.4804688
vt -9.421875 -4.5078125
vt -9.4296875 -4.4804688
vt -9.8203125 -2.7792969
vt -9.4375 -2.7792969
vt -9.8203125 -3.0410156
vt -9.4375 -3.0390625
vt -9.4140625 -2.7792969
vt -9.015625 -2.7792969
vt -9.4140625 -3.0390625
vt -9.0234375 -3.0390625
vt -8.9921875 -2.7792969
vt -8.6171875 -2.7792969
vt -9 -3.0410156
vt -8.6171875 -3.0390625
vt -9.4375 -2.7792969
vt -9.4140625 -2.7792969
vt -9.4375 -3.0390625
vt -9.4140625 -3.0390625
vt -8.6171875 -2.7792969
vt -8.5859375 -2.7792969
vt -8.6171875 -3.0390625
vt -8.59375 -3.0390625
vt -9.0078125 -3.0625
vt -9 -3.0410156
vt -8.609375 -3.0625
vt -8.6171875 -3.0390625
vt -9.8203125 -3.0644531
vt -9.8203125 -3.0410156
vt -9.4296875 -3.0605469
vt -9.4375 -3.0390625
vt -9.8515625 -3.8574219
vt -9.46875 -3.8574219
vt -9.859375 -3.9980469
vt -9.4765625 -3.9980469
vt -9.4453125 -3.8574219
vt -9.015625 -3.8574219
vt -9.453125 -3.9980469
vt -9.015625 -3.9941406
vt -8.9921875 -3.8574219
vt -8.609375 -3.8574219
vt -8.9921875 -3.9941406
vt -8.609375 -3.9941406
vt -8.578125 -3.8574219
vt -8.140625 -3.8574219
vt -8.5859375 -3.9921875
vt -8.1484375 -3.9960938
vt -9.46875 -3.8574219
vt -9.4453125 -3.8574219
vt -9.4765625 -3.9980469
vt -9.453125 -3.9980469
vt -9.015625 -3.8574219
vt -8.9921875 -3.8574219
vt -9.015625 -3.9941406
vt -8.9921875 -3.9941406
vt -8.609375 -3.8574219
vt -8.578125 -3.8574219
vt -8.609375 -3.9941406
vt -8.5859375 -3.9921875
vt -9.0078125 -4.0273438
vt -8.9921875 -3.9941406
vt -8.6015625 -4.0273438
vt -8.609375 -3.9941406
vt -9.8515625 -4.0273438
vt -9.859375 -3.9980469
vt -9.4609375 -4.0273438
vt -9.4765625 -3.9980469
vt -20.265625 2.6210938
vt -17.8125 2.6230469
vt -20.28125 2.3535156
vt -17.8125 2.3535156
vt -22.15625 2.5820312
vt -20.3125 2.6191406
vt -22.140625 2.3105469
vt -20.296875 2.3457031
vt -17.765625 2.6210938
vt -15.9296875 2.5996094
vt -17.78125 2.3476562
vt -15.9375 2.3359375
vt -15.8984375 2.6015625
vt -13.4375 2.6132812
vt -15.90625 2.3417969
vt -13.4375 2.3417969
vt -15.921875 2.3085938
vt -15.90625 2.3417969
vt -13.4375 2.3046875
vt -13.4375 2.3417969
vt -17.796875 2.3183594
vt -17.78125 2.3476562
vt -15.921875 2.3085938
vt -15.9375 2.3359375
vt -20.296875 2.3183594
vt -20.28125 2.3535156
vt -17.796875 2.3183594
vt -17.8125 2.3535156
vt -22.140625 2.2832031
vt -22.140625 2.3105469
vt -20.296875 2.3183594
vt -20.296875 2.3457031
vt 10.6640625 -7.0507812
vt 10.671875 -6.125
vt 11.65625 -7.0585938
vt 11.65625 -6.1328125
vt 11.90625 -9.0859375
vt 11.953125 -10.1328125
vt 11.4140625 -9.109375
vt 11.4609375 -10.15625
vt 9.6171875 -7.0429688
vt 9.6484375 -7.6328125
vt 8.3671875 -7.078125
vt 8.3984375 -7.6640625
vt 11.59375 -5.8789062
vt 11.5703125 -6.390625
vt 11.1015625 -5.8632812
vt 11.078125 -6.375
vt 9.8203125 -6.5546875
vt 9.8046875 -7.1054688
vt 9.3828125 -6.53125
vt 9.359375 -7.0859375
vt 7.5195312 -6.875
vt 7.5234375 -5.7617188
vt 8.234375 -6.8984375
vt 8.234375 -5.7851562
vt 7.828125 -7.1445312
vt 7.8867188 -6.0273438
vt 8.6640625 -7.1835938
vt 8.71875 -6.0546875
vt 9.546875 -6
vt 9.5703125 -6.7226562
vt 8.8828125 -6.03125
vt 8.8984375 -6.7734375
vt 9.1484375 -6.578125
vt 9.21875 -4.640625
vt 10.109375 -6.6171875
vt 10.171875 -4.6796875
vt 11.5625 -4.7539062
vt 11.6484375 -6.2929688
vt 10.703125 -4.7929688
vt 10.78125 -6.3320312
vt 10.0390625 -6.1835938
vt 9.9921875 -6.8515625
vt 9.1796875 -6.15625
vt 9.15625 -6.8242188
vt 11.40625 -6.4726562
vt 10.6875 -6.4570312
vt 11.4375 -5.796875
vt 10.7109375 -5.7773438
vt 9.9140625 -5.8046875
vt 10.5078125 -5.7695312
vt 9.9453125 -6.984375
vt 10.5390625 -6.9492188
vt 9.0859375 -6.1679688
vt 9.125 -6.7265625
vt 8.4765625 -6.203125
vt 8.4921875 -6.78125
vt 3.9980469 -1.6689453
vt 4.0078125 -1.1181641
vt 4.3320312 -1.6728516
vt 4.34375 -1.1230469
vt 8.2578125 -0.47338867
vt 8.2578125 -0.91015625
vt 7.8164062 -0.4868164
vt 7.8242188 -0.9272461
vt 8.2265625 -0.50341797
vt 8.2265625 -0.8808594
vt 7.84375 -0.5161133
vt 7.8515625 -0.89697266
vt 9.4296875 -4.5039062
vt 10.046875 -4.515625
vt 9.421875 -4.9726562
vt 10.0390625 -4.984375
vt 6.078125 -1.984375
vt 6.734375 -1.9941406
vt 6.0625 -2.3671875
vt 6.7226562 -2.3789062
vt 6.1835938 -2.0488281
vt 6.6210938 -2.0546875
vt 6.1757812 -2.3085938
vt 6.6171875 -2.3144531
vt 6.203125 -1.9853516
vt 6.6054688 -1.9931641
vt 6.1953125 -2.3691406
vt 6.5976562 -2.3769531
vt 6.1914062 -1.9873047
vt 6.6289062 -1.9921875
vt 6.171875 -2.3710938
vt 6.609375 -2.375
vt 6.3632812 -4.609375
vt 8.8359375 -4.6210938
vt 6.34375 -6.4570312
vt 8.8125 -6.46875
vt 9.78125 7.4609375
vt 9.765625 6.4765625
vt 8.859375 7.4765625
vt 8.84375 6.4921875
vt 9.8203125 7.6171875
vt 9.8359375 7.1484375
vt 8.8203125 7.5859375
vt 8.8359375 7.1171875
vt 9.7109375 6.4765625
vt 9.765625 5.25
vt 9.140625 6.46875
vt 9.1875 5.2421875
vt 11.5703125 9.109375
vt 11.09375 9.140625
vt 11.6015625 9.6015625
vt 11.125 9.640625
vt 10.8828125 6.71875
vt 10.46875 6.7148438
vt 10.8828125 7.25
vt 10.46875 7.25
vt 10.5625 7.9960938
vt 9.890625 7.9765625
vt 10.5625 9.0859375
vt 9.8984375 9.0625
vt 9.828125 8.9921875
vt 9.8046875 8.171875
vt 8.71875 9.0078125
vt 8.703125 8.1796875
vt 11.296875 7.84375
vt 10.6640625 7.8671875
vt 11.3125 8.5703125
vt 10.6796875 8.59375
vt 10.6875 5.7226562
vt 10.7109375 4.765625
vt 8.75 5.6835938
vt 8.7734375 4.7265625
vt 8.28125 8.3984375
vt 8.2890625 7.5742188
vt 6.8242188 8.3984375
vt 6.828125 7.5742188
vt 11.0859375 6.6523438
vt 10.2734375 6.65625
vt 11.0859375 7.3085938
vt 10.2578125 7.3164062
vt 6.6796875 8.3125
vt 7.3320312 8.3359375
vt 6.6953125 7.6210938
vt 7.3476562 7.6445312
vt 8.4140625 6.6171875
vt 9.578125 6.6210938
vt 8.390625 6.0625
vt 9.5625 6.0664062
vt 9.7265625 6.7851562
vt 9.7109375 6.1796875
vt 9.1796875 6.765625
vt 9.1796875 6.1914062
vt 6.5351562 4.5625
vt 6.5273438 4.234375
vt 5.9921875 4.5742188
vt 5.984375 4.2460938
vt 9.03125 5.9023438
vt 8.59375 5.8984375
vt 9.015625 6.34375
vt 8.5703125 6.3320312
vt 9 5.9335938
vt 8.625 5.9296875
vt 8.984375 6.3125
vt 8.6015625 6.3046875
vt 10.7890625 7.6953125
vt 10.7890625 7.2421875
vt 10.1875 7.6914062
vt 10.1875 7.2421875
vt 6.2890625 6.4414062
vt 6.2890625 6.0585938
vt 5.6328125 6.4609375
vt 5.6328125 6.0742188
vt 6.1835938 6.3828125
vt 6.1796875 6.125
vt 5.7421875 6.3945312
vt 5.7382812 6.1328125
vt 6.1640625 6.4453125
vt 6.15625 6.0625
vt 5.765625 6.4570312
vt 5.7539062 6.0703125
vt 6.1835938 6.4375
vt 6.1757812 6.0507812
vt 5.7460938 6.4648438
vt 5.7382812 6.0820312
vt 10.2890625 10.3359375
vt 10.3515625 8.5
vt 7.8359375 10.265625
vt 7.8945312 8.4375
vn -0.42138672 0.77685547 0.46826172
vn -0.42138672 0.77685547 0.46826172
vn -0.42138672 0.77685547 0.46826172
vn 0.4272461 0.78222656 0.453125
vn 0.4272461 0.78222656 0.453125
vn 0.4272461 0.78222656 0.453125
vn -0.43774414 0.77246094 -0.46044922
vn -0.43774414 0.77246094 -0.46044922
vn -0.43774414 0.77246094 -0.46044922
vn 0.41088867 0.77783203 -0.47558594
vn 0.41088867 0.77783203 -0.47558594
vn 0.41088867 0.77783203 -0.47558594
vn -0.18017578 0.96728516 0.17944336
vn -0.18017578 0.96728516 0.17944336
vn -0.18017578 0.96728516 0.17944336
vn 0.16223145 0.96728516 0.19519043
vn 0.16223145 0.96728516 0.19519043
vn 0.16223145 0.96728516 0.19519043
vn -0.16223145 0.96728516 -0.19519043
vn -0.16223145 0.96728516 -0.19519043
vn -0.16223145 0.96728516 -0.19519043
vn 0.18017578 0.96728516 -0.17944336
vn 0.18017578 0.96728516 -0.17944336
vn 0.18017578 0.96728516 -0.17944336
vn -0.25024414 0.82421875 0.5078125
vn -0.25024414 0.82421875 0.5078125
vn -0.25024414 0.82421875 0.5078125
vn 0.30151367 0.8300781 0.46923828
vn 0.30151367 0.8300781 0.46923828
vn 0.30151367 0.8300781 0.46923828
vn -0.30151367 0.8300781 -0.46899414
vn -0.30151367 0.8300781 -0.46899414
vn -0.30151367 0.8300781 -0.46899414
vn 0.25048828 0.82421875 -0.5078125
vn 0.25048828 0.82421875 -0.5078125
vn 0.25048828 0.82421875 -0.5078125
vn 0.5317383 0.77490234 0.34204102
vn 0.5317383 0.77490234 0.34204102
vn 0.5317383 0.77490234 0.34204102
vn -0.34472656 0.7709961 0.53564453
vn -0.34472656 0.7709961 0.53564453
vn -0.34472656 0.7709961 0.53564453
vn 0.34472656 0.7709961 -0.53564453
vn 0.34472656 0.7709961 -0.53564453
vn 0.34472656 0.7709961 -0.53564453
vn -0.5317383 0.77490234 -0.34204102
vn -0.5317383 0.77490234 -0.34204102
vn -0.5317383 0.77490234 -0.34204102
vn 0.15905762 0.9873047 0.009727478
vn 0.15905762 0.9873047 0.009727478
vn 0.15905762 0.9873047 0.009727478
vn -0.3527832 0.92041016 0.16784668
vn -0.3527832 0.92041016 0.16784668
vn -0.3527832 0.92041016 0.16784668
vn 0.049438477 0.9428711 -0.32958984
vn 0.049438477 0.9428711 -0.32958984
vn 0.049438477 0.9428711 -0.32958984
vn -0.20593262 0.93652344 -0.28320312
vn -0.20593262 0.93652344 -0.28320312
vn -0.20593262 0.93652344 -0.28320312
vn 0.73046875 0.3347168 0.59521484
vn 0.73046875 0.3347168 0.59521484
vn 0.73046875 0.3347168 0.59521484
vn 0.7416992 0.36376953 0.5629883
vn 0.7416992 0.36376953 0.5629883
vn 0.7416992 0.36376953 0.5629883
vn -0.5883789 0.38085938 0.7133789
vn -0.5883789 0.38085938 0.7133789
vn -0.5883789 0.38085938 0.7133789
vn -0.64404297 0.3215332 0.69433594
vn -0.64404297 0.3215332 0.69433594
vn -0.64404297 0.3215332 0.69433594
vn 0.60009766 0.31176758 -0.7368164
vn 0.60009766 0.31176758 -0.7368164
vn 0.60009766 0.31176758 -0.7368164
vn 0.5366211 0.3671875 -0.7597656
vn 0.5366211 0.3671875 -0.7597656
vn 0.5366211 0.3671875 -0.7597656
vn -0.7246094 0.34545898 -0.5966797
vn -0.7246094 0.34545898 -0.5966797
vn -0.7246094 0.34545898 -0.5966797
vn -0.71435547 0.31762695 -0.62402344
vn -0.71435547 0.31762695 -0.62402344
vn -0.71435547 0.31762695 -0.62402344
vn 0.03768921 0.9814453 0.18920898
vn 0.03768921 0.9814453 0.18920898
vn 0.03768921 0.9814453 0.18920898
vn 0.01701355 0.99853516 0.053131104
vn 0.01701355 0.99853516 0.053131104
vn 0.01701355 0.99853516 0.053131104
vn 0.1920166 0.98095703 -0.035003662
vn 0.1920166 0.98095703 -0.035003662
vn 0.1920166 0.98095703 -0.035003662
vn -0.8769531 0.44482422 0.18078613
vn -0.8769531 0.44482422 0.18078613
vn -0.8769531 0.44482422 0.18078613
vn -0.8510742 0.49414062 0.17822266
vn -0.8510742 0.49414062 0.17822266
vn -0.8510742 0.49414062 0.17822266
vn 0.36694336 0.9267578 -0.07952881
vn 0.36694336 0.9267578 -0.07952881
vn 0.36694336 0.9267578 -0.07952881
vn 0.15905762 0.9873047 -0.009994507
vn 0.15905762 0.9873047 -0.009994507
vn 0.15905762 0.9873047 -0.009994507
vn -0.3293457 0.92041016 0.21008301
vn -0.3293457 0.92041016 0.21008301
vn -0.3293457 0.92041016 0.21008301
vn 0.008354187 0.9428711 -0.33325195
vn 0.008354187 0.9428711 -0.33325195
vn 0.008354187 0.9428711 -0.33325195
vn -0.23925781 0.93652344 -0.25561523
vn -0.23925781 0.93652344 -0.25561523
vn -0.23925781 0.93652344 -0.25561523
vn 0.79833984 0.3347168 0.5004883
vn 0.79833984 0.3347168 0.5004883
vn 0.79833984 0.3347168 0.5004883
vn 0.80566406 0.36376953 0.46728516
vn 0.80566406 0.36376953 0.46728516
vn 0.80566406 0.36376953 0.46728516
vn -0.4958496 0.38085938 0.78027344
vn -0.4958496 0.38085938 0.78027344
vn -0.4958496 0.38085938 0.78027344
vn -0.55322266 0.3215332 0.7685547
vn -0.55322266 0.3215332 0.7685547
vn -0.55322266 0.3215332 0.7685547
vn 0.50439453 0.31176758 -0.8051758
vn 0.50439453 0.31176758 -0.8051758
vn 0.50439453 0.31176758 -0.8051758
vn 0.43847656 0.3671875 -0.8203125
vn 0.43847656 0.3671875 -0.8203125
vn 0.43847656 0.3671875 -0.8203125
vn -0.79248047 0.34545898 -0.5024414
vn -0.79248047 0.34545898 -0.5024414
vn -0.79248047 0.34545898 -0.5024414
vn -0.78564453 0.31762695 -0.5307617
vn -0.78564453 0.31762695 -0.5307617
vn -0.78564453 0.31762695 -0.5307617
vn 0.057037354 0.9814453 0.18359375
vn 0.057037354 0.9814453 0.18359375
vn 0.057037354 0.9814453 0.18359375
vn 0.020217896 0.99853516 0.05206299
vn 0.020217896 0.99853516 0.05206299
vn 0.020217896 0.99853516 0.05206299
vn 0.18762207 0.98046875 -0.061065674
vn 0.18762207 0.98046875 -0.061065674
vn 0.18762207 0.98046875 -0.061065674
vn -0.8466797 0.44482422 0.29174805
vn -0.8466797 0.44482422 0.29174805
vn -0.8466797 0.44482422 0.29174805
vn -0.82128906 0.49389648 0.28515625
vn -0.82128906 0.49389648 0.28515625
vn -0.82128906 0.49389648 0.28515625
vn 0.35327148 0.9272461 -0.12487793
vn 0.35327148 0.9272461 -0.12487793
vn 0.35327148 0.9272461 -0.12487793
vn 0.2529297 0.9628906 0.095947266
vn 0.2529297 0.9628906 0.095947266
vn 0.2529297 0.9628906 0.095947266
vn 0.0960083 0.9628906 -0.2529297
vn 0.0960083 0.9628906 -0.2529297
vn 0.0960083 0.9628906 -0.2529297
vn -0.19934082 0.82714844 0.5258789
vn -0.19934082 0.82714844 0.5258789
vn -0.19934082 0.82714844 0.5258789
vn -0.37890625 0.9140625 -0.14367676
vn -0.37890625 0.9140625 -0.14367676
vn -0.37890625 0.9140625 -0.14367676
vn -0.21740723 0.84814453 -0.48291016
vn -0.21740723 0.84814453 -0.48291016
vn -0.21740723 0.84814453 -0.48291016
vn -0.14953613 0.9301758 -0.33520508
vn -0.14953613 0.9301758 -0.33520508
vn -0.14953613 0.9301758 -0.33520508
vn -0.49731445 0.84033203 0.21496582
vn -0.49731445 0.84033203 0.21496582
vn -0.49731445 0.84033203 0.21496582
vn -0.35302734 0.92333984 0.14990234
vn -0.35302734 0.92333984 0.14990234
vn -0.35302734 0.92333984 0.14990234
vn 0.14770508 0.9277344 0.34277344
vn 0.14770508 0.9277344 0.34277344
vn 0.14770508 0.9277344 0.34277344
vn 0.28100586 0.7236328 0.6308594
vn 0.28100586 0.7236328 0.6308594
vn 0.28100586 0.7236328 0.6308594
vn -0.7583008 0.56640625 0.32202148
vn -0.7583008 0.56640625 0.32202148
vn -0.7583008 0.56640625 0.32202148
vn -0.83154297 0.4267578 0.3552246
vn -0.83154297 0.4267578 0.3552246
vn -0.83154297 0.4267578 0.3552246
vn 0.3671875 0.4267578 0.8261719
vn 0.3671875 0.4267578 0.8261719
vn 0.3671875 0.4267578 0.8261719
vn 0.33276367 0.56689453 0.75390625
vn 0.33276367 0.56689453 0.75390625
vn 0.33276367 0.56689453 0.75390625
vn 0.16882324 0.95751953 0.23474121
vn 0.16882324 0.95751953 0.23474121
vn 0.16882324 0.95751953 0.23474121
vn -0.24328613 0.94970703 0.19799805
vn -0.24328613 0.94970703 0.19799805
vn -0.24328613 0.94970703 0.19799805
vn 0.20751953 0.96240234 -0.17541504
vn 0.20751953 0.96240234 -0.17541504
vn 0.20751953 0.96240234 -0.17541504
vn -0.20092773 0.95654297 -0.21166992
vn -0.20092773 0.95654297 -0.21166992
vn -0.20092773 0.95654297 -0.21166992
vn -0.45214844 0.7915039 0.4111328
vn -0.45214844 0.7915039 0.4111328
vn -0.45214844 0.7915039 0.4111328
vn 0.4111328 0.7915039 0.45214844
vn 0.4111328 0.7915039 0.45214844
vn 0.4111328 0.7915039 0.45214844
vn -0.4111328 0.7915039 -0.45214844
vn -0.4111328 0.7915039 -0.45214844
vn -0.4111328 0.7915039 -0.45214844
vn 0.45239258 0.7915039 -0.4111328
vn 0.45239258 0.7915039 -0.4111328
vn 0.45239258 0.7915039 -0.4111328
vn -0.13000488 0.984375 0.1184082
vn -0.13000488 0.984375 0.1184082
vn -0.13000488 0.984375 0.1184082
vn 0.1184082 0.984375 0.13000488
vn 0.1184082 0.984375 0.13000488
vn 0.1184082 0.984375 0.13000488
vn -0.22839355 0.94091797 -0.25073242
vn -0.22839355 0.94091797 -0.25073242
vn -0.22839355 0.94091797 -0.25073242
vn 0.2319336 0.94970703 -0.21130371
vn 0.2319336 0.94970703 -0.21130371
vn 0.2319336 0.94970703 -0.21130371
vn 0.15319824 0.9873047 0.044158936
vn 0.15319824 0.9873047 0.044158936
vn 0.15319824 0.9873047 0.044158936
vn -0.38085938 0.92041016 0.0869751
vn -0.38085938 0.92041016 0.0869751
vn -0.38085938 0.92041016 0.0869751
vn 0.13366699 0.9428711 -0.30541992
vn 0.13366699 0.9428711 -0.30541992
vn 0.13366699 0.9428711 -0.30541992
vn -0.12512207 0.93652344 -0.3269043
vn -0.12512207 0.93652344 -0.3269043
vn -0.12512207 0.93652344 -0.3269043
vn 0.5834961 0.3347168 0.7402344
vn 0.5834961 0.3347168 0.7402344
vn 0.5834961 0.3347168 0.7402344
vn 0.6015625 0.36376953 0.7114258
vn 0.6015625 0.36376953 0.7114258
vn 0.6015625 0.36376953 0.7114258
vn -0.7294922 0.38085938 0.5678711
vn -0.7294922 0.38085938 0.5678711
vn -0.7294922 0.38085938 0.5678711
vn -0.77978516 0.3215332 0.53759766
vn -0.77978516 0.3215332 0.53759766
vn -0.77978516 0.3215332 0.53759766
vn 0.7709961 0.31176758 -0.5551758
vn 0.7709961 0.31176758 -0.5551758
vn 0.7709961 0.31176758 -0.5551758
vn 0.7158203 0.3671875 -0.59375
vn 0.7158203 0.3671875 -0.59375
vn 0.7158203 0.3671875 -0.59375
vn -0.5439453 0.34545898 -0.76464844
vn -0.5439453 0.34545898 -0.76464844
vn -0.5439453 0.34545898 -0.76464844
vn -0.52685547 0.3173828 -0.78808594
vn -0.52685547 0.3173828 -0.78808594
vn -0.52685547 0.3173828 -0.78808594
vn -0.003610611 0.98095703 0.19311523
vn -0.003610611 0.98095703 0.19311523
vn -0.003610611 0.98095703 0.19311523
vn 0.0040779114 0.99853516 0.055664062
vn 0.0040779114 0.99853516 0.055664062
vn 0.0040779114 0.99853516 0.055664062
vn 0.17700195 0.9838867 0.023361206
vn 0.17700195 0.9838867 0.023361206
vn 0.17700195 0.9838867 0.023361206
vn -0.89453125 0.44458008 -0.042388916
vn -0.89453125 0.44458008 -0.042388916
vn -0.89453125 0.44458008 -0.042388916
vn -0.86816406 0.4951172 -0.039001465
vn -0.86816406 0.4951172 -0.039001465
vn -0.86816406 0.4951172 -0.039001465
vn 0.38134766 0.9238281 0.02859497
vn 0.38134766 0.9238281 0.02859497
vn 0.38134766 0.9238281 0.02859497
vn -0.49902344 0.7895508 0.35717773
vn -0.49902344 0.7895508 0.35717773
vn -0.49902344 0.7895508 0.35717773
vn 0.39013672 0.7861328 0.4790039
vn 0.39013672 0.7861328 0.4790039
vn 0.39013672 0.7861328 0.4790039
vn -0.38427734 0.75439453 -0.53222656
vn -0.38427734 0.75439453 -0.53222656
vn -0.38427734 0.75439453 -0.53222656
vn 0.5048828 0.75927734 -0.41088867
vn 0.5048828 0.75927734 -0.41088867
vn 0.5048828 0.75927734 -0.41088867
vn -0.15637207 0.9873047 0.030700684
vn -0.15637207 0.9873047 0.030700684
vn -0.15637207 0.9873047 0.030700684
vn 0.37182617 0.92041016 0.11968994
vn 0.37182617 0.92041016 0.11968994
vn 0.37182617 0.92041016 0.11968994
vn -0.09265137 0.9428711 -0.3203125
vn -0.09265137 0.9428711 -0.3203125
vn -0.09265137 0.9428711 -0.3203125
vn 0.16662598 0.93652344 -0.30786133
vn 0.16662598 0.93652344 -0.30786133
vn 0.16662598 0.93652344 -0.30786133
vn -0.64501953 0.3347168 0.68652344
vn -0.64501953 0.3347168 0.68652344
vn -0.64501953 0.3347168 0.68652344
vn -0.66064453 0.36376953 0.65625
vn -0.66064453 0.36376953 0.65625
vn -0.66064453 0.36376953 0.65625
vn 0.6777344 0.38085938 0.62890625
vn 0.6777344 0.38085938 0.62890625
vn 0.6777344 0.38085938 0.62890625
vn 0.72998047 0.3215332 0.60302734
vn 0.72998047 0.3215332 0.60302734
vn 0.72998047 0.3215332 0.60302734
vn -0.6923828 0.31176758 -0.6508789
vn -0.6923828 0.31176758 -0.6508789
vn -0.6923828 0.31176758 -0.6508789
vn -0.6323242 0.3671875 -0.6821289
vn -0.6323242 0.3671875 -0.6821289
vn -0.6323242 0.3671875 -0.6821289
vn 0.63916016 0.34545898 -0.6870117
vn 0.63916016 0.34545898 -0.6870117
vn 0.63916016 0.34545898 -0.6870117
vn 0.6254883 0.31762695 -0.7128906
vn 0.6254883 0.31762695 -0.7128906
vn 0.6254883 0.31762695 -0.7128906
vn -0.010383606 0.9814453 0.19226074
vn -0.010383606 0.9814453 0.19226074
vn -0.010383606 0.9814453 0.19226074
vn -0.006385803 0.99853516 0.055480957
vn -0.006385803 0.99853516 0.055480957
vn -0.006385803 0.99853516 0.055480957
vn -0.19836426 0.97998047 -0.012825012
vn -0.19836426 0.97998047 -0.012825012
vn -0.19836426 0.97998047 -0.012825012
vn 0.8925781 0.44458008 0.074401855
vn 0.8925781 0.44458008 0.074401855
vn 0.8925781 0.44458008 0.074401855
vn 0.86621094 0.49365234 0.07458496
vn 0.86621094 0.49365234 0.07458496
vn 0.86621094 0.49365234 0.07458496
vn -0.37060547 0.92822266 -0.03427124
vn -0.37060547 0.92822266 -0.03427124
vn -0.37060547 0.92822266 -0.03427124
vn 0.52001953 0.74072266 0.42529297
vn 0.52001953 0.74072266 0.42529297
vn 0.52001953 0.74072266 0.42529297
vn 0.63427734 0.7504883 -0.18591309
vn 0.63427734 0.7504883 -0.18591309
vn 0.63427734 0.7504883 -0.18591309
vn -0.64501953 0.75341797 0.12634277
vn -0.64501953 0.75341797 0.12634277
vn -0.64501953 0.75341797 0.12634277
vn -0.5498047 0.74853516 -0.37060547
vn -0.5498047 0.74853516 -0.37060547
vn -0.5498047 0.74853516 -0.37060547
vn -0.7001953 0.69677734 -0.15490723
vn -0.7001953 0.69677734 -0.15490723
vn -0.7001953 0.69677734 -0.15490723
vn -0.6933594 0.70410156 -0.15393066
vn -0.6933594 0.70410156 -0.15393066
vn -0.6933594 0.70410156 -0.15393066
vn 0.8173828 0.5517578 0.16467285
vn 0.8173828 0.5517578 0.16467285
vn 0.8173828 0.5517578 0.16467285
vn 0.84716797 0.50390625 0.16845703
vn 0.84716797 0.50390625 0.16845703
vn 0.84716797 0.50390625 0.16845703
vn 0.1373291 0.73095703 -0.66845703
vn 0.1373291 0.73095703 -0.66845703
vn 0.1373291 0.73095703 -0.66845703
vn -0.9472656 0.24975586 -0.20202637
vn -0.9472656 0.24975586 -0.20202637
vn -0.9472656 0.24975586 -0.20202637
vn -0.8798828 0.43310547 -0.19470215
vn -0.8798828 0.43310547 -0.19470215
vn -0.8798828 0.43310547 -0.19470215
vn -0.13244629 0.7553711 0.64160156
vn -0.13244629 0.7553711 0.64160156
vn -0.13244629 0.7553711 0.64160156
vn -0.13977051 0.48461914 0.86328125
vn -0.13977051 0.48461914 0.86328125
vn -0.13977051 0.48461914 0.86328125
vn -0.38842773 0.75683594 0.5253906
vn -0.38842773 0.75683594 0.5253906
vn -0.38842773 0.75683594 0.5253906
vn 0.5131836 0.7963867 0.32006836
vn 0.5131836 0.7963867 0.32006836
vn 0.5131836 0.7963867 0.32006836
vn -0.57910156 0.69873047 -0.42041016
vn -0.57910156 0.69873047 -0.42041016
vn -0.57910156 0.69873047 -0.42041016
vn 0.35473633 0.74365234 -0.56689453
vn 0.35473633 0.74365234 -0.56689453
vn 0.35473633 0.74365234 -0.56689453
vn -0.78466797 0.5317383 0.31884766
vn -0.78466797 0.5317383 0.31884766
vn -0.78466797 0.5317383 0.31884766
vn 0.31860352 0.5317383 0.78466797
vn 0.31860352 0.5317383 0.78466797
vn 0.31860352 0.5317383 0.78466797
vn -0.31860352 0.5317383 -0.78466797
vn -0.31860352 0.5317383 -0.78466797
vn -0.31860352 0.5317383 -0.78466797
vn 0.78466797 0.5317383 -0.31860352
vn 0.78466797 0.5317383 -0.31860352
vn 0.78466797 0.5317383 -0.31860352
vn -0.47509766 0.5317383 0.7011719
vn -0.47509766 0.5317383 0.7011719
vn -0.47509766 0.5317383 0.7011719
vn 0.7006836 0.5317383 0.4753418
vn 0.7006836 0.5317383 0.4753418
vn 0.7006836 0.5317383 0.4753418
vn -0.7006836 0.5317383 -0.4753418
vn -0.7006836 0.5317383 -0.4753418
vn -0.7006836 0.5317383 -0.4753418
vn 0.4753418 0.5317383 -0.7011719
vn 0.4753418 0.5317383 -0.7011719
vn 0.4753418 0.5317383 -0.7011719
vn -0.39794922 0.58251953 0.7084961
vn -0.39794922 0.58251953 0.7084961
vn -0.39794922 0.58251953 0.7084961
vn 0.28955078 0.5908203 0.7529297
vn 0.28955078 0.5908203 0.7529297
vn 0.28955078 0.5908203 0.7529297
vn -0.28955078 0.5908203 -0.7529297
vn -0.28955078 0.5908203 -0.7529297
vn -0.28955078 0.5908203 -0.7529297
vn 0.39794922 0.58251953 -0.7084961
vn 0.39794922 0.58251953 -0.7084961
vn 0.39794922 0.58251953 -0.7084961
vn -0.6777344 0.46191406 -0.5722656
vn -0.6777344 0.46191406 -0.5722656
vn -0.6777344 0.46191406 -0.5722656
vn -0.6591797 0.46313477 0.59228516
vn -0.6591797 0.46313477 0.59228516
vn -0.6591797 0.46313477 0.59228516
vn 0.6591797 0.46313477 -0.59228516
vn 0.6591797 0.46313477 -0.59228516
vn 0.6591797 0.46313477 -0.59228516
vn 0.6777344 0.46191406 0.5722656
vn 0.6777344 0.46191406 0.5722656
vn 0.6777344 0.46191406 0.5722656
vn -0.6738281 0.46191406 -0.57666016
vn -0.6738281 0.46191406 -0.57666016
vn -0.6738281 0.46191406 -0.57666016
vn -0.66308594 0.46313477 0.5878906
vn -0.66308594 0.46313477 0.5878906
vn -0.66308594 0.46313477 0.5878906
vn 0.66308594 0.46313477 -0.5878906
vn 0.66308594 0.46313477 -0.5878906
vn 0.66308594 0.46313477 -0.5878906
vn 0.6738281 0.46166992 0.57666016
vn 0.6738281 0.46166992 0.57666016
vn 0.6738281 0.46166992 0.57666016
vn -0.63427734 0.46191406 -0.6201172
vn -0.63427734 0.46191406 -0.6201172
vn -0.63427734 0.46191406 -0.6201172
vn -0.7006836 0.46313477 0.54296875
vn -0.7006836 0.46313477 0.54296875
vn -0.7006836 0.46313477 0.54296875
vn 0.7001953 0.46313477 -0.54296875
vn 0.7001953 0.46313477 -0.54296875
vn 0.7001953 0.46313477 -0.54296875
vn 0.63427734 0.46191406 0.6201172
vn 0.63427734 0.46191406 0.6201172
vn 0.63427734 0.46191406 0.6201172
vn -0.6665039 0.46191406 -0.58496094
vn -0.6665039 0.46191406 -0.58496094
vn -0.6665039 0.46191406 -0.58496094
vn -0.67041016 0.46313477 0.57958984
vn -0.67041016 0.46313477 0.57958984
vn -0.67041016 0.46313477 0.57958984
vn 0.67041016 0.46313477 -0.57958984
vn 0.67041016 0.46313477 -0.57958984
vn 0.67041016 0.46313477 -0.57958984
vn 0.6665039 0.46191406 0.5854492
vn 0.6665039 0.46191406 0.5854492
vn 0.6665039 0.46191406 0.5854492
vn -0.34814453 0.7783203 0.52246094
vn -0.34814453 0.7783203 0.52246094
vn -0.34814453 0.7783203 0.52246094
vn 0.17773438 0.78466797 0.59375
vn 0.17773438 0.78466797 0.59375
vn 0.17773438 0.78466797 0.59375
vn -0.17785645 0.78515625 -0.59375
vn -0.17785645 0.78515625 -0.59375
vn -0.17785645 0.78515625 -0.59375
vn 0.34814453 0.7783203 -0.52246094
vn 0.34814453 0.7783203 -0.52246094
vn 0.34814453 0.7783203 -0.52246094
vn -0.0234375 0.7583008 0.6513672
vn -0.0234375 0.7583008 0.6513672
vn -0.0234375 0.7583008 0.6513672
vn -0.024353027 0.7163086 0.6972656
vn -0.024353027 0.7163086 0.6972656
vn -0.024353027 0.7163086 0.6972656
vn 0.019958496 0.75927734 -0.6503906
vn 0.019958496 0.75927734 -0.6503906
vn 0.019958496 0.75927734 -0.6503906
vn 0.021118164 0.71484375 -0.69873047
vn 0.021118164 0.71484375 -0.69873047
vn 0.021118164 0.71484375 -0.69873047
vn -0.6879883 0.72509766 -0.031158447
vn -0.6879883 0.72509766 -0.031158447
vn -0.6879883 0.72509766 -0.031158447
vn -0.72998047 0.6826172 -0.032073975
vn -0.72998047 0.6826172 -0.032073975
vn -0.72998047 0.6826172 -0.032073975
vn -0.60253906 0.41992188 0.67822266
vn -0.60253906 0.41992188 0.67822266
vn -0.60253906 0.41992188 0.67822266
vn -0.60253906 0.41992188 0.67822266
vn 0.62109375 0.42797852 0.6567383
vn 0.62109375 0.42797852 0.6567383
vn 0.62109375 0.42797852 0.6567383
vn 0.62060547 0.42822266 0.6567383
vn -0.62646484 0.41357422 -0.66064453
vn -0.62646484 0.41357422 -0.66064453
vn -0.62646484 0.41357422 -0.66064453
vn -0.62646484 0.41357422 -0.66064453
vn 0.59716797 0.42163086 -0.6826172
vn 0.59716797 0.42163086 -0.6826172
vn 0.59716797 0.42163086 -0.6826172
vn 0.59716797 0.42163086 -0.6826172
vn 0.00094270706 0.86083984 0.50878906
vn 0.00094270706 0.86083984 0.50878906
vn 0.00094270706 0.86083984 0.50878906
vn 0.00094270706 0.86083984 0.50878906
vn 0.47338867 0.8808594 -0.00819397
vn 0.47338867 0.8808594 -0.00819397
vn 0.47338867 0.8808594 -0.00819397
vn 0.47338867 0.8808594 -0.00819397
vn -0.008125305 0.85595703 -0.51708984
vn -0.008125305 0.85595703 -0.51708984
vn -0.008125305 0.85595703 -0.51708984
vn -0.008125305 0.85595703 -0.51708984
vn -0.48510742 0.8745117 -0.004623413
vn -0.48510742 0.8745117 -0.004623413
vn -0.48510742 0.8745117 -0.004623413
vn -0.48510742 0.8745117 -0.004623413
vn 0.005256653 0.5361328 0.8442383
vn 0.005256653 0.5361328 0.8442383
vn 0.005256653 0.5361328 0.8442383
vn 0.005256653 0.5361328 0.8442383
vn 0.8203125 0.5722656 -0.007209778
vn 0.8203125 0.5722656 -0.007209778
vn 0.8203125 0.5722656 -0.007209778
vn 0.8203125 0.5722656 -0.007209778
vn -0.00970459 0.52783203 -0.8491211
vn -0.00970459 0.52783203 -0.8491211
vn -0.00970459 0.52783203 -0.8491211
vn -0.00970459 0.52783203 -0.8491211
vn -0.8276367 0.56103516 -0.0010643005
vn -0.8276367 0.56103516 -0.0010643005
vn -0.8276367 0.56103516 -0.0010643005
vn -0.8276367 0.56103516 -0.0010643005
vn -0.6425781 0.42089844 0.6401367
vn -0.6425781 0.42089844 0.6401367
vn -0.6425781 0.42089844 0.6401367
vn -0.6425781 0.42089844 0.6401367
vn 0.5800781 0.42089844 0.6977539
vn 0.5800781 0.42089844 0.6977539
vn 0.5800781 0.42089844 0.6977539
vn 0.5800781 0.42089844 0.6977539
vn -0.5800781 0.42089844 -0.6977539
vn -0.5800781 0.42089844 -0.6977539
vn -0.5800781 0.42089844 -0.6977539
vn -0.5800781 0.42089844 -0.6977539
vn 0.6425781 0.42089844 -0.6401367
vn 0.6425781 0.42089844 -0.6401367
vn 0.6425781 0.42089844 -0.6401367
vn 0.6425781 0.42089844 -0.6401367
vn -0.011230469 0.9716797 0.23596191
vn -0.011230469 0.9716797 0.23596191
vn -0.011230469 0.9716797 0.23596191
vn -0.011230469 0.9716797 0.23596191
vn 0.31860352 0.9477539 0.0143585205
vn 0.31860352 0.9477539 0.0143585205
vn 0.31860352 0.9477539 0.0143585205
vn 0.31835938 0.9477539 0.0143585205
vn 0.011230469 0.9716797 -0.23596191
vn 0.011230469 0.9716797 -0.23596191
vn 0.011230469 0.9716797 -0.23596191
vn 0.011230469 0.9716797 -0.23596191
vn -0.31835938 0.9477539 -0.014350891
vn -0.31835938 0.9477539 -0.014350891
vn -0.31835938 0.9477539 -0.014350891
vn -0.31835938 0.9477539 -0.014350891
vn -0.040252686 0.53222656 0.8457031
vn -0.040252686 0.53222656 0.8457031
vn -0.040252686 0.53222656 0.8457031
vn -0.040252686 0.53222656 0.8457031
vn 0.8232422 0.56689453 0.037109375
vn 0.8232422 0.56689453 0.037109375
vn 0.8232422 0.56689453 0.037109375
vn 0.8232422 0.56689453 0.037109375
vn 0.040252686 0.53222656 -0.8457031
vn 0.040252686 0.53222656 -0.8457031
vn 0.040252686 0.53222656 -0.8457031
vn 0.040252686 0.53222656 -0.8457031
vn -0.8232422 0.56640625 -0.037109375
vn -0.8232422 0.56640625 -0.037109375
vn -0.8232422 0.56640625 -0.037109375
vn -0.8232422 0.56640625 -0.037109375
vn -0.42016602 0.31176758 0.8520508
vn -0.42016602 0.31176758 0.8520508
vn -0.42016602 0.31176758 0.8520508
vn -0.42016602 0.31176758 0.8520508
vn 0.51123047 0.32543945 0.79541016
vn 0.51123047 0.32543945 0.79541016
vn 0.51123047 0.32543945 0.79541016
vn 0.51123047 0.3256836 0.79541016
vn -0.51123047 0.3256836 -0.79541016
vn -0.51123047 0.3256836 -0.79541016
vn -0.51123047 0.3256836 -0.79541016
vn -0.51123047 0.3256836 -0.79541016
vn 0.42016602 0.31152344 -0.8520508
vn 0.42016602 0.31152344 -0.8520508
vn 0.42016602 0.31152344 -0.8520508
vn 0.42016602 0.31152344 -0.8520508
vn 0.0007624626 0.7651367 0.64404297
vn 0.0007624626 0.7651367 0.64404297
vn 0.0007624626 0.7651367 0.64404297
vn 0.0001693964 0.7866211 0.6171875
vn 0.45996094 0.8876953 0.011558533
vn 0.45996094 0.8876953 0.011558533
vn 0.45996094 0.8876953 0.011558533
vn 0.44213867 0.89697266 0.012077332
vn -0.00076293945 0.7651367 -0.64404297
vn -0.00076293945 0.7651367 -0.64404297
vn -0.00076293945 0.7651367 -0.64404297
vn -0.00016999245 0.7866211 -0.6171875
vn -0.45996094 0.8876953 -0.011558533
vn -0.45996094 0.8876953 -0.011558533
vn -0.45996094 0.8876953 -0.011558533
vn -0.4423828 0.89697266 -0.012069702
vn 0.0011053085 0.35913086 0.93310547
vn 0.0011053085 0.35913086 0.93310547
vn 0.0011053085 0.35913086 0.93310547
vn 0.0011053085 0.35913086 0.93310547
vn 0.8261719 0.5629883 0.020767212
vn 0.8261719 0.5629883 0.020767212
vn 0.8261719 0.5629883 0.020767212
vn 0.8261719 0.5629883 0.020767212
vn -0.0011053085 0.35913086 -0.93310547
vn -0.0011053085 0.35913086 -0.93310547
vn -0.0011053085 0.35913086 -0.93310547
vn -0.0011053085 0.35913086 -0.93310547
vn -0.8261719 0.5629883 -0.020751953
vn -0.8261719 0.5629883 -0.020751953
vn -0.8261719 0.5629883 -0.020751953
vn -0.8261719 0.5629883 -0.020751953
vn 0.80029297 0.3071289 0.5151367
vn 0.80029297 0.3071289 0.5151367
vn 0.80029297 0.3071289 0.5151367
vn 0.80029297 0.3071289 0.51464844
vn -0.5151367 0.3071289 0.80029297
vn -0.5151367 0.3071289 0.80029297
vn -0.5151367 0.3071289 0.80029297
vn -0.5151367 0.3071289 0.80029297
vn 0.5151367 0.3071289 -0.80029297
vn 0.5151367 0.3071289 -0.80029297
vn 0.5151367 0.3071289 -0.80029297
vn 0.51464844 0.3071289 -0.80029297
vn -0.80029297 0.3071289 -0.5151367
vn -0.80029297 0.3071289 -0.5151367
vn -0.80029297 0.3071289 -0.5151367
vn -0.80029297 0.3071289 -0.5151367
vn 0.13696289 0.76416016 0.6303711
vn 0.13696289 0.76416016 0.6303711
vn 0.13696289 0.76416016 0.6303711
vn 0.13708496 0.7631836 0.63134766
vn -0.6323242 0.7631836 0.13317871
vn -0.6323242 0.7631836 0.13317871
vn -0.6323242 0.7631836 0.13317871
vn -0.6425781 0.75390625 0.13476562
vn -0.13696289 0.76416016 -0.6303711
vn -0.13696289 0.76416016 -0.6303711
vn -0.13696289 0.76416016 -0.6303711
vn -0.13708496 0.7631836 -0.63134766
vn 0.6323242 0.7631836 -0.13317871
vn 0.6323242 0.7631836 -0.13317871
vn 0.6323242 0.7631836 -0.13317871
vn 0.6425781 0.75390625 -0.13476562
vn 0.1932373 0.4152832 0.88916016
vn 0.1932373 0.4152832 0.88916016
vn 0.1932373 0.4152832 0.88916016
vn 0.1932373 0.4152832 0.88916016
vn -0.8901367 0.4152832 0.1875
vn -0.8901367 0.4152832 0.1875
vn -0.8901367 0.4152832 0.1875
vn -0.8901367 0.4152832 0.1875
vn -0.1932373 0.4152832 -0.88916016
vn -0.1932373 0.4152832 -0.88916016
vn -0.1932373 0.4152832 -0.88916016
vn -0.1932373 0.4152832 -0.88916016
vn 0.8901367 0.4152832 -0.1875
vn 0.8901367 0.4152832 -0.1875
vn 0.8901367 0.4152832 -0.1875
vn 0.8901367 0.4152832 -0.1875
vn -0.46606445 0.87939453 0.09674072
vn -0.46606445 0.87939453 0.09674072
vn -0.46606445 0.87939453 0.09674072
vn -0.43676758 0.89501953 0.091918945
vn -0.06793213 0.94091797 -0.33203125
vn -0.06793213 0.94091797 -0.33203125
vn -0.06793213 0.94091797 -0.33203125
vn -0.06719971 0.9423828 -0.32714844
vn 0.17834473 0.45507812 0.8725586
vn 0.17834473 0.45507812 0.8725586
vn 0.17834473 0.45507812 0.8725586
vn 0.17871094 0.44750977 0.87646484
vn -0.17797852 0.46044922 -0.8696289
vn -0.17797852 0.46044922 -0.8696289
vn -0.17797852 0.46044922 -0.8696289
vn -0.17797852 0.45947266 -0.8701172
vn 0.8676758 0.46142578 -0.18603516
vn 0.8676758 0.46142578 -0.18603516
vn 0.8676758 0.46142578 -0.18603516
vn 0.8857422 0.42529297 -0.18725586
vn -0.45166016 0.87841797 0.15612793
vn -0.45166016 0.87841797 0.15612793
vn -0.45166016 0.87841797 0.15612793
vn -0.42041016 0.8955078 0.1463623
vn -0.10119629 0.94140625 -0.32202148
vn -0.10119629 0.94140625 -0.32202148
vn -0.10119629 0.94140625 -0.32202148
vn -0.10040283 0.9423828 -0.3190918
vn 0.2668457 0.4555664 0.8491211
vn 0.2668457 0.4555664 0.8491211
vn 0.2668457 0.4555664 0.8491211
vn 0.26782227 0.4482422 0.85302734
vn -0.26611328 0.46118164 -0.8466797
vn -0.26611328 0.46118164 -0.8466797
vn -0.26611328 0.46118164 -0.8466797
vn -0.26611328 0.46020508 -0.84716797
vn 0.83691406 0.46142578 -0.29418945
vn 0.83691406 0.46142578 -0.29418945
vn 0.83691406 0.46142578 -0.29418945
vn 0.8544922 0.42504883 -0.2980957
vn 0.88671875 0.3166504 0.33642578
vn 0.88671875 0.3166504 0.33642578
vn 0.88671875 0.3166504 0.33642578
vn 0.88671875 0.3166504 0.33642578
vn 0.33642578 0.31640625 -0.88671875
vn 0.33642578 0.31640625 -0.88671875
vn 0.33642578 0.31640625 -0.88671875
vn 0.33642578 0.3166504 -0.88671875
vn -0.31884766 0.43725586 0.8408203
vn -0.31884766 0.43725586 0.8408203
vn -0.31884766 0.43725586 0.8408203
vn -0.31884766 0.43725586 0.8408203
vn -0.88671875 0.3166504 -0.33642578
vn -0.88671875 0.3166504 -0.33642578
vn -0.88671875 0.3166504 -0.33642578
vn -0.88671875 0.3166504 -0.33642578
vn 0.23486328 0.9663086 -0.103881836
vn 0.23486328 0.9663086 -0.103881836
vn 0.23486328 0.9663086 -0.103881836
vn 0.23388672 0.9667969 -0.103393555
vn 0.82714844 0.4267578 -0.36572266
vn 0.82714844 0.4267578 -0.36572266
vn 0.82714844 0.4267578 -0.36572266
vn 0.82714844 0.4267578 -0.36572266
vn -0.36938477 0.4267578 -0.8256836
vn -0.36938477 0.4267578 -0.8256836
vn -0.36938477 0.4267578 -0.8256836
vn -0.36938477 0.4267578 -0.8256836
vn 0.5942383 0.34155273 0.7285156
vn 0.5942383 0.34155273 0.7285156
vn 0.5942383 0.34155273 0.7285156
vn 0.5942383 0.34155273 0.72802734
vn -0.72998047 0.32080078 0.6035156
vn -0.72998047 0.32080078 0.6035156
vn -0.72998047 0.32080078 0.6035156
vn -0.72998047 0.32104492 0.6035156
vn 0.7104492 0.38452148 -0.58984375
vn 0.7104492 0.38452148 -0.58984375
vn 0.7104492 0.38452148 -0.58984375
vn 0.7104492 0.38452148 -0.58984375
vn -0.5996094 0.36401367 -0.71240234
vn -0.5996094 0.36401367 -0.71240234
vn -0.5996094 0.36401367 -0.71240234
vn -0.60009766 0.36401367 -0.71240234
vn -0.012367249 0.94873047 0.31518555
vn -0.012367249 0.94873047 0.31518555
vn -0.012367249 0.94873047 0.31518555
vn -0.010421753 0.95654297 0.29174805
vn -0.42138672 0.9067383 -0.007358551
vn -0.42138672 0.9067383 -0.007358551
vn -0.42138672 0.9067383 -0.007358551
vn -0.39648438 0.91796875 -0.0048332214
vn 0.007698059 0.9609375 -0.27685547
vn 0.007698059 0.9609375 -0.27685547
vn 0.007698059 0.9609375 -0.27685547
vn 0.0076408386 0.9609375 -0.27612305
vn 0.3828125 0.92333984 0.03390503
vn 0.3828125 0.92333984 0.03390503
vn 0.3828125 0.92333984 0.03390503
vn 0.36914062 0.92871094 0.032714844
vn -0.031173706 0.44384766 0.8955078
vn -0.031173706 0.44384766 0.8955078
vn -0.031173706 0.44384766 0.8955078
vn -0.031173706 0.44384766 0.8955078
vn -0.88964844 0.45532227 -0.038269043
vn -0.88964844 0.45532227 -0.038269043
vn -0.88964844 0.45532227 -0.038269043
vn -0.88964844 0.45532227 -0.038269043
vn 0.028579712 0.4958496 -0.86816406
vn 0.028579712 0.4958496 -0.86816406
vn 0.028579712 0.4958496 -0.86816406
vn 0.028579712 0.4958496 -0.86816406
vn 0.8725586 0.48535156 0.05206299
vn 0.8725586 0.48535156 0.05206299
vn 0.8725586 0.48535156 0.05206299
vn 0.8725586 0.48535156 0.05206299
vn -0.66259766 0.4453125 0.6020508
vn -0.66259766 0.4453125 0.6020508
vn -0.66259766 0.4453125 0.6020508
vn -0.66259766 0.4453125 0.6020508
vn 0.6020508 0.4453125 0.66259766
vn 0.6020508 0.4453125 0.66259766
vn 0.6020508 0.4453125 0.66259766
vn 0.6020508 0.4453125 0.66259766
vn 0.66552734 0.43725586 -0.60498047
vn 0.66552734 0.43725586 -0.60498047
vn 0.66552734 0.43725586 -0.60498047
vn 0.66552734 0.43725586 -0.60498047
vn -0.013999939 0.8774414 0.4790039
vn -0.013999939 0.8774414 0.4790039
vn -0.013999939 0.8774414 0.4790039
vn -0.013999939 0.8774414 0.4790039
vn 0.4790039 0.8774414 0.01676941
vn 0.4790039 0.8774414 0.01676941
vn 0.4790039 0.8774414 0.01676941
vn 0.4790039 0.8779297 0.01676941
vn 0.013999939 0.8779297 -0.4790039
vn 0.013999939 0.8779297 -0.4790039
vn 0.013999939 0.8779297 -0.4790039
vn 0.013999939 0.8779297 -0.4790039
vn -0.4790039 0.8779297 -0.01675415
vn -0.4790039 0.8779297 -0.01675415
vn -0.4790039 0.8779297 -0.01675415
vn -0.4790039 0.8779297 -0.01675415
vn -0.023895264 0.5751953 0.8173828
vn -0.023895264 0.5751953 0.8173828
vn -0.023895264 0.5751953 0.8173828
vn -0.023895264 0.5751953 0.8173828
vn 0.8232422 0.56640625 0.028686523
vn 0.8232422 0.56640625 0.028686523
vn 0.8232422 0.56640625 0.028686523
vn 0.8173828 0.5751953 0.02861023
vn 0.02406311 0.56640625 -0.82373047
vn 0.02406311 0.56640625 -0.82373047
vn 0.02406311 0.56640625 -0.82373047
vn 0.02406311 0.56640625 -0.82373047
vn -0.60498047 0.43725586 -0.66552734
vn -0.60498047 0.43725586 -0.66552734
vn -0.60498047 0.43725586 -0.66552734
vn -0.60498047 0.43725586 -0.66552734
vn -0.8173828 0.5751953 -0.028747559
vn -0.8173828 0.5751953 -0.028747559
vn -0.8173828 0.5751953 -0.028747559
vn -0.8232422 0.56640625 -0.028823853
vn -0.6464844 0.48510742 0.5888672
vn -0.6464844 0.48510742 0.5888672
vn -0.6464844 0.48510742 0.5888672
vn -0.6464844 0.48535156 0.5888672
vn 0.5888672 0.48510742 0.6464844
vn 0.5888672 0.48510742 0.6464844
vn 0.5888672 0.48510742 0.6464844
vn 0.5888672 0.48535156 0.6464844
vn -0.5888672 0.48510742 -0.6464844
vn -0.5888672 0.48510742 -0.6464844
vn -0.5888672 0.48510742 -0.6464844
vn -0.5888672 0.48510742 -0.6464844
vn 0.6464844 0.48510742 -0.5888672
vn 0.6464844 0.48510742 -0.5888672
vn 0.6464844 0.48510742 -0.5888672
vn 0.6464844 0.48535156 -0.5888672
vn -0.0073394775 0.9873047 0.15783691
vn -0.0073394775 0.9873047 0.15783691
vn -0.0073394775 0.9873047 0.15783691
vn -0.0073394775 0.9873047 0.15783691
vn 0.3256836 0.9453125 0.017410278
vn 0.3256836 0.9453125 0.017410278
vn 0.3256836 0.9453125 0.017410278
vn 0.3400879 0.9404297 0.017807007
vn 0.017654419 0.9248047 -0.37963867
vn 0.017654419 0.9248047 -0.37963867
vn 0.017654419 0.9248047 -0.37963867
vn 0.017654419 0.9248047 -0.37963867
vn -0.3474121 0.9375 -0.018569946
vn -0.3474121 0.9375 -0.018569946
vn -0.3474121 0.9375 -0.018569946
vn -0.36328125 0.9316406 -0.01902771
vn -0.03656006 0.6171875 0.78564453
vn -0.03656006 0.6171875 0.78564453
vn -0.03656006 0.6171875 0.78564453
vn -0.03656006 0.6171875 0.78564453
vn 0.78564453 0.6171875 0.041992188
vn 0.78564453 0.6171875 0.041992188
vn 0.78564453 0.6171875 0.041992188
vn 0.78564453 0.6171875 0.041992188
vn 0.03656006 0.6171875 -0.78564453
vn 0.03656006 0.6171875 -0.78564453
vn 0.03656006 0.6171875 -0.78564453
vn 0.03656006 0.6171875 -0.78564453
vn -0.78564453 0.6171875 -0.041992188
vn -0.78564453 0.6171875 -0.041992188
vn -0.78564453 0.6171875 -0.041992188
vn -0.78564453 0.6171875 -0.041992188
vn -0.4873047 0.8730469 -0.015792847
vn -0.4873047 0.8730469 -0.015792847
vn -0.4873047 0.8730469 -0.015792847
vn -0.45141602 0.89208984 -0.012954712
vn 0.017044067 0.9404297 -0.33935547
vn 0.017044067 0.9404297 -0.33935547
vn 0.017044067 0.9404297 -0.33935547
vn 0.016448975 0.9428711 -0.33325195
vn -0.0129470825 0.45483398 0.890625
vn -0.0129470825 0.45483398 0.890625
vn -0.0129470825 0.45483398 0.890625
vn -0.013320923 0.44726562 0.89404297
vn 0.044525146 0.45996094 -0.88671875
vn 0.044525146 0.45996094 -0.88671875
vn 0.044525146 0.45996094 -0.88671875
vn 0.04458618 0.45898438 -0.88720703
vn 0.8847656 0.46313477 0.04837036
vn 0.8847656 0.46313477 0.04837036
vn 0.8847656 0.46313477 0.04837036
vn 0.9038086 0.42529297 0.05029297
vn -0.75439453 0.32983398 0.5673828
vn -0.75439453 0.32983398 0.5673828
vn -0.75439453 0.32983398 0.5673828
vn -0.75439453 0.32983398 0.5673828
vn 0.57958984 0.33081055 0.7446289
vn 0.57958984 0.33081055 0.7446289
vn 0.57958984 0.33081055 0.7446289
vn 0.57958984 0.33081055 0.7446289
vn -0.57714844 0.28295898 -0.765625
vn -0.57714844 0.28295898 -0.765625
vn -0.57714844 0.28295898 -0.765625
vn -0.57714844 0.28320312 -0.7661133
vn 0.75683594 0.2841797 -0.5888672
vn 0.75683594 0.2841797 -0.5888672
vn 0.75683594 0.2841797 -0.5888672
vn 0.75683594 0.2841797 -0.5888672
vn -0.073913574 0.78759766 0.6118164
vn -0.073913574 0.78759766 0.6118164
vn -0.073913574 0.78759766 0.6118164
vn -0.074157715 0.7836914 0.6171875
vn 0.64404297 0.7626953 0.054840088
vn 0.64404297 0.7626953 0.054840088
vn 0.64404297 0.7626953 0.054840088
vn 0.6542969 0.75390625 0.055786133
vn 0.07220459 0.7446289 -0.6635742
vn 0.07220459 0.7446289 -0.6635742
vn 0.07220459 0.7446289 -0.6635742
vn 0.07269287 0.7363281 -0.6723633
vn -0.6381836 0.76220703 -0.107543945
vn -0.6381836 0.76220703 -0.107543945
vn -0.6381836 0.76220703 -0.107543945
vn -0.6489258 0.75341797 -0.107910156
vn -0.103881836 0.4465332 0.8886719
vn -0.103881836 0.4465332 0.8886719
vn -0.103881836 0.4465332 0.8886719
vn -0.103881836 0.4465332 0.8886719
vn 0.9042969 0.41552734 0.09991455
vn 0.9042969 0.41552734 0.09991455
vn 0.9042969 0.41552734 0.09991455
vn 0.9042969 0.41552734 0.09991455
vn 0.10308838 0.38330078 -0.91796875
vn 0.10308838 0.38330078 -0.91796875
vn 0.10308838 0.38330078 -0.91796875
vn 0.10308838 0.38330078 -0.91796875
vn -0.9008789 0.41455078 -0.12866211
vn -0.9008789 0.41455078 -0.12866211
vn -0.9008789 0.41455078 -0.12866211
vn -0.9008789 0.41455078 -0.12866211
vn 0.4794922 0.87646484 0.04058838
vn 0.4794922 0.87646484 0.04058838
vn 0.4794922 0.87646484 0.04058838
vn 0.44067383 0.89697266 0.03869629
vn 0.019195557 0.94091797 -0.33764648
vn 0.019195557 0.94091797 -0.33764648
vn 0.019195557 0.94091797 -0.33764648
vn 0.019088745 0.9423828 -0.33374023
vn -0.050476074 0.45532227 0.8886719
vn -0.050476074 0.45532227 0.8886719
vn -0.050476074 0.45532227 0.8886719
vn -0.050476074 0.44799805 0.8925781
vn 0.05038452 0.4609375 -0.88623047
vn 0.05038452 0.4609375 -0.88623047
vn 0.05038452 0.4609375 -0.88623047
vn 0.05038452 0.4597168 -0.88671875
vn -0.88378906 0.4609375 -0.07989502
vn -0.88378906 0.4609375 -0.07989502
vn -0.88378906 0.4609375 -0.07989502
vn -0.90185547 0.42456055 -0.07922363
vn 0.6870117 0.45410156 0.56689453
vn 0.6870117 0.45410156 0.56689453
vn 0.6870117 0.45410156 0.56689453
vn 0.6928711 0.4465332 0.56640625
vn 0.8173828 0.5239258 -0.23999023
vn 0.8173828 0.5239258 -0.23999023
vn 0.8173828 0.5239258 -0.23999023
vn 0.81689453 0.52441406 -0.23937988
vn -0.95458984 0.23120117 0.18701172
vn -0.95458984 0.23120117 0.18701172
vn -0.95458984 0.23120117 0.18701172
vn -0.95458984 0.23120117 0.18701172
vn -0.7636719 0.3942871 -0.51123047
vn -0.7636719 0.3942871 -0.51123047
vn -0.7636719 0.3942871 -0.51123047
vn -0.7597656 0.40014648 -0.5126953
vn 0.72314453 0.67578125 0.14367676
vn 0.72314453 0.67578125 0.14367676
vn 0.72314453 0.67578125 0.14367676
vn 0.72802734 0.67041016 0.14428711
vn 0.11383057 0.84277344 -0.5263672
vn 0.11468506 0.8378906 -0.5336914
vn 0.11468506 0.8378906 -0.5336914
vn 0.11468506 0.8378906 -0.5336914
vn 0.122924805 0.81103516 -0.57177734
vn -0.08709717 0.84033203 0.53515625
vn -0.08709717 0.84033203 0.53515625
vn -0.08709717 0.84033203 0.53515625
vn -0.087524414 0.8354492 0.54248047
vn -0.53271484 0.37109375 0.7607422
vn -0.53271484 0.37109375 0.7607422
vn -0.53271484 0.37109375 0.7607422
vn -0.53271484 0.37109375 0.7607422
vn 0.7583008 0.4169922 0.50097656
vn 0.7583008 0.4169922 0.50097656
vn 0.7583008 0.4169922 0.50097656
vn 0.7583008 0.4169922 0.50097656
vn -0.7841797 0.2956543 -0.54541016
vn -0.7841797 0.2956543 -0.54541016
vn -0.7841797 0.2956543 -0.54541016
vn -0.7841797 0.2956543 -0.54541016
vn 0.5180664 0.34326172 -0.7832031
vn 0.5180664 0.34326172 -0.7832031
vn 0.5180664 0.34326172 -0.7832031
vn 0.5180664 0.34326172 -0.7832031
vn 0.10925293 0.80908203 0.5776367
vn 0.10925293 0.80908203 0.5776367
vn 0.10925293 0.80908203 0.5776367
vn 0.109436035 0.80859375 0.578125
vn 0.59375 0.7944336 -0.12902832
vn 0.59375 0.7944336 -0.12902832
vn 0.59375 0.7944336 -0.12902832
vn 0.5859375 0.80029297 -0.12731934
vn -0.12792969 0.734375 -0.6665039
vn -0.12792969 0.734375 -0.6665039
vn -0.12792969 0.734375 -0.6665039
vn -0.12792969 0.7348633 -0.6660156
vn -0.6503906 0.75 0.121154785
vn -0.6503906 0.75 0.121154785
vn -0.6503906 0.75 0.121154785
vn -0.66259766 0.73876953 0.12420654
vn 0.15905762 0.5239258 0.83691406
vn 0.15905762 0.5239258 0.83691406
vn 0.15905762 0.5239258 0.83691406
vn 0.15905762 0.5239258 0.83691406
vn 0.8461914 0.50341797 -0.17602539
vn 0.8461914 0.50341797 -0.17602539
vn 0.8461914 0.50341797 -0.17602539
vn 0.8461914 0.50341797 -0.17602539
vn -0.16992188 0.4267578 -0.8881836
vn -0.16992188 0.4267578 -0.8881836
vn -0.16992188 0.4267578 -0.8881836
vn -0.16992188 0.4267578 -0.8881836
vn -0.8774414 0.44848633 0.17041016
vn -0.8774414 0.44848633 0.17041016
vn -0.8774414 0.44848633 0.17041016
vn -0.8774414 0.4482422 0.17041016
vn -0.28833008 0.6640625 0.6899414
vn -0.28833008 0.6640625 0.6899414
vn -0.28833008 0.6640625 0.6899414
vn -0.28857422 0.6640625 0.6899414
vn 0.7001953 0.6635742 0.26367188
vn 0.7001953 0.6635742 0.26367188
vn 0.7001953 0.6635742 0.26367188
vn 0.7001953 0.6635742 0.26342773
vn 0.29516602 0.6640625 -0.6870117
vn 0.29516602 0.6640625 -0.6870117
vn 0.29516602 0.6640625 -0.6870117
vn 0.29516602 0.6640625 -0.6870117
vn -0.6933594 0.6640625 -0.27954102
vn -0.6933594 0.6640625 -0.27954102
vn -0.6933594 0.6640625 -0.27954102
vn -0.6933594 0.6640625 -0.27954102
vn -0.87109375 0.3408203 0.35375977
vn -0.87109375 0.3408203 0.35375977
vn -0.87109375 0.3408203 0.35375977
vn -0.87109375 0.34057617 0.3540039
vn 0.35375977 0.34057617 0.87109375
vn 0.35375977 0.34057617 0.87109375
vn 0.35375977 0.34057617 0.87109375
vn 0.35351562 0.34057617 0.87109375
vn -0.35375977 0.34057617 -0.87109375
vn -0.35375977 0.34057617 -0.87109375
vn -0.35375977 0.34057617 -0.87109375
vn -0.35375977 0.34057617 -0.87109375
vn -0.34326172 0.4560547 0.82128906
vn -0.34326172 0.4560547 0.82128906
vn -0.34326172 0.4560547 0.82128906
vn -0.34326172 0.4560547 0.82128906
vn 0.8330078 0.45581055 0.31347656
vn 0.8330078 0.45581055 0.31347656
vn 0.8330078 0.45581055 0.31347656
vn 0.8330078 0.4555664 0.31347656
vn 0.35131836 0.4560547 -0.8178711
vn 0.35131836 0.4560547 -0.8178711
vn 0.35131836 0.4560547 -0.8178711
vn 0.35131836 0.4560547 -0.8178711
vn -0.8256836 0.45581055 -0.33276367
vn -0.8256836 0.45581055 -0.33276367
vn -0.8256836 0.45581055 -0.33276367
vn -0.8251953 0.4560547 -0.33276367
vn 0.14355469 0.6640625 0.7338867
vn 0.14355469 0.6640625 0.7338867
vn 0.14355469 0.6640625 0.7338867
vn 0.14355469 0.6640625 0.7338867
vn 0.7285156 0.6635742 -0.17004395
vn 0.7285156 0.6635742 -0.17004395
vn 0.7285156 0.6635742 -0.17004395
vn 0.7285156 0.6635742 -0.16992188
vn -0.13647461 0.6640625 -0.73535156
vn -0.13647461 0.6640625 -0.73535156
vn -0.13647461 0.6640625 -0.73535156
vn -0.13647461 0.6640625 -0.73535156
vn -0.7319336 0.6640625 0.1529541
vn -0.7319336 0.6640625 0.1529541
vn -0.7319336 0.6640625 0.1529541
vn -0.7319336 0.6640625 0.1529541
vn -0.52783203 0.3408203 0.7783203
vn -0.52783203 0.3408203 0.7783203
vn -0.52783203 0.3408203 0.7783203
vn -0.52734375 0.34057617 0.7783203
vn 0.7783203 0.34057617 0.52783203
vn 0.7783203 0.34057617 0.52783203
vn 0.7783203 0.34057617 0.52783203
vn 0.7783203 0.34057617 0.52783203
vn -0.7783203 0.34057617 -0.52783203
vn -0.7783203 0.34057617 -0.52783203
vn -0.7783203 0.34057617 -0.52783203
vn -0.7783203 0.34057617 -0.52783203
vn 0.17089844 0.4560547 0.87353516
vn 0.17089844 0.4560547 0.87353516
vn 0.17089844 0.4560547 0.87353516
vn 0.17089844 0.4560547 0.87353516
vn 0.8666992 0.45581055 -0.20227051
vn 0.8666992 0.45581055 -0.20227051
vn 0.8666992 0.45581055 -0.20227051
vn 0.8666992 0.4555664 -0.20227051
vn -0.16247559 0.4560547 -0.875
vn -0.16247559 0.4560547 -0.875
vn -0.16247559 0.4560547 -0.875
vn -0.16247559 0.4560547 -0.875
vn -0.87109375 0.45581055 0.18200684
vn -0.87109375 0.45581055 0.18200684
vn -0.87109375 0.45581055 0.18200684
vn -0.87109375 0.45581055 0.18200684
vn -0.47436523 0.2467041 0.84521484
vn -0.47436523 0.2467041 0.84521484
vn -0.47436523 0.2467041 0.84521484
vn -0.47436523 0.2467041 0.84521484
vn 0.34692383 0.25732422 0.90185547
vn 0.34692383 0.25732422 0.90185547
vn 0.34692383 0.25732422 0.90185547
vn 0.34692383 0.25732422 0.90185547
vn -0.34692383 0.25732422 -0.90185547
vn -0.34692383 0.25732422 -0.90185547
vn -0.34692383 0.25732422 -0.90185547
vn -0.34692383 0.25732422 -0.90185547
vn 0.47436523 0.2467041 -0.84521484
vn 0.47436523 0.2467041 -0.84521484
vn 0.47436523 0.2467041 -0.84521484
vn 0.47436523 0.2467041 -0.84521484
vn -0.038879395 0.5419922 0.83935547
vn -0.038879395 0.5419922 0.83935547
vn -0.038879395 0.5419922 0.83935547
vn -0.038360596 0.5307617 0.8466797
vn 0.6723633 0.7397461 0.031463623
vn 0.6723633 0.7397461 0.031463623
vn 0.6723633 0.7397461 0.031463623
vn 0.6767578 0.73583984 0.031311035
vn 0.038879395 0.5419922 -0.83935547
vn 0.038879395 0.5419922 -0.83935547
vn 0.038879395 0.5419922 -0.83935547
vn 0.038360596 0.5307617 -0.8466797
vn -0.6723633 0.7397461 -0.031463623
vn -0.6723633 0.7397461 -0.031463623
vn -0.6723633 0.7397461 -0.031463623
vn -0.6767578 0.73583984 -0.031311035
vn -0.04446411 0.27685547 0.95996094
vn -0.04446411 0.27685547 0.95996094
vn -0.04446411 0.27685547 0.95996094
vn -0.04446411 0.27685547 0.95996094
vn 0.8520508 0.52197266 0.039886475
vn 0.8520508 0.52197266 0.039886475
vn 0.8520508 0.52197266 0.039886475
vn 0.8520508 0.52197266 0.039886475
vn 0.04446411 0.27685547 -0.95996094
vn 0.04446411 0.27685547 -0.95996094
vn 0.04446411 0.27685547 -0.95996094
vn 0.04446411 0.27685547 -0.95996094
vn -0.8520508 0.52197266 -0.039886475
vn -0.8520508 0.52197266 -0.039886475
vn -0.8520508 0.52197266 -0.039886475
vn -0.8520508 0.52197266 -0.039886475
vn -0.7236328 0.32055664 -0.6113281
vn -0.7236328 0.32055664 -0.6113281
vn -0.7236328 0.32055664 -0.6113281
vn -0.7236328 0.3203125 -0.6113281
vn -0.70458984 0.32128906 0.6328125
vn -0.70458984 0.32128906 0.6328125
vn -0.70458984 0.32128906 0.6328125
vn -0.70458984 0.3215332 0.6328125
vn 0.70458984 0.32128906 -0.6328125
vn 0.70458984 0.32128906 -0.6328125
vn 0.70458984 0.32128906 -0.6328125
vn 0.70458984 0.32128906 -0.6328125
vn 0.7236328 0.3203125 0.6113281
vn 0.7236328 0.3203125 0.6113281
vn 0.7236328 0.3203125 0.6113281
vn 0.7236328 0.32055664 0.6113281
vn -0.8222656 0.56884766 -0.002571106
vn -0.8222656 0.56884766 -0.002571106
vn -0.8222656 0.56884766 -0.002571106
vn -0.8227539 0.56884766 -0.0025672913
vn -0.019943237 0.62158203 0.7832031
vn -0.019943237 0.62158203 0.7832031
vn -0.019943237 0.62158203 0.7832031
vn -0.019943237 0.62158203 0.7832031
vn 0.8222656 0.56884766 0.0025672913
vn 0.8222656 0.56884766 0.0025672913
vn 0.8222656 0.56884766 0.0025672913
vn 0.8222656 0.56884766 0.0025691986
vn 0.019943237 0.62158203 -0.7832031
vn 0.019943237 0.62158203 -0.7832031
vn 0.019943237 0.62158203 -0.7832031
vn 0.019943237 0.62158203 -0.7832031
vn -0.9121094 0.4099121 -0.0028495789
vn -0.9121094 0.4099121 -0.0028495789
vn -0.9121094 0.4099121 -0.0028495789
vn -0.9121094 0.4099121 -0.0028533936
vn -0.022628784 0.4580078 0.8886719
vn -0.022628784 0.4580078 0.8886719
vn -0.022628784 0.4580078 0.8886719
vn -0.022628784 0.4580078 0.8886719
vn 0.9121094 0.40966797 0.0028476715
vn 0.9121094 0.40966797 0.0028476715
vn 0.9121094 0.40966797 0.0028476715
vn 0.9121094 0.40966797 0.0028476715
vn 0.022628784 0.45825195 -0.8886719
vn 0.022628784 0.45825195 -0.8886719
vn 0.022628784 0.45825195 -0.8886719
vn 0.022628784 0.45825195 -0.8886719
vn -0.71972656 0.32055664 -0.61621094
vn -0.71972656 0.32055664 -0.61621094
vn -0.71972656 0.32055664 -0.61621094
vn -0.71972656 0.32055664 -0.61621094
vn -0.7084961 0.32128906 0.62841797
vn -0.7084961 0.32128906 0.62841797
vn -0.7084961 0.32128906 0.62841797
vn -0.7084961 0.3215332 0.62841797
vn 0.7084961 0.32128906 -0.62841797
vn 0.7084961 0.32128906 -0.62841797
vn 0.7084961 0.32128906 -0.62841797
vn 0.7084961 0.32128906 -0.62841797
vn 0.71972656 0.3203125 0.61621094
vn 0.71972656 0.3203125 0.61621094
vn 0.71972656 0.3203125 0.61621094
vn 0.71972656 0.32055664 0.61621094
vn -0.8222656 0.56884766 -0.012336731
vn -0.8222656 0.56884766 -0.012336731
vn -0.8222656 0.56884766 -0.012336731
vn -0.8222656 0.56884766 -0.012329102
vn -0.019104004 0.62158203 0.7832031
vn -0.019104004 0.62158203 0.7832031
vn -0.019104004 0.62158203 0.7832031
vn -0.019104004 0.62158203 0.7832031
vn 0.8222656 0.56884766 0.01234436
vn 0.8222656 0.56884766 0.01234436
vn 0.8222656 0.56884766 0.01234436
vn 0.8222656 0.56884766 0.012336731
vn 0.019104004 0.62158203 -0.7832031
vn 0.019104004 0.62158203 -0.7832031
vn 0.019104004 0.62158203 -0.7832031
vn 0.019104004 0.62158203 -0.7832031
vn -0.9121094 0.40966797 -0.013679504
vn -0.9121094 0.40966797 -0.013679504
vn -0.9121094 0.40966797 -0.013679504
vn -0.9121094 0.40966797 -0.013679504
vn -0.02168274 0.45825195 0.8886719
vn -0.02168274 0.45825195 0.8886719
vn -0.02168274 0.45825195 0.8886719
vn -0.02168274 0.45825195 0.8886719
vn 0.9121094 0.40966797 0.013679504
vn 0.9121094 0.40966797 0.013679504
vn 0.9121094 0.40966797 0.013679504
vn 0.9121094 0.4099121 0.013687134
vn 0.02168274 0.45825195 -0.8886719
vn 0.02168274 0.45825195 -0.8886719
vn 0.02168274 0.45825195 -0.8886719
vn 0.02168274 0.45825195 -0.8886719
vn -0.6772461 0.32055664 -0.6621094
vn -0.6772461 0.32055664 -0.6621094
vn -0.6772461 0.32055664 -0.6621094
vn -0.6772461 0.3203125 -0.6621094
vn -0.74853516 0.32128906 0.5800781
vn -0.74853516 0.32128906 0.5800781
vn -0.74853516 0.32128906 0.5800781
vn -0.74853516 0.32128906 0.5800781
vn 0.74853516 0.32128906 -0.5800781
vn 0.74853516 0.32128906 -0.5800781
vn 0.74853516 0.32128906 -0.5800781
vn 0.74853516 0.32128906 -0.5800781
vn 0.6772461 0.3203125 0.6621094
vn 0.6772461 0.3203125 0.6621094
vn 0.6772461 0.3203125 0.6621094
vn 0.6772461 0.3203125 0.6621094
vn -0.8203125 0.56884766 -0.062072754
vn -0.8203125 0.56884766 -0.062072754
vn -0.8203125 0.56884766 -0.062072754
vn -0.8203125 0.56884766 -0.062072754
vn -0.05819702 0.62158203 0.78125
vn -0.05819702 0.62158203 0.78125
vn -0.05819702 0.62158203 0.78125
vn -0.05819702 0.62158203 0.78125
vn 0.8203125 0.56884766 0.062072754
vn 0.8203125 0.56884766 0.062072754
vn 0.8203125 0.56884766 0.062072754
vn 0.8203125 0.56884766 0.062072754
vn 0.05819702 0.62158203 -0.78125
vn 0.05819702 0.62158203 -0.78125
vn 0.05819702 0.62158203 -0.78125
vn 0.05819702 0.62158203 -0.78125
vn -0.90966797 0.4099121 -0.068847656
vn -0.90966797 0.4099121 -0.068847656
vn -0.90966797 0.4099121 -0.068847656
vn -0.90966797 0.4099121 -0.068847656
vn -0.06604004 0.45825195 0.88623047
vn -0.06604004 0.45825195 0.88623047
vn -0.06604004 0.45825195 0.88623047
vn -0.06604004 0.45825195 0.88623047
vn 0.90966797 0.40966797 0.068847656
vn 0.90966797 0.40966797 0.068847656
vn 0.90966797 0.40966797 0.068847656
vn 0.90966797 0.4099121 0.068847656
vn 0.06604004 0.4584961 -0.88623047
vn 0.06604004 0.4584961 -0.88623047
vn 0.06604004 0.4584961 -0.88623047
vn 0.06604004 0.4584961 -0.88623047
vn -0.71191406 0.32055664 -0.625
vn -0.71191406 0.32055664 -0.625
vn -0.71191406 0.32055664 -0.625
vn -0.71191406 0.3203125 -0.625
vn -0.7163086 0.32128906 0.6191406
vn -0.7163086 0.32128906 0.6191406
vn -0.7163086 0.32128906 0.6191406
vn -0.7163086 0.32128906 0.6191406
vn 0.7163086 0.32128906 -0.6191406
vn 0.7163086 0.32128906 -0.6191406
vn 0.7163086 0.32128906 -0.6191406
vn 0.7163086 0.32128906 -0.6191406
vn 0.71191406 0.3203125 0.625
vn 0.71191406 0.3203125 0.625
vn 0.71191406 0.3203125 0.625
vn 0.71191406 0.3203125 0.625
vn -0.8222656 0.56884766 -0.018188477
vn -0.8222656 0.56884766 -0.018188477
vn -0.8222656 0.56884766 -0.018188477
vn -0.8222656 0.56884766 -0.018188477
vn -0.052337646 0.62109375 0.78222656
vn -0.052337646 0.62109375 0.78222656
vn -0.052337646 0.62109375 0.78222656
vn -0.052337646 0.62109375 0.7817383
vn 0.8222656 0.56884766 0.018188477
vn 0.8222656 0.56884766 0.018188477
vn 0.8222656 0.56884766 0.018188477
vn 0.8222656 0.56884766 0.018188477
vn 0.052337646 0.62109375 -0.7817383
vn 0.052337646 0.62109375 -0.7817383
vn 0.052337646 0.62109375 -0.7817383
vn 0.052337646 0.62109375 -0.78222656
vn -0.9121094 0.4099121 -0.02017212
vn -0.9121094 0.4099121 -0.02017212
vn -0.9121094 0.4099121 -0.02017212
vn -0.9121094 0.4099121 -0.02017212
vn -0.059387207 0.45776367 0.88720703
vn -0.059387207 0.45776367 0.88720703
vn -0.059387207 0.45776367 0.88720703
vn -0.059387207 0.45776367 0.88720703
vn 0.9121094 0.4099121 0.02017212
vn 0.9121094 0.4099121 0.02017212
vn 0.9121094 0.4099121 0.02017212
vn 0.9121094 0.4099121 0.02017212
vn 0.059387207 0.45776367 -0.88720703
vn 0.059387207 0.45776367 -0.88720703
vn 0.059387207 0.45776367 -0.88720703
vn 0.059387207 0.45776367 -0.88720703
vn -0.5073242 0.40307617 0.76171875
vn -0.5073242 0.40307617 0.76171875
vn -0.5073242 0.40307617 0.76171875
vn -0.5073242 0.40307617 0.76171875
vn 0.2607422 0.41845703 0.8701172
vn 0.2607422 0.41845703 0.8701172
vn 0.2607422 0.41845703 0.8701172
vn 0.26049805 0.41845703 0.8701172
vn -0.28442383 0.3942871 -0.87402344
vn -0.28442383 0.3942871 -0.87402344
vn -0.28442383 0.3942871 -0.87402344
vn -0.2607422 0.41845703 -0.8701172
vn 0.5073242 0.40307617 -0.76171875
vn 0.5073242 0.40307617 -0.76171875
vn 0.5073242 0.40307617 -0.76171875
vn 0.5073242 0.40283203 -0.76171875
vn 0.45947266 0.8881836 0.018737793
vn 0.45947266 0.8881836 0.018737793
vn 0.45947266 0.8881836 0.018737793
vn 0.47973633 0.8769531 0.01927185
vn -0.4597168 0.8876953 -0.021759033
vn -0.4597168 0.8876953 -0.021759033
vn -0.4597168 0.8876953 -0.021759033
vn -0.47875977 0.8774414 -0.022232056
vn -0.032196045 0.4453125 0.89501953
vn -0.032196045 0.4453125 0.89501953
vn -0.032196045 0.4453125 0.89501953
vn -0.032196045 0.4453125 0.89453125
vn 0.68847656 0.7246094 0.028060913
vn 0.68847656 0.7246094 0.028060913
vn 0.68847656 0.7246094 0.028060913
vn 0.68847656 0.7246094 0.028060913
vn 0.030181885 0.4453125 -0.89501953
vn 0.030181885 0.4453125 -0.89501953
vn 0.030181885 0.4453125 -0.89501953
vn 0.030181885 0.4453125 -0.89501953
vn 0.6875 0.0076828003 0.7260742
vn 0.6875 0.0076828003 0.7260742
vn 0.6875 0.0076828003 0.7260742
vn 0.6875 0.007686615 0.7260742
vn 0.6875 0.007686615 0.7260742
vn 0.6875 0.007686615 0.7260742
vn -0.6616211 0.011291504 0.75
vn -0.6616211 0.011291504 0.75
vn -0.6616211 0.011291504 0.75
vn -0.6616211 0.011291504 0.75
vn -0.6616211 0.011291504 0.75
vn -0.6616211 0.011291504 0.75
vn -0.5444336 -0.5600586 0.6245117
vn -0.5444336 -0.5600586 0.6245117
vn -0.5444336 -0.5600586 0.6245117
vn 0.57373047 -0.5527344 0.6044922
vn 0.57373047 -0.5527344 0.6044922
vn 0.57373047 -0.5527344 0.6044922
vn -0.56640625 -0.56591797 -0.5991211
vn -0.56640625 -0.56591797 -0.5991211
vn -0.56640625 -0.56591797 -0.5991211
vn 0.5522461 -0.55859375 -0.6191406
vn 0.5522461 -0.55859375 -0.6191406
vn 0.5522461 -0.55859375 -0.6191406
vn -0.7084961 0.0056419373 0.7055664
vn -0.7084961 0.0056419373 0.7055664
vn -0.7084961 0.0056419373 0.7055664
vn -0.7084961 0.0056419373 0.7055664
vn -0.7084961 0.0056419373 0.7055664
vn -0.7084961 0.0056419373 0.7055664
vn -0.58740234 -0.55908203 0.58496094
vn -0.58740234 -0.55908203 0.58496094
vn -0.58740234 -0.55908203 0.58496094
vn 0.52978516 -0.55908203 0.6376953
vn 0.52978516 -0.55908203 0.6376953
vn 0.52978516 -0.55908203 0.6376953
vn -0.52978516 -0.55908203 -0.6376953
vn -0.52978516 -0.55908203 -0.6376953
vn -0.52978516 -0.55908203 -0.6376953
vn 0.58740234 -0.55908203 -0.58496094
vn 0.58740234 -0.55908203 -0.58496094
vn 0.58740234 -0.55908203 -0.58496094
vn 0.54052734 0.0032787323 0.8413086
vn 0.54052734 0.0032787323 0.8413086
vn 0.54052734 0.0032787323 0.8413086
vn 0.54052734 0.0032787323 0.8413086
vn 0.54052734 0.0032787323 0.8413086
vn 0.54052734 0.0032787323 0.8413086
vn -0.44213867 0.0031223297 0.89697266
vn -0.44213867 0.0031223297 0.89697266
vn -0.44213867 0.0031223297 0.89697266
vn -0.44213867 0.0031223297 0.89697266
vn -0.44213867 0.0031223297 0.89697266
vn -0.44213867 0.0031223297 0.89697266
vn 0.44213867 1.013279E-06 -0.89697266
vn 0.44213867 1.013279E-06 -0.89697266
vn 0.44213867 1.013279E-06 -0.89697266
vn 0.44213867 2.5629997E-06 -0.89697266
vn 0.44213867 2.5629997E-06 -0.89697266
vn 0.44213867 2.5629997E-06 -0.89697266
vn -0.54052734 1.3113022E-06 -0.8413086
vn -0.54052734 1.3113022E-06 -0.8413086
vn -0.54052734 1.3113022E-06 -0.8413086
vn -0.54052734 -1.7881393E-06 -0.8413086
vn -0.54052734 -1.7881393E-06 -0.8413086
vn -0.54052734 -1.7881393E-06 -0.8413086
vn -0.40771484 -0.38745117 0.82666016
vn -0.40771484 -0.38745117 0.82666016
vn -0.40771484 -0.38745117 0.82666016
vn 0.4946289 -0.40356445 0.76953125
vn 0.4946289 -0.40356445 0.76953125
vn 0.4946289 -0.40356445 0.76953125
vn -0.4946289 -0.40356445 -0.76953125
vn -0.4946289 -0.40356445 -0.76953125
vn -0.4946289 -0.40356445 -0.76953125
vn 0.40771484 -0.38745117 -0.82666016
vn 0.40771484 -0.38745117 -0.82666016
vn 0.40771484 -0.38745117 -0.82666016
vn 0.8408203 0.002380371 0.5410156
vn 0.8408203 0.002380371 0.5410156
vn 0.8408203 0.002380371 0.5410156
vn 0.8408203 0.0023784637 0.5410156
vn 0.8408203 0.0023784637 0.5410156
vn 0.8408203 0.0023784637 0.5410156
vn 0.68652344 -0.57714844 0.44189453
vn 0.68652344 -0.57714844 0.44189453
vn 0.68652344 -0.57714844 0.44189453
vn -0.44189453 -0.57714844 0.68652344
vn -0.44189453 -0.57714844 0.68652344
vn -0.44189453 -0.57714844 0.68652344
vn 0.44189453 -0.57714844 -0.68652344
vn 0.44189453 -0.57714844 -0.68652344
vn 0.44189453 -0.57714844 -0.68652344
vn -0.68652344 -0.57714844 -0.44189453
vn -0.68652344 -0.57714844 -0.44189453
vn -0.68652344 -0.57714844 -0.44189453
vn 0.7729492 0.052612305 0.6323242
vn 0.7729492 0.052612305 0.6323242
vn 0.7729492 0.052612305 0.6323242
vn 0.7729492 0.05255127 0.6323242
vn 0.7729492 0.05255127 0.6323242
vn 0.7729492 0.05255127 0.6323242
vn 0.66308594 -0.5058594 0.5522461
vn 0.66308594 -0.5058594 0.5522461
vn 0.66308594 -0.5058594 0.5522461
vn -0.5395508 -0.50683594 0.671875
vn -0.5395508 -0.50683594 0.671875
vn -0.5395508 -0.50683594 0.671875
vn 0.5473633 -0.5214844 -0.65478516
vn 0.5473633 -0.5214844 -0.65478516
vn 0.5473633 -0.5214844 -0.65478516
vn -0.6640625 -0.5229492 -0.53466797
vn -0.6640625 -0.5229492 -0.53466797
vn -0.6640625 -0.5229492 -0.53466797
vn 0.84521484 0.052612305 0.5317383
vn 0.84521484 0.052612305 0.5317383
vn 0.84521484 0.052612305 0.5317383
vn 0.84521484 0.05255127 0.53222656
vn 0.84521484 0.05255127 0.53222656
vn 0.84521484 0.05255127 0.53222656
vn 0.7260742 -0.5058594 0.4658203
vn 0.7260742 -0.5058594 0.4658203
vn 0.7260742 -0.5058594 0.4658203
vn -0.45239258 -0.50683594 0.73339844
vn -0.45239258 -0.50683594 0.73339844
vn -0.45239258 -0.50683594 0.73339844
vn 0.4621582 -0.5214844 -0.71728516
vn 0.4621582 -0.5214844 -0.71728516
vn 0.4621582 -0.5214844 -0.71728516
vn -0.7246094 -0.5229492 -0.44848633
vn -0.7246094 -0.5229492 -0.44848633
vn -0.7246094 -0.5229492 -0.44848633
vn 0.9350586 0.009666443 0.35473633
vn 0.9350586 0.009666443 0.35473633
vn 0.9350586 0.009666443 0.35473633
vn 0.9350586 0.009666443 0.35473633
vn 0.9350586 0.009666443 0.35473633
vn 0.9350586 0.009666443 0.35473633
vn 0.3544922 0.009681702 -0.9350586
vn 0.3544922 0.009681702 -0.9350586
vn 0.3544922 0.009681702 -0.9350586
vn 0.3544922 0.009681702 -0.9350586
vn 0.3544922 0.009681702 -0.9350586
vn 0.3544922 0.009681702 -0.9350586
vn 0.7636719 -0.57714844 0.28955078
vn 0.7636719 -0.57714844 0.28955078
vn 0.7636719 -0.57714844 0.28955078
vn 0.28955078 -0.57714844 -0.7636719
vn 0.28955078 -0.57714844 -0.7636719
vn 0.28955078 -0.57714844 -0.7636719
vn -0.28955078 -0.57714844 0.7636719
vn -0.28955078 -0.57714844 0.7636719
vn -0.28955078 -0.57714844 0.7636719
vn -0.7636719 -0.57714844 -0.28955078
vn -0.7636719 -0.57714844 -0.28955078
vn -0.7636719 -0.57714844 -0.28955078
vn 0.2878418 -0.70703125 0.6459961
vn 0.2878418 -0.70703125 0.6459961
vn 0.2878418 -0.70703125 0.6459961
vn 0.2878418 -0.70703125 0.6459961
vn 0.2878418 -0.70703125 0.6459961
vn 0.2878418 -0.70703125 0.6459961
vn 0.6464844 -0.70703125 -0.28588867
vn 0.6464844 -0.70703125 -0.28588867
vn 0.6464844 -0.70703125 -0.28588867
vn 0.6464844 -0.70703125 -0.28588867
vn 0.6464844 -0.70703125 -0.28588867
vn 0.6464844 -0.70703125 -0.28588867
vn -0.77001953 -0.026046753 0.6376953
vn -0.77001953 -0.026046753 0.6376953
vn -0.77001953 -0.026046753 0.6376953
vn -0.77001953 -0.026031494 0.6376953
vn -0.77001953 -0.026031494 0.6376953
vn -0.77001953 -0.026031494 0.6376953
vn 0.6376953 0.013870239 0.7705078
vn 0.6376953 0.013870239 0.7705078
vn 0.6376953 0.013870239 0.7705078
vn 0.6376953 0.013885498 0.77001953
vn 0.6376953 0.013885498 0.77001953
vn 0.6376953 0.013885498 0.77001953
vn -0.6376953 -0.004638672 -0.77001953
vn -0.6376953 -0.004638672 -0.77001953
vn -0.6376953 -0.004638672 -0.77001953
vn -0.6376953 -0.0046424866 -0.77001953
vn -0.6376953 -0.0046424866 -0.77001953
vn -0.6376953 -0.0046424866 -0.77001953
vn 0.76953125 0.036071777 -0.6376953
vn 0.76953125 0.036071777 -0.6376953
vn 0.76953125 0.036071777 -0.6376953
vn 0.76953125 0.036071777 -0.6376953
vn 0.76953125 0.036071777 -0.6376953
vn 0.76953125 0.036071777 -0.6376953
vn 0.36279297 -0.83935547 0.4050293
vn 0.36279297 -0.83935547 0.4050293
vn 0.36279297 -0.83935547 0.4050293
vn -0.4572754 -0.8027344 0.38232422
vn -0.4572754 -0.8027344 0.38232422
vn -0.4572754 -0.8027344 0.38232422
vn 0.6875 -0.453125 -0.5673828
vn 0.6875 -0.453125 -0.5673828
vn 0.6875 -0.453125 -0.5673828
vn -0.47485352 -0.64501953 -0.5986328
vn -0.47485352 -0.64501953 -0.5986328
vn -0.47485352 -0.64501953 -0.5986328
vn 0.80029297 -0.59765625 0.05215454
vn 0.80029297 -0.59765625 0.05215454
vn 0.80029297 -0.59765625 0.05215454
vn 0.5644531 -0.8251953 0.013206482
vn 0.5644531 -0.8251953 0.013206482
vn 0.5644531 -0.8251953 0.013206482
vn -0.7402344 0.0030403137 0.6723633
vn -0.7402344 0.0030403137 0.6723633
vn -0.7402344 0.0030403137 0.6723633
vn -0.7402344 0.0030403137 0.6723633
vn -0.7402344 0.0030403137 0.6723633
vn -0.7402344 0.0030403137 0.6723633
vn -0.6040039 -0.57714844 0.5493164
vn -0.6040039 -0.57714844 0.5493164
vn -0.6040039 -0.57714844 0.5493164
vn 0.5493164 -0.57714844 0.6040039
vn 0.5493164 -0.57714844 0.6040039
vn 0.5493164 -0.57714844 0.6040039
vn -0.5493164 -0.57714844 -0.6040039
vn -0.5493164 -0.57714844 -0.6040039
vn -0.5493164 -0.57714844 -0.6040039
vn 0.6040039 -0.57714844 -0.5493164
vn 0.6040039 -0.57714844 -0.5493164
vn 0.6040039 -0.57714844 -0.5493164
vn -0.04647827 0.01424408 0.99902344
vn -0.04647827 0.01424408 0.99902344
vn -0.04647827 0.01424408 0.99902344
vn -0.031921387 -0.070129395 0.9970703
vn -0.031921387 -0.070129395 0.9970703
vn -0.031921387 -0.070129395 0.9970703
vn 0.99853516 0.011077881 0.053375244
vn 0.99853516 0.011077881 0.053375244
vn 0.99853516 0.011077881 0.053375244
vn 0.99853516 -1.1920929E-06 0.051727295
vn 0.99853516 -1.1920929E-06 0.051727295
vn 0.99853516 -1.1920929E-06 0.051727295
vn 0.67285156 -0.041625977 0.73876953
vn 0.67285156 -0.041625977 0.73876953
vn 0.67285156 -0.041625977 0.73876953
vn 0.67285156 -0.041625977 0.73876953
vn 0.67285156 -0.041625977 0.73876953
vn 0.67285156 -0.041625977 0.73876953
vn -0.7265625 -0.18395996 0.6621094
vn -0.7265625 -0.18395996 0.6621094
vn -0.7265625 -0.18395996 0.6621094
vn 0.44873047 -0.74560547 0.49267578
vn 0.44873047 -0.74560547 0.49267578
vn 0.44873047 -0.74560547 0.49267578
vn -0.4597168 -0.73046875 -0.5048828
vn -0.4597168 -0.73046875 -0.5048828
vn -0.4597168 -0.73046875 -0.5048828
vn 0.5048828 -0.73046875 -0.4597168
vn 0.5048828 -0.73046875 -0.4597168
vn 0.5048828 -0.73046875 -0.4597168
vn -0.55029297 -0.83447266 -0.029418945
vn -0.55029297 -0.83447266 -0.029418945
vn -0.55029297 -0.83447266 -0.029418945
vn -0.9658203 -0.25585938 -0.03845215
vn -0.9658203 -0.25585938 -0.03845215
vn -0.9658203 -0.25585938 -0.03845215
vn 0.5336914 -0.84521484 0.027618408
vn 0.5336914 -0.84521484 0.027618408
vn 0.5336914 -0.84521484 0.027618408
vn 0.55078125 -0.83447266 0.02810669
vn 0.55078125 -0.83447266 0.02810669
vn 0.55078125 -0.83447266 0.02810669
vn -0.024673462 -0.25585938 0.9663086
vn -0.024673462 -0.25585938 0.9663086
vn -0.024673462 -0.25585938 0.9663086
vn -0.091308594 -0.8432617 0.5292969
vn -0.091308594 -0.8432617 0.5292969
vn -0.091308594 -0.8432617 0.5292969
vn 0.6171875 0.027618408 0.7861328
vn 0.6171875 0.027618408 0.7861328
vn 0.6171875 0.027618408 0.7861328
vn 0.6171875 0.02758789 0.7866211
vn 0.6171875 0.02758789 0.7866211
vn 0.6171875 0.02758789 0.7866211
vn 0.52685547 -0.5058594 0.68310547
vn 0.52685547 -0.5058594 0.68310547
vn 0.52685547 -0.5058594 0.68310547
vn -0.67285156 -0.50683594 0.5385742
vn -0.67285156 -0.50683594 0.5385742
vn -0.67285156 -0.50683594 0.5385742
vn 0.69873047 -0.5214844 -0.48950195
vn 0.69873047 -0.5214844 -0.48950195
vn 0.69873047 -0.5214844 -0.48950195
vn -0.5019531 -0.5229492 -0.68896484
vn -0.5019531 -0.5229492 -0.68896484
vn -0.5019531 -0.5229492 -0.68896484
vn -0.7939453 0.026809692 0.6074219
vn -0.7939453 0.026809692 0.6074219
vn -0.7939453 0.026809692 0.6074219
vn -0.7939453 0.026809692 0.6074219
vn -0.7939453 0.026809692 0.6074219
vn -0.7939453 0.026809692 0.6074219
vn -0.6503906 -0.5576172 0.5161133
vn -0.6503906 -0.5576172 0.5161133
vn -0.6503906 -0.5576172 0.5161133
vn 0.49414062 -0.5566406 0.66796875
vn 0.49414062 -0.5566406 0.66796875
vn 0.49414062 -0.5566406 0.66796875
vn -0.49853516 -0.59765625 -0.6279297
vn -0.49853516 -0.59765625 -0.6279297
vn -0.49853516 -0.59765625 -0.6279297
vn 0.6459961 -0.5966797 -0.47607422
vn 0.6459961 -0.5966797 -0.47607422
vn 0.6459961 -0.5966797 -0.47607422
vn -0.68310547 0.019515991 0.72998047
vn -0.68310547 0.019515991 0.72998047
vn -0.68310547 0.019515991 0.72998047
vn -0.68310547 0.019500732 0.73046875
vn -0.68310547 0.019500732 0.73046875
vn -0.68310547 0.019500732 0.73046875
vn -0.5839844 -0.5058594 0.6347656
vn -0.5839844 -0.5058594 0.6347656
vn -0.5839844 -0.5058594 0.6347656
vn 0.62402344 -0.50683594 0.59472656
vn 0.62402344 -0.50683594 0.59472656
vn 0.62402344 -0.50683594 0.59472656
vn -0.62890625 -0.5214844 -0.5761719
vn -0.62890625 -0.5214844 -0.5761719
vn -0.62890625 -0.5214844 -0.5761719
vn 0.58740234 -0.5229492 -0.6176758
vn 0.58740234 -0.5229492 -0.6176758
vn 0.58740234 -0.5229492 -0.6176758
vn 0.95947266 -0.01687622 -0.28100586
vn 0.95947266 -0.01687622 -0.28100586
vn 0.95947266 -0.01687622 -0.28100586
vn 0.95947266 -0.01687622 -0.28100586
vn 0.95947266 -0.01687622 -0.28100586
vn 0.95947266 -0.01687622 -0.28100586
vn -0.98095703 0.02607727 0.19213867
vn -0.98095703 0.02607727 0.19213867
vn -0.98095703 0.02607727 0.19213867
vn -0.98095703 0.02607727 0.19213867
vn -0.98095703 0.02607727 0.19213867
vn -0.98095703 0.02607727 0.19213867
vn 0.6230469 -0.5991211 0.5024414
vn 0.6230469 -0.5991211 0.5024414
vn 0.6230469 -0.5991211 0.5024414
vn 0.7583008 -0.61328125 -0.22143555
vn 0.7583008 -0.61328125 -0.22143555
vn 0.7583008 -0.61328125 -0.22143555
vn -0.7607422 -0.63183594 0.14904785
vn -0.7607422 -0.63183594 0.14904785
vn -0.7607422 -0.63183594 0.14904785
vn -0.65283203 -0.6118164 -0.44677734
vn -0.65283203 -0.6118164 -0.44677734
vn -0.65283203 -0.6118164 -0.44677734
vn -0.5620117 -0.011993408 0.82714844
vn -0.5620117 -0.011993408 0.82714844
vn -0.5620117 -0.011993408 0.82714844
vn -0.5620117 -0.011993408 0.82714844
vn -0.5620117 -0.011993408 0.82714844
vn -0.5620117 -0.011993408 0.82714844
vn -0.453125 -0.5517578 0.7001953
vn -0.453125 -0.5517578 0.7001953
vn -0.453125 -0.5517578 0.7001953
vn 0.68115234 -0.5488281 0.48461914
vn 0.68115234 -0.5488281 0.48461914
vn 0.68115234 -0.5488281 0.48461914
vn -0.66845703 -0.6044922 -0.43310547
vn -0.66845703 -0.6044922 -0.43310547
vn -0.66845703 -0.6044922 -0.43310547
vn 0.46606445 -0.6020508 -0.6484375
vn 0.46606445 -0.6020508 -0.6484375
vn 0.46606445 -0.6020508 -0.6484375
vn -0.7089844 -0.6435547 0.2878418
vn -0.7089844 -0.6435547 0.2878418
vn -0.7089844 -0.6435547 0.2878418
vn 0.2878418 -0.6435547 0.7089844
vn 0.2878418 -0.6435547 0.7089844
vn 0.2878418 -0.6435547 0.7089844
vn -0.2878418 -0.6435547 -0.7089844
vn -0.2878418 -0.6435547 -0.7089844
vn -0.2878418 -0.6435547 -0.7089844
vn 0.7089844 -0.6435547 -0.2878418
vn 0.7089844 -0.6435547 -0.2878418
vn 0.7089844 -0.6435547 -0.2878418
vn -0.92626953 0.015808105 0.3762207
vn -0.92626953 0.015808105 0.3762207
vn -0.92626953 0.015808105 0.3762207
vn -0.92626953 0.015838623 0.3762207
vn -0.92626953 0.015838623 0.3762207
vn -0.92626953 0.015838623 0.3762207
vn -0.42944336 -0.6435547 0.6333008
vn -0.42944336 -0.6435547 0.6333008
vn -0.42944336 -0.6435547 0.6333008
vn 0.6333008 -0.6435547 0.42944336
vn 0.6333008 -0.6435547 0.42944336
vn 0.6333008 -0.6435547 0.42944336
vn -0.6333008 -0.6435547 -0.42944336
vn -0.6333008 -0.6435547 -0.42944336
vn -0.6333008 -0.6435547 -0.42944336
vn 0.4296875 -0.6435547 -0.6333008
vn 0.4296875 -0.6435547 -0.6333008
vn 0.4296875 -0.6435547 -0.6333008
vn -0.56103516 0.015808105 0.8276367
vn -0.56103516 0.015808105 0.8276367
vn -0.56103516 0.015808105 0.8276367
vn -0.56103516 0.015838623 0.8276367
vn -0.56103516 0.015838623 0.8276367
vn -0.56103516 0.015838623 0.8276367
vn 0.35913086 0.00340271 0.93310547
vn 0.35913086 0.00340271 0.93310547
vn 0.35913086 0.00340271 0.93310547
vn 0.35913086 0.0034046173 0.93310547
vn 0.35913086 0.0034046173 0.93310547
vn 0.35913086 0.0034046173 0.93310547
vn -0.48950195 0.003250122 0.8720703
vn -0.48950195 0.003250122 0.8720703
vn -0.48950195 0.003250122 0.8720703
vn -0.48950195 0.003250122 0.8720703
vn -0.48950195 0.003250122 0.8720703
vn -0.48950195 0.003250122 0.8720703
vn 0.48950195 1.013279E-06 -0.8720703
vn 0.48950195 1.013279E-06 -0.8720703
vn 0.48950195 1.013279E-06 -0.8720703
vn 0.48950195 1.1324883E-06 -0.8720703
vn 0.48950195 1.1324883E-06 -0.8720703
vn 0.48950195 1.1324883E-06 -0.8720703
vn -0.35913086 1.0728836E-06 -0.93310547
vn -0.35913086 1.0728836E-06 -0.93310547
vn -0.35913086 1.0728836E-06 -0.93310547
vn -0.35913086 -1.66893E-06 -0.93310547
vn -0.35913086 -1.66893E-06 -0.93310547
vn -0.35913086 -1.66893E-06 -0.93310547
vn -0.38964844 -0.60546875 0.69433594
vn -0.38964844 -0.60546875 0.69433594
vn -0.38964844 -0.60546875 0.69433594
vn 0.28100586 -0.6225586 0.73046875
vn 0.28100586 -0.6225586 0.73046875
vn 0.28100586 -0.6225586 0.73046875
vn -0.28100586 -0.6225586 -0.73046875
vn -0.28100586 -0.6225586 -0.73046875
vn -0.28100586 -0.6225586 -0.73046875
vn 0.38964844 -0.60498047 -0.69433594
vn 0.38964844 -0.60498047 -0.69433594
vn 0.38964844 -0.60498047 -0.69433594
vn -0.74365234 0.0071487427 0.66845703
vn -0.74365234 0.0071487427 0.66845703
vn -0.74365234 0.0071487427 0.66845703
vn -0.74365234 0.0071525574 0.66845703
vn -0.74365234 0.0071525574 0.66845703
vn -0.74365234 0.0071525574 0.66845703
vn -0.7636719 0.007129669 -0.6455078
vn -0.7636719 0.007129669 -0.6455078
vn -0.7636719 0.007129669 -0.6455078
vn -0.7636719 0.0071258545 -0.6455078
vn -0.7636719 0.0071258545 -0.6455078
vn -0.7636719 0.0071258545 -0.6455078
vn 0.7636719 -7.748604E-07 0.6455078
vn 0.7636719 -7.748604E-07 0.6455078
vn 0.7636719 -7.748604E-07 0.6455078
vn 0.7636719 1.6093254E-06 0.6455078
vn 0.7636719 1.6093254E-06 0.6455078
vn 0.7636719 1.6093254E-06 0.6455078
vn -0.39746094 -0.8540039 -0.3359375
vn -0.39746094 -0.8540039 -0.3359375
vn -0.39746094 -0.8540039 -0.3359375
vn -0.38623047 -0.8544922 0.34692383
vn -0.38623047 -0.8544922 0.34692383
vn -0.38623047 -0.8544922 0.34692383
vn 0.4609375 -0.78466797 -0.4140625
vn 0.4609375 -0.78466797 -0.4140625
vn 0.4609375 -0.78466797 -0.4140625
vn 0.47436523 -0.7836914 0.40063477
vn 0.47436523 -0.7836914 0.40063477
vn 0.47436523 -0.7836914 0.40063477
vn 0.009857178 -0.88720703 -0.46118164
vn 0.009857178 -0.88720703 -0.46118164
vn 0.009857178 -0.88720703 -0.46118164
vn 0.011505127 -0.92871094 -0.3713379
vn 0.011505127 -0.92871094 -0.3713379
vn 0.011505127 -0.92871094 -0.3713379
vn -0.0113220215 -0.92871094 0.3713379
vn -0.0113220215 -0.92871094 0.3713379
vn -0.0113220215 -0.92871094 0.3713379
vn -0.009689331 -0.88720703 0.46118164
vn -0.009689331 -0.88720703 0.46118164
vn -0.009689331 -0.88720703 0.46118164
vn -0.7597656 0.010414124 -0.6503906
vn -0.7597656 0.010414124 -0.6503906
vn -0.7597656 0.010414124 -0.6503906
vn -0.7597656 0.010406494 -0.6503906
vn -0.7597656 0.010406494 -0.6503906
vn -0.7597656 0.010406494 -0.6503906
vn -0.5996094 -0.6142578 -0.5131836
vn -0.5996094 -0.6142578 -0.5131836
vn -0.5996094 -0.6142578 -0.5131836
vn -0.58984375 -0.6152344 0.5229492
vn -0.58984375 -0.6152344 0.5229492
vn -0.58984375 -0.6152344 0.5229492
vn 0.64160156 -0.5151367 -0.56884766
vn 0.64160156 -0.5151367 -0.56884766
vn 0.64160156 -0.5151367 -0.56884766
vn 0.65185547 -0.5136719 0.55810547
vn 0.65185547 -0.5136719 0.55810547
vn 0.65185547 -0.5136719 0.55810547
vn 0.013542175 -0.6738281 -0.73876953
vn 0.013542175 -0.6738281 -0.73876953
vn 0.013542175 -0.6738281 -0.73876953
vn 0.021057129 -0.76464844 -0.64453125
vn 0.021057129 -0.76464844 -0.64453125
vn 0.021057129 -0.76464844 -0.64453125
vn -0.020599365 -0.76464844 0.64453125
vn -0.020599365 -0.76464844 0.64453125
vn -0.020599365 -0.76464844 0.64453125
vn -0.013130188 -0.6738281 0.73876953
vn -0.013130188 -0.6738281 0.73876953
vn -0.013130188 -0.6738281 0.73876953
vn 0.074279785 -6.735325E-06 -0.9970703
vn 0.074279785 -6.735325E-06 -0.9970703
vn 0.074279785 -6.735325E-06 -0.9970703
vn 0.07421875 -0.00012052059 -0.9970703
vn 0.07421875 -0.00012052059 -0.9970703
vn 0.07421875 -0.00012052059 -0.9970703
vn -0.71533203 0.0046958923 -0.69873047
vn -0.71533203 0.0046958923 -0.69873047
vn -0.71533203 0.0046958923 -0.69873047
vn -0.71533203 0.0046958923 -0.69873047
vn -0.71533203 0.0046958923 -0.69873047
vn -0.71533203 0.0046958923 -0.69873047
vn 0.71533203 0 0.69873047
vn 0.71533203 0 0.69873047
vn 0.71533203 0 0.69873047
vn 0.71533203 -2.3245811E-06 0.69873047
vn 0.71533203 -2.3245811E-06 0.69873047
vn 0.71533203 -2.3245811E-06 0.69873047
vn -0.3720703 -0.8540039 -0.36376953
vn -0.3720703 -0.8540039 -0.36376953
vn -0.3720703 -0.8540039 -0.36376953
vn -0.41015625 -0.8544922 0.31811523
vn -0.41015625 -0.8544922 0.31811523
vn -0.41015625 -0.8544922 0.31811523
vn 0.4897461 -0.78466797 -0.37963867
vn 0.4897461 -0.78466797 -0.37963867
vn 0.4897461 -0.78466797 -0.37963867
vn 0.4440918 -0.7836914 0.43408203
vn 0.4440918 -0.7836914 0.43408203
vn 0.4440918 -0.7836914 0.43408203
vn 0.031234741 -0.88720703 -0.45996094
vn 0.031234741 -0.88720703 -0.45996094
vn 0.031234741 -0.88720703 -0.45996094
vn 0.030960083 -0.92871094 -0.36987305
vn 0.030960083 -0.92871094 -0.36987305
vn 0.030960083 -0.92871094 -0.36987305
vn -0.030670166 -0.92871094 0.36987305
vn -0.030670166 -0.92871094 0.36987305
vn -0.030670166 -0.92871094 0.36987305
vn -0.030960083 -0.88720703 0.45996094
vn -0.030960083 -0.88720703 0.45996094
vn -0.030960083 -0.88720703 0.45996094
vn -0.75146484 0.009338379 -0.65966797
vn -0.75146484 0.009338379 -0.65966797
vn -0.75146484 0.009338379 -0.65966797
vn -0.75146484 0.0093307495 -0.65966797
vn -0.75146484 0.0093307495 -0.65966797
vn -0.75146484 0.0093307495 -0.65966797
vn -0.60302734 -0.5966797 -0.5292969
vn -0.60302734 -0.5966797 -0.5292969
vn -0.60302734 -0.5966797 -0.5292969
vn -0.6064453 -0.59814453 0.52441406
vn -0.6064453 -0.59814453 0.52441406
vn -0.6064453 -0.59814453 0.52441406
vn 0.65625 -0.4975586 -0.5673828
vn 0.65625 -0.4975586 -0.5673828
vn 0.65625 -0.4975586 -0.5673828
vn 0.65234375 -0.4963379 0.5727539
vn 0.65234375 -0.4963379 0.5727539
vn 0.65234375 -0.4963379 0.5727539
vn 0.045715332 -0.6567383 -0.7529297
vn 0.045715332 -0.6567383 -0.7529297
vn 0.045715332 -0.6567383 -0.7529297
vn 0.0496521 -0.74902344 -0.66064453
vn 0.0496521 -0.74902344 -0.66064453
vn 0.0496521 -0.74902344 -0.66064453
vn -0.049194336 -0.74902344 0.66064453
vn -0.049194336 -0.74902344 0.66064453
vn -0.049194336 -0.74902344 0.66064453
vn -0.045288086 -0.6567383 0.7529297
vn -0.045288086 -0.6567383 0.7529297
vn -0.045288086 -0.6567383 0.7529297
vn 0.28686523 0.0048599243 0.9580078
vn 0.28686523 0.0048599243 0.9580078
vn 0.28686523 0.0048599243 0.9580078
vn 0.28686523 0.0048599243 0.9580078
vn 0.28686523 0.0048599243 0.9580078
vn 0.28686523 0.0048599243 0.9580078
vn -0.5546875 0.004638672 0.83203125
vn -0.5546875 0.004638672 0.83203125
vn -0.5546875 0.004638672 0.83203125
vn -0.5546875 0.004638672 0.83203125
vn -0.5546875 0.004638672 0.83203125
vn -0.5546875 0.004638672 0.83203125
vn 0.5546875 0 -0.83203125
vn 0.5546875 0 -0.83203125
vn 0.5546875 0 -0.83203125
vn 0.5546875 4.7683716E-07 -0.83203125
vn 0.5546875 4.7683716E-07 -0.83203125
vn 0.5546875 4.7683716E-07 -0.83203125
vn -0.28686523 1.1920929E-07 -0.9580078
vn -0.28686523 1.1920929E-07 -0.9580078
vn -0.28686523 1.1920929E-07 -0.9580078
vn -0.28686523 -2.861023E-06 -0.9580078
vn -0.28686523 -2.861023E-06 -0.9580078
vn -0.28686523 -2.861023E-06 -0.9580078
vn -0.44140625 -0.60546875 0.66259766
vn -0.44140625 -0.60546875 0.66259766
vn -0.44140625 -0.60546875 0.66259766
vn 0.22460938 -0.6225586 0.7495117
vn 0.22460938 -0.6225586 0.7495117
vn 0.22460938 -0.6225586 0.7495117
vn -0.22460938 -0.6225586 -0.7495117
vn -0.22460938 -0.6225586 -0.7495117
vn -0.22460938 -0.6225586 -0.7495117
vn 0.44140625 -0.60498047 -0.66259766
vn 0.44140625 -0.60498047 -0.66259766
vn 0.44140625 -0.60498047 -0.66259766
vn 0.008804321 0.012878418 1
vn 0.008804321 0.012878418 1
vn 0.008804321 0.012878418 1
vn 0.008804321 0.012878418 1
vn 1 -0.0024967194 -0.0036621094
vn 1 -0.0024967194 -0.0036621094
vn 1 -0.0024967194 -0.0036621094
vn 1 -0.002588272 -0.003704071
vn -0.0088272095 -0.0062713623 -1
vn -0.0088272095 -0.0062713623 -1
vn -0.0088272095 -0.0062713623 -1
vn -0.0088272095 -0.0062713623 -1
vn -1 0.0025863647 0.0036621094
vn -1 0.0025863647 0.0036621094
vn -1 0.0025863647 0.0036621094
vn -1 0.0024929047 0.003704071
vn 0.6611328 -0.006416321 -0.75
vn 0.6611328 -0.006416321 -0.75
vn 0.6611328 -0.006416321 -0.75
vn 0.6616211 -0.006416321 -0.75
vn -0.6875 -0.0028095245 -0.7260742
vn -0.6875 -0.0028095245 -0.7260742
vn -0.6875 -0.0028095245 -0.7260742
vn -0.6875 -0.0028076172 -0.7260742
vn -0.70214844 -0.71191406 0.007827759
vn -0.70214844 -0.71191406 0.007827759
vn -0.70214844 -0.71191406 0.007827759
vn -0.70214844 -0.71191406 0.007827759
vn -0.0037021637 -0.67822266 -0.7348633
vn -0.0037021637 -0.67822266 -0.7348633
vn -0.0037021637 -0.67822266 -0.7348633
vn -0.003704071 -0.67822266 -0.7348633
vn 0.71191406 -0.70214844 0.0024929047
vn 0.71191406 -0.70214844 0.0024929047
vn 0.71191406 -0.70214844 0.0024929047
vn 0.71191406 -0.70214844 0.0024909973
vn 0.009346008 -0.67089844 0.74121094
vn 0.009346008 -0.67089844 0.74121094
vn 0.009346008 -0.67089844 0.74121094
vn 0.009346008 -0.67089844 0.74121094
vn -0.047546387 0.007648468 0.99902344
vn -0.047546387 0.007648468 0.99902344
vn -0.047546387 0.007648468 0.99902344
vn -0.047546387 0.0076446533 0.99902344
vn 0.99902344 -1.3232231E-05 0.045043945
vn 0.99902344 -1.3232231E-05 0.045043945
vn 0.99902344 -1.3232231E-05 0.045043945
vn 0.99902344 5.364418E-07 0.045043945
vn 0.047546387 2.6226044E-06 -0.99902344
vn 0.047546387 2.6226044E-06 -0.99902344
vn 0.047546387 2.6226044E-06 -0.99902344
vn 0.047546387 2.1457672E-06 -0.99902344
vn -0.99902344 -2.9802322E-06 -0.045043945
vn -0.99902344 -2.9802322E-06 -0.045043945
vn -0.99902344 -2.9802322E-06 -0.045043945
vn -0.99902344 1.0430813E-05 -0.045043945
vn 0.63916016 0.0056419373 0.76904297
vn 0.63916016 0.0056419373 0.76904297
vn 0.63916016 0.0056419373 0.76904297
vn 0.63916016 0.005645752 0.76904297
vn 0.7084961 1.9669533E-06 -0.7055664
vn 0.7084961 1.9669533E-06 -0.7055664
vn 0.7084961 1.9669533E-06 -0.7055664
vn 0.7084961 3.9339066E-06 -0.7055664
vn -0.63916016 -2.682209E-06 -0.76904297
vn -0.63916016 -2.682209E-06 -0.76904297
vn -0.63916016 -2.682209E-06 -0.76904297
vn -0.63916016 -2.9802322E-07 -0.76904297
vn -0.70654297 -0.70703125 -0.03186035
vn -0.70654297 -0.70703125 -0.03186035
vn -0.70654297 -0.70703125 -0.03186035
vn -0.70654297 -0.70703125 -0.03186035
vn 0.035095215 -0.6743164 -0.7373047
vn 0.035095215 -0.6743164 -0.7373047
vn 0.035095215 -0.6743164 -0.7373047
vn 0.035095215 -0.6743164 -0.7373047
vn 0.70654297 -0.70703125 0.03186035
vn 0.70654297 -0.70703125 0.03186035
vn 0.70654297 -0.70703125 0.03186035
vn 0.70654297 -0.70703125 0.03186035
vn -0.035095215 -0.6748047 0.7373047
vn -0.035095215 -0.6748047 0.7373047
vn -0.035095215 -0.6748047 0.7373047
vn -0.035095215 -0.6748047 0.7373047
vn 0.9995117 0.00045919418 0.025115967
vn 0.9995117 0.00045919418 0.025115967
vn 0.9995117 0.00045919418 0.025115967
vn 0.9995117 0 0.02482605
vn 0.0011844635 0.0036621094 1
vn 0.0011844635 0.0036621094 1
vn 0.0011844635 0.0036621094 1
vn 0.0011844635 0.0036621094 1
vn -0.0011844635 1.4305115E-06 -1
vn -0.0011844635 1.4305115E-06 -1
vn -0.0011844635 1.4305115E-06 -1
vn -0.0011844635 1.7285347E-06 -1
vn -0.9995117 -5.066395E-06 -0.025115967
vn -0.9995117 -5.066395E-06 -0.025115967
vn -0.9995117 -5.066395E-06 -0.025115967
vn -0.9995117 -0.0004606247 -0.02482605
vn -0.7529297 -0.65771484 -0.018692017
vn -0.7529297 -0.65771484 -0.018692017
vn -0.7529297 -0.65771484 -0.018692017
vn -0.7529297 -0.65771484 -0.018692017
vn -0.0010623932 -0.44213867 -0.89697266
vn -0.0010623932 -0.44213867 -0.89697266
vn -0.0010623932 -0.44213867 -0.89697266
vn -0.0010623932 -0.44213867 -0.89697266
vn 0.7529297 -0.65771484 0.018692017
vn 0.7529297 -0.65771484 0.018692017
vn 0.7529297 -0.65771484 0.018692017
vn 0.7529297 -0.65771484 0.018692017
vn 0.0010623932 -0.44213867 0.89697266
vn 0.0010623932 -0.44213867 0.89697266
vn 0.0010623932 -0.44213867 0.89697266
vn 0.0010623932 -0.44213867 0.89697266
vn 0.21240234 0.0033626556 0.9770508
vn 0.21240234 0.0033626556 0.9770508
vn 0.21240234 0.0033626556 0.9770508
vn 0.21240234 0.003364563 0.9770508
vn -0.9785156 -2.18153E-05 0.20617676
vn -0.9785156 -2.18153E-05 0.20617676
vn -0.9785156 -2.18153E-05 0.20617676
vn -0.9785156 -2.2053719E-06 0.20617676
vn -0.21240234 1.0728836E-06 -0.9770508
vn -0.21240234 1.0728836E-06 -0.9770508
vn -0.21240234 1.0728836E-06 -0.9770508
vn -0.21240234 1.6093254E-06 -0.9770508
vn 0.9785156 -1.1920929E-06 -0.20617676
vn 0.9785156 -1.1920929E-06 -0.20617676
vn 0.9785156 -1.1920929E-06 -0.20617676
vn 0.9785156 2.0563602E-05 -0.20617676
vn -0.5410156 0.0023765564 0.8408203
vn -0.5410156 0.0023765564 0.8408203
vn -0.5410156 0.0023765564 0.8408203
vn -0.5410156 0.0023784637 0.8408203
vn -0.8408203 -7.1525574E-07 -0.5410156
vn -0.8408203 -7.1525574E-07 -0.5410156
vn -0.8408203 -7.1525574E-07 -0.5410156
vn -0.8408203 2.3841858E-07 -0.5410156
vn 0.5410156 0 -0.8408203
vn 0.5410156 0 -0.8408203
vn 0.5410156 0 -0.8408203
vn 0.5410156 0 -0.8408203
vn 0.69189453 -0.70703125 -0.14575195
vn 0.69189453 -0.70703125 -0.14575195
vn 0.69189453 -0.70703125 -0.14575195
vn 0.69189453 -0.70703125 -0.14575195
vn -0.15014648 -0.70703125 -0.69091797
vn -0.15014648 -0.70703125 -0.69091797
vn -0.15014648 -0.70703125 -0.69091797
vn -0.15014648 -0.70703125 -0.69091797
vn -0.69189453 -0.70703125 0.14575195
vn -0.69189453 -0.70703125 0.14575195
vn -0.69189453 -0.70703125 0.14575195
vn -0.69189453 -0.70703125 0.14575195
vn 0.15014648 -0.70703125 0.69091797
vn 0.15014648 -0.70703125 0.69091797
vn 0.15014648 -0.70703125 0.69091797
vn 0.15014648 -0.70703125 0.69091797
vn 0.20031738 0.02330017 0.9794922
vn 0.20031738 0.02330017 0.9794922
vn 0.20031738 0.02330017 0.9794922
vn 0.19909668 0.020507812 0.97998047
vn -0.9785156 0.0010547638 0.20568848
vn -0.9785156 0.0010547638 0.20568848
vn -0.9785156 0.0010547638 0.20568848
vn -0.9785156 0.00020098686 0.2052002
vn -0.20031738 -0.01259613 -0.9794922
vn -0.20031738 -0.01259613 -0.9794922
vn -0.20031738 -0.01259613 -0.9794922
vn -0.19909668 -0.015266418 -0.97998047
vn 0.9770508 0.054656982 -0.20581055
vn 0.9770508 0.054656982 -0.20581055
vn 0.9770508 0.054656982 -0.20581055
vn 0.9770508 0.054534912 -0.20581055
vn -0.63378906 0.013664246 0.7734375
vn -0.63378906 0.013664246 0.7734375
vn -0.63378906 0.013664246 0.7734375
vn -0.63378906 0.013656616 0.7734375
vn -0.7734375 -0.009689331 -0.63378906
vn -0.7734375 -0.009689331 -0.63378906
vn -0.7734375 -0.009689331 -0.63378906
vn -0.7734375 -0.009674072 -0.6333008
vn 0.6328125 0.03277588 -0.7734375
vn 0.6328125 0.03277588 -0.7734375
vn 0.6328125 0.03277588 -0.7734375
vn 0.6328125 0.032806396 -0.7734375
vn 0.75 -0.64453125 -0.14733887
vn 0.75 -0.64453125 -0.14733887
vn 0.75 -0.64453125 -0.14733887
vn 0.75 -0.64453125 -0.14733887
vn -0.15014648 -0.65625 -0.7392578
vn -0.15014648 -0.65625 -0.7392578
vn -0.15014648 -0.65625 -0.7392578
vn -0.15014648 -0.65625 -0.7392578
vn -0.74609375 -0.64453125 0.16638184
vn -0.74609375 -0.64453125 0.16638184
vn -0.74609375 -0.64453125 0.16638184
vn -0.74609375 -0.64453125 0.16638184
vn 0.15429688 -0.6333008 0.7583008
vn 0.15429688 -0.6333008 0.7583008
vn 0.15429688 -0.6333008 0.7583008
vn 0.15429688 -0.6333008 0.7583008
vn 0.2998047 0.022140503 0.9536133
vn 0.2998047 0.022140503 0.9536133
vn 0.2998047 0.022140503 0.9536133
vn 0.2993164 0.020523071 0.95410156
vn -0.94433594 0.0011320114 0.32861328
vn -0.94433594 0.0011320114 0.32861328
vn -0.94433594 0.0011320114 0.32861328
vn -0.9448242 0.00024938583 0.328125
vn -0.2998047 -0.01259613 -0.95410156
vn -0.2998047 -0.01259613 -0.95410156
vn -0.2998047 -0.01259613 -0.95410156
vn -0.2993164 -0.014152527 -0.95410156
vn 0.9428711 0.054595947 -0.32836914
vn 0.9428711 0.054595947 -0.32836914
vn 0.9428711 0.054595947 -0.32836914
vn 0.9428711 0.05444336 -0.32836914
vn -0.5332031 0.013664246 0.8457031
vn -0.5332031 0.013664246 0.8457031
vn -0.5332031 0.013664246 0.8457031
vn -0.5332031 0.013656616 0.8457031
vn -0.8457031 -0.009689331 -0.5332031
vn -0.8457031 -0.009689331 -0.5332031
vn -0.8457031 -0.009689331 -0.5332031
vn -0.8461914 -0.009674072 -0.5332031
vn 0.53271484 0.03277588 -0.8457031
vn 0.53271484 0.03277588 -0.8457031
vn 0.53271484 0.03277588 -0.8457031
vn 0.53271484 0.032806396 -0.8457031
vn 0.7246094 -0.64453125 -0.24377441
vn 0.7246094 -0.64453125 -0.24377441
vn 0.7246094 -0.64453125 -0.24377441
vn 0.7246094 -0.64453125 -0.24377441
vn -0.22558594 -0.65722656 -0.7192383
vn -0.22558594 -0.65722656 -0.7192383
vn -0.22558594 -0.65722656 -0.7192383
vn -0.22558594 -0.65722656 -0.7192383
vn -0.71972656 -0.64453125 0.25805664
vn -0.71972656 -0.64453125 0.25805664
vn -0.71972656 -0.64453125 0.25805664
vn -0.71972656 -0.64453125 0.25805664
vn 0.23156738 -0.63427734 0.73779297
vn 0.23156738 -0.63427734 0.73779297
vn 0.23156738 -0.63427734 0.73779297
vn 0.23156738 -0.63427734 0.73779297
vn 0.40698242 -1.1503696E-05 0.9135742
vn 0.40698242 -1.1503696E-05 0.9135742
vn 0.40698242 -1.1503696E-05 0.9135742
vn 0.40698242 -6.520748E-05 0.9135742
vn -0.3544922 -5.722046E-06 0.9350586
vn -0.3544922 -5.722046E-06 0.9350586
vn -0.3544922 -5.722046E-06 0.9350586
vn -0.35473633 -3.0398369E-06 0.9350586
vn 0.9145508 0.013679504 -0.40429688
vn 0.9145508 0.013679504 -0.40429688
vn 0.9145508 0.013679504 -0.40429688
vn 0.9145508 0.013694763 -0.40429688
vn -0.4074707 4.696846E-05 -0.91308594
vn -0.4074707 4.696846E-05 -0.91308594
vn -0.4074707 4.696846E-05 -0.91308594
vn -0.4074707 7.748604E-07 -0.91308594
vn -0.92041016 3.4570694E-06 0.39086914
vn -0.92041016 3.4570694E-06 0.39086914
vn -0.92041016 3.4570694E-06 0.39086914
vn -0.92041016 5.364418E-07 0.39086914
vn -0.9350586 1.7881393E-06 -0.3544922
vn -0.9350586 1.7881393E-06 -0.3544922
vn -0.9350586 1.7881393E-06 -0.3544922
vn -0.9350586 3.516674E-06 -0.3544922
vn -0.6508789 -0.70703125 0.2763672
vn -0.6508789 -0.70703125 0.2763672
vn -0.6508789 -0.70703125 0.2763672
vn -0.6508789 -0.70703125 0.2763672
vn -0.28808594 -0.70703125 -0.6455078
vn -0.28808594 -0.70703125 -0.6455078
vn -0.28808594 -0.70703125 -0.6455078
vn -0.28808594 -0.70703125 -0.6459961
vn -0.03390503 -0.006942749 0.9995117
vn -0.03390503 -0.006942749 0.9995117
vn -0.03390503 -0.006942749 0.9995117
vn -0.03390503 -0.0069236755 0.9995117
vn -0.9980469 -0.028533936 -0.051361084
vn -0.9980469 -0.028533936 -0.051361084
vn -0.9980469 -0.028533936 -0.051361084
vn -0.9980469 -0.02961731 -0.051574707
vn 0.03387451 0.02041626 -0.99902344
vn 0.03387451 0.02041626 -0.99902344
vn 0.03387451 0.02041626 -0.99902344
vn 0.033843994 0.020462036 -0.99902344
vn 0.9980469 0.029724121 0.051361084
vn 0.9980469 0.029724121 0.051361084
vn 0.9980469 0.029724121 0.051361084
vn 0.9980469 0.028625488 0.05154419
vn 0.027069092 -0.61035156 -0.7915039
vn 0.027069092 -0.61035156 -0.7915039
vn 0.027069092 -0.61035156 -0.7915039
vn 0.028625488 -0.5908203 -0.80615234
vn -0.6269531 -0.77783203 -0.04800415
vn -0.6269531 -0.77783203 -0.04800415
vn -0.6269531 -0.77783203 -0.04800415
vn -0.61035156 -0.79052734 -0.046173096
vn -0.016235352 -0.8359375 0.54833984
vn -0.016235352 -0.8359375 0.54833984
vn -0.016235352 -0.8359375 0.54833984
vn -0.017105103 -0.8305664 0.5566406
vn -0.029205322 0.0043029785 0.9995117
vn -0.029205322 0.0043029785 0.9995117
vn -0.029205322 0.0043029785 0.9995117
vn -0.029205322 0.0043029785 0.9995117
vn 0.9995117 -5.4597855E-05 0.034973145
vn 0.9995117 -5.4597855E-05 0.034973145
vn 0.9995117 -5.4597855E-05 0.034973145
vn 0.9995117 2.3841858E-07 0.035003662
vn 0.029205322 4.351139E-06 -0.9995117
vn 0.029205322 4.351139E-06 -0.9995117
vn 0.029205322 4.351139E-06 -0.9995117
vn 0.029205322 3.993511E-06 -0.9995117
vn -0.9995117 -1.7285347E-06 -0.034973145
vn -0.9995117 -1.7285347E-06 -0.034973145
vn -0.9995117 -1.7285347E-06 -0.034973145
vn -0.9995117 5.340576E-05 -0.035003662
vn 0.67285156 0.003042221 0.7397461
vn 0.67285156 0.003042221 0.7397461
vn 0.67285156 0.003042221 0.7397461
vn 0.67285156 0.003042221 0.7402344
vn 0.7402344 3.33786E-06 -0.6723633
vn 0.7402344 3.33786E-06 -0.6723633
vn 0.7402344 3.33786E-06 -0.6723633
vn 0.7402344 3.516674E-06 -0.6723633
vn -0.6723633 1.0728836E-06 -0.7402344
vn -0.6723633 1.0728836E-06 -0.7402344
vn -0.6723633 1.0728836E-06 -0.7402344
vn -0.6723633 1.9669533E-06 -0.7402344
vn -0.70654297 -0.70703125 -0.024749756
vn -0.70654297 -0.70703125 -0.024749756
vn -0.70654297 -0.70703125 -0.024749756
vn -0.70654297 -0.70703125 -0.024749756
vn 0.0206604 -0.70703125 -0.70703125
vn 0.0206604 -0.70703125 -0.70703125
vn 0.0206604 -0.70703125 -0.70703125
vn 0.0206604 -0.70703125 -0.70703125
vn 0.70654297 -0.70703125 0.024749756
vn 0.70654297 -0.70703125 0.024749756
vn 0.70654297 -0.70703125 0.024749756
vn 0.70654297 -0.70703125 0.024749756
vn -0.0206604 -0.70703125 0.70703125
vn -0.0206604 -0.70703125 0.70703125
vn -0.0206604 -0.70703125 0.70703125
vn -0.0206604 -0.70703125 0.70703125
vn -0.99853516 -1.847744E-06 -0.053375244
vn -0.99853516 -1.847744E-06 -0.053375244
vn -0.99853516 -1.847744E-06 -0.053375244
vn -0.99853516 -0.00010699034 -0.053344727
vn -0.7392578 0.010063171 0.67333984
vn -0.7392578 0.010063171 0.67333984
vn -0.7392578 0.010063171 0.67333984
vn -0.7392578 0.010063171 0.67333984
vn -0.67333984 2.3841858E-06 -0.7392578
vn -0.67333984 2.3841858E-06 -0.7392578
vn -0.67333984 2.3841858E-06 -0.7392578
vn -0.67333984 1.1920929E-07 -0.7392578
vn 0.04647827 3.874302E-06 -0.99902344
vn 0.04647827 3.874302E-06 -0.99902344
vn 0.04647827 3.874302E-06 -0.99902344
vn 0.04647827 6.020069E-06 -0.99902344
vn 0.7392578 1.9073486E-06 -0.67333984
vn 0.7392578 1.9073486E-06 -0.67333984
vn 0.7392578 1.9073486E-06 -0.67333984
vn 0.7392578 1.9073486E-06 -0.67333984
vn 0.025619507 -0.83447266 -0.55078125
vn 0.025619507 -0.83447266 -0.55078125
vn 0.025619507 -0.83447266 -0.55078125
vn 0.025619507 -0.83447266 -0.55078125
vn -0.014472961 0.025466919 0.9995117
vn -0.014472961 0.025466919 0.9995117
vn -0.014472961 0.025466919 0.9995117
vn -0.015777588 0.02166748 0.9995117
vn -0.99853516 0.00028276443 -0.050750732
vn -0.99853516 0.00028276443 -0.050750732
vn -0.99853516 0.00028276443 -0.050750732
vn -0.99853516 0.0002925396 -0.050750732
vn 0.050201416 -0.013290405 -0.99853516
vn 0.050201416 -0.013290405 -0.99853516
vn 0.050201416 -0.013290405 -0.99853516
vn 0.052215576 -0.019073486 -0.99853516
vn 0.99853516 0.013031006 0.050933838
vn 0.99853516 0.013031006 0.050933838
vn 0.99853516 0.013031006 0.050933838
vn 0.99853516 0.013336182 0.050842285
vn -0.7871094 0.014442444 0.6166992
vn -0.7871094 0.014442444 0.6166992
vn -0.7871094 0.014442444 0.6166992
vn -0.7871094 0.014427185 0.6166992
vn -0.58203125 -0.010231018 -0.8129883
vn -0.58203125 -0.010231018 -0.8129883
vn -0.58203125 -0.010231018 -0.8129883
vn -0.58203125 -0.010215759 -0.8129883
vn 0.81347656 -0.0016937256 -0.58203125
vn 0.81347656 -0.0016937256 -0.58203125
vn 0.81347656 -0.0016937256 -0.58203125
vn 0.81347656 -0.0016937256 -0.58203125
vn 0.76416016 -0.64404297 0.036865234
vn 0.76416016 -0.64404297 0.036865234
vn 0.76416016 -0.64404297 0.036865234
vn 0.7631836 -0.64501953 0.036712646
vn 0.03955078 -0.6557617 -0.75390625
vn 0.03955078 -0.6557617 -0.75390625
vn 0.03955078 -0.6557617 -0.75390625
vn 0.03955078 -0.6557617 -0.75390625
vn -0.76171875 -0.64697266 -0.040649414
vn -0.76171875 -0.64697266 -0.040649414
vn -0.76171875 -0.64697266 -0.040649414
vn -0.7631836 -0.64501953 -0.040802002
vn -0.012069702 -0.6333008 0.7739258
vn -0.012069702 -0.6333008 0.7739258
vn -0.012069702 -0.6333008 0.7739258
vn -0.012069702 -0.6333008 0.7739258
vn -0.11376953 0.03869629 0.9926758
vn -0.11376953 0.03869629 0.9926758
vn -0.11376953 0.03869629 0.9926758
vn -0.11376953 0.03869629 0.9926758
vn 0.9921875 0.0005502701 0.12561035
vn 0.9921875 0.0005502701 0.12561035
vn 0.9921875 0.0005502701 0.12561035
vn 0.9921875 0.00057315826 0.12561035
vn 0.11376953 -0.03475952 -0.9926758
vn 0.11376953 -0.03475952 -0.9926758
vn 0.11376953 -0.03475952 -0.9926758
vn 0.11376953 -0.03475952 -0.9926758
vn -0.9921875 -0.0005760193 -0.12561035
vn -0.9921875 -0.0005760193 -0.12561035
vn -0.9921875 -0.0005760193 -0.12561035
vn -0.9921875 -0.00055122375 -0.12561035
vn 0.60791016 0.027923584 0.79345703
vn 0.60791016 0.027923584 0.79345703
vn 0.60791016 0.027923584 0.79345703
vn 0.60791016 0.027923584 0.79345703
vn 0.7939453 -0.024032593 -0.6074219
vn 0.7939453 -0.024032593 -0.6074219
vn 0.7939453 -0.024032593 -0.6074219
vn 0.7939453 -0.024032593 -0.6074219
vn -0.60791016 -0.025131226 -0.79345703
vn -0.60791016 -0.025131226 -0.79345703
vn -0.60791016 -0.025131226 -0.79345703
vn -0.60791016 -0.025131226 -0.79345703
vn -0.70410156 -0.70703125 -0.06439209
vn -0.70410156 -0.70703125 -0.06439209
vn -0.70410156 -0.70703125 -0.06439209
vn -0.70410156 -0.70703125 -0.06439209
vn 0.08111572 -0.7314453 -0.6772461
vn 0.08111572 -0.7314453 -0.6772461
vn 0.08111572 -0.7314453 -0.6772461
vn 0.08111572 -0.7314453 -0.6772461
vn 0.69873047 -0.7060547 0.11328125
vn 0.69873047 -0.7060547 0.11328125
vn 0.69873047 -0.7060547 0.11328125
vn 0.69873047 -0.7060547 0.11328125
vn -0.07977295 -0.6821289 0.7270508
vn -0.07977295 -0.6821289 0.7270508
vn -0.07977295 -0.6821289 0.7270508
vn -0.07977295 -0.6821289 0.7270508
vn -0.056732178 0.018051147 0.9980469
vn -0.056732178 0.018051147 0.9980469
vn -0.056732178 0.018051147 0.9980469
vn -0.055877686 0.015449524 0.99853516
vn 0.99609375 0.0009832382 0.08642578
vn 0.99609375 0.0009832382 0.08642578
vn 0.99609375 0.0009832382 0.08642578
vn 0.99609375 0.00026369095 0.085998535
vn 0.056732178 -0.009513855 -0.99853516
vn 0.056732178 -0.009513855 -0.99853516
vn 0.056732178 -0.009513855 -0.99853516
vn 0.055877686 -0.012084961 -0.99853516
vn -0.99609375 0.008895874 -0.08648682
vn -0.99609375 0.008895874 -0.08648682
vn -0.99609375 0.008895874 -0.08648682
vn -0.99609375 0.008293152 -0.086120605
vn 0.73046875 0.010292053 0.6826172
vn 0.73046875 0.010292053 0.6826172
vn 0.73046875 0.010292053 0.6826172
vn 0.73046875 0.010284424 0.6826172
vn 0.68310547 -0.0073242188 -0.73046875
vn 0.68310547 -0.0073242188 -0.73046875
vn 0.68310547 -0.0073242188 -0.73046875
vn 0.68310547 -0.0073127747 -0.73046875
vn -0.73046875 -0.00063610077 -0.68310547
vn -0.73046875 -0.00063610077 -0.68310547
vn -0.73046875 -0.00063610077 -0.68310547
vn -0.73046875 -0.00063562393 -0.68310547
vn -0.7626953 -0.64404297 -0.05731201
vn -0.7626953 -0.64404297 -0.05731201
vn -0.7626953 -0.64404297 -0.05731201
vn -0.7626953 -0.64404297 -0.05731201
vn 0.042053223 -0.6567383 -0.7529297
vn 0.042053223 -0.6567383 -0.7529297
vn 0.042053223 -0.6567383 -0.7529297
vn 0.042053223 -0.6567383 -0.7529297
vn 0.76123047 -0.64404297 0.074279785
vn 0.76123047 -0.64404297 0.074279785
vn 0.76123047 -0.64404297 0.074279785
vn 0.76123047 -0.64404297 0.074279785
vn -0.04333496 -0.63378906 0.77197266
vn -0.04333496 -0.63378906 0.77197266
vn -0.04333496 -0.63378906 0.77197266
vn -0.04333496 -0.63378906 0.77197266
vn 0.21057129 -0.00013244152 -0.97753906
vn 0.21057129 -0.00013244152 -0.97753906
vn 0.21057129 -0.00013244152 -0.97753906
vn 0.21020508 -0.0008010864 -0.97753906
vn 0.98046875 -0.022537231 0.19470215
vn 0.98046875 -0.022537231 0.19470215
vn 0.98046875 -0.022537231 0.19470215
vn 0.98046875 -0.019134521 0.19616699
vn -0.9760742 0.025482178 -0.21533203
vn -0.9760742 0.025482178 -0.21533203
vn -0.9760742 0.025482178 -0.21533203
vn -0.9760742 0.027862549 -0.2163086
vn -0.15917969 -0.00028657913 0.9873047
vn -0.15917969 -0.00028657913 0.9873047
vn -0.15917969 -0.00028657913 0.9873047
vn -0.15979004 0.0010099411 0.9873047
vn 0.77441406 -0.019042969 0.6328125
vn 0.77441406 -0.019042969 0.6328125
vn 0.77441406 -0.019042969 0.6328125
vn 0.77441406 -0.019042969 0.6328125
vn -0.8286133 0.023361206 -0.55908203
vn -0.8286133 0.023361206 -0.55908203
vn -0.8286133 0.023361206 -0.55908203
vn -0.8286133 0.023345947 -0.55908203
vn -0.06866455 -0.87841797 0.4729004
vn -0.06866455 -0.87841797 0.4729004
vn -0.06866455 -0.87841797 0.4729004
vn -0.06866455 -0.87841797 0.4729004
vn -0.7348633 -0.6582031 -0.16479492
vn -0.7348633 -0.6582031 -0.16479492
vn -0.7348633 -0.6582031 -0.16479492
vn -0.73291016 -0.66015625 -0.16455078
vn 0.109436035 -0.875 -0.4716797
vn 0.109436035 -0.875 -0.4716797
vn 0.109436035 -0.875 -0.4716797
vn 0.109436035 -0.875 -0.4716797
vn 0.7504883 -0.64404297 0.14831543
vn 0.7504883 -0.64404297 0.14831543
vn 0.7504883 -0.64404297 0.14831543
vn 0.7519531 -0.6425781 0.14855957
vn 0.18737793 0.0013904572 0.9824219
vn 0.18737793 0.0013904572 0.9824219
vn 0.18737793 0.0013904572 0.9824219
vn 0.18737793 0.0013904572 0.9824219
vn 0.98046875 0.018341064 -0.19689941
vn 0.98046875 0.018341064 -0.19689941
vn 0.98046875 0.018341064 -0.19689941
vn 0.98046875 0.01838684 -0.19689941
vn -0.18737793 0.0033035278 -0.9824219
vn -0.18737793 0.0033035278 -0.9824219
vn -0.18737793 0.0033035278 -0.9824219
vn -0.18737793 0.0033016205 -0.9824219
vn -0.98046875 -0.01838684 0.19689941
vn -0.98046875 -0.01838684 0.19689941
vn -0.98046875 -0.01838684 0.19689941
vn -0.98046875 -0.018341064 0.19689941
vn 0.82666016 0.013946533 0.5625
vn 0.82666016 0.013946533 0.5625
vn 0.82666016 0.013946533 0.5625
vn 0.82666016 0.013954163 0.5625
vn 0.56152344 0.015304565 -0.82714844
vn 0.56152344 0.015304565 -0.82714844
vn 0.56152344 0.015304565 -0.82714844
vn 0.56152344 0.015312195 -0.82714844
vn -0.82666016 -0.010627747 -0.5629883
vn -0.82666016 -0.010627747 -0.5629883
vn -0.82666016 -0.010627747 -0.5629883
vn -0.82666016 -0.010627747 -0.5629883
vn -0.6899414 -0.7089844 0.14733887
vn -0.6899414 -0.7089844 0.14733887
vn -0.6899414 -0.7089844 0.14733887
vn -0.6899414 -0.7089844 0.14733887
vn -0.12548828 -0.73876953 -0.6621094
vn -0.12548828 -0.73876953 -0.6621094
vn -0.12548828 -0.73876953 -0.6621094
vn -0.12548828 -0.73876953 -0.6621094
vn 0.69628906 -0.7055664 -0.13085938
vn 0.69628906 -0.7055664 -0.13085938
vn 0.69628906 -0.7055664 -0.13085938
vn 0.69628906 -0.7055664 -0.13085938
vn 0.13916016 -0.6738281 0.72558594
vn 0.13916016 -0.6738281 0.72558594
vn 0.13916016 -0.6738281 0.72558594
vn 0.13916016 -0.6738281 0.72558594
vn -0.5966797 -0.7651367 -0.24072266
vn -0.5966797 -0.7651367 -0.24072266
vn -0.5966797 -0.7651367 -0.24072266
vn -0.5966797 -0.7651367 -0.24072266
vn 0.25390625 -0.7651367 -0.5913086
vn 0.25390625 -0.7651367 -0.5913086
vn 0.25390625 -0.7651367 -0.5913086
vn 0.2541504 -0.7651367 -0.5913086
vn 0.60253906 -0.7651367 0.22692871
vn 0.60253906 -0.7651367 0.22692871
vn 0.60253906 -0.7651367 0.22692871
vn 0.60253906 -0.7651367 0.22692871
vn -0.24829102 -0.7651367 0.59375
vn -0.24829102 -0.7651367 0.59375
vn -0.24829102 -0.7651367 0.59375
vn -0.24829102 -0.7651367 0.59375
vn -0.3857422 0.022399902 0.9223633
vn -0.3857422 0.022399902 0.9223633
vn -0.3857422 0.022399902 0.9223633
vn -0.3857422 0.022384644 0.9223633
vn 0.93603516 -0.0008878708 0.35229492
vn 0.93603516 -0.0008878708 0.35229492
vn 0.93603516 -0.0008878708 0.35229492
vn 0.93603516 0 0.35253906
vn 0.3947754 6.6161156E-06 -0.9189453
vn 0.3947754 6.6161156E-06 -0.9189453
vn 0.3947754 6.6161156E-06 -0.9189453
vn 0.3947754 -8.940697E-06 -0.9189453
vn -0.9272461 0 -0.37402344
vn -0.9272461 0 -0.37402344
vn -0.9272461 0 -0.37402344
vn -0.9272461 0.00033926964 -0.37402344
vn 0.3762207 0.015838623 0.92626953
vn 0.3762207 0.015838623 0.92626953
vn 0.3762207 0.015838623 0.92626953
vn 0.3762207 0.015853882 0.92626953
vn 0.9267578 0 -0.3762207
vn 0.9267578 0 -0.3762207
vn 0.9267578 0 -0.3762207
vn 0.9267578 -1.347065E-05 -0.3762207
vn -0.3762207 -9.059906E-06 -0.9267578
vn -0.3762207 -9.059906E-06 -0.9267578
vn -0.3762207 -9.059906E-06 -0.9267578
vn -0.3762207 0 -0.9267578
vn 0.87109375 0.34057617 -0.35375977
vn 0.87109375 0.34057617 -0.35375977
vn 0.87109375 0.34057617 -0.35375977
vn 0.87109375 0.34057617 -0.35375977
vn -0.6298828 -0.7651367 0.1315918
vn -0.6298828 -0.7651367 0.1315918
vn -0.6298828 -0.7651367 0.1315918
vn -0.6298828 -0.7651367 0.1315918
vn -0.11743164 -0.7651367 -0.6328125
vn -0.11743164 -0.7651367 -0.6328125
vn -0.11743164 -0.7651367 -0.6328125
vn -0.11743164 -0.7651367 -0.6328125
vn 0.6269531 -0.7651367 -0.14624023
vn 0.6269531 -0.7651367 -0.14624023
vn 0.6269531 -0.7651367 -0.14624023
vn 0.6269531 -0.7651367 -0.14624023
vn 0.12359619 -0.7651367 0.63183594
vn 0.12359619 -0.7651367 0.63183594
vn 0.12359619 -0.7651367 0.63183594
vn 0.12359619 -0.7651367 0.63183594
vn 0.1920166 0.022415161 0.98095703
vn 0.1920166 0.022415161 0.98095703
vn 0.1920166 0.022415161 0.98095703
vn 0.1920166 0.022384644 0.98095703
vn 0.9736328 -0.0008893013 -0.22717285
vn 0.9736328 -0.0008893013 -0.22717285
vn 0.9736328 -0.0008893013 -0.22717285
vn 0.9736328 0 -0.22705078
vn -0.18249512 1.1503696E-05 -0.98339844
vn -0.18249512 1.1503696E-05 -0.98339844
vn -0.18249512 1.1503696E-05 -0.98339844
vn -0.18249512 -1.3709068E-06 -0.98339844
vn -0.9790039 0 0.20458984
vn -0.9790039 0 0.20458984
vn -0.9790039 0 0.20458984
vn -0.9790039 0.00033521652 0.20446777
vn 0.8276367 0.015823364 0.56103516
vn 0.8276367 0.015823364 0.56103516
vn 0.8276367 0.015823364 0.56103516
vn 0.8276367 0.015853882 0.56103516
vn 0.56103516 0 -0.8276367
vn 0.56103516 0 -0.8276367
vn 0.56103516 0 -0.8276367
vn 0.56103516 -6.4373016E-06 -0.8276367
vn -0.8276367 -6.198883E-06 -0.56103516
vn -0.8276367 -6.198883E-06 -0.56103516
vn -0.8276367 -6.198883E-06 -0.56103516
vn -0.8276367 0 -0.56103516
vn 0.52783203 0.34057617 -0.7783203
vn 0.52783203 0.34057617 -0.7783203
vn 0.52783203 0.34057617 -0.7783203
vn 0.52783203 0.34057617 -0.7783203
vn 0.99902344 8.529425E-05 0.046783447
vn 0.99902344 8.529425E-05 0.046783447
vn 0.99902344 8.529425E-05 0.046783447
vn 0.99902344 0 0.046722412
vn -0.04626465 0.0036792755 0.99902344
vn -0.04626465 0.0036792755 0.99902344
vn -0.04626465 0.0036792755 0.99902344
vn -0.04626465 0.0036792755 0.99902344
vn 0.04626465 1.1920929E-07 -0.99902344
vn 0.04626465 1.1920929E-07 -0.99902344
vn 0.04626465 1.1920929E-07 -0.99902344
vn 0.04626465 1.1324883E-06 -0.99902344
vn -0.99902344 -4.5895576E-06 -0.046783447
vn -0.99902344 -4.5895576E-06 -0.046783447
vn -0.99902344 -4.5895576E-06 -0.046783447
vn -0.99902344 -8.9645386E-05 -0.046722412
vn -0.4794922 -0.8774414 -0.02243042
vn -0.4794922 -0.8774414 -0.02243042
vn -0.4794922 -0.8774414 -0.02243042
vn -0.4794922 -0.8774414 -0.02243042
vn 0.035064697 -0.65234375 -0.7573242
vn 0.035064697 -0.65234375 -0.7573242
vn 0.035064697 -0.65234375 -0.7573242
vn 0.035064697 -0.65234375 -0.7573242
vn 0.4794922 -0.8774414 0.02243042
vn 0.4794922 -0.8774414 0.02243042
vn 0.4794922 -0.8774414 0.02243042
vn 0.4794922 -0.8774414 0.02243042
vn -0.035064697 -0.65234375 0.7573242
vn -0.035064697 -0.65234375 0.7573242
vn -0.035064697 -0.65234375 0.7573242
vn -0.035064697 -0.65234375 0.7573242
vn -1 0.009468079 -0.0031261444
vn -1 0.009468079 -0.0031261444
vn -1 0.009468079 -0.0031261444
vn -1 0.009468079 -0.003124237
vn -0.02545166 0.00040316582 0.9995117
vn -0.02545166 0.00040316582 0.9995117
vn -0.02545166 0.00040316582 0.9995117
vn -0.025344849 -1.2516975E-06 0.9995117
vn 1 0 0.0031223297
vn 1 0 0.0031223297
vn 1 0 0.0031223297
vn 1 4.9471855E-06 0.003124237
vn 0.02545166 -7.56979E-06 -0.9995117
vn 0.02545166 -7.56979E-06 -0.9995117
vn 0.02545166 -7.56979E-06 -0.9995117
vn 0.025344849 -0.0004069805 -0.9995117
vn 0.7441406 2.026558E-06 -0.66845703
vn 0.7441406 2.026558E-06 -0.66845703
vn 0.7441406 2.026558E-06 -0.66845703
vn 0.7441406 -8.6426735E-06 -0.66845703
vn 0.51220703 -0.8588867 0.0015983582
vn 0.51220703 -0.8588867 0.0015983582
vn 0.51220703 -0.8588867 0.0015983582
vn 0.51220703 -0.8588867 0.0015993118
vn -0.4169922 -0.9086914 -0.0013027191
vn -0.4169922 -0.9086914 -0.0013027191
vn -0.4169922 -0.9086914 -0.0013027191
vn -0.4169922 -0.9086914 -0.0013055801
vn -1 0.013832092 -0.01499939
vn -1 0.013832092 -0.01499939
vn -1 0.013832092 -0.01499939
vn -1 0.013832092 -0.01499939
vn -0.024398804 0.0004825592 0.9995117
vn -0.024398804 0.0004825592 0.9995117
vn -0.024398804 0.0004825592 0.9995117
vn -0.024261475 0 0.9995117
vn 1 0 0.01499939
vn 1 0 0.01499939
vn 1 0 0.01499939
vn 1 8.34465E-06 0.01499939
vn 0.024398804 -1.1205673E-05 -0.9995117
vn 0.024398804 -1.1205673E-05 -0.9995117
vn 0.024398804 -1.1205673E-05 -0.9995117
vn 0.024261475 -0.00048446655 -0.9995117
vn -0.7480469 0.010444641 0.6635742
vn -0.7480469 0.010444641 0.6635742
vn -0.7480469 0.010444641 0.6635742
vn -0.7480469 0.010444641 0.6635742
vn 0.7597656 0 0.6503906
vn 0.7597656 0 0.6503906
vn 0.7597656 0 0.6503906
vn 0.7597656 2.3841858E-06 0.6503906
vn 0.7480469 2.5629997E-06 -0.6635742
vn 0.7480469 2.5629997E-06 -0.6635742
vn 0.7480469 2.5629997E-06 -0.6635742
vn 0.7480469 -1.2814999E-05 -0.6635742
vn 0.78271484 -0.6225586 0.011741638
vn 0.78271484 -0.6225586 0.011741638
vn 0.78271484 -0.6225586 0.011741638
vn 0.78271484 -0.6225586 0.011741638
vn -0.6953125 -0.71875 -0.010429382
vn -0.6953125 -0.71875 -0.010429382
vn -0.6953125 -0.71875 -0.010429382
vn -0.6953125 -0.71875 -0.010437012
vn -0.9970703 0.00623703 -0.07543945
vn -0.9970703 0.00623703 -0.07543945
vn -0.9970703 0.00623703 -0.07543945
vn -0.9970703 0.00623703 -0.07543945
vn -0.074279785 0.000118911266 0.9970703
vn -0.074279785 0.000118911266 0.9970703
vn -0.074279785 0.000118911266 0.9970703
vn -0.07421875 0 0.9970703
vn 0.9970703 -3.2186508E-06 0.07543945
vn 0.9970703 -3.2186508E-06 0.07543945
vn 0.9970703 -3.2186508E-06 0.07543945
vn 0.9970703 3.2186508E-06 0.07543945
vn -0.79052734 0.004711151 0.61279297
vn -0.79052734 0.004711151 0.61279297
vn -0.79052734 0.004711151 0.61279297
vn -0.79003906 0.004711151 0.61279297
vn 0.79052734 2.5629997E-06 -0.61279297
vn 0.79052734 2.5629997E-06 -0.61279297
vn 0.79052734 2.5629997E-06 -0.61279297
vn 0.79052734 -6.556511E-06 -0.61279297
vn 0.5107422 -0.8588867 0.03866577
vn 0.5107422 -0.8588867 0.03866577
vn 0.5107422 -0.8588867 0.03866577
vn 0.5107422 -0.8588867 0.03866577
vn -0.41577148 -0.9086914 -0.031463623
vn -0.41577148 -0.9086914 -0.031463623
vn -0.41577148 -0.9086914 -0.031463623
vn -0.41577148 -0.9086914 -0.031463623
vn -0.9995117 0.012397766 -0.022109985
vn -0.9995117 0.012397766 -0.022109985
vn -0.9995117 0.012397766 -0.022109985
vn -0.9995117 0.012397766 -0.022109985
vn -0.06677246 0.00080633163 0.9975586
vn -0.06677246 0.00080633163 0.9975586
vn -0.06677246 0.00080633163 0.9975586
vn -0.06652832 0 0.9975586
vn 0.9995117 0 0.022109985
vn 0.9995117 0 0.022109985
vn 0.9995117 0 0.022109985
vn 0.9995117 1.1920929E-07 0.022109985
vn 0.06677246 -1.0311604E-05 -0.9975586
vn 0.06677246 -1.0311604E-05 -0.9975586
vn 0.06677246 -1.0311604E-05 -0.9975586
vn 0.06652832 -0.00080919266 -0.9975586
vn -0.75634766 0.009361267 0.6538086
vn -0.75634766 0.009361267 0.6538086
vn -0.75634766 0.009361267 0.6538086
vn -0.75634766 0.0093688965 0.6538086
vn 0.75146484 0 0.65966797
vn 0.75146484 0 0.65966797
vn 0.75146484 0 0.65966797
vn 0.75146484 2.1457672E-06 0.65966797
vn 0.75634766 -4.2915344E-06 -0.6538086
vn 0.75634766 -4.2915344E-06 -0.6538086
vn 0.75634766 -4.2915344E-06 -0.6538086
vn 0.75634766 -1.1444092E-05 -0.6542969
vn 0.79589844 -0.60498047 0.017608643
vn 0.79589844 -0.60498047 0.017608643
vn 0.79589844 -0.60498047 0.017608643
vn 0.79589844 -0.60498047 0.017608643
vn -0.7114258 -0.7026367 -0.015731812
vn -0.7114258 -0.7026367 -0.015731812
vn -0.7114258 -0.7026367 -0.015731812
vn -0.7114258 -0.7026367 -0.01574707
vn 0.99902344 -0.00031113625 0.040740967
vn 0.99902344 -0.00031113625 0.040740967
vn 0.99902344 -0.00031113625 0.040740967
vn 0.99902344 0 0.040771484
vn -0.035949707 0.0052452087 0.9995117
vn -0.035949707 0.0052452087 0.9995117
vn -0.035949707 0.0052452087 0.9995117
vn -0.035949707 0.0052452087 0.9995117
vn 0.035949707 -1.4901161E-06 -0.9995117
vn 0.035949707 -1.4901161E-06 -0.9995117
vn 0.035949707 -1.4901161E-06 -0.9995117
vn 0.035949707 0 -0.9995117
vn -0.99902344 -7.2717667E-06 -0.040740967
vn -0.99902344 -7.2717667E-06 -0.040740967
vn -0.99902344 -7.2717667E-06 -0.040740967
vn -0.99902344 0.00030469894 -0.040771484
vn -0.4819336 -0.87597656 -0.01966858
vn -0.4819336 -0.87597656 -0.01966858
vn -0.4819336 -0.87597656 -0.01966858
vn -0.4819336 -0.87597656 -0.01966858
vn 0.027282715 -0.6513672 -0.7583008
vn 0.027282715 -0.6513672 -0.7583008
vn 0.027282715 -0.6513672 -0.7583008
vn 0.027282715 -0.6513672 -0.7583008
vn 0.4819336 -0.87597656 0.01966858
vn 0.4819336 -0.87597656 0.01966858
vn 0.4819336 -0.87597656 0.01966858
vn 0.4819336 -0.87597656 0.01966858
vn -0.027282715 -0.6513672 0.7583008
vn -0.027282715 -0.6513672 0.7583008
vn -0.027282715 -0.6513672 0.7583008
vn -0.027282715 -0.6513672 0.7583008
vn 0.0042037964 -1 0.0073051453
vn 0.0042037964 -1 0.0073051453
vn 0.0042037964 -1 0.0073051453
vn 0.0042037964 -1 0.0073051453
vn -4.172325E-07 -1 -9.536743E-07
vn -4.172325E-07 -1 -9.536743E-07
vn -4.172325E-07 -1 -9.536743E-07
vn -8.34465E-07 -1 -1.1920929E-06
vn -0 -1 -1.4901161E-06
vn -0 -1 -1.4901161E-06
vn -0 -1 -1.4901161E-06
vn -0 -1 -1.4901161E-06
vn 4.7683716E-07 -1 -2.026558E-06
vn 4.7683716E-07 -1 -2.026558E-06
vn 4.7683716E-07 -1 -2.026558E-06
vn 4.7683716E-07 -1 -2.026558E-06
vn 0.003271103 -1 0.01474762
vn 0.003271103 -1 0.01474762
vn 0.003271103 -1 0.01474762
vn 0.0032672882 -1 0.014755249
vn 0.0036849976 -1 0.011184692
vn 0.0036849976 -1 0.011184692
vn 0.0036849976 -1 0.011184692
vn 0.0036830902 -1 0.011192322
vn -7.1525574E-07 -1 2.9802322E-07
vn -7.1525574E-07 -1 2.9802322E-07
vn -7.1525574E-07 -1 2.9802322E-07
vn -7.1525574E-07 -1 2.9802322E-07
vn 0.0020523071 -1 -0.018981934
vn 0.0020523071 -1 -0.018981934
vn 0.0020523071 -1 -0.018981934
vn 0.0005040169 -1 -0.017456055
vn -1.7881393E-07 -1 -2.3245811E-06
vn -1.7881393E-07 -1 -2.3245811E-06
vn -1.7881393E-07 -1 -2.3245811E-06
vn 1.7881393E-07 -1 -2.1457672E-06
vn -0 -1 -1.4305115E-06
vn -0 -1 -1.4305115E-06
vn -0 -1 -1.4305115E-06
vn -0 -1 -1.4305115E-06
vn 0.00027155876 -1 -0.00315094
vn 0.00027155876 -1 -0.00315094
vn 0.00027155876 -1 -0.00315094
vn 0.00038862228 -1 -0.0032348633
vn 0.000954628 -0.9995117 0.03515625
vn 0.000954628 -0.9995117 0.03515625
vn 0.000954628 -0.9995117 0.03515625
vn 0.000954628 -0.9995117 0.03515625
vn -0.00088596344 -1 0.013191223
vn -0.00088596344 -1 0.013191223
vn -0.00088596344 -1 0.013191223
vn -0.0008854866 -1 0.013191223
vn 0.009437561 -1 -0.0012359619
vn 0.009437561 -1 -0.0012359619
vn 0.009437561 -1 -0.0012359619
vn 0.009132385 -1 -0.0010519028
vn 0.003370285 -1 0.0119018555
vn 0.003370285 -1 0.0119018555
vn 0.003370285 -1 0.0119018555
vn 0.003370285 -1 0.011894226
vn 1.7881393E-06 -1 -1.847744E-06
vn 1.7881393E-06 -1 -1.847744E-06
vn 1.7881393E-06 -1 -1.847744E-06
vn 1.2516975E-06 -1 -3.0994415E-06
vn 2.9802322E-07 -1 -2.5629997E-06
vn 2.9802322E-07 -1 -2.5629997E-06
vn 2.9802322E-07 -1 -2.5629997E-06
vn -7.748604E-07 -1 -3.2782555E-06
vn -5.9604645E-07 -1 -2.2053719E-06
vn -5.9604645E-07 -1 -2.2053719E-06
vn -5.9604645E-07 -1 -2.2053719E-06
vn -3.5762787E-07 -1 -2.026558E-06
vn -0.0020599365 -1 -6.914139E-06
vn -0.0020599365 -1 -6.914139E-06
vn -0.0020599365 -1 -6.914139E-06
vn -0.0020599365 -1 -6.67572E-06
vn -0.0064926147 -1 -9.787083E-05
vn -0.0064926147 -1 -9.787083E-05
vn -0.0064926147 -1 -9.787083E-05
vn -0.0064926147 -1 -9.697676E-05
vn -0.0033569336 -1 -0.00025510788
vn -0.0033569336 -1 -0.00025510788
vn -0.0033569336 -1 -0.00025510788
vn -0.0033569336 -1 -0.00025463104
vn -0.006832123 -1 -0.0001527071
vn -0.006832123 -1 -0.0001527071
vn -0.006832123 -1 -0.0001527071
vn -0.006832123 -1 -0.00015175343
vn -2.3841858E-07 -1 -8.34465E-07
vn -2.3841858E-07 -1 -8.34465E-07
vn -2.3841858E-07 -1 -8.34465E-07
vn -0 -1 -6.556511E-07
vn -0.0042037964 1 -0.0073127747
vn -0.0042037964 1 -0.0073127747
vn -0.0042037964 1 -0.0073127747
vn -0.0042037964 1 -0.0073127747
vn 1.1920929E-07 1 2.682209E-06
vn 1.1920929E-07 1 2.682209E-06
vn 1.1920929E-07 1 2.682209E-06
vn -1.1920929E-07 1 2.5629997E-06
vn -0 1 1.5497208E-06
vn -0 1 1.5497208E-06
vn -0 1 1.5497208E-06
vn -0 1 1.3709068E-06
vn 2.9802322E-07 1 2.4437904E-06
vn 2.9802322E-07 1 2.4437904E-06
vn 2.9802322E-07 1 2.4437904E-06
vn -0 1 2.861023E-06
vn 0.0011968613 1 0.005970001
vn 0.0011968613 1 0.005970001
vn 0.0011968613 1 0.005970001
vn 0.005508423 1 -0.0029449463
vn 0.0013837814 1 0.004459381
vn 0.0013837814 1 0.004459381
vn 0.0013837814 1 0.004459381
vn 0.0030708313 1 -0.0024795532
vn 1.3709068E-06 1 -2.9802322E-07
vn 1.3709068E-06 1 -2.9802322E-07
vn 1.3709068E-06 1 -2.9802322E-07
vn 1.3113022E-06 1 0
vn -0.0016899109 1 0.015731812
vn -0.0016899109 1 0.015731812
vn -0.0016899109 1 0.015731812
vn -0.0016918182 1 0.015731812
vn -1.7881393E-07 1 1.7881393E-06
vn -1.7881393E-07 1 1.7881393E-06
vn -1.7881393E-07 1 1.7881393E-06
vn -2.9802322E-07 1 1.7285347E-06
vn -0 1 1.3113022E-06
vn -0 1 1.3113022E-06
vn -0 1 1.3113022E-06
vn -0 1 1.3113022E-06
vn -0.0007529259 1 0.01474762
vn -0.0007529259 1 0.01474762
vn -0.0007529259 1 0.01474762
vn 0.0047035217 1 0.0107421875
vn -0.0011281967 0.9995117 -0.035186768
vn -0.0011281967 0.9995117 -0.035186768
vn -0.0011281967 0.9995117 -0.035186768
vn -0.0011281967 0.9995117 -0.035186768
vn -0.00028514862 1 0.0052719116
vn -0.00028514862 1 0.0052719116
vn -0.00028514862 1 0.0052719116
vn -0.003118515 1 -0.001783371
vn -0.0026683807 1 -0.00014603138
vn -0.0026683807 1 -0.00014603138
vn -0.0026683807 1 -0.00014603138
vn -0.0011177063 1 -0.001086235
vn -0.003227234 1 -0.011329651
vn -0.003227234 1 -0.011329651
vn -0.003227234 1 -0.011329651
vn -0.003227234 1 -0.011329651
vn -1.6093254E-06 1 3.0398369E-06
vn -1.6093254E-06 1 3.0398369E-06
vn -1.6093254E-06 1 3.0398369E-06
vn -2.0861626E-06 1 1.7881393E-06
vn 4.7683716E-07 1 3.4570694E-06
vn 4.7683716E-07 1 3.4570694E-06
vn 4.7683716E-07 1 3.4570694E-06
vn -6.556511E-07 1 2.7418137E-06
vn -0 1 1.847744E-06
vn -0 1 1.847744E-06
vn -0 1 1.847744E-06
vn -0 1 1.7881393E-06
vn -3.5762787E-07 1 1.3709068E-06
vn -3.5762787E-07 1 1.3709068E-06
vn -3.5762787E-07 1 1.3709068E-06
vn -1.4901161E-06 1 3.2186508E-06
vn -4.172325E-07 1 1.9073486E-06
vn -4.172325E-07 1 1.9073486E-06
vn -4.172325E-07 1 1.9073486E-06
vn -2.1457672E-06 1 4.6491623E-06
vn -6.556511E-07 1 1.6093254E-06
vn -6.556511E-07 1 1.6093254E-06
vn -6.556511E-07 1 1.6093254E-06
vn -2.682209E-06 1 3.3974648E-06
vn -4.172325E-07 1 1.3709068E-06
vn -4.172325E-07 1 1.3709068E-06
vn -4.172325E-07 1 1.3709068E-06
vn -2.2053719E-06 1 3.2186508E-06
vn -0.004459381 1 -0.0036010742
vn -0.004459381 1 -0.0036010742
vn -0.004459381 1 -0.0036010742
vn -0 1 5.364418E-07
g A003_BF02_0
f 3/3/3 2/2/2 1/1/1
f 6/6/6 5/5/5 4/4/4
f 9/9/9 8/8/8 7/7/7
f 12/12/12 11/11/11 10/10/10
f 15/15/15 14/14/14 13/13/13
f 18/18/18 17/17/17 16/16/16
f 21/21/21 20/20/20 19/19/19
f 24/24/24 23/23/23 22/22/22
f 27/27/27 26/26/26 25/25/25
f 30/30/30 29/29/29 28/28/28
f 33/33/33 32/32/32 31/31/31
f 36/36/36 35/35/35 34/34/34
f 39/39/39 38/38/38 37/37/37
f 42/42/42 41/41/41 40/40/40
f 45/45/45 44/44/44 43/43/43
f 48/48/48 47/47/47 46/46/46
f 51/51/51 50/50/50 49/49/49
f 54/54/54 53/53/53 52/52/52
f 57/57/57 56/56/56 55/55/55
f 60/60/60 59/59/59 58/58/58
f 63/63/63 62/62/62 61/61/61
f 66/66/66 65/65/65 64/64/64
f 69/69/69 68/68/68 67/67/67
f 72/72/72 71/71/71 70/70/70
f 75/75/75 74/74/74 73/73/73
f 78/78/78 77/77/77 76/76/76
f 81/81/81 80/80/80 79/79/79
f 84/84/84 83/83/83 82/82/82
f 87/87/87 86/86/86 85/85/85
f 90/90/90 89/89/89 88/88/88
f 93/93/93 92/92/92 91/91/91
f 96/96/96 95/95/95 94/94/94
f 99/99/99 98/98/98 97/97/97
f 102/102/102 101/101/101 100/100/100
f 105/105/105 104/104/104 103/103/103
f 108/108/108 107/107/107 106/106/106
f 111/111/111 110/110/110 109/109/109
f 114/114/114 113/113/113 112/112/112
f 117/117/117 116/116/116 115/115/115
f 120/120/120 119/119/119 118/118/118
f 123/123/123 122/122/122 121/121/121
f 126/126/126 125/125/125 124/124/124
f 129/129/129 128/128/128 127/127/127
f 132/132/132 131/131/131 130/130/130
f 135/135/135 134/134/134 133/133/133
f 138/138/138 137/137/137 136/136/136
f 141/141/141 140/140/140 139/139/139
f 144/144/144 143/143/143 142/142/142
f 147/147/147 146/146/146 145/145/145
f 150/150/150 149/149/149 148/148/148
f 153/153/153 152/152/152 151/151/151
f 156/156/156 155/155/155 154/154/154
f 159/159/159 158/158/158 157/157/157
f 162/162/162 161/161/161 160/160/160
f 165/165/165 164/164/164 163/163/163
f 168/168/168 167/167/167 166/166/166
f 171/171/171 170/170/170 169/169/169
f 174/174/174 173/173/173 172/172/172
f 177/177/177 176/176/176 175/175/175
f 180/180/180 179/179/179 178/178/178
f 183/183/183 182/182/182 181/181/181
f 186/186/186 185/185/185 184/184/184
f 189/189/189 188/188/188 187/187/187
f 192/192/192 191/191/191 190/190/190
f 195/195/195 194/194/194 193/193/193
f 198/198/198 197/197/197 196/196/196
f 201/201/201 200/200/200 199/199/199
f 204/204/204 203/203/203 202/202/202
f 207/207/207 206/206/206 205/205/205
f 210/210/210 209/209/209 208/208/208
f 213/213/213 212/212/212 211/211/211
f 216/216/216 215/215/215 214/214/214
f 219/219/219 218/218/218 217/217/217
f 222/222/222 221/221/221 220/220/220
f 225/225/225 224/224/224 223/223/223
f 228/228/228 227/227/227 226/226/226
f 231/231/231 230/230/230 229/229/229
f 234/234/234 233/233/233 232/232/232
f 237/237/237 236/236/236 235/235/235
f 240/240/240 239/239/239 238/238/238
f 243/243/243 242/242/242 241/241/241
f 246/246/246 245/245/245 244/244/244
f 249/249/249 248/248/248 247/247/247
f 252/252/252 251/251/251 250/250/250
f 255/255/255 254/254/254 253/253/253
f 258/258/258 257/257/257 256/256/256
f 261/261/261 260/260/260 259/259/259
f 264/264/264 263/263/263 262/262/262
f 267/267/267 266/266/266 265/265/265
f 270/270/270 269/269/269 268/268/268
f 273/273/273 272/272/272 271/271/271
f 276/276/276 275/275/275 274/274/274
f 279/279/279 278/278/278 277/277/277
f 282/282/282 281/281/281 280/280/280
f 285/285/285 284/284/284 283/283/283
f 288/288/288 287/287/287 286/286/286
f 291/291/291 290/290/290 289/289/289
f 294/294/294 293/293/293 292/292/292
f 297/297/297 296/296/296 295/295/295
f 300/300/300 299/299/299 298/298/298
f 303/303/303 302/302/302 301/301/301
f 306/306/306 305/305/305 304/304/304
f 309/309/309 308/308/308 307/307/307
f 312/312/312 311/311/311 310/310/310
f 315/315/315 314/314/314 313/313/313
f 318/318/318 317/317/317 316/316/316
f 321/321/321 320/320/320 319/319/319
f 324/324/324 323/323/323 322/322/322
f 327/327/327 326/326/326 325/325/325
f 330/330/330 329/329/329 328/328/328
f 333/333/333 332/332/332 331/331/331
f 336/336/336 335/335/335 334/334/334
f 339/339/339 338/338/338 337/337/337
f 342/342/342 341/341/341 340/340/340
f 345/345/345 344/344/344 343/343/343
f 348/348/348 347/347/347 346/346/346
f 351/351/351 350/350/350 349/349/349
f 354/354/354 353/353/353 352/352/352
f 357/357/357 356/356/356 355/355/355
f 360/360/360 359/359/359 358/358/358
f 363/363/363 362/362/362 361/361/361
f 366/366/366 365/365/365 364/364/364
f 369/369/369 368/368/368 367/367/367
f 372/372/372 371/371/371 370/370/370
f 375/375/375 374/374/374 373/373/373
f 378/378/378 377/377/377 376/376/376
f 381/381/381 380/380/380 379/379/379
f 384/384/384 383/383/383 382/382/382
f 387/387/387 386/386/386 385/385/385
f 390/390/390 389/389/389 388/388/388
f 393/393/393 392/392/392 391/391/391
f 396/396/396 395/395/395 394/394/394
f 399/399/399 398/398/398 397/397/397
f 402/402/402 401/401/401 400/400/400
f 405/405/405 404/404/404 403/403/403
f 408/408/408 407/407/407 406/406/406
f 411/411/411 410/410/410 409/409/409
f 414/414/414 413/413/413 412/412/412
f 417/417/417 416/416/416 415/415/415
f 420/420/420 419/419/419 418/418/418
f 423/423/423 422/422/422 421/421/421
f 426/426/426 425/425/425 424/424/424
f 429/429/429 428/428/428 427/427/427
f 432/432/432 431/431/431 430/430/430
f 435/435/435 434/434/434 433/433/433
f 438/438/438 437/437/437 436/436/436
f 441/441/441 440/440/440 439/439/439
f 444/444/444 443/443/443 442/442/442
f 447/447/447 446/446/446 445/445/445
f 450/450/450 449/449/449 448/448/448
f 453/453/453 452/452/452 451/451/451
f 456/456/456 455/455/455 454/454/454
f 459/459/459 458/458/458 457/457/457
f 462/462/462 461/461/461 460/460/460
f 465/465/465 464/464/464 463/463/463
f 468/468/468 467/467/467 466/466/466
f 471/471/471 470/470/470 469/469/469
f 474/474/474 473/473/473 472/472/472
f 477/477/477 476/476/476 475/475/475
f 480/480/480 479/479/479 478/478/478
f 483/483/483 482/482/482 481/481/481
f 486/486/486 485/485/485 484/484/484
f 489/489/489 488/488/488 487/487/487
f 492/492/492 491/491/491 490/490/490
f 495/495/495 494/494/494 493/493/493
f 498/498/498 497/497/497 496/496/496
f 501/501/501 500/500/500 499/499/499
f 504/504/504 503/503/503 502/502/502
f 507/507/507 506/506/506 505/505/505
f 510/510/510 509/509/509 508/508/508
f 513/513/513 512/512/512 511/511/511
f 516/516/516 515/515/515 514/514/514
f 519/519/519 518/518/518 517/517/517
f 522/522/522 521/521/521 520/520/520
f 521/521/521 522/522/522 523/523/523
f 526/526/526 525/525/525 524/524/524
f 525/525/525 526/526/526 527/527/527
f 530/530/530 529/529/529 528/528/528
f 529/529/529 530/530/530 531/531/531
f 534/534/534 533/533/533 532/532/532
f 533/533/533 534/534/534 535/535/535
f 538/538/538 537/537/537 536/536/536
f 537/537/537 538/538/538 539/539/539
f 542/542/542 541/541/541 540/540/540
f 541/541/541 542/542/542 543/543/543
f 546/546/546 545/545/545 544/544/544
f 545/545/545 546/546/546 547/547/547
f 550/550/550 549/549/549 548/548/548
f 549/549/549 550/550/550 551/551/551
f 554/554/554 553/553/553 552/552/552
f 553/553/553 554/554/554 555/555/555
f 558/558/558 557/557/557 556/556/556
f 557/557/557 558/558/558 559/559/559
f 562/562/562 561/561/561 560/560/560
f 561/561/561 562/562/562 563/563/563
f 566/566/566 565/565/565 564/564/564
f 565/565/565 566/566/566 567/567/567
f 570/570/570 569/569/569 568/568/568
f 569/569/569 570/570/570 571/571/571
f 574/574/574 573/573/573 572/572/572
f 573/573/573 574/574/574 575/575/575
f 578/578/578 577/577/577 576/576/576
f 577/577/577 578/578/578 579/579/579
f 582/582/582 581/581/581 580/580/580
f 581/581/581 582/582/582 583/583/583
f 586/586/586 585/585/585 584/584/584
f 585/585/585 586/586/586 587/587/587
f 590/590/590 589/589/589 588/588/588
f 589/589/589 590/590/590 591/591/591
f 594/594/594 593/593/593 592/592/592
f 593/593/593 594/594/594 595/595/595
f 598/598/598 597/597/597 596/596/596
f 597/597/597 598/598/598 599/599/599
f 602/602/602 601/601/601 600/600/600
f 601/601/601 602/602/602 603/603/603
f 606/606/606 605/605/605 604/604/604
f 605/605/605 606/606/606 607/607/607
f 610/610/610 609/609/609 608/608/608
f 609/609/609 610/610/610 611/611/611
f 614/614/614 613/613/613 612/612/612
f 613/613/613 614/614/614 615/615/615
f 618/618/618 617/617/617 616/616/616
f 617/617/617 618/618/618 619/619/619
f 622/622/622 621/621/621 620/620/620
f 621/621/621 622/622/622 623/623/623
f 626/626/626 625/625/625 624/624/624
f 625/625/625 626/626/626 627/627/627
f 630/630/630 629/629/629 628/628/628
f 629/629/629 630/630/630 631/631/631
f 634/634/634 633/633/633 632/632/632
f 633/633/633 634/634/634 635/635/635
f 638/638/638 637/637/637 636/636/636
f 637/637/637 638/638/638 639/639/639
f 642/642/642 641/641/641 640/640/640
f 641/641/641 642/642/642 643/643/643
f 646/646/646 645/645/645 644/644/644
f 645/645/645 646/646/646 647/647/647
f 650/650/650 649/649/649 648/648/648
f 649/649/649 650/650/650 651/651/651
f 654/654/654 653/653/653 652/652/652
f 653/653/653 654/654/654 655/655/655
f 658/658/658 657/657/657 656/656/656
f 657/657/657 658/658/658 659/659/659
f 662/662/662 661/661/661 660/660/660
f 661/661/661 662/662/662 663/663/663
f 666/666/666 665/665/665 664/664/664
f 665/665/665 666/666/666 667/667/667
f 670/670/670 669/669/669 668/668/668
f 669/669/669 670/670/670 671/671/671
f 674/674/674 673/673/673 672/672/672
f 673/673/673 674/674/674 675/675/675
f 678/678/678 677/677/677 676/676/676
f 677/677/677 678/678/678 679/679/679
f 682/682/682 681/681/681 680/680/680
f 681/681/681 682/682/682 683/683/683
f 686/686/686 685/685/685 684/684/684
f 685/685/685 686/686/686 687/687/687
f 690/690/690 689/689/689 688/688/688
f 689/689/689 690/690/690 691/691/691
f 694/694/694 693/693/693 692/692/692
f 693/693/693 694/694/694 695/695/695
f 698/698/698 697/697/697 696/696/696
f 697/697/697 698/698/698 699/699/699
f 702/702/702 701/701/701 700/700/700
f 701/701/701 702/702/702 703/703/703
f 706/706/706 705/705/705 704/704/704
f 705/705/705 706/706/706 707/707/707
f 710/710/710 709/709/709 708/708/708
f 709/709/709 710/710/710 711/711/711
f 714/714/714 713/713/713 712/712/712
f 713/713/713 714/714/714 715/715/715
f 718/718/718 717/717/717 716/716/716
f 717/717/717 718/718/718 719/719/719
f 722/722/722 721/721/721 720/720/720
f 721/721/721 722/722/722 723/723/723
f 726/726/726 725/725/725 724/724/724
f 725/725/725 726/726/726 727/727/727
f 730/730/730 729/729/729 728/728/728
f 729/729/729 730/730/730 731/731/731
f 734/734/734 733/733/733 732/732/732
f 733/733/733 734/734/734 735/735/735
f 738/738/738 737/737/737 736/736/736
f 737/737/737 738/738/738 739/739/739
f 742/742/742 741/741/741 740/740/740
f 741/741/741 742/742/742 743/743/743
f 746/746/746 745/745/745 744/744/744
f 745/745/745 746/746/746 747/747/747
f 750/750/750 749/749/749 748/748/748
f 749/749/749 750/750/750 751/751/751
f 754/754/754 753/753/753 752/752/752
f 753/753/753 754/754/754 755/755/755
f 758/758/758 757/757/757 756/756/756
f 757/757/757 758/758/758 759/759/759
f 762/762/762 761/761/761 760/760/760
f 761/761/761 762/762/762 763/763/763
f 766/766/766 765/765/765 764/764/764
f 765/765/765 766/766/766 767/767/767
f 770/770/770 769/769/769 768/768/768
f 769/769/769 770/770/770 771/771/771
f 774/774/774 773/773/773 772/772/772
f 773/773/773 774/774/774 775/775/775
f 778/778/778 777/777/777 776/776/776
f 777/777/777 778/778/778 779/779/779
f 782/782/782 781/781/781 780/780/780
f 781/781/781 782/782/782 783/783/783
f 786/786/786 785/785/785 784/784/784
f 785/785/785 786/786/786 787/787/787
f 790/790/790 789/789/789 788/788/788
f 789/789/789 790/790/790 791/791/791
f 794/794/794 793/793/793 792/792/792
f 793/793/793 794/794/794 795/795/795
f 798/798/798 797/797/797 796/796/796
f 797/797/797 798/798/798 799/799/799
f 802/802/802 801/801/801 800/800/800
f 801/801/801 802/802/802 803/803/803
f 806/806/806 805/805/805 804/804/804
f 805/805/805 806/806/806 807/807/807
f 810/810/810 809/809/809 808/808/808
f 809/809/809 810/810/810 811/811/811
f 814/814/814 813/813/813 812/812/812
f 813/813/813 814/814/814 815/815/815
f 818/818/818 817/817/817 816/816/816
f 817/817/817 818/818/818 819/819/819
f 822/822/822 821/821/821 820/820/820
f 821/821/821 822/822/822 823/823/823
f 826/826/826 825/825/825 824/824/824
f 825/825/825 826/826/826 827/827/827
f 830/830/830 829/829/829 828/828/828
f 829/829/829 830/830/830 831/831/831
f 834/834/834 833/833/833 832/832/832
f 833/833/833 834/834/834 835/835/835
f 838/838/838 837/837/837 836/836/836
f 837/837/837 838/838/838 839/839/839
f 842/842/842 841/841/841 840/840/840
f 841/841/841 842/842/842 843/843/843
f 846/846/846 845/845/845 844/844/844
f 845/845/845 846/846/846 847/847/847
f 850/850/850 849/849/849 848/848/848
f 849/849/849 850/850/850 851/851/851
f 854/854/854 853/853/853 852/852/852
f 853/853/853 854/854/854 855/855/855
f 858/858/858 857/857/857 856/856/856
f 857/857/857 858/858/858 859/859/859
f 862/862/862 861/861/861 860/860/860
f 861/861/861 862/862/862 863/863/863
f 866/866/866 865/865/865 864/864/864
f 865/865/865 866/866/866 867/867/867
f 870/870/870 869/869/869 868/868/868
f 869/869/869 870/870/870 871/871/871
f 874/874/874 873/873/873 872/872/872
f 873/873/873 874/874/874 875/875/875
f 878/878/878 877/877/877 876/876/876
f 877/877/877 878/878/878 879/879/879
f 882/882/882 881/881/881 880/880/880
f 881/881/881 882/882/882 883/883/883
f 886/886/886 885/885/885 884/884/884
f 885/885/885 886/886/886 887/887/887
f 890/890/890 889/889/889 888/888/888
f 889/889/889 890/890/890 891/891/891
f 894/894/894 893/893/893 892/892/892
f 893/893/893 894/894/894 895/895/895
f 898/898/898 897/897/897 896/896/896
f 897/897/897 898/898/898 899/899/899
f 902/902/902 901/901/901 900/900/900
f 901/901/901 902/902/902 903/903/903
f 906/906/906 905/905/905 904/904/904
f 905/905/905 906/906/906 907/907/907
f 910/910/910 909/909/909 908/908/908
f 909/909/909 910/910/910 911/911/911
f 914/914/914 913/913/913 912/912/912
f 913/913/913 914/914/914 915/915/915
f 918/918/918 917/917/917 916/916/916
f 917/917/917 918/918/918 919/919/919
f 922/922/922 921/921/921 920/920/920
f 921/921/921 922/922/922 923/923/923
f 926/926/926 925/925/925 924/924/924
f 925/925/925 926/926/926 927/927/927
f 930/930/930 929/929/929 928/928/928
f 929/929/929 930/930/930 931/931/931
f 934/934/934 933/933/933 932/932/932
f 933/933/933 934/934/934 935/935/935
f 938/938/938 937/937/937 936/936/936
f 937/937/937 938/938/938 939/939/939
f 942/942/942 941/941/941 940/940/940
f 941/941/941 942/942/942 943/943/943
f 946/946/946 945/945/945 944/944/944
f 945/945/945 946/946/946 947/947/947
f 950/950/950 949/949/949 948/948/948
f 949/949/949 950/950/950 951/951/951
f 954/954/954 953/953/953 952/952/952
f 953/953/953 954/954/954 955/955/955
f 958/958/958 957/957/957 956/956/956
f 957/957/957 958/958/958 959/959/959
f 962/962/962 961/961/961 960/960/960
f 961/961/961 962/962/962 963/963/963
f 966/966/966 965/965/965 964/964/964
f 965/965/965 966/966/966 967/967/967
f 970/970/970 969/969/969 968/968/968
f 969/969/969 970/970/970 971/971/971
f 974/974/974 973/973/973 972/972/972
f 973/973/973 974/974/974 975/975/975
f 978/978/978 977/977/977 976/976/976
f 977/977/977 978/978/978 979/979/979
f 982/982/982 981/981/981 980/980/980
f 981/981/981 982/982/982 983/983/983
f 986/986/986 985/985/985 984/984/984
f 985/985/985 986/986/986 987/987/987
f 990/990/990 989/989/989 988/988/988
f 989/989/989 990/990/990 991/991/991
f 994/994/994 993/993/993 992/992/992
f 993/993/993 994/994/994 995/995/995
f 998/998/998 997/997/997 996/996/996
f 997/997/997 998/998/998 999/999/999
f 1002/1002/1002 1001/1001/1001 1000/1000/1000
f 1001/1001/1001 1002/1002/1002 1003/1003/1003
f 1006/1006/1006 1005/1005/1005 1004/1004/1004
f 1005/1005/1005 1006/1006/1006 1007/1007/1007
f 1010/1010/1010 1009/1009/1009 1008/1008/1008
f 1009/1009/1009 1010/1010/1010 1011/1011/1011
f 1014/1014/1014 1013/1013/1013 1012/1012/1012
f 1013/1013/1013 1014/1014/1014 1015/1015/1015
f 1018/1018/1018 1017/1017/1017 1016/1016/1016
f 1017/1017/1017 1018/1018/1018 1019/1019/1019
f 1022/1022/1022 1021/1021/1021 1020/1020/1020
f 1021/1021/1021 1022/1022/1022 1023/1023/1023
f 1026/1026/1026 1025/1025/1025 1024/1024/1024
f 1025/1025/1025 1026/1026/1026 1027/1027/1027
f 1030/1030/1030 1029/1029/1029 1028/1028/1028
f 1029/1029/1029 1030/1030/1030 1031/1031/1031
f 1034/1034/1034 1033/1033/1033 1032/1032/1032
f 1033/1033/1033 1034/1034/1034 1035/1035/1035
f 1036/1036/1036 1035/1035/1035 1034/1034/1034
f 1039/1039/1039 1038/1038/1038 1037/1037/1037
f 1038/1038/1038 1039/1039/1039 1040/1040/1040
f 1043/1043/1043 1042/1042/1042 1041/1041/1041
f 1042/1042/1042 1043/1043/1043 1044/1044/1044
f 1047/1047/1047 1046/1046/1046 1045/1045/1045
f 1046/1046/1046 1047/1047/1047 1048/1048/1048
f 1051/1051/1051 1050/1050/1050 1049/1049/1049
f 1050/1050/1050 1051/1051/1051 1052/1052/1052
f 1055/1055/1055 1054/1054/1054 1053/1053/1053
f 1054/1054/1054 1055/1055/1055 1056/1056/1056
f 1059/1059/1059 1058/1058/1058 1057/1057/1057
f 1058/1058/1058 1059/1059/1059 1060/1060/1060
f 1063/1063/1063 1062/1062/1062 1061/1061/1061
f 1062/1062/1062 1063/1063/1063 1064/1064/1064
f 1067/1067/1067 1066/1066/1066 1065/1065/1065
f 1066/1066/1066 1067/1067/1067 1068/1068/1068
f 1071/1071/1071 1070/1070/1070 1069/1069/1069
f 1070/1070/1070 1071/1071/1071 1072/1072/1072
f 1075/1075/1075 1074/1074/1074 1073/1073/1073
f 1074/1074/1074 1075/1075/1075 1076/1076/1076
f 1079/1079/1079 1078/1078/1078 1077/1077/1077
f 1078/1078/1078 1079/1079/1079 1080/1080/1080
f 1083/1083/1083 1082/1082/1082 1081/1081/1081
f 1082/1082/1082 1083/1083/1083 1084/1084/1084
f 1087/1087/1087 1086/1086/1086 1085/1085/1085
f 1086/1086/1086 1087/1087/1087 1088/1088/1088
f 1091/1091/1091 1090/1090/1090 1089/1089/1089
f 1090/1090/1090 1091/1091/1091 1092/1092/1092
f 1095/1095/1095 1094/1094/1094 1093/1093/1093
f 1094/1094/1094 1095/1095/1095 1096/1096/1096
f 1099/1099/1099 1098/1098/1098 1097/1097/1097
f 1098/1098/1098 1099/1099/1099 1100/1100/1100
f 1103/1103/1103 1102/1102/1102 1101/1101/1101
f 1102/1102/1102 1103/1103/1103 1104/1104/1104
f 1107/1107/1107 1106/1106/1106 1105/1105/1105
f 1106/1106/1106 1107/1107/1107 1108/1108/1108
f 1111/1111/1111 1110/1110/1110 1109/1109/1109
f 1110/1110/1110 1111/1111/1111 1112/1112/1112
f 1115/1115/1115 1114/1114/1114 1113/1113/1113
f 1114/1114/1114 1115/1115/1115 1116/1116/1116
f 1119/1119/1119 1118/1118/1118 1117/1117/1117
f 1118/1118/1118 1119/1119/1119 1120/1120/1120
f 1123/1123/1123 1122/1122/1122 1121/1121/1121
f 1122/1122/1122 1123/1123/1123 1124/1124/1124
f 1127/1127/1127 1126/1126/1126 1125/1125/1125
f 1126/1126/1126 1127/1127/1127 1128/1128/1128
f 1131/1131/1131 1130/1130/1130 1129/1129/1129
f 1130/1130/1130 1131/1131/1131 1132/1132/1132
f 1135/1135/1135 1134/1134/1134 1133/1133/1133
f 1134/1134/1134 1135/1135/1135 1136/1136/1136
f 1139/1139/1139 1138/1138/1138 1137/1137/1137
f 1138/1138/1138 1139/1139/1139 1140/1140/1140
f 1143/1143/1143 1142/1142/1142 1141/1141/1141
f 1142/1142/1142 1143/1143/1143 1144/1144/1144
f 1147/1147/1147 1146/1146/1146 1145/1145/1145
f 1146/1146/1146 1147/1147/1147 1148/1148/1148
f 1151/1151/1151 1150/1150/1150 1149/1149/1149
f 1150/1150/1150 1151/1151/1151 1152/1152/1152
f 1155/1155/1155 1154/1154/1154 1153/1153/1153
f 1154/1154/1154 1155/1155/1155 1156/1156/1156
f 1159/1159/1159 1158/1158/1158 1157/1157/1157
f 1158/1158/1158 1159/1159/1159 1160/1160/1160
f 1163/1163/1163 1162/1162/1162 1161/1161/1161
f 1162/1162/1162 1163/1163/1163 1164/1164/1164
f 1167/1167/1167 1166/1166/1166 1165/1165/1165
f 1166/1166/1166 1167/1167/1167 1168/1168/1168
f 1171/1171/1171 1170/1170/1170 1169/1169/1169
f 1170/1170/1170 1171/1171/1171 1172/1172/1172
f 1175/1175/1175 1174/1174/1174 1173/1173/1173
f 1174/1174/1174 1175/1175/1175 1176/1176/1176
f 1179/1179/1179 1178/1178/1178 1177/1177/1177
f 1178/1178/1178 1179/1179/1179 1180/1180/1180
f 1183/1183/1183 1182/1182/1182 1181/1181/1181
f 1182/1182/1182 1183/1183/1183 1184/1184/1184
f 1187/1187/1187 1186/1186/1186 1185/1185/1185
f 1186/1186/1186 1187/1187/1187 1188/1188/1188
f 1191/1191/1191 1190/1190/1190 1189/1189/1189
f 1190/1190/1190 1191/1191/1191 1192/1192/1192
f 1195/1195/1195 1194/1194/1194 1193/1193/1193
f 1194/1194/1194 1195/1195/1195 1196/1196/1196
f 1199/1199/1199 1198/1198/1198 1197/1197/1197
f 1198/1198/1198 1199/1199/1199 1200/1200/1200
f 1203/1203/1203 1202/1202/1202 1201/1201/1201
f 1202/1202/1202 1203/1203/1203 1204/1204/1204
f 1207/1207/1207 1206/1206/1206 1205/1205/1205
f 1206/1206/1206 1207/1207/1207 1208/1208/1208
f 1211/1211/1211 1210/1210/1210 1209/1209/1209
f 1210/1210/1210 1211/1211/1211 1212/1212/1212
f 1215/1215/1215 1214/1214/1214 1213/1213/1213
f 1214/1214/1214 1215/1215/1215 1216/1216/1216
f 1219/1219/1219 1218/1218/1218 1217/1217/1217
f 1218/1218/1218 1219/1219/1219 1220/1220/1220
f 1223/1223/1223 1222/1222/1222 1221/1221/1221
f 1222/1222/1222 1223/1223/1223 1224/1224/1224
f 1227/1227/1227 1226/1226/1226 1225/1225/1225
f 1226/1226/1226 1227/1227/1227 1228/1228/1228
f 1231/1231/1231 1230/1230/1230 1229/1229/1229
f 1230/1230/1230 1231/1231/1231 1232/1232/1232
f 1235/1235/1235 1234/1234/1234 1233/1233/1233
f 1234/1234/1234 1235/1235/1235 1236/1236/1236
f 1239/1239/1239 1238/1238/1238 1237/1237/1237
f 1238/1238/1238 1239/1239/1239 1240/1240/1240
f 1243/1243/1243 1242/1242/1242 1241/1241/1241
f 1242/1242/1242 1243/1243/1243 1244/1244/1244
f 1247/1247/1247 1246/1246/1246 1245/1245/1245
f 1246/1246/1246 1247/1247/1247 1248/1248/1248
f 1251/1251/1251 1250/1250/1250 1249/1249/1249
f 1250/1250/1250 1251/1251/1251 1252/1252/1252
f 1255/1255/1255 1254/1254/1254 1253/1253/1253
f 1254/1254/1254 1255/1255/1255 1256/1256/1256
f 1259/1259/1259 1258/1258/1258 1257/1257/1257
f 1258/1258/1258 1259/1259/1259 1260/1260/1260
f 1263/1263/1263 1262/1262/1262 1261/1261/1261
f 1262/1262/1262 1263/1263/1263 1264/1264/1264
f 1267/1267/1267 1266/1266/1266 1265/1265/1265
f 1266/1266/1266 1267/1267/1267 1268/1268/1268
f 1271/1271/1271 1270/1270/1270 1269/1269/1269
f 1270/1270/1270 1271/1271/1271 1272/1272/1272
f 1275/1275/1275 1274/1274/1274 1273/1273/1273
f 1274/1274/1274 1275/1275/1275 1276/1276/1276
f 1279/1279/1279 1278/1278/1278 1277/1277/1277
f 1278/1278/1278 1279/1279/1279 1280/1280/1280
f 1283/1283/1283 1282/1282/1282 1281/1281/1281
f 1282/1282/1282 1283/1283/1283 1284/1284/1284
f 1287/1287/1287 1286/1286/1286 1285/1285/1285
f 1286/1286/1286 1287/1287/1287 1288/1288/1288
f 1291/1291/1291 1290/1290/1290 1289/1289/1289
f 1290/1290/1290 1291/1291/1291 1292/1292/1292
f 1295/1295/1295 1294/1294/1294 1293/1293/1293
f 1294/1294/1294 1295/1295/1295 1296/1296/1296
f 1299/1299/1299 1298/1298/1298 1297/1297/1297
f 1298/1298/1298 1299/1299/1299 1300/1300/1300
f 1303/1303/1303 1302/1302/1302 1301/1301/1301
f 1302/1302/1302 1303/1303/1303 1304/1304/1304
f 1307/1307/1307 1306/1306/1306 1305/1305/1305
f 1306/1306/1306 1307/1307/1307 1308/1308/1308
f 1311/1311/1311 1310/1310/1310 1309/1309/1309
f 1310/1310/1310 1311/1311/1311 1312/1312/1312
f 1315/1315/1315 1314/1314/1314 1313/1313/1313
f 1314/1314/1314 1315/1315/1315 1316/1316/1316
f 1319/1319/1319 1318/1318/1318 1317/1317/1317
f 1318/1318/1318 1319/1319/1319 1320/1320/1320
f 1323/1323/1323 1322/1322/1322 1321/1321/1321
f 1322/1322/1322 1323/1323/1323 1324/1324/1324
f 1327/1327/1327 1326/1326/1326 1325/1325/1325
f 1326/1326/1326 1327/1327/1327 1328/1328/1328
f 1331/1331/1331 1330/1330/1330 1329/1329/1329
f 1330/1330/1330 1331/1331/1331 1332/1332/1332
f 1335/1335/1335 1334/1334/1334 1333/1333/1333
f 1334/1334/1334 1335/1335/1335 1336/1336/1336
f 1339/1339/1339 1338/1338/1338 1337/1337/1337
f 1338/1338/1338 1339/1339/1339 1340/1340/1340
f 1343/1343/1343 1342/1342/1342 1341/1341/1341
f 1342/1342/1342 1343/1343/1343 1344/1344/1344
f 1347/1347/1347 1346/1346/1346 1345/1345/1345
f 1346/1346/1346 1347/1347/1347 1348/1348/1348
f 1351/1351/1351 1350/1350/1350 1349/1349/1349
f 1350/1350/1350 1351/1351/1351 1352/1352/1352
f 1355/1355/1355 1354/1354/1354 1353/1353/1353
f 1354/1354/1354 1355/1355/1355 1356/1356/1356
f 1359/1359/1359 1358/1358/1358 1357/1357/1357
f 1358/1358/1358 1359/1359/1359 1360/1360/1360
f 1363/1363/1363 1362/1362/1362 1361/1361/1361
f 1362/1362/1362 1363/1363/1363 1364/1364/1364
f 1367/1367/1367 1366/1366/1366 1365/1365/1365
f 1366/1366/1366 1367/1367/1367 1368/1368/1368
f 1371/1371/1371 1370/1370/1370 1369/1369/1369
f 1370/1370/1370 1371/1371/1371 1372/1372/1372
f 1375/1375/1375 1374/1374/1374 1373/1373/1373
f 1374/1374/1374 1375/1375/1375 1376/1376/1376
f 1379/1379/1379 1378/1378/1378 1377/1377/1377
f 1378/1378/1378 1379/1379/1379 1380/1380/1380
f 1383/1383/1383 1382/1382/1382 1381/1381/1381
f 1382/1382/1382 1383/1383/1383 1384/1384/1384
f 1387/1387/1387 1386/1386/1386 1385/1385/1385
f 1386/1386/1386 1387/1387/1387 1388/1388/1388
f 1391/1391/1391 1390/1390/1390 1389/1389/1389
f 1390/1390/1390 1391/1391/1391 1392/1392/1392
f 1395/1395/1395 1394/1394/1394 1393/1393/1393
f 1394/1394/1394 1395/1395/1395 1396/1396/1396
f 1399/1399/1399 1398/1398/1398 1397/1397/1397
f 1398/1398/1398 1399/1399/1399 1400/1400/1400
f 1403/1403/1403 1402/1402/1402 1401/1401/1401
f 1402/1402/1402 1403/1403/1403 1404/1404/1404
f 1407/1407/1407 1406/1406/1406 1405/1405/1405
f 1406/1406/1406 1407/1407/1407 1408/1408/1408
f 1411/1411/1411 1410/1410/1410 1409/1409/1409
f 1410/1410/1410 1411/1411/1411 1412/1412/1412
f 1415/1415/1415 1414/1414/1414 1413/1413/1413
f 1414/1414/1414 1415/1415/1415 1416/1416/1416
f 1419/1419/1419 1418/1418/1418 1417/1417/1417
f 1418/1418/1418 1419/1419/1419 1420/1420/1420
f 1423/1423/1423 1422/1422/1422 1421/1421/1421
f 1422/1422/1422 1423/1423/1423 1424/1424/1424
f 1427/1427/1427 1426/1426/1426 1425/1425/1425
f 1426/1426/1426 1427/1427/1427 1428/1428/1428
f 1431/1431/1431 1430/1430/1430 1429/1429/1429
f 1430/1430/1430 1431/1431/1431 1432/1432/1432
f 1435/1435/1435 1434/1434/1434 1433/1433/1433
f 1434/1434/1434 1435/1435/1435 1436/1436/1436
f 1439/1439/1439 1438/1438/1438 1437/1437/1437
f 1438/1438/1438 1439/1439/1439 1440/1440/1440
f 1443/1443/1443 1442/1442/1442 1441/1441/1441
f 1442/1442/1442 1443/1443/1443 1444/1444/1444
f 1447/1447/1447 1446/1446/1446 1445/1445/1445
f 1446/1446/1446 1447/1447/1447 1448/1448/1448
f 1451/1451/1451 1450/1450/1450 1449/1449/1449
f 1450/1450/1450 1451/1451/1451 1452/1452/1452
g A003_BF02_1
f 1455/1455/1455 1454/1454/1454 1453/1453/1453
f 1458/1458/1458 1457/1457/1457 1456/1456/1456
f 1461/1461/1461 1460/1460/1460 1459/1459/1459
f 1464/1464/1464 1463/1463/1463 1462/1462/1462
f 1467/1467/1467 1466/1466/1466 1465/1465/1465
f 1470/1470/1470 1469/1469/1469 1468/1468/1468
f 1473/1473/1473 1472/1472/1472 1471/1471/1471
f 1476/1476/1476 1475/1475/1475 1474/1474/1474
f 1479/1479/1479 1478/1478/1478 1477/1477/1477
f 1482/1482/1482 1481/1481/1481 1480/1480/1480
f 1485/1485/1485 1484/1484/1484 1483/1483/1483
f 1488/1488/1488 1487/1487/1487 1486/1486/1486
f 1491/1491/1491 1490/1490/1490 1489/1489/1489
f 1494/1494/1494 1493/1493/1493 1492/1492/1492
f 1497/1497/1497 1496/1496/1496 1495/1495/1495
f 1500/1500/1500 1499/1499/1499 1498/1498/1498
f 1503/1503/1503 1502/1502/1502 1501/1501/1501
f 1506/1506/1506 1505/1505/1505 1504/1504/1504
f 1509/1509/1509 1508/1508/1508 1507/1507/1507
f 1512/1512/1512 1511/1511/1511 1510/1510/1510
f 1515/1515/1515 1514/1514/1514 1513/1513/1513
f 1518/1518/1518 1517/1517/1517 1516/1516/1516
f 1521/1521/1521 1520/1520/1520 1519/1519/1519
f 1524/1524/1524 1523/1523/1523 1522/1522/1522
f 1527/1527/1527 1526/1526/1526 1525/1525/1525
f 1530/1530/1530 1529/1529/1529 1528/1528/1528
f 1533/1533/1533 1532/1532/1532 1531/1531/1531
f 1536/1536/1536 1535/1535/1535 1534/1534/1534
f 1539/1539/1539 1538/1538/1538 1537/1537/1537
f 1542/1542/1542 1541/1541/1541 1540/1540/1540
f 1545/1545/1545 1544/1544/1544 1543/1543/1543
f 1548/1548/1548 1547/1547/1547 1546/1546/1546
f 1551/1551/1551 1550/1550/1550 1549/1549/1549
f 1554/1554/1554 1553/1553/1553 1552/1552/1552
f 1557/1557/1557 1556/1556/1556 1555/1555/1555
f 1560/1560/1560 1559/1559/1559 1558/1558/1558
f 1563/1563/1563 1562/1562/1562 1561/1561/1561
f 1566/1566/1566 1565/1565/1565 1564/1564/1564
f 1569/1569/1569 1568/1568/1568 1567/1567/1567
f 1572/1572/1572 1571/1571/1571 1570/1570/1570
f 1575/1575/1575 1574/1574/1574 1573/1573/1573
f 1578/1578/1578 1577/1577/1577 1576/1576/1576
f 1581/1581/1581 1580/1580/1580 1579/1579/1579
f 1584/1584/1584 1583/1583/1583 1582/1582/1582
f 1587/1587/1587 1586/1586/1586 1585/1585/1585
f 1590/1590/1590 1589/1589/1589 1588/1588/1588
f 1593/1593/1593 1592/1592/1592 1591/1591/1591
f 1596/1596/1596 1595/1595/1595 1594/1594/1594
f 1599/1599/1599 1598/1598/1598 1597/1597/1597
f 1602/1602/1602 1601/1601/1601 1600/1600/1600
f 1605/1605/1605 1604/1604/1604 1603/1603/1603
f 1608/1608/1608 1607/1607/1607 1606/1606/1606
f 1611/1611/1611 1610/1610/1610 1609/1609/1609
f 1614/1614/1614 1613/1613/1613 1612/1612/1612
f 1617/1617/1617 1616/1616/1616 1615/1615/1615
f 1620/1620/1620 1619/1619/1619 1618/1618/1618
f 1623/1623/1623 1622/1622/1622 1621/1621/1621
f 1626/1626/1626 1625/1625/1625 1624/1624/1624
f 1629/1629/1629 1628/1628/1628 1627/1627/1627
f 1632/1632/1632 1631/1631/1631 1630/1630/1630
f 1635/1635/1635 1634/1634/1634 1633/1633/1633
f 1638/1638/1638 1637/1637/1637 1636/1636/1636
f 1641/1641/1641 1640/1640/1640 1639/1639/1639
f 1644/1644/1644 1643/1643/1643 1642/1642/1642
f 1647/1647/1647 1646/1646/1646 1645/1645/1645
f 1650/1650/1650 1649/1649/1649 1648/1648/1648
f 1653/1653/1653 1652/1652/1652 1651/1651/1651
f 1656/1656/1656 1655/1655/1655 1654/1654/1654
f 1659/1659/1659 1658/1658/1658 1657/1657/1657
f 1662/1662/1662 1661/1661/1661 1660/1660/1660
f 1665/1665/1665 1664/1664/1664 1663/1663/1663
f 1668/1668/1668 1667/1667/1667 1666/1666/1666
f 1671/1671/1671 1670/1670/1670 1669/1669/1669
f 1674/1674/1674 1673/1673/1673 1672/1672/1672
f 1677/1677/1677 1676/1676/1676 1675/1675/1675
f 1680/1680/1680 1679/1679/1679 1678/1678/1678
f 1683/1683/1683 1682/1682/1682 1681/1681/1681
f 1686/1686/1686 1685/1685/1685 1684/1684/1684
f 1689/1689/1689 1688/1688/1688 1687/1687/1687
f 1692/1692/1692 1691/1691/1691 1690/1690/1690
f 1695/1695/1695 1694/1694/1694 1693/1693/1693
f 1698/1698/1698 1697/1697/1697 1696/1696/1696
f 1701/1701/1701 1700/1700/1700 1699/1699/1699
f 1704/1704/1704 1703/1703/1703 1702/1702/1702
f 1707/1707/1707 1706/1706/1706 1705/1705/1705
f 1710/1710/1710 1709/1709/1709 1708/1708/1708
f 1713/1713/1713 1712/1712/1712 1711/1711/1711
f 1716/1716/1716 1715/1715/1715 1714/1714/1714
f 1719/1719/1719 1718/1718/1718 1717/1717/1717
f 1722/1722/1722 1721/1721/1721 1720/1720/1720
f 1725/1725/1725 1724/1724/1724 1723/1723/1723
f 1728/1728/1728 1727/1727/1727 1726/1726/1726
f 1731/1731/1731 1730/1730/1730 1729/1729/1729
f 1734/1734/1734 1733/1733/1733 1732/1732/1732
f 1737/1737/1737 1736/1736/1736 1735/1735/1735
f 1740/1740/1740 1739/1739/1739 1738/1738/1738
f 1743/1743/1743 1742/1742/1742 1741/1741/1741
f 1746/1746/1746 1745/1745/1745 1744/1744/1744
f 1749/1749/1749 1748/1748/1748 1747/1747/1747
f 1752/1752/1752 1751/1751/1751 1750/1750/1750
f 1755/1755/1755 1754/1754/1754 1753/1753/1753
f 1758/1758/1758 1757/1757/1757 1756/1756/1756
f 1761/1761/1761 1760/1760/1760 1759/1759/1759
f 1764/1764/1764 1763/1763/1763 1762/1762/1762
f 1767/1767/1767 1766/1766/1766 1765/1765/1765
f 1770/1770/1770 1769/1769/1769 1768/1768/1768
f 1773/1773/1773 1772/1772/1772 1771/1771/1771
f 1776/1776/1776 1775/1775/1775 1774/1774/1774
f 1779/1779/1779 1778/1778/1778 1777/1777/1777
f 1782/1782/1782 1781/1781/1781 1780/1780/1780
f 1785/1785/1785 1784/1784/1784 1783/1783/1783
f 1788/1788/1788 1787/1787/1787 1786/1786/1786
f 1791/1791/1791 1790/1790/1790 1789/1789/1789
f 1794/1794/1794 1793/1793/1793 1792/1792/1792
f 1797/1797/1797 1796/1796/1796 1795/1795/1795
f 1800/1800/1800 1799/1799/1799 1798/1798/1798
f 1803/1803/1803 1802/1802/1802 1801/1801/1801
f 1806/1806/1806 1805/1805/1805 1804/1804/1804
f 1809/1809/1809 1808/1808/1808 1807/1807/1807
f 1812/1812/1812 1811/1811/1811 1810/1810/1810
f 1815/1815/1815 1814/1814/1814 1813/1813/1813
f 1818/1818/1818 1817/1817/1817 1816/1816/1816
f 1821/1821/1821 1820/1820/1820 1819/1819/1819
f 1824/1824/1824 1823/1823/1823 1822/1822/1822
f 1827/1827/1827 1826/1826/1826 1825/1825/1825
f 1830/1830/1830 1829/1829/1829 1828/1828/1828
f 1833/1833/1833 1832/1832/1832 1831/1831/1831
f 1836/1836/1836 1835/1835/1835 1834/1834/1834
f 1839/1839/1839 1838/1838/1838 1837/1837/1837
f 1842/1842/1842 1841/1841/1841 1840/1840/1840
f 1845/1845/1845 1844/1844/1844 1843/1843/1843
f 1848/1848/1848 1847/1847/1847 1846/1846/1846
f 1851/1851/1851 1850/1850/1850 1849/1849/1849
f 1854/1854/1854 1853/1853/1853 1852/1852/1852
f 1857/1857/1857 1856/1856/1856 1855/1855/1855
f 1860/1860/1860 1859/1859/1859 1858/1858/1858
f 1863/1863/1863 1862/1862/1862 1861/1861/1861
f 1866/1866/1866 1865/1865/1865 1864/1864/1864
f 1869/1869/1869 1868/1868/1868 1867/1867/1867
f 1872/1872/1872 1871/1871/1871 1870/1870/1870
f 1875/1875/1875 1874/1874/1874 1873/1873/1873
f 1878/1878/1878 1877/1877/1877 1876/1876/1876
f 1881/1881/1881 1880/1880/1880 1879/1879/1879
f 1884/1884/1884 1883/1883/1883 1882/1882/1882
f 1887/1887/1887 1886/1886/1886 1885/1885/1885
f 1890/1890/1890 1889/1889/1889 1888/1888/1888
f 1893/1893/1893 1892/1892/1892 1891/1891/1891
f 1896/1896/1896 1895/1895/1895 1894/1894/1894
f 1899/1899/1899 1898/1898/1898 1897/1897/1897
f 1902/1902/1902 1901/1901/1901 1900/1900/1900
f 1905/1905/1905 1904/1904/1904 1903/1903/1903
f 1908/1908/1908 1907/1907/1907 1906/1906/1906
f 1911/1911/1911 1910/1910/1910 1909/1909/1909
f 1914/1914/1914 1913/1913/1913 1912/1912/1912
f 1917/1917/1917 1916/1916/1916 1915/1915/1915
f 1920/1920/1920 1919/1919/1919 1918/1918/1918
f 1923/1923/1923 1922/1922/1922 1921/1921/1921
f 1926/1926/1926 1925/1925/1925 1924/1924/1924
f 1929/1929/1929 1928/1928/1928 1927/1927/1927
f 1932/1932/1932 1931/1931/1931 1930/1930/1930
f 1935/1935/1935 1934/1934/1934 1933/1933/1933
f 1938/1938/1938 1937/1937/1937 1936/1936/1936
f 1941/1941/1941 1940/1940/1940 1939/1939/1939
f 1944/1944/1944 1943/1943/1943 1942/1942/1942
f 1947/1947/1947 1946/1946/1946 1945/1945/1945
f 1950/1950/1950 1949/1949/1949 1948/1948/1948
f 1953/1953/1953 1952/1952/1952 1951/1951/1951
f 1956/1956/1956 1955/1955/1955 1954/1954/1954
f 1959/1959/1959 1958/1958/1958 1957/1957/1957
f 1962/1962/1962 1961/1961/1961 1960/1960/1960
f 1965/1965/1965 1964/1964/1964 1963/1963/1963
f 1968/1968/1968 1967/1967/1967 1966/1966/1966
f 1971/1971/1971 1970/1970/1970 1969/1969/1969
f 1974/1974/1974 1973/1973/1973 1972/1972/1972
f 1977/1977/1977 1976/1976/1976 1975/1975/1975
f 1980/1980/1980 1979/1979/1979 1978/1978/1978
f 1983/1983/1983 1982/1982/1982 1981/1981/1981
f 1986/1986/1986 1985/1985/1985 1984/1984/1984
f 1989/1989/1989 1988/1988/1988 1987/1987/1987
f 1992/1992/1992 1991/1991/1991 1990/1990/1990
f 1995/1995/1995 1994/1994/1994 1993/1993/1993
f 1998/1998/1998 1997/1997/1997 1996/1996/1996
f 2001/2001/2001 2000/2000/2000 1999/1999/1999
f 2004/2004/2004 2003/2003/2003 2002/2002/2002
f 2007/2007/2007 2006/2006/2006 2005/2005/2005
f 2010/2010/2010 2009/2009/2009 2008/2008/2008
f 2013/2013/2013 2012/2012/2012 2011/2011/2011
f 2016/2016/2016 2015/2015/2015 2014/2014/2014
f 2019/2019/2019 2018/2018/2018 2017/2017/2017
f 2022/2022/2022 2021/2021/2021 2020/2020/2020
f 2025/2025/2025 2024/2024/2024 2023/2023/2023
f 2028/2028/2028 2027/2027/2027 2026/2026/2026
f 2031/2031/2031 2030/2030/2030 2029/2029/2029
f 2034/2034/2034 2033/2033/2033 2032/2032/2032
f 2037/2037/2037 2036/2036/2036 2035/2035/2035
f 2040/2040/2040 2039/2039/2039 2038/2038/2038
f 2043/2043/2043 2042/2042/2042 2041/2041/2041
f 2046/2046/2046 2045/2045/2045 2044/2044/2044
f 2049/2049/2049 2048/2048/2048 2047/2047/2047
f 2052/2052/2052 2051/2051/2051 2050/2050/2050
f 2055/2055/2055 2054/2054/2054 2053/2053/2053
f 2058/2058/2058 2057/2057/2057 2056/2056/2056
f 2061/2061/2061 2060/2060/2060 2059/2059/2059
f 2064/2064/2064 2063/2063/2063 2062/2062/2062
f 2067/2067/2067 2066/2066/2066 2065/2065/2065
f 2070/2070/2070 2069/2069/2069 2068/2068/2068
f 2073/2073/2073 2072/2072/2072 2071/2071/2071
f 2076/2076/2076 2075/2075/2075 2074/2074/2074
f 2079/2079/2079 2078/2078/2078 2077/2077/2077
f 2078/2078/2078 2079/2079/2079 2080/2080/2080
f 2083/2083/2083 2082/2082/2082 2081/2081/2081
f 2082/2082/2082 2083/2083/2083 2084/2084/2084
f 2087/2087/2087 2086/2086/2086 2085/2085/2085
f 2086/2086/2086 2087/2087/2087 2088/2088/2088
f 2091/2091/2091 2090/2090/2090 2089/2089/2089
f 2090/2090/2090 2091/2091/2091 2092/2092/2092
f 2095/2095/2095 2094/2094/2094 2093/2093/2093
f 2094/2094/2094 2095/2095/2095 2096/2096/2096
f 2099/2099/2099 2098/2098/2098 2097/2097/2097
f 2098/2098/2098 2099/2099/2099 2100/2100/2100
f 2103/2103/2103 2102/2102/2102 2101/2101/2101
f 2102/2102/2102 2103/2103/2103 2104/2104/2104
f 2107/2107/2107 2106/2106/2106 2105/2105/2105
f 2106/2106/2106 2107/2107/2107 2108/2108/2108
f 2111/2111/2111 2110/2110/2110 2109/2109/2109
f 2110/2110/2110 2111/2111/2111 2112/2112/2112
f 2115/2115/2115 2114/2114/2114 2113/2113/2113
f 2114/2114/2114 2115/2115/2115 2116/2116/2116
f 2119/2119/2119 2118/2118/2118 2117/2117/2117
f 2118/2118/2118 2119/2119/2119 2120/2120/2120
f 2123/2123/2123 2122/2122/2122 2121/2121/2121
f 2122/2122/2122 2123/2123/2123 2124/2124/2124
f 2127/2127/2127 2126/2126/2126 2125/2125/2125
f 2126/2126/2126 2127/2127/2127 2128/2128/2128
f 2131/2131/2131 2130/2130/2130 2129/2129/2129
f 2130/2130/2130 2131/2131/2131 2132/2132/2132
f 2135/2135/2135 2134/2134/2134 2133/2133/2133
f 2134/2134/2134 2135/2135/2135 2136/2136/2136
f 2139/2139/2139 2138/2138/2138 2137/2137/2137
f 2138/2138/2138 2139/2139/2139 2140/2140/2140
f 2143/2143/2143 2142/2142/2142 2141/2141/2141
f 2142/2142/2142 2143/2143/2143 2144/2144/2144
f 2147/2147/2147 2146/2146/2146 2145/2145/2145
f 2146/2146/2146 2147/2147/2147 2148/2148/2148
f 2151/2151/2151 2150/2150/2150 2149/2149/2149
f 2150/2150/2150 2151/2151/2151 2152/2152/2152
f 2155/2155/2155 2154/2154/2154 2153/2153/2153
f 2154/2154/2154 2155/2155/2155 2156/2156/2156
f 2159/2159/2159 2158/2158/2158 2157/2157/2157
f 2158/2158/2158 2159/2159/2159 2160/2160/2160
f 2163/2163/2163 2162/2162/2162 2161/2161/2161
f 2162/2162/2162 2163/2163/2163 2164/2164/2164
f 2167/2167/2167 2166/2166/2166 2165/2165/2165
f 2166/2166/2166 2167/2167/2167 2168/2168/2168
f 2171/2171/2171 2170/2170/2170 2169/2169/2169
f 2170/2170/2170 2171/2171/2171 2172/2172/2172
f 2175/2175/2175 2174/2174/2174 2173/2173/2173
f 2174/2174/2174 2175/2175/2175 2176/2176/2176
f 2179/2179/2179 2178/2178/2178 2177/2177/2177
f 2178/2178/2178 2179/2179/2179 2180/2180/2180
f 2183/2183/2183 2182/2182/2182 2181/2181/2181
f 2182/2182/2182 2183/2183/2183 2184/2184/2184
f 2187/2187/2187 2186/2186/2186 2185/2185/2185
f 2186/2186/2186 2187/2187/2187 2188/2188/2188
f 2191/2191/2191 2190/2190/2190 2189/2189/2189
f 2190/2190/2190 2191/2191/2191 2192/2192/2192
f 2195/2195/2195 2194/2194/2194 2193/2193/2193
f 2194/2194/2194 2195/2195/2195 2196/2196/2196
f 2199/2199/2199 2198/2198/2198 2197/2197/2197
f 2198/2198/2198 2199/2199/2199 2200/2200/2200
f 2203/2203/2203 2202/2202/2202 2201/2201/2201
f 2202/2202/2202 2203/2203/2203 2204/2204/2204
f 2207/2207/2207 2206/2206/2206 2205/2205/2205
f 2206/2206/2206 2207/2207/2207 2208/2208/2208
f 2211/2211/2211 2210/2210/2210 2209/2209/2209
f 2210/2210/2210 2211/2211/2211 2212/2212/2212
f 2215/2215/2215 2214/2214/2214 2213/2213/2213
f 2214/2214/2214 2215/2215/2215 2216/2216/2216
f 2219/2219/2219 2218/2218/2218 2217/2217/2217
f 2218/2218/2218 2219/2219/2219 2220/2220/2220
f 2223/2223/2223 2222/2222/2222 2221/2221/2221
f 2222/2222/2222 2223/2223/2223 2224/2224/2224
f 2227/2227/2227 2226/2226/2226 2225/2225/2225
f 2226/2226/2226 2227/2227/2227 2228/2228/2228
f 2231/2231/2231 2230/2230/2230 2229/2229/2229
f 2230/2230/2230 2231/2231/2231 2232/2232/2232
f 2235/2235/2235 2234/2234/2234 2233/2233/2233
f 2234/2234/2234 2235/2235/2235 2236/2236/2236
f 2239/2239/2239 2238/2238/2238 2237/2237/2237
f 2238/2238/2238 2239/2239/2239 2240/2240/2240
f 2243/2243/2243 2242/2242/2242 2241/2241/2241
f 2242/2242/2242 2243/2243/2243 2244/2244/2244
f 2247/2247/2247 2246/2246/2246 2245/2245/2245
f 2246/2246/2246 2247/2247/2247 2248/2248/2248
f 2251/2251/2251 2250/2250/2250 2249/2249/2249
f 2250/2250/2250 2251/2251/2251 2252/2252/2252
f 2255/2255/2255 2254/2254/2254 2253/2253/2253
f 2254/2254/2254 2255/2255/2255 2256/2256/2256
f 2259/2259/2259 2258/2258/2258 2257/2257/2257
f 2258/2258/2258 2259/2259/2259 2260/2260/2260
f 2263/2263/2263 2262/2262/2262 2261/2261/2261
f 2262/2262/2262 2263/2263/2263 2264/2264/2264
f 2267/2267/2267 2266/2266/2266 2265/2265/2265
f 2266/2266/2266 2267/2267/2267 2268/2268/2268
f 2271/2271/2271 2270/2270/2270 2269/2269/2269
f 2270/2270/2270 2271/2271/2271 2272/2272/2272
f 2275/2275/2275 2274/2274/2274 2273/2273/2273
f 2274/2274/2274 2275/2275/2275 2276/2276/2276
f 2279/2279/2279 2278/2278/2278 2277/2277/2277
f 2278/2278/2278 2279/2279/2279 2280/2280/2280
f 2283/2283/2283 2282/2282/2282 2281/2281/2281
f 2282/2282/2282 2283/2283/2283 2284/2284/2284
f 2287/2287/2287 2286/2286/2286 2285/2285/2285
f 2286/2286/2286 2287/2287/2287 2288/2288/2288
f 2291/2291/2291 2290/2290/2290 2289/2289/2289
f 2290/2290/2290 2291/2291/2291 2292/2292/2292
f 2295/2295/2295 2294/2294/2294 2293/2293/2293
f 2294/2294/2294 2295/2295/2295 2296/2296/2296
f 2299/2299/2299 2298/2298/2298 2297/2297/2297
f 2298/2298/2298 2299/2299/2299 2300/2300/2300
f 2303/2303/2303 2302/2302/2302 2301/2301/2301
f 2302/2302/2302 2303/2303/2303 2304/2304/2304
f 2307/2307/2307 2306/2306/2306 2305/2305/2305
f 2306/2306/2306 2307/2307/2307 2308/2308/2308
f 2311/2311/2311 2310/2310/2310 2309/2309/2309
f 2310/2310/2310 2311/2311/2311 2312/2312/2312
f 2315/2315/2315 2314/2314/2314 2313/2313/2313
f 2314/2314/2314 2315/2315/2315 2316/2316/2316
f 2319/2319/2319 2318/2318/2318 2317/2317/2317
f 2318/2318/2318 2319/2319/2319 2320/2320/2320
f 2323/2323/2323 2322/2322/2322 2321/2321/2321
f 2322/2322/2322 2323/2323/2323 2324/2324/2324
f 2327/2327/2327 2326/2326/2326 2325/2325/2325
f 2326/2326/2326 2327/2327/2327 2328/2328/2328
f 2331/2331/2331 2330/2330/2330 2329/2329/2329
f 2330/2330/2330 2331/2331/2331 2332/2332/2332
f 2335/2335/2335 2334/2334/2334 2333/2333/2333
f 2334/2334/2334 2335/2335/2335 2336/2336/2336
f 2339/2339/2339 2338/2338/2338 2337/2337/2337
f 2338/2338/2338 2339/2339/2339 2340/2340/2340
f 2343/2343/2343 2342/2342/2342 2341/2341/2341
f 2342/2342/2342 2343/2343/2343 2344/2344/2344
f 2347/2347/2347 2346/2346/2346 2345/2345/2345
f 2346/2346/2346 2347/2347/2347 2348/2348/2348
f 2351/2351/2351 2350/2350/2350 2349/2349/2349
f 2350/2350/2350 2351/2351/2351 2352/2352/2352
f 2355/2355/2355 2354/2354/2354 2353/2353/2353
f 2354/2354/2354 2355/2355/2355 2356/2356/2356
f 2359/2359/2359 2358/2358/2358 2357/2357/2357
f 2358/2358/2358 2359/2359/2359 2360/2360/2360
f 2363/2363/2363 2362/2362/2362 2361/2361/2361
f 2362/2362/2362 2363/2363/2363 2364/2364/2364
f 2367/2367/2367 2366/2366/2366 2365/2365/2365
f 2366/2366/2366 2367/2367/2367 2368/2368/2368
f 2371/2371/2371 2370/2370/2370 2369/2369/2369
f 2370/2370/2370 2371/2371/2371 2372/2372/2372
f 2375/2375/2375 2374/2374/2374 2373/2373/2373
f 2374/2374/2374 2375/2375/2375 2376/2376/2376
f 2379/2379/2379 2378/2378/2378 2377/2377/2377
f 2378/2378/2378 2379/2379/2379 2380/2380/2380
f 2383/2383/2383 2382/2382/2382 2381/2381/2381
f 2382/2382/2382 2383/2383/2383 2384/2384/2384
f 2387/2387/2387 2386/2386/2386 2385/2385/2385
f 2386/2386/2386 2387/2387/2387 2388/2388/2388
f 2391/2391/2391 2390/2390/2390 2389/2389/2389
f 2390/2390/2390 2391/2391/2391 2392/2392/2392
f 2395/2395/2395 2394/2394/2394 2393/2393/2393
f 2394/2394/2394 2395/2395/2395 2396/2396/2396
f 2399/2399/2399 2398/2398/2398 2397/2397/2397
f 2398/2398/2398 2399/2399/2399 2400/2400/2400
f 2403/2403/2403 2402/2402/2402 2401/2401/2401
f 2402/2402/2402 2403/2403/2403 2404/2404/2404
f 2407/2407/2407 2406/2406/2406 2405/2405/2405
f 2406/2406/2406 2407/2407/2407 2408/2408/2408
f 2411/2411/2411 2410/2410/2410 2409/2409/2409
f 2410/2410/2410 2411/2411/2411 2412/2412/2412
f 2415/2415/2415 2414/2414/2414 2413/2413/2413
f 2414/2414/2414 2415/2415/2415 2416/2416/2416
f 2419/2419/2419 2418/2418/2418 2417/2417/2417
f 2418/2418/2418 2419/2419/2419 2420/2420/2420
f 2423/2423/2423 2422/2422/2422 2421/2421/2421
f 2422/2422/2422 2423/2423/2423 2424/2424/2424
f 2427/2427/2427 2426/2426/2426 2425/2425/2425
f 2426/2426/2426 2427/2427/2427 2428/2428/2428
f 2431/2431/2431 2430/2430/2430 2429/2429/2429
f 2430/2430/2430 2431/2431/2431 2432/2432/2432
f 2435/2435/2435 2434/2434/2434 2433/2433/2433
f 2434/2434/2434 2435/2435/2435 2436/2436/2436
f 2439/2439/2439 2438/2438/2438 2437/2437/2437
f 2438/2438/2438 2439/2439/2439 2440/2440/2440
f 2443/2443/2443 2442/2442/2442 2441/2441/2441
f 2442/2442/2442 2443/2443/2443 2444/2444/2444
f 2447/2447/2447 2446/2446/2446 2445/2445/2445
f 2446/2446/2446 2447/2447/2447 2448/2448/2448
f 2451/2451/2451 2450/2450/2450 2449/2449/2449
f 2450/2450/2450 2451/2451/2451 2452/2452/2452
f 2455/2455/2455 2454/2454/2454 2453/2453/2453
f 2454/2454/2454 2455/2455/2455 2456/2456/2456
f 2459/2459/2459 2458/2458/2458 2457/2457/2457
f 2458/2458/2458 2459/2459/2459 2460/2460/2460
f 2463/2463/2463 2462/2462/2462 2461/2461/2461
f 2462/2462/2462 2463/2463/2463 2464/2464/2464
f 2467/2467/2467 2466/2466/2466 2465/2465/2465
f 2466/2466/2466 2467/2467/2467 2468/2468/2468
f 2471/2471/2471 2470/2470/2470 2469/2469/2469
f 2470/2470/2470 2471/2471/2471 2472/2472/2472
f 2475/2475/2475 2474/2474/2474 2473/2473/2473
f 2474/2474/2474 2475/2475/2475 2476/2476/2476
f 2479/2479/2479 2478/2478/2478 2477/2477/2477
f 2478/2478/2478 2479/2479/2479 2480/2480/2480
f 2483/2483/2483 2482/2482/2482 2481/2481/2481
f 2482/2482/2482 2483/2483/2483 2484/2484/2484
f 2487/2487/2487 2486/2486/2486 2485/2485/2485
f 2486/2486/2486 2487/2487/2487 2488/2488/2488
f 2491/2491/2491 2490/2490/2490 2489/2489/2489
f 2490/2490/2490 2491/2491/2491 2492/2492/2492
f 2495/2495/2495 2494/2494/2494 2493/2493/2493
f 2494/2494/2494 2495/2495/2495 2496/2496/2496
f 2499/2499/2499 2498/2498/2498 2497/2497/2497
f 2498/2498/2498 2499/2499/2499 2500/2500/2500
f 2503/2503/2503 2502/2502/2502 2501/2501/2501
f 2502/2502/2502 2503/2503/2503 2504/2504/2504
f 2507/2507/2507 2506/2506/2506 2505/2505/2505
f 2506/2506/2506 2507/2507/2507 2508/2508/2508
f 2511/2511/2511 2510/2510/2510 2509/2509/2509
f 2510/2510/2510 2511/2511/2511 2512/2512/2512
f 2515/2515/2515 2514/2514/2514 2513/2513/2513
f 2514/2514/2514 2515/2515/2515 2516/2516/2516
f 2519/2519/2519 2518/2518/2518 2517/2517/2517
f 2518/2518/2518 2519/2519/2519 2520/2520/2520
f 2523/2523/2523 2522/2522/2522 2521/2521/2521
f 2522/2522/2522 2523/2523/2523 2524/2524/2524
f 2527/2527/2527 2526/2526/2526 2525/2525/2525
f 2526/2526/2526 2527/2527/2527 2528/2528/2528
f 2531/2531/2531 2530/2530/2530 2529/2529/2529
f 2530/2530/2530 2531/2531/2531 2532/2532/2532
f 2535/2535/2535 2534/2534/2534 2533/2533/2533
f 2534/2534/2534 2535/2535/2535 2536/2536/2536
f 2539/2539/2539 2538/2538/2538 2537/2537/2537
f 2538/2538/2538 2539/2539/2539 2540/2540/2540
f 2543/2543/2543 2542/2542/2542 2541/2541/2541
f 2542/2542/2542 2543/2543/2543 2544/2544/2544
f 2547/2547/2547 2546/2546/2546 2545/2545/2545
f 2546/2546/2546 2547/2547/2547 2548/2548/2548
f 2551/2551/2551 2550/2550/2550 2549/2549/2549
f 2550/2550/2550 2551/2551/2551 2552/2552/2552
f 2555/2555/2555 2554/2554/2554 2553/2553/2553
f 2554/2554/2554 2555/2555/2555 2556/2556/2556
f 2559/2559/2559 2558/2558/2558 2557/2557/2557
f 2558/2558/2558 2559/2559/2559 2560/2560/2560
f 2563/2563/2563 2562/2562/2562 2561/2561/2561
f 2562/2562/2562 2563/2563/2563 2564/2564/2564
f 2567/2567/2567 2566/2566/2566 2565/2565/2565
f 2566/2566/2566 2567/2567/2567 2568/2568/2568
f 2571/2571/2571 2570/2570/2570 2569/2569/2569
f 2570/2570/2570 2571/2571/2571 2572/2572/2572
f 2575/2575/2575 2574/2574/2574 2573/2573/2573
f 2574/2574/2574 2575/2575/2575 2576/2576/2576
f 2579/2579/2579 2578/2578/2578 2577/2577/2577
f 2578/2578/2578 2579/2579/2579 2580/2580/2580
f 2583/2583/2583 2582/2582/2582 2581/2581/2581
f 2582/2582/2582 2583/2583/2583 2584/2584/2584
f 2587/2587/2587 2586/2586/2586 2585/2585/2585
f 2586/2586/2586 2587/2587/2587 2588/2588/2588
f 2591/2591/2591 2590/2590/2590 2589/2589/2589
f 2590/2590/2590 2591/2591/2591 2592/2592/2592
f 2595/2595/2595 2594/2594/2594 2593/2593/2593
f 2594/2594/2594 2595/2595/2595 2596/2596/2596
f 2599/2599/2599 2598/2598/2598 2597/2597/2597
f 2598/2598/2598 2599/2599/2599 2600/2600/2600
f 2603/2603/2603 2602/2602/2602 2601/2601/2601
f 2602/2602/2602 2603/2603/2603 2604/2604/2604
f 2607/2607/2607 2606/2606/2606 2605/2605/2605
f 2606/2606/2606 2607/2607/2607 2608/2608/2608
f 2611/2611/2611 2610/2610/2610 2609/2609/2609
f 2610/2610/2610 2611/2611/2611 2612/2612/2612
f 2615/2615/2615 2614/2614/2614 2613/2613/2613
f 2614/2614/2614 2615/2615/2615 2616/2616/2616
f 2619/2619/2619 2618/2618/2618 2617/2617/2617
f 2618/2618/2618 2619/2619/2619 2620/2620/2620
f 2623/2623/2623 2622/2622/2622 2621/2621/2621
f 2622/2622/2622 2623/2623/2623 2624/2624/2624
f 2627/2627/2627 2626/2626/2626 2625/2625/2625
f 2626/2626/2626 2627/2627/2627 2628/2628/2628
f 2631/2631/2631 2630/2630/2630 2629/2629/2629
f 2630/2630/2630 2631/2631/2631 2632/2632/2632
f 2635/2635/2635 2634/2634/2634 2633/2633/2633
f 2634/2634/2634 2635/2635/2635 2636/2636/2636
f 2639/2639/2639 2638/2638/2638 2637/2637/2637
f 2638/2638/2638 2639/2639/2639 2640/2640/2640
f 2643/2643/2643 2642/2642/2642 2641/2641/2641
f 2642/2642/2642 2643/2643/2643 2644/2644/2644
f 2647/2647/2647 2646/2646/2646 2645/2645/2645
f 2646/2646/2646 2647/2647/2647 2648/2648/2648
f 2651/2651/2651 2650/2650/2650 2649/2649/2649
f 2650/2650/2650 2651/2651/2651 2652/2652/2652
f 2655/2655/2655 2654/2654/2654 2653/2653/2653
f 2654/2654/2654 2655/2655/2655 2656/2656/2656
f 2659/2659/2659 2658/2658/2658 2657/2657/2657
f 2658/2658/2658 2659/2659/2659 2660/2660/2660
f 2663/2663/2663 2662/2662/2662 2661/2661/2661
f 2662/2662/2662 2663/2663/2663 2664/2664/2664
f 2667/2667/2667 2666/2666/2666 2665/2665/2665
f 2666/2666/2666 2667/2667/2667 2668/2668/2668
f 2671/2671/2671 2670/2670/2670 2669/2669/2669
f 2670/2670/2670 2671/2671/2671 2672/2672/2672
f 2675/2675/2675 2674/2674/2674 2673/2673/2673
f 2674/2674/2674 2675/2675/2675 2676/2676/2676
f 2679/2679/2679 2678/2678/2678 2677/2677/2677
f 2678/2678/2678 2679/2679/2679 2680/2680/2680
f 2683/2683/2683 2682/2682/2682 2681/2681/2681
f 2682/2682/2682 2683/2683/2683 2684/2684/2684
f 2687/2687/2687 2686/2686/2686 2685/2685/2685
f 2686/2686/2686 2687/2687/2687 2688/2688/2688
f 2691/2691/2691 2690/2690/2690 2689/2689/2689
f 2690/2690/2690 2691/2691/2691 2692/2692/2692
f 2695/2695/2695 2694/2694/2694 2693/2693/2693
f 2694/2694/2694 2695/2695/2695 2696/2696/2696
f 2699/2699/2699 2698/2698/2698 2697/2697/2697
f 2698/2698/2698 2699/2699/2699 2700/2700/2700
f 2703/2703/2703 2702/2702/2702 2701/2701/2701
f 2702/2702/2702 2703/2703/2703 2704/2704/2704
f 2707/2707/2707 2706/2706/2706 2705/2705/2705
f 2706/2706/2706 2707/2707/2707 2708/2708/2708
f 2711/2711/2711 2710/2710/2710 2709/2709/2709
f 2710/2710/2710 2711/2711/2711 2712/2712/2712
f 2715/2715/2715 2714/2714/2714 2713/2713/2713
f 2716/2716/2716 2714/2714/2714 2715/2715/2715
f 2719/2719/2719 2718/2718/2718 2717/2717/2717
f 2718/2718/2718 2719/2719/2719 2720/2720/2720
f 2723/2723/2723 2722/2722/2722 2721/2721/2721
f 2722/2722/2722 2723/2723/2723 2724/2724/2724
f 2727/2727/2727 2726/2726/2726 2725/2725/2725
f 2726/2726/2726 2727/2727/2727 2728/2728/2728
f 2731/2731/2731 2730/2730/2730 2729/2729/2729
f 2730/2730/2730 2731/2731/2731 2732/2732/2732
f 2735/2735/2735 2734/2734/2734 2733/2733/2733
f 2734/2734/2734 2735/2735/2735 2736/2736/2736
f 2739/2739/2739 2738/2738/2738 2737/2737/2737
f 2738/2738/2738 2739/2739/2739 2740/2740/2740
f 2743/2743/2743 2742/2742/2742 2741/2741/2741
f 2742/2742/2742 2743/2743/2743 2744/2744/2744
f 2747/2747/2747 2746/2746/2746 2745/2745/2745
f 2746/2746/2746 2747/2747/2747 2748/2748/2748
f 2751/2751/2751 2750/2750/2750 2749/2749/2749
f 2750/2750/2750 2751/2751/2751 2752/2752/2752
f 2755/2755/2755 2754/2754/2754 2753/2753/2753
f 2754/2754/2754 2755/2755/2755 2756/2756/2756
f 2759/2759/2759 2758/2758/2758 2757/2757/2757
f 2758/2758/2758 2759/2759/2759 2760/2760/2760
f 2763/2763/2763 2762/2762/2762 2761/2761/2761
f 2764/2764/2764 2762/2762/2762 2763/2763/2763
f 2767/2767/2767 2766/2766/2766 2765/2765/2765
f 2766/2766/2766 2767/2767/2767 2768/2768/2768
f 2771/2771/2771 2770/2770/2770 2769/2769/2769
f 2770/2770/2770 2771/2771/2771 2772/2772/2772
f 2775/2775/2775 2774/2774/2774 2773/2773/2773
f 2774/2774/2774 2775/2775/2775 2776/2776/2776
f 2779/2779/2779 2778/2778/2778 2777/2777/2777
f 2778/2778/2778 2779/2779/2779 2780/2780/2780
f 2783/2783/2783 2782/2782/2782 2781/2781/2781
f 2782/2782/2782 2783/2783/2783 2784/2784/2784
f 2787/2787/2787 2786/2786/2786 2785/2785/2785
f 2786/2786/2786 2787/2787/2787 2788/2788/2788
f 2791/2791/2791 2790/2790/2790 2789/2789/2789
f 2790/2790/2790 2791/2791/2791 2792/2792/2792
f 2795/2795/2795 2794/2794/2794 2793/2793/2793
f 2794/2794/2794 2795/2795/2795 2796/2796/2796
f 2799/2799/2799 2798/2798/2798 2797/2797/2797
f 2798/2798/2798 2799/2799/2799 2800/2800/2800
f 2803/2803/2803 2802/2802/2802 2801/2801/2801
f 2802/2802/2802 2803/2803/2803 2804/2804/2804
f 2807/2807/2807 2806/2806/2806 2805/2805/2805
f 2806/2806/2806 2807/2807/2807 2808/2808/2808
f 2811/2811/2811 2810/2810/2810 2809/2809/2809
f 2810/2810/2810 2811/2811/2811 2812/2812/2812
f 2815/2815/2815 2814/2814/2814 2813/2813/2813
f 2814/2814/2814 2815/2815/2815 2816/2816/2816
f 2819/2819/2819 2818/2818/2818 2817/2817/2817
f 2818/2818/2818 2819/2819/2819 2820/2820/2820
f 2823/2823/2823 2822/2822/2822 2821/2821/2821
f 2822/2822/2822 2823/2823/2823 2824/2824/2824
f 2827/2827/2827 2826/2826/2826 2825/2825/2825
f 2826/2826/2826 2827/2827/2827 2828/2828/2828
f 2831/2831/2831 2830/2830/2830 2829/2829/2829
f 2830/2830/2830 2831/2831/2831 2832/2832/2832
f 2835/2835/2835 2834/2834/2834 2833/2833/2833
f 2834/2834/2834 2835/2835/2835 2836/2836/2836
f 2839/2839/2839 2838/2838/2838 2837/2837/2837
f 2838/2838/2838 2839/2839/2839 2840/2840/2840
f 2843/2843/2843 2842/2842/2842 2841/2841/2841
f 2842/2842/2842 2843/2843/2843 2844/2844/2844
f 2847/2847/2847 2846/2846/2846 2845/2845/2845
f 2846/2846/2846 2847/2847/2847 2848/2848/2848
f 2851/2851/2851 2850/2850/2850 2849/2849/2849
f 2850/2850/2850 2851/2851/2851 2852/2852/2852
f 2855/2855/2855 2854/2854/2854 2853/2853/2853
f 2854/2854/2854 2855/2855/2855 2856/2856/2856
f 2859/2859/2859 2858/2858/2858 2857/2857/2857
f 2858/2858/2858 2859/2859/2859 2860/2860/2860
f 2863/2863/2863 2862/2862/2862 2861/2861/2861
f 2862/2862/2862 2863/2863/2863 2864/2864/2864
f 2867/2867/2867 2866/2866/2866 2865/2865/2865
f 2866/2866/2866 2867/2867/2867 2868/2868/2868
f 2871/2871/2871 2870/2870/2870 2869/2869/2869
f 2870/2870/2870 2871/2871/2871 2872/2872/2872
f 2875/2875/2875 2874/2874/2874 2873/2873/2873
f 2874/2874/2874 2875/2875/2875 2876/2876/2876
f 2879/2879/2879 2878/2878/2878 2877/2877/2877
f 2878/2878/2878 2879/2879/2879 2880/2880/2880
f 2883/2883/2883 2882/2882/2882 2881/2881/2881
f 2882/2882/2882 2883/2883/2883 2884/2884/2884
f 2887/2887/2887 2886/2886/2886 2885/2885/2885
f 2886/2886/2886 2887/2887/2887 2888/2888/2888
f 2891/2891/2891 2890/2890/2890 2889/2889/2889
f 2890/2890/2890 2891/2891/2891 2892/2892/2892
f 2895/2895/2895 2894/2894/2894 2893/2893/2893
f 2894/2894/2894 2895/2895/2895 2896/2896/2896
f 2899/2899/2899 2898/2898/2898 2897/2897/2897
f 2898/2898/2898 2899/2899/2899 2900/2900/2900
f 2903/2903/2903 2902/2902/2902 2901/2901/2901
f 2902/2902/2902 2903/2903/2903 2904/2904/2904
f 2907/2907/2907 2906/2906/2906 2905/2905/2905
f 2906/2906/2906 2907/2907/2907 2908/2908/2908
f 2911/2911/2911 2910/2910/2910 2909/2909/2909
f 2910/2910/2910 2911/2911/2911 2912/2912/2912
f 2915/2915/2915 2914/2914/2914 2913/2913/2913
f 2914/2914/2914 2915/2915/2915 2916/2916/2916
f 2919/2919/2919 2918/2918/2918 2917/2917/2917
f 2918/2918/2918 2919/2919/2919 2920/2920/2920
f 2923/2923/2923 2922/2922/2922 2921/2921/2921
f 2922/2922/2922 2923/2923/2923 2924/2924/2924
f 2927/2927/2927 2926/2926/2926 2925/2925/2925
f 2926/2926/2926 2927/2927/2927 2928/2928/2928
f 2931/2931/2931 2930/2930/2930 2929/2929/2929
f 2930/2930/2930 2931/2931/2931 2932/2932/2932
f 2935/2935/2935 2934/2934/2934 2933/2933/2933
f 2934/2934/2934 2935/2935/2935 2936/2936/2936
f 2939/2939/2939 2938/2938/2938 2937/2937/2937
f 2938/2938/2938 2939/2939/2939 2940/2940/2940
f 2943/2943/2943 2942/2942/2942 2941/2941/2941
f 2942/2942/2942 2943/2943/2943 2944/2944/2944
f 2947/2947/2947 2946/2946/2946 2945/2945/2945
f 2946/2946/2946 2947/2947/2947 2948/2948/2948
f 2951/2951/2951 2950/2950/2950 2949/2949/2949
f 2950/2950/2950 2951/2951/2951 2952/2952/2952
f 2955/2955/2955 2954/2954/2954 2953/2953/2953
f 2954/2954/2954 2955/2955/2955 2956/2956/2956
g A003_BF02_2
f 2959/2959/2959 2958/2958/2958 2957/2957/2957
f 2958/2958/2958 2959/2959/2959 2960/2960/2960
f 2963/2963/2963 2962/2962/2962 2961/2961/2961
f 2962/2962/2962 2963/2963/2963 2964/2964/2964
f 2967/2967/2967 2966/2966/2966 2965/2965/2965
f 2966/2966/2966 2967/2967/2967 2968/2968/2968
f 2971/2971/2971 2970/2970/2970 2969/2969/2969
f 2970/2970/2970 2971/2971/2971 2972/2972/2972
f 2975/2975/2975 2974/2974/2974 2973/2973/2973
f 2974/2974/2974 2975/2975/2975 2976/2976/2976
f 2979/2979/2979 2978/2978/2978 2977/2977/2977
f 2978/2978/2978 2979/2979/2979 2980/2980/2980
f 2983/2983/2983 2982/2982/2982 2981/2981/2981
f 2982/2982/2982 2983/2983/2983 2984/2984/2984
f 2987/2987/2987 2986/2986/2986 2985/2985/2985
f 2986/2986/2986 2987/2987/2987 2988/2988/2988
f 2991/2991/2991 2990/2990/2990 2989/2989/2989
f 2990/2990/2990 2991/2991/2991 2992/2992/2992
f 2995/2995/2995 2994/2994/2994 2993/2993/2993
f 2994/2994/2994 2995/2995/2995 2996/2996/2996
f 2999/2999/2999 2998/2998/2998 2997/2997/2997
f 2998/2998/2998 2999/2999/2999 3000/3000/3000
f 3003/3003/3003 3002/3002/3002 3001/3001/3001
f 3002/3002/3002 3003/3003/3003 3004/3004/3004
f 3007/3007/3007 3006/3006/3006 3005/3005/3005
f 3006/3006/3006 3007/3007/3007 3008/3008/3008
f 3011/3011/3011 3010/3010/3010 3009/3009/3009
f 3010/3010/3010 3011/3011/3011 3012/3012/3012
f 3015/3015/3015 3014/3014/3014 3013/3013/3013
f 3014/3014/3014 3015/3015/3015 3016/3016/3016
f 3019/3019/3019 3018/3018/3018 3017/3017/3017
f 3018/3018/3018 3019/3019/3019 3020/3020/3020
f 3023/3023/3023 3022/3022/3022 3021/3021/3021
f 3022/3022/3022 3023/3023/3023 3024/3024/3024
f 3027/3027/3027 3026/3026/3026 3025/3025/3025
f 3026/3026/3026 3027/3027/3027 3028/3028/3028
f 3031/3031/3031 3030/3030/3030 3029/3029/3029
f 3030/3030/3030 3031/3031/3031 3032/3032/3032
f 3035/3035/3035 3034/3034/3034 3033/3033/3033
f 3034/3034/3034 3035/3035/3035 3036/3036/3036
f 3039/3039/3039 3038/3038/3038 3037/3037/3037
f 3038/3038/3038 3039/3039/3039 3040/3040/3040
f 3043/3043/3043 3042/3042/3042 3041/3041/3041
f 3042/3042/3042 3043/3043/3043 3044/3044/3044
f 3047/3047/3047 3046/3046/3046 3045/3045/3045
f 3046/3046/3046 3047/3047/3047 3048/3048/3048
g A003_BF02_3
f 3051/3051/3051 3050/3050/3050 3049/3049/3049
f 3050/3050/3050 3051/3051/3051 3052/3052/3052
f 3055/3055/3055 3054/3054/3054 3053/3053/3053
f 3054/3054/3054 3055/3055/3055 3056/3056/3056
f 3059/3059/3059 3058/3058/3058 3057/3057/3057
f 3058/3058/3058 3059/3059/3059 3060/3060/3060
f 3063/3063/3063 3062/3062/3062 3061/3061/3061
f 3062/3062/3062 3063/3063/3063 3064/3064/3064
f 3067/3067/3067 3066/3066/3066 3065/3065/3065
f 3066/3066/3066 3067/3067/3067 3068/3068/3068
f 3071/3071/3071 3070/3070/3070 3069/3069/3069
f 3070/3070/3070 3071/3071/3071 3072/3072/3072
f 3075/3075/3075 3074/3074/3074 3073/3073/3073
f 3074/3074/3074 3075/3075/3075 3076/3076/3076
f 3079/3079/3079 3078/3078/3078 3077/3077/3077
f 3078/3078/3078 3079/3079/3079 3080/3080/3080
f 3083/3083/3083 3082/3082/3082 3081/3081/3081
f 3082/3082/3082 3083/3083/3083 3084/3084/3084
f 3087/3087/3087 3086/3086/3086 3085/3085/3085
f 3086/3086/3086 3087/3087/3087 3088/3088/3088
f 3091/3091/3091 3090/3090/3090 3089/3089/3089
f 3090/3090/3090 3091/3091/3091 3092/3092/3092
f 3095/3095/3095 3094/3094/3094 3093/3093/3093
f 3094/3094/3094 3095/3095/3095 3096/3096/3096
f 3099/3099/3099 3098/3098/3098 3097/3097/3097
f 3098/3098/3098 3099/3099/3099 3100/3100/3100
f 3103/3103/3103 3102/3102/3102 3101/3101/3101
f 3102/3102/3102 3103/3103/3103 3104/3104/3104
f 3107/3107/3107 3106/3106/3106 3105/3105/3105
f 3106/3106/3106 3107/3107/3107 3108/3108/3108
f 3111/3111/3111 3110/3110/3110 3109/3109/3109
f 3110/3110/3110 3111/3111/3111 3112/3112/3112
f 3115/3115/3115 3114/3114/3114 3113/3113/3113
f 3114/3114/3114 3115/3115/3115 3116/3116/3116
f 3119/3119/3119 3118/3118/3118 3117/3117/3117
f 3118/3118/3118 3119/3119/3119 3120/3120/3120
f 3123/3123/3123 3122/3122/3122 3121/3121/3121
f 3122/3122/3122 3123/3123/3123 3124/3124/3124
f 3127/3127/3127 3126/3126/3126 3125/3125/3125
f 3126/3126/3126 3127/3127/3127 3128/3128/3128
f 3131/3131/3131 3130/3130/3130 3129/3129/3129
f 3130/3130/3130 3131/3131/3131 3132/3132/3132
f 3135/3135/3135 3134/3134/3134 3133/3133/3133
f 3134/3134/3134 3135/3135/3135 3136/3136/3136
f 3139/3139/3139 3138/3138/3138 3137/3137/3137
f 3138/3138/3138 3139/3139/3139 3140/3140/3140
